asset,time,AdrActCnt
dai,2020-01-01T00:00:00.000000000Z,1173
dai,2020-01-02T00:00:00.000000000Z,1570
dai,2020-01-03T00:00:00.000000000Z,1827
dai,2020-01-04T00:00:00.000000000Z,1571
dai,2020-01-05T00:00:00.000000000Z,1673
dai,2020-01-06T00:00:00.000000000Z,2366
dai,2020-01-07T00:00:00.000000000Z,2480
dai,2020-01-08T00:00:00.000000000Z,2702
dai,2020-01-09T00:00:00.000000000Z,2601
dai,2020-01-10T00:00:00.000000000Z,2537
dai,2020-01-11T00:00:00.000000000Z,2018
dai,2020-01-12T00:00:00.000000000Z,1939
dai,2020-01-13T00:00:00.000000000Z,2386
dai,2020-01-14T00:00:00.000000000Z,3603
dai,2020-01-15T00:00:00.000000000Z,3111
dai,2020-01-16T00:00:00.000000000Z,3372
dai,2020-01-17T00:00:00.000000000Z,5969
dai,2020-01-18T00:00:00.000000000Z,4828
dai,2020-01-19T00:00:00.000000000Z,3866
dai,2020-01-20T00:00:00.000000000Z,2813
dai,2020-01-21T00:00:00.000000000Z,3177
dai,2020-01-22T00:00:00.000000000Z,2557
dai,2020-01-23T00:00:00.000000000Z,2476
dai,2020-01-24T00:00:00.000000000Z,2617
dai,2020-01-25T00:00:00.000000000Z,2091
dai,2020-01-26T00:00:00.000000000Z,2198
dai,2020-01-27T00:00:00.000000000Z,2974
dai,2020-01-28T00:00:00.000000000Z,3106
dai,2020-01-29T00:00:00.000000000Z,3246
dai,2020-01-30T00:00:00.000000000Z,3272
dai,2020-01-31T00:00:00.000000000Z,3365
dai,2020-02-01T00:00:00.000000000Z,2946
dai,2020-02-02T00:00:00.000000000Z,3027
dai,2020-02-03T00:00:00.000000000Z,3262
dai,2020-02-04T00:00:00.000000000Z,3461
dai,2020-02-05T00:00:00.000000000Z,4067
dai,2020-02-06T00:00:00.000000000Z,4425
dai,2020-02-07T00:00:00.000000000Z,4389
dai,2020-02-08T00:00:00.000000000Z,3492
dai,2020-02-09T00:00:00.000000000Z,3745
dai,2020-02-10T00:00:00.000000000Z,4060
dai,2020-02-11T00:00:00.000000000Z,4180
dai,2020-02-12T00:00:00.000000000Z,5630
dai,2020-02-13T00:00:00.000000000Z,4430
dai,2020-02-14T00:00:00.000000000Z,5011
dai,2020-02-15T00:00:00.000000000Z,4468
dai,2020-02-16T00:00:00.000000000Z,3990
dai,2020-02-17T00:00:00.000000000Z,4389
dai,2020-02-18T00:00:00.000000000Z,4603
dai,2020-02-19T00:00:00.000000000Z,4358
dai,2020-02-20T00:00:00.000000000Z,4591
dai,2020-02-21T00:00:00.000000000Z,3888
dai,2020-02-22T00:00:00.000000000Z,3386
dai,2020-02-23T00:00:00.000000000Z,3387
dai,2020-02-24T00:00:00.000000000Z,4014
dai,2020-02-25T00:00:00.000000000Z,4223
dai,2020-02-26T00:00:00.000000000Z,5382
dai,2020-02-27T00:00:00.000000000Z,4713
dai,2020-02-28T00:00:00.000000000Z,4017
dai,2020-02-29T00:00:00.000000000Z,2823
dai,2020-03-01T00:00:00.000000000Z,3697
dai,2020-03-02T00:00:00.000000000Z,3977
dai,2020-03-03T00:00:00.000000000Z,3670
dai,2020-03-04T00:00:00.000000000Z,4140
dai,2020-03-05T00:00:00.000000000Z,4648
dai,2020-03-06T00:00:00.000000000Z,4132
dai,2020-03-07T00:00:00.000000000Z,3142
dai,2020-03-08T00:00:00.000000000Z,3907
dai,2020-03-09T00:00:00.000000000Z,5451
dai,2020-03-10T00:00:00.000000000Z,4054
dai,2020-03-11T00:00:00.000000000Z,4450
dai,2020-03-12T00:00:00.000000000Z,8187
dai,2020-03-13T00:00:00.000000000Z,8851
dai,2020-03-14T00:00:00.000000000Z,4429
dai,2020-03-15T00:00:00.000000000Z,4793
dai,2020-03-16T00:00:00.000000000Z,6392
dai,2020-03-17T00:00:00.000000000Z,3724
dai,2020-03-18T00:00:00.000000000Z,3253
dai,2020-03-19T00:00:00.000000000Z,3906
dai,2020-03-20T00:00:00.000000000Z,3494
dai,2020-03-21T00:00:00.000000000Z,2256
dai,2020-03-22T00:00:00.000000000Z,2379
dai,2020-03-23T00:00:00.000000000Z,3025
dai,2020-03-24T00:00:00.000000000Z,2861
dai,2020-03-25T00:00:00.000000000Z,2738
dai,2020-03-26T00:00:00.000000000Z,2864
dai,2020-03-27T00:00:00.000000000Z,2795
dai,2020-03-28T00:00:00.000000000Z,2724
dai,2020-03-29T00:00:00.000000000Z,2202
dai,2020-03-30T00:00:00.000000000Z,2672
dai,2020-03-31T00:00:00.000000000Z,2842
dai,2020-04-01T00:00:00.000000000Z,3069
dai,2020-04-02T00:00:00.000000000Z,3494
dai,2020-04-03T00:00:00.000000000Z,3050
dai,2020-04-04T00:00:00.000000000Z,2563
dai,2020-04-05T00:00:00.000000000Z,2411
dai,2020-04-06T00:00:00.000000000Z,4225
dai,2020-04-07T00:00:00.000000000Z,4071
dai,2020-04-08T00:00:00.000000000Z,3161
dai,2020-04-09T00:00:00.000000000Z,2955
dai,2020-04-10T00:00:00.000000000Z,3534
dai,2020-04-11T00:00:00.000000000Z,2338
dai,2020-04-12T00:00:00.000000000Z,2243
dai,2020-04-13T00:00:00.000000000Z,2663
dai,2020-04-14T00:00:00.000000000Z,2498
dai,2020-04-15T00:00:00.000000000Z,2821
dai,2020-04-16T00:00:00.000000000Z,3353
dai,2020-04-17T00:00:00.000000000Z,2676
dai,2020-04-18T00:00:00.000000000Z,2995
dai,2020-04-19T00:00:00.000000000Z,2935
dai,2020-04-20T00:00:00.000000000Z,3350
dai,2020-04-21T00:00:00.000000000Z,3021
dai,2020-04-22T00:00:00.000000000Z,3318
dai,2020-04-23T00:00:00.000000000Z,3963
dai,2020-04-24T00:00:00.000000000Z,3634
dai,2020-04-25T00:00:00.000000000Z,3072
dai,2020-04-26T00:00:00.000000000Z,2828
dai,2020-04-27T00:00:00.000000000Z,3554
dai,2020-04-28T00:00:00.000000000Z,3640
dai,2020-04-29T00:00:00.000000000Z,4780
dai,2020-04-30T00:00:00.000000000Z,4534
dai,2020-05-01T00:00:00.000000000Z,3842
dai,2020-05-02T00:00:00.000000000Z,3065
dai,2020-05-03T00:00:00.000000000Z,2937
dai,2020-05-04T00:00:00.000000000Z,3473
dai,2020-05-05T00:00:00.000000000Z,3741
dai,2020-05-06T00:00:00.000000000Z,3518
dai,2020-05-07T00:00:00.000000000Z,3964
dai,2020-05-08T00:00:00.000000000Z,3715
dai,2020-05-09T00:00:00.000000000Z,3212
dai,2020-05-10T00:00:00.000000000Z,4183
dai,2020-05-11T00:00:00.000000000Z,4114
dai,2020-05-12T00:00:00.000000000Z,3457
dai,2020-05-13T00:00:00.000000000Z,3347
dai,2020-05-14T00:00:00.000000000Z,3601
dai,2020-05-15T00:00:00.000000000Z,3926
dai,2020-05-16T00:00:00.000000000Z,2874
dai,2020-05-17T00:00:00.000000000Z,2913
dai,2020-05-18T00:00:00.000000000Z,4026
dai,2020-05-19T00:00:00.000000000Z,3529
dai,2020-05-20T00:00:00.000000000Z,3757
dai,2020-05-21T00:00:00.000000000Z,3837
dai,2020-05-22T00:00:00.000000000Z,3909
dai,2020-05-23T00:00:00.000000000Z,2906
dai,2020-05-24T00:00:00.000000000Z,2452
dai,2020-05-25T00:00:00.000000000Z,2995
dai,2020-05-26T00:00:00.000000000Z,4072
dai,2020-05-27T00:00:00.000000000Z,3611
dai,2020-05-28T00:00:00.000000000Z,3633
dai,2020-05-29T00:00:00.000000000Z,4124
dai,2020-05-30T00:00:00.000000000Z,3315
dai,2020-05-31T00:00:00.000000000Z,3079
dai,2020-06-01T00:00:00.000000000Z,4184
dai,2020-06-02T00:00:00.000000000Z,5674
dai,2020-06-03T00:00:00.000000000Z,4222
dai,2020-06-04T00:00:00.000000000Z,4162
dai,2020-06-05T00:00:00.000000000Z,4038
dai,2020-06-06T00:00:00.000000000Z,3025
dai,2020-06-07T00:00:00.000000000Z,2728
dai,2020-06-08T00:00:00.000000000Z,4039
dai,2020-06-09T00:00:00.000000000Z,5079
dai,2020-06-10T00:00:00.000000000Z,3968
dai,2020-06-11T00:00:00.000000000Z,4788
dai,2020-06-12T00:00:00.000000000Z,4423
dai,2020-06-13T00:00:00.000000000Z,3057
dai,2020-06-14T00:00:00.000000000Z,3274
dai,2020-06-15T00:00:00.000000000Z,6819
dai,2020-06-16T00:00:00.000000000Z,4315
dai,2020-06-17T00:00:00.000000000Z,4212
dai,2020-06-18T00:00:00.000000000Z,4380
dai,2020-06-19T00:00:00.000000000Z,5521
dai,2020-06-20T00:00:00.000000000Z,5170
dai,2020-06-21T00:00:00.000000000Z,3965
dai,2020-06-22T00:00:00.000000000Z,6004
dai,2020-06-23T00:00:00.000000000Z,5007
dai,2020-06-24T00:00:00.000000000Z,5341
dai,2020-06-25T00:00:00.000000000Z,5691
dai,2020-06-26T00:00:00.000000000Z,5697
dai,2020-06-27T00:00:00.000000000Z,4464
dai,2020-06-28T00:00:00.000000000Z,4007
dai,2020-06-29T00:00:00.000000000Z,5372
dai,2020-06-30T00:00:00.000000000Z,4813
dai,2020-07-01T00:00:00.000000000Z,6759
dai,2020-07-02T00:00:00.000000000Z,7471
dai,2020-07-03T00:00:00.000000000Z,8200
dai,2020-07-04T00:00:00.000000000Z,5405
dai,2020-07-05T00:00:00.000000000Z,4375
dai,2020-07-06T00:00:00.000000000Z,6725
dai,2020-07-07T00:00:00.000000000Z,6839
dai,2020-07-08T00:00:00.000000000Z,6987
dai,2020-07-09T00:00:00.000000000Z,5446
dai,2020-07-10T00:00:00.000000000Z,4851
dai,2020-07-11T00:00:00.000000000Z,4012
dai,2020-07-12T00:00:00.000000000Z,3997
dai,2020-07-13T00:00:00.000000000Z,7509
dai,2020-07-14T00:00:00.000000000Z,6357
dai,2020-07-15T00:00:00.000000000Z,6043
dai,2020-07-16T00:00:00.000000000Z,5674
dai,2020-07-17T00:00:00.000000000Z,5874
dai,2020-07-18T00:00:00.000000000Z,4313
dai,2020-07-19T00:00:00.000000000Z,5108
dai,2020-07-20T00:00:00.000000000Z,6604
dai,2020-07-21T00:00:00.000000000Z,6873
dai,2020-07-22T00:00:00.000000000Z,6441
dai,2020-07-23T00:00:00.000000000Z,7847
dai,2020-07-24T00:00:00.000000000Z,8600
dai,2020-07-25T00:00:00.000000000Z,6858
dai,2020-07-26T00:00:00.000000000Z,5970
dai,2020-07-27T00:00:00.000000000Z,6946
dai,2020-07-28T00:00:00.000000000Z,7458
dai,2020-07-29T00:00:00.000000000Z,8123
dai,2020-07-30T00:00:00.000000000Z,7322
dai,2020-07-31T00:00:00.000000000Z,7837
dai,2020-08-01T00:00:00.000000000Z,8675
dai,2020-08-02T00:00:00.000000000Z,7768
dai,2020-08-03T00:00:00.000000000Z,9860
dai,2020-08-04T00:00:00.000000000Z,8196
dai,2020-08-05T00:00:00.000000000Z,7113
dai,2020-08-06T00:00:00.000000000Z,7394
dai,2020-08-07T00:00:00.000000000Z,7064
dai,2020-08-08T00:00:00.000000000Z,5429
dai,2020-08-09T00:00:00.000000000Z,5337
dai,2020-08-10T00:00:00.000000000Z,6454
dai,2020-08-11T00:00:00.000000000Z,6724
dai,2020-08-12T00:00:00.000000000Z,6791
dai,2020-08-13T00:00:00.000000000Z,7184
dai,2020-08-14T00:00:00.000000000Z,7579
dai,2020-08-15T00:00:00.000000000Z,6155
dai,2020-08-16T00:00:00.000000000Z,6951
dai,2020-08-17T00:00:00.000000000Z,5733
dai,2020-08-18T00:00:00.000000000Z,6211
dai,2020-08-19T00:00:00.000000000Z,6591
dai,2020-08-20T00:00:00.000000000Z,6764
dai,2020-08-21T00:00:00.000000000Z,6444
dai,2020-08-22T00:00:00.000000000Z,5432
dai,2020-08-23T00:00:00.000000000Z,4900
dai,2020-08-24T00:00:00.000000000Z,7053
dai,2020-08-25T00:00:00.000000000Z,6592
dai,2020-08-26T00:00:00.000000000Z,5962
dai,2020-08-27T00:00:00.000000000Z,6010
dai,2020-08-28T00:00:00.000000000Z,5812
dai,2020-08-29T00:00:00.000000000Z,5531
dai,2020-08-30T00:00:00.000000000Z,5109
dai,2020-08-31T00:00:00.000000000Z,5951
dai,2020-09-01T00:00:00.000000000Z,6258
dai,2020-09-02T00:00:00.000000000Z,6356
dai,2020-09-03T00:00:00.000000000Z,7122
dai,2020-09-04T00:00:00.000000000Z,8666
dai,2020-09-05T00:00:00.000000000Z,8825
dai,2020-09-06T00:00:00.000000000Z,6951
dai,2020-09-07T00:00:00.000000000Z,7414
dai,2020-09-08T00:00:00.000000000Z,7339
dai,2020-09-09T00:00:00.000000000Z,6972
dai,2020-09-10T00:00:00.000000000Z,6691
dai,2020-09-11T00:00:00.000000000Z,6160
dai,2020-09-12T00:00:00.000000000Z,5946
dai,2020-09-13T00:00:00.000000000Z,6064
dai,2020-09-14T00:00:00.000000000Z,8767
dai,2020-09-15T00:00:00.000000000Z,8827
dai,2020-09-16T00:00:00.000000000Z,8978
dai,2020-09-17T00:00:00.000000000Z,8820
dai,2020-09-18T00:00:00.000000000Z,11453
dai,2020-09-19T00:00:00.000000000Z,9569
dai,2020-09-20T00:00:00.000000000Z,8563
dai,2020-09-21T00:00:00.000000000Z,9138
dai,2020-09-22T00:00:00.000000000Z,8401
dai,2020-09-23T00:00:00.000000000Z,8984
dai,2020-09-24T00:00:00.000000000Z,8008
dai,2020-09-25T00:00:00.000000000Z,8665
dai,2020-09-26T00:00:00.000000000Z,7850
dai,2020-09-27T00:00:00.000000000Z,6790
dai,2020-09-28T00:00:00.000000000Z,7588
dai,2020-09-29T00:00:00.000000000Z,7388
dai,2020-09-30T00:00:00.000000000Z,8830
dai,2020-10-01T00:00:00.000000000Z,8927
dai,2020-10-02T00:00:00.000000000Z,8178
dai,2020-10-03T00:00:00.000000000Z,6617
dai,2020-10-04T00:00:00.000000000Z,6590
dai,2020-10-05T00:00:00.000000000Z,7081
dai,2020-10-06T00:00:00.000000000Z,6794
dai,2020-10-07T00:00:00.000000000Z,6872
dai,2020-10-08T00:00:00.000000000Z,6596
dai,2020-10-09T00:00:00.000000000Z,8117
dai,2020-10-10T00:00:00.000000000Z,6532
dai,2020-10-11T00:00:00.000000000Z,5596
dai,2020-10-12T00:00:00.000000000Z,6164
dai,2020-10-13T00:00:00.000000000Z,6175
dai,2020-10-14T00:00:00.000000000Z,5884
dai,2020-10-15T00:00:00.000000000Z,6549
dai,2020-10-16T00:00:00.000000000Z,6933
dai,2020-10-17T00:00:00.000000000Z,6678
dai,2020-10-18T00:00:00.000000000Z,6493
dai,2020-10-19T00:00:00.000000000Z,7568
dai,2020-10-20T00:00:00.000000000Z,6977
dai,2020-10-21T00:00:00.000000000Z,7421
dai,2020-10-22T00:00:00.000000000Z,10682
dai,2020-10-23T00:00:00.000000000Z,8481
dai,2020-10-24T00:00:00.000000000Z,7483
dai,2020-10-25T00:00:00.000000000Z,6002
dai,2020-10-26T00:00:00.000000000Z,7307
dai,2020-10-27T00:00:00.000000000Z,7520
dai,2020-10-28T00:00:00.000000000Z,7506
dai,2020-10-29T00:00:00.000000000Z,6896
dai,2020-10-30T00:00:00.000000000Z,6975
dai,2020-10-31T00:00:00.000000000Z,6095
dai,2020-11-01T00:00:00.000000000Z,6161
dai,2020-11-02T00:00:00.000000000Z,6948
dai,2020-11-03T00:00:00.000000000Z,7865
dai,2020-11-04T00:00:00.000000000Z,7561
dai,2020-11-05T00:00:00.000000000Z,8104
dai,2020-11-06T00:00:00.000000000Z,7786
dai,2020-11-07T00:00:00.000000000Z,7248
dai,2020-11-08T00:00:00.000000000Z,6345
dai,2020-11-09T00:00:00.000000000Z,7058
dai,2020-11-10T00:00:00.000000000Z,6445
dai,2020-11-11T00:00:00.000000000Z,6204
dai,2020-11-12T00:00:00.000000000Z,6206
dai,2020-11-13T00:00:00.000000000Z,7419
dai,2020-11-14T00:00:00.000000000Z,6036
dai,2020-11-15T00:00:00.000000000Z,6202
dai,2020-11-16T00:00:00.000000000Z,7066
dai,2020-11-17T00:00:00.000000000Z,8293
dai,2020-11-18T00:00:00.000000000Z,8793
dai,2020-11-19T00:00:00.000000000Z,7750
dai,2020-11-20T00:00:00.000000000Z,7981
dai,2020-11-21T00:00:00.000000000Z,7706
dai,2020-11-22T00:00:00.000000000Z,7804
dai,2020-11-23T00:00:00.000000000Z,7945
dai,2020-11-24T00:00:00.000000000Z,8408
dai,2020-11-25T00:00:00.000000000Z,7996
dai,2020-11-26T00:00:00.000000000Z,9866
dai,2020-11-27T00:00:00.000000000Z,7768
dai,2020-11-28T00:00:00.000000000Z,7132
dai,2020-11-29T00:00:00.000000000Z,6622
dai,2020-11-30T00:00:00.000000000Z,10046
dai,2020-12-01T00:00:00.000000000Z,9505
dai,2020-12-02T00:00:00.000000000Z,8509
dai,2020-12-03T00:00:00.000000000Z,8373
dai,2020-12-04T00:00:00.000000000Z,8234
dai,2020-12-05T00:00:00.000000000Z,8172
dai,2020-12-06T00:00:00.000000000Z,7245
dai,2020-12-07T00:00:00.000000000Z,7250
dai,2020-12-08T00:00:00.000000000Z,6915
dai,2020-12-09T00:00:00.000000000Z,8019
dai,2020-12-10T00:00:00.000000000Z,7127
dai,2020-12-11T00:00:00.000000000Z,7619
dai,2020-12-12T00:00:00.000000000Z,9557
dai,2020-12-13T00:00:00.000000000Z,7220
dai,2020-12-14T00:00:00.000000000Z,7679
dai,2020-12-15T00:00:00.000000000Z,8271
dai,2020-12-16T00:00:00.000000000Z,9170
dai,2020-12-17T00:00:00.000000000Z,9611
dai,2020-12-18T00:00:00.000000000Z,9218
dai,2020-12-19T00:00:00.000000000Z,10369
dai,2020-12-20T00:00:00.000000000Z,8519
dai,2020-12-21T00:00:00.000000000Z,8695
dai,2020-12-22T00:00:00.000000000Z,8648
dai,2020-12-23T00:00:00.000000000Z,9275
dai,2020-12-24T00:00:00.000000000Z,9443
dai,2020-12-25T00:00:00.000000000Z,9973
dai,2020-12-26T00:00:00.000000000Z,12519
dai,2020-12-27T00:00:00.000000000Z,12146
dai,2020-12-28T00:00:00.000000000Z,12126
dai,2020-12-29T00:00:00.000000000Z,12430
dai,2020-12-30T00:00:00.000000000Z,12525
dai,2020-12-31T00:00:00.000000000Z,14389
dai,2021-01-01T00:00:00.000000000Z,12678
dai,2021-01-02T00:00:00.000000000Z,14477
dai,2021-01-03T00:00:00.000000000Z,12565
dai,2021-01-04T00:00:00.000000000Z,12514
dai,2021-01-05T00:00:00.000000000Z,12130
dai,2021-01-06T00:00:00.000000000Z,13162
dai,2021-01-07T00:00:00.000000000Z,12915
dai,2021-01-08T00:00:00.000000000Z,12376
dai,2021-01-09T00:00:00.000000000Z,11235
dai,2021-01-10T00:00:00.000000000Z,11680
dai,2021-01-11T00:00:00.000000000Z,12142
dai,2021-01-12T00:00:00.000000000Z,12774
dai,2021-01-13T00:00:00.000000000Z,11477
dai,2021-01-14T00:00:00.000000000Z,11967
dai,2021-01-15T00:00:00.000000000Z,11074
dai,2021-01-16T00:00:00.000000000Z,10649
dai,2021-01-17T00:00:00.000000000Z,10327
dai,2021-01-18T00:00:00.000000000Z,10008
dai,2021-01-19T00:00:00.000000000Z,10572
dai,2021-01-20T00:00:00.000000000Z,9684
dai,2021-01-21T00:00:00.000000000Z,10592
dai,2021-01-22T00:00:00.000000000Z,9836
dai,2021-01-23T00:00:00.000000000Z,9509
dai,2021-01-24T00:00:00.000000000Z,9663
dai,2021-01-25T00:00:00.000000000Z,10192
dai,2021-01-26T00:00:00.000000000Z,9329
dai,2021-01-27T00:00:00.000000000Z,9881
dai,2021-01-28T00:00:00.000000000Z,10080
dai,2021-01-29T00:00:00.000000000Z,9888
dai,2021-01-30T00:00:00.000000000Z,9630
dai,2021-01-31T00:00:00.000000000Z,9839
dai,2021-02-01T00:00:00.000000000Z,9514
dai,2021-02-02T00:00:00.000000000Z,9203
dai,2021-02-03T00:00:00.000000000Z,9095
dai,2021-02-04T00:00:00.000000000Z,8378
dai,2021-02-05T00:00:00.000000000Z,8493
dai,2021-02-06T00:00:00.000000000Z,8982
dai,2021-02-07T00:00:00.000000000Z,9448
dai,2021-02-08T00:00:00.000000000Z,10485
dai,2021-02-09T00:00:00.000000000Z,10445
dai,2021-02-10T00:00:00.000000000Z,11982
dai,2021-02-11T00:00:00.000000000Z,11879
dai,2021-02-12T00:00:00.000000000Z,10392
dai,2021-02-13T00:00:00.000000000Z,9314
dai,2021-02-14T00:00:00.000000000Z,8914
dai,2021-02-15T00:00:00.000000000Z,7635
dai,2021-02-16T00:00:00.000000000Z,9767
dai,2021-02-17T00:00:00.000000000Z,8433
dai,2021-02-18T00:00:00.000000000Z,9339
dai,2021-02-19T00:00:00.000000000Z,9694
dai,2021-02-20T00:00:00.000000000Z,9991
dai,2021-02-21T00:00:00.000000000Z,9927
dai,2021-02-22T00:00:00.000000000Z,10210
dai,2021-02-23T00:00:00.000000000Z,12459
dai,2021-02-24T00:00:00.000000000Z,12739
dai,2021-02-25T00:00:00.000000000Z,10293
dai,2021-02-26T00:00:00.000000000Z,11327
dai,2021-02-27T00:00:00.000000000Z,11265
dai,2021-02-28T00:00:00.000000000Z,10875
dai,2021-03-01T00:00:00.000000000Z,10239
dai,2021-03-02T00:00:00.000000000Z,9701
dai,2021-03-03T00:00:00.000000000Z,9634
dai,2021-03-04T00:00:00.000000000Z,9315
dai,2021-03-05T00:00:00.000000000Z,8804
dai,2021-03-06T00:00:00.000000000Z,7999
dai,2021-03-07T00:00:00.000000000Z,7595
dai,2021-03-08T00:00:00.000000000Z,8769
dai,2021-03-09T00:00:00.000000000Z,8728
dai,2021-03-10T00:00:00.000000000Z,8971
dai,2021-03-11T00:00:00.000000000Z,8622
dai,2021-03-12T00:00:00.000000000Z,7352
dai,2021-03-13T00:00:00.000000000Z,7952
dai,2021-03-14T00:00:00.000000000Z,7298
dai,2021-03-15T00:00:00.000000000Z,7806
dai,2021-03-16T00:00:00.000000000Z,8052
dai,2021-03-17T00:00:00.000000000Z,7114
dai,2021-03-18T00:00:00.000000000Z,7037
dai,2021-03-19T00:00:00.000000000Z,7071
dai,2021-03-20T00:00:00.000000000Z,7267
dai,2021-03-21T00:00:00.000000000Z,9053
dai,2021-03-22T00:00:00.000000000Z,7784
dai,2021-03-23T00:00:00.000000000Z,8019
dai,2021-03-24T00:00:00.000000000Z,7886
dai,2021-03-25T00:00:00.000000000Z,8380
dai,2021-03-26T00:00:00.000000000Z,7651
dai,2021-03-27T00:00:00.000000000Z,7041
dai,2021-03-28T00:00:00.000000000Z,6479
dai,2021-03-29T00:00:00.000000000Z,7263
dai,2021-03-30T00:00:00.000000000Z,7467
dai,2021-03-31T00:00:00.000000000Z,6499
dai,2021-04-01T00:00:00.000000000Z,6849
dai,2021-04-02T00:00:00.000000000Z,7221
dai,2021-04-03T00:00:00.000000000Z,6857
dai,2021-04-04T00:00:00.000000000Z,6906
dai,2021-04-05T00:00:00.000000000Z,6691
dai,2021-04-06T00:00:00.000000000Z,8466
dai,2021-04-07T00:00:00.000000000Z,7034
dai,2021-04-08T00:00:00.000000000Z,8768
dai,2021-04-09T00:00:00.000000000Z,7062
dai,2021-04-10T00:00:00.000000000Z,8019
dai,2021-04-11T00:00:00.000000000Z,7616
dai,2021-04-12T00:00:00.000000000Z,7767
dai,2021-04-13T00:00:00.000000000Z,8242
dai,2021-04-14T00:00:00.000000000Z,7638
dai,2021-04-15T00:00:00.000000000Z,8008
dai,2021-04-16T00:00:00.000000000Z,7922
dai,2021-04-17T00:00:00.000000000Z,7760
dai,2021-04-18T00:00:00.000000000Z,8917
dai,2021-04-19T00:00:00.000000000Z,7526
dai,2021-04-20T00:00:00.000000000Z,7325
dai,2021-04-21T00:00:00.000000000Z,8308
dai,2021-04-22T00:00:00.000000000Z,9727
dai,2021-04-23T00:00:00.000000000Z,10685
dai,2021-04-24T00:00:00.000000000Z,9264
dai,2021-04-25T00:00:00.000000000Z,9783
dai,2021-04-26T00:00:00.000000000Z,9940
dai,2021-04-27T00:00:00.000000000Z,10004
dai,2021-04-28T00:00:00.000000000Z,9496
dai,2021-04-29T00:00:00.000000000Z,10208
dai,2021-04-30T00:00:00.000000000Z,8589
dai,2021-05-01T00:00:00.000000000Z,9515
dai,2021-05-02T00:00:00.000000000Z,8238
dai,2021-05-03T00:00:00.000000000Z,9542
dai,2021-05-04T00:00:00.000000000Z,9244
dai,2021-05-05T00:00:00.000000000Z,9335
dai,2021-05-06T00:00:00.000000000Z,9144
dai,2021-05-07T00:00:00.000000000Z,8703
dai,2021-05-08T00:00:00.000000000Z,7246
dai,2021-05-09T00:00:00.000000000Z,8433
dai,2021-05-10T00:00:00.000000000Z,6809
dai,2021-05-11T00:00:00.000000000Z,5380
dai,2021-05-12T00:00:00.000000000Z,5927
dai,2021-05-13T00:00:00.000000000Z,9468
dai,2021-05-14T00:00:00.000000000Z,7324
dai,2021-05-15T00:00:00.000000000Z,7182
dai,2021-05-16T00:00:00.000000000Z,8089
dai,2021-05-17T00:00:00.000000000Z,8724
dai,2021-05-18T00:00:00.000000000Z,7538
dai,2021-05-19T00:00:00.000000000Z,11737
dai,2021-05-20T00:00:00.000000000Z,10421
dai,2021-05-21T00:00:00.000000000Z,9577
dai,2021-05-22T00:00:00.000000000Z,8705
dai,2021-05-23T00:00:00.000000000Z,9845
dai,2021-05-24T00:00:00.000000000Z,9001
dai,2021-05-25T00:00:00.000000000Z,8208
dai,2021-05-26T00:00:00.000000000Z,8105
dai,2021-05-27T00:00:00.000000000Z,7692
dai,2021-05-28T00:00:00.000000000Z,7570
dai,2021-05-29T00:00:00.000000000Z,8159
dai,2021-05-30T00:00:00.000000000Z,7424
dai,2021-05-31T00:00:00.000000000Z,9265
dai,2021-06-01T00:00:00.000000000Z,10035
dai,2021-06-02T00:00:00.000000000Z,11291
dai,2021-06-03T00:00:00.000000000Z,12997
dai,2021-06-04T00:00:00.000000000Z,7076
dai,2021-06-05T00:00:00.000000000Z,7584
dai,2021-06-06T00:00:00.000000000Z,8476
dai,2021-06-07T00:00:00.000000000Z,7946
dai,2021-06-08T00:00:00.000000000Z,8010
dai,2021-06-09T00:00:00.000000000Z,7178
dai,2021-06-10T00:00:00.000000000Z,7859
dai,2021-06-11T00:00:00.000000000Z,6965
dai,2021-06-12T00:00:00.000000000Z,8423
dai,2021-06-13T00:00:00.000000000Z,8066
dai,2021-06-14T00:00:00.000000000Z,7191
dai,2021-06-15T00:00:00.000000000Z,7226
dai,2021-06-16T00:00:00.000000000Z,7521
dai,2021-06-17T00:00:00.000000000Z,7964
dai,2021-06-18T00:00:00.000000000Z,7622
dai,2021-06-19T00:00:00.000000000Z,6869
dai,2021-06-20T00:00:00.000000000Z,7673
dai,2021-06-21T00:00:00.000000000Z,8473
dai,2021-06-22T00:00:00.000000000Z,9161
dai,2021-06-23T00:00:00.000000000Z,8851
dai,2021-06-24T00:00:00.000000000Z,8208
dai,2021-06-25T00:00:00.000000000Z,7086
dai,2021-06-26T00:00:00.000000000Z,8657
dai,2021-06-27T00:00:00.000000000Z,7772
dai,2021-06-28T00:00:00.000000000Z,7272
dai,2021-06-29T00:00:00.000000000Z,9060
dai,2021-06-30T00:00:00.000000000Z,8186
dai,2021-07-01T00:00:00.000000000Z,8217
dai,2021-07-02T00:00:00.000000000Z,7461
dai,2021-07-03T00:00:00.000000000Z,5999
dai,2021-07-04T00:00:00.000000000Z,6371
dai,2021-07-05T00:00:00.000000000Z,7204
dai,2021-07-06T00:00:00.000000000Z,5576
dai,2021-07-07T00:00:00.000000000Z,5923
dai,2021-07-08T00:00:00.000000000Z,5928
dai,2021-07-09T00:00:00.000000000Z,7269
dai,2021-07-10T00:00:00.000000000Z,4889
dai,2021-07-11T00:00:00.000000000Z,4822
dai,2021-07-12T00:00:00.000000000Z,5566
dai,2021-07-13T00:00:00.000000000Z,5424
dai,2021-07-14T00:00:00.000000000Z,5549
dai,2021-07-15T00:00:00.000000000Z,5156
dai,2021-07-16T00:00:00.000000000Z,4998
dai,2021-07-17T00:00:00.000000000Z,4966
dai,2021-07-18T00:00:00.000000000Z,5196
dai,2021-07-19T00:00:00.000000000Z,5993
dai,2021-07-20T00:00:00.000000000Z,6897
dai,2021-07-21T00:00:00.000000000Z,8000
dai,2021-07-22T00:00:00.000000000Z,5799
dai,2021-07-23T00:00:00.000000000Z,6284
dai,2021-07-24T00:00:00.000000000Z,6692
dai,2021-07-25T00:00:00.000000000Z,4960
dai,2021-07-26T00:00:00.000000000Z,7386
dai,2021-07-27T00:00:00.000000000Z,5537
dai,2021-07-28T00:00:00.000000000Z,5276
dai,2021-07-29T00:00:00.000000000Z,5801
dai,2021-07-30T00:00:00.000000000Z,5750
dai,2021-07-31T00:00:00.000000000Z,5662
dai,2021-08-01T00:00:00.000000000Z,5669
dai,2021-08-02T00:00:00.000000000Z,7082
dai,2021-08-03T00:00:00.000000000Z,5431
dai,2021-08-04T00:00:00.000000000Z,6574
dai,2021-08-05T00:00:00.000000000Z,5006
dai,2021-08-06T00:00:00.000000000Z,5552
dai,2021-08-07T00:00:00.000000000Z,5276
dai,2021-08-08T00:00:00.000000000Z,5374
dai,2021-08-09T00:00:00.000000000Z,5645
dai,2021-08-10T00:00:00.000000000Z,5835
dai,2021-08-11T00:00:00.000000000Z,6264
dai,2021-08-12T00:00:00.000000000Z,5716
dai,2021-08-13T00:00:00.000000000Z,7299
dai,2021-08-14T00:00:00.000000000Z,7142
dai,2021-08-15T00:00:00.000000000Z,4760
dai,2021-08-16T00:00:00.000000000Z,5922
dai,2021-08-17T00:00:00.000000000Z,5986
dai,2021-08-18T00:00:00.000000000Z,5982
dai,2021-08-19T00:00:00.000000000Z,6228
dai,2021-08-20T00:00:00.000000000Z,6147
dai,2021-08-21T00:00:00.000000000Z,5583
dai,2021-08-22T00:00:00.000000000Z,5191
dai,2021-08-23T00:00:00.000000000Z,5427
dai,2021-08-24T00:00:00.000000000Z,4827
dai,2021-08-25T00:00:00.000000000Z,4548
dai,2021-08-26T00:00:00.000000000Z,4538
dai,2021-08-27T00:00:00.000000000Z,4187
dai,2021-08-28T00:00:00.000000000Z,4284
dai,2021-08-29T00:00:00.000000000Z,3937
dai,2021-08-30T00:00:00.000000000Z,4461
dai,2021-08-31T00:00:00.000000000Z,4841
dai,2021-09-01T00:00:00.000000000Z,5119
dai,2021-09-02T00:00:00.000000000Z,5160
dai,2021-09-03T00:00:00.000000000Z,4544
dai,2021-09-04T00:00:00.000000000Z,3837
dai,2021-09-05T00:00:00.000000000Z,3881
dai,2021-09-06T00:00:00.000000000Z,4593
dai,2021-09-07T00:00:00.000000000Z,5957
dai,2021-09-08T00:00:00.000000000Z,5317
dai,2021-09-09T00:00:00.000000000Z,5126
dai,2021-09-10T00:00:00.000000000Z,5700
dai,2021-09-11T00:00:00.000000000Z,5956
dai,2021-09-12T00:00:00.000000000Z,5530
dai,2021-09-13T00:00:00.000000000Z,5744
dai,2021-09-14T00:00:00.000000000Z,5878
dai,2021-09-15T00:00:00.000000000Z,5480
dai,2021-09-16T00:00:00.000000000Z,5373
dai,2021-09-17T00:00:00.000000000Z,5222
dai,2021-09-18T00:00:00.000000000Z,5295
dai,2021-09-19T00:00:00.000000000Z,5211
dai,2021-09-20T00:00:00.000000000Z,6648
dai,2021-09-21T00:00:00.000000000Z,6465
dai,2021-09-22T00:00:00.000000000Z,6858
dai,2021-09-23T00:00:00.000000000Z,6016
dai,2021-09-24T00:00:00.000000000Z,5171
dai,2021-09-25T00:00:00.000000000Z,4767
dai,2021-09-26T00:00:00.000000000Z,4024
dai,2021-09-27T00:00:00.000000000Z,4367
dai,2021-09-28T00:00:00.000000000Z,4432
dai,2021-09-29T00:00:00.000000000Z,4816
dai,2021-09-30T00:00:00.000000000Z,4857
dai,2021-10-01T00:00:00.000000000Z,5560
dai,2021-10-02T00:00:00.000000000Z,5148
dai,2021-10-03T00:00:00.000000000Z,4988
dai,2021-10-04T00:00:00.000000000Z,5331
dai,2021-10-05T00:00:00.000000000Z,5178
dai,2021-10-06T00:00:00.000000000Z,4742
dai,2021-10-07T00:00:00.000000000Z,4894
dai,2021-10-08T00:00:00.000000000Z,4836
dai,2021-10-09T00:00:00.000000000Z,5480
dai,2021-10-10T00:00:00.000000000Z,4915
dai,2021-10-11T00:00:00.000000000Z,5196
dai,2021-10-12T00:00:00.000000000Z,5579
dai,2021-10-13T00:00:00.000000000Z,4835
dai,2021-10-14T00:00:00.000000000Z,4907
dai,2021-10-15T00:00:00.000000000Z,6089
dai,2021-10-16T00:00:00.000000000Z,5053
dai,2021-10-17T00:00:00.000000000Z,4845
dai,2021-10-18T00:00:00.000000000Z,5583
dai,2021-10-19T00:00:00.000000000Z,5624
dai,2021-10-20T00:00:00.000000000Z,6719
dai,2021-10-21T00:00:00.000000000Z,5906
dai,2021-10-22T00:00:00.000000000Z,5471
dai,2021-10-23T00:00:00.000000000Z,4942
dai,2021-10-24T00:00:00.000000000Z,4833
dai,2021-10-25T00:00:00.000000000Z,5254
dai,2021-10-26T00:00:00.000000000Z,5456
dai,2021-10-27T00:00:00.000000000Z,5104
dai,2021-10-28T00:00:00.000000000Z,5092
dai,2021-10-29T00:00:00.000000000Z,5331
dai,2021-10-30T00:00:00.000000000Z,4688
dai,2021-10-31T00:00:00.000000000Z,4476
dai,2021-11-01T00:00:00.000000000Z,5034
dai,2021-11-02T00:00:00.000000000Z,5524
dai,2021-11-03T00:00:00.000000000Z,5683
dai,2021-11-04T00:00:00.000000000Z,6170
dai,2021-11-05T00:00:00.000000000Z,5586
dai,2021-11-06T00:00:00.000000000Z,5125
dai,2021-11-07T00:00:00.000000000Z,5322
dai,2021-11-08T00:00:00.000000000Z,5910
dai,2021-11-09T00:00:00.000000000Z,5141
dai,2021-11-10T00:00:00.000000000Z,5656
dai,2021-11-11T00:00:00.000000000Z,5165
dai,2021-11-12T00:00:00.000000000Z,4898
dai,2021-11-13T00:00:00.000000000Z,4554
dai,2021-11-14T00:00:00.000000000Z,4895
dai,2021-11-15T00:00:00.000000000Z,5050
dai,2021-11-16T00:00:00.000000000Z,6432
dai,2021-11-17T00:00:00.000000000Z,5905
dai,2021-11-18T00:00:00.000000000Z,5727
dai,2021-11-19T00:00:00.000000000Z,5968
dai,2021-11-20T00:00:00.000000000Z,5047
dai,2021-11-21T00:00:00.000000000Z,5359
dai,2021-11-22T00:00:00.000000000Z,4747
dai,2021-11-23T00:00:00.000000000Z,5052
dai,2021-11-24T00:00:00.000000000Z,5532
dai,2021-11-25T00:00:00.000000000Z,5283
dai,2021-11-26T00:00:00.000000000Z,6128
dai,2021-11-27T00:00:00.000000000Z,4917
dai,2021-11-28T00:00:00.000000000Z,4800
dai,2021-11-29T00:00:00.000000000Z,6067
dai,2021-11-30T00:00:00.000000000Z,8818
dai,2021-12-01T00:00:00.000000000Z,6379
dai,2021-12-02T00:00:00.000000000Z,6292
dai,2021-12-03T00:00:00.000000000Z,6080
dai,2021-12-04T00:00:00.000000000Z,7091
dai,2021-12-05T00:00:00.000000000Z,5120
dai,2021-12-06T00:00:00.000000000Z,5829
dai,2021-12-07T00:00:00.000000000Z,5193
dai,2021-12-08T00:00:00.000000000Z,5315
dai,2021-12-09T00:00:00.000000000Z,5190
dai,2021-12-10T00:00:00.000000000Z,5374
dai,2021-12-11T00:00:00.000000000Z,4925
dai,2021-12-12T00:00:00.000000000Z,5200
dai,2021-12-13T00:00:00.000000000Z,6289
dai,2021-12-14T00:00:00.000000000Z,6133
dai,2021-12-15T00:00:00.000000000Z,5939
dai,2021-12-16T00:00:00.000000000Z,5551
dai,2021-12-17T00:00:00.000000000Z,5535
dai,2021-12-18T00:00:00.000000000Z,4652
dai,2021-12-19T00:00:00.000000000Z,4140
dai,2021-12-20T00:00:00.000000000Z,4664
dai,2021-12-21T00:00:00.000000000Z,4864
dai,2021-12-22T00:00:00.000000000Z,4398
dai,2021-12-23T00:00:00.000000000Z,4238
dai,2021-12-24T00:00:00.000000000Z,4654
dai,2021-12-25T00:00:00.000000000Z,3341
dai,2021-12-26T00:00:00.000000000Z,4234
dai,2021-12-27T00:00:00.000000000Z,4394
dai,2021-12-28T00:00:00.000000000Z,5016
dai,2021-12-29T00:00:00.000000000Z,3807
dai,2021-12-30T00:00:00.000000000Z,4376
dai,2021-12-31T00:00:00.000000000Z,4210
dai,2022-01-01T00:00:00.000000000Z,3426
dai,2022-01-02T00:00:00.000000000Z,3312
dai,2022-01-03T00:00:00.000000000Z,4114
dai,2022-01-04T00:00:00.000000000Z,3754
dai,2022-01-05T00:00:00.000000000Z,4141
dai,2022-01-06T00:00:00.000000000Z,4911
dai,2022-01-07T00:00:00.000000000Z,4770
dai,2022-01-08T00:00:00.000000000Z,4261
dai,2022-01-09T00:00:00.000000000Z,3132
dai,2022-01-10T00:00:00.000000000Z,3733
dai,2022-01-11T00:00:00.000000000Z,3630
dai,2022-01-12T00:00:00.000000000Z,3705
dai,2022-01-13T00:00:00.000000000Z,3351
dai,2022-01-14T00:00:00.000000000Z,3327
dai,2022-01-15T00:00:00.000000000Z,3148
dai,2022-01-16T00:00:00.000000000Z,3097
dai,2022-01-17T00:00:00.000000000Z,4332
dai,2022-01-18T00:00:00.000000000Z,4230
dai,2022-01-19T00:00:00.000000000Z,4297
dai,2022-01-20T00:00:00.000000000Z,3867
dai,2022-01-21T00:00:00.000000000Z,5652
dai,2022-01-22T00:00:00.000000000Z,6868
dai,2022-01-23T00:00:00.000000000Z,4174
dai,2022-01-24T00:00:00.000000000Z,5511
dai,2022-01-25T00:00:00.000000000Z,4248
dai,2022-01-26T00:00:00.000000000Z,4092
dai,2022-01-27T00:00:00.000000000Z,3764
dai,2022-01-28T00:00:00.000000000Z,3688
dai,2022-01-29T00:00:00.000000000Z,3314
dai,2022-01-30T00:00:00.000000000Z,3123
dai,2022-01-31T00:00:00.000000000Z,4038
dai,2022-02-01T00:00:00.000000000Z,3797
dai,2022-02-02T00:00:00.000000000Z,3625
dai,2022-02-03T00:00:00.000000000Z,4063
dai,2022-02-04T00:00:00.000000000Z,4544
dai,2022-02-05T00:00:00.000000000Z,4970
dai,2022-02-06T00:00:00.000000000Z,3797
dai,2022-02-07T00:00:00.000000000Z,4042
dai,2022-02-08T00:00:00.000000000Z,4059
dai,2022-02-09T00:00:00.000000000Z,4014
dai,2022-02-10T00:00:00.000000000Z,3556
dai,2022-02-11T00:00:00.000000000Z,5414
dai,2022-02-12T00:00:00.000000000Z,4116
dai,2022-02-13T00:00:00.000000000Z,3525
dai,2022-02-14T00:00:00.000000000Z,3736
dai,2022-02-15T00:00:00.000000000Z,3704
dai,2022-02-16T00:00:00.000000000Z,3305
dai,2022-02-17T00:00:00.000000000Z,3661
dai,2022-02-18T00:00:00.000000000Z,3503
dai,2022-02-19T00:00:00.000000000Z,3341
dai,2022-02-20T00:00:00.000000000Z,3864
dai,2022-02-21T00:00:00.000000000Z,3587
dai,2022-02-22T00:00:00.000000000Z,3808
dai,2022-02-23T00:00:00.000000000Z,3570
dai,2022-02-24T00:00:00.000000000Z,5378
dai,2022-02-25T00:00:00.000000000Z,4279
dai,2022-02-26T00:00:00.000000000Z,3612
dai,2022-02-27T00:00:00.000000000Z,3800
dai,2022-02-28T00:00:00.000000000Z,4077
dai,2022-03-01T00:00:00.000000000Z,4519
dai,2022-03-02T00:00:00.000000000Z,4336
dai,2022-03-03T00:00:00.000000000Z,4125
dai,2022-03-04T00:00:00.000000000Z,4680
dai,2022-03-05T00:00:00.000000000Z,4346
dai,2022-03-06T00:00:00.000000000Z,4394
dai,2022-03-07T00:00:00.000000000Z,5912
dai,2022-03-08T00:00:00.000000000Z,6133
dai,2022-03-09T00:00:00.000000000Z,5960
dai,2022-03-10T00:00:00.000000000Z,5368
dai,2022-03-11T00:00:00.000000000Z,4710
dai,2022-03-12T00:00:00.000000000Z,5018
dai,2022-03-13T00:00:00.000000000Z,4155
dai,2022-03-14T00:00:00.000000000Z,4841
dai,2022-03-15T00:00:00.000000000Z,4669
dai,2022-03-16T00:00:00.000000000Z,4368
dai,2022-03-17T00:00:00.000000000Z,4083
dai,2022-03-18T00:00:00.000000000Z,4254
dai,2022-03-19T00:00:00.000000000Z,4171
dai,2022-03-20T00:00:00.000000000Z,4111
dai,2022-03-21T00:00:00.000000000Z,4322
dai,2022-03-22T00:00:00.000000000Z,4884
dai,2022-03-23T00:00:00.000000000Z,4404
dai,2022-03-24T00:00:00.000000000Z,4464
dai,2022-03-25T00:00:00.000000000Z,4242
dai,2022-03-26T00:00:00.000000000Z,3395
dai,2022-03-27T00:00:00.000000000Z,3932
dai,2022-03-28T00:00:00.000000000Z,5188
dai,2022-03-29T00:00:00.000000000Z,5090
dai,2022-03-30T00:00:00.000000000Z,4799
dai,2022-03-31T00:00:00.000000000Z,4652
dai,2022-04-01T00:00:00.000000000Z,4714
dai,2022-04-02T00:00:00.000000000Z,4131
dai,2022-04-03T00:00:00.000000000Z,3553
dai,2022-04-04T00:00:00.000000000Z,4131
dai,2022-04-05T00:00:00.000000000Z,3835
dai,2022-04-06T00:00:00.000000000Z,4451
dai,2022-04-07T00:00:00.000000000Z,3810
dai,2022-04-08T00:00:00.000000000Z,3728
dai,2022-04-09T00:00:00.000000000Z,3454
dai,2022-04-10T00:00:00.000000000Z,3486
dai,2022-04-11T00:00:00.000000000Z,4386
dai,2022-04-12T00:00:00.000000000Z,4110
dai,2022-04-13T00:00:00.000000000Z,3820
dai,2022-04-14T00:00:00.000000000Z,3874
dai,2022-04-15T00:00:00.000000000Z,3564
dai,2022-04-16T00:00:00.000000000Z,3563
dai,2022-04-17T00:00:00.000000000Z,3679
dai,2022-04-18T00:00:00.000000000Z,5007
dai,2022-04-19T00:00:00.000000000Z,4092
dai,2022-04-20T00:00:00.000000000Z,3643
dai,2022-04-21T00:00:00.000000000Z,3764
dai,2022-04-22T00:00:00.000000000Z,3734
dai,2022-04-23T00:00:00.000000000Z,3327
dai,2022-04-24T00:00:00.000000000Z,3143
dai,2022-04-25T00:00:00.000000000Z,4053
dai,2022-04-26T00:00:00.000000000Z,3976
dai,2022-04-27T00:00:00.000000000Z,4015
dai,2022-04-28T00:00:00.000000000Z,3525
dai,2022-04-29T00:00:00.000000000Z,3878
dai,2022-04-30T00:00:00.000000000Z,3545
dai,2022-05-01T00:00:00.000000000Z,3457
dai,2022-05-02T00:00:00.000000000Z,3526
dai,2022-05-03T00:00:00.000000000Z,3439
dai,2022-05-04T00:00:00.000000000Z,3911
dai,2022-05-05T00:00:00.000000000Z,3967
dai,2022-05-06T00:00:00.000000000Z,4091
dai,2022-05-07T00:00:00.000000000Z,3707
dai,2022-05-08T00:00:00.000000000Z,4595
dai,2022-05-09T00:00:00.000000000Z,6509
dai,2022-05-10T00:00:00.000000000Z,5820
dai,2022-05-11T00:00:00.000000000Z,7493
dai,2022-05-12T00:00:00.000000000Z,9973
dai,2022-05-13T00:00:00.000000000Z,6478
dai,2022-05-14T00:00:00.000000000Z,4962
dai,2022-05-15T00:00:00.000000000Z,5176
dai,2022-05-16T00:00:00.000000000Z,5257
dai,2022-05-17T00:00:00.000000000Z,4165
dai,2022-05-18T00:00:00.000000000Z,4503
dai,2022-05-19T00:00:00.000000000Z,4561
dai,2022-05-20T00:00:00.000000000Z,4206
dai,2022-05-21T00:00:00.000000000Z,3368
dai,2022-05-22T00:00:00.000000000Z,3344
dai,2022-05-23T00:00:00.000000000Z,3901
dai,2022-05-24T00:00:00.000000000Z,3606
dai,2022-05-25T00:00:00.000000000Z,3406
dai,2022-05-26T00:00:00.000000000Z,3942
dai,2022-05-27T00:00:00.000000000Z,3889
dai,2022-05-28T00:00:00.000000000Z,3631
dai,2022-05-29T00:00:00.000000000Z,3336
dai,2022-05-30T00:00:00.000000000Z,5510
dai,2022-05-31T00:00:00.000000000Z,4510
dai,2022-06-01T00:00:00.000000000Z,3962
dai,2022-06-02T00:00:00.000000000Z,3797
dai,2022-06-03T00:00:00.000000000Z,3520
dai,2022-06-04T00:00:00.000000000Z,3083
dai,2022-06-05T00:00:00.000000000Z,2920
dai,2022-06-06T00:00:00.000000000Z,3438
dai,2022-06-07T00:00:00.000000000Z,3377
dai,2022-06-08T00:00:00.000000000Z,3036
dai,2022-06-09T00:00:00.000000000Z,3348
dai,2022-06-10T00:00:00.000000000Z,4106
dai,2022-06-11T00:00:00.000000000Z,5360
dai,2022-06-12T00:00:00.000000000Z,5395
dai,2022-06-13T00:00:00.000000000Z,9250
dai,2022-06-14T00:00:00.000000000Z,7786
dai,2022-06-15T00:00:00.000000000Z,6931
dai,2022-06-16T00:00:00.000000000Z,5274
dai,2022-06-17T00:00:00.000000000Z,5033
dai,2022-06-18T00:00:00.000000000Z,7493
dai,2022-06-19T00:00:00.000000000Z,5785
dai,2022-06-20T00:00:00.000000000Z,9108
dai,2022-06-21T00:00:00.000000000Z,4227
dai,2022-06-22T00:00:00.000000000Z,4629
dai,2022-06-23T00:00:00.000000000Z,4860
dai,2022-06-24T00:00:00.000000000Z,3762
dai,2022-06-25T00:00:00.000000000Z,2909
dai,2022-06-26T00:00:00.000000000Z,2899
dai,2022-06-27T00:00:00.000000000Z,3393
dai,2022-06-28T00:00:00.000000000Z,3602
dai,2022-06-29T00:00:00.000000000Z,6090
dai,2022-06-30T00:00:00.000000000Z,3903
dai,2022-07-01T00:00:00.000000000Z,4612
dai,2022-07-02T00:00:00.000000000Z,3939
dai,2022-07-03T00:00:00.000000000Z,3482
dai,2022-07-04T00:00:00.000000000Z,4119
dai,2022-07-05T00:00:00.000000000Z,4154
dai,2022-07-06T00:00:00.000000000Z,3692
dai,2022-07-07T00:00:00.000000000Z,3799
dai,2022-07-08T00:00:00.000000000Z,3840
dai,2022-07-09T00:00:00.000000000Z,3190
dai,2022-07-10T00:00:00.000000000Z,3162
dai,2022-07-11T00:00:00.000000000Z,3384
dai,2022-07-12T00:00:00.000000000Z,3837
dai,2022-07-13T00:00:00.000000000Z,3535
dai,2022-07-14T00:00:00.000000000Z,3701
dai,2022-07-15T00:00:00.000000000Z,3524
dai,2022-07-16T00:00:00.000000000Z,3355
dai,2022-07-17T00:00:00.000000000Z,3061
dai,2022-07-18T00:00:00.000000000Z,4243
dai,2022-07-19T00:00:00.000000000Z,3859
dai,2022-07-20T00:00:00.000000000Z,4284
dai,2022-07-21T00:00:00.000000000Z,3795
dai,2022-07-22T00:00:00.000000000Z,3821
dai,2022-07-23T00:00:00.000000000Z,3046
dai,2022-07-24T00:00:00.000000000Z,3591
dai,2022-07-25T00:00:00.000000000Z,3872
dai,2022-07-26T00:00:00.000000000Z,3694
dai,2022-07-27T00:00:00.000000000Z,5062
dai,2022-07-28T00:00:00.000000000Z,4240
dai,2022-07-29T00:00:00.000000000Z,3864
dai,2022-07-30T00:00:00.000000000Z,4850
dai,2022-07-31T00:00:00.000000000Z,3652
dai,2022-08-01T00:00:00.000000000Z,4689
dai,2022-08-02T00:00:00.000000000Z,4540
dai,2022-08-03T00:00:00.000000000Z,4422
dai,2022-08-04T00:00:00.000000000Z,3760
dai,2022-08-05T00:00:00.000000000Z,4076
dai,2022-08-06T00:00:00.000000000Z,3480
dai,2022-08-07T00:00:00.000000000Z,4445
dai,2022-08-08T00:00:00.000000000Z,4494
dai,2022-08-09T00:00:00.000000000Z,4177
dai,2022-08-10T00:00:00.000000000Z,4124
dai,2022-08-11T00:00:00.000000000Z,4773
dai,2022-08-12T00:00:00.000000000Z,4122
dai,2022-08-13T00:00:00.000000000Z,3961
dai,2022-08-14T00:00:00.000000000Z,3656
dai,2022-08-15T00:00:00.000000000Z,3751
dai,2022-08-16T00:00:00.000000000Z,3899
dai,2022-08-17T00:00:00.000000000Z,3939
dai,2022-08-18T00:00:00.000000000Z,3426
dai,2022-08-19T00:00:00.000000000Z,4190
dai,2022-08-20T00:00:00.000000000Z,3548
dai,2022-08-21T00:00:00.000000000Z,4556
dai,2022-08-22T00:00:00.000000000Z,3467
dai,2022-08-23T00:00:00.000000000Z,3584
dai,2022-08-24T00:00:00.000000000Z,3529
dai,2022-08-25T00:00:00.000000000Z,3299
dai,2022-08-26T00:00:00.000000000Z,3627
dai,2022-08-27T00:00:00.000000000Z,3363
dai,2022-08-28T00:00:00.000000000Z,3085
dai,2022-08-29T00:00:00.000000000Z,3979
dai,2022-08-30T00:00:00.000000000Z,3477
dai,2022-08-31T00:00:00.000000000Z,3444
dai,2022-09-01T00:00:00.000000000Z,3618
dai,2022-09-02T00:00:00.000000000Z,3601
dai,2022-09-03T00:00:00.000000000Z,3085
dai,2022-09-04T00:00:00.000000000Z,2860
dai,2022-09-05T00:00:00.000000000Z,3985
dai,2022-09-06T00:00:00.000000000Z,4125
dai,2022-09-07T00:00:00.000000000Z,4264
dai,2022-09-08T00:00:00.000000000Z,3761
dai,2022-09-09T00:00:00.000000000Z,3778
dai,2022-09-10T00:00:00.000000000Z,3429
dai,2022-09-11T00:00:00.000000000Z,3678
dai,2022-09-12T00:00:00.000000000Z,4038
dai,2022-09-13T00:00:00.000000000Z,4258
dai,2022-09-14T00:00:00.000000000Z,4948
dai,2022-09-15T00:00:00.000000000Z,5860
dai,2022-09-16T00:00:00.000000000Z,4851
dai,2022-09-17T00:00:00.000000000Z,4583
dai,2022-09-18T00:00:00.000000000Z,7263
dai,2022-09-19T00:00:00.000000000Z,6253
dai,2022-09-20T00:00:00.000000000Z,4898
dai,2022-09-21T00:00:00.000000000Z,7035
dai,2022-09-22T00:00:00.000000000Z,5321
dai,2022-09-23T00:00:00.000000000Z,4144
dai,2022-09-24T00:00:00.000000000Z,3604
dai,2022-09-25T00:00:00.000000000Z,2923
dai,2022-09-26T00:00:00.000000000Z,3658
dai,2022-09-27T00:00:00.000000000Z,3494
dai,2022-09-28T00:00:00.000000000Z,3629
dai,2022-09-29T00:00:00.000000000Z,3502
dai,2022-09-30T00:00:00.000000000Z,3486
dai,2022-10-01T00:00:00.000000000Z,3562
dai,2022-10-02T00:00:00.000000000Z,3489
dai,2022-10-03T00:00:00.000000000Z,3458
dai,2022-10-04T00:00:00.000000000Z,3686
dai,2022-10-05T00:00:00.000000000Z,3519
dai,2022-10-06T00:00:00.000000000Z,3861
dai,2022-10-07T00:00:00.000000000Z,3451
dai,2022-10-08T00:00:00.000000000Z,2573
dai,2022-10-09T00:00:00.000000000Z,2060
dai,2022-10-10T00:00:00.000000000Z,2609
dai,2022-10-11T00:00:00.000000000Z,3250
dai,2022-10-12T00:00:00.000000000Z,3112
dai,2022-10-13T00:00:00.000000000Z,4023
dai,2022-10-14T00:00:00.000000000Z,3573
dai,2022-10-15T00:00:00.000000000Z,2480
dai,2022-10-16T00:00:00.000000000Z,2454
dai,2022-10-17T00:00:00.000000000Z,2870
dai,2022-10-18T00:00:00.000000000Z,2960
dai,2022-10-19T00:00:00.000000000Z,3317
dai,2022-10-20T00:00:00.000000000Z,3033
dai,2022-10-21T00:00:00.000000000Z,2938
dai,2022-10-22T00:00:00.000000000Z,2598
dai,2022-10-23T00:00:00.000000000Z,2887
dai,2022-10-24T00:00:00.000000000Z,3464
dai,2022-10-25T00:00:00.000000000Z,3900
dai,2022-10-26T00:00:00.000000000Z,4125
dai,2022-10-27T00:00:00.000000000Z,4164
dai,2022-10-28T00:00:00.000000000Z,3962
dai,2022-10-29T00:00:00.000000000Z,3526
dai,2022-10-30T00:00:00.000000000Z,3543
dai,2022-10-31T00:00:00.000000000Z,3914
dai,2022-11-01T00:00:00.000000000Z,4299
dai,2022-11-02T00:00:00.000000000Z,4903
dai,2022-11-03T00:00:00.000000000Z,4398
dai,2022-11-04T00:00:00.000000000Z,4107
dai,2022-11-05T00:00:00.000000000Z,3226
dai,2022-11-06T00:00:00.000000000Z,3105
dai,2022-11-07T00:00:00.000000000Z,4338
dai,2022-11-08T00:00:00.000000000Z,5332
dai,2022-11-09T00:00:00.000000000Z,7154
dai,2022-11-10T00:00:00.000000000Z,6589
dai,2022-11-11T00:00:00.000000000Z,5379
dai,2022-11-12T00:00:00.000000000Z,4627
dai,2022-11-13T00:00:00.000000000Z,4702
dai,2022-11-14T00:00:00.000000000Z,5382
dai,2022-11-15T00:00:00.000000000Z,4855
dai,2022-11-16T00:00:00.000000000Z,5389
dai,2022-11-17T00:00:00.000000000Z,4528
dai,2022-11-18T00:00:00.000000000Z,4374
dai,2022-11-19T00:00:00.000000000Z,4154
dai,2022-11-20T00:00:00.000000000Z,4436
dai,2022-11-21T00:00:00.000000000Z,5304
dai,2022-11-22T00:00:00.000000000Z,4968
dai,2022-11-23T00:00:00.000000000Z,4497
dai,2022-11-24T00:00:00.000000000Z,6466
dai,2022-11-25T00:00:00.000000000Z,4558
dai,2022-11-26T00:00:00.000000000Z,3648
dai,2022-11-27T00:00:00.000000000Z,3483
dai,2022-11-28T00:00:00.000000000Z,4536
dai,2022-11-29T00:00:00.000000000Z,4916
dai,2022-11-30T00:00:00.000000000Z,4556
dai,2022-12-01T00:00:00.000000000Z,4685
dai,2022-12-02T00:00:00.000000000Z,4428
dai,2022-12-03T00:00:00.000000000Z,3416
dai,2022-12-04T00:00:00.000000000Z,3288
dai,2022-12-05T00:00:00.000000000Z,4365
dai,2022-12-06T00:00:00.000000000Z,3682
dai,2022-12-07T00:00:00.000000000Z,4178
dai,2022-12-08T00:00:00.000000000Z,3681
dai,2022-12-09T00:00:00.000000000Z,3088
dai,2022-12-10T00:00:00.000000000Z,3099
dai,2022-12-11T00:00:00.000000000Z,3024
dai,2022-12-12T00:00:00.000000000Z,4191
dai,2022-12-13T00:00:00.000000000Z,5280
dai,2022-12-14T00:00:00.000000000Z,4364
dai,2022-12-15T00:00:00.000000000Z,4119
dai,2022-12-16T00:00:00.000000000Z,4907
dai,2022-12-17T00:00:00.000000000Z,4019
dai,2022-12-18T00:00:00.000000000Z,2953
dai,2022-12-19T00:00:00.000000000Z,3763
dai,2022-12-20T00:00:00.000000000Z,4364
dai,2022-12-21T00:00:00.000000000Z,5063
dai,2022-12-22T00:00:00.000000000Z,4308
dai,2022-12-23T00:00:00.000000000Z,3989
dai,2022-12-24T00:00:00.000000000Z,4570
dai,2022-12-25T00:00:00.000000000Z,4093
dai,2022-12-26T00:00:00.000000000Z,3788
dai,2022-12-27T00:00:00.000000000Z,4048
dai,2022-12-28T00:00:00.000000000Z,4149
dai,2022-12-29T00:00:00.000000000Z,4240
dai,2022-12-30T00:00:00.000000000Z,4391
dai,2022-12-31T00:00:00.000000000Z,3977
dai,2023-01-01T00:00:00.000000000Z,3066
dai,2023-01-02T00:00:00.000000000Z,3891
dai,2023-01-03T00:00:00.000000000Z,4186
dai,2023-01-04T00:00:00.000000000Z,4061
dai,2023-01-05T00:00:00.000000000Z,4033
dai,2023-01-06T00:00:00.000000000Z,5614
dai,2023-01-07T00:00:00.000000000Z,5783
dai,2023-01-08T00:00:00.000000000Z,3763
dai,2023-01-09T00:00:00.000000000Z,4582
dai,2023-01-10T00:00:00.000000000Z,4692
dai,2023-01-11T00:00:00.000000000Z,4036
dai,2023-01-12T00:00:00.000000000Z,5263
dai,2023-01-13T00:00:00.000000000Z,4377
dai,2023-01-14T00:00:00.000000000Z,4815
dai,2023-01-15T00:00:00.000000000Z,3899
dai,2023-01-16T00:00:00.000000000Z,4574
dai,2023-01-17T00:00:00.000000000Z,4566
dai,2023-01-18T00:00:00.000000000Z,5287
dai,2023-01-19T00:00:00.000000000Z,5235
dai,2023-01-20T00:00:00.000000000Z,4262
dai,2023-01-21T00:00:00.000000000Z,5390
dai,2023-01-22T00:00:00.000000000Z,4501
dai,2023-01-23T00:00:00.000000000Z,4570
dai,2023-01-24T00:00:00.000000000Z,4378
dai,2023-01-25T00:00:00.000000000Z,4704
dai,2023-01-26T00:00:00.000000000Z,5096
dai,2023-01-27T00:00:00.000000000Z,4395
dai,2023-01-28T00:00:00.000000000Z,4102
dai,2023-01-29T00:00:00.000000000Z,4029
dai,2023-01-30T00:00:00.000000000Z,5496
dai,2023-01-31T00:00:00.000000000Z,5538
dai,2023-02-01T00:00:00.000000000Z,4790
dai,2023-02-02T00:00:00.000000000Z,12402
dai,2023-02-03T00:00:00.000000000Z,5155
dai,2023-02-04T00:00:00.000000000Z,4248
dai,2023-02-05T00:00:00.000000000Z,4136
dai,2023-02-06T00:00:00.000000000Z,4531
dai,2023-02-07T00:00:00.000000000Z,5241
dai,2023-02-08T00:00:00.000000000Z,4929
dai,2023-02-09T00:00:00.000000000Z,4997
dai,2023-02-10T00:00:00.000000000Z,5311
dai,2023-02-11T00:00:00.000000000Z,4296
dai,2023-02-12T00:00:00.000000000Z,4056
dai,2023-02-13T00:00:00.000000000Z,5123
dai,2023-02-14T00:00:00.000000000Z,4395
dai,2023-02-15T00:00:00.000000000Z,4758
dai,2023-02-16T00:00:00.000000000Z,4654
dai,2023-02-17T00:00:00.000000000Z,4627
dai,2023-02-18T00:00:00.000000000Z,3890
dai,2023-02-19T00:00:00.000000000Z,3282
dai,2023-02-20T00:00:00.000000000Z,3639
dai,2023-02-21T00:00:00.000000000Z,3782
dai,2023-02-22T00:00:00.000000000Z,3903
dai,2023-02-23T00:00:00.000000000Z,3884
dai,2023-02-24T00:00:00.000000000Z,3853
dai,2023-02-25T00:00:00.000000000Z,3104
dai,2023-02-26T00:00:00.000000000Z,3236
dai,2023-02-27T00:00:00.000000000Z,3734
dai,2023-02-28T00:00:00.000000000Z,3955
dai,2023-03-01T00:00:00.000000000Z,3950
dai,2023-03-02T00:00:00.000000000Z,3560
dai,2023-03-03T00:00:00.000000000Z,4166
dai,2023-03-04T00:00:00.000000000Z,2743
dai,2023-03-05T00:00:00.000000000Z,2587
dai,2023-03-06T00:00:00.000000000Z,3205
dai,2023-03-07T00:00:00.000000000Z,3300
dai,2023-03-08T00:00:00.000000000Z,3434
dai,2023-03-09T00:00:00.000000000Z,4319
dai,2023-03-10T00:00:00.000000000Z,6217
dai,2023-03-11T00:00:00.000000000Z,14659
dai,2023-03-12T00:00:00.000000000Z,7036
dai,2023-03-13T00:00:00.000000000Z,8759
dai,2023-03-14T00:00:00.000000000Z,5584
dai,2023-03-15T00:00:00.000000000Z,4502
dai,2023-03-16T00:00:00.000000000Z,4527
dai,2023-03-17T00:00:00.000000000Z,4644
dai,2023-03-18T00:00:00.000000000Z,4035
dai,2023-03-19T00:00:00.000000000Z,3558
dai,2023-03-20T00:00:00.000000000Z,3982
dai,2023-03-21T00:00:00.000000000Z,4471
dai,2023-03-22T00:00:00.000000000Z,4687
dai,2023-03-23T00:00:00.000000000Z,4024
dai,2023-03-24T00:00:00.000000000Z,4196
dai,2023-03-25T00:00:00.000000000Z,3073
dai,2023-03-26T00:00:00.000000000Z,3341
dai,2023-03-27T00:00:00.000000000Z,4670
dai,2023-03-28T00:00:00.000000000Z,4695
dai,2023-03-29T00:00:00.000000000Z,3730
dai,2023-03-30T00:00:00.000000000Z,3322
dai,2023-03-31T00:00:00.000000000Z,3762
dai,2023-04-01T00:00:00.000000000Z,3185
dai,2023-04-02T00:00:00.000000000Z,2868
dai,2023-04-03T00:00:00.000000000Z,3396
dai,2023-04-04T00:00:00.000000000Z,3164
dai,2023-04-05T00:00:00.000000000Z,3080
dai,2023-04-06T00:00:00.000000000Z,2909
dai,2023-04-07T00:00:00.000000000Z,2606
dai,2023-04-08T00:00:00.000000000Z,2283
dai,2023-04-09T00:00:00.000000000Z,2175
dai,2023-04-10T00:00:00.000000000Z,2886
dai,2023-04-11T00:00:00.000000000Z,3096
dai,2023-04-12T00:00:00.000000000Z,4353
dai,2023-04-13T00:00:00.000000000Z,3035
dai,2023-04-14T00:00:00.000000000Z,3464
dai,2023-04-15T00:00:00.000000000Z,2454
dai,2023-04-16T00:00:00.000000000Z,2299
dai,2023-04-17T00:00:00.000000000Z,3025
dai,2023-04-18T00:00:00.000000000Z,2515
dai,2023-04-19T00:00:00.000000000Z,2430
dai,2023-04-20T00:00:00.000000000Z,2568
dai,2023-04-21T00:00:00.000000000Z,2811
dai,2023-04-22T00:00:00.000000000Z,2080
dai,2023-04-23T00:00:00.000000000Z,1916
dai,2023-04-24T00:00:00.000000000Z,2286
dai,2023-04-25T00:00:00.000000000Z,3080
dai,2023-04-26T00:00:00.000000000Z,3362
dai,2023-04-27T00:00:00.000000000Z,3142
dai,2023-04-28T00:00:00.000000000Z,2838
dai,2023-04-29T00:00:00.000000000Z,2356
dai,2023-04-30T00:00:00.000000000Z,2301
dai,2023-05-01T00:00:00.000000000Z,2559
dai,2023-05-02T00:00:00.000000000Z,2500
dai,2023-05-03T00:00:00.000000000Z,2753
dai,2023-05-04T00:00:00.000000000Z,2670
dai,2023-05-05T00:00:00.000000000Z,2173
dai,2023-05-06T00:00:00.000000000Z,1843
dai,2023-05-07T00:00:00.000000000Z,2125
dai,2023-05-08T00:00:00.000000000Z,3004
dai,2023-05-09T00:00:00.000000000Z,3409
dai,2023-05-10T00:00:00.000000000Z,2335
dai,2023-05-11T00:00:00.000000000Z,2271
dai,2023-05-12T00:00:00.000000000Z,2937
dai,2023-05-13T00:00:00.000000000Z,2220
dai,2023-05-14T00:00:00.000000000Z,2140
dai,2023-05-15T00:00:00.000000000Z,2595
dai,2023-05-16T00:00:00.000000000Z,4210
dai,2023-05-17T00:00:00.000000000Z,4061
dai,2023-05-18T00:00:00.000000000Z,3980
dai,2023-05-19T00:00:00.000000000Z,3009
dai,2023-05-20T00:00:00.000000000Z,2618
dai,2023-05-21T00:00:00.000000000Z,3327
dai,2023-05-22T00:00:00.000000000Z,3681
dai,2023-05-23T00:00:00.000000000Z,3181
dai,2023-05-24T00:00:00.000000000Z,3368
dai,2023-05-25T00:00:00.000000000Z,3341
dai,2023-05-26T00:00:00.000000000Z,2765
dai,2023-05-27T00:00:00.000000000Z,2349
dai,2023-05-28T00:00:00.000000000Z,2292
dai,2023-05-29T00:00:00.000000000Z,2536
dai,2023-05-30T00:00:00.000000000Z,2619
dai,2023-05-31T00:00:00.000000000Z,3046
dai,2023-06-01T00:00:00.000000000Z,2813
dai,2023-06-02T00:00:00.000000000Z,2793
dai,2023-06-03T00:00:00.000000000Z,2366
dai,2023-06-04T00:00:00.000000000Z,2099
dai,2023-06-05T00:00:00.000000000Z,3073
dai,2023-06-06T00:00:00.000000000Z,3002
dai,2023-06-07T00:00:00.000000000Z,2907
dai,2023-06-08T00:00:00.000000000Z,2634
dai,2023-06-09T00:00:00.000000000Z,4331
dai,2023-06-10T00:00:00.000000000Z,4034
dai,2023-06-11T00:00:00.000000000Z,2667
dai,2023-06-12T00:00:00.000000000Z,2979
dai,2023-06-13T00:00:00.000000000Z,2829
dai,2023-06-14T00:00:00.000000000Z,2876
dai,2023-06-15T00:00:00.000000000Z,3456
dai,2023-06-16T00:00:00.000000000Z,3090
dai,2023-06-17T00:00:00.000000000Z,2253
dai,2023-06-18T00:00:00.000000000Z,2041
dai,2023-06-19T00:00:00.000000000Z,2452
dai,2023-06-20T00:00:00.000000000Z,2769
dai,2023-06-21T00:00:00.000000000Z,3534
dai,2023-06-22T00:00:00.000000000Z,2802
dai,2023-06-23T00:00:00.000000000Z,13971
dai,2023-06-24T00:00:00.000000000Z,2965
dai,2023-06-25T00:00:00.000000000Z,2167
dai,2023-06-26T00:00:00.000000000Z,6045
dai,2023-06-27T00:00:00.000000000Z,3027
dai,2023-06-28T00:00:00.000000000Z,2662
dai,2023-06-29T00:00:00.000000000Z,2511
dai,2023-06-30T00:00:00.000000000Z,3150
dai,2023-07-01T00:00:00.000000000Z,2668
dai,2023-07-02T00:00:00.000000000Z,2386
dai,2023-07-03T00:00:00.000000000Z,3212
dai,2023-07-04T00:00:00.000000000Z,2723
dai,2023-07-05T00:00:00.000000000Z,2542
dai,2023-07-06T00:00:00.000000000Z,2545
dai,2023-07-07T00:00:00.000000000Z,2561
dai,2023-07-08T00:00:00.000000000Z,2250
dai,2023-07-09T00:00:00.000000000Z,1917
dai,2023-07-10T00:00:00.000000000Z,2496
dai,2023-07-11T00:00:00.000000000Z,3054
dai,2023-07-12T00:00:00.000000000Z,2275
dai,2023-07-13T00:00:00.000000000Z,2804
dai,2023-07-14T00:00:00.000000000Z,3032
dai,2023-07-15T00:00:00.000000000Z,2368
dai,2023-07-16T00:00:00.000000000Z,2118
dai,2023-07-17T00:00:00.000000000Z,2484
dai,2023-07-18T00:00:00.000000000Z,2334
dai,2023-07-19T00:00:00.000000000Z,2470
dai,2023-07-20T00:00:00.000000000Z,3319
dai,2023-07-21T00:00:00.000000000Z,2360
dai,2023-07-22T00:00:00.000000000Z,2021
dai,2023-07-23T00:00:00.000000000Z,1886
dai,2023-07-24T00:00:00.000000000Z,2505
dai,2023-07-25T00:00:00.000000000Z,2377
dai,2023-07-26T00:00:00.000000000Z,2555
dai,2023-07-27T00:00:00.000000000Z,2341
dai,2023-07-28T00:00:00.000000000Z,2380
dai,2023-07-29T00:00:00.000000000Z,2015
dai,2023-07-30T00:00:00.000000000Z,2082
dai,2023-07-31T00:00:00.000000000Z,3293
dai,2023-08-01T00:00:00.000000000Z,3926
dai,2023-08-02T00:00:00.000000000Z,3412
dai,2023-08-03T00:00:00.000000000Z,2933
dai,2023-08-04T00:00:00.000000000Z,2695
dai,2023-08-05T00:00:00.000000000Z,2226
dai,2023-08-06T00:00:00.000000000Z,2312
dai,2023-08-07T00:00:00.000000000Z,2857
dai,2023-08-08T00:00:00.000000000Z,2799
dai,2023-08-09T00:00:00.000000000Z,2793
dai,2023-08-10T00:00:00.000000000Z,2643
dai,2023-08-11T00:00:00.000000000Z,2753
dai,2023-08-12T00:00:00.000000000Z,2164
dai,2023-08-13T00:00:00.000000000Z,2077
dai,2023-08-14T00:00:00.000000000Z,2476
dai,2023-08-15T00:00:00.000000000Z,2499
dai,2023-08-16T00:00:00.000000000Z,3116
dai,2023-08-17T00:00:00.000000000Z,3575
dai,2023-08-18T00:00:00.000000000Z,3493
dai,2023-08-19T00:00:00.000000000Z,2399
dai,2023-08-20T00:00:00.000000000Z,2182
dai,2023-08-21T00:00:00.000000000Z,2633
dai,2023-08-22T00:00:00.000000000Z,2681
dai,2023-08-23T00:00:00.000000000Z,2667
dai,2023-08-24T00:00:00.000000000Z,2892
dai,2023-08-25T00:00:00.000000000Z,2468
dai,2023-08-26T00:00:00.000000000Z,2032
dai,2023-08-27T00:00:00.000000000Z,2048
dai,2023-08-28T00:00:00.000000000Z,2256
dai,2023-08-29T00:00:00.000000000Z,2494
dai,2023-08-30T00:00:00.000000000Z,2608
dai,2023-08-31T00:00:00.000000000Z,2741
dai,2023-09-01T00:00:00.000000000Z,3128
dai,2023-09-02T00:00:00.000000000Z,2226
dai,2023-09-03T00:00:00.000000000Z,1827
dai,2023-09-04T00:00:00.000000000Z,2401
dai,2023-09-05T00:00:00.000000000Z,2472
dai,2023-09-06T00:00:00.000000000Z,2469
dai,2023-09-07T00:00:00.000000000Z,2447
dai,2023-09-08T00:00:00.000000000Z,2601
dai,2023-09-09T00:00:00.000000000Z,1875
dai,2023-09-10T00:00:00.000000000Z,2212
dai,2023-09-11T00:00:00.000000000Z,3012
dai,2023-09-12T00:00:00.000000000Z,2691
dai,2023-09-13T00:00:00.000000000Z,2266
dai,2023-09-14T00:00:00.000000000Z,2271
dai,2023-09-15T00:00:00.000000000Z,2302
dai,2023-09-16T00:00:00.000000000Z,2137
dai,2023-09-17T00:00:00.000000000Z,1964
dai,2023-09-18T00:00:00.000000000Z,2489
dai,2023-09-19T00:00:00.000000000Z,2526
dai,2023-09-20T00:00:00.000000000Z,2359
dai,2023-09-21T00:00:00.000000000Z,2554
dai,2023-09-22T00:00:00.000000000Z,2435
dai,2023-09-23T00:00:00.000000000Z,1932
dai,2023-09-24T00:00:00.000000000Z,1974
dai,2023-09-25T00:00:00.000000000Z,2414
dai,2023-09-26T00:00:00.000000000Z,2358
dai,2023-09-27T00:00:00.000000000Z,2610
dai,2023-09-28T00:00:00.000000000Z,2629
dai,2023-09-29T00:00:00.000000000Z,2646
dai,2023-09-30T00:00:00.000000000Z,2219
dai,2023-10-01T00:00:00.000000000Z,2310
dai,2023-10-02T00:00:00.000000000Z,2966
dai,2023-10-03T00:00:00.000000000Z,2542
dai,2023-10-04T00:00:00.000000000Z,2656
dai,2023-10-05T00:00:00.000000000Z,2706
dai,2023-10-06T00:00:00.000000000Z,2377
dai,2023-10-07T00:00:00.000000000Z,2064
dai,2023-10-08T00:00:00.000000000Z,1912
dai,2023-10-09T00:00:00.000000000Z,2819
dai,2023-10-10T00:00:00.000000000Z,2812
dai,2023-10-11T00:00:00.000000000Z,2615
dai,2023-10-12T00:00:00.000000000Z,2788
dai,2023-10-13T00:00:00.000000000Z,2415
dai,2023-10-14T00:00:00.000000000Z,1936
dai,2023-10-15T00:00:00.000000000Z,2012
dai,2023-10-16T00:00:00.000000000Z,2835
dai,2023-10-17T00:00:00.000000000Z,2604
dai,2023-10-18T00:00:00.000000000Z,2590
dai,2023-10-19T00:00:00.000000000Z,2572
dai,2023-10-20T00:00:00.000000000Z,2754
dai,2023-10-21T00:00:00.000000000Z,2345
dai,2023-10-22T00:00:00.000000000Z,2212
dai,2023-10-23T00:00:00.000000000Z,3208
dai,2023-10-24T00:00:00.000000000Z,3703
dai,2023-10-25T00:00:00.000000000Z,3068
dai,2023-10-26T00:00:00.000000000Z,2961
dai,2023-10-27T00:00:00.000000000Z,3016
dai,2023-10-28T00:00:00.000000000Z,2593
dai,2023-10-29T00:00:00.000000000Z,2321
dai,2023-10-30T00:00:00.000000000Z,2664
dai,2023-10-31T00:00:00.000000000Z,2862
dai,2023-11-01T00:00:00.000000000Z,3071
dai,2023-11-02T00:00:00.000000000Z,3085
dai,2023-11-03T00:00:00.000000000Z,2589
dai,2023-11-04T00:00:00.000000000Z,2341
dai,2023-11-05T00:00:00.000000000Z,2477
dai,2023-11-06T00:00:00.000000000Z,2696
dai,2023-11-07T00:00:00.000000000Z,2604
dai,2023-11-08T00:00:00.000000000Z,2788
dai,2023-11-09T00:00:00.000000000Z,3048
dai,2023-11-10T00:00:00.000000000Z,2793
dai,2023-11-11T00:00:00.000000000Z,2400
dai,2023-11-12T00:00:00.000000000Z,2294
dai,2023-11-13T00:00:00.000000000Z,2339
dai,2023-11-14T00:00:00.000000000Z,2536
dai,2023-11-15T00:00:00.000000000Z,3097
dai,2023-11-16T00:00:00.000000000Z,2430
dai,2023-11-17T00:00:00.000000000Z,2534
dai,2023-11-18T00:00:00.000000000Z,2146
dai,2023-11-19T00:00:00.000000000Z,2192
dai,2023-11-20T00:00:00.000000000Z,2549
dai,2023-11-21T00:00:00.000000000Z,2683
dai,2023-11-22T00:00:00.000000000Z,2594
dai,2023-11-23T00:00:00.000000000Z,2255
dai,2023-11-24T00:00:00.000000000Z,2402
dai,2023-11-25T00:00:00.000000000Z,2011
dai,2023-11-26T00:00:00.000000000Z,1950
dai,2023-11-27T00:00:00.000000000Z,2321
dai,2023-11-28T00:00:00.000000000Z,2135
dai,2023-11-29T00:00:00.000000000Z,2658
dai,2023-11-30T00:00:00.000000000Z,2298
dai,2023-12-01T00:00:00.000000000Z,2494
dai,2023-12-02T00:00:00.000000000Z,2252
dai,2023-12-03T00:00:00.000000000Z,2297
dai,2023-12-04T00:00:00.000000000Z,2935
dai,2023-12-05T00:00:00.000000000Z,2756
dai,2023-12-06T00:00:00.000000000Z,2537
dai,2023-12-07T00:00:00.000000000Z,2698
dai,2023-12-08T00:00:00.000000000Z,2720
dai,2023-12-09T00:00:00.000000000Z,2562
dai,2023-12-10T00:00:00.000000000Z,2311
dai,2023-12-11T00:00:00.000000000Z,2863
dai,2023-12-12T00:00:00.000000000Z,2628
dai,2023-12-13T00:00:00.000000000Z,2761
dai,2023-12-14T00:00:00.000000000Z,2390
dai,2023-12-15T00:00:00.000000000Z,2137
dai,2023-12-16T00:00:00.000000000Z,1896
dai,2023-12-17T00:00:00.000000000Z,1868
dai,2023-12-18T00:00:00.000000000Z,3182
dai,2023-12-19T00:00:00.000000000Z,2542
dai,2023-12-20T00:00:00.000000000Z,2357
dai,2023-12-21T00:00:00.000000000Z,2507
dai,2023-12-22T00:00:00.000000000Z,2621
dai,2023-12-23T00:00:00.000000000Z,2295
dai,2023-12-24T00:00:00.000000000Z,2233
dai,2023-12-25T00:00:00.000000000Z,2229
dai,2023-12-26T00:00:00.000000000Z,2716
dai,2023-12-27T00:00:00.000000000Z,2669
dai,2023-12-28T00:00:00.000000000Z,2840
dai,2023-12-29T00:00:00.000000000Z,2530
dai,2023-12-30T00:00:00.000000000Z,2291
dai,2023-12-31T00:00:00.000000000Z,2545
dai,2024-01-01T00:00:00.000000000Z,2396
dai,2024-01-02T00:00:00.000000000Z,2977
dai,2024-01-03T00:00:00.000000000Z,3064
dai,2024-01-04T00:00:00.000000000Z,2942
dai,2024-01-05T00:00:00.000000000Z,2704
dai,2024-01-06T00:00:00.000000000Z,2099
dai,2024-01-07T00:00:00.000000000Z,1838
dai,2024-01-08T00:00:00.000000000Z,2913
dai,2024-01-09T00:00:00.000000000Z,2670
dai,2024-01-10T00:00:00.000000000Z,2864
dai,2024-01-11T00:00:00.000000000Z,3316
dai,2024-01-12T00:00:00.000000000Z,3073
dai,2024-01-13T00:00:00.000000000Z,2444
dai,2024-01-14T00:00:00.000000000Z,2184
dai,2024-01-15T00:00:00.000000000Z,2837
dai,2024-01-16T00:00:00.000000000Z,3344
dai,2024-01-17T00:00:00.000000000Z,2345
dai,2024-01-18T00:00:00.000000000Z,2698
dai,2024-01-19T00:00:00.000000000Z,2895
dai,2024-01-20T00:00:00.000000000Z,4151
dai,2024-01-21T00:00:00.000000000Z,2291
dai,2024-01-22T00:00:00.000000000Z,3040
dai,2024-01-23T00:00:00.000000000Z,3332
dai,2024-01-24T00:00:00.000000000Z,2799
dai,2024-01-25T00:00:00.000000000Z,2336
dai,2024-01-26T00:00:00.000000000Z,2581
dai,2024-01-27T00:00:00.000000000Z,2295
dai,2024-01-28T00:00:00.000000000Z,2275
dai,2024-01-29T00:00:00.000000000Z,2745
dai,2024-01-30T00:00:00.000000000Z,2945
dai,2024-01-31T00:00:00.000000000Z,2841
dai,2024-02-01T00:00:00.000000000Z,2684
dai,2024-02-02T00:00:00.000000000Z,2585
dai,2024-02-03T00:00:00.000000000Z,1952
dai,2024-02-04T00:00:00.000000000Z,1949
dai,2024-02-05T00:00:00.000000000Z,2574
dai,2024-02-06T00:00:00.000000000Z,2183
dai,2024-02-07T00:00:00.000000000Z,2185
dai,2024-02-08T00:00:00.000000000Z,1984
dai,2024-02-09T00:00:00.000000000Z,2182
dai,2024-02-10T00:00:00.000000000Z,2030
dai,2024-02-11T00:00:00.000000000Z,2001
dai,2024-02-12T00:00:00.000000000Z,2490
dai,2024-02-13T00:00:00.000000000Z,2608
dai,2024-02-14T00:00:00.000000000Z,2766
dai,2024-02-15T00:00:00.000000000Z,2608
dai,2024-02-16T00:00:00.000000000Z,2450
dai,2024-02-17T00:00:00.000000000Z,2158
dai,2024-02-18T00:00:00.000000000Z,2844
dai,2024-02-19T00:00:00.000000000Z,2922
dai,2024-02-20T00:00:00.000000000Z,2591
dai,2024-02-21T00:00:00.000000000Z,2558
dai,2024-02-22T00:00:00.000000000Z,2153
dai,2024-02-23T00:00:00.000000000Z,2257
dai,2024-02-24T00:00:00.000000000Z,2229
dai,2024-02-25T00:00:00.000000000Z,2149
dai,2024-02-26T00:00:00.000000000Z,2609
dai,2024-02-27T00:00:00.000000000Z,2779
dai,2024-02-28T00:00:00.000000000Z,3244
dai,2024-02-29T00:00:00.000000000Z,3176
dai,2024-03-01T00:00:00.000000000Z,2715
dai,2024-03-02T00:00:00.000000000Z,2519
dai,2024-03-03T00:00:00.000000000Z,2461
dai,2024-03-04T00:00:00.000000000Z,2951
dai,2024-03-05T00:00:00.000000000Z,3381
dai,2024-03-06T00:00:00.000000000Z,3003
dai,2024-03-07T00:00:00.000000000Z,2652
dai,2024-03-08T00:00:00.000000000Z,2988
dai,2024-03-09T00:00:00.000000000Z,2304
dai,2024-03-10T00:00:00.000000000Z,2590
dai,2024-03-11T00:00:00.000000000Z,2887
dai,2024-03-12T00:00:00.000000000Z,2703
dai,2024-03-13T00:00:00.000000000Z,2622
dai,2024-03-14T00:00:00.000000000Z,2741
dai,2024-03-15T00:00:00.000000000Z,3275
dai,2024-03-16T00:00:00.000000000Z,2655
dai,2024-03-17T00:00:00.000000000Z,2665
dai,2024-03-18T00:00:00.000000000Z,2675
dai,2024-03-19T00:00:00.000000000Z,3213
dai,2024-03-20T00:00:00.000000000Z,3034
dai,2024-03-21T00:00:00.000000000Z,2533
dai,2024-03-22T00:00:00.000000000Z,2679
dai,2024-03-23T00:00:00.000000000Z,2166
dai,2024-03-24T00:00:00.000000000Z,2296
dai,2024-03-25T00:00:00.000000000Z,3082
dai,2024-03-26T00:00:00.000000000Z,2590
dai,2024-03-27T00:00:00.000000000Z,2443
dai,2024-03-28T00:00:00.000000000Z,2308
dai,2024-03-29T00:00:00.000000000Z,2483
dai,2024-03-30T00:00:00.000000000Z,2082
dai,2024-03-31T00:00:00.000000000Z,2296
dai,2024-04-01T00:00:00.000000000Z,2961
dai,2024-04-02T00:00:00.000000000Z,3151
dai,2024-04-03T00:00:00.000000000Z,2593
dai,2024-04-04T00:00:00.000000000Z,2548
dai,2024-04-05T00:00:00.000000000Z,2372
dai,2024-04-06T00:00:00.000000000Z,2140
dai,2024-04-07T00:00:00.000000000Z,2033
dai,2024-04-08T00:00:00.000000000Z,2642
dai,2024-04-09T00:00:00.000000000Z,2339
dai,2024-04-10T00:00:00.000000000Z,2345
dai,2024-04-11T00:00:00.000000000Z,2164
dai,2024-04-12T00:00:00.000000000Z,2785
dai,2024-04-13T00:00:00.000000000Z,3144
dai,2024-04-14T00:00:00.000000000Z,2969
dai,2024-04-15T00:00:00.000000000Z,3251
dai,2024-04-16T00:00:00.000000000Z,2703
dai,2024-04-17T00:00:00.000000000Z,2457
dai,2024-04-18T00:00:00.000000000Z,2308
dai,2024-04-19T00:00:00.000000000Z,2430
dai,2024-04-20T00:00:00.000000000Z,2103
dai,2024-04-21T00:00:00.000000000Z,2085
dai,2024-04-22T00:00:00.000000000Z,2183
dai,2024-04-23T00:00:00.000000000Z,2228
dai,2024-04-24T00:00:00.000000000Z,2284
dai,2024-04-25T00:00:00.000000000Z,2230
dai,2024-04-26T00:00:00.000000000Z,2387
dai,2024-04-27T00:00:00.000000000Z,2108
dai,2024-04-28T00:00:00.000000000Z,1988
dai,2024-04-29T00:00:00.000000000Z,2247
dai,2024-04-30T00:00:00.000000000Z,2637
dai,2024-05-01T00:00:00.000000000Z,3100
dai,2024-05-02T00:00:00.000000000Z,2439
dai,2024-05-03T00:00:00.000000000Z,2401
dai,2024-05-04T00:00:00.000000000Z,2042
dai,2024-05-05T00:00:00.000000000Z,1810
dai,2024-05-06T00:00:00.000000000Z,2468
dai,2024-05-07T00:00:00.000000000Z,2169
dai,2024-05-08T00:00:00.000000000Z,2261
dai,2024-05-09T00:00:00.000000000Z,2821
dai,2024-05-10T00:00:00.000000000Z,2131
dai,2024-05-11T00:00:00.000000000Z,1861
dai,2024-05-12T00:00:00.000000000Z,1825
dai,2024-05-13T00:00:00.000000000Z,2053
dai,2024-05-14T00:00:00.000000000Z,2129
dai,2024-05-15T00:00:00.000000000Z,2378
dai,2024-05-16T00:00:00.000000000Z,2368
dai,2024-05-17T00:00:00.000000000Z,2326
dai,2024-05-18T00:00:00.000000000Z,2132
dai,2024-05-19T00:00:00.000000000Z,1989
dai,2024-05-20T00:00:00.000000000Z,2481
dai,2024-05-21T00:00:00.000000000Z,2956
dai,2024-05-22T00:00:00.000000000Z,2440
dai,2024-05-23T00:00:00.000000000Z,2507
dai,2024-05-24T00:00:00.000000000Z,2380
dai,2024-05-25T00:00:00.000000000Z,1991
dai,2024-05-26T00:00:00.000000000Z,2167
dai,2024-05-27T00:00:00.000000000Z,2218
dai,2024-05-28T00:00:00.000000000Z,2099
dai,2024-05-29T00:00:00.000000000Z,2200
dai,2024-05-30T00:00:00.000000000Z,2086
dai,2024-05-31T00:00:00.000000000Z,2590
dai,2024-06-01T00:00:00.000000000Z,1815
dai,2024-06-02T00:00:00.000000000Z,1687
dai,2024-06-03T00:00:00.000000000Z,2119
dai,2024-06-04T00:00:00.000000000Z,2185
dai,2024-06-05T00:00:00.000000000Z,2104
dai,2024-06-06T00:00:00.000000000Z,1942
dai,2024-06-07T00:00:00.000000000Z,2185
dai,2024-06-08T00:00:00.000000000Z,1982
dai,2024-06-09T00:00:00.000000000Z,1903
dai,2024-06-10T00:00:00.000000000Z,2070
dai,2024-06-11T00:00:00.000000000Z,2486
dai,2024-06-12T00:00:00.000000000Z,2039
dai,2024-06-13T00:00:00.000000000Z,1997
dai,2024-06-14T00:00:00.000000000Z,2328
dai,2024-06-15T00:00:00.000000000Z,2034
dai,2024-06-16T00:00:00.000000000Z,2223
dai,2024-06-17T00:00:00.000000000Z,2249
dai,2024-06-18T00:00:00.000000000Z,2349
dai,2024-06-19T00:00:00.000000000Z,2185
dai,2024-06-20T00:00:00.000000000Z,2082
dai,2024-06-21T00:00:00.000000000Z,2159
dai,2024-06-22T00:00:00.000000000Z,2399
dai,2024-06-23T00:00:00.000000000Z,2040
dai,2024-06-24T00:00:00.000000000Z,2566
dai,2024-06-25T00:00:00.000000000Z,2219
dai,2024-06-26T00:00:00.000000000Z,2228
dai,2024-06-27T00:00:00.000000000Z,2128
dai,2024-06-28T00:00:00.000000000Z,2188
dai,2024-06-29T00:00:00.000000000Z,2045
dai,2024-06-30T00:00:00.000000000Z,2359
dai,2024-07-01T00:00:00.000000000Z,2321
dai,2024-07-02T00:00:00.000000000Z,2092
dai,2024-07-03T00:00:00.000000000Z,2081
dai,2024-07-04T00:00:00.000000000Z,2429
dai,2024-07-05T00:00:00.000000000Z,3085
dai,2024-07-06T00:00:00.000000000Z,2379
dai,2024-07-07T00:00:00.000000000Z,2345
dai,2024-07-08T00:00:00.000000000Z,2543
dai,2024-07-09T00:00:00.000000000Z,2154
dai,2024-07-10T00:00:00.000000000Z,2078
dai,2024-07-11T00:00:00.000000000Z,2187
dai,2024-07-12T00:00:00.000000000Z,2264
dai,2024-07-13T00:00:00.000000000Z,2162
dai,2024-07-14T00:00:00.000000000Z,1846
dai,2024-07-15T00:00:00.000000000Z,2326
dai,2024-07-16T00:00:00.000000000Z,2293
dai,2024-07-17T00:00:00.000000000Z,2047
dai,2024-07-18T00:00:00.000000000Z,1863
dai,2024-07-19T00:00:00.000000000Z,2059
dai,2024-07-20T00:00:00.000000000Z,1806
dai,2024-07-21T00:00:00.000000000Z,1956
dai,2024-07-22T00:00:00.000000000Z,2016
dai,2024-07-23T00:00:00.000000000Z,2216
dai,2024-07-24T00:00:00.000000000Z,2235
dai,2024-07-25T00:00:00.000000000Z,2707
dai,2024-07-26T00:00:00.000000000Z,2142
dai,2024-07-27T00:00:00.000000000Z,1946
dai,2024-07-28T00:00:00.000000000Z,1865
dai,2024-07-29T00:00:00.000000000Z,2363
dai,2024-07-30T00:00:00.000000000Z,2120
dai,2024-07-31T00:00:00.000000000Z,2117
dai,2024-08-01T00:00:00.000000000Z,2327
dai,2024-08-02T00:00:00.000000000Z,2524
dai,2024-08-03T00:00:00.000000000Z,2437
dai,2024-08-04T00:00:00.000000000Z,3543
dai,2024-08-05T00:00:00.000000000Z,4956
dai,2024-08-06T00:00:00.000000000Z,3658
dai,2024-08-07T00:00:00.000000000Z,2873
dai,2024-08-08T00:00:00.000000000Z,2701
dai,2024-08-09T00:00:00.000000000Z,2474
dai,2024-08-10T00:00:00.000000000Z,1934
dai,2024-08-11T00:00:00.000000000Z,1930
dai,2024-08-12T00:00:00.000000000Z,2229
dai,2024-08-13T00:00:00.000000000Z,3569
dai,2024-08-14T00:00:00.000000000Z,2420
dai,2024-08-15T00:00:00.000000000Z,2390
dai,2024-08-16T00:00:00.000000000Z,2427
dai,2024-08-17T00:00:00.000000000Z,2102
dai,2024-08-18T00:00:00.000000000Z,2074
dai,2024-08-19T00:00:00.000000000Z,2552
dai,2024-08-20T00:00:00.000000000Z,2641
dai,2024-08-21T00:00:00.000000000Z,2383
dai,2024-08-22T00:00:00.000000000Z,4019
dai,2024-08-23T00:00:00.000000000Z,3237
dai,2024-08-24T00:00:00.000000000Z,3170
dai,2024-08-25T00:00:00.000000000Z,2236
dai,2024-08-26T00:00:00.000000000Z,2678
dai,2024-08-27T00:00:00.000000000Z,2993
dai,2024-08-28T00:00:00.000000000Z,3117
dai,2024-08-29T00:00:00.000000000Z,2818
dai,2024-08-30T00:00:00.000000000Z,2727
dai,2024-08-31T00:00:00.000000000Z,2395
dai,2024-09-01T00:00:00.000000000Z,2481
dai,2024-09-02T00:00:00.000000000Z,2351
dai,2024-09-03T00:00:00.000000000Z,2935
dai,2024-09-04T00:00:00.000000000Z,2900
dai,2024-09-05T00:00:00.000000000Z,2197
dai,2024-09-06T00:00:00.000000000Z,3040
dai,2024-09-07T00:00:00.000000000Z,2766
dai,2024-09-08T00:00:00.000000000Z,2596
dai,2024-09-09T00:00:00.000000000Z,2620
dai,2024-09-10T00:00:00.000000000Z,2179
dai,2024-09-11T00:00:00.000000000Z,2313
dai,2024-09-12T00:00:00.000000000Z,2695
dai,2024-09-13T00:00:00.000000000Z,2846
dai,2024-09-14T00:00:00.000000000Z,2605
dai,2024-09-15T00:00:00.000000000Z,2091
dai,2024-09-16T00:00:00.000000000Z,2282
dai,2024-09-17T00:00:00.000000000Z,2346
dai,2024-09-18T00:00:00.000000000Z,2243
dai,2024-09-19T00:00:00.000000000Z,2145
dai,2024-09-20T00:00:00.000000000Z,2273
dai,2024-09-21T00:00:00.000000000Z,1713
dai,2024-09-22T00:00:00.000000000Z,1786
dai,2024-09-23T00:00:00.000000000Z,2012
dai,2024-09-24T00:00:00.000000000Z,2020
dai,2024-09-25T00:00:00.000000000Z,2075
dai,2024-09-26T00:00:00.000000000Z,2210
dai,2024-09-27T00:00:00.000000000Z,2283
dai,2024-09-28T00:00:00.000000000Z,2300
dai,2024-09-29T00:00:00.000000000Z,1833
dai,2024-09-30T00:00:00.000000000Z,2625
dai,2024-10-01T00:00:00.000000000Z,2584
dai,2024-10-02T00:00:00.000000000Z,2641
dai,2024-10-03T00:00:00.000000000Z,2989
dai,2024-10-04T00:00:00.000000000Z,2476
dai,2024-10-05T00:00:00.000000000Z,1849
dai,2024-10-06T00:00:00.000000000Z,1752
dai,2024-10-07T00:00:00.000000000Z,2076
dai,2024-10-08T00:00:00.000000000Z,1746
dai,2024-10-09T00:00:00.000000000Z,1799
dai,2024-10-10T00:00:00.000000000Z,2043
dai,2024-10-11T00:00:00.000000000Z,1753
dai,2024-10-12T00:00:00.000000000Z,2061
dai,2024-10-13T00:00:00.000000000Z,1490
dai,2024-10-14T00:00:00.000000000Z,2278
dai,2024-10-15T00:00:00.000000000Z,2085
dai,2024-10-16T00:00:00.000000000Z,2250
dai,2024-10-17T00:00:00.000000000Z,1841
dai,2024-10-18T00:00:00.000000000Z,1877
dai,2024-10-19T00:00:00.000000000Z,1682
dai,2024-10-20T00:00:00.000000000Z,1916
dai,2024-10-21T00:00:00.000000000Z,2353
dai,2024-10-22T00:00:00.000000000Z,2373
dai,2024-10-23T00:00:00.000000000Z,2193
dai,2024-10-24T00:00:00.000000000Z,2135
dai,2024-10-25T00:00:00.000000000Z,2402
dai,2024-10-26T00:00:00.000000000Z,2165
dai,2024-10-27T00:00:00.000000000Z,1844
dai,2024-10-28T00:00:00.000000000Z,2090
dai,2024-10-29T00:00:00.000000000Z,2431
dai,2024-10-30T00:00:00.000000000Z,2024
dai,2024-10-31T00:00:00.000000000Z,2254
dai,2024-11-01T00:00:00.000000000Z,2340
dai,2024-11-02T00:00:00.000000000Z,1811
dai,2024-11-03T00:00:00.000000000Z,2093
dai,2024-11-04T00:00:00.000000000Z,2291
dai,2024-11-05T00:00:00.000000000Z,2497
dai,2024-11-06T00:00:00.000000000Z,2830
dai,2024-11-07T00:00:00.000000000Z,2490
dai,2024-11-08T00:00:00.000000000Z,2299
dai,2024-11-09T00:00:00.000000000Z,2067
dai,2024-11-10T00:00:00.000000000Z,2379
dai,2024-11-11T00:00:00.000000000Z,2701
dai,2024-11-12T00:00:00.000000000Z,2643
dai,2024-11-13T00:00:00.000000000Z,2330
dai,2024-11-14T00:00:00.000000000Z,2280
dai,2024-11-15T00:00:00.000000000Z,2313
dai,2024-11-16T00:00:00.000000000Z,1967
dai,2024-11-17T00:00:00.000000000Z,2014
dai,2024-11-18T00:00:00.000000000Z,2408
dai,2024-11-19T00:00:00.000000000Z,2358
dai,2024-11-20T00:00:00.000000000Z,2318
dai,2024-11-21T00:00:00.000000000Z,2935
dai,2024-11-22T00:00:00.000000000Z,3636
dai,2024-11-23T00:00:00.000000000Z,2420
dai,2024-11-24T00:00:00.000000000Z,2335
dai,2024-11-25T00:00:00.000000000Z,2765
dai,2024-11-26T00:00:00.000000000Z,2845
dai,2024-11-27T00:00:00.000000000Z,2876
dai,2024-11-28T00:00:00.000000000Z,2660
dai,2024-11-29T00:00:00.000000000Z,2607
dai,2024-11-30T00:00:00.000000000Z,2811
dai,2024-12-01T00:00:00.000000000Z,2362
dai,2024-12-02T00:00:00.000000000Z,2744
dai,2024-12-03T00:00:00.000000000Z,2684
dai,2024-12-04T00:00:00.000000000Z,2759
dai,2024-12-05T00:00:00.000000000Z,2965
dai,2024-12-06T00:00:00.000000000Z,2904
dai,2024-12-07T00:00:00.000000000Z,2625
dai,2024-12-08T00:00:00.000000000Z,2758
dai,2024-12-09T00:00:00.000000000Z,2704
dai,2024-12-10T00:00:00.000000000Z,2680
dai,2024-12-11T00:00:00.000000000Z,2543
dai,2024-12-12T00:00:00.000000000Z,2449
dai,2024-12-13T00:00:00.000000000Z,2175
dai,2024-12-14T00:00:00.000000000Z,2147
dai,2024-12-15T00:00:00.000000000Z,2198
dai,2024-12-16T00:00:00.000000000Z,2536
dai,2024-12-17T00:00:00.000000000Z,2585
dai,2024-12-18T00:00:00.000000000Z,3079
dai,2024-12-19T00:00:00.000000000Z,2769
dai,2024-12-20T00:00:00.000000000Z,3056
dai,2024-12-21T00:00:00.000000000Z,2385
dai,2024-12-22T00:00:00.000000000Z,2690
dai,2024-12-23T00:00:00.000000000Z,2692
dai,2024-12-24T00:00:00.000000000Z,2235
dai,2024-12-25T00:00:00.000000000Z,2072
dai,2024-12-26T00:00:00.000000000Z,2021
dai,2024-12-27T00:00:00.000000000Z,2261
dai,2024-12-28T00:00:00.000000000Z,2188
dai,2024-12-29T00:00:00.000000000Z,2042
dai,2024-12-30T00:00:00.000000000Z,2393
dai,2024-12-31T00:00:00.000000000Z,2381
dai,2025-01-01T00:00:00.000000000Z,1668
dai,2025-01-02T00:00:00.000000000Z,2052
dai,2025-01-03T00:00:00.000000000Z,2124
dai,2025-01-04T00:00:00.000000000Z,1888
dai,2025-01-05T00:00:00.000000000Z,1674
dai,2025-01-06T00:00:00.000000000Z,2146
dai,2025-01-07T00:00:00.000000000Z,2411
dai,2025-01-08T00:00:00.000000000Z,2420
dai,2025-01-09T00:00:00.000000000Z,2132
dai,2025-01-10T00:00:00.000000000Z,2204
dai,2025-01-11T00:00:00.000000000Z,1857
dai,2025-01-12T00:00:00.000000000Z,2049
dai,2025-01-13T00:00:00.000000000Z,2673
dai,2025-01-14T00:00:00.000000000Z,2494
dai,2025-01-15T00:00:00.000000000Z,2564
dai,2025-01-16T00:00:00.000000000Z,2371
dai,2025-01-17T00:00:00.000000000Z,2296
dai,2025-01-18T00:00:00.000000000Z,2197
dai,2025-01-19T00:00:00.000000000Z,2242
dai,2025-01-20T00:00:00.000000000Z,2278
dai,2025-01-21T00:00:00.000000000Z,2130
dai,2025-01-22T00:00:00.000000000Z,2119
dai,2025-01-23T00:00:00.000000000Z,2698
dai,2025-01-24T00:00:00.000000000Z,2168
dai,2025-01-25T00:00:00.000000000Z,1718
dai,2025-01-26T00:00:00.000000000Z,2054
dai,2025-01-27T00:00:00.000000000Z,2530
dai,2025-01-28T00:00:00.000000000Z,2252
dai,2025-01-29T00:00:00.000000000Z,2304
dai,2025-01-30T00:00:00.000000000Z,2414
dai,2025-01-31T00:00:00.000000000Z,2544
dai,2025-02-01T00:00:00.000000000Z,2335
dai,2025-02-02T00:00:00.000000000Z,2705
dai,2025-02-03T00:00:00.000000000Z,3733
dai,2025-02-04T00:00:00.000000000Z,3386
dai,2025-02-05T00:00:00.000000000Z,2696
dai,2025-02-06T00:00:00.000000000Z,2808
dai,2025-02-07T00:00:00.000000000Z,3268
dai,2025-02-08T00:00:00.000000000Z,2672
dai,2025-02-09T00:00:00.000000000Z,2553
dai,2025-02-10T00:00:00.000000000Z,2715
dai,2025-02-11T00:00:00.000000000Z,2554
dai,2025-02-12T00:00:00.000000000Z,2785
dai,2025-02-13T00:00:00.000000000Z,2652
dai,2025-02-14T00:00:00.000000000Z,2382
dai,2025-02-15T00:00:00.000000000Z,2490
dai,2025-02-16T00:00:00.000000000Z,2248
dai,2025-02-17T00:00:00.000000000Z,2471
dai,2025-02-18T00:00:00.000000000Z,3241
dai,2025-02-19T00:00:00.000000000Z,3235
dai,2025-02-20T00:00:00.000000000Z,3006
dai,2025-02-21T00:00:00.000000000Z,3042
dai,2025-02-22T00:00:00.000000000Z,2666
dai,2025-02-23T00:00:00.000000000Z,2518
dai,2025-02-24T00:00:00.000000000Z,3426
dai,2025-02-25T00:00:00.000000000Z,5003
dai,2025-02-26T00:00:00.000000000Z,3410
dai,2025-02-27T00:00:00.000000000Z,3341
dai,2025-02-28T00:00:00.000000000Z,4146
dai,2025-03-01T00:00:00.000000000Z,3096
dai,2025-03-02T00:00:00.000000000Z,2990
dai,2025-03-03T00:00:00.000000000Z,3762
dai,2025-03-04T00:00:00.000000000Z,3664
dai,2025-03-05T00:00:00.000000000Z,3057
dai,2025-03-06T00:00:00.000000000Z,3021
dai,2025-03-07T00:00:00.000000000Z,5182
dai,2025-03-08T00:00:00.000000000Z,2382
dai,2025-03-09T00:00:00.000000000Z,2909
dai,2025-03-10T00:00:00.000000000Z,4194
dai,2025-03-11T00:00:00.000000000Z,3743
dai,2025-03-12T00:00:00.000000000Z,2974
dai,2025-03-13T00:00:00.000000000Z,2891
dai,2025-03-14T00:00:00.000000000Z,2763
dai,2025-03-15T00:00:00.000000000Z,2125
dai,2025-03-16T00:00:00.000000000Z,2039
dai,2025-03-17T00:00:00.000000000Z,2786
dai,2025-03-18T00:00:00.000000000Z,2641
dai,2025-03-19T00:00:00.000000000Z,2958
dai,2025-03-20T00:00:00.000000000Z,2708
dai,2025-03-21T00:00:00.000000000Z,2596
dai,2025-03-22T00:00:00.000000000Z,4722
dai,2025-03-23T00:00:00.000000000Z,2114
dai,2025-03-24T00:00:00.000000000Z,3101
dai,2025-03-25T00:00:00.000000000Z,2664
dai,2025-03-26T00:00:00.000000000Z,2943
dai,2025-03-27T00:00:00.000000000Z,3001
dai,2025-03-28T00:00:00.000000000Z,3134
dai,2025-03-29T00:00:00.000000000Z,2964
dai,2025-03-30T00:00:00.000000000Z,2793
dai,2025-03-31T00:00:00.000000000Z,3488
dai,2025-04-01T00:00:00.000000000Z,3083
dai,2025-04-02T00:00:00.000000000Z,2881
dai,2025-04-03T00:00:00.000000000Z,6467
dai,2025-04-04T00:00:00.000000000Z,2874
dai,2025-04-05T00:00:00.000000000Z,2046
dai,2025-04-06T00:00:00.000000000Z,4267
dai,2025-04-07T00:00:00.000000000Z,8025
dai,2025-04-08T00:00:00.000000000Z,3757
dai,2025-04-09T00:00:00.000000000Z,3483
dai,2025-04-10T00:00:00.000000000Z,3289
dai,2025-04-11T00:00:00.000000000Z,2645
dai,2025-04-12T00:00:00.000000000Z,2457
dai,2025-04-13T00:00:00.000000000Z,2036
dai,2025-04-14T00:00:00.000000000Z,2574
dai,2025-04-15T00:00:00.000000000Z,2526
dai,2025-04-16T00:00:00.000000000Z,3244
dai,2025-04-17T00:00:00.000000000Z,3397
dai,2025-04-18T00:00:00.000000000Z,2690
dai,2025-04-19T00:00:00.000000000Z,2820
dai,2025-04-20T00:00:00.000000000Z,1843
dai,2025-04-21T00:00:00.000000000Z,2499
dai,2025-04-22T00:00:00.000000000Z,2921
dai,2025-04-23T00:00:00.000000000Z,2960
dai,2025-04-24T00:00:00.000000000Z,5499
dai,2025-04-25T00:00:00.000000000Z,3212
dai,2025-04-26T00:00:00.000000000Z,2691
dai,2025-04-27T00:00:00.000000000Z,2106
dai,2025-04-28T00:00:00.000000000Z,2783
dai,2025-04-29T00:00:00.000000000Z,2526
dai,2025-04-30T00:00:00.000000000Z,2737
dai,2025-05-01T00:00:00.000000000Z,2818
dai,2025-05-02T00:00:00.000000000Z,2709
dai,2025-05-03T00:00:00.000000000Z,2240
dai,2025-05-04T00:00:00.000000000Z,2097
dai,2025-05-05T00:00:00.000000000Z,2518
dai,2025-05-06T00:00:00.000000000Z,3023
dai,2025-05-07T00:00:00.000000000Z,2664
dai,2025-05-08T00:00:00.000000000Z,2982
dai,2025-05-09T00:00:00.000000000Z,3261
dai,2025-05-10T00:00:00.000000000Z,2589
dai,2025-05-11T00:00:00.000000000Z,2365
dai,2025-05-12T00:00:00.000000000Z,2598
dai,2025-05-13T00:00:00.000000000Z,3057
dai,2025-05-14T00:00:00.000000000Z,2963
dai,2025-05-15T00:00:00.000000000Z,3183
dai,2025-05-16T00:00:00.000000000Z,2459
dai,2025-05-17T00:00:00.000000000Z,2516
dai,2025-05-18T00:00:00.000000000Z,2281
dai,2025-05-19T00:00:00.000000000Z,2823
dai,2025-05-20T00:00:00.000000000Z,2811
dai,2025-05-21T00:00:00.000000000Z,4383
dai,2025-05-22T00:00:00.000000000Z,2929
dai,2025-05-23T00:00:00.000000000Z,3247
dai,2025-05-24T00:00:00.000000000Z,3107
dai,2025-05-25T00:00:00.000000000Z,2525
dai,2025-05-26T00:00:00.000000000Z,2567
dai,2025-05-27T00:00:00.000000000Z,2651
dai,2025-05-28T00:00:00.000000000Z,2886
dai,2025-05-29T00:00:00.000000000Z,2547
dai,2025-05-30T00:00:00.000000000Z,2722
dai,2025-05-31T00:00:00.000000000Z,2876
dai,2025-06-01T00:00:00.000000000Z,3037
dai,2025-06-02T00:00:00.000000000Z,2757
dai,2025-06-03T00:00:00.000000000Z,2746
dai,2025-06-04T00:00:00.000000000Z,2905
dai,2025-06-05T00:00:00.000000000Z,3098
dai,2025-06-06T00:00:00.000000000Z,2885
dai,2025-06-07T00:00:00.000000000Z,2409
dai,2025-06-08T00:00:00.000000000Z,2439
dai,2025-06-09T00:00:00.000000000Z,2793
dai,2025-06-10T00:00:00.000000000Z,2754
dai,2025-06-11T00:00:00.000000000Z,2673
dai,2025-06-12T00:00:00.000000000Z,2661
dai,2025-06-13T00:00:00.000000000Z,3439
dai,2025-06-14T00:00:00.000000000Z,2469
dai,2025-06-15T00:00:00.000000000Z,2423
dai,2025-06-16T00:00:00.000000000Z,2489
dai,2025-06-17T00:00:00.000000000Z,3283
dai,2025-06-18T00:00:00.000000000Z,2786
dai,2025-06-19T00:00:00.000000000Z,2659
dai,2025-06-20T00:00:00.000000000Z,2797
dai,2025-06-21T00:00:00.000000000Z,2791
dai,2025-06-22T00:00:00.000000000Z,3214
dai,2025-06-23T00:00:00.000000000Z,3170
dai,2025-06-24T00:00:00.000000000Z,2687
dai,2025-06-25T00:00:00.000000000Z,2604
dai,2025-06-26T00:00:00.000000000Z,2881
dai,2025-06-27T00:00:00.000000000Z,3426
dai,2025-06-28T00:00:00.000000000Z,2488
dai,2025-06-29T00:00:00.000000000Z,2756
dai,2025-06-30T00:00:00.000000000Z,3010
dai,2025-07-01T00:00:00.000000000Z,3356
dai,2025-07-02T00:00:00.000000000Z,3330
dai,2025-07-03T00:00:00.000000000Z,3238
dai,2025-07-04T00:00:00.000000000Z,2940
dai,2025-07-05T00:00:00.000000000Z,2935
dai,2025-07-06T00:00:00.000000000Z,2554
dai,2025-07-07T00:00:00.000000000Z,2807
dai,2025-07-08T00:00:00.000000000Z,3305
dai,2025-07-09T00:00:00.000000000Z,3218
dai,2025-07-10T00:00:00.000000000Z,3352
dai,2025-07-11T00:00:00.000000000Z,3318
dai,2025-07-12T00:00:00.000000000Z,3579
dai,2025-07-13T00:00:00.000000000Z,2919
dai,2025-07-14T00:00:00.000000000Z,3206
dai,2025-07-15T00:00:00.000000000Z,3081
dai,2025-07-16T00:00:00.000000000Z,3286
dai,2025-07-17T00:00:00.000000000Z,3163
dai,2025-07-18T00:00:00.000000000Z,3233
dai,2025-07-19T00:00:00.000000000Z,3574
dai,2025-07-20T00:00:00.000000000Z,3665
dai,2025-07-21T00:00:00.000000000Z,4008
dai,2025-07-22T00:00:00.000000000Z,3751
dai,2025-07-23T00:00:00.000000000Z,3620
dai,2025-07-24T00:00:00.000000000Z,3628
dai,2025-07-25T00:00:00.000000000Z,3628
dai,2025-07-26T00:00:00.000000000Z,3087
dai,2025-07-27T00:00:00.000000000Z,3379
dai,2025-07-28T00:00:00.000000000Z,3911
dai,2025-07-29T00:00:00.000000000Z,3530
dai,2025-07-30T00:00:00.000000000Z,2920
dai,2025-07-31T00:00:00.000000000Z,3419
dai,2025-08-01T00:00:00.000000000Z,4799
dai,2025-08-02T00:00:00.000000000Z,4045
dai,2025-08-03T00:00:00.000000000Z,2875
dai,2025-08-04T00:00:00.000000000Z,3932
dai,2025-08-05T00:00:00.000000000Z,3468
dai,2025-08-06T00:00:00.000000000Z,3699
dai,2025-08-07T00:00:00.000000000Z,3726
dai,2025-08-08T00:00:00.000000000Z,3777
dai,2025-08-09T00:00:00.000000000Z,3714
dai,2025-08-10T00:00:00.000000000Z,3474
dai,2025-08-11T00:00:00.000000000Z,3689
dai,2025-08-12T00:00:00.000000000Z,4227
dai,2025-08-13T00:00:00.000000000Z,4637
dai,2025-08-14T00:00:00.000000000Z,4638
dai,2025-08-15T00:00:00.000000000Z,5791
dai,2025-08-16T00:00:00.000000000Z,3643
dai,2025-08-17T00:00:00.000000000Z,3457
dai,2025-08-18T00:00:00.000000000Z,4484
dai,2025-08-19T00:00:00.000000000Z,4641
dai,2025-08-20T00:00:00.000000000Z,4108
dai,2025-08-21T00:00:00.000000000Z,4236
dai,2025-08-22T00:00:00.000000000Z,4316
dai,2025-08-23T00:00:00.000000000Z,4667
dai,2025-08-24T00:00:00.000000000Z,3985
dai,2025-08-25T00:00:00.000000000Z,4404
dai,2025-08-26T00:00:00.000000000Z,4538
dai,2025-08-27T00:00:00.000000000Z,3915
dai,2025-08-28T00:00:00.000000000Z,4805
dai,2025-08-29T00:00:00.000000000Z,4767
dai,2025-08-30T00:00:00.000000000Z,3945
dai,2025-08-31T00:00:00.000000000Z,5599
dai,2025-09-01T00:00:00.000000000Z,4851
dai,2025-09-02T00:00:00.000000000Z,5693
dai,2025-09-03T00:00:00.000000000Z,5214
dai,2025-09-04T00:00:00.000000000Z,3844
dai,2025-09-05T00:00:00.000000000Z,4367
dai,2025-09-06T00:00:00.000000000Z,3464
dai,2025-09-07T00:00:00.000000000Z,2967
dai,2025-09-08T00:00:00.000000000Z,3450
dai,2025-09-09T00:00:00.000000000Z,3697
dai,2025-09-10T00:00:00.000000000Z,3830
dai,2025-09-11T00:00:00.000000000Z,3932
dai,2025-09-12T00:00:00.000000000Z,3926
dai,2025-09-13T00:00:00.000000000Z,4176
dai,2025-09-14T00:00:00.000000000Z,3558
dai,2025-09-15T00:00:00.000000000Z,3830
dai,2025-09-16T00:00:00.000000000Z,4136
dai,2025-09-17T00:00:00.000000000Z,4311
dai,2025-09-18T00:00:00.000000000Z,4347
dai,2025-09-19T00:00:00.000000000Z,5178
dai,2025-09-20T00:00:00.000000000Z,5961
dai,2025-09-21T00:00:00.000000000Z,3974
dai,2025-09-22T00:00:00.000000000Z,4403
dai,2025-09-23T00:00:00.000000000Z,4543
dai,2025-09-24T00:00:00.000000000Z,4238
dai,2025-09-25T00:00:00.000000000Z,4927
dai,2025-09-26T00:00:00.000000000Z,4801
dai,2025-09-27T00:00:00.000000000Z,3723
dai,2025-09-28T00:00:00.000000000Z,4233
dai,2025-09-29T00:00:00.000000000Z,4415
dai,2025-09-30T00:00:00.000000000Z,4792
dai,2025-10-01T00:00:00.000000000Z,5348
dai,2025-10-02T00:00:00.000000000Z,4851
dai,2025-10-03T00:00:00.000000000Z,4715
dai,2025-10-04T00:00:00.000000000Z,4930
dai,2025-10-05T00:00:00.000000000Z,5606
dai,2025-10-06T00:00:00.000000000Z,4976
dai,2025-10-07T00:00:00.000000000Z,5589
dai,2025-10-08T00:00:00.000000000Z,5482
dai,2025-10-09T00:00:00.000000000Z,5023
dai,2025-10-10T00:00:00.000000000Z,5430
dai,2025-10-11T00:00:00.000000000Z,6517
dai,2025-10-12T00:00:00.000000000Z,5204
dai,2025-10-13T00:00:00.000000000Z,4703
dai,2025-10-14T00:00:00.000000000Z,4253
dai,2025-10-15T00:00:00.000000000Z,4483
dai,2025-10-16T00:00:00.000000000Z,4589
dai,2025-10-17T00:00:00.000000000Z,8281
dai,2025-10-18T00:00:00.000000000Z,5263
dai,2025-10-19T00:00:00.000000000Z,4371
dai,2025-10-20T00:00:00.000000000Z,4344
dai,2025-10-21T00:00:00.000000000Z,4136
dai,2025-10-22T00:00:00.000000000Z,4575
dai,2025-10-23T00:00:00.000000000Z,6129
dai,2025-10-24T00:00:00.000000000Z,5314
dai,2025-10-25T00:00:00.000000000Z,4064
dai,2025-10-26T00:00:00.000000000Z,4237
dai,2025-10-27T00:00:00.000000000Z,4206
dai,2025-10-28T00:00:00.000000000Z,4594
dai,2025-10-29T00:00:00.000000000Z,4404
dai,2025-10-30T00:00:00.000000000Z,4318
dai,2025-10-31T00:00:00.000000000Z,4415
dai,2025-11-01T00:00:00.000000000Z,3632
dai,2025-11-02T00:00:00.000000000Z,3535
dai,2025-11-03T00:00:00.000000000Z,4357
dai,2025-11-04T00:00:00.000000000Z,4726
dai,2025-11-05T00:00:00.000000000Z,5347
dai,2025-11-06T00:00:00.000000000Z,3640
dai,2025-11-07T00:00:00.000000000Z,3982
dai,2025-11-08T00:00:00.000000000Z,6577
dai,2025-11-09T00:00:00.000000000Z,4341
dai,2025-11-10T00:00:00.000000000Z,4529
dai,2025-11-11T00:00:00.000000000Z,4359
dai,2025-11-12T00:00:00.000000000Z,3885
dai,2025-11-13T00:00:00.000000000Z,4477
dai,2025-11-14T00:00:00.000000000Z,4947
dai,2025-11-15T00:00:00.000000000Z,5837
dai,2025-11-16T00:00:00.000000000Z,4291
dai,2025-11-17T00:00:00.000000000Z,5243
dai,2025-11-18T00:00:00.000000000Z,5320
dai,2025-11-19T00:00:00.000000000Z,4938
dai,2025-11-20T00:00:00.000000000Z,4971
dai,2025-11-21T00:00:00.000000000Z,5253
dai,2025-11-22T00:00:00.000000000Z,4854
dai,2025-11-23T00:00:00.000000000Z,4824
dai,2025-11-24T00:00:00.000000000Z,4382
dai,2025-11-25T00:00:00.000000000Z,4930
dai,2025-11-26T00:00:00.000000000Z,5789
dai,2025-11-27T00:00:00.000000000Z,7413
dai,2025-11-28T00:00:00.000000000Z,5401
dai,2025-11-29T00:00:00.000000000Z,4182
dai,2025-11-30T00:00:00.000000000Z,4593
dai,2025-12-01T00:00:00.000000000Z,5950
dai,2025-12-02T00:00:00.000000000Z,5484
dai,2025-12-03T00:00:00.000000000Z,5292
dai,2025-12-04T00:00:00.000000000Z,4988
dai,2025-12-05T00:00:00.000000000Z,4726
dai,2025-12-06T00:00:00.000000000Z,4136
dai,2025-12-07T00:00:00.000000000Z,3176
dai,2025-12-08T00:00:00.000000000Z,3919
dai,2025-12-09T00:00:00.000000000Z,4556
dai,2025-12-10T00:00:00.000000000Z,4195
dai,2025-12-11T00:00:00.000000000Z,5630
dai,2025-12-12T00:00:00.000000000Z,4054
dai,2025-12-13T00:00:00.000000000Z,3841
dai,2025-12-14T00:00:00.000000000Z,3973
dai,2025-12-15T00:00:00.000000000Z,5079
dai,2025-12-16T00:00:00.000000000Z,5317
dai,2025-12-17T00:00:00.000000000Z,5524
dai,2025-12-18T00:00:00.000000000Z,4900
dai,2025-12-19T00:00:00.000000000Z,4364
dai,2025-12-20T00:00:00.000000000Z,4639
dai,2025-12-21T00:00:00.000000000Z,5895
dai,2025-12-22T00:00:00.000000000Z,7598
dai,2025-12-23T00:00:00.000000000Z,8891
dai,2025-12-24T00:00:00.000000000Z,6942
dai,2025-12-25T00:00:00.000000000Z,5057
dai,2025-12-26T00:00:00.000000000Z,6462
dai,2025-12-27T00:00:00.000000000Z,6832
dai,2025-12-28T00:00:00.000000000Z,7819
dai,2025-12-29T00:00:00.000000000Z,8064
dai,2025-12-30T00:00:00.000000000Z,8649
dai,2025-12-31T00:00:00.000000000Z,6930
usdc,2020-01-01T00:00:00.000000000Z,1481
usdc,2020-01-02T00:00:00.000000000Z,2302
usdc,2020-01-03T00:00:00.000000000Z,2561
usdc,2020-01-04T00:00:00.000000000Z,1824
usdc,2020-01-05T00:00:00.000000000Z,1924
usdc,2020-01-06T00:00:00.000000000Z,2761
usdc,2020-01-07T00:00:00.000000000Z,2930
usdc,2020-01-08T00:00:00.000000000Z,3327
usdc,2020-01-09T00:00:00.000000000Z,2878
usdc,2020-01-10T00:00:00.000000000Z,2896
usdc,2020-01-11T00:00:00.000000000Z,2337
usdc,2020-01-12T00:00:00.000000000Z,1819
usdc,2020-01-13T00:00:00.000000000Z,2295
usdc,2020-01-14T00:00:00.000000000Z,3939
usdc,2020-01-15T00:00:00.000000000Z,3941
usdc,2020-01-16T00:00:00.000000000Z,3397
usdc,2020-01-17T00:00:00.000000000Z,3770
usdc,2020-01-18T00:00:00.000000000Z,2503
usdc,2020-01-19T00:00:00.000000000Z,2516
usdc,2020-01-20T00:00:00.000000000Z,2371
usdc,2020-01-21T00:00:00.000000000Z,2884
usdc,2020-01-22T00:00:00.000000000Z,2799
usdc,2020-01-23T00:00:00.000000000Z,2970
usdc,2020-01-24T00:00:00.000000000Z,2741
usdc,2020-01-25T00:00:00.000000000Z,1995
usdc,2020-01-26T00:00:00.000000000Z,2053
usdc,2020-01-27T00:00:00.000000000Z,3139
usdc,2020-01-28T00:00:00.000000000Z,3273
usdc,2020-01-29T00:00:00.000000000Z,3403
usdc,2020-01-30T00:00:00.000000000Z,3922
usdc,2020-01-31T00:00:00.000000000Z,3220
usdc,2020-02-01T00:00:00.000000000Z,3829
usdc,2020-02-02T00:00:00.000000000Z,2595
usdc,2020-02-03T00:00:00.000000000Z,3127
usdc,2020-02-04T00:00:00.000000000Z,3870
usdc,2020-02-05T00:00:00.000000000Z,3995
usdc,2020-02-06T00:00:00.000000000Z,4142
usdc,2020-02-07T00:00:00.000000000Z,3824
usdc,2020-02-08T00:00:00.000000000Z,3267
usdc,2020-02-09T00:00:00.000000000Z,3156
usdc,2020-02-10T00:00:00.000000000Z,3573
usdc,2020-02-11T00:00:00.000000000Z,4219
usdc,2020-02-12T00:00:00.000000000Z,6428
usdc,2020-02-13T00:00:00.000000000Z,4375
usdc,2020-02-14T00:00:00.000000000Z,4286
usdc,2020-02-15T00:00:00.000000000Z,3570
usdc,2020-02-16T00:00:00.000000000Z,3418
usdc,2020-02-17T00:00:00.000000000Z,3629
usdc,2020-02-18T00:00:00.000000000Z,4162
usdc,2020-02-19T00:00:00.000000000Z,3981
usdc,2020-02-20T00:00:00.000000000Z,4034
usdc,2020-02-21T00:00:00.000000000Z,3608
usdc,2020-02-22T00:00:00.000000000Z,2634
usdc,2020-02-23T00:00:00.000000000Z,2525
usdc,2020-02-24T00:00:00.000000000Z,3508
usdc,2020-02-25T00:00:00.000000000Z,3930
usdc,2020-02-26T00:00:00.000000000Z,5318
usdc,2020-02-27T00:00:00.000000000Z,5199
usdc,2020-02-28T00:00:00.000000000Z,4605
usdc,2020-02-29T00:00:00.000000000Z,2803
usdc,2020-03-01T00:00:00.000000000Z,3110
usdc,2020-03-02T00:00:00.000000000Z,4488
usdc,2020-03-03T00:00:00.000000000Z,4711
usdc,2020-03-04T00:00:00.000000000Z,4027
usdc,2020-03-05T00:00:00.000000000Z,4645
usdc,2020-03-06T00:00:00.000000000Z,4589
usdc,2020-03-07T00:00:00.000000000Z,3333
usdc,2020-03-08T00:00:00.000000000Z,3879
usdc,2020-03-09T00:00:00.000000000Z,5471
usdc,2020-03-10T00:00:00.000000000Z,4283
usdc,2020-03-11T00:00:00.000000000Z,3902
usdc,2020-03-12T00:00:00.000000000Z,8334
usdc,2020-03-13T00:00:00.000000000Z,10125
usdc,2020-03-14T00:00:00.000000000Z,4695
usdc,2020-03-15T00:00:00.000000000Z,4295
usdc,2020-03-16T00:00:00.000000000Z,6932
usdc,2020-03-17T00:00:00.000000000Z,7144
usdc,2020-03-18T00:00:00.000000000Z,6119
usdc,2020-03-19T00:00:00.000000000Z,7260
usdc,2020-03-20T00:00:00.000000000Z,6615
usdc,2020-03-21T00:00:00.000000000Z,4831
usdc,2020-03-22T00:00:00.000000000Z,3798
usdc,2020-03-23T00:00:00.000000000Z,5135
usdc,2020-03-24T00:00:00.000000000Z,5428
usdc,2020-03-25T00:00:00.000000000Z,4420
usdc,2020-03-26T00:00:00.000000000Z,5182
usdc,2020-03-27T00:00:00.000000000Z,5240
usdc,2020-03-28T00:00:00.000000000Z,4415
usdc,2020-03-29T00:00:00.000000000Z,3441
usdc,2020-03-30T00:00:00.000000000Z,4703
usdc,2020-03-31T00:00:00.000000000Z,4599
usdc,2020-04-01T00:00:00.000000000Z,5112
usdc,2020-04-02T00:00:00.000000000Z,6053
usdc,2020-04-03T00:00:00.000000000Z,5386
usdc,2020-04-04T00:00:00.000000000Z,3962
usdc,2020-04-05T00:00:00.000000000Z,3662
usdc,2020-04-06T00:00:00.000000000Z,6026
usdc,2020-04-07T00:00:00.000000000Z,6886
usdc,2020-04-08T00:00:00.000000000Z,5327
usdc,2020-04-09T00:00:00.000000000Z,5317
usdc,2020-04-10T00:00:00.000000000Z,6524
usdc,2020-04-11T00:00:00.000000000Z,4080
usdc,2020-04-12T00:00:00.000000000Z,4016
usdc,2020-04-13T00:00:00.000000000Z,5147
usdc,2020-04-14T00:00:00.000000000Z,4956
usdc,2020-04-15T00:00:00.000000000Z,5314
usdc,2020-04-16T00:00:00.000000000Z,6083
usdc,2020-04-17T00:00:00.000000000Z,5896
usdc,2020-04-18T00:00:00.000000000Z,4900
usdc,2020-04-19T00:00:00.000000000Z,4415
usdc,2020-04-20T00:00:00.000000000Z,5721
usdc,2020-04-21T00:00:00.000000000Z,5756
usdc,2020-04-22T00:00:00.000000000Z,5738
usdc,2020-04-23T00:00:00.000000000Z,7026
usdc,2020-04-24T00:00:00.000000000Z,6327
usdc,2020-04-25T00:00:00.000000000Z,5458
usdc,2020-04-26T00:00:00.000000000Z,4783
usdc,2020-04-27T00:00:00.000000000Z,5709
usdc,2020-04-28T00:00:00.000000000Z,5925
usdc,2020-04-29T00:00:00.000000000Z,7885
usdc,2020-04-30T00:00:00.000000000Z,7476
usdc,2020-05-01T00:00:00.000000000Z,7233
usdc,2020-05-02T00:00:00.000000000Z,5450
usdc,2020-05-03T00:00:00.000000000Z,5171
usdc,2020-05-04T00:00:00.000000000Z,6541
usdc,2020-05-05T00:00:00.000000000Z,6080
usdc,2020-05-06T00:00:00.000000000Z,6764
usdc,2020-05-07T00:00:00.000000000Z,7320
usdc,2020-05-08T00:00:00.000000000Z,7726
usdc,2020-05-09T00:00:00.000000000Z,5688
usdc,2020-05-10T00:00:00.000000000Z,7714
usdc,2020-05-11T00:00:00.000000000Z,7493
usdc,2020-05-12T00:00:00.000000000Z,6962
usdc,2020-05-13T00:00:00.000000000Z,6934
usdc,2020-05-14T00:00:00.000000000Z,8508
usdc,2020-05-15T00:00:00.000000000Z,7214
usdc,2020-05-16T00:00:00.000000000Z,4537
usdc,2020-05-17T00:00:00.000000000Z,4369
usdc,2020-05-18T00:00:00.000000000Z,6677
usdc,2020-05-19T00:00:00.000000000Z,5454
usdc,2020-05-20T00:00:00.000000000Z,5756
usdc,2020-05-21T00:00:00.000000000Z,7176
usdc,2020-05-22T00:00:00.000000000Z,6746
usdc,2020-05-23T00:00:00.000000000Z,4545
usdc,2020-05-24T00:00:00.000000000Z,5095
usdc,2020-05-25T00:00:00.000000000Z,5164
usdc,2020-05-26T00:00:00.000000000Z,5277
usdc,2020-05-27T00:00:00.000000000Z,6234
usdc,2020-05-28T00:00:00.000000000Z,5778
usdc,2020-05-29T00:00:00.000000000Z,7335
usdc,2020-05-30T00:00:00.000000000Z,6278
usdc,2020-05-31T00:00:00.000000000Z,4776
usdc,2020-06-01T00:00:00.000000000Z,6774
usdc,2020-06-02T00:00:00.000000000Z,9778
usdc,2020-06-03T00:00:00.000000000Z,7189
usdc,2020-06-04T00:00:00.000000000Z,6424
usdc,2020-06-05T00:00:00.000000000Z,7157
usdc,2020-06-06T00:00:00.000000000Z,4455
usdc,2020-06-07T00:00:00.000000000Z,4403
usdc,2020-06-08T00:00:00.000000000Z,6280
usdc,2020-06-09T00:00:00.000000000Z,6003
usdc,2020-06-10T00:00:00.000000000Z,6214
usdc,2020-06-11T00:00:00.000000000Z,8491
usdc,2020-06-12T00:00:00.000000000Z,6876
usdc,2020-06-13T00:00:00.000000000Z,4608
usdc,2020-06-14T00:00:00.000000000Z,5373
usdc,2020-06-15T00:00:00.000000000Z,6767
usdc,2020-06-16T00:00:00.000000000Z,6719
usdc,2020-06-17T00:00:00.000000000Z,7300
usdc,2020-06-18T00:00:00.000000000Z,6914
usdc,2020-06-19T00:00:00.000000000Z,7961
usdc,2020-06-20T00:00:00.000000000Z,8304
usdc,2020-06-21T00:00:00.000000000Z,5768
usdc,2020-06-22T00:00:00.000000000Z,8801
usdc,2020-06-23T00:00:00.000000000Z,9767
usdc,2020-06-24T00:00:00.000000000Z,8275
usdc,2020-06-25T00:00:00.000000000Z,7651
usdc,2020-06-26T00:00:00.000000000Z,9159
usdc,2020-06-27T00:00:00.000000000Z,10565
usdc,2020-06-28T00:00:00.000000000Z,6182
usdc,2020-06-29T00:00:00.000000000Z,7543
usdc,2020-06-30T00:00:00.000000000Z,8495
usdc,2020-07-01T00:00:00.000000000Z,8266
usdc,2020-07-02T00:00:00.000000000Z,9537
usdc,2020-07-03T00:00:00.000000000Z,8489
usdc,2020-07-04T00:00:00.000000000Z,7417
usdc,2020-07-05T00:00:00.000000000Z,5587
usdc,2020-07-06T00:00:00.000000000Z,7741
usdc,2020-07-07T00:00:00.000000000Z,8580
usdc,2020-07-08T00:00:00.000000000Z,11571
usdc,2020-07-09T00:00:00.000000000Z,12532
usdc,2020-07-10T00:00:00.000000000Z,9322
usdc,2020-07-11T00:00:00.000000000Z,6588
usdc,2020-07-12T00:00:00.000000000Z,5955
usdc,2020-07-13T00:00:00.000000000Z,8156
usdc,2020-07-14T00:00:00.000000000Z,8752
usdc,2020-07-15T00:00:00.000000000Z,8737
usdc,2020-07-16T00:00:00.000000000Z,8719
usdc,2020-07-17T00:00:00.000000000Z,9041
usdc,2020-07-18T00:00:00.000000000Z,7121
usdc,2020-07-19T00:00:00.000000000Z,7132
usdc,2020-07-20T00:00:00.000000000Z,9418
usdc,2020-07-21T00:00:00.000000000Z,9326
usdc,2020-07-22T00:00:00.000000000Z,8321
usdc,2020-07-23T00:00:00.000000000Z,10305
usdc,2020-07-24T00:00:00.000000000Z,9562
usdc,2020-07-25T00:00:00.000000000Z,9125
usdc,2020-07-26T00:00:00.000000000Z,9488
usdc,2020-07-27T00:00:00.000000000Z,13637
usdc,2020-07-28T00:00:00.000000000Z,10699
usdc,2020-07-29T00:00:00.000000000Z,9941
usdc,2020-07-30T00:00:00.000000000Z,9627
usdc,2020-07-31T00:00:00.000000000Z,10256
usdc,2020-08-01T00:00:00.000000000Z,10069
usdc,2020-08-02T00:00:00.000000000Z,9325
usdc,2020-08-03T00:00:00.000000000Z,12242
usdc,2020-08-04T00:00:00.000000000Z,10612
usdc,2020-08-05T00:00:00.000000000Z,10904
usdc,2020-08-06T00:00:00.000000000Z,10115
usdc,2020-08-07T00:00:00.000000000Z,10724
usdc,2020-08-08T00:00:00.000000000Z,9374
usdc,2020-08-09T00:00:00.000000000Z,8190
usdc,2020-08-10T00:00:00.000000000Z,10695
usdc,2020-08-11T00:00:00.000000000Z,12777
usdc,2020-08-12T00:00:00.000000000Z,12267
usdc,2020-08-13T00:00:00.000000000Z,12200
usdc,2020-08-14T00:00:00.000000000Z,13535
usdc,2020-08-15T00:00:00.000000000Z,10807
usdc,2020-08-16T00:00:00.000000000Z,9847
usdc,2020-08-17T00:00:00.000000000Z,12289
usdc,2020-08-18T00:00:00.000000000Z,12483
usdc,2020-08-19T00:00:00.000000000Z,12578
usdc,2020-08-20T00:00:00.000000000Z,10926
usdc,2020-08-21T00:00:00.000000000Z,40866
usdc,2020-08-22T00:00:00.000000000Z,10083
usdc,2020-08-23T00:00:00.000000000Z,7887
usdc,2020-08-24T00:00:00.000000000Z,9053
usdc,2020-08-25T00:00:00.000000000Z,11178
usdc,2020-08-26T00:00:00.000000000Z,10711
usdc,2020-08-27T00:00:00.000000000Z,10372
usdc,2020-08-28T00:00:00.000000000Z,10194
usdc,2020-08-29T00:00:00.000000000Z,8582
usdc,2020-08-30T00:00:00.000000000Z,8203
usdc,2020-08-31T00:00:00.000000000Z,9911
usdc,2020-09-01T00:00:00.000000000Z,12621
usdc,2020-09-02T00:00:00.000000000Z,12265
usdc,2020-09-03T00:00:00.000000000Z,14475
usdc,2020-09-04T00:00:00.000000000Z,17141
usdc,2020-09-05T00:00:00.000000000Z,14449
usdc,2020-09-06T00:00:00.000000000Z,12602
usdc,2020-09-07T00:00:00.000000000Z,9791
usdc,2020-09-08T00:00:00.000000000Z,11443
usdc,2020-09-09T00:00:00.000000000Z,12669
usdc,2020-09-10T00:00:00.000000000Z,13592
usdc,2020-09-11T00:00:00.000000000Z,13955
usdc,2020-09-12T00:00:00.000000000Z,11543
usdc,2020-09-13T00:00:00.000000000Z,10157
usdc,2020-09-14T00:00:00.000000000Z,11454
usdc,2020-09-15T00:00:00.000000000Z,12649
usdc,2020-09-16T00:00:00.000000000Z,13829
usdc,2020-09-17T00:00:00.000000000Z,14083
usdc,2020-09-18T00:00:00.000000000Z,15117
usdc,2020-09-19T00:00:00.000000000Z,12642
usdc,2020-09-20T00:00:00.000000000Z,11229
usdc,2020-09-21T00:00:00.000000000Z,13932
usdc,2020-09-22T00:00:00.000000000Z,12796
usdc,2020-09-23T00:00:00.000000000Z,15353
usdc,2020-09-24T00:00:00.000000000Z,12972
usdc,2020-09-25T00:00:00.000000000Z,12154
usdc,2020-09-26T00:00:00.000000000Z,10591
usdc,2020-09-27T00:00:00.000000000Z,8779
usdc,2020-09-28T00:00:00.000000000Z,11674
usdc,2020-09-29T00:00:00.000000000Z,11904
usdc,2020-09-30T00:00:00.000000000Z,12613
usdc,2020-10-01T00:00:00.000000000Z,14788
usdc,2020-10-02T00:00:00.000000000Z,15492
usdc,2020-10-03T00:00:00.000000000Z,10309
usdc,2020-10-04T00:00:00.000000000Z,9445
usdc,2020-10-05T00:00:00.000000000Z,12562
usdc,2020-10-06T00:00:00.000000000Z,12453
usdc,2020-10-07T00:00:00.000000000Z,11934
usdc,2020-10-08T00:00:00.000000000Z,11581
usdc,2020-10-09T00:00:00.000000000Z,12489
usdc,2020-10-10T00:00:00.000000000Z,9678
usdc,2020-10-11T00:00:00.000000000Z,8798
usdc,2020-10-12T00:00:00.000000000Z,10518
usdc,2020-10-13T00:00:00.000000000Z,14821
usdc,2020-10-14T00:00:00.000000000Z,11842
usdc,2020-10-15T00:00:00.000000000Z,40112
usdc,2020-10-16T00:00:00.000000000Z,31208
usdc,2020-10-17T00:00:00.000000000Z,23587
usdc,2020-10-18T00:00:00.000000000Z,10839
usdc,2020-10-19T00:00:00.000000000Z,13728
usdc,2020-10-20T00:00:00.000000000Z,19935
usdc,2020-10-21T00:00:00.000000000Z,30218
usdc,2020-10-22T00:00:00.000000000Z,29933
usdc,2020-10-23T00:00:00.000000000Z,25148
usdc,2020-10-24T00:00:00.000000000Z,21506
usdc,2020-10-25T00:00:00.000000000Z,19409
usdc,2020-10-26T00:00:00.000000000Z,23945
usdc,2020-10-27T00:00:00.000000000Z,23449
usdc,2020-10-28T00:00:00.000000000Z,24174
usdc,2020-10-29T00:00:00.000000000Z,27487
usdc,2020-10-30T00:00:00.000000000Z,26510
usdc,2020-10-31T00:00:00.000000000Z,29232
usdc,2020-11-01T00:00:00.000000000Z,26831
usdc,2020-11-02T00:00:00.000000000Z,29401
usdc,2020-11-03T00:00:00.000000000Z,33311
usdc,2020-11-04T00:00:00.000000000Z,29939
usdc,2020-11-05T00:00:00.000000000Z,28681
usdc,2020-11-06T00:00:00.000000000Z,30096
usdc,2020-11-07T00:00:00.000000000Z,28469
usdc,2020-11-08T00:00:00.000000000Z,30854
usdc,2020-11-09T00:00:00.000000000Z,37208
usdc,2020-11-10T00:00:00.000000000Z,26680
usdc,2020-11-11T00:00:00.000000000Z,26538
usdc,2020-11-12T00:00:00.000000000Z,28404
usdc,2020-11-13T00:00:00.000000000Z,26863
usdc,2020-11-14T00:00:00.000000000Z,26901
usdc,2020-11-15T00:00:00.000000000Z,22794
usdc,2020-11-16T00:00:00.000000000Z,26462
usdc,2020-11-17T00:00:00.000000000Z,32584
usdc,2020-11-18T00:00:00.000000000Z,31338
usdc,2020-11-19T00:00:00.000000000Z,29659
usdc,2020-11-20T00:00:00.000000000Z,35899
usdc,2020-11-21T00:00:00.000000000Z,38818
usdc,2020-11-22T00:00:00.000000000Z,35395
usdc,2020-11-23T00:00:00.000000000Z,38426
usdc,2020-11-24T00:00:00.000000000Z,43212
usdc,2020-11-25T00:00:00.000000000Z,38425
usdc,2020-11-26T00:00:00.000000000Z,33700
usdc,2020-11-27T00:00:00.000000000Z,25064
usdc,2020-11-28T00:00:00.000000000Z,35276
usdc,2020-11-29T00:00:00.000000000Z,27743
usdc,2020-11-30T00:00:00.000000000Z,36088
usdc,2020-12-01T00:00:00.000000000Z,34008
usdc,2020-12-02T00:00:00.000000000Z,16448
usdc,2020-12-03T00:00:00.000000000Z,16274
usdc,2020-12-04T00:00:00.000000000Z,16963
usdc,2020-12-05T00:00:00.000000000Z,14924
usdc,2020-12-06T00:00:00.000000000Z,13755
usdc,2020-12-07T00:00:00.000000000Z,14090
usdc,2020-12-08T00:00:00.000000000Z,16629
usdc,2020-12-09T00:00:00.000000000Z,16408
usdc,2020-12-10T00:00:00.000000000Z,16730
usdc,2020-12-11T00:00:00.000000000Z,25487
usdc,2020-12-12T00:00:00.000000000Z,45965
usdc,2020-12-13T00:00:00.000000000Z,46946
usdc,2020-12-14T00:00:00.000000000Z,39301
usdc,2020-12-15T00:00:00.000000000Z,41734
usdc,2020-12-16T00:00:00.000000000Z,34055
usdc,2020-12-17T00:00:00.000000000Z,37704
usdc,2020-12-18T00:00:00.000000000Z,19322
usdc,2020-12-19T00:00:00.000000000Z,19052
usdc,2020-12-20T00:00:00.000000000Z,18149
usdc,2020-12-21T00:00:00.000000000Z,17494
usdc,2020-12-22T00:00:00.000000000Z,17741
usdc,2020-12-23T00:00:00.000000000Z,19431
usdc,2020-12-24T00:00:00.000000000Z,18733
usdc,2020-12-25T00:00:00.000000000Z,17396
usdc,2020-12-26T00:00:00.000000000Z,19079
usdc,2020-12-27T00:00:00.000000000Z,19372
usdc,2020-12-28T00:00:00.000000000Z,19812
usdc,2020-12-29T00:00:00.000000000Z,21136
usdc,2020-12-30T00:00:00.000000000Z,21400
usdc,2020-12-31T00:00:00.000000000Z,22432
usdc,2021-01-01T00:00:00.000000000Z,22634
usdc,2021-01-02T00:00:00.000000000Z,23527
usdc,2021-01-03T00:00:00.000000000Z,23570
usdc,2021-01-04T00:00:00.000000000Z,24427
usdc,2021-01-05T00:00:00.000000000Z,25168
usdc,2021-01-06T00:00:00.000000000Z,27594
usdc,2021-01-07T00:00:00.000000000Z,27131
usdc,2021-01-08T00:00:00.000000000Z,27241
usdc,2021-01-09T00:00:00.000000000Z,29926
usdc,2021-01-10T00:00:00.000000000Z,26965
usdc,2021-01-11T00:00:00.000000000Z,24928
usdc,2021-01-12T00:00:00.000000000Z,23037
usdc,2021-01-13T00:00:00.000000000Z,22189
usdc,2021-01-14T00:00:00.000000000Z,24237
usdc,2021-01-15T00:00:00.000000000Z,24357
usdc,2021-01-16T00:00:00.000000000Z,22154
usdc,2021-01-17T00:00:00.000000000Z,22435
usdc,2021-01-18T00:00:00.000000000Z,22401
usdc,2021-01-19T00:00:00.000000000Z,23505
usdc,2021-01-20T00:00:00.000000000Z,23861
usdc,2021-01-21T00:00:00.000000000Z,23002
usdc,2021-01-22T00:00:00.000000000Z,24534
usdc,2021-01-23T00:00:00.000000000Z,19860
usdc,2021-01-24T00:00:00.000000000Z,18610
usdc,2021-01-25T00:00:00.000000000Z,22312
usdc,2021-01-26T00:00:00.000000000Z,26980
usdc,2021-01-27T00:00:00.000000000Z,24078
usdc,2021-01-28T00:00:00.000000000Z,26515
usdc,2021-01-29T00:00:00.000000000Z,33182
usdc,2021-01-30T00:00:00.000000000Z,25328
usdc,2021-01-31T00:00:00.000000000Z,23636
usdc,2021-02-01T00:00:00.000000000Z,26227
usdc,2021-02-02T00:00:00.000000000Z,26523
usdc,2021-02-03T00:00:00.000000000Z,27719
usdc,2021-02-04T00:00:00.000000000Z,30432
usdc,2021-02-05T00:00:00.000000000Z,29462
usdc,2021-02-06T00:00:00.000000000Z,32028
usdc,2021-02-07T00:00:00.000000000Z,26463
usdc,2021-02-08T00:00:00.000000000Z,26666
usdc,2021-02-09T00:00:00.000000000Z,28916
usdc,2021-02-10T00:00:00.000000000Z,32161
usdc,2021-02-11T00:00:00.000000000Z,31224
usdc,2021-02-12T00:00:00.000000000Z,33650
usdc,2021-02-13T00:00:00.000000000Z,33435
usdc,2021-02-14T00:00:00.000000000Z,26933
usdc,2021-02-15T00:00:00.000000000Z,26086
usdc,2021-02-16T00:00:00.000000000Z,35367
usdc,2021-02-17T00:00:00.000000000Z,28922
usdc,2021-02-18T00:00:00.000000000Z,29661
usdc,2021-02-19T00:00:00.000000000Z,32858
usdc,2021-02-20T00:00:00.000000000Z,34378
usdc,2021-02-21T00:00:00.000000000Z,28935
usdc,2021-02-22T00:00:00.000000000Z,31252
usdc,2021-02-23T00:00:00.000000000Z,35139
usdc,2021-02-24T00:00:00.000000000Z,35307
usdc,2021-02-25T00:00:00.000000000Z,28926
usdc,2021-02-26T00:00:00.000000000Z,33931
usdc,2021-02-27T00:00:00.000000000Z,29578
usdc,2021-02-28T00:00:00.000000000Z,28446
usdc,2021-03-01T00:00:00.000000000Z,29518
usdc,2021-03-02T00:00:00.000000000Z,28021
usdc,2021-03-03T00:00:00.000000000Z,29001
usdc,2021-03-04T00:00:00.000000000Z,27755
usdc,2021-03-05T00:00:00.000000000Z,29233
usdc,2021-03-06T00:00:00.000000000Z,23916
usdc,2021-03-07T00:00:00.000000000Z,23026
usdc,2021-03-08T00:00:00.000000000Z,25729
usdc,2021-03-09T00:00:00.000000000Z,30091
usdc,2021-03-10T00:00:00.000000000Z,28186
usdc,2021-03-11T00:00:00.000000000Z,28400
usdc,2021-03-12T00:00:00.000000000Z,31374
usdc,2021-03-13T00:00:00.000000000Z,27203
usdc,2021-03-14T00:00:00.000000000Z,23132
usdc,2021-03-15T00:00:00.000000000Z,26547
usdc,2021-03-16T00:00:00.000000000Z,31864
usdc,2021-03-17T00:00:00.000000000Z,29203
usdc,2021-03-18T00:00:00.000000000Z,28994
usdc,2021-03-19T00:00:00.000000000Z,30065
usdc,2021-03-20T00:00:00.000000000Z,27448
usdc,2021-03-21T00:00:00.000000000Z,30371
usdc,2021-03-22T00:00:00.000000000Z,40871
usdc,2021-03-23T00:00:00.000000000Z,34760
usdc,2021-03-24T00:00:00.000000000Z,36179
usdc,2021-03-25T00:00:00.000000000Z,40993
usdc,2021-03-26T00:00:00.000000000Z,30937
usdc,2021-03-27T00:00:00.000000000Z,27815
usdc,2021-03-28T00:00:00.000000000Z,23405
usdc,2021-03-29T00:00:00.000000000Z,31993
usdc,2021-03-30T00:00:00.000000000Z,31261
usdc,2021-03-31T00:00:00.000000000Z,31510
usdc,2021-04-01T00:00:00.000000000Z,33142
usdc,2021-04-02T00:00:00.000000000Z,41043
usdc,2021-04-03T00:00:00.000000000Z,29320
usdc,2021-04-04T00:00:00.000000000Z,24293
usdc,2021-04-05T00:00:00.000000000Z,28513
usdc,2021-04-06T00:00:00.000000000Z,35927
usdc,2021-04-07T00:00:00.000000000Z,32695
usdc,2021-04-08T00:00:00.000000000Z,34660
usdc,2021-04-09T00:00:00.000000000Z,32691
usdc,2021-04-10T00:00:00.000000000Z,34456
usdc,2021-04-11T00:00:00.000000000Z,34597
usdc,2021-04-12T00:00:00.000000000Z,45030
usdc,2021-04-13T00:00:00.000000000Z,51535
usdc,2021-04-14T00:00:00.000000000Z,44902
usdc,2021-04-15T00:00:00.000000000Z,34094
usdc,2021-04-16T00:00:00.000000000Z,54509
usdc,2021-04-17T00:00:00.000000000Z,40098
usdc,2021-04-18T00:00:00.000000000Z,42563
usdc,2021-04-19T00:00:00.000000000Z,39644
usdc,2021-04-20T00:00:00.000000000Z,48258
usdc,2021-04-21T00:00:00.000000000Z,48537
usdc,2021-04-22T00:00:00.000000000Z,47510
usdc,2021-04-23T00:00:00.000000000Z,53096
usdc,2021-04-24T00:00:00.000000000Z,36257
usdc,2021-04-25T00:00:00.000000000Z,36524
usdc,2021-04-26T00:00:00.000000000Z,42985
usdc,2021-04-27T00:00:00.000000000Z,41373
usdc,2021-04-28T00:00:00.000000000Z,40906
usdc,2021-04-29T00:00:00.000000000Z,46436
usdc,2021-04-30T00:00:00.000000000Z,37911
usdc,2021-05-01T00:00:00.000000000Z,32758
usdc,2021-05-02T00:00:00.000000000Z,33264
usdc,2021-05-03T00:00:00.000000000Z,38502
usdc,2021-05-04T00:00:00.000000000Z,40746
usdc,2021-05-05T00:00:00.000000000Z,38051
usdc,2021-05-06T00:00:00.000000000Z,37434
usdc,2021-05-07T00:00:00.000000000Z,40868
usdc,2021-05-08T00:00:00.000000000Z,29127
usdc,2021-05-09T00:00:00.000000000Z,39628
usdc,2021-05-10T00:00:00.000000000Z,34599
usdc,2021-05-11T00:00:00.000000000Z,29320
usdc,2021-05-12T00:00:00.000000000Z,30547
usdc,2021-05-13T00:00:00.000000000Z,46658
usdc,2021-05-14T00:00:00.000000000Z,34658
usdc,2021-05-15T00:00:00.000000000Z,31154
usdc,2021-05-16T00:00:00.000000000Z,29643
usdc,2021-05-17T00:00:00.000000000Z,35558
usdc,2021-05-18T00:00:00.000000000Z,31414
usdc,2021-05-19T00:00:00.000000000Z,49484
usdc,2021-05-20T00:00:00.000000000Z,39214
usdc,2021-05-21T00:00:00.000000000Z,37276
usdc,2021-05-22T00:00:00.000000000Z,35614
usdc,2021-05-23T00:00:00.000000000Z,36136
usdc,2021-05-24T00:00:00.000000000Z,37495
usdc,2021-05-25T00:00:00.000000000Z,32954
usdc,2021-05-26T00:00:00.000000000Z,37461
usdc,2021-05-27T00:00:00.000000000Z,34150
usdc,2021-05-28T00:00:00.000000000Z,33783
usdc,2021-05-29T00:00:00.000000000Z,30931
usdc,2021-05-30T00:00:00.000000000Z,26657
usdc,2021-05-31T00:00:00.000000000Z,28331
usdc,2021-06-01T00:00:00.000000000Z,30466
usdc,2021-06-02T00:00:00.000000000Z,34494
usdc,2021-06-03T00:00:00.000000000Z,33740
usdc,2021-06-04T00:00:00.000000000Z,34575
usdc,2021-06-05T00:00:00.000000000Z,23609
usdc,2021-06-06T00:00:00.000000000Z,22262
usdc,2021-06-07T00:00:00.000000000Z,31312
usdc,2021-06-08T00:00:00.000000000Z,34691
usdc,2021-06-09T00:00:00.000000000Z,28793
usdc,2021-06-10T00:00:00.000000000Z,30687
usdc,2021-06-11T00:00:00.000000000Z,31501
usdc,2021-06-12T00:00:00.000000000Z,25068
usdc,2021-06-13T00:00:00.000000000Z,24285
usdc,2021-06-14T00:00:00.000000000Z,37720
usdc,2021-06-15T00:00:00.000000000Z,33859
usdc,2021-06-16T00:00:00.000000000Z,33509
usdc,2021-06-17T00:00:00.000000000Z,35318
usdc,2021-06-18T00:00:00.000000000Z,34313
usdc,2021-06-19T00:00:00.000000000Z,26432
usdc,2021-06-20T00:00:00.000000000Z,26663
usdc,2021-06-21T00:00:00.000000000Z,34309
usdc,2021-06-22T00:00:00.000000000Z,38749
usdc,2021-06-23T00:00:00.000000000Z,32365
usdc,2021-06-24T00:00:00.000000000Z,30818
usdc,2021-06-25T00:00:00.000000000Z,29077
usdc,2021-06-26T00:00:00.000000000Z,27121
usdc,2021-06-27T00:00:00.000000000Z,23612
usdc,2021-06-28T00:00:00.000000000Z,28956
usdc,2021-06-29T00:00:00.000000000Z,37184
usdc,2021-06-30T00:00:00.000000000Z,28956
usdc,2021-07-01T00:00:00.000000000Z,26497
usdc,2021-07-02T00:00:00.000000000Z,27982
usdc,2021-07-03T00:00:00.000000000Z,24877
usdc,2021-07-04T00:00:00.000000000Z,51762
usdc,2021-07-05T00:00:00.000000000Z,52942
usdc,2021-07-06T00:00:00.000000000Z,70615
usdc,2021-07-07T00:00:00.000000000Z,58106
usdc,2021-07-08T00:00:00.000000000Z,63208
usdc,2021-07-09T00:00:00.000000000Z,60669
usdc,2021-07-10T00:00:00.000000000Z,49037
usdc,2021-07-11T00:00:00.000000000Z,30087
usdc,2021-07-12T00:00:00.000000000Z,60941
usdc,2021-07-13T00:00:00.000000000Z,58766
usdc,2021-07-14T00:00:00.000000000Z,35012
usdc,2021-07-15T00:00:00.000000000Z,27765
usdc,2021-07-16T00:00:00.000000000Z,28190
usdc,2021-07-17T00:00:00.000000000Z,23325
usdc,2021-07-18T00:00:00.000000000Z,19961
usdc,2021-07-19T00:00:00.000000000Z,28727
usdc,2021-07-20T00:00:00.000000000Z,33147
usdc,2021-07-21T00:00:00.000000000Z,30971
usdc,2021-07-22T00:00:00.000000000Z,27488
usdc,2021-07-23T00:00:00.000000000Z,26574
usdc,2021-07-24T00:00:00.000000000Z,24995
usdc,2021-07-25T00:00:00.000000000Z,21412
usdc,2021-07-26T00:00:00.000000000Z,34408
usdc,2021-07-27T00:00:00.000000000Z,33062
usdc,2021-07-28T00:00:00.000000000Z,30589
usdc,2021-07-29T00:00:00.000000000Z,28930
usdc,2021-07-30T00:00:00.000000000Z,30074
usdc,2021-07-31T00:00:00.000000000Z,29494
usdc,2021-08-01T00:00:00.000000000Z,24897
usdc,2021-08-02T00:00:00.000000000Z,30979
usdc,2021-08-03T00:00:00.000000000Z,29993
usdc,2021-08-04T00:00:00.000000000Z,33793
usdc,2021-08-05T00:00:00.000000000Z,26639
usdc,2021-08-06T00:00:00.000000000Z,30438
usdc,2021-08-07T00:00:00.000000000Z,27983
usdc,2021-08-08T00:00:00.000000000Z,27093
usdc,2021-08-09T00:00:00.000000000Z,29784
usdc,2021-08-10T00:00:00.000000000Z,29333
usdc,2021-08-11T00:00:00.000000000Z,31825
usdc,2021-08-12T00:00:00.000000000Z,34480
usdc,2021-08-13T00:00:00.000000000Z,29912
usdc,2021-08-14T00:00:00.000000000Z,26215
usdc,2021-08-15T00:00:00.000000000Z,24394
usdc,2021-08-16T00:00:00.000000000Z,31489
usdc,2021-08-17T00:00:00.000000000Z,30794
usdc,2021-08-18T00:00:00.000000000Z,31306
usdc,2021-08-19T00:00:00.000000000Z,36591
usdc,2021-08-20T00:00:00.000000000Z,32866
usdc,2021-08-21T00:00:00.000000000Z,27218
usdc,2021-08-22T00:00:00.000000000Z,27425
usdc,2021-08-23T00:00:00.000000000Z,30419
usdc,2021-08-24T00:00:00.000000000Z,30329
usdc,2021-08-25T00:00:00.000000000Z,27403
usdc,2021-08-26T00:00:00.000000000Z,26748
usdc,2021-08-27T00:00:00.000000000Z,25359
usdc,2021-08-28T00:00:00.000000000Z,24119
usdc,2021-08-29T00:00:00.000000000Z,22679
usdc,2021-08-30T00:00:00.000000000Z,30822
usdc,2021-08-31T00:00:00.000000000Z,31632
usdc,2021-09-01T00:00:00.000000000Z,32729
usdc,2021-09-02T00:00:00.000000000Z,36425
usdc,2021-09-03T00:00:00.000000000Z,30854
usdc,2021-09-04T00:00:00.000000000Z,25979
usdc,2021-09-05T00:00:00.000000000Z,24114
usdc,2021-09-06T00:00:00.000000000Z,30530
usdc,2021-09-07T00:00:00.000000000Z,38160
usdc,2021-09-08T00:00:00.000000000Z,37766
usdc,2021-09-09T00:00:00.000000000Z,37553
usdc,2021-09-10T00:00:00.000000000Z,41138
usdc,2021-09-11T00:00:00.000000000Z,34110
usdc,2021-09-12T00:00:00.000000000Z,29550
usdc,2021-09-13T00:00:00.000000000Z,34321
usdc,2021-09-14T00:00:00.000000000Z,33885
usdc,2021-09-15T00:00:00.000000000Z,33014
usdc,2021-09-16T00:00:00.000000000Z,32356
usdc,2021-09-17T00:00:00.000000000Z,30952
usdc,2021-09-18T00:00:00.000000000Z,26993
usdc,2021-09-19T00:00:00.000000000Z,24222
usdc,2021-09-20T00:00:00.000000000Z,36805
usdc,2021-09-21T00:00:00.000000000Z,33678
usdc,2021-09-22T00:00:00.000000000Z,32728
usdc,2021-09-23T00:00:00.000000000Z,27166
usdc,2021-09-24T00:00:00.000000000Z,27866
usdc,2021-09-25T00:00:00.000000000Z,23267
usdc,2021-09-26T00:00:00.000000000Z,20764
usdc,2021-09-27T00:00:00.000000000Z,26245
usdc,2021-09-28T00:00:00.000000000Z,29189
usdc,2021-09-29T00:00:00.000000000Z,30891
usdc,2021-09-30T00:00:00.000000000Z,28387
usdc,2021-10-01T00:00:00.000000000Z,36355
usdc,2021-10-02T00:00:00.000000000Z,29540
usdc,2021-10-03T00:00:00.000000000Z,24752
usdc,2021-10-04T00:00:00.000000000Z,30467
usdc,2021-10-05T00:00:00.000000000Z,32998
usdc,2021-10-06T00:00:00.000000000Z,31532
usdc,2021-10-07T00:00:00.000000000Z,31114
usdc,2021-10-08T00:00:00.000000000Z,29873
usdc,2021-10-09T00:00:00.000000000Z,29346
usdc,2021-10-10T00:00:00.000000000Z,31499
usdc,2021-10-11T00:00:00.000000000Z,29938
usdc,2021-10-12T00:00:00.000000000Z,31799
usdc,2021-10-13T00:00:00.000000000Z,31739
usdc,2021-10-14T00:00:00.000000000Z,32021
usdc,2021-10-15T00:00:00.000000000Z,34489
usdc,2021-10-16T00:00:00.000000000Z,29286
usdc,2021-10-17T00:00:00.000000000Z,29684
usdc,2021-10-18T00:00:00.000000000Z,36173
usdc,2021-10-19T00:00:00.000000000Z,33991
usdc,2021-10-20T00:00:00.000000000Z,36133
usdc,2021-10-21T00:00:00.000000000Z,33273
usdc,2021-10-22T00:00:00.000000000Z,30961
usdc,2021-10-23T00:00:00.000000000Z,26388
usdc,2021-10-24T00:00:00.000000000Z,25823
usdc,2021-10-25T00:00:00.000000000Z,32040
usdc,2021-10-26T00:00:00.000000000Z,31601
usdc,2021-10-27T00:00:00.000000000Z,63082
usdc,2021-10-28T00:00:00.000000000Z,35344
usdc,2021-10-29T00:00:00.000000000Z,37857
usdc,2021-10-30T00:00:00.000000000Z,31272
usdc,2021-10-31T00:00:00.000000000Z,28281
usdc,2021-11-01T00:00:00.000000000Z,35857
usdc,2021-11-02T00:00:00.000000000Z,39141
usdc,2021-11-03T00:00:00.000000000Z,37122
usdc,2021-11-04T00:00:00.000000000Z,36568
usdc,2021-11-05T00:00:00.000000000Z,34219
usdc,2021-11-06T00:00:00.000000000Z,36569
usdc,2021-11-07T00:00:00.000000000Z,31861
usdc,2021-11-08T00:00:00.000000000Z,34901
usdc,2021-11-09T00:00:00.000000000Z,35034
usdc,2021-11-10T00:00:00.000000000Z,35055
usdc,2021-11-11T00:00:00.000000000Z,32278
usdc,2021-11-12T00:00:00.000000000Z,31661
usdc,2021-11-13T00:00:00.000000000Z,27243
usdc,2021-11-14T00:00:00.000000000Z,27826
usdc,2021-11-15T00:00:00.000000000Z,38452
usdc,2021-11-16T00:00:00.000000000Z,44540
usdc,2021-11-17T00:00:00.000000000Z,33783
usdc,2021-11-18T00:00:00.000000000Z,34203
usdc,2021-11-19T00:00:00.000000000Z,32087
usdc,2021-11-20T00:00:00.000000000Z,28502
usdc,2021-11-21T00:00:00.000000000Z,28512
usdc,2021-11-22T00:00:00.000000000Z,29984
usdc,2021-11-23T00:00:00.000000000Z,31801
usdc,2021-11-24T00:00:00.000000000Z,32697
usdc,2021-11-25T00:00:00.000000000Z,30006
usdc,2021-11-26T00:00:00.000000000Z,39951
usdc,2021-11-27T00:00:00.000000000Z,28234
usdc,2021-11-28T00:00:00.000000000Z,25712
usdc,2021-11-29T00:00:00.000000000Z,32679
usdc,2021-11-30T00:00:00.000000000Z,40732
usdc,2021-12-01T00:00:00.000000000Z,38856
usdc,2021-12-02T00:00:00.000000000Z,36607
usdc,2021-12-03T00:00:00.000000000Z,35812
usdc,2021-12-04T00:00:00.000000000Z,42674
usdc,2021-12-05T00:00:00.000000000Z,30385
usdc,2021-12-06T00:00:00.000000000Z,43648
usdc,2021-12-07T00:00:00.000000000Z,37219
usdc,2021-12-08T00:00:00.000000000Z,36952
usdc,2021-12-09T00:00:00.000000000Z,36588
usdc,2021-12-10T00:00:00.000000000Z,34644
usdc,2021-12-11T00:00:00.000000000Z,27475
usdc,2021-12-12T00:00:00.000000000Z,24285
usdc,2021-12-13T00:00:00.000000000Z,32495
usdc,2021-12-14T00:00:00.000000000Z,41039
usdc,2021-12-15T00:00:00.000000000Z,32393
usdc,2021-12-16T00:00:00.000000000Z,32487
usdc,2021-12-17T00:00:00.000000000Z,41369
usdc,2021-12-18T00:00:00.000000000Z,30588
usdc,2021-12-19T00:00:00.000000000Z,28865
usdc,2021-12-20T00:00:00.000000000Z,34355
usdc,2021-12-21T00:00:00.000000000Z,40927
usdc,2021-12-22T00:00:00.000000000Z,35833
usdc,2021-12-23T00:00:00.000000000Z,32083
usdc,2021-12-24T00:00:00.000000000Z,33865
usdc,2021-12-25T00:00:00.000000000Z,24379
usdc,2021-12-26T00:00:00.000000000Z,26292
usdc,2021-12-27T00:00:00.000000000Z,31652
usdc,2021-12-28T00:00:00.000000000Z,30591
usdc,2021-12-29T00:00:00.000000000Z,32445
usdc,2021-12-30T00:00:00.000000000Z,35500
usdc,2021-12-31T00:00:00.000000000Z,32357
usdc,2022-01-01T00:00:00.000000000Z,24291
usdc,2022-01-02T00:00:00.000000000Z,22299
usdc,2022-01-03T00:00:00.000000000Z,30720
usdc,2022-01-04T00:00:00.000000000Z,31697
usdc,2022-01-05T00:00:00.000000000Z,34370
usdc,2022-01-06T00:00:00.000000000Z,33535
usdc,2022-01-07T00:00:00.000000000Z,32988
usdc,2022-01-08T00:00:00.000000000Z,28681
usdc,2022-01-09T00:00:00.000000000Z,23142
usdc,2022-01-10T00:00:00.000000000Z,27710
usdc,2022-01-11T00:00:00.000000000Z,28558
usdc,2022-01-12T00:00:00.000000000Z,28705
usdc,2022-01-13T00:00:00.000000000Z,27376
usdc,2022-01-14T00:00:00.000000000Z,28842
usdc,2022-01-15T00:00:00.000000000Z,24797
usdc,2022-01-16T00:00:00.000000000Z,21617
usdc,2022-01-17T00:00:00.000000000Z,27112
usdc,2022-01-18T00:00:00.000000000Z,30001
usdc,2022-01-19T00:00:00.000000000Z,38599
usdc,2022-01-20T00:00:00.000000000Z,114338
usdc,2022-01-21T00:00:00.000000000Z,37016
usdc,2022-01-22T00:00:00.000000000Z,60746
usdc,2022-01-23T00:00:00.000000000Z,263953
usdc,2022-01-24T00:00:00.000000000Z,500167
usdc,2022-01-25T00:00:00.000000000Z,419015
usdc,2022-01-26T00:00:00.000000000Z,258431
usdc,2022-01-27T00:00:00.000000000Z,233561
usdc,2022-01-28T00:00:00.000000000Z,238553
usdc,2022-01-29T00:00:00.000000000Z,213073
usdc,2022-01-30T00:00:00.000000000Z,203638
usdc,2022-01-31T00:00:00.000000000Z,236020
usdc,2022-02-01T00:00:00.000000000Z,222736
usdc,2022-02-02T00:00:00.000000000Z,229865
usdc,2022-02-03T00:00:00.000000000Z,206030
usdc,2022-02-04T00:00:00.000000000Z,205490
usdc,2022-02-05T00:00:00.000000000Z,189373
usdc,2022-02-06T00:00:00.000000000Z,175131
usdc,2022-02-07T00:00:00.000000000Z,230933
usdc,2022-02-08T00:00:00.000000000Z,212864
usdc,2022-02-09T00:00:00.000000000Z,221158
usdc,2022-02-10T00:00:00.000000000Z,237094
usdc,2022-02-11T00:00:00.000000000Z,252646
usdc,2022-02-12T00:00:00.000000000Z,243178
usdc,2022-02-13T00:00:00.000000000Z,244326
usdc,2022-02-14T00:00:00.000000000Z,254040
usdc,2022-02-15T00:00:00.000000000Z,272779
usdc,2022-02-16T00:00:00.000000000Z,256535
usdc,2022-02-17T00:00:00.000000000Z,215610
usdc,2022-02-18T00:00:00.000000000Z,212807
usdc,2022-02-19T00:00:00.000000000Z,194975
usdc,2022-02-20T00:00:00.000000000Z,209731
usdc,2022-02-21T00:00:00.000000000Z,242880
usdc,2022-02-22T00:00:00.000000000Z,275549
usdc,2022-02-23T00:00:00.000000000Z,290053
usdc,2022-02-24T00:00:00.000000000Z,296091
usdc,2022-02-25T00:00:00.000000000Z,242358
usdc,2022-02-26T00:00:00.000000000Z,199047
usdc,2022-02-27T00:00:00.000000000Z,193950
usdc,2022-02-28T00:00:00.000000000Z,227409
usdc,2022-03-01T00:00:00.000000000Z,236954
usdc,2022-03-02T00:00:00.000000000Z,233063
usdc,2022-03-03T00:00:00.000000000Z,220305
usdc,2022-03-04T00:00:00.000000000Z,218628
usdc,2022-03-05T00:00:00.000000000Z,200926
usdc,2022-03-06T00:00:00.000000000Z,194818
usdc,2022-03-07T00:00:00.000000000Z,216134
usdc,2022-03-08T00:00:00.000000000Z,206703
usdc,2022-03-09T00:00:00.000000000Z,367019
usdc,2022-03-10T00:00:00.000000000Z,322876
usdc,2022-03-11T00:00:00.000000000Z,228897
usdc,2022-03-12T00:00:00.000000000Z,195291
usdc,2022-03-13T00:00:00.000000000Z,207832
usdc,2022-03-14T00:00:00.000000000Z,232678
usdc,2022-03-15T00:00:00.000000000Z,372132
usdc,2022-03-16T00:00:00.000000000Z,308186
usdc,2022-03-17T00:00:00.000000000Z,262776
usdc,2022-03-18T00:00:00.000000000Z,257574
usdc,2022-03-19T00:00:00.000000000Z,239744
usdc,2022-03-20T00:00:00.000000000Z,236089
usdc,2022-03-21T00:00:00.000000000Z,260883
usdc,2022-03-22T00:00:00.000000000Z,288168
usdc,2022-03-23T00:00:00.000000000Z,301605
usdc,2022-03-24T00:00:00.000000000Z,315169
usdc,2022-03-25T00:00:00.000000000Z,323471
usdc,2022-03-26T00:00:00.000000000Z,273850
usdc,2022-03-27T00:00:00.000000000Z,290662
usdc,2022-03-28T00:00:00.000000000Z,374652
usdc,2022-03-29T00:00:00.000000000Z,376027
usdc,2022-03-30T00:00:00.000000000Z,416855
usdc,2022-03-31T00:00:00.000000000Z,421993
usdc,2022-04-01T00:00:00.000000000Z,410356
usdc,2022-04-02T00:00:00.000000000Z,390130
usdc,2022-04-03T00:00:00.000000000Z,371485
usdc,2022-04-04T00:00:00.000000000Z,414363
usdc,2022-04-05T00:00:00.000000000Z,498079
usdc,2022-04-06T00:00:00.000000000Z,369476
usdc,2022-04-07T00:00:00.000000000Z,287900
usdc,2022-04-08T00:00:00.000000000Z,424617
usdc,2022-04-09T00:00:00.000000000Z,349177
usdc,2022-04-10T00:00:00.000000000Z,403944
usdc,2022-04-11T00:00:00.000000000Z,455945
usdc,2022-04-12T00:00:00.000000000Z,470644
usdc,2022-04-13T00:00:00.000000000Z,492541
usdc,2022-04-14T00:00:00.000000000Z,509082
usdc,2022-04-15T00:00:00.000000000Z,478801
usdc,2022-04-16T00:00:00.000000000Z,455399
usdc,2022-04-17T00:00:00.000000000Z,463544
usdc,2022-04-18T00:00:00.000000000Z,502195
usdc,2022-04-19T00:00:00.000000000Z,691775
usdc,2022-04-20T00:00:00.000000000Z,810245
usdc,2022-04-21T00:00:00.000000000Z,799359
usdc,2022-04-22T00:00:00.000000000Z,643750
usdc,2022-04-23T00:00:00.000000000Z,725254
usdc,2022-04-24T00:00:00.000000000Z,793678
usdc,2022-04-25T00:00:00.000000000Z,840785
usdc,2022-04-26T00:00:00.000000000Z,846778
usdc,2022-04-27T00:00:00.000000000Z,927282
usdc,2022-04-28T00:00:00.000000000Z,959465
usdc,2022-04-29T00:00:00.000000000Z,1065351
usdc,2022-04-30T00:00:00.000000000Z,791311
usdc,2022-05-01T00:00:00.000000000Z,865456
usdc,2022-05-02T00:00:00.000000000Z,1174970
usdc,2022-05-03T00:00:00.000000000Z,1162605
usdc,2022-05-04T00:00:00.000000000Z,1122365
usdc,2022-05-05T00:00:00.000000000Z,1040301
usdc,2022-05-06T00:00:00.000000000Z,1012822
usdc,2022-05-07T00:00:00.000000000Z,1004262
usdc,2022-05-08T00:00:00.000000000Z,1026715
usdc,2022-05-09T00:00:00.000000000Z,1032737
usdc,2022-05-10T00:00:00.000000000Z,1119401
usdc,2022-05-11T00:00:00.000000000Z,1030506
usdc,2022-05-12T00:00:00.000000000Z,1034419
usdc,2022-05-13T00:00:00.000000000Z,982529
usdc,2022-05-14T00:00:00.000000000Z,996532
usdc,2022-05-15T00:00:00.000000000Z,1030144
usdc,2022-05-16T00:00:00.000000000Z,1083875
usdc,2022-05-17T00:00:00.000000000Z,1071051
usdc,2022-05-18T00:00:00.000000000Z,1092732
usdc,2022-05-19T00:00:00.000000000Z,1072787
usdc,2022-05-20T00:00:00.000000000Z,1014381
usdc,2022-05-21T00:00:00.000000000Z,1096557
usdc,2022-05-22T00:00:00.000000000Z,1120021
usdc,2022-05-23T00:00:00.000000000Z,1213715
usdc,2022-05-24T00:00:00.000000000Z,1150169
usdc,2022-05-25T00:00:00.000000000Z,1168694
usdc,2022-05-26T00:00:00.000000000Z,1299472
usdc,2022-05-27T00:00:00.000000000Z,1187567
usdc,2022-05-28T00:00:00.000000000Z,986990
usdc,2022-05-29T00:00:00.000000000Z,1003984
usdc,2022-05-30T00:00:00.000000000Z,1004450
usdc,2022-05-31T00:00:00.000000000Z,1013074
usdc,2022-06-01T00:00:00.000000000Z,859683
usdc,2022-06-02T00:00:00.000000000Z,1052616
usdc,2022-06-03T00:00:00.000000000Z,578905
usdc,2022-06-04T00:00:00.000000000Z,892338
usdc,2022-06-05T00:00:00.000000000Z,975603
usdc,2022-06-06T00:00:00.000000000Z,952132
usdc,2022-06-07T00:00:00.000000000Z,983205
usdc,2022-06-08T00:00:00.000000000Z,913333
usdc,2022-06-09T00:00:00.000000000Z,820730
usdc,2022-06-10T00:00:00.000000000Z,822971
usdc,2022-06-11T00:00:00.000000000Z,807327
usdc,2022-06-12T00:00:00.000000000Z,789284
usdc,2022-06-13T00:00:00.000000000Z,731220
usdc,2022-06-14T00:00:00.000000000Z,775750
usdc,2022-06-15T00:00:00.000000000Z,872707
usdc,2022-06-16T00:00:00.000000000Z,644112
usdc,2022-06-17T00:00:00.000000000Z,688680
usdc,2022-06-18T00:00:00.000000000Z,693662
usdc,2022-06-19T00:00:00.000000000Z,687485
usdc,2022-06-20T00:00:00.000000000Z,755545
usdc,2022-06-21T00:00:00.000000000Z,698862
usdc,2022-06-22T00:00:00.000000000Z,821015
usdc,2022-06-23T00:00:00.000000000Z,679976
usdc,2022-06-24T00:00:00.000000000Z,711701
usdc,2022-06-25T00:00:00.000000000Z,687820
usdc,2022-06-26T00:00:00.000000000Z,696262
usdc,2022-06-27T00:00:00.000000000Z,578339
usdc,2022-06-28T00:00:00.000000000Z,701083
usdc,2022-06-29T00:00:00.000000000Z,647718
usdc,2022-06-30T00:00:00.000000000Z,623012
usdc,2022-07-01T00:00:00.000000000Z,594023
usdc,2022-07-02T00:00:00.000000000Z,569957
usdc,2022-07-03T00:00:00.000000000Z,566248
usdc,2022-07-04T00:00:00.000000000Z,562752
usdc,2022-07-05T00:00:00.000000000Z,556997
usdc,2022-07-06T00:00:00.000000000Z,538777
usdc,2022-07-07T00:00:00.000000000Z,559397
usdc,2022-07-08T00:00:00.000000000Z,388402
usdc,2022-07-09T00:00:00.000000000Z,517608
usdc,2022-07-10T00:00:00.000000000Z,484662
usdc,2022-07-11T00:00:00.000000000Z,529759
usdc,2022-07-12T00:00:00.000000000Z,514079
usdc,2022-07-13T00:00:00.000000000Z,533987
usdc,2022-07-14T00:00:00.000000000Z,501965
usdc,2022-07-15T00:00:00.000000000Z,445196
usdc,2022-07-16T00:00:00.000000000Z,466669
usdc,2022-07-17T00:00:00.000000000Z,444740
usdc,2022-07-18T00:00:00.000000000Z,471138
usdc,2022-07-19T00:00:00.000000000Z,617462
usdc,2022-07-20T00:00:00.000000000Z,504900
usdc,2022-07-21T00:00:00.000000000Z,397630
usdc,2022-07-22T00:00:00.000000000Z,497908
usdc,2022-07-23T00:00:00.000000000Z,605324
usdc,2022-07-24T00:00:00.000000000Z,569032
usdc,2022-07-25T00:00:00.000000000Z,431506
usdc,2022-07-26T00:00:00.000000000Z,411504
usdc,2022-07-27T00:00:00.000000000Z,406650
usdc,2022-07-28T00:00:00.000000000Z,409305
usdc,2022-07-29T00:00:00.000000000Z,395911
usdc,2022-07-30T00:00:00.000000000Z,325998
usdc,2022-07-31T00:00:00.000000000Z,404684
usdc,2022-08-01T00:00:00.000000000Z,402398
usdc,2022-08-02T00:00:00.000000000Z,374680
usdc,2022-08-03T00:00:00.000000000Z,511098
usdc,2022-08-04T00:00:00.000000000Z,346171
usdc,2022-08-05T00:00:00.000000000Z,316556
usdc,2022-08-06T00:00:00.000000000Z,279750
usdc,2022-08-07T00:00:00.000000000Z,287510
usdc,2022-08-08T00:00:00.000000000Z,372284
usdc,2022-08-09T00:00:00.000000000Z,356750
usdc,2022-08-10T00:00:00.000000000Z,351768
usdc,2022-08-11T00:00:00.000000000Z,359028
usdc,2022-08-12T00:00:00.000000000Z,319209
usdc,2022-08-13T00:00:00.000000000Z,326398
usdc,2022-08-14T00:00:00.000000000Z,300898
usdc,2022-08-15T00:00:00.000000000Z,336852
usdc,2022-08-16T00:00:00.000000000Z,349060
usdc,2022-08-17T00:00:00.000000000Z,320804
usdc,2022-08-18T00:00:00.000000000Z,293216
usdc,2022-08-19T00:00:00.000000000Z,344297
usdc,2022-08-20T00:00:00.000000000Z,272252
usdc,2022-08-21T00:00:00.000000000Z,268042
usdc,2022-08-22T00:00:00.000000000Z,289971
usdc,2022-08-23T00:00:00.000000000Z,267634
usdc,2022-08-24T00:00:00.000000000Z,261114
usdc,2022-08-25T00:00:00.000000000Z,257383
usdc,2022-08-26T00:00:00.000000000Z,282118
usdc,2022-08-27T00:00:00.000000000Z,262173
usdc,2022-08-28T00:00:00.000000000Z,248621
usdc,2022-08-29T00:00:00.000000000Z,281398
usdc,2022-08-30T00:00:00.000000000Z,278774
usdc,2022-08-31T00:00:00.000000000Z,263962
usdc,2022-09-01T00:00:00.000000000Z,276191
usdc,2022-09-02T00:00:00.000000000Z,258554
usdc,2022-09-03T00:00:00.000000000Z,238481
usdc,2022-09-04T00:00:00.000000000Z,239420
usdc,2022-09-05T00:00:00.000000000Z,243838
usdc,2022-09-06T00:00:00.000000000Z,280107
usdc,2022-09-07T00:00:00.000000000Z,249810
usdc,2022-09-08T00:00:00.000000000Z,248239
usdc,2022-09-09T00:00:00.000000000Z,264266
usdc,2022-09-10T00:00:00.000000000Z,271237
usdc,2022-09-11T00:00:00.000000000Z,248916
usdc,2022-09-12T00:00:00.000000000Z,263161
usdc,2022-09-13T00:00:00.000000000Z,267213
usdc,2022-09-14T00:00:00.000000000Z,249141
usdc,2022-09-15T00:00:00.000000000Z,236640
usdc,2022-09-16T00:00:00.000000000Z,226324
usdc,2022-09-17T00:00:00.000000000Z,209907
usdc,2022-09-18T00:00:00.000000000Z,222909
usdc,2022-09-19T00:00:00.000000000Z,255174
usdc,2022-09-20T00:00:00.000000000Z,239528
usdc,2022-09-21T00:00:00.000000000Z,236584
usdc,2022-09-22T00:00:00.000000000Z,226960
usdc,2022-09-23T00:00:00.000000000Z,224375
usdc,2022-09-24T00:00:00.000000000Z,208036
usdc,2022-09-25T00:00:00.000000000Z,205837
usdc,2022-09-26T00:00:00.000000000Z,232158
usdc,2022-09-27T00:00:00.000000000Z,309053
usdc,2022-09-28T00:00:00.000000000Z,343149
usdc,2022-09-29T00:00:00.000000000Z,306274
usdc,2022-09-30T00:00:00.000000000Z,269367
usdc,2022-10-01T00:00:00.000000000Z,232748
usdc,2022-10-02T00:00:00.000000000Z,254776
usdc,2022-10-03T00:00:00.000000000Z,264291
usdc,2022-10-04T00:00:00.000000000Z,269603
usdc,2022-10-05T00:00:00.000000000Z,272675
usdc,2022-10-06T00:00:00.000000000Z,251879
usdc,2022-10-07T00:00:00.000000000Z,282955
usdc,2022-10-08T00:00:00.000000000Z,250099
usdc,2022-10-09T00:00:00.000000000Z,240673
usdc,2022-10-10T00:00:00.000000000Z,267536
usdc,2022-10-11T00:00:00.000000000Z,395886
usdc,2022-10-12T00:00:00.000000000Z,375871
usdc,2022-10-13T00:00:00.000000000Z,304154
usdc,2022-10-14T00:00:00.000000000Z,260879
usdc,2022-10-15T00:00:00.000000000Z,237298
usdc,2022-10-16T00:00:00.000000000Z,229749
usdc,2022-10-17T00:00:00.000000000Z,236874
usdc,2022-10-18T00:00:00.000000000Z,228500
usdc,2022-10-19T00:00:00.000000000Z,222461
usdc,2022-10-20T00:00:00.000000000Z,244156
usdc,2022-10-21T00:00:00.000000000Z,225180
usdc,2022-10-22T00:00:00.000000000Z,185701
usdc,2022-10-23T00:00:00.000000000Z,189310
usdc,2022-10-24T00:00:00.000000000Z,207447
usdc,2022-10-25T00:00:00.000000000Z,234846
usdc,2022-10-26T00:00:00.000000000Z,228073
usdc,2022-10-27T00:00:00.000000000Z,216578
usdc,2022-10-28T00:00:00.000000000Z,219664
usdc,2022-10-29T00:00:00.000000000Z,216407
usdc,2022-10-30T00:00:00.000000000Z,209674
usdc,2022-10-31T00:00:00.000000000Z,232838
usdc,2022-11-01T00:00:00.000000000Z,203657
usdc,2022-11-02T00:00:00.000000000Z,206441
usdc,2022-11-03T00:00:00.000000000Z,196534
usdc,2022-11-04T00:00:00.000000000Z,221602
usdc,2022-11-05T00:00:00.000000000Z,324768
usdc,2022-11-06T00:00:00.000000000Z,297591
usdc,2022-11-07T00:00:00.000000000Z,280679
usdc,2022-11-08T00:00:00.000000000Z,358594
usdc,2022-11-09T00:00:00.000000000Z,487211
usdc,2022-11-10T00:00:00.000000000Z,394825
usdc,2022-11-11T00:00:00.000000000Z,264943
usdc,2022-11-12T00:00:00.000000000Z,228932
usdc,2022-11-13T00:00:00.000000000Z,247613
usdc,2022-11-14T00:00:00.000000000Z,266195
usdc,2022-11-15T00:00:00.000000000Z,241514
usdc,2022-11-16T00:00:00.000000000Z,214815
usdc,2022-11-17T00:00:00.000000000Z,242506
usdc,2022-11-18T00:00:00.000000000Z,242402
usdc,2022-11-19T00:00:00.000000000Z,197820
usdc,2022-11-20T00:00:00.000000000Z,206911
usdc,2022-11-21T00:00:00.000000000Z,237084
usdc,2022-11-22T00:00:00.000000000Z,200949
usdc,2022-11-23T00:00:00.000000000Z,200162
usdc,2022-11-24T00:00:00.000000000Z,191646
usdc,2022-11-25T00:00:00.000000000Z,168880
usdc,2022-11-26T00:00:00.000000000Z,174883
usdc,2022-11-27T00:00:00.000000000Z,167317
usdc,2022-11-28T00:00:00.000000000Z,184513
usdc,2022-11-29T00:00:00.000000000Z,179239
usdc,2022-11-30T00:00:00.000000000Z,195937
usdc,2022-12-01T00:00:00.000000000Z,214055
usdc,2022-12-02T00:00:00.000000000Z,171065
usdc,2022-12-03T00:00:00.000000000Z,173255
usdc,2022-12-04T00:00:00.000000000Z,175560
usdc,2022-12-05T00:00:00.000000000Z,184589
usdc,2022-12-06T00:00:00.000000000Z,187593
usdc,2022-12-07T00:00:00.000000000Z,195474
usdc,2022-12-08T00:00:00.000000000Z,211268
usdc,2022-12-09T00:00:00.000000000Z,185549
usdc,2022-12-10T00:00:00.000000000Z,162282
usdc,2022-12-11T00:00:00.000000000Z,169934
usdc,2022-12-12T00:00:00.000000000Z,196003
usdc,2022-12-13T00:00:00.000000000Z,203049
usdc,2022-12-14T00:00:00.000000000Z,198908
usdc,2022-12-15T00:00:00.000000000Z,189834
usdc,2022-12-16T00:00:00.000000000Z,241365
usdc,2022-12-17T00:00:00.000000000Z,218367
usdc,2022-12-18T00:00:00.000000000Z,193353
usdc,2022-12-19T00:00:00.000000000Z,209893
usdc,2022-12-20T00:00:00.000000000Z,222289
usdc,2022-12-21T00:00:00.000000000Z,211678
usdc,2022-12-22T00:00:00.000000000Z,210456
usdc,2022-12-23T00:00:00.000000000Z,205157
usdc,2022-12-24T00:00:00.000000000Z,188739
usdc,2022-12-25T00:00:00.000000000Z,199136
usdc,2022-12-26T00:00:00.000000000Z,193989
usdc,2022-12-27T00:00:00.000000000Z,197150
usdc,2022-12-28T00:00:00.000000000Z,236939
usdc,2022-12-29T00:00:00.000000000Z,267854
usdc,2022-12-30T00:00:00.000000000Z,238091
usdc,2022-12-31T00:00:00.000000000Z,233287
usdc,2023-01-01T00:00:00.000000000Z,232422
usdc,2023-01-02T00:00:00.000000000Z,282383
usdc,2023-01-03T00:00:00.000000000Z,318377
usdc,2023-01-04T00:00:00.000000000Z,361848
usdc,2023-01-05T00:00:00.000000000Z,413722
usdc,2023-01-06T00:00:00.000000000Z,424640
usdc,2023-01-07T00:00:00.000000000Z,355283
usdc,2023-01-08T00:00:00.000000000Z,395443
usdc,2023-01-09T00:00:00.000000000Z,434978
usdc,2023-01-10T00:00:00.000000000Z,343624
usdc,2023-01-11T00:00:00.000000000Z,338938
usdc,2023-01-12T00:00:00.000000000Z,338740
usdc,2023-01-13T00:00:00.000000000Z,315370
usdc,2023-01-14T00:00:00.000000000Z,393982
usdc,2023-01-15T00:00:00.000000000Z,328849
usdc,2023-01-16T00:00:00.000000000Z,317734
usdc,2023-01-17T00:00:00.000000000Z,334834
usdc,2023-01-18T00:00:00.000000000Z,338372
usdc,2023-01-19T00:00:00.000000000Z,315315
usdc,2023-01-20T00:00:00.000000000Z,320878
usdc,2023-01-21T00:00:00.000000000Z,303693
usdc,2023-01-22T00:00:00.000000000Z,279879
usdc,2023-01-23T00:00:00.000000000Z,323516
usdc,2023-01-24T00:00:00.000000000Z,282036
usdc,2023-01-25T00:00:00.000000000Z,282911
usdc,2023-01-26T00:00:00.000000000Z,303827
usdc,2023-01-27T00:00:00.000000000Z,304941
usdc,2023-01-28T00:00:00.000000000Z,251356
usdc,2023-01-29T00:00:00.000000000Z,258627
usdc,2023-01-30T00:00:00.000000000Z,272430
usdc,2023-01-31T00:00:00.000000000Z,260677
usdc,2023-02-01T00:00:00.000000000Z,268867
usdc,2023-02-02T00:00:00.000000000Z,285930
usdc,2023-02-03T00:00:00.000000000Z,251989
usdc,2023-02-04T00:00:00.000000000Z,243208
usdc,2023-02-05T00:00:00.000000000Z,236253
usdc,2023-02-06T00:00:00.000000000Z,242651
usdc,2023-02-07T00:00:00.000000000Z,252362
usdc,2023-02-08T00:00:00.000000000Z,255031
usdc,2023-02-09T00:00:00.000000000Z,272216
usdc,2023-02-10T00:00:00.000000000Z,254146
usdc,2023-02-11T00:00:00.000000000Z,227892
usdc,2023-02-12T00:00:00.000000000Z,221628
usdc,2023-02-13T00:00:00.000000000Z,263362
usdc,2023-02-14T00:00:00.000000000Z,246230
usdc,2023-02-15T00:00:00.000000000Z,251198
usdc,2023-02-16T00:00:00.000000000Z,283642
usdc,2023-02-17T00:00:00.000000000Z,238114
usdc,2023-02-18T00:00:00.000000000Z,245304
usdc,2023-02-19T00:00:00.000000000Z,251108
usdc,2023-02-20T00:00:00.000000000Z,265838
usdc,2023-02-21T00:00:00.000000000Z,231963
usdc,2023-02-22T00:00:00.000000000Z,231333
usdc,2023-02-23T00:00:00.000000000Z,222012
usdc,2023-02-24T00:00:00.000000000Z,230730
usdc,2023-02-25T00:00:00.000000000Z,78544
usdc,2023-02-26T00:00:00.000000000Z,221480
usdc,2023-02-27T00:00:00.000000000Z,217781
usdc,2023-02-28T00:00:00.000000000Z,225586
usdc,2023-03-01T00:00:00.000000000Z,224045
usdc,2023-03-02T00:00:00.000000000Z,231147
usdc,2023-03-03T00:00:00.000000000Z,231569
usdc,2023-03-04T00:00:00.000000000Z,204344
usdc,2023-03-05T00:00:00.000000000Z,195791
usdc,2023-03-06T00:00:00.000000000Z,203368
usdc,2023-03-07T00:00:00.000000000Z,203836
usdc,2023-03-08T00:00:00.000000000Z,208439
usdc,2023-03-09T00:00:00.000000000Z,218956
usdc,2023-03-10T00:00:00.000000000Z,255327
usdc,2023-03-11T00:00:00.000000000Z,344430
usdc,2023-03-12T00:00:00.000000000Z,219286
usdc,2023-03-13T00:00:00.000000000Z,232092
usdc,2023-03-14T00:00:00.000000000Z,224226
usdc,2023-03-15T00:00:00.000000000Z,205502
usdc,2023-03-16T00:00:00.000000000Z,208679
usdc,2023-03-17T00:00:00.000000000Z,205048
usdc,2023-03-18T00:00:00.000000000Z,226865
usdc,2023-03-19T00:00:00.000000000Z,195746
usdc,2023-03-20T00:00:00.000000000Z,211154
usdc,2023-03-21T00:00:00.000000000Z,197066
usdc,2023-03-22T00:00:00.000000000Z,146477
usdc,2023-03-23T00:00:00.000000000Z,189663
usdc,2023-03-24T00:00:00.000000000Z,218388
usdc,2023-03-25T00:00:00.000000000Z,225350
usdc,2023-03-26T00:00:00.000000000Z,170224
usdc,2023-03-27T00:00:00.000000000Z,203550
usdc,2023-03-28T00:00:00.000000000Z,189750
usdc,2023-03-29T00:00:00.000000000Z,178946
usdc,2023-03-30T00:00:00.000000000Z,178433
usdc,2023-03-31T00:00:00.000000000Z,190638
usdc,2023-04-01T00:00:00.000000000Z,180551
usdc,2023-04-02T00:00:00.000000000Z,170403
usdc,2023-04-03T00:00:00.000000000Z,194387
usdc,2023-04-04T00:00:00.000000000Z,197182
usdc,2023-04-05T00:00:00.000000000Z,188942
usdc,2023-04-06T00:00:00.000000000Z,186841
usdc,2023-04-07T00:00:00.000000000Z,182281
usdc,2023-04-08T00:00:00.000000000Z,177337
usdc,2023-04-09T00:00:00.000000000Z,191552
usdc,2023-04-10T00:00:00.000000000Z,194074
usdc,2023-04-11T00:00:00.000000000Z,225831
usdc,2023-04-12T00:00:00.000000000Z,219056
usdc,2023-04-13T00:00:00.000000000Z,221595
usdc,2023-04-14T00:00:00.000000000Z,232148
usdc,2023-04-15T00:00:00.000000000Z,208069
usdc,2023-04-16T00:00:00.000000000Z,207890
usdc,2023-04-17T00:00:00.000000000Z,210994
usdc,2023-04-18T00:00:00.000000000Z,219619
usdc,2023-04-19T00:00:00.000000000Z,222171
usdc,2023-04-20T00:00:00.000000000Z,221965
usdc,2023-04-21T00:00:00.000000000Z,227693
usdc,2023-04-22T00:00:00.000000000Z,203301
usdc,2023-04-23T00:00:00.000000000Z,201679
usdc,2023-04-24T00:00:00.000000000Z,198915
usdc,2023-04-25T00:00:00.000000000Z,210639
usdc,2023-04-26T00:00:00.000000000Z,223413
usdc,2023-04-27T00:00:00.000000000Z,218653
usdc,2023-04-28T00:00:00.000000000Z,215486
usdc,2023-04-29T00:00:00.000000000Z,201635
usdc,2023-04-30T00:00:00.000000000Z,218829
usdc,2023-05-01T00:00:00.000000000Z,239152
usdc,2023-05-02T00:00:00.000000000Z,219569
usdc,2023-05-03T00:00:00.000000000Z,220062
usdc,2023-05-04T00:00:00.000000000Z,292594
usdc,2023-05-05T00:00:00.000000000Z,328824
usdc,2023-05-06T00:00:00.000000000Z,375019
usdc,2023-05-07T00:00:00.000000000Z,310828
usdc,2023-05-08T00:00:00.000000000Z,357403
usdc,2023-05-09T00:00:00.000000000Z,290242
usdc,2023-05-10T00:00:00.000000000Z,292188
usdc,2023-05-11T00:00:00.000000000Z,290410
usdc,2023-05-12T00:00:00.000000000Z,262596
usdc,2023-05-13T00:00:00.000000000Z,233086
usdc,2023-05-14T00:00:00.000000000Z,227174
usdc,2023-05-15T00:00:00.000000000Z,243064
usdc,2023-05-16T00:00:00.000000000Z,234566
usdc,2023-05-17T00:00:00.000000000Z,249804
usdc,2023-05-18T00:00:00.000000000Z,239517
usdc,2023-05-19T00:00:00.000000000Z,222362
usdc,2023-05-20T00:00:00.000000000Z,220118
usdc,2023-05-21T00:00:00.000000000Z,217475
usdc,2023-05-22T00:00:00.000000000Z,282667
usdc,2023-05-23T00:00:00.000000000Z,284407
usdc,2023-05-24T00:00:00.000000000Z,256013
usdc,2023-05-25T00:00:00.000000000Z,231218
usdc,2023-05-26T00:00:00.000000000Z,221090
usdc,2023-05-27T00:00:00.000000000Z,221702
usdc,2023-05-28T00:00:00.000000000Z,228239
usdc,2023-05-29T00:00:00.000000000Z,218219
usdc,2023-05-30T00:00:00.000000000Z,245091
usdc,2023-05-31T00:00:00.000000000Z,247131
usdc,2023-06-01T00:00:00.000000000Z,227669
usdc,2023-06-02T00:00:00.000000000Z,217941
usdc,2023-06-03T00:00:00.000000000Z,217863
usdc,2023-06-04T00:00:00.000000000Z,231017
usdc,2023-06-05T00:00:00.000000000Z,240614
usdc,2023-06-06T00:00:00.000000000Z,227737
usdc,2023-06-07T00:00:00.000000000Z,222282
usdc,2023-06-08T00:00:00.000000000Z,226810
usdc,2023-06-09T00:00:00.000000000Z,217452
usdc,2023-06-10T00:00:00.000000000Z,289483
usdc,2023-06-11T00:00:00.000000000Z,205431
usdc,2023-06-12T00:00:00.000000000Z,209249
usdc,2023-06-13T00:00:00.000000000Z,183563
usdc,2023-06-14T00:00:00.000000000Z,220797
usdc,2023-06-15T00:00:00.000000000Z,221160
usdc,2023-06-16T00:00:00.000000000Z,212085
usdc,2023-06-17T00:00:00.000000000Z,191799
usdc,2023-06-18T00:00:00.000000000Z,192471
usdc,2023-06-19T00:00:00.000000000Z,206178
usdc,2023-06-20T00:00:00.000000000Z,205331
usdc,2023-06-21T00:00:00.000000000Z,220497
usdc,2023-06-22T00:00:00.000000000Z,212794
usdc,2023-06-23T00:00:00.000000000Z,202003
usdc,2023-06-24T00:00:00.000000000Z,202680
usdc,2023-06-25T00:00:00.000000000Z,195807
usdc,2023-06-26T00:00:00.000000000Z,207671
usdc,2023-06-27T00:00:00.000000000Z,219415
usdc,2023-06-28T00:00:00.000000000Z,223838
usdc,2023-06-29T00:00:00.000000000Z,222130
usdc,2023-06-30T00:00:00.000000000Z,259361
usdc,2023-07-01T00:00:00.000000000Z,218451
usdc,2023-07-02T00:00:00.000000000Z,215216
usdc,2023-07-03T00:00:00.000000000Z,227500
usdc,2023-07-04T00:00:00.000000000Z,238891
usdc,2023-07-05T00:00:00.000000000Z,211989
usdc,2023-07-06T00:00:00.000000000Z,233921
usdc,2023-07-07T00:00:00.000000000Z,244642
usdc,2023-07-08T00:00:00.000000000Z,217352
usdc,2023-07-09T00:00:00.000000000Z,208409
usdc,2023-07-10T00:00:00.000000000Z,235425
usdc,2023-07-11T00:00:00.000000000Z,237192
usdc,2023-07-12T00:00:00.000000000Z,219925
usdc,2023-07-13T00:00:00.000000000Z,257854
usdc,2023-07-14T00:00:00.000000000Z,280998
usdc,2023-07-15T00:00:00.000000000Z,230044
usdc,2023-07-16T00:00:00.000000000Z,216035
usdc,2023-07-17T00:00:00.000000000Z,245416
usdc,2023-07-18T00:00:00.000000000Z,228089
usdc,2023-07-19T00:00:00.000000000Z,229625
usdc,2023-07-20T00:00:00.000000000Z,227446
usdc,2023-07-21T00:00:00.000000000Z,226697
usdc,2023-07-22T00:00:00.000000000Z,217775
usdc,2023-07-23T00:00:00.000000000Z,204294
usdc,2023-07-24T00:00:00.000000000Z,231306
usdc,2023-07-25T00:00:00.000000000Z,217305
usdc,2023-07-26T00:00:00.000000000Z,236022
usdc,2023-07-27T00:00:00.000000000Z,212405
usdc,2023-07-28T00:00:00.000000000Z,204153
usdc,2023-07-29T00:00:00.000000000Z,190374
usdc,2023-07-30T00:00:00.000000000Z,220170
usdc,2023-07-31T00:00:00.000000000Z,250672
usdc,2023-08-01T00:00:00.000000000Z,230273
usdc,2023-08-02T00:00:00.000000000Z,219270
usdc,2023-08-03T00:00:00.000000000Z,207964
usdc,2023-08-04T00:00:00.000000000Z,199951
usdc,2023-08-05T00:00:00.000000000Z,192182
usdc,2023-08-06T00:00:00.000000000Z,190179
usdc,2023-08-07T00:00:00.000000000Z,199797
usdc,2023-08-08T00:00:00.000000000Z,207848
usdc,2023-08-09T00:00:00.000000000Z,193770
usdc,2023-08-10T00:00:00.000000000Z,194675
usdc,2023-08-11T00:00:00.000000000Z,189537
usdc,2023-08-12T00:00:00.000000000Z,169898
usdc,2023-08-13T00:00:00.000000000Z,180971
usdc,2023-08-14T00:00:00.000000000Z,195078
usdc,2023-08-15T00:00:00.000000000Z,202096
usdc,2023-08-16T00:00:00.000000000Z,216960
usdc,2023-08-17T00:00:00.000000000Z,224637
usdc,2023-08-18T00:00:00.000000000Z,218026
usdc,2023-08-19T00:00:00.000000000Z,186115
usdc,2023-08-20T00:00:00.000000000Z,183628
usdc,2023-08-21T00:00:00.000000000Z,188454
usdc,2023-08-22T00:00:00.000000000Z,199645
usdc,2023-08-23T00:00:00.000000000Z,198486
usdc,2023-08-24T00:00:00.000000000Z,197081
usdc,2023-08-25T00:00:00.000000000Z,210697
usdc,2023-08-26T00:00:00.000000000Z,190776
usdc,2023-08-27T00:00:00.000000000Z,190805
usdc,2023-08-28T00:00:00.000000000Z,194049
usdc,2023-08-29T00:00:00.000000000Z,208277
usdc,2023-08-30T00:00:00.000000000Z,200142
usdc,2023-08-31T00:00:00.000000000Z,219498
usdc,2023-09-01T00:00:00.000000000Z,210265
usdc,2023-09-02T00:00:00.000000000Z,180410
usdc,2023-09-03T00:00:00.000000000Z,179786
usdc,2023-09-04T00:00:00.000000000Z,192696
usdc,2023-09-05T00:00:00.000000000Z,200087
usdc,2023-09-06T00:00:00.000000000Z,188888
usdc,2023-09-07T00:00:00.000000000Z,185224
usdc,2023-09-08T00:00:00.000000000Z,184461
usdc,2023-09-09T00:00:00.000000000Z,154108
usdc,2023-09-10T00:00:00.000000000Z,191557
usdc,2023-09-11T00:00:00.000000000Z,219139
usdc,2023-09-12T00:00:00.000000000Z,202384
usdc,2023-09-13T00:00:00.000000000Z,194436
usdc,2023-09-14T00:00:00.000000000Z,190189
usdc,2023-09-15T00:00:00.000000000Z,178645
usdc,2023-09-16T00:00:00.000000000Z,161682
usdc,2023-09-17T00:00:00.000000000Z,159678
usdc,2023-09-18T00:00:00.000000000Z,209104
usdc,2023-09-19T00:00:00.000000000Z,238552
usdc,2023-09-20T00:00:00.000000000Z,186754
usdc,2023-09-21T00:00:00.000000000Z,181134
usdc,2023-09-22T00:00:00.000000000Z,173420
usdc,2023-09-23T00:00:00.000000000Z,154910
usdc,2023-09-24T00:00:00.000000000Z,157995
usdc,2023-09-25T00:00:00.000000000Z,166440
usdc,2023-09-26T00:00:00.000000000Z,169078
usdc,2023-09-27T00:00:00.000000000Z,182628
usdc,2023-09-28T00:00:00.000000000Z,196681
usdc,2023-09-29T00:00:00.000000000Z,222760
usdc,2023-09-30T00:00:00.000000000Z,213449
usdc,2023-10-01T00:00:00.000000000Z,225691
usdc,2023-10-02T00:00:00.000000000Z,231440
usdc,2023-10-03T00:00:00.000000000Z,221180
usdc,2023-10-04T00:00:00.000000000Z,205477
usdc,2023-10-05T00:00:00.000000000Z,198182
usdc,2023-10-06T00:00:00.000000000Z,195897
usdc,2023-10-07T00:00:00.000000000Z,170130
usdc,2023-10-08T00:00:00.000000000Z,163731
usdc,2023-10-09T00:00:00.000000000Z,201130
usdc,2023-10-10T00:00:00.000000000Z,192211
usdc,2023-10-11T00:00:00.000000000Z,198602
usdc,2023-10-12T00:00:00.000000000Z,190208
usdc,2023-10-13T00:00:00.000000000Z,181338
usdc,2023-10-14T00:00:00.000000000Z,161771
usdc,2023-10-15T00:00:00.000000000Z,156352
usdc,2023-10-16T00:00:00.000000000Z,200056
usdc,2023-10-17T00:00:00.000000000Z,191153
usdc,2023-10-18T00:00:00.000000000Z,180263
usdc,2023-10-19T00:00:00.000000000Z,192781
usdc,2023-10-20T00:00:00.000000000Z,212704
usdc,2023-10-21T00:00:00.000000000Z,204969
usdc,2023-10-22T00:00:00.000000000Z,190687
usdc,2023-10-23T00:00:00.000000000Z,232939
usdc,2023-10-24T00:00:00.000000000Z,318705
usdc,2023-10-25T00:00:00.000000000Z,401654
usdc,2023-10-26T00:00:00.000000000Z,343432
usdc,2023-10-27T00:00:00.000000000Z,316966
usdc,2023-10-28T00:00:00.000000000Z,325545
usdc,2023-10-29T00:00:00.000000000Z,270294
usdc,2023-10-30T00:00:00.000000000Z,430267
usdc,2023-10-31T00:00:00.000000000Z,420213
usdc,2023-11-01T00:00:00.000000000Z,446219
usdc,2023-11-02T00:00:00.000000000Z,407311
usdc,2023-11-03T00:00:00.000000000Z,339627
usdc,2023-11-04T00:00:00.000000000Z,372818
usdc,2023-11-05T00:00:00.000000000Z,270970
usdc,2023-11-06T00:00:00.000000000Z,331553
usdc,2023-11-07T00:00:00.000000000Z,439408
usdc,2023-11-08T00:00:00.000000000Z,316392
usdc,2023-11-09T00:00:00.000000000Z,436058
usdc,2023-11-10T00:00:00.000000000Z,435785
usdc,2023-11-11T00:00:00.000000000Z,474066
usdc,2023-11-12T00:00:00.000000000Z,386437
usdc,2023-11-13T00:00:00.000000000Z,396512
usdc,2023-11-14T00:00:00.000000000Z,362938
usdc,2023-11-15T00:00:00.000000000Z,444237
usdc,2023-11-16T00:00:00.000000000Z,511427
usdc,2023-11-17T00:00:00.000000000Z,431292
usdc,2023-11-18T00:00:00.000000000Z,372021
usdc,2023-11-19T00:00:00.000000000Z,404507
usdc,2023-11-20T00:00:00.000000000Z,516197
usdc,2023-11-21T00:00:00.000000000Z,521141
usdc,2023-11-22T00:00:00.000000000Z,472100
usdc,2023-11-23T00:00:00.000000000Z,509859
usdc,2023-11-24T00:00:00.000000000Z,441441
usdc,2023-11-25T00:00:00.000000000Z,436544
usdc,2023-11-26T00:00:00.000000000Z,444904
usdc,2023-11-27T00:00:00.000000000Z,437578
usdc,2023-11-28T00:00:00.000000000Z,535618
usdc,2023-11-29T00:00:00.000000000Z,477076
usdc,2023-11-30T00:00:00.000000000Z,453071
usdc,2023-12-01T00:00:00.000000000Z,493565
usdc,2023-12-02T00:00:00.000000000Z,449565
usdc,2023-12-03T00:00:00.000000000Z,454170
usdc,2023-12-04T00:00:00.000000000Z,525408
usdc,2023-12-05T00:00:00.000000000Z,575729
usdc,2023-12-06T00:00:00.000000000Z,584833
usdc,2023-12-07T00:00:00.000000000Z,632144
usdc,2023-12-08T00:00:00.000000000Z,804691
usdc,2023-12-09T00:00:00.000000000Z,800918
usdc,2023-12-10T00:00:00.000000000Z,730797
usdc,2023-12-11T00:00:00.000000000Z,767402
usdc,2023-12-12T00:00:00.000000000Z,696706
usdc,2023-12-13T00:00:00.000000000Z,689968
usdc,2023-12-14T00:00:00.000000000Z,733900
usdc,2023-12-15T00:00:00.000000000Z,840365
usdc,2023-12-16T00:00:00.000000000Z,736406
usdc,2023-12-17T00:00:00.000000000Z,719139
usdc,2023-12-18T00:00:00.000000000Z,788255
usdc,2023-12-19T00:00:00.000000000Z,795095
usdc,2023-12-20T00:00:00.000000000Z,808251
usdc,2023-12-21T00:00:00.000000000Z,870276
usdc,2023-12-22T00:00:00.000000000Z,935477
usdc,2023-12-23T00:00:00.000000000Z,792595
usdc,2023-12-24T00:00:00.000000000Z,816501
usdc,2023-12-25T00:00:00.000000000Z,788515
usdc,2023-12-26T00:00:00.000000000Z,845380
usdc,2023-12-27T00:00:00.000000000Z,795769
usdc,2023-12-28T00:00:00.000000000Z,769996
usdc,2023-12-29T00:00:00.000000000Z,697746
usdc,2023-12-30T00:00:00.000000000Z,643861
usdc,2023-12-31T00:00:00.000000000Z,628819
usdc,2024-01-01T00:00:00.000000000Z,617788
usdc,2024-01-02T00:00:00.000000000Z,762054
usdc,2024-01-03T00:00:00.000000000Z,761777
usdc,2024-01-04T00:00:00.000000000Z,707724
usdc,2024-01-05T00:00:00.000000000Z,686779
usdc,2024-01-06T00:00:00.000000000Z,637046
usdc,2024-01-07T00:00:00.000000000Z,654054
usdc,2024-01-08T00:00:00.000000000Z,711808
usdc,2024-01-09T00:00:00.000000000Z,701071
usdc,2024-01-10T00:00:00.000000000Z,687488
usdc,2024-01-11T00:00:00.000000000Z,696909
usdc,2024-01-12T00:00:00.000000000Z,666267
usdc,2024-01-13T00:00:00.000000000Z,690153
usdc,2024-01-14T00:00:00.000000000Z,712284
usdc,2024-01-15T00:00:00.000000000Z,699714
usdc,2024-01-16T00:00:00.000000000Z,710569
usdc,2024-01-17T00:00:00.000000000Z,763030
usdc,2024-01-18T00:00:00.000000000Z,778988
usdc,2024-01-19T00:00:00.000000000Z,750920
usdc,2024-01-20T00:00:00.000000000Z,749024
usdc,2024-01-21T00:00:00.000000000Z,719552
usdc,2024-01-22T00:00:00.000000000Z,753851
usdc,2024-01-23T00:00:00.000000000Z,745298
usdc,2024-01-24T00:00:00.000000000Z,707561
usdc,2024-01-25T00:00:00.000000000Z,721820
usdc,2024-01-26T00:00:00.000000000Z,1287707
usdc,2024-01-27T00:00:00.000000000Z,1208973
usdc,2024-01-28T00:00:00.000000000Z,1108881
usdc,2024-01-29T00:00:00.000000000Z,1150367
usdc,2024-01-30T00:00:00.000000000Z,1139396
usdc,2024-01-31T00:00:00.000000000Z,1685142
usdc,2024-02-01T00:00:00.000000000Z,1240758
usdc,2024-02-02T00:00:00.000000000Z,1079037
usdc,2024-02-03T00:00:00.000000000Z,902174
usdc,2024-02-04T00:00:00.000000000Z,903009
usdc,2024-02-05T00:00:00.000000000Z,895986
usdc,2024-02-06T00:00:00.000000000Z,756453
usdc,2024-02-07T00:00:00.000000000Z,915163
usdc,2024-02-08T00:00:00.000000000Z,884363
usdc,2024-02-09T00:00:00.000000000Z,869922
usdc,2024-02-10T00:00:00.000000000Z,808966
usdc,2024-02-11T00:00:00.000000000Z,756761
usdc,2024-02-12T00:00:00.000000000Z,802926
usdc,2024-02-13T00:00:00.000000000Z,853977
usdc,2024-02-14T00:00:00.000000000Z,902897
usdc,2024-02-15T00:00:00.000000000Z,882001
usdc,2024-02-16T00:00:00.000000000Z,811385
usdc,2024-02-17T00:00:00.000000000Z,755287
usdc,2024-02-18T00:00:00.000000000Z,747034
usdc,2024-02-19T00:00:00.000000000Z,787918
usdc,2024-02-20T00:00:00.000000000Z,792810
usdc,2024-02-21T00:00:00.000000000Z,790537
usdc,2024-02-22T00:00:00.000000000Z,794959
usdc,2024-02-23T00:00:00.000000000Z,770502
usdc,2024-02-24T00:00:00.000000000Z,758605
usdc,2024-02-25T00:00:00.000000000Z,722707
usdc,2024-02-26T00:00:00.000000000Z,902075
usdc,2024-02-27T00:00:00.000000000Z,971844
usdc,2024-02-28T00:00:00.000000000Z,1007598
usdc,2024-02-29T00:00:00.000000000Z,1157796
usdc,2024-03-01T00:00:00.000000000Z,1076665
usdc,2024-03-02T00:00:00.000000000Z,1066981
usdc,2024-03-03T00:00:00.000000000Z,1204397
usdc,2024-03-04T00:00:00.000000000Z,1199687
usdc,2024-03-05T00:00:00.000000000Z,1250199
usdc,2024-03-06T00:00:00.000000000Z,1299037
usdc,2024-03-07T00:00:00.000000000Z,1390976
usdc,2024-03-08T00:00:00.000000000Z,1295821
usdc,2024-03-09T00:00:00.000000000Z,1334736
usdc,2024-03-10T00:00:00.000000000Z,1256164
usdc,2024-03-11T00:00:00.000000000Z,1260506
usdc,2024-03-12T00:00:00.000000000Z,1203243
usdc,2024-03-13T00:00:00.000000000Z,1245633
usdc,2024-03-14T00:00:00.000000000Z,1378081
usdc,2024-03-15T00:00:00.000000000Z,1384111
usdc,2024-03-16T00:00:00.000000000Z,1466944
usdc,2024-03-17T00:00:00.000000000Z,1442785
usdc,2024-03-18T00:00:00.000000000Z,1488502
usdc,2024-03-19T00:00:00.000000000Z,1460511
usdc,2024-03-20T00:00:00.000000000Z,1299002
usdc,2024-03-21T00:00:00.000000000Z,1279069
usdc,2024-03-22T00:00:00.000000000Z,1205755
usdc,2024-03-23T00:00:00.000000000Z,1106532
usdc,2024-03-24T00:00:00.000000000Z,1131517
usdc,2024-03-25T00:00:00.000000000Z,1272189
usdc,2024-03-26T00:00:00.000000000Z,1288908
usdc,2024-03-27T00:00:00.000000000Z,1325224
usdc,2024-03-28T00:00:00.000000000Z,1387174
usdc,2024-03-29T00:00:00.000000000Z,1337111
usdc,2024-03-30T00:00:00.000000000Z,1397270
usdc,2024-03-31T00:00:00.000000000Z,1305360
usdc,2024-04-01T00:00:00.000000000Z,1380275
usdc,2024-04-02T00:00:00.000000000Z,1462090
usdc,2024-04-03T00:00:00.000000000Z,1381316
usdc,2024-04-04T00:00:00.000000000Z,1288709
usdc,2024-04-05T00:00:00.000000000Z,1053028
usdc,2024-04-06T00:00:00.000000000Z,912948
usdc,2024-04-07T00:00:00.000000000Z,859520
usdc,2024-04-08T00:00:00.000000000Z,991712
usdc,2024-04-09T00:00:00.000000000Z,957713
usdc,2024-04-10T00:00:00.000000000Z,996501
usdc,2024-04-11T00:00:00.000000000Z,1123659
usdc,2024-04-12T00:00:00.000000000Z,1214080
usdc,2024-04-13T00:00:00.000000000Z,1226451
usdc,2024-04-14T00:00:00.000000000Z,1110731
usdc,2024-04-15T00:00:00.000000000Z,1126020
usdc,2024-04-16T00:00:00.000000000Z,1194719
usdc,2024-04-17T00:00:00.000000000Z,1238480
usdc,2024-04-18T00:00:00.000000000Z,1119241
usdc,2024-04-19T00:00:00.000000000Z,1069597
usdc,2024-04-20T00:00:00.000000000Z,1003634
usdc,2024-04-21T00:00:00.000000000Z,906119
usdc,2024-04-22T00:00:00.000000000Z,1051935
usdc,2024-04-23T00:00:00.000000000Z,1045583
usdc,2024-04-24T00:00:00.000000000Z,1157034
usdc,2024-04-25T00:00:00.000000000Z,1042133
usdc,2024-04-26T00:00:00.000000000Z,736767
usdc,2024-04-27T00:00:00.000000000Z,891575
usdc,2024-04-28T00:00:00.000000000Z,858887
usdc,2024-04-29T00:00:00.000000000Z,876303
usdc,2024-04-30T00:00:00.000000000Z,1038349
usdc,2024-05-01T00:00:00.000000000Z,979955
usdc,2024-05-02T00:00:00.000000000Z,929848
usdc,2024-05-03T00:00:00.000000000Z,900354
usdc,2024-05-04T00:00:00.000000000Z,838597
usdc,2024-05-05T00:00:00.000000000Z,766843
usdc,2024-05-06T00:00:00.000000000Z,890468
usdc,2024-05-07T00:00:00.000000000Z,899777
usdc,2024-05-08T00:00:00.000000000Z,886956
usdc,2024-05-09T00:00:00.000000000Z,882063
usdc,2024-05-10T00:00:00.000000000Z,898607
usdc,2024-05-11T00:00:00.000000000Z,774051
usdc,2024-05-12T00:00:00.000000000Z,751866
usdc,2024-05-13T00:00:00.000000000Z,972353
usdc,2024-05-14T00:00:00.000000000Z,951670
usdc,2024-05-15T00:00:00.000000000Z,1044688
usdc,2024-05-16T00:00:00.000000000Z,1083747
usdc,2024-05-17T00:00:00.000000000Z,1034112
usdc,2024-05-18T00:00:00.000000000Z,914462
usdc,2024-05-19T00:00:00.000000000Z,842134
usdc,2024-05-20T00:00:00.000000000Z,999914
usdc,2024-05-21T00:00:00.000000000Z,1092474
usdc,2024-05-22T00:00:00.000000000Z,1070972
usdc,2024-05-23T00:00:00.000000000Z,1008164
usdc,2024-05-24T00:00:00.000000000Z,898926
usdc,2024-05-25T00:00:00.000000000Z,815234
usdc,2024-05-26T00:00:00.000000000Z,817035
usdc,2024-05-27T00:00:00.000000000Z,950285
usdc,2024-05-28T00:00:00.000000000Z,962199
usdc,2024-05-29T00:00:00.000000000Z,951490
usdc,2024-05-30T00:00:00.000000000Z,928948
usdc,2024-05-31T00:00:00.000000000Z,876713
usdc,2024-06-01T00:00:00.000000000Z,794019
usdc,2024-06-02T00:00:00.000000000Z,814635
usdc,2024-06-03T00:00:00.000000000Z,921390
usdc,2024-06-04T00:00:00.000000000Z,907325
usdc,2024-06-05T00:00:00.000000000Z,956410
usdc,2024-06-06T00:00:00.000000000Z,981247
usdc,2024-06-07T00:00:00.000000000Z,1053616
usdc,2024-06-08T00:00:00.000000000Z,864962
usdc,2024-06-09T00:00:00.000000000Z,801834
usdc,2024-06-10T00:00:00.000000000Z,838552
usdc,2024-06-11T00:00:00.000000000Z,1008037
usdc,2024-06-12T00:00:00.000000000Z,927986
usdc,2024-06-13T00:00:00.000000000Z,845093
usdc,2024-06-14T00:00:00.000000000Z,854545
usdc,2024-06-15T00:00:00.000000000Z,736309
usdc,2024-06-16T00:00:00.000000000Z,714492
usdc,2024-06-17T00:00:00.000000000Z,786632
usdc,2024-06-18T00:00:00.000000000Z,923979
usdc,2024-06-19T00:00:00.000000000Z,815780
usdc,2024-06-20T00:00:00.000000000Z,880275
usdc,2024-06-21T00:00:00.000000000Z,861599
usdc,2024-06-22T00:00:00.000000000Z,652956
usdc,2024-06-23T00:00:00.000000000Z,681038
usdc,2024-06-24T00:00:00.000000000Z,876184
usdc,2024-06-25T00:00:00.000000000Z,890538
usdc,2024-06-26T00:00:00.000000000Z,775488
usdc,2024-06-27T00:00:00.000000000Z,884156
usdc,2024-06-28T00:00:00.000000000Z,832007
usdc,2024-06-29T00:00:00.000000000Z,706193
usdc,2024-06-30T00:00:00.000000000Z,762329
usdc,2024-07-01T00:00:00.000000000Z,838857
usdc,2024-07-02T00:00:00.000000000Z,830226
usdc,2024-07-03T00:00:00.000000000Z,892259
usdc,2024-07-04T00:00:00.000000000Z,913591
usdc,2024-07-05T00:00:00.000000000Z,999283
usdc,2024-07-06T00:00:00.000000000Z,844275
usdc,2024-07-07T00:00:00.000000000Z,799399
usdc,2024-07-08T00:00:00.000000000Z,848167
usdc,2024-07-09T00:00:00.000000000Z,783966
usdc,2024-07-10T00:00:00.000000000Z,753269
usdc,2024-07-11T00:00:00.000000000Z,732838
usdc,2024-07-12T00:00:00.000000000Z,672894
usdc,2024-07-13T00:00:00.000000000Z,630460
usdc,2024-07-14T00:00:00.000000000Z,662961
usdc,2024-07-15T00:00:00.000000000Z,816712
usdc,2024-07-16T00:00:00.000000000Z,899497
usdc,2024-07-17T00:00:00.000000000Z,873304
usdc,2024-07-18T00:00:00.000000000Z,804100
usdc,2024-07-19T00:00:00.000000000Z,872763
usdc,2024-07-20T00:00:00.000000000Z,822768
usdc,2024-07-21T00:00:00.000000000Z,895937
usdc,2024-07-22T00:00:00.000000000Z,932362
usdc,2024-07-23T00:00:00.000000000Z,833483
usdc,2024-07-24T00:00:00.000000000Z,811660
usdc,2024-07-25T00:00:00.000000000Z,845891
usdc,2024-07-26T00:00:00.000000000Z,831873
usdc,2024-07-27T00:00:00.000000000Z,848256
usdc,2024-07-28T00:00:00.000000000Z,736715
usdc,2024-07-29T00:00:00.000000000Z,912154
usdc,2024-07-30T00:00:00.000000000Z,819099
usdc,2024-07-31T00:00:00.000000000Z,829370
usdc,2024-08-01T00:00:00.000000000Z,869721
usdc,2024-08-02T00:00:00.000000000Z,847777
usdc,2024-08-03T00:00:00.000000000Z,851105
usdc,2024-08-04T00:00:00.000000000Z,854219
usdc,2024-08-05T00:00:00.000000000Z,1220715
usdc,2024-08-06T00:00:00.000000000Z,929500
usdc,2024-08-07T00:00:00.000000000Z,898419
usdc,2024-08-08T00:00:00.000000000Z,890333
usdc,2024-08-09T00:00:00.000000000Z,809442
usdc,2024-08-10T00:00:00.000000000Z,671429
usdc,2024-08-11T00:00:00.000000000Z,728564
usdc,2024-08-12T00:00:00.000000000Z,781057
usdc,2024-08-13T00:00:00.000000000Z,793230
usdc,2024-08-14T00:00:00.000000000Z,742992
usdc,2024-08-15T00:00:00.000000000Z,842340
usdc,2024-08-16T00:00:00.000000000Z,748348
usdc,2024-08-17T00:00:00.000000000Z,685115
usdc,2024-08-18T00:00:00.000000000Z,663526
usdc,2024-08-19T00:00:00.000000000Z,658631
usdc,2024-08-20T00:00:00.000000000Z,731734
usdc,2024-08-21T00:00:00.000000000Z,712757
usdc,2024-08-22T00:00:00.000000000Z,692202
usdc,2024-08-23T00:00:00.000000000Z,853698
usdc,2024-08-24T00:00:00.000000000Z,837214
usdc,2024-08-25T00:00:00.000000000Z,717880
usdc,2024-08-26T00:00:00.000000000Z,711134
usdc,2024-08-27T00:00:00.000000000Z,768208
usdc,2024-08-28T00:00:00.000000000Z,805931
usdc,2024-08-29T00:00:00.000000000Z,765218
usdc,2024-08-30T00:00:00.000000000Z,747398
usdc,2024-08-31T00:00:00.000000000Z,668261
usdc,2024-09-01T00:00:00.000000000Z,622192
usdc,2024-09-02T00:00:00.000000000Z,624600
usdc,2024-09-03T00:00:00.000000000Z,632169
usdc,2024-09-04T00:00:00.000000000Z,703263
usdc,2024-09-05T00:00:00.000000000Z,688810
usdc,2024-09-06T00:00:00.000000000Z,812810
usdc,2024-09-07T00:00:00.000000000Z,676880
usdc,2024-09-08T00:00:00.000000000Z,662203
usdc,2024-09-09T00:00:00.000000000Z,750505
usdc,2024-09-10T00:00:00.000000000Z,729174
usdc,2024-09-11T00:00:00.000000000Z,692547
usdc,2024-09-12T00:00:00.000000000Z,688018
usdc,2024-09-13T00:00:00.000000000Z,788846
usdc,2024-09-14T00:00:00.000000000Z,752285
usdc,2024-09-15T00:00:00.000000000Z,678764
usdc,2024-09-16T00:00:00.000000000Z,637779
usdc,2024-09-17T00:00:00.000000000Z,692446
usdc,2024-09-18T00:00:00.000000000Z,784006
usdc,2024-09-19T00:00:00.000000000Z,927178
usdc,2024-09-20T00:00:00.000000000Z,907551
usdc,2024-09-21T00:00:00.000000000Z,824059
usdc,2024-09-22T00:00:00.000000000Z,773834
usdc,2024-09-23T00:00:00.000000000Z,813025
usdc,2024-09-24T00:00:00.000000000Z,896120
usdc,2024-09-25T00:00:00.000000000Z,911844
usdc,2024-09-26T00:00:00.000000000Z,988379
usdc,2024-09-27T00:00:00.000000000Z,1008779
usdc,2024-09-28T00:00:00.000000000Z,944971
usdc,2024-09-29T00:00:00.000000000Z,935010
usdc,2024-09-30T00:00:00.000000000Z,966081
usdc,2024-10-01T00:00:00.000000000Z,1053216
usdc,2024-10-02T00:00:00.000000000Z,999044
usdc,2024-10-03T00:00:00.000000000Z,930658
usdc,2024-10-04T00:00:00.000000000Z,883556
usdc,2024-10-05T00:00:00.000000000Z,838768
usdc,2024-10-06T00:00:00.000000000Z,819666
usdc,2024-10-07T00:00:00.000000000Z,891127
usdc,2024-10-08T00:00:00.000000000Z,879050
usdc,2024-10-09T00:00:00.000000000Z,953247
usdc,2024-10-10T00:00:00.000000000Z,976009
usdc,2024-10-11T00:00:00.000000000Z,955407
usdc,2024-10-12T00:00:00.000000000Z,928711
usdc,2024-10-13T00:00:00.000000000Z,894912
usdc,2024-10-14T00:00:00.000000000Z,1108969
usdc,2024-10-15T00:00:00.000000000Z,1094870
usdc,2024-10-16T00:00:00.000000000Z,1026427
usdc,2024-10-17T00:00:00.000000000Z,1102097
usdc,2024-10-18T00:00:00.000000000Z,1147260
usdc,2024-10-19T00:00:00.000000000Z,962924
usdc,2024-10-20T00:00:00.000000000Z,1024789
usdc,2024-10-21T00:00:00.000000000Z,1083123
usdc,2024-10-22T00:00:00.000000000Z,1083631
usdc,2024-10-23T00:00:00.000000000Z,1188172
usdc,2024-10-24T00:00:00.000000000Z,1182352
usdc,2024-10-25T00:00:00.000000000Z,1291969
usdc,2024-10-26T00:00:00.000000000Z,1164828
usdc,2024-10-27T00:00:00.000000000Z,1044029
usdc,2024-10-28T00:00:00.000000000Z,1184214
usdc,2024-10-29T00:00:00.000000000Z,1361503
usdc,2024-10-30T00:00:00.000000000Z,1230621
usdc,2024-10-31T00:00:00.000000000Z,1195171
usdc,2024-11-01T00:00:00.000000000Z,1198450
usdc,2024-11-02T00:00:00.000000000Z,1158859
usdc,2024-11-03T00:00:00.000000000Z,1086530
usdc,2024-11-04T00:00:00.000000000Z,1012360
usdc,2024-11-05T00:00:00.000000000Z,1065130
usdc,2024-11-06T00:00:00.000000000Z,1468380
usdc,2024-11-07T00:00:00.000000000Z,1365713
usdc,2024-11-08T00:00:00.000000000Z,1438804
usdc,2024-11-09T00:00:00.000000000Z,1382029
usdc,2024-11-10T00:00:00.000000000Z,1576054
usdc,2024-11-11T00:00:00.000000000Z,1705912
usdc,2024-11-12T00:00:00.000000000Z,1727121
usdc,2024-11-13T00:00:00.000000000Z,1784074
usdc,2024-11-14T00:00:00.000000000Z,1828060
usdc,2024-11-15T00:00:00.000000000Z,1748586
usdc,2024-11-16T00:00:00.000000000Z,1717386
usdc,2024-11-17T00:00:00.000000000Z,1877731
usdc,2024-11-18T00:00:00.000000000Z,1879646
usdc,2024-11-19T00:00:00.000000000Z,1876463
usdc,2024-11-20T00:00:00.000000000Z,1881340
usdc,2024-11-21T00:00:00.000000000Z,2094806
usdc,2024-11-22T00:00:00.000000000Z,2097006
usdc,2024-11-23T00:00:00.000000000Z,1844328
usdc,2024-11-24T00:00:00.000000000Z,1706621
usdc,2024-11-25T00:00:00.000000000Z,1821241
usdc,2024-11-26T00:00:00.000000000Z,1846007
usdc,2024-11-27T00:00:00.000000000Z,1792767
usdc,2024-11-28T00:00:00.000000000Z,1697505
usdc,2024-11-29T00:00:00.000000000Z,1759118
usdc,2024-11-30T00:00:00.000000000Z,1608621
usdc,2024-12-01T00:00:00.000000000Z,1595106
usdc,2024-12-02T00:00:00.000000000Z,1687719
usdc,2024-12-03T00:00:00.000000000Z,1657887
usdc,2024-12-04T00:00:00.000000000Z,1806686
usdc,2024-12-05T00:00:00.000000000Z,1839258
usdc,2024-12-06T00:00:00.000000000Z,1638073
usdc,2024-12-07T00:00:00.000000000Z,1553006
usdc,2024-12-08T00:00:00.000000000Z,1377999
usdc,2024-12-09T00:00:00.000000000Z,1691816
usdc,2024-12-10T00:00:00.000000000Z,1863637
usdc,2024-12-11T00:00:00.000000000Z,1679846
usdc,2024-12-12T00:00:00.000000000Z,1580401
usdc,2024-12-13T00:00:00.000000000Z,1489363
usdc,2024-12-14T00:00:00.000000000Z,1443582
usdc,2024-12-15T00:00:00.000000000Z,1400215
usdc,2024-12-16T00:00:00.000000000Z,1582206
usdc,2024-12-17T00:00:00.000000000Z,2522212
usdc,2024-12-18T00:00:00.000000000Z,2103557
usdc,2024-12-19T00:00:00.000000000Z,2014970
usdc,2024-12-20T00:00:00.000000000Z,1972666
usdc,2024-12-21T00:00:00.000000000Z,1758573
usdc,2024-12-22T00:00:00.000000000Z,1509304
usdc,2024-12-23T00:00:00.000000000Z,1567422
usdc,2024-12-24T00:00:00.000000000Z,1466620
usdc,2024-12-25T00:00:00.000000000Z,1299174
usdc,2024-12-26T00:00:00.000000000Z,1434704
usdc,2024-12-27T00:00:00.000000000Z,1424962
usdc,2024-12-28T00:00:00.000000000Z,1385741
usdc,2024-12-29T00:00:00.000000000Z,1376742
usdc,2024-12-30T00:00:00.000000000Z,1547330
usdc,2024-12-31T00:00:00.000000000Z,1547557
usdc,2025-01-01T00:00:00.000000000Z,1409431
usdc,2025-01-02T00:00:00.000000000Z,1863778
usdc,2025-01-03T00:00:00.000000000Z,1738106
usdc,2025-01-04T00:00:00.000000000Z,1492479
usdc,2025-01-05T00:00:00.000000000Z,1490683
usdc,2025-01-06T00:00:00.000000000Z,1657470
usdc,2025-01-07T00:00:00.000000000Z,1751078
usdc,2025-01-08T00:00:00.000000000Z,1770749
usdc,2025-01-09T00:00:00.000000000Z,1711219
usdc,2025-01-10T00:00:00.000000000Z,1661910
usdc,2025-01-11T00:00:00.000000000Z,1462244
usdc,2025-01-12T00:00:00.000000000Z,1305866
usdc,2025-01-13T00:00:00.000000000Z,1695429
usdc,2025-01-14T00:00:00.000000000Z,1588715
usdc,2025-01-15T00:00:00.000000000Z,1661022
usdc,2025-01-16T00:00:00.000000000Z,1778068
usdc,2025-01-17T00:00:00.000000000Z,1809533
usdc,2025-01-18T00:00:00.000000000Z,4582577
usdc,2025-01-19T00:00:00.000000000Z,5459594
usdc,2025-01-20T00:00:00.000000000Z,5435936
usdc,2025-01-21T00:00:00.000000000Z,3537345
usdc,2025-01-22T00:00:00.000000000Z,3394196
usdc,2025-01-23T00:00:00.000000000Z,3148110
usdc,2025-01-24T00:00:00.000000000Z,2898229
usdc,2025-01-25T00:00:00.000000000Z,2651111
usdc,2025-01-26T00:00:00.000000000Z,2509339
usdc,2025-01-27T00:00:00.000000000Z,2725431
usdc,2025-01-28T00:00:00.000000000Z,2240932
usdc,2025-01-29T00:00:00.000000000Z,2128723
usdc,2025-01-30T00:00:00.000000000Z,2169828
usdc,2025-01-31T00:00:00.000000000Z,1992343
usdc,2025-02-01T00:00:00.000000000Z,1964595
usdc,2025-02-02T00:00:00.000000000Z,2237256
usdc,2025-02-03T00:00:00.000000000Z,2483172
usdc,2025-02-04T00:00:00.000000000Z,2078596
usdc,2025-02-05T00:00:00.000000000Z,1877487
usdc,2025-02-06T00:00:00.000000000Z,1753122
usdc,2025-02-07T00:00:00.000000000Z,1730404
usdc,2025-02-08T00:00:00.000000000Z,1678223
usdc,2025-02-09T00:00:00.000000000Z,1930943
usdc,2025-02-10T00:00:00.000000000Z,1839753
usdc,2025-02-11T00:00:00.000000000Z,1918324
usdc,2025-02-12T00:00:00.000000000Z,1883393
usdc,2025-02-13T00:00:00.000000000Z,1843595
usdc,2025-02-14T00:00:00.000000000Z,2005555
usdc,2025-02-15T00:00:00.000000000Z,1553221
usdc,2025-02-16T00:00:00.000000000Z,1376848
usdc,2025-02-17T00:00:00.000000000Z,1659435
usdc,2025-02-18T00:00:00.000000000Z,1873898
usdc,2025-02-19T00:00:00.000000000Z,1543401
usdc,2025-02-20T00:00:00.000000000Z,1570035
usdc,2025-02-21T00:00:00.000000000Z,1641522
usdc,2025-02-22T00:00:00.000000000Z,1306053
usdc,2025-02-23T00:00:00.000000000Z,1205245
usdc,2025-02-24T00:00:00.000000000Z,1751092
usdc,2025-02-25T00:00:00.000000000Z,2211983
usdc,2025-02-26T00:00:00.000000000Z,1757542
usdc,2025-02-27T00:00:00.000000000Z,1607503
usdc,2025-02-28T00:00:00.000000000Z,1867127
usdc,2025-03-01T00:00:00.000000000Z,1407341
usdc,2025-03-02T00:00:00.000000000Z,1805737
usdc,2025-03-03T00:00:00.000000000Z,1820139
usdc,2025-03-04T00:00:00.000000000Z,1743537
usdc,2025-03-05T00:00:00.000000000Z,1494339
usdc,2025-03-06T00:00:00.000000000Z,1405742
usdc,2025-03-07T00:00:00.000000000Z,1567552
usdc,2025-03-08T00:00:00.000000000Z,1263994
usdc,2025-03-09T00:00:00.000000000Z,1361522
usdc,2025-03-10T00:00:00.000000000Z,1594383
usdc,2025-03-11T00:00:00.000000000Z,1575671
usdc,2025-03-12T00:00:00.000000000Z,1423811
usdc,2025-03-13T00:00:00.000000000Z,1350245
usdc,2025-03-14T00:00:00.000000000Z,1402245
usdc,2025-03-15T00:00:00.000000000Z,1203059
usdc,2025-03-16T00:00:00.000000000Z,1132332
usdc,2025-03-17T00:00:00.000000000Z,1142582
usdc,2025-03-18T00:00:00.000000000Z,1131431
usdc,2025-03-19T00:00:00.000000000Z,1227658
usdc,2025-03-20T00:00:00.000000000Z,1287706
usdc,2025-03-21T00:00:00.000000000Z,1127178
usdc,2025-03-22T00:00:00.000000000Z,973469
usdc,2025-03-23T00:00:00.000000000Z,1045618
usdc,2025-03-24T00:00:00.000000000Z,1388574
usdc,2025-03-25T00:00:00.000000000Z,1276468
usdc,2025-03-26T00:00:00.000000000Z,1303827
usdc,2025-03-27T00:00:00.000000000Z,1240601
usdc,2025-03-28T00:00:00.000000000Z,1326196
usdc,2025-03-29T00:00:00.000000000Z,1286267
usdc,2025-03-30T00:00:00.000000000Z,1096326
usdc,2025-03-31T00:00:00.000000000Z,1364481
usdc,2025-04-01T00:00:00.000000000Z,1700039
usdc,2025-04-02T00:00:00.000000000Z,1503150
usdc,2025-04-03T00:00:00.000000000Z,1443769
usdc,2025-04-04T00:00:00.000000000Z,1372178
usdc,2025-04-05T00:00:00.000000000Z,1148463
usdc,2025-04-06T00:00:00.000000000Z,1400301
usdc,2025-04-07T00:00:00.000000000Z,1771344
usdc,2025-04-08T00:00:00.000000000Z,1425883
usdc,2025-04-09T00:00:00.000000000Z,1585576
usdc,2025-04-10T00:00:00.000000000Z,1421887
usdc,2025-04-11T00:00:00.000000000Z,1512529
usdc,2025-04-12T00:00:00.000000000Z,1443805
usdc,2025-04-13T00:00:00.000000000Z,1334736
usdc,2025-04-14T00:00:00.000000000Z,1427384
usdc,2025-04-15T00:00:00.000000000Z,1420644
usdc,2025-04-16T00:00:00.000000000Z,1473389
usdc,2025-04-17T00:00:00.000000000Z,1394896
usdc,2025-04-18T00:00:00.000000000Z,1271122
usdc,2025-04-19T00:00:00.000000000Z,1287684
usdc,2025-04-20T00:00:00.000000000Z,1184129
usdc,2025-04-21T00:00:00.000000000Z,1406453
usdc,2025-04-22T00:00:00.000000000Z,1685484
usdc,2025-04-23T00:00:00.000000000Z,1784133
usdc,2025-04-24T00:00:00.000000000Z,1597064
usdc,2025-04-25T00:00:00.000000000Z,1701965
usdc,2025-04-26T00:00:00.000000000Z,1444196
usdc,2025-04-27T00:00:00.000000000Z,1394801
usdc,2025-04-28T00:00:00.000000000Z,1622026
usdc,2025-04-29T00:00:00.000000000Z,1537272
usdc,2025-04-30T00:00:00.000000000Z,1547994
usdc,2025-05-01T00:00:00.000000000Z,1649836
usdc,2025-05-02T00:00:00.000000000Z,1553472
usdc,2025-05-03T00:00:00.000000000Z,1434311
usdc,2025-05-04T00:00:00.000000000Z,1318462
usdc,2025-05-05T00:00:00.000000000Z,1510822
usdc,2025-05-06T00:00:00.000000000Z,1574552
usdc,2025-05-07T00:00:00.000000000Z,1659328
usdc,2025-05-08T00:00:00.000000000Z,1882274
usdc,2025-05-09T00:00:00.000000000Z,2048571
usdc,2025-05-10T00:00:00.000000000Z,1763816
usdc,2025-05-11T00:00:00.000000000Z,1650660
usdc,2025-05-12T00:00:00.000000000Z,2001713
usdc,2025-05-13T00:00:00.000000000Z,2018154
usdc,2025-05-14T00:00:00.000000000Z,1931015
usdc,2025-05-15T00:00:00.000000000Z,1838516
usdc,2025-05-16T00:00:00.000000000Z,1693594
usdc,2025-05-17T00:00:00.000000000Z,1575724
usdc,2025-05-18T00:00:00.000000000Z,1582721
usdc,2025-05-19T00:00:00.000000000Z,1636069
usdc,2025-05-20T00:00:00.000000000Z,1649351
usdc,2025-05-21T00:00:00.000000000Z,1847287
usdc,2025-05-22T00:00:00.000000000Z,1996086
usdc,2025-05-23T00:00:00.000000000Z,2110219
usdc,2025-05-24T00:00:00.000000000Z,2387447
usdc,2025-05-25T00:00:00.000000000Z,1577801
usdc,2025-05-26T00:00:00.000000000Z,1672837
usdc,2025-05-27T00:00:00.000000000Z,1703598
usdc,2025-05-28T00:00:00.000000000Z,1636651
usdc,2025-05-29T00:00:00.000000000Z,1679161
usdc,2025-05-30T00:00:00.000000000Z,1898074
usdc,2025-05-31T00:00:00.000000000Z,1687876
usdc,2025-06-01T00:00:00.000000000Z,1621478
usdc,2025-06-02T00:00:00.000000000Z,1659312
usdc,2025-06-03T00:00:00.000000000Z,2060225
usdc,2025-06-04T00:00:00.000000000Z,1704102
usdc,2025-06-05T00:00:00.000000000Z,1812948
usdc,2025-06-06T00:00:00.000000000Z,1695777
usdc,2025-06-07T00:00:00.000000000Z,1356721
usdc,2025-06-08T00:00:00.000000000Z,1360569
usdc,2025-06-09T00:00:00.000000000Z,1679351
usdc,2025-06-10T00:00:00.000000000Z,1830635
usdc,2025-06-11T00:00:00.000000000Z,1968294
usdc,2025-06-12T00:00:00.000000000Z,1857924
usdc,2025-06-13T00:00:00.000000000Z,1865561
usdc,2025-06-14T00:00:00.000000000Z,1338710
usdc,2025-06-15T00:00:00.000000000Z,1313169
usdc,2025-06-16T00:00:00.000000000Z,1619887
usdc,2025-06-17T00:00:00.000000000Z,1720207
usdc,2025-06-18T00:00:00.000000000Z,1761111
usdc,2025-06-19T00:00:00.000000000Z,1598990
usdc,2025-06-20T00:00:00.000000000Z,1607646
usdc,2025-06-21T00:00:00.000000000Z,1451221
usdc,2025-06-22T00:00:00.000000000Z,1619847
usdc,2025-06-23T00:00:00.000000000Z,1675508
usdc,2025-06-24T00:00:00.000000000Z,1583324
usdc,2025-06-25T00:00:00.000000000Z,1656323
usdc,2025-06-26T00:00:00.000000000Z,1533441
usdc,2025-06-27T00:00:00.000000000Z,2472163
usdc,2025-06-28T00:00:00.000000000Z,2528407
usdc,2025-06-29T00:00:00.000000000Z,1990316
usdc,2025-06-30T00:00:00.000000000Z,2229133
usdc,2025-07-01T00:00:00.000000000Z,2284400
usdc,2025-07-02T00:00:00.000000000Z,2217761
usdc,2025-07-03T00:00:00.000000000Z,2712601
usdc,2025-07-04T00:00:00.000000000Z,2282471
usdc,2025-07-05T00:00:00.000000000Z,1891106
usdc,2025-07-06T00:00:00.000000000Z,1742509
usdc,2025-07-07T00:00:00.000000000Z,2024558
usdc,2025-07-08T00:00:00.000000000Z,1966667
usdc,2025-07-09T00:00:00.000000000Z,2059944
usdc,2025-07-10T00:00:00.000000000Z,2367834
usdc,2025-07-11T00:00:00.000000000Z,2457346
usdc,2025-07-12T00:00:00.000000000Z,2303898
usdc,2025-07-13T00:00:00.000000000Z,1922451
usdc,2025-07-14T00:00:00.000000000Z,2454692
usdc,2025-07-15T00:00:00.000000000Z,2431170
usdc,2025-07-16T00:00:00.000000000Z,2604044
usdc,2025-07-17T00:00:00.000000000Z,2881993
usdc,2025-07-18T00:00:00.000000000Z,2842861
usdc,2025-07-19T00:00:00.000000000Z,2712285
usdc,2025-07-20T00:00:00.000000000Z,2524300
usdc,2025-07-21T00:00:00.000000000Z,3038352
usdc,2025-07-22T00:00:00.000000000Z,3099157
usdc,2025-07-23T00:00:00.000000000Z,3014828
usdc,2025-07-24T00:00:00.000000000Z,3170328
usdc,2025-07-25T00:00:00.000000000Z,2704462
usdc,2025-07-26T00:00:00.000000000Z,2052725
usdc,2025-07-27T00:00:00.000000000Z,2314985
usdc,2025-07-28T00:00:00.000000000Z,2586888
usdc,2025-07-29T00:00:00.000000000Z,2435327
usdc,2025-07-30T00:00:00.000000000Z,2344459
usdc,2025-07-31T00:00:00.000000000Z,2511990
usdc,2025-08-01T00:00:00.000000000Z,2776019
usdc,2025-08-02T00:00:00.000000000Z,2307834
usdc,2025-08-03T00:00:00.000000000Z,1892496
usdc,2025-08-04T00:00:00.000000000Z,2170785
usdc,2025-08-05T00:00:00.000000000Z,2254290
usdc,2025-08-06T00:00:00.000000000Z,2238802
usdc,2025-08-07T00:00:00.000000000Z,2172721
usdc,2025-08-08T00:00:00.000000000Z,2274375
usdc,2025-08-09T00:00:00.000000000Z,2323551
usdc,2025-08-10T00:00:00.000000000Z,1998974
usdc,2025-08-11T00:00:00.000000000Z,2396343
usdc,2025-08-12T00:00:00.000000000Z,2443209
usdc,2025-08-13T00:00:00.000000000Z,2687851
usdc,2025-08-14T00:00:00.000000000Z,2825172
usdc,2025-08-15T00:00:00.000000000Z,2339419
usdc,2025-08-16T00:00:00.000000000Z,1816702
usdc,2025-08-17T00:00:00.000000000Z,1673851
usdc,2025-08-18T00:00:00.000000000Z,2004183
usdc,2025-08-19T00:00:00.000000000Z,2087534
usdc,2025-08-20T00:00:00.000000000Z,2083712
usdc,2025-08-21T00:00:00.000000000Z,2448454
usdc,2025-08-22T00:00:00.000000000Z,2638380
usdc,2025-08-23T00:00:00.000000000Z,2098343
usdc,2025-08-24T00:00:00.000000000Z,2199192
usdc,2025-08-25T00:00:00.000000000Z,2369158
usdc,2025-08-26T00:00:00.000000000Z,2189693
usdc,2025-08-27T00:00:00.000000000Z,2271975
usdc,2025-08-28T00:00:00.000000000Z,2573780
usdc,2025-08-29T00:00:00.000000000Z,2402651
usdc,2025-08-30T00:00:00.000000000Z,1816235
usdc,2025-08-31T00:00:00.000000000Z,1640980
usdc,2025-09-01T00:00:00.000000000Z,2038413
usdc,2025-09-02T00:00:00.000000000Z,2035818
usdc,2025-09-03T00:00:00.000000000Z,2115838
usdc,2025-09-04T00:00:00.000000000Z,2187675
usdc,2025-09-05T00:00:00.000000000Z,2083816
usdc,2025-09-06T00:00:00.000000000Z,1654753
usdc,2025-09-07T00:00:00.000000000Z,1593975
usdc,2025-09-08T00:00:00.000000000Z,2021380
usdc,2025-09-09T00:00:00.000000000Z,2184722
usdc,2025-09-10T00:00:00.000000000Z,2378962
usdc,2025-09-11T00:00:00.000000000Z,2494254
usdc,2025-09-12T00:00:00.000000000Z,2715251
usdc,2025-09-13T00:00:00.000000000Z,2081833
usdc,2025-09-14T00:00:00.000000000Z,2163091
usdc,2025-09-15T00:00:00.000000000Z,2296481
usdc,2025-09-16T00:00:00.000000000Z,2152612
usdc,2025-09-17T00:00:00.000000000Z,2206121
usdc,2025-09-18T00:00:00.000000000Z,2394798
usdc,2025-09-19T00:00:00.000000000Z,2142472
usdc,2025-09-20T00:00:00.000000000Z,1825280
usdc,2025-09-21T00:00:00.000000000Z,1947592
usdc,2025-09-22T00:00:00.000000000Z,2197993
usdc,2025-09-23T00:00:00.000000000Z,2216197
usdc,2025-09-24T00:00:00.000000000Z,2320114
usdc,2025-09-25T00:00:00.000000000Z,2613843
usdc,2025-09-26T00:00:00.000000000Z,2364820
usdc,2025-09-27T00:00:00.000000000Z,1784457
usdc,2025-09-28T00:00:00.000000000Z,1760858
usdc,2025-09-29T00:00:00.000000000Z,2011163
usdc,2025-09-30T00:00:00.000000000Z,2020145
usdc,2025-10-01T00:00:00.000000000Z,2248525
usdc,2025-10-02T00:00:00.000000000Z,2357501
usdc,2025-10-03T00:00:00.000000000Z,2251076
usdc,2025-10-04T00:00:00.000000000Z,1947759
usdc,2025-10-05T00:00:00.000000000Z,2028169
usdc,2025-10-06T00:00:00.000000000Z,2171731
usdc,2025-10-07T00:00:00.000000000Z,2368693
usdc,2025-10-08T00:00:00.000000000Z,2283825
usdc,2025-10-09T00:00:00.000000000Z,2370047
usdc,2025-10-10T00:00:00.000000000Z,2894719
usdc,2025-10-11T00:00:00.000000000Z,2576525
usdc,2025-10-12T00:00:00.000000000Z,2285340
usdc,2025-10-13T00:00:00.000000000Z,2403374
usdc,2025-10-14T00:00:00.000000000Z,2448754
usdc,2025-10-15T00:00:00.000000000Z,2379485
usdc,2025-10-16T00:00:00.000000000Z,2643713
usdc,2025-10-17T00:00:00.000000000Z,2759416
usdc,2025-10-18T00:00:00.000000000Z,2276319
usdc,2025-10-19T00:00:00.000000000Z,2206894
usdc,2025-10-20T00:00:00.000000000Z,2352976
usdc,2025-10-21T00:00:00.000000000Z,2521994
usdc,2025-10-22T00:00:00.000000000Z,2517008
usdc,2025-10-23T00:00:00.000000000Z,2981406
usdc,2025-10-24T00:00:00.000000000Z,2770043
usdc,2025-10-25T00:00:00.000000000Z,2194403
usdc,2025-10-26T00:00:00.000000000Z,2211792
usdc,2025-10-27T00:00:00.000000000Z,2644650
usdc,2025-10-28T00:00:00.000000000Z,2746578
usdc,2025-10-29T00:00:00.000000000Z,2771211
usdc,2025-10-30T00:00:00.000000000Z,2667336
usdc,2025-10-31T00:00:00.000000000Z,2358890
usdc,2025-11-01T00:00:00.000000000Z,1893054
usdc,2025-11-02T00:00:00.000000000Z,1782856
usdc,2025-11-03T00:00:00.000000000Z,2558313
usdc,2025-11-04T00:00:00.000000000Z,3195129
usdc,2025-11-05T00:00:00.000000000Z,2570459
usdc,2025-11-06T00:00:00.000000000Z,2636261
usdc,2025-11-07T00:00:00.000000000Z,2663918
usdc,2025-11-08T00:00:00.000000000Z,2070065
usdc,2025-11-09T00:00:00.000000000Z,2155489
usdc,2025-11-10T00:00:00.000000000Z,2379719
usdc,2025-11-11T00:00:00.000000000Z,2488424
usdc,2025-11-12T00:00:00.000000000Z,2571395
usdc,2025-11-13T00:00:00.000000000Z,2627903
usdc,2025-11-14T00:00:00.000000000Z,2730942
usdc,2025-11-15T00:00:00.000000000Z,2071952
usdc,2025-11-16T00:00:00.000000000Z,2117575
usdc,2025-11-17T00:00:00.000000000Z,2468924
usdc,2025-11-18T00:00:00.000000000Z,2429840
usdc,2025-11-19T00:00:00.000000000Z,2318314
usdc,2025-11-20T00:00:00.000000000Z,2417675
usdc,2025-11-21T00:00:00.000000000Z,2627994
usdc,2025-11-22T00:00:00.000000000Z,1881934
usdc,2025-11-23T00:00:00.000000000Z,1906292
usdc,2025-11-24T00:00:00.000000000Z,2438540
usdc,2025-11-25T00:00:00.000000000Z,2354464
usdc,2025-11-26T00:00:00.000000000Z,2433207
usdc,2025-11-27T00:00:00.000000000Z,2354619
usdc,2025-11-28T00:00:00.000000000Z,2339875
usdc,2025-11-29T00:00:00.000000000Z,2172942
usdc,2025-11-30T00:00:00.000000000Z,1927472
usdc,2025-12-01T00:00:00.000000000Z,2538052
usdc,2025-12-02T00:00:00.000000000Z,2426066
usdc,2025-12-03T00:00:00.000000000Z,2365997
usdc,2025-12-04T00:00:00.000000000Z,2451967
usdc,2025-12-05T00:00:00.000000000Z,2170570
usdc,2025-12-06T00:00:00.000000000Z,1865788
usdc,2025-12-07T00:00:00.000000000Z,1982061
usdc,2025-12-08T00:00:00.000000000Z,2336682
usdc,2025-12-09T00:00:00.000000000Z,2294643
usdc,2025-12-10T00:00:00.000000000Z,2216335
usdc,2025-12-11T00:00:00.000000000Z,2301500
usdc,2025-12-12T00:00:00.000000000Z,2163360
usdc,2025-12-13T00:00:00.000000000Z,1781133
usdc,2025-12-14T00:00:00.000000000Z,1768071
usdc,2025-12-15T00:00:00.000000000Z,2265207
usdc,2025-12-16T00:00:00.000000000Z,2184482
usdc,2025-12-17T00:00:00.000000000Z,2139143
usdc,2025-12-18T00:00:00.000000000Z,2215915
usdc,2025-12-19T00:00:00.000000000Z,2201672
usdc,2025-12-20T00:00:00.000000000Z,1679319
usdc,2025-12-21T00:00:00.000000000Z,1622333
usdc,2025-12-22T00:00:00.000000000Z,2038005
usdc,2025-12-23T00:00:00.000000000Z,2062202
usdc,2025-12-24T00:00:00.000000000Z,1903367
usdc,2025-12-25T00:00:00.000000000Z,1725578
usdc,2025-12-26T00:00:00.000000000Z,1882857
usdc,2025-12-27T00:00:00.000000000Z,1685428
usdc,2025-12-28T00:00:00.000000000Z,1665300
usdc,2025-12-29T00:00:00.000000000Z,2124667
usdc,2025-12-30T00:00:00.000000000Z,2036521
usdc,2025-12-31T00:00:00.000000000Z,2001557
usdc_eth,2020-01-01T00:00:00.000000000Z,1481
usdc_eth,2020-01-02T00:00:00.000000000Z,2302
usdc_eth,2020-01-03T00:00:00.000000000Z,2561
usdc_eth,2020-01-04T00:00:00.000000000Z,1824
usdc_eth,2020-01-05T00:00:00.000000000Z,1924
usdc_eth,2020-01-06T00:00:00.000000000Z,2761
usdc_eth,2020-01-07T00:00:00.000000000Z,2930
usdc_eth,2020-01-08T00:00:00.000000000Z,3327
usdc_eth,2020-01-09T00:00:00.000000000Z,2878
usdc_eth,2020-01-10T00:00:00.000000000Z,2896
usdc_eth,2020-01-11T00:00:00.000000000Z,2337
usdc_eth,2020-01-12T00:00:00.000000000Z,1819
usdc_eth,2020-01-13T00:00:00.000000000Z,2295
usdc_eth,2020-01-14T00:00:00.000000000Z,3939
usdc_eth,2020-01-15T00:00:00.000000000Z,3941
usdc_eth,2020-01-16T00:00:00.000000000Z,3397
usdc_eth,2020-01-17T00:00:00.000000000Z,3770
usdc_eth,2020-01-18T00:00:00.000000000Z,2503
usdc_eth,2020-01-19T00:00:00.000000000Z,2516
usdc_eth,2020-01-20T00:00:00.000000000Z,2371
usdc_eth,2020-01-21T00:00:00.000000000Z,2884
usdc_eth,2020-01-22T00:00:00.000000000Z,2799
usdc_eth,2020-01-23T00:00:00.000000000Z,2970
usdc_eth,2020-01-24T00:00:00.000000000Z,2741
usdc_eth,2020-01-25T00:00:00.000000000Z,1995
usdc_eth,2020-01-26T00:00:00.000000000Z,2053
usdc_eth,2020-01-27T00:00:00.000000000Z,3139
usdc_eth,2020-01-28T00:00:00.000000000Z,3273
usdc_eth,2020-01-29T00:00:00.000000000Z,3403
usdc_eth,2020-01-30T00:00:00.000000000Z,3922
usdc_eth,2020-01-31T00:00:00.000000000Z,3220
usdc_eth,2020-02-01T00:00:00.000000000Z,3829
usdc_eth,2020-02-02T00:00:00.000000000Z,2595
usdc_eth,2020-02-03T00:00:00.000000000Z,3127
usdc_eth,2020-02-04T00:00:00.000000000Z,3870
usdc_eth,2020-02-05T00:00:00.000000000Z,3995
usdc_eth,2020-02-06T00:00:00.000000000Z,4142
usdc_eth,2020-02-07T00:00:00.000000000Z,3824
usdc_eth,2020-02-08T00:00:00.000000000Z,3267
usdc_eth,2020-02-09T00:00:00.000000000Z,3156
usdc_eth,2020-02-10T00:00:00.000000000Z,3573
usdc_eth,2020-02-11T00:00:00.000000000Z,4219
usdc_eth,2020-02-12T00:00:00.000000000Z,6428
usdc_eth,2020-02-13T00:00:00.000000000Z,4375
usdc_eth,2020-02-14T00:00:00.000000000Z,4286
usdc_eth,2020-02-15T00:00:00.000000000Z,3570
usdc_eth,2020-02-16T00:00:00.000000000Z,3418
usdc_eth,2020-02-17T00:00:00.000000000Z,3629
usdc_eth,2020-02-18T00:00:00.000000000Z,4162
usdc_eth,2020-02-19T00:00:00.000000000Z,3981
usdc_eth,2020-02-20T00:00:00.000000000Z,4034
usdc_eth,2020-02-21T00:00:00.000000000Z,3608
usdc_eth,2020-02-22T00:00:00.000000000Z,2634
usdc_eth,2020-02-23T00:00:00.000000000Z,2525
usdc_eth,2020-02-24T00:00:00.000000000Z,3508
usdc_eth,2020-02-25T00:00:00.000000000Z,3930
usdc_eth,2020-02-26T00:00:00.000000000Z,5318
usdc_eth,2020-02-27T00:00:00.000000000Z,5199
usdc_eth,2020-02-28T00:00:00.000000000Z,4605
usdc_eth,2020-02-29T00:00:00.000000000Z,2803
usdc_eth,2020-03-01T00:00:00.000000000Z,3110
usdc_eth,2020-03-02T00:00:00.000000000Z,4488
usdc_eth,2020-03-03T00:00:00.000000000Z,4711
usdc_eth,2020-03-04T00:00:00.000000000Z,4027
usdc_eth,2020-03-05T00:00:00.000000000Z,4645
usdc_eth,2020-03-06T00:00:00.000000000Z,4589
usdc_eth,2020-03-07T00:00:00.000000000Z,3333
usdc_eth,2020-03-08T00:00:00.000000000Z,3879
usdc_eth,2020-03-09T00:00:00.000000000Z,5471
usdc_eth,2020-03-10T00:00:00.000000000Z,4283
usdc_eth,2020-03-11T00:00:00.000000000Z,3902
usdc_eth,2020-03-12T00:00:00.000000000Z,8334
usdc_eth,2020-03-13T00:00:00.000000000Z,10125
usdc_eth,2020-03-14T00:00:00.000000000Z,4695
usdc_eth,2020-03-15T00:00:00.000000000Z,4295
usdc_eth,2020-03-16T00:00:00.000000000Z,6932
usdc_eth,2020-03-17T00:00:00.000000000Z,7144
usdc_eth,2020-03-18T00:00:00.000000000Z,6119
usdc_eth,2020-03-19T00:00:00.000000000Z,7260
usdc_eth,2020-03-20T00:00:00.000000000Z,6615
usdc_eth,2020-03-21T00:00:00.000000000Z,4831
usdc_eth,2020-03-22T00:00:00.000000000Z,3798
usdc_eth,2020-03-23T00:00:00.000000000Z,5135
usdc_eth,2020-03-24T00:00:00.000000000Z,5428
usdc_eth,2020-03-25T00:00:00.000000000Z,4420
usdc_eth,2020-03-26T00:00:00.000000000Z,5182
usdc_eth,2020-03-27T00:00:00.000000000Z,5240
usdc_eth,2020-03-28T00:00:00.000000000Z,4415
usdc_eth,2020-03-29T00:00:00.000000000Z,3441
usdc_eth,2020-03-30T00:00:00.000000000Z,4703
usdc_eth,2020-03-31T00:00:00.000000000Z,4599
usdc_eth,2020-04-01T00:00:00.000000000Z,5112
usdc_eth,2020-04-02T00:00:00.000000000Z,6053
usdc_eth,2020-04-03T00:00:00.000000000Z,5386
usdc_eth,2020-04-04T00:00:00.000000000Z,3962
usdc_eth,2020-04-05T00:00:00.000000000Z,3662
usdc_eth,2020-04-06T00:00:00.000000000Z,6026
usdc_eth,2020-04-07T00:00:00.000000000Z,6886
usdc_eth,2020-04-08T00:00:00.000000000Z,5327
usdc_eth,2020-04-09T00:00:00.000000000Z,5317
usdc_eth,2020-04-10T00:00:00.000000000Z,6524
usdc_eth,2020-04-11T00:00:00.000000000Z,4080
usdc_eth,2020-04-12T00:00:00.000000000Z,4016
usdc_eth,2020-04-13T00:00:00.000000000Z,5147
usdc_eth,2020-04-14T00:00:00.000000000Z,4956
usdc_eth,2020-04-15T00:00:00.000000000Z,5314
usdc_eth,2020-04-16T00:00:00.000000000Z,6083
usdc_eth,2020-04-17T00:00:00.000000000Z,5896
usdc_eth,2020-04-18T00:00:00.000000000Z,4900
usdc_eth,2020-04-19T00:00:00.000000000Z,4415
usdc_eth,2020-04-20T00:00:00.000000000Z,5721
usdc_eth,2020-04-21T00:00:00.000000000Z,5756
usdc_eth,2020-04-22T00:00:00.000000000Z,5738
usdc_eth,2020-04-23T00:00:00.000000000Z,7026
usdc_eth,2020-04-24T00:00:00.000000000Z,6327
usdc_eth,2020-04-25T00:00:00.000000000Z,5458
usdc_eth,2020-04-26T00:00:00.000000000Z,4783
usdc_eth,2020-04-27T00:00:00.000000000Z,5709
usdc_eth,2020-04-28T00:00:00.000000000Z,5925
usdc_eth,2020-04-29T00:00:00.000000000Z,7885
usdc_eth,2020-04-30T00:00:00.000000000Z,7476
usdc_eth,2020-05-01T00:00:00.000000000Z,7233
usdc_eth,2020-05-02T00:00:00.000000000Z,5450
usdc_eth,2020-05-03T00:00:00.000000000Z,5171
usdc_eth,2020-05-04T00:00:00.000000000Z,6541
usdc_eth,2020-05-05T00:00:00.000000000Z,6080
usdc_eth,2020-05-06T00:00:00.000000000Z,6764
usdc_eth,2020-05-07T00:00:00.000000000Z,7320
usdc_eth,2020-05-08T00:00:00.000000000Z,7726
usdc_eth,2020-05-09T00:00:00.000000000Z,5688
usdc_eth,2020-05-10T00:00:00.000000000Z,7714
usdc_eth,2020-05-11T00:00:00.000000000Z,7493
usdc_eth,2020-05-12T00:00:00.000000000Z,6962
usdc_eth,2020-05-13T00:00:00.000000000Z,6934
usdc_eth,2020-05-14T00:00:00.000000000Z,8508
usdc_eth,2020-05-15T00:00:00.000000000Z,7214
usdc_eth,2020-05-16T00:00:00.000000000Z,4537
usdc_eth,2020-05-17T00:00:00.000000000Z,4369
usdc_eth,2020-05-18T00:00:00.000000000Z,6677
usdc_eth,2020-05-19T00:00:00.000000000Z,5454
usdc_eth,2020-05-20T00:00:00.000000000Z,5756
usdc_eth,2020-05-21T00:00:00.000000000Z,7176
usdc_eth,2020-05-22T00:00:00.000000000Z,6746
usdc_eth,2020-05-23T00:00:00.000000000Z,4545
usdc_eth,2020-05-24T00:00:00.000000000Z,5095
usdc_eth,2020-05-25T00:00:00.000000000Z,5164
usdc_eth,2020-05-26T00:00:00.000000000Z,5277
usdc_eth,2020-05-27T00:00:00.000000000Z,6234
usdc_eth,2020-05-28T00:00:00.000000000Z,5778
usdc_eth,2020-05-29T00:00:00.000000000Z,7335
usdc_eth,2020-05-30T00:00:00.000000000Z,6278
usdc_eth,2020-05-31T00:00:00.000000000Z,4776
usdc_eth,2020-06-01T00:00:00.000000000Z,6774
usdc_eth,2020-06-02T00:00:00.000000000Z,9778
usdc_eth,2020-06-03T00:00:00.000000000Z,7189
usdc_eth,2020-06-04T00:00:00.000000000Z,6424
usdc_eth,2020-06-05T00:00:00.000000000Z,7157
usdc_eth,2020-06-06T00:00:00.000000000Z,4455
usdc_eth,2020-06-07T00:00:00.000000000Z,4403
usdc_eth,2020-06-08T00:00:00.000000000Z,6280
usdc_eth,2020-06-09T00:00:00.000000000Z,6003
usdc_eth,2020-06-10T00:00:00.000000000Z,6214
usdc_eth,2020-06-11T00:00:00.000000000Z,8491
usdc_eth,2020-06-12T00:00:00.000000000Z,6876
usdc_eth,2020-06-13T00:00:00.000000000Z,4608
usdc_eth,2020-06-14T00:00:00.000000000Z,5373
usdc_eth,2020-06-15T00:00:00.000000000Z,6767
usdc_eth,2020-06-16T00:00:00.000000000Z,6719
usdc_eth,2020-06-17T00:00:00.000000000Z,7300
usdc_eth,2020-06-18T00:00:00.000000000Z,6914
usdc_eth,2020-06-19T00:00:00.000000000Z,7961
usdc_eth,2020-06-20T00:00:00.000000000Z,8304
usdc_eth,2020-06-21T00:00:00.000000000Z,5768
usdc_eth,2020-06-22T00:00:00.000000000Z,8801
usdc_eth,2020-06-23T00:00:00.000000000Z,9767
usdc_eth,2020-06-24T00:00:00.000000000Z,8275
usdc_eth,2020-06-25T00:00:00.000000000Z,7651
usdc_eth,2020-06-26T00:00:00.000000000Z,9159
usdc_eth,2020-06-27T00:00:00.000000000Z,10565
usdc_eth,2020-06-28T00:00:00.000000000Z,6182
usdc_eth,2020-06-29T00:00:00.000000000Z,7543
usdc_eth,2020-06-30T00:00:00.000000000Z,8495
usdc_eth,2020-07-01T00:00:00.000000000Z,8266
usdc_eth,2020-07-02T00:00:00.000000000Z,9537
usdc_eth,2020-07-03T00:00:00.000000000Z,8489
usdc_eth,2020-07-04T00:00:00.000000000Z,7417
usdc_eth,2020-07-05T00:00:00.000000000Z,5587
usdc_eth,2020-07-06T00:00:00.000000000Z,7741
usdc_eth,2020-07-07T00:00:00.000000000Z,8580
usdc_eth,2020-07-08T00:00:00.000000000Z,11571
usdc_eth,2020-07-09T00:00:00.000000000Z,12532
usdc_eth,2020-07-10T00:00:00.000000000Z,9322
usdc_eth,2020-07-11T00:00:00.000000000Z,6588
usdc_eth,2020-07-12T00:00:00.000000000Z,5955
usdc_eth,2020-07-13T00:00:00.000000000Z,8156
usdc_eth,2020-07-14T00:00:00.000000000Z,8752
usdc_eth,2020-07-15T00:00:00.000000000Z,8737
usdc_eth,2020-07-16T00:00:00.000000000Z,8719
usdc_eth,2020-07-17T00:00:00.000000000Z,9041
usdc_eth,2020-07-18T00:00:00.000000000Z,7121
usdc_eth,2020-07-19T00:00:00.000000000Z,7132
usdc_eth,2020-07-20T00:00:00.000000000Z,9418
usdc_eth,2020-07-21T00:00:00.000000000Z,9326
usdc_eth,2020-07-22T00:00:00.000000000Z,8321
usdc_eth,2020-07-23T00:00:00.000000000Z,10305
usdc_eth,2020-07-24T00:00:00.000000000Z,9562
usdc_eth,2020-07-25T00:00:00.000000000Z,9125
usdc_eth,2020-07-26T00:00:00.000000000Z,9488
usdc_eth,2020-07-27T00:00:00.000000000Z,13637
usdc_eth,2020-07-28T00:00:00.000000000Z,10699
usdc_eth,2020-07-29T00:00:00.000000000Z,9941
usdc_eth,2020-07-30T00:00:00.000000000Z,9627
usdc_eth,2020-07-31T00:00:00.000000000Z,10256
usdc_eth,2020-08-01T00:00:00.000000000Z,10069
usdc_eth,2020-08-02T00:00:00.000000000Z,9325
usdc_eth,2020-08-03T00:00:00.000000000Z,12242
usdc_eth,2020-08-04T00:00:00.000000000Z,10612
usdc_eth,2020-08-05T00:00:00.000000000Z,10904
usdc_eth,2020-08-06T00:00:00.000000000Z,10115
usdc_eth,2020-08-07T00:00:00.000000000Z,10724
usdc_eth,2020-08-08T00:00:00.000000000Z,9374
usdc_eth,2020-08-09T00:00:00.000000000Z,8190
usdc_eth,2020-08-10T00:00:00.000000000Z,10695
usdc_eth,2020-08-11T00:00:00.000000000Z,12777
usdc_eth,2020-08-12T00:00:00.000000000Z,12267
usdc_eth,2020-08-13T00:00:00.000000000Z,12200
usdc_eth,2020-08-14T00:00:00.000000000Z,13535
usdc_eth,2020-08-15T00:00:00.000000000Z,10807
usdc_eth,2020-08-16T00:00:00.000000000Z,9847
usdc_eth,2020-08-17T00:00:00.000000000Z,12289
usdc_eth,2020-08-18T00:00:00.000000000Z,12483
usdc_eth,2020-08-19T00:00:00.000000000Z,12578
usdc_eth,2020-08-20T00:00:00.000000000Z,10926
usdc_eth,2020-08-21T00:00:00.000000000Z,40866
usdc_eth,2020-08-22T00:00:00.000000000Z,10083
usdc_eth,2020-08-23T00:00:00.000000000Z,7887
usdc_eth,2020-08-24T00:00:00.000000000Z,9053
usdc_eth,2020-08-25T00:00:00.000000000Z,11178
usdc_eth,2020-08-26T00:00:00.000000000Z,10711
usdc_eth,2020-08-27T00:00:00.000000000Z,10372
usdc_eth,2020-08-28T00:00:00.000000000Z,10194
usdc_eth,2020-08-29T00:00:00.000000000Z,8582
usdc_eth,2020-08-30T00:00:00.000000000Z,8203
usdc_eth,2020-08-31T00:00:00.000000000Z,9911
usdc_eth,2020-09-01T00:00:00.000000000Z,12621
usdc_eth,2020-09-02T00:00:00.000000000Z,12265
usdc_eth,2020-09-03T00:00:00.000000000Z,14475
usdc_eth,2020-09-04T00:00:00.000000000Z,17141
usdc_eth,2020-09-05T00:00:00.000000000Z,14449
usdc_eth,2020-09-06T00:00:00.000000000Z,12602
usdc_eth,2020-09-07T00:00:00.000000000Z,9791
usdc_eth,2020-09-08T00:00:00.000000000Z,11443
usdc_eth,2020-09-09T00:00:00.000000000Z,12669
usdc_eth,2020-09-10T00:00:00.000000000Z,13592
usdc_eth,2020-09-11T00:00:00.000000000Z,13955
usdc_eth,2020-09-12T00:00:00.000000000Z,11543
usdc_eth,2020-09-13T00:00:00.000000000Z,10157
usdc_eth,2020-09-14T00:00:00.000000000Z,11454
usdc_eth,2020-09-15T00:00:00.000000000Z,12649
usdc_eth,2020-09-16T00:00:00.000000000Z,13829
usdc_eth,2020-09-17T00:00:00.000000000Z,14083
usdc_eth,2020-09-18T00:00:00.000000000Z,15117
usdc_eth,2020-09-19T00:00:00.000000000Z,12642
usdc_eth,2020-09-20T00:00:00.000000000Z,11229
usdc_eth,2020-09-21T00:00:00.000000000Z,13932
usdc_eth,2020-09-22T00:00:00.000000000Z,12796
usdc_eth,2020-09-23T00:00:00.000000000Z,15353
usdc_eth,2020-09-24T00:00:00.000000000Z,12972
usdc_eth,2020-09-25T00:00:00.000000000Z,12154
usdc_eth,2020-09-26T00:00:00.000000000Z,10591
usdc_eth,2020-09-27T00:00:00.000000000Z,8779
usdc_eth,2020-09-28T00:00:00.000000000Z,11674
usdc_eth,2020-09-29T00:00:00.000000000Z,11904
usdc_eth,2020-09-30T00:00:00.000000000Z,12613
usdc_eth,2020-10-01T00:00:00.000000000Z,14788
usdc_eth,2020-10-02T00:00:00.000000000Z,15492
usdc_eth,2020-10-03T00:00:00.000000000Z,10309
usdc_eth,2020-10-04T00:00:00.000000000Z,9445
usdc_eth,2020-10-05T00:00:00.000000000Z,12562
usdc_eth,2020-10-06T00:00:00.000000000Z,12453
usdc_eth,2020-10-07T00:00:00.000000000Z,11934
usdc_eth,2020-10-08T00:00:00.000000000Z,11581
usdc_eth,2020-10-09T00:00:00.000000000Z,12489
usdc_eth,2020-10-10T00:00:00.000000000Z,9678
usdc_eth,2020-10-11T00:00:00.000000000Z,8798
usdc_eth,2020-10-12T00:00:00.000000000Z,10518
usdc_eth,2020-10-13T00:00:00.000000000Z,14821
usdc_eth,2020-10-14T00:00:00.000000000Z,11842
usdc_eth,2020-10-15T00:00:00.000000000Z,40112
usdc_eth,2020-10-16T00:00:00.000000000Z,31208
usdc_eth,2020-10-17T00:00:00.000000000Z,23587
usdc_eth,2020-10-18T00:00:00.000000000Z,10839
usdc_eth,2020-10-19T00:00:00.000000000Z,13728
usdc_eth,2020-10-20T00:00:00.000000000Z,19935
usdc_eth,2020-10-21T00:00:00.000000000Z,30218
usdc_eth,2020-10-22T00:00:00.000000000Z,29933
usdc_eth,2020-10-23T00:00:00.000000000Z,25148
usdc_eth,2020-10-24T00:00:00.000000000Z,21506
usdc_eth,2020-10-25T00:00:00.000000000Z,19409
usdc_eth,2020-10-26T00:00:00.000000000Z,23945
usdc_eth,2020-10-27T00:00:00.000000000Z,23449
usdc_eth,2020-10-28T00:00:00.000000000Z,24174
usdc_eth,2020-10-29T00:00:00.000000000Z,27487
usdc_eth,2020-10-30T00:00:00.000000000Z,26510
usdc_eth,2020-10-31T00:00:00.000000000Z,29232
usdc_eth,2020-11-01T00:00:00.000000000Z,26831
usdc_eth,2020-11-02T00:00:00.000000000Z,29401
usdc_eth,2020-11-03T00:00:00.000000000Z,33311
usdc_eth,2020-11-04T00:00:00.000000000Z,29939
usdc_eth,2020-11-05T00:00:00.000000000Z,28681
usdc_eth,2020-11-06T00:00:00.000000000Z,30096
usdc_eth,2020-11-07T00:00:00.000000000Z,28469
usdc_eth,2020-11-08T00:00:00.000000000Z,30854
usdc_eth,2020-11-09T00:00:00.000000000Z,37208
usdc_eth,2020-11-10T00:00:00.000000000Z,26680
usdc_eth,2020-11-11T00:00:00.000000000Z,26538
usdc_eth,2020-11-12T00:00:00.000000000Z,28404
usdc_eth,2020-11-13T00:00:00.000000000Z,26863
usdc_eth,2020-11-14T00:00:00.000000000Z,26901
usdc_eth,2020-11-15T00:00:00.000000000Z,22794
usdc_eth,2020-11-16T00:00:00.000000000Z,26462
usdc_eth,2020-11-17T00:00:00.000000000Z,32584
usdc_eth,2020-11-18T00:00:00.000000000Z,31338
usdc_eth,2020-11-19T00:00:00.000000000Z,29659
usdc_eth,2020-11-20T00:00:00.000000000Z,35899
usdc_eth,2020-11-21T00:00:00.000000000Z,38818
usdc_eth,2020-11-22T00:00:00.000000000Z,35395
usdc_eth,2020-11-23T00:00:00.000000000Z,38426
usdc_eth,2020-11-24T00:00:00.000000000Z,43212
usdc_eth,2020-11-25T00:00:00.000000000Z,38425
usdc_eth,2020-11-26T00:00:00.000000000Z,33700
usdc_eth,2020-11-27T00:00:00.000000000Z,25064
usdc_eth,2020-11-28T00:00:00.000000000Z,35276
usdc_eth,2020-11-29T00:00:00.000000000Z,27743
usdc_eth,2020-11-30T00:00:00.000000000Z,36088
usdc_eth,2020-12-01T00:00:00.000000000Z,34008
usdc_eth,2020-12-02T00:00:00.000000000Z,16448
usdc_eth,2020-12-03T00:00:00.000000000Z,16274
usdc_eth,2020-12-04T00:00:00.000000000Z,16963
usdc_eth,2020-12-05T00:00:00.000000000Z,14924
usdc_eth,2020-12-06T00:00:00.000000000Z,13755
usdc_eth,2020-12-07T00:00:00.000000000Z,14090
usdc_eth,2020-12-08T00:00:00.000000000Z,16629
usdc_eth,2020-12-09T00:00:00.000000000Z,16408
usdc_eth,2020-12-10T00:00:00.000000000Z,16730
usdc_eth,2020-12-11T00:00:00.000000000Z,25487
usdc_eth,2020-12-12T00:00:00.000000000Z,45965
usdc_eth,2020-12-13T00:00:00.000000000Z,46946
usdc_eth,2020-12-14T00:00:00.000000000Z,39301
usdc_eth,2020-12-15T00:00:00.000000000Z,41734
usdc_eth,2020-12-16T00:00:00.000000000Z,34055
usdc_eth,2020-12-17T00:00:00.000000000Z,37704
usdc_eth,2020-12-18T00:00:00.000000000Z,19322
usdc_eth,2020-12-19T00:00:00.000000000Z,19052
usdc_eth,2020-12-20T00:00:00.000000000Z,18149
usdc_eth,2020-12-21T00:00:00.000000000Z,17494
usdc_eth,2020-12-22T00:00:00.000000000Z,17741
usdc_eth,2020-12-23T00:00:00.000000000Z,19431
usdc_eth,2020-12-24T00:00:00.000000000Z,18733
usdc_eth,2020-12-25T00:00:00.000000000Z,17396
usdc_eth,2020-12-26T00:00:00.000000000Z,19079
usdc_eth,2020-12-27T00:00:00.000000000Z,19372
usdc_eth,2020-12-28T00:00:00.000000000Z,19812
usdc_eth,2020-12-29T00:00:00.000000000Z,21136
usdc_eth,2020-12-30T00:00:00.000000000Z,21400
usdc_eth,2020-12-31T00:00:00.000000000Z,22432
usdc_eth,2021-01-01T00:00:00.000000000Z,22634
usdc_eth,2021-01-02T00:00:00.000000000Z,23527
usdc_eth,2021-01-03T00:00:00.000000000Z,23570
usdc_eth,2021-01-04T00:00:00.000000000Z,24427
usdc_eth,2021-01-05T00:00:00.000000000Z,25168
usdc_eth,2021-01-06T00:00:00.000000000Z,27594
usdc_eth,2021-01-07T00:00:00.000000000Z,27131
usdc_eth,2021-01-08T00:00:00.000000000Z,27241
usdc_eth,2021-01-09T00:00:00.000000000Z,29926
usdc_eth,2021-01-10T00:00:00.000000000Z,26965
usdc_eth,2021-01-11T00:00:00.000000000Z,24928
usdc_eth,2021-01-12T00:00:00.000000000Z,23037
usdc_eth,2021-01-13T00:00:00.000000000Z,22189
usdc_eth,2021-01-14T00:00:00.000000000Z,24237
usdc_eth,2021-01-15T00:00:00.000000000Z,24357
usdc_eth,2021-01-16T00:00:00.000000000Z,22154
usdc_eth,2021-01-17T00:00:00.000000000Z,22435
usdc_eth,2021-01-18T00:00:00.000000000Z,22401
usdc_eth,2021-01-19T00:00:00.000000000Z,23505
usdc_eth,2021-01-20T00:00:00.000000000Z,23861
usdc_eth,2021-01-21T00:00:00.000000000Z,23002
usdc_eth,2021-01-22T00:00:00.000000000Z,24534
usdc_eth,2021-01-23T00:00:00.000000000Z,19860
usdc_eth,2021-01-24T00:00:00.000000000Z,18610
usdc_eth,2021-01-25T00:00:00.000000000Z,22312
usdc_eth,2021-01-26T00:00:00.000000000Z,26980
usdc_eth,2021-01-27T00:00:00.000000000Z,24078
usdc_eth,2021-01-28T00:00:00.000000000Z,26515
usdc_eth,2021-01-29T00:00:00.000000000Z,33182
usdc_eth,2021-01-30T00:00:00.000000000Z,25328
usdc_eth,2021-01-31T00:00:00.000000000Z,23636
usdc_eth,2021-02-01T00:00:00.000000000Z,26227
usdc_eth,2021-02-02T00:00:00.000000000Z,26523
usdc_eth,2021-02-03T00:00:00.000000000Z,27719
usdc_eth,2021-02-04T00:00:00.000000000Z,30432
usdc_eth,2021-02-05T00:00:00.000000000Z,29462
usdc_eth,2021-02-06T00:00:00.000000000Z,32028
usdc_eth,2021-02-07T00:00:00.000000000Z,26463
usdc_eth,2021-02-08T00:00:00.000000000Z,26666
usdc_eth,2021-02-09T00:00:00.000000000Z,28916
usdc_eth,2021-02-10T00:00:00.000000000Z,32161
usdc_eth,2021-02-11T00:00:00.000000000Z,31224
usdc_eth,2021-02-12T00:00:00.000000000Z,33650
usdc_eth,2021-02-13T00:00:00.000000000Z,33435
usdc_eth,2021-02-14T00:00:00.000000000Z,26933
usdc_eth,2021-02-15T00:00:00.000000000Z,26086
usdc_eth,2021-02-16T00:00:00.000000000Z,35367
usdc_eth,2021-02-17T00:00:00.000000000Z,28922
usdc_eth,2021-02-18T00:00:00.000000000Z,29661
usdc_eth,2021-02-19T00:00:00.000000000Z,32858
usdc_eth,2021-02-20T00:00:00.000000000Z,34378
usdc_eth,2021-02-21T00:00:00.000000000Z,28935
usdc_eth,2021-02-22T00:00:00.000000000Z,31252
usdc_eth,2021-02-23T00:00:00.000000000Z,35139
usdc_eth,2021-02-24T00:00:00.000000000Z,35307
usdc_eth,2021-02-25T00:00:00.000000000Z,28926
usdc_eth,2021-02-26T00:00:00.000000000Z,33931
usdc_eth,2021-02-27T00:00:00.000000000Z,29578
usdc_eth,2021-02-28T00:00:00.000000000Z,28446
usdc_eth,2021-03-01T00:00:00.000000000Z,29518
usdc_eth,2021-03-02T00:00:00.000000000Z,28021
usdc_eth,2021-03-03T00:00:00.000000000Z,29001
usdc_eth,2021-03-04T00:00:00.000000000Z,27755
usdc_eth,2021-03-05T00:00:00.000000000Z,29233
usdc_eth,2021-03-06T00:00:00.000000000Z,23916
usdc_eth,2021-03-07T00:00:00.000000000Z,23026
usdc_eth,2021-03-08T00:00:00.000000000Z,25729
usdc_eth,2021-03-09T00:00:00.000000000Z,30091
usdc_eth,2021-03-10T00:00:00.000000000Z,28186
usdc_eth,2021-03-11T00:00:00.000000000Z,28400
usdc_eth,2021-03-12T00:00:00.000000000Z,31374
usdc_eth,2021-03-13T00:00:00.000000000Z,27203
usdc_eth,2021-03-14T00:00:00.000000000Z,23132
usdc_eth,2021-03-15T00:00:00.000000000Z,26547
usdc_eth,2021-03-16T00:00:00.000000000Z,31864
usdc_eth,2021-03-17T00:00:00.000000000Z,29203
usdc_eth,2021-03-18T00:00:00.000000000Z,28994
usdc_eth,2021-03-19T00:00:00.000000000Z,30065
usdc_eth,2021-03-20T00:00:00.000000000Z,27448
usdc_eth,2021-03-21T00:00:00.000000000Z,30371
usdc_eth,2021-03-22T00:00:00.000000000Z,40871
usdc_eth,2021-03-23T00:00:00.000000000Z,34760
usdc_eth,2021-03-24T00:00:00.000000000Z,36179
usdc_eth,2021-03-25T00:00:00.000000000Z,40993
usdc_eth,2021-03-26T00:00:00.000000000Z,30937
usdc_eth,2021-03-27T00:00:00.000000000Z,27815
usdc_eth,2021-03-28T00:00:00.000000000Z,23405
usdc_eth,2021-03-29T00:00:00.000000000Z,31993
usdc_eth,2021-03-30T00:00:00.000000000Z,31261
usdc_eth,2021-03-31T00:00:00.000000000Z,31510
usdc_eth,2021-04-01T00:00:00.000000000Z,33142
usdc_eth,2021-04-02T00:00:00.000000000Z,41043
usdc_eth,2021-04-03T00:00:00.000000000Z,29320
usdc_eth,2021-04-04T00:00:00.000000000Z,24293
usdc_eth,2021-04-05T00:00:00.000000000Z,28513
usdc_eth,2021-04-06T00:00:00.000000000Z,35927
usdc_eth,2021-04-07T00:00:00.000000000Z,32695
usdc_eth,2021-04-08T00:00:00.000000000Z,34660
usdc_eth,2021-04-09T00:00:00.000000000Z,32691
usdc_eth,2021-04-10T00:00:00.000000000Z,34456
usdc_eth,2021-04-11T00:00:00.000000000Z,34597
usdc_eth,2021-04-12T00:00:00.000000000Z,45030
usdc_eth,2021-04-13T00:00:00.000000000Z,51535
usdc_eth,2021-04-14T00:00:00.000000000Z,44902
usdc_eth,2021-04-15T00:00:00.000000000Z,34094
usdc_eth,2021-04-16T00:00:00.000000000Z,54509
usdc_eth,2021-04-17T00:00:00.000000000Z,40098
usdc_eth,2021-04-18T00:00:00.000000000Z,42563
usdc_eth,2021-04-19T00:00:00.000000000Z,39644
usdc_eth,2021-04-20T00:00:00.000000000Z,48258
usdc_eth,2021-04-21T00:00:00.000000000Z,48537
usdc_eth,2021-04-22T00:00:00.000000000Z,47510
usdc_eth,2021-04-23T00:00:00.000000000Z,53096
usdc_eth,2021-04-24T00:00:00.000000000Z,36257
usdc_eth,2021-04-25T00:00:00.000000000Z,36524
usdc_eth,2021-04-26T00:00:00.000000000Z,42985
usdc_eth,2021-04-27T00:00:00.000000000Z,41373
usdc_eth,2021-04-28T00:00:00.000000000Z,40906
usdc_eth,2021-04-29T00:00:00.000000000Z,46436
usdc_eth,2021-04-30T00:00:00.000000000Z,37911
usdc_eth,2021-05-01T00:00:00.000000000Z,32758
usdc_eth,2021-05-02T00:00:00.000000000Z,33264
usdc_eth,2021-05-03T00:00:00.000000000Z,38502
usdc_eth,2021-05-04T00:00:00.000000000Z,40746
usdc_eth,2021-05-05T00:00:00.000000000Z,38051
usdc_eth,2021-05-06T00:00:00.000000000Z,37434
usdc_eth,2021-05-07T00:00:00.000000000Z,40868
usdc_eth,2021-05-08T00:00:00.000000000Z,29127
usdc_eth,2021-05-09T00:00:00.000000000Z,39628
usdc_eth,2021-05-10T00:00:00.000000000Z,34599
usdc_eth,2021-05-11T00:00:00.000000000Z,29320
usdc_eth,2021-05-12T00:00:00.000000000Z,30547
usdc_eth,2021-05-13T00:00:00.000000000Z,46658
usdc_eth,2021-05-14T00:00:00.000000000Z,34658
usdc_eth,2021-05-15T00:00:00.000000000Z,31154
usdc_eth,2021-05-16T00:00:00.000000000Z,29643
usdc_eth,2021-05-17T00:00:00.000000000Z,35558
usdc_eth,2021-05-18T00:00:00.000000000Z,31414
usdc_eth,2021-05-19T00:00:00.000000000Z,49484
usdc_eth,2021-05-20T00:00:00.000000000Z,39214
usdc_eth,2021-05-21T00:00:00.000000000Z,37276
usdc_eth,2021-05-22T00:00:00.000000000Z,35614
usdc_eth,2021-05-23T00:00:00.000000000Z,36136
usdc_eth,2021-05-24T00:00:00.000000000Z,37495
usdc_eth,2021-05-25T00:00:00.000000000Z,32954
usdc_eth,2021-05-26T00:00:00.000000000Z,37461
usdc_eth,2021-05-27T00:00:00.000000000Z,34150
usdc_eth,2021-05-28T00:00:00.000000000Z,33783
usdc_eth,2021-05-29T00:00:00.000000000Z,30931
usdc_eth,2021-05-30T00:00:00.000000000Z,26657
usdc_eth,2021-05-31T00:00:00.000000000Z,28331
usdc_eth,2021-06-01T00:00:00.000000000Z,30466
usdc_eth,2021-06-02T00:00:00.000000000Z,34494
usdc_eth,2021-06-03T00:00:00.000000000Z,33608
usdc_eth,2021-06-04T00:00:00.000000000Z,34299
usdc_eth,2021-06-05T00:00:00.000000000Z,23595
usdc_eth,2021-06-06T00:00:00.000000000Z,22262
usdc_eth,2021-06-07T00:00:00.000000000Z,31312
usdc_eth,2021-06-08T00:00:00.000000000Z,34638
usdc_eth,2021-06-09T00:00:00.000000000Z,28671
usdc_eth,2021-06-10T00:00:00.000000000Z,30687
usdc_eth,2021-06-11T00:00:00.000000000Z,31409
usdc_eth,2021-06-12T00:00:00.000000000Z,24934
usdc_eth,2021-06-13T00:00:00.000000000Z,23127
usdc_eth,2021-06-14T00:00:00.000000000Z,37647
usdc_eth,2021-06-15T00:00:00.000000000Z,33593
usdc_eth,2021-06-16T00:00:00.000000000Z,33471
usdc_eth,2021-06-17T00:00:00.000000000Z,35294
usdc_eth,2021-06-18T00:00:00.000000000Z,34190
usdc_eth,2021-06-19T00:00:00.000000000Z,26267
usdc_eth,2021-06-20T00:00:00.000000000Z,26375
usdc_eth,2021-06-21T00:00:00.000000000Z,34265
usdc_eth,2021-06-22T00:00:00.000000000Z,38743
usdc_eth,2021-06-23T00:00:00.000000000Z,32300
usdc_eth,2021-06-24T00:00:00.000000000Z,30705
usdc_eth,2021-06-25T00:00:00.000000000Z,29009
usdc_eth,2021-06-26T00:00:00.000000000Z,26980
usdc_eth,2021-06-27T00:00:00.000000000Z,23491
usdc_eth,2021-06-28T00:00:00.000000000Z,28931
usdc_eth,2021-06-29T00:00:00.000000000Z,37181
usdc_eth,2021-06-30T00:00:00.000000000Z,28763
usdc_eth,2021-07-01T00:00:00.000000000Z,26413
usdc_eth,2021-07-02T00:00:00.000000000Z,27462
usdc_eth,2021-07-03T00:00:00.000000000Z,24751
usdc_eth,2021-07-04T00:00:00.000000000Z,25203
usdc_eth,2021-07-05T00:00:00.000000000Z,24422
usdc_eth,2021-07-06T00:00:00.000000000Z,25193
usdc_eth,2021-07-07T00:00:00.000000000Z,25344
usdc_eth,2021-07-08T00:00:00.000000000Z,27724
usdc_eth,2021-07-09T00:00:00.000000000Z,26427
usdc_eth,2021-07-10T00:00:00.000000000Z,22824
usdc_eth,2021-07-11T00:00:00.000000000Z,21678
usdc_eth,2021-07-12T00:00:00.000000000Z,26530
usdc_eth,2021-07-13T00:00:00.000000000Z,28611
usdc_eth,2021-07-14T00:00:00.000000000Z,30599
usdc_eth,2021-07-15T00:00:00.000000000Z,27555
usdc_eth,2021-07-16T00:00:00.000000000Z,28095
usdc_eth,2021-07-17T00:00:00.000000000Z,23221
usdc_eth,2021-07-18T00:00:00.000000000Z,19813
usdc_eth,2021-07-19T00:00:00.000000000Z,28629
usdc_eth,2021-07-20T00:00:00.000000000Z,32942
usdc_eth,2021-07-21T00:00:00.000000000Z,30878
usdc_eth,2021-07-22T00:00:00.000000000Z,27301
usdc_eth,2021-07-23T00:00:00.000000000Z,26400
usdc_eth,2021-07-24T00:00:00.000000000Z,24617
usdc_eth,2021-07-25T00:00:00.000000000Z,21041
usdc_eth,2021-07-26T00:00:00.000000000Z,34164
usdc_eth,2021-07-27T00:00:00.000000000Z,32943
usdc_eth,2021-07-28T00:00:00.000000000Z,30415
usdc_eth,2021-07-29T00:00:00.000000000Z,28689
usdc_eth,2021-07-30T00:00:00.000000000Z,29879
usdc_eth,2021-07-31T00:00:00.000000000Z,29191
usdc_eth,2021-08-01T00:00:00.000000000Z,24714
usdc_eth,2021-08-02T00:00:00.000000000Z,30374
usdc_eth,2021-08-03T00:00:00.000000000Z,29660
usdc_eth,2021-08-04T00:00:00.000000000Z,31414
usdc_eth,2021-08-05T00:00:00.000000000Z,26511
usdc_eth,2021-08-06T00:00:00.000000000Z,30209
usdc_eth,2021-08-07T00:00:00.000000000Z,27789
usdc_eth,2021-08-08T00:00:00.000000000Z,26935
usdc_eth,2021-08-09T00:00:00.000000000Z,29627
usdc_eth,2021-08-10T00:00:00.000000000Z,28963
usdc_eth,2021-08-11T00:00:00.000000000Z,31397
usdc_eth,2021-08-12T00:00:00.000000000Z,34194
usdc_eth,2021-08-13T00:00:00.000000000Z,29728
usdc_eth,2021-08-14T00:00:00.000000000Z,26050
usdc_eth,2021-08-15T00:00:00.000000000Z,24128
usdc_eth,2021-08-16T00:00:00.000000000Z,31245
usdc_eth,2021-08-17T00:00:00.000000000Z,30448
usdc_eth,2021-08-18T00:00:00.000000000Z,31050
usdc_eth,2021-08-19T00:00:00.000000000Z,36110
usdc_eth,2021-08-20T00:00:00.000000000Z,32631
usdc_eth,2021-08-21T00:00:00.000000000Z,27014
usdc_eth,2021-08-22T00:00:00.000000000Z,27262
usdc_eth,2021-08-23T00:00:00.000000000Z,30157
usdc_eth,2021-08-24T00:00:00.000000000Z,30124
usdc_eth,2021-08-25T00:00:00.000000000Z,27071
usdc_eth,2021-08-26T00:00:00.000000000Z,26462
usdc_eth,2021-08-27T00:00:00.000000000Z,25121
usdc_eth,2021-08-28T00:00:00.000000000Z,23713
usdc_eth,2021-08-29T00:00:00.000000000Z,22521
usdc_eth,2021-08-30T00:00:00.000000000Z,30590
usdc_eth,2021-08-31T00:00:00.000000000Z,31343
usdc_eth,2021-09-01T00:00:00.000000000Z,32522
usdc_eth,2021-09-02T00:00:00.000000000Z,36163
usdc_eth,2021-09-03T00:00:00.000000000Z,30571
usdc_eth,2021-09-04T00:00:00.000000000Z,25714
usdc_eth,2021-09-05T00:00:00.000000000Z,23768
usdc_eth,2021-09-06T00:00:00.000000000Z,30236
usdc_eth,2021-09-07T00:00:00.000000000Z,37864
usdc_eth,2021-09-08T00:00:00.000000000Z,37559
usdc_eth,2021-09-09T00:00:00.000000000Z,37265
usdc_eth,2021-09-10T00:00:00.000000000Z,40628
usdc_eth,2021-09-11T00:00:00.000000000Z,33872
usdc_eth,2021-09-12T00:00:00.000000000Z,28879
usdc_eth,2021-09-13T00:00:00.000000000Z,34044
usdc_eth,2021-09-14T00:00:00.000000000Z,33515
usdc_eth,2021-09-15T00:00:00.000000000Z,32530
usdc_eth,2021-09-16T00:00:00.000000000Z,32110
usdc_eth,2021-09-17T00:00:00.000000000Z,30555
usdc_eth,2021-09-18T00:00:00.000000000Z,26556
usdc_eth,2021-09-19T00:00:00.000000000Z,23947
usdc_eth,2021-09-20T00:00:00.000000000Z,36273
usdc_eth,2021-09-21T00:00:00.000000000Z,33214
usdc_eth,2021-09-22T00:00:00.000000000Z,32399
usdc_eth,2021-09-23T00:00:00.000000000Z,26925
usdc_eth,2021-09-24T00:00:00.000000000Z,27513
usdc_eth,2021-09-25T00:00:00.000000000Z,22981
usdc_eth,2021-09-26T00:00:00.000000000Z,20460
usdc_eth,2021-09-27T00:00:00.000000000Z,25927
usdc_eth,2021-09-28T00:00:00.000000000Z,28887
usdc_eth,2021-09-29T00:00:00.000000000Z,30576
usdc_eth,2021-09-30T00:00:00.000000000Z,28041
usdc_eth,2021-10-01T00:00:00.000000000Z,35593
usdc_eth,2021-10-02T00:00:00.000000000Z,29062
usdc_eth,2021-10-03T00:00:00.000000000Z,23543
usdc_eth,2021-10-04T00:00:00.000000000Z,30044
usdc_eth,2021-10-05T00:00:00.000000000Z,31922
usdc_eth,2021-10-06T00:00:00.000000000Z,30387
usdc_eth,2021-10-07T00:00:00.000000000Z,30653
usdc_eth,2021-10-08T00:00:00.000000000Z,29734
usdc_eth,2021-10-09T00:00:00.000000000Z,29068
usdc_eth,2021-10-10T00:00:00.000000000Z,30443
usdc_eth,2021-10-11T00:00:00.000000000Z,28920
usdc_eth,2021-10-12T00:00:00.000000000Z,30709
usdc_eth,2021-10-13T00:00:00.000000000Z,31144
usdc_eth,2021-10-14T00:00:00.000000000Z,31229
usdc_eth,2021-10-15T00:00:00.000000000Z,33979
usdc_eth,2021-10-16T00:00:00.000000000Z,28807
usdc_eth,2021-10-17T00:00:00.000000000Z,29500
usdc_eth,2021-10-18T00:00:00.000000000Z,35718
usdc_eth,2021-10-19T00:00:00.000000000Z,33864
usdc_eth,2021-10-20T00:00:00.000000000Z,35871
usdc_eth,2021-10-21T00:00:00.000000000Z,33066
usdc_eth,2021-10-22T00:00:00.000000000Z,30712
usdc_eth,2021-10-23T00:00:00.000000000Z,26188
usdc_eth,2021-10-24T00:00:00.000000000Z,25446
usdc_eth,2021-10-25T00:00:00.000000000Z,31925
usdc_eth,2021-10-26T00:00:00.000000000Z,30939
usdc_eth,2021-10-27T00:00:00.000000000Z,32437
usdc_eth,2021-10-28T00:00:00.000000000Z,34665
usdc_eth,2021-10-29T00:00:00.000000000Z,37187
usdc_eth,2021-10-30T00:00:00.000000000Z,29620
usdc_eth,2021-10-31T00:00:00.000000000Z,26672
usdc_eth,2021-11-01T00:00:00.000000000Z,34223
usdc_eth,2021-11-02T00:00:00.000000000Z,37957
usdc_eth,2021-11-03T00:00:00.000000000Z,36310
usdc_eth,2021-11-04T00:00:00.000000000Z,36191
usdc_eth,2021-11-05T00:00:00.000000000Z,32995
usdc_eth,2021-11-06T00:00:00.000000000Z,34451
usdc_eth,2021-11-07T00:00:00.000000000Z,31113
usdc_eth,2021-11-08T00:00:00.000000000Z,34621
usdc_eth,2021-11-09T00:00:00.000000000Z,34454
usdc_eth,2021-11-10T00:00:00.000000000Z,34770
usdc_eth,2021-11-11T00:00:00.000000000Z,31978
usdc_eth,2021-11-12T00:00:00.000000000Z,31433
usdc_eth,2021-11-13T00:00:00.000000000Z,26932
usdc_eth,2021-11-14T00:00:00.000000000Z,27347
usdc_eth,2021-11-15T00:00:00.000000000Z,37731
usdc_eth,2021-11-16T00:00:00.000000000Z,44063
usdc_eth,2021-11-17T00:00:00.000000000Z,33442
usdc_eth,2021-11-18T00:00:00.000000000Z,33922
usdc_eth,2021-11-19T00:00:00.000000000Z,31782
usdc_eth,2021-11-20T00:00:00.000000000Z,28100
usdc_eth,2021-11-21T00:00:00.000000000Z,28253
usdc_eth,2021-11-22T00:00:00.000000000Z,29726
usdc_eth,2021-11-23T00:00:00.000000000Z,31613
usdc_eth,2021-11-24T00:00:00.000000000Z,32007
usdc_eth,2021-11-25T00:00:00.000000000Z,29646
usdc_eth,2021-11-26T00:00:00.000000000Z,39362
usdc_eth,2021-11-27T00:00:00.000000000Z,27966
usdc_eth,2021-11-28T00:00:00.000000000Z,24763
usdc_eth,2021-11-29T00:00:00.000000000Z,29925
usdc_eth,2021-11-30T00:00:00.000000000Z,32380
usdc_eth,2021-12-01T00:00:00.000000000Z,35892
usdc_eth,2021-12-02T00:00:00.000000000Z,35056
usdc_eth,2021-12-03T00:00:00.000000000Z,35341
usdc_eth,2021-12-04T00:00:00.000000000Z,42047
usdc_eth,2021-12-05T00:00:00.000000000Z,29899
usdc_eth,2021-12-06T00:00:00.000000000Z,39866
usdc_eth,2021-12-07T00:00:00.000000000Z,34638
usdc_eth,2021-12-08T00:00:00.000000000Z,35997
usdc_eth,2021-12-09T00:00:00.000000000Z,36065
usdc_eth,2021-12-10T00:00:00.000000000Z,34184
usdc_eth,2021-12-11T00:00:00.000000000Z,27033
usdc_eth,2021-12-12T00:00:00.000000000Z,23962
usdc_eth,2021-12-13T00:00:00.000000000Z,31858
usdc_eth,2021-12-14T00:00:00.000000000Z,40095
usdc_eth,2021-12-15T00:00:00.000000000Z,32004
usdc_eth,2021-12-16T00:00:00.000000000Z,31760
usdc_eth,2021-12-17T00:00:00.000000000Z,39895
usdc_eth,2021-12-18T00:00:00.000000000Z,29251
usdc_eth,2021-12-19T00:00:00.000000000Z,27448
usdc_eth,2021-12-20T00:00:00.000000000Z,32369
usdc_eth,2021-12-21T00:00:00.000000000Z,38252
usdc_eth,2021-12-22T00:00:00.000000000Z,32799
usdc_eth,2021-12-23T00:00:00.000000000Z,30014
usdc_eth,2021-12-24T00:00:00.000000000Z,32054
usdc_eth,2021-12-25T00:00:00.000000000Z,23041
usdc_eth,2021-12-26T00:00:00.000000000Z,24775
usdc_eth,2021-12-27T00:00:00.000000000Z,30169
usdc_eth,2021-12-28T00:00:00.000000000Z,29088
usdc_eth,2021-12-29T00:00:00.000000000Z,30732
usdc_eth,2021-12-30T00:00:00.000000000Z,34013
usdc_eth,2021-12-31T00:00:00.000000000Z,31136
usdc_eth,2022-01-01T00:00:00.000000000Z,23130
usdc_eth,2022-01-02T00:00:00.000000000Z,20941
usdc_eth,2022-01-03T00:00:00.000000000Z,29067
usdc_eth,2022-01-04T00:00:00.000000000Z,29763
usdc_eth,2022-01-05T00:00:00.000000000Z,32298
usdc_eth,2022-01-06T00:00:00.000000000Z,31749
usdc_eth,2022-01-07T00:00:00.000000000Z,30925
usdc_eth,2022-01-08T00:00:00.000000000Z,26327
usdc_eth,2022-01-09T00:00:00.000000000Z,21073
usdc_eth,2022-01-10T00:00:00.000000000Z,25811
usdc_eth,2022-01-11T00:00:00.000000000Z,26656
usdc_eth,2022-01-12T00:00:00.000000000Z,26748
usdc_eth,2022-01-13T00:00:00.000000000Z,25327
usdc_eth,2022-01-14T00:00:00.000000000Z,27155
usdc_eth,2022-01-15T00:00:00.000000000Z,22588
usdc_eth,2022-01-16T00:00:00.000000000Z,19873
usdc_eth,2022-01-17T00:00:00.000000000Z,24843
usdc_eth,2022-01-18T00:00:00.000000000Z,26372
usdc_eth,2022-01-19T00:00:00.000000000Z,25595
usdc_eth,2022-01-20T00:00:00.000000000Z,26761
usdc_eth,2022-01-21T00:00:00.000000000Z,34621
usdc_eth,2022-01-22T00:00:00.000000000Z,44164
usdc_eth,2022-01-23T00:00:00.000000000Z,32827
usdc_eth,2022-01-24T00:00:00.000000000Z,37142
usdc_eth,2022-01-25T00:00:00.000000000Z,29488
usdc_eth,2022-01-26T00:00:00.000000000Z,28754
usdc_eth,2022-01-27T00:00:00.000000000Z,28593
usdc_eth,2022-01-28T00:00:00.000000000Z,26809
usdc_eth,2022-01-29T00:00:00.000000000Z,22538
usdc_eth,2022-01-30T00:00:00.000000000Z,21477
usdc_eth,2022-01-31T00:00:00.000000000Z,27896
usdc_eth,2022-02-01T00:00:00.000000000Z,27928
usdc_eth,2022-02-02T00:00:00.000000000Z,24389
usdc_eth,2022-02-03T00:00:00.000000000Z,25255
usdc_eth,2022-02-04T00:00:00.000000000Z,26324
usdc_eth,2022-02-05T00:00:00.000000000Z,24456
usdc_eth,2022-02-06T00:00:00.000000000Z,20035
usdc_eth,2022-02-07T00:00:00.000000000Z,27123
usdc_eth,2022-02-08T00:00:00.000000000Z,26535
usdc_eth,2022-02-09T00:00:00.000000000Z,26775
usdc_eth,2022-02-10T00:00:00.000000000Z,26362
usdc_eth,2022-02-11T00:00:00.000000000Z,27870
usdc_eth,2022-02-12T00:00:00.000000000Z,21806
usdc_eth,2022-02-13T00:00:00.000000000Z,20675
usdc_eth,2022-02-14T00:00:00.000000000Z,25554
usdc_eth,2022-02-15T00:00:00.000000000Z,26743
usdc_eth,2022-02-16T00:00:00.000000000Z,24845
usdc_eth,2022-02-17T00:00:00.000000000Z,26025
usdc_eth,2022-02-18T00:00:00.000000000Z,24423
usdc_eth,2022-02-19T00:00:00.000000000Z,21387
usdc_eth,2022-02-20T00:00:00.000000000Z,22867
usdc_eth,2022-02-21T00:00:00.000000000Z,24879
usdc_eth,2022-02-22T00:00:00.000000000Z,27506
usdc_eth,2022-02-23T00:00:00.000000000Z,27901
usdc_eth,2022-02-24T00:00:00.000000000Z,38935
usdc_eth,2022-02-25T00:00:00.000000000Z,28169
usdc_eth,2022-02-26T00:00:00.000000000Z,23546
usdc_eth,2022-02-27T00:00:00.000000000Z,21853
usdc_eth,2022-02-28T00:00:00.000000000Z,30154
usdc_eth,2022-03-01T00:00:00.000000000Z,32343
usdc_eth,2022-03-02T00:00:00.000000000Z,29426
usdc_eth,2022-03-03T00:00:00.000000000Z,28649
usdc_eth,2022-03-04T00:00:00.000000000Z,28844
usdc_eth,2022-03-05T00:00:00.000000000Z,22580
usdc_eth,2022-03-06T00:00:00.000000000Z,25934
usdc_eth,2022-03-07T00:00:00.000000000Z,32516
usdc_eth,2022-03-08T00:00:00.000000000Z,27660
usdc_eth,2022-03-09T00:00:00.000000000Z,31305
usdc_eth,2022-03-10T00:00:00.000000000Z,26542
usdc_eth,2022-03-11T00:00:00.000000000Z,27639
usdc_eth,2022-03-12T00:00:00.000000000Z,24466
usdc_eth,2022-03-13T00:00:00.000000000Z,20107
usdc_eth,2022-03-14T00:00:00.000000000Z,28043
usdc_eth,2022-03-15T00:00:00.000000000Z,29515
usdc_eth,2022-03-16T00:00:00.000000000Z,29016
usdc_eth,2022-03-17T00:00:00.000000000Z,28469
usdc_eth,2022-03-18T00:00:00.000000000Z,34717
usdc_eth,2022-03-19T00:00:00.000000000Z,25135
usdc_eth,2022-03-20T00:00:00.000000000Z,22668
usdc_eth,2022-03-21T00:00:00.000000000Z,26442
usdc_eth,2022-03-22T00:00:00.000000000Z,30305
usdc_eth,2022-03-23T00:00:00.000000000Z,27678
usdc_eth,2022-03-24T00:00:00.000000000Z,28800
usdc_eth,2022-03-25T00:00:00.000000000Z,28478
usdc_eth,2022-03-26T00:00:00.000000000Z,24822
usdc_eth,2022-03-27T00:00:00.000000000Z,23167
usdc_eth,2022-03-28T00:00:00.000000000Z,31789
usdc_eth,2022-03-29T00:00:00.000000000Z,47068
usdc_eth,2022-03-30T00:00:00.000000000Z,31317
usdc_eth,2022-03-31T00:00:00.000000000Z,30522
usdc_eth,2022-04-01T00:00:00.000000000Z,31207
usdc_eth,2022-04-02T00:00:00.000000000Z,25953
usdc_eth,2022-04-03T00:00:00.000000000Z,21796
usdc_eth,2022-04-04T00:00:00.000000000Z,28295
usdc_eth,2022-04-05T00:00:00.000000000Z,26215
usdc_eth,2022-04-06T00:00:00.000000000Z,28574
usdc_eth,2022-04-07T00:00:00.000000000Z,27631
usdc_eth,2022-04-08T00:00:00.000000000Z,25448
usdc_eth,2022-04-09T00:00:00.000000000Z,21406
usdc_eth,2022-04-10T00:00:00.000000000Z,20429
usdc_eth,2022-04-11T00:00:00.000000000Z,31039
usdc_eth,2022-04-12T00:00:00.000000000Z,30430
usdc_eth,2022-04-13T00:00:00.000000000Z,24742
usdc_eth,2022-04-14T00:00:00.000000000Z,24337
usdc_eth,2022-04-15T00:00:00.000000000Z,24181
usdc_eth,2022-04-16T00:00:00.000000000Z,19713
usdc_eth,2022-04-17T00:00:00.000000000Z,18468
usdc_eth,2022-04-18T00:00:00.000000000Z,26391
usdc_eth,2022-04-19T00:00:00.000000000Z,26161
usdc_eth,2022-04-20T00:00:00.000000000Z,23593
usdc_eth,2022-04-21T00:00:00.000000000Z,23866
usdc_eth,2022-04-22T00:00:00.000000000Z,23306
usdc_eth,2022-04-23T00:00:00.000000000Z,19293
usdc_eth,2022-04-24T00:00:00.000000000Z,18074
usdc_eth,2022-04-25T00:00:00.000000000Z,26605
usdc_eth,2022-04-26T00:00:00.000000000Z,26061
usdc_eth,2022-04-27T00:00:00.000000000Z,25427
usdc_eth,2022-04-28T00:00:00.000000000Z,26254
usdc_eth,2022-04-29T00:00:00.000000000Z,28772
usdc_eth,2022-04-30T00:00:00.000000000Z,25521
usdc_eth,2022-05-01T00:00:00.000000000Z,21695
usdc_eth,2022-05-02T00:00:00.000000000Z,29354
usdc_eth,2022-05-03T00:00:00.000000000Z,27229
usdc_eth,2022-05-04T00:00:00.000000000Z,28398
usdc_eth,2022-05-05T00:00:00.000000000Z,56837
usdc_eth,2022-05-06T00:00:00.000000000Z,30750
usdc_eth,2022-05-07T00:00:00.000000000Z,24991
usdc_eth,2022-05-08T00:00:00.000000000Z,36506
usdc_eth,2022-05-09T00:00:00.000000000Z,42826
usdc_eth,2022-05-10T00:00:00.000000000Z,41053
usdc_eth,2022-05-11T00:00:00.000000000Z,49945
usdc_eth,2022-05-12T00:00:00.000000000Z,65518
usdc_eth,2022-05-13T00:00:00.000000000Z,49137
usdc_eth,2022-05-14T00:00:00.000000000Z,36217
usdc_eth,2022-05-15T00:00:00.000000000Z,32778
usdc_eth,2022-05-16T00:00:00.000000000Z,36852
usdc_eth,2022-05-17T00:00:00.000000000Z,32680
usdc_eth,2022-05-18T00:00:00.000000000Z,37575
usdc_eth,2022-05-19T00:00:00.000000000Z,32026
usdc_eth,2022-05-20T00:00:00.000000000Z,30077
usdc_eth,2022-05-21T00:00:00.000000000Z,22635
usdc_eth,2022-05-22T00:00:00.000000000Z,24167
usdc_eth,2022-05-23T00:00:00.000000000Z,31229
usdc_eth,2022-05-24T00:00:00.000000000Z,28772
usdc_eth,2022-05-25T00:00:00.000000000Z,26582
usdc_eth,2022-05-26T00:00:00.000000000Z,28907
usdc_eth,2022-05-27T00:00:00.000000000Z,31166
usdc_eth,2022-05-28T00:00:00.000000000Z,24674
usdc_eth,2022-05-29T00:00:00.000000000Z,22156
usdc_eth,2022-05-30T00:00:00.000000000Z,28918
usdc_eth,2022-05-31T00:00:00.000000000Z,32331
usdc_eth,2022-06-01T00:00:00.000000000Z,32684
usdc_eth,2022-06-02T00:00:00.000000000Z,27958
usdc_eth,2022-06-03T00:00:00.000000000Z,26508
usdc_eth,2022-06-04T00:00:00.000000000Z,20135
usdc_eth,2022-06-05T00:00:00.000000000Z,19565
usdc_eth,2022-06-06T00:00:00.000000000Z,27521
usdc_eth,2022-06-07T00:00:00.000000000Z,29331
usdc_eth,2022-06-08T00:00:00.000000000Z,23380
usdc_eth,2022-06-09T00:00:00.000000000Z,24822
usdc_eth,2022-06-10T00:00:00.000000000Z,33169
usdc_eth,2022-06-11T00:00:00.000000000Z,30156
usdc_eth,2022-06-12T00:00:00.000000000Z,30789
usdc_eth,2022-06-13T00:00:00.000000000Z,57099
usdc_eth,2022-06-14T00:00:00.000000000Z,45425
usdc_eth,2022-06-15T00:00:00.000000000Z,47030
usdc_eth,2022-06-16T00:00:00.000000000Z,38166
usdc_eth,2022-06-17T00:00:00.000000000Z,44399
usdc_eth,2022-06-18T00:00:00.000000000Z,44421
usdc_eth,2022-06-19T00:00:00.000000000Z,34357
usdc_eth,2022-06-20T00:00:00.000000000Z,32636
usdc_eth,2022-06-21T00:00:00.000000000Z,32577
usdc_eth,2022-06-22T00:00:00.000000000Z,30124
usdc_eth,2022-06-23T00:00:00.000000000Z,29919
usdc_eth,2022-06-24T00:00:00.000000000Z,30379
usdc_eth,2022-06-25T00:00:00.000000000Z,23264
usdc_eth,2022-06-26T00:00:00.000000000Z,20950
usdc_eth,2022-06-27T00:00:00.000000000Z,31358
usdc_eth,2022-06-28T00:00:00.000000000Z,33794
usdc_eth,2022-06-29T00:00:00.000000000Z,31367
usdc_eth,2022-06-30T00:00:00.000000000Z,34935
usdc_eth,2022-07-01T00:00:00.000000000Z,41823
usdc_eth,2022-07-02T00:00:00.000000000Z,31639
usdc_eth,2022-07-03T00:00:00.000000000Z,25209
usdc_eth,2022-07-04T00:00:00.000000000Z,32481
usdc_eth,2022-07-05T00:00:00.000000000Z,31321
usdc_eth,2022-07-06T00:00:00.000000000Z,31077
usdc_eth,2022-07-07T00:00:00.000000000Z,30764
usdc_eth,2022-07-08T00:00:00.000000000Z,28944
usdc_eth,2022-07-09T00:00:00.000000000Z,22597
usdc_eth,2022-07-10T00:00:00.000000000Z,22229
usdc_eth,2022-07-11T00:00:00.000000000Z,27993
usdc_eth,2022-07-12T00:00:00.000000000Z,30383
usdc_eth,2022-07-13T00:00:00.000000000Z,28678
usdc_eth,2022-07-14T00:00:00.000000000Z,27467
usdc_eth,2022-07-15T00:00:00.000000000Z,28744
usdc_eth,2022-07-16T00:00:00.000000000Z,25613
usdc_eth,2022-07-17T00:00:00.000000000Z,22775
usdc_eth,2022-07-18T00:00:00.000000000Z,38615
usdc_eth,2022-07-19T00:00:00.000000000Z,36287
usdc_eth,2022-07-20T00:00:00.000000000Z,34676
usdc_eth,2022-07-21T00:00:00.000000000Z,32122
usdc_eth,2022-07-22T00:00:00.000000000Z,31916
usdc_eth,2022-07-23T00:00:00.000000000Z,24468
usdc_eth,2022-07-24T00:00:00.000000000Z,24166
usdc_eth,2022-07-25T00:00:00.000000000Z,31517
usdc_eth,2022-07-26T00:00:00.000000000Z,34544
usdc_eth,2022-07-27T00:00:00.000000000Z,33829
usdc_eth,2022-07-28T00:00:00.000000000Z,39360
usdc_eth,2022-07-29T00:00:00.000000000Z,35843
usdc_eth,2022-07-30T00:00:00.000000000Z,30315
usdc_eth,2022-07-31T00:00:00.000000000Z,27023
usdc_eth,2022-08-01T00:00:00.000000000Z,67655
usdc_eth,2022-08-02T00:00:00.000000000Z,35233
usdc_eth,2022-08-03T00:00:00.000000000Z,34266
usdc_eth,2022-08-04T00:00:00.000000000Z,31430
usdc_eth,2022-08-05T00:00:00.000000000Z,32549
usdc_eth,2022-08-06T00:00:00.000000000Z,26727
usdc_eth,2022-08-07T00:00:00.000000000Z,25096
usdc_eth,2022-08-08T00:00:00.000000000Z,37250
usdc_eth,2022-08-09T00:00:00.000000000Z,33850
usdc_eth,2022-08-10T00:00:00.000000000Z,33719
usdc_eth,2022-08-11T00:00:00.000000000Z,34142
usdc_eth,2022-08-12T00:00:00.000000000Z,30074
usdc_eth,2022-08-13T00:00:00.000000000Z,29113
usdc_eth,2022-08-14T00:00:00.000000000Z,27809
usdc_eth,2022-08-15T00:00:00.000000000Z,32896
usdc_eth,2022-08-16T00:00:00.000000000Z,33840
usdc_eth,2022-08-17T00:00:00.000000000Z,32013
usdc_eth,2022-08-18T00:00:00.000000000Z,29559
usdc_eth,2022-08-19T00:00:00.000000000Z,36673
usdc_eth,2022-08-20T00:00:00.000000000Z,28039
usdc_eth,2022-08-21T00:00:00.000000000Z,24949
usdc_eth,2022-08-22T00:00:00.000000000Z,29806
usdc_eth,2022-08-23T00:00:00.000000000Z,28249
usdc_eth,2022-08-24T00:00:00.000000000Z,28125
usdc_eth,2022-08-25T00:00:00.000000000Z,27613
usdc_eth,2022-08-26T00:00:00.000000000Z,30389
usdc_eth,2022-08-27T00:00:00.000000000Z,28238
usdc_eth,2022-08-28T00:00:00.000000000Z,24503
usdc_eth,2022-08-29T00:00:00.000000000Z,31218
usdc_eth,2022-08-30T00:00:00.000000000Z,31422
usdc_eth,2022-08-31T00:00:00.000000000Z,31857
usdc_eth,2022-09-01T00:00:00.000000000Z,42904
usdc_eth,2022-09-02T00:00:00.000000000Z,34024
usdc_eth,2022-09-03T00:00:00.000000000Z,23876
usdc_eth,2022-09-04T00:00:00.000000000Z,22924
usdc_eth,2022-09-05T00:00:00.000000000Z,29358
usdc_eth,2022-09-06T00:00:00.000000000Z,34030
usdc_eth,2022-09-07T00:00:00.000000000Z,32365
usdc_eth,2022-09-08T00:00:00.000000000Z,29140
usdc_eth,2022-09-09T00:00:00.000000000Z,30965
usdc_eth,2022-09-10T00:00:00.000000000Z,24628
usdc_eth,2022-09-11T00:00:00.000000000Z,23545
usdc_eth,2022-09-12T00:00:00.000000000Z,28409
usdc_eth,2022-09-13T00:00:00.000000000Z,33562
usdc_eth,2022-09-14T00:00:00.000000000Z,33556
usdc_eth,2022-09-15T00:00:00.000000000Z,35990
usdc_eth,2022-09-16T00:00:00.000000000Z,31557
usdc_eth,2022-09-17T00:00:00.000000000Z,24607
usdc_eth,2022-09-18T00:00:00.000000000Z,28051
usdc_eth,2022-09-19T00:00:00.000000000Z,36522
usdc_eth,2022-09-20T00:00:00.000000000Z,34343
usdc_eth,2022-09-21T00:00:00.000000000Z,33396
usdc_eth,2022-09-22T00:00:00.000000000Z,31383
usdc_eth,2022-09-23T00:00:00.000000000Z,33526
usdc_eth,2022-09-24T00:00:00.000000000Z,24702
usdc_eth,2022-09-25T00:00:00.000000000Z,23383
usdc_eth,2022-09-26T00:00:00.000000000Z,29865
usdc_eth,2022-09-27T00:00:00.000000000Z,35113
usdc_eth,2022-09-28T00:00:00.000000000Z,29884
usdc_eth,2022-09-29T00:00:00.000000000Z,31915
usdc_eth,2022-09-30T00:00:00.000000000Z,31478
usdc_eth,2022-10-01T00:00:00.000000000Z,26226
usdc_eth,2022-10-02T00:00:00.000000000Z,24659
usdc_eth,2022-10-03T00:00:00.000000000Z,29631
usdc_eth,2022-10-04T00:00:00.000000000Z,30195
usdc_eth,2022-10-05T00:00:00.000000000Z,28316
usdc_eth,2022-10-06T00:00:00.000000000Z,29204
usdc_eth,2022-10-07T00:00:00.000000000Z,27074
usdc_eth,2022-10-08T00:00:00.000000000Z,20351
usdc_eth,2022-10-09T00:00:00.000000000Z,18131
usdc_eth,2022-10-10T00:00:00.000000000Z,25288
usdc_eth,2022-10-11T00:00:00.000000000Z,27367
usdc_eth,2022-10-12T00:00:00.000000000Z,25375
usdc_eth,2022-10-13T00:00:00.000000000Z,29011
usdc_eth,2022-10-14T00:00:00.000000000Z,26188
usdc_eth,2022-10-15T00:00:00.000000000Z,19450
usdc_eth,2022-10-16T00:00:00.000000000Z,18139
usdc_eth,2022-10-17T00:00:00.000000000Z,29579
usdc_eth,2022-10-18T00:00:00.000000000Z,26106
usdc_eth,2022-10-19T00:00:00.000000000Z,25016
usdc_eth,2022-10-20T00:00:00.000000000Z,25159
usdc_eth,2022-10-21T00:00:00.000000000Z,25642
usdc_eth,2022-10-22T00:00:00.000000000Z,19758
usdc_eth,2022-10-23T00:00:00.000000000Z,21608
usdc_eth,2022-10-24T00:00:00.000000000Z,31470
usdc_eth,2022-10-25T00:00:00.000000000Z,31264
usdc_eth,2022-10-26T00:00:00.000000000Z,35703
usdc_eth,2022-10-27T00:00:00.000000000Z,34675
usdc_eth,2022-10-28T00:00:00.000000000Z,31652
usdc_eth,2022-10-29T00:00:00.000000000Z,26641
usdc_eth,2022-10-30T00:00:00.000000000Z,26480
usdc_eth,2022-10-31T00:00:00.000000000Z,35205
usdc_eth,2022-11-01T00:00:00.000000000Z,34419
usdc_eth,2022-11-02T00:00:00.000000000Z,33190
usdc_eth,2022-11-03T00:00:00.000000000Z,31489
usdc_eth,2022-11-04T00:00:00.000000000Z,33788
usdc_eth,2022-11-05T00:00:00.000000000Z,26084
usdc_eth,2022-11-06T00:00:00.000000000Z,27601
usdc_eth,2022-11-07T00:00:00.000000000Z,38907
usdc_eth,2022-11-08T00:00:00.000000000Z,50729
usdc_eth,2022-11-09T00:00:00.000000000Z,91693
usdc_eth,2022-11-10T00:00:00.000000000Z,64729
usdc_eth,2022-11-11T00:00:00.000000000Z,48157
usdc_eth,2022-11-12T00:00:00.000000000Z,36522
usdc_eth,2022-11-13T00:00:00.000000000Z,44572
usdc_eth,2022-11-14T00:00:00.000000000Z,67446
usdc_eth,2022-11-15T00:00:00.000000000Z,58338
usdc_eth,2022-11-16T00:00:00.000000000Z,41319
usdc_eth,2022-11-17T00:00:00.000000000Z,39664
usdc_eth,2022-11-18T00:00:00.000000000Z,36849
usdc_eth,2022-11-19T00:00:00.000000000Z,27952
usdc_eth,2022-11-20T00:00:00.000000000Z,32721
usdc_eth,2022-11-21T00:00:00.000000000Z,44376
usdc_eth,2022-11-22T00:00:00.000000000Z,39076
usdc_eth,2022-11-23T00:00:00.000000000Z,34629
usdc_eth,2022-11-24T00:00:00.000000000Z,42644
usdc_eth,2022-11-25T00:00:00.000000000Z,30295
usdc_eth,2022-11-26T00:00:00.000000000Z,29763
usdc_eth,2022-11-27T00:00:00.000000000Z,26128
usdc_eth,2022-11-28T00:00:00.000000000Z,35436
usdc_eth,2022-11-29T00:00:00.000000000Z,34638
usdc_eth,2022-11-30T00:00:00.000000000Z,47021
usdc_eth,2022-12-01T00:00:00.000000000Z,42226
usdc_eth,2022-12-02T00:00:00.000000000Z,37361
usdc_eth,2022-12-03T00:00:00.000000000Z,26578
usdc_eth,2022-12-04T00:00:00.000000000Z,26705
usdc_eth,2022-12-05T00:00:00.000000000Z,39644
usdc_eth,2022-12-06T00:00:00.000000000Z,36323
usdc_eth,2022-12-07T00:00:00.000000000Z,36872
usdc_eth,2022-12-08T00:00:00.000000000Z,36879
usdc_eth,2022-12-09T00:00:00.000000000Z,34031
usdc_eth,2022-12-10T00:00:00.000000000Z,27226
usdc_eth,2022-12-11T00:00:00.000000000Z,29039
usdc_eth,2022-12-12T00:00:00.000000000Z,42180
usdc_eth,2022-12-13T00:00:00.000000000Z,49965
usdc_eth,2022-12-14T00:00:00.000000000Z,43953
usdc_eth,2022-12-15T00:00:00.000000000Z,42293
usdc_eth,2022-12-16T00:00:00.000000000Z,48020
usdc_eth,2022-12-17T00:00:00.000000000Z,41187
usdc_eth,2022-12-18T00:00:00.000000000Z,28598
usdc_eth,2022-12-19T00:00:00.000000000Z,42547
usdc_eth,2022-12-20T00:00:00.000000000Z,38220
usdc_eth,2022-12-21T00:00:00.000000000Z,42372
usdc_eth,2022-12-22T00:00:00.000000000Z,42137
usdc_eth,2022-12-23T00:00:00.000000000Z,39473
usdc_eth,2022-12-24T00:00:00.000000000Z,38049
usdc_eth,2022-12-25T00:00:00.000000000Z,32511
usdc_eth,2022-12-26T00:00:00.000000000Z,28792
usdc_eth,2022-12-27T00:00:00.000000000Z,33495
usdc_eth,2022-12-28T00:00:00.000000000Z,35626
usdc_eth,2022-12-29T00:00:00.000000000Z,39594
usdc_eth,2022-12-30T00:00:00.000000000Z,43689
usdc_eth,2022-12-31T00:00:00.000000000Z,50911
usdc_eth,2023-01-01T00:00:00.000000000Z,40472
usdc_eth,2023-01-02T00:00:00.000000000Z,47201
usdc_eth,2023-01-03T00:00:00.000000000Z,55422
usdc_eth,2023-01-04T00:00:00.000000000Z,42116
usdc_eth,2023-01-05T00:00:00.000000000Z,43894
usdc_eth,2023-01-06T00:00:00.000000000Z,52894
usdc_eth,2023-01-07T00:00:00.000000000Z,48539
usdc_eth,2023-01-08T00:00:00.000000000Z,33905
usdc_eth,2023-01-09T00:00:00.000000000Z,46065
usdc_eth,2023-01-10T00:00:00.000000000Z,48450
usdc_eth,2023-01-11T00:00:00.000000000Z,42742
usdc_eth,2023-01-12T00:00:00.000000000Z,56082
usdc_eth,2023-01-13T00:00:00.000000000Z,45753
usdc_eth,2023-01-14T00:00:00.000000000Z,45359
usdc_eth,2023-01-15T00:00:00.000000000Z,37941
usdc_eth,2023-01-16T00:00:00.000000000Z,45294
usdc_eth,2023-01-17T00:00:00.000000000Z,45580
usdc_eth,2023-01-18T00:00:00.000000000Z,49445
usdc_eth,2023-01-19T00:00:00.000000000Z,47619
usdc_eth,2023-01-20T00:00:00.000000000Z,46176
usdc_eth,2023-01-21T00:00:00.000000000Z,46982
usdc_eth,2023-01-22T00:00:00.000000000Z,36039
usdc_eth,2023-01-23T00:00:00.000000000Z,38518
usdc_eth,2023-01-24T00:00:00.000000000Z,35749
usdc_eth,2023-01-25T00:00:00.000000000Z,41460
usdc_eth,2023-01-26T00:00:00.000000000Z,48834
usdc_eth,2023-01-27T00:00:00.000000000Z,45424
usdc_eth,2023-01-28T00:00:00.000000000Z,30540
usdc_eth,2023-01-29T00:00:00.000000000Z,28706
usdc_eth,2023-01-30T00:00:00.000000000Z,41307
usdc_eth,2023-01-31T00:00:00.000000000Z,43384
usdc_eth,2023-02-01T00:00:00.000000000Z,52196
usdc_eth,2023-02-02T00:00:00.000000000Z,57553
usdc_eth,2023-02-03T00:00:00.000000000Z,48133
usdc_eth,2023-02-04T00:00:00.000000000Z,44588
usdc_eth,2023-02-05T00:00:00.000000000Z,39972
usdc_eth,2023-02-06T00:00:00.000000000Z,50829
usdc_eth,2023-02-07T00:00:00.000000000Z,61334
usdc_eth,2023-02-08T00:00:00.000000000Z,58204
usdc_eth,2023-02-09T00:00:00.000000000Z,57155
usdc_eth,2023-02-10T00:00:00.000000000Z,61571
usdc_eth,2023-02-11T00:00:00.000000000Z,44361
usdc_eth,2023-02-12T00:00:00.000000000Z,40188
usdc_eth,2023-02-13T00:00:00.000000000Z,52891
usdc_eth,2023-02-14T00:00:00.000000000Z,54577
usdc_eth,2023-02-15T00:00:00.000000000Z,49871
usdc_eth,2023-02-16T00:00:00.000000000Z,52349
usdc_eth,2023-02-17T00:00:00.000000000Z,44686
usdc_eth,2023-02-18T00:00:00.000000000Z,34892
usdc_eth,2023-02-19T00:00:00.000000000Z,30011
usdc_eth,2023-02-20T00:00:00.000000000Z,37468
usdc_eth,2023-02-21T00:00:00.000000000Z,39596
usdc_eth,2023-02-22T00:00:00.000000000Z,40517
usdc_eth,2023-02-23T00:00:00.000000000Z,38839
usdc_eth,2023-02-24T00:00:00.000000000Z,35783
usdc_eth,2023-02-25T00:00:00.000000000Z,27676
usdc_eth,2023-02-26T00:00:00.000000000Z,26144
usdc_eth,2023-02-27T00:00:00.000000000Z,35775
usdc_eth,2023-02-28T00:00:00.000000000Z,39983
usdc_eth,2023-03-01T00:00:00.000000000Z,41301
usdc_eth,2023-03-02T00:00:00.000000000Z,39927
usdc_eth,2023-03-03T00:00:00.000000000Z,41714
usdc_eth,2023-03-04T00:00:00.000000000Z,26578
usdc_eth,2023-03-05T00:00:00.000000000Z,25383
usdc_eth,2023-03-06T00:00:00.000000000Z,34046
usdc_eth,2023-03-07T00:00:00.000000000Z,36104
usdc_eth,2023-03-08T00:00:00.000000000Z,34439
usdc_eth,2023-03-09T00:00:00.000000000Z,41530
usdc_eth,2023-03-10T00:00:00.000000000Z,65111
usdc_eth,2023-03-11T00:00:00.000000000Z,119313
usdc_eth,2023-03-12T00:00:00.000000000Z,45919
usdc_eth,2023-03-13T00:00:00.000000000Z,50439
usdc_eth,2023-03-14T00:00:00.000000000Z,39750
usdc_eth,2023-03-15T00:00:00.000000000Z,33031
usdc_eth,2023-03-16T00:00:00.000000000Z,35437
usdc_eth,2023-03-17T00:00:00.000000000Z,31950
usdc_eth,2023-03-18T00:00:00.000000000Z,26692
usdc_eth,2023-03-19T00:00:00.000000000Z,25798
usdc_eth,2023-03-20T00:00:00.000000000Z,32379
usdc_eth,2023-03-21T00:00:00.000000000Z,33485
usdc_eth,2023-03-22T00:00:00.000000000Z,33347
usdc_eth,2023-03-23T00:00:00.000000000Z,35373
usdc_eth,2023-03-24T00:00:00.000000000Z,32840
usdc_eth,2023-03-25T00:00:00.000000000Z,25486
usdc_eth,2023-03-26T00:00:00.000000000Z,25068
usdc_eth,2023-03-27T00:00:00.000000000Z,35034
usdc_eth,2023-03-28T00:00:00.000000000Z,38951
usdc_eth,2023-03-29T00:00:00.000000000Z,32926
usdc_eth,2023-03-30T00:00:00.000000000Z,30767
usdc_eth,2023-03-31T00:00:00.000000000Z,37203
usdc_eth,2023-04-01T00:00:00.000000000Z,26822
usdc_eth,2023-04-02T00:00:00.000000000Z,24016
usdc_eth,2023-04-03T00:00:00.000000000Z,32490
usdc_eth,2023-04-04T00:00:00.000000000Z,29709
usdc_eth,2023-04-05T00:00:00.000000000Z,29489
usdc_eth,2023-04-06T00:00:00.000000000Z,30034
usdc_eth,2023-04-07T00:00:00.000000000Z,29509
usdc_eth,2023-04-08T00:00:00.000000000Z,21572
usdc_eth,2023-04-09T00:00:00.000000000Z,19211
usdc_eth,2023-04-10T00:00:00.000000000Z,29724
usdc_eth,2023-04-11T00:00:00.000000000Z,35418
usdc_eth,2023-04-12T00:00:00.000000000Z,29235
usdc_eth,2023-04-13T00:00:00.000000000Z,26826
usdc_eth,2023-04-14T00:00:00.000000000Z,31925
usdc_eth,2023-04-15T00:00:00.000000000Z,21959
usdc_eth,2023-04-16T00:00:00.000000000Z,20798
usdc_eth,2023-04-17T00:00:00.000000000Z,27840
usdc_eth,2023-04-18T00:00:00.000000000Z,25453
usdc_eth,2023-04-19T00:00:00.000000000Z,25863
usdc_eth,2023-04-20T00:00:00.000000000Z,26107
usdc_eth,2023-04-21T00:00:00.000000000Z,33473
usdc_eth,2023-04-22T00:00:00.000000000Z,20067
usdc_eth,2023-04-23T00:00:00.000000000Z,17174
usdc_eth,2023-04-24T00:00:00.000000000Z,23448
usdc_eth,2023-04-25T00:00:00.000000000Z,24849
usdc_eth,2023-04-26T00:00:00.000000000Z,26059
usdc_eth,2023-04-27T00:00:00.000000000Z,24961
usdc_eth,2023-04-28T00:00:00.000000000Z,24217
usdc_eth,2023-04-29T00:00:00.000000000Z,18088
usdc_eth,2023-04-30T00:00:00.000000000Z,18638
usdc_eth,2023-05-01T00:00:00.000000000Z,26332
usdc_eth,2023-05-02T00:00:00.000000000Z,28440
usdc_eth,2023-05-03T00:00:00.000000000Z,26517
usdc_eth,2023-05-04T00:00:00.000000000Z,25608
usdc_eth,2023-05-05T00:00:00.000000000Z,23951
usdc_eth,2023-05-06T00:00:00.000000000Z,19133
usdc_eth,2023-05-07T00:00:00.000000000Z,16537
usdc_eth,2023-05-08T00:00:00.000000000Z,25903
usdc_eth,2023-05-09T00:00:00.000000000Z,24064
usdc_eth,2023-05-10T00:00:00.000000000Z,22907
usdc_eth,2023-05-11T00:00:00.000000000Z,21548
usdc_eth,2023-05-12T00:00:00.000000000Z,25495
usdc_eth,2023-05-13T00:00:00.000000000Z,19892
usdc_eth,2023-05-14T00:00:00.000000000Z,16320
usdc_eth,2023-05-15T00:00:00.000000000Z,21512
usdc_eth,2023-05-16T00:00:00.000000000Z,23868
usdc_eth,2023-05-17T00:00:00.000000000Z,29369
usdc_eth,2023-05-18T00:00:00.000000000Z,25171
usdc_eth,2023-05-19T00:00:00.000000000Z,24060
usdc_eth,2023-05-20T00:00:00.000000000Z,16848
usdc_eth,2023-05-21T00:00:00.000000000Z,17006
usdc_eth,2023-05-22T00:00:00.000000000Z,25670
usdc_eth,2023-05-23T00:00:00.000000000Z,24598
usdc_eth,2023-05-24T00:00:00.000000000Z,24616
usdc_eth,2023-05-25T00:00:00.000000000Z,22927
usdc_eth,2023-05-26T00:00:00.000000000Z,21307
usdc_eth,2023-05-27T00:00:00.000000000Z,16043
usdc_eth,2023-05-28T00:00:00.000000000Z,15470
usdc_eth,2023-05-29T00:00:00.000000000Z,19146
usdc_eth,2023-05-30T00:00:00.000000000Z,28303
usdc_eth,2023-05-31T00:00:00.000000000Z,24603
usdc_eth,2023-06-01T00:00:00.000000000Z,23678
usdc_eth,2023-06-02T00:00:00.000000000Z,23437
usdc_eth,2023-06-03T00:00:00.000000000Z,17783
usdc_eth,2023-06-04T00:00:00.000000000Z,16425
usdc_eth,2023-06-05T00:00:00.000000000Z,25819
usdc_eth,2023-06-06T00:00:00.000000000Z,24692
usdc_eth,2023-06-07T00:00:00.000000000Z,22972
usdc_eth,2023-06-08T00:00:00.000000000Z,37381
usdc_eth,2023-06-09T00:00:00.000000000Z,24462
usdc_eth,2023-06-10T00:00:00.000000000Z,56377
usdc_eth,2023-06-11T00:00:00.000000000Z,26897
usdc_eth,2023-06-12T00:00:00.000000000Z,26789
usdc_eth,2023-06-13T00:00:00.000000000Z,26633
usdc_eth,2023-06-14T00:00:00.000000000Z,28660
usdc_eth,2023-06-15T00:00:00.000000000Z,34657
usdc_eth,2023-06-16T00:00:00.000000000Z,28671
usdc_eth,2023-06-17T00:00:00.000000000Z,19147
usdc_eth,2023-06-18T00:00:00.000000000Z,15987
usdc_eth,2023-06-19T00:00:00.000000000Z,21865
usdc_eth,2023-06-20T00:00:00.000000000Z,25093
usdc_eth,2023-06-21T00:00:00.000000000Z,29074
usdc_eth,2023-06-22T00:00:00.000000000Z,25750
usdc_eth,2023-06-23T00:00:00.000000000Z,24589
usdc_eth,2023-06-24T00:00:00.000000000Z,20959
usdc_eth,2023-06-25T00:00:00.000000000Z,20421
usdc_eth,2023-06-26T00:00:00.000000000Z,26642
usdc_eth,2023-06-27T00:00:00.000000000Z,34802
usdc_eth,2023-06-28T00:00:00.000000000Z,34056
usdc_eth,2023-06-29T00:00:00.000000000Z,29414
usdc_eth,2023-06-30T00:00:00.000000000Z,36242
usdc_eth,2023-07-01T00:00:00.000000000Z,27903
usdc_eth,2023-07-02T00:00:00.000000000Z,23922
usdc_eth,2023-07-03T00:00:00.000000000Z,35358
usdc_eth,2023-07-04T00:00:00.000000000Z,30714
usdc_eth,2023-07-05T00:00:00.000000000Z,28583
usdc_eth,2023-07-06T00:00:00.000000000Z,28160
usdc_eth,2023-07-07T00:00:00.000000000Z,33805
usdc_eth,2023-07-08T00:00:00.000000000Z,26843
usdc_eth,2023-07-09T00:00:00.000000000Z,25070
usdc_eth,2023-07-10T00:00:00.000000000Z,31078
usdc_eth,2023-07-11T00:00:00.000000000Z,29876
usdc_eth,2023-07-12T00:00:00.000000000Z,28197
usdc_eth,2023-07-13T00:00:00.000000000Z,32620
usdc_eth,2023-07-14T00:00:00.000000000Z,34918
usdc_eth,2023-07-15T00:00:00.000000000Z,22775
usdc_eth,2023-07-16T00:00:00.000000000Z,21980
usdc_eth,2023-07-17T00:00:00.000000000Z,27260
usdc_eth,2023-07-18T00:00:00.000000000Z,26812
usdc_eth,2023-07-19T00:00:00.000000000Z,26576
usdc_eth,2023-07-20T00:00:00.000000000Z,28754
usdc_eth,2023-07-21T00:00:00.000000000Z,37910
usdc_eth,2023-07-22T00:00:00.000000000Z,35002
usdc_eth,2023-07-23T00:00:00.000000000Z,20152
usdc_eth,2023-07-24T00:00:00.000000000Z,28965
usdc_eth,2023-07-25T00:00:00.000000000Z,25263
usdc_eth,2023-07-26T00:00:00.000000000Z,31936
usdc_eth,2023-07-27T00:00:00.000000000Z,24079
usdc_eth,2023-07-28T00:00:00.000000000Z,21395
usdc_eth,2023-07-29T00:00:00.000000000Z,18040
usdc_eth,2023-07-30T00:00:00.000000000Z,18089
usdc_eth,2023-07-31T00:00:00.000000000Z,39203
usdc_eth,2023-08-01T00:00:00.000000000Z,30318
usdc_eth,2023-08-02T00:00:00.000000000Z,25813
usdc_eth,2023-08-03T00:00:00.000000000Z,25285
usdc_eth,2023-08-04T00:00:00.000000000Z,23761
usdc_eth,2023-08-05T00:00:00.000000000Z,16920
usdc_eth,2023-08-06T00:00:00.000000000Z,17313
usdc_eth,2023-08-07T00:00:00.000000000Z,23930
usdc_eth,2023-08-08T00:00:00.000000000Z,26680
usdc_eth,2023-08-09T00:00:00.000000000Z,24389
usdc_eth,2023-08-10T00:00:00.000000000Z,23578
usdc_eth,2023-08-11T00:00:00.000000000Z,23900
usdc_eth,2023-08-12T00:00:00.000000000Z,16892
usdc_eth,2023-08-13T00:00:00.000000000Z,16598
usdc_eth,2023-08-14T00:00:00.000000000Z,22871
usdc_eth,2023-08-15T00:00:00.000000000Z,26880
usdc_eth,2023-08-16T00:00:00.000000000Z,25412
usdc_eth,2023-08-17T00:00:00.000000000Z,30100
usdc_eth,2023-08-18T00:00:00.000000000Z,31466
usdc_eth,2023-08-19T00:00:00.000000000Z,21898
usdc_eth,2023-08-20T00:00:00.000000000Z,17701
usdc_eth,2023-08-21T00:00:00.000000000Z,24877
usdc_eth,2023-08-22T00:00:00.000000000Z,26256
usdc_eth,2023-08-23T00:00:00.000000000Z,25361
usdc_eth,2023-08-24T00:00:00.000000000Z,23953
usdc_eth,2023-08-25T00:00:00.000000000Z,22889
usdc_eth,2023-08-26T00:00:00.000000000Z,18526
usdc_eth,2023-08-27T00:00:00.000000000Z,17549
usdc_eth,2023-08-28T00:00:00.000000000Z,24204
usdc_eth,2023-08-29T00:00:00.000000000Z,25274
usdc_eth,2023-08-30T00:00:00.000000000Z,23394
usdc_eth,2023-08-31T00:00:00.000000000Z,26884
usdc_eth,2023-09-01T00:00:00.000000000Z,28120
usdc_eth,2023-09-02T00:00:00.000000000Z,18823
usdc_eth,2023-09-03T00:00:00.000000000Z,16704
usdc_eth,2023-09-04T00:00:00.000000000Z,22581
usdc_eth,2023-09-05T00:00:00.000000000Z,25086
usdc_eth,2023-09-06T00:00:00.000000000Z,23052
usdc_eth,2023-09-07T00:00:00.000000000Z,22180
usdc_eth,2023-09-08T00:00:00.000000000Z,23418
usdc_eth,2023-09-09T00:00:00.000000000Z,16521
usdc_eth,2023-09-10T00:00:00.000000000Z,16754
usdc_eth,2023-09-11T00:00:00.000000000Z,25303
usdc_eth,2023-09-12T00:00:00.000000000Z,24097
usdc_eth,2023-09-13T00:00:00.000000000Z,22535
usdc_eth,2023-09-14T00:00:00.000000000Z,22184
usdc_eth,2023-09-15T00:00:00.000000000Z,23908
usdc_eth,2023-09-16T00:00:00.000000000Z,18775
usdc_eth,2023-09-17T00:00:00.000000000Z,16729
usdc_eth,2023-09-18T00:00:00.000000000Z,27150
usdc_eth,2023-09-19T00:00:00.000000000Z,22966
usdc_eth,2023-09-20T00:00:00.000000000Z,22191
usdc_eth,2023-09-21T00:00:00.000000000Z,24590
usdc_eth,2023-09-22T00:00:00.000000000Z,22274
usdc_eth,2023-09-23T00:00:00.000000000Z,16391
usdc_eth,2023-09-24T00:00:00.000000000Z,16603
usdc_eth,2023-09-25T00:00:00.000000000Z,24015
usdc_eth,2023-09-26T00:00:00.000000000Z,23242
usdc_eth,2023-09-27T00:00:00.000000000Z,23763
usdc_eth,2023-09-28T00:00:00.000000000Z,25489
usdc_eth,2023-09-29T00:00:00.000000000Z,26173
usdc_eth,2023-09-30T00:00:00.000000000Z,20903
usdc_eth,2023-10-01T00:00:00.000000000Z,20408
usdc_eth,2023-10-02T00:00:00.000000000Z,29052
usdc_eth,2023-10-03T00:00:00.000000000Z,25480
usdc_eth,2023-10-04T00:00:00.000000000Z,26992
usdc_eth,2023-10-05T00:00:00.000000000Z,28690
usdc_eth,2023-10-06T00:00:00.000000000Z,27891
usdc_eth,2023-10-07T00:00:00.000000000Z,17804
usdc_eth,2023-10-08T00:00:00.000000000Z,16862
usdc_eth,2023-10-09T00:00:00.000000000Z,24207
usdc_eth,2023-10-10T00:00:00.000000000Z,24780
usdc_eth,2023-10-11T00:00:00.000000000Z,26387
usdc_eth,2023-10-12T00:00:00.000000000Z,27542
usdc_eth,2023-10-13T00:00:00.000000000Z,25492
usdc_eth,2023-10-14T00:00:00.000000000Z,21013
usdc_eth,2023-10-15T00:00:00.000000000Z,18010
usdc_eth,2023-10-16T00:00:00.000000000Z,27975
usdc_eth,2023-10-17T00:00:00.000000000Z,25895
usdc_eth,2023-10-18T00:00:00.000000000Z,25037
usdc_eth,2023-10-19T00:00:00.000000000Z,25506
usdc_eth,2023-10-20T00:00:00.000000000Z,26242
usdc_eth,2023-10-21T00:00:00.000000000Z,21680
usdc_eth,2023-10-22T00:00:00.000000000Z,20186
usdc_eth,2023-10-23T00:00:00.000000000Z,30436
usdc_eth,2023-10-24T00:00:00.000000000Z,34621
usdc_eth,2023-10-25T00:00:00.000000000Z,32593
usdc_eth,2023-10-26T00:00:00.000000000Z,29743
usdc_eth,2023-10-27T00:00:00.000000000Z,28168
usdc_eth,2023-10-28T00:00:00.000000000Z,21147
usdc_eth,2023-10-29T00:00:00.000000000Z,19598
usdc_eth,2023-10-30T00:00:00.000000000Z,28542
usdc_eth,2023-10-31T00:00:00.000000000Z,31988
usdc_eth,2023-11-01T00:00:00.000000000Z,31502
usdc_eth,2023-11-02T00:00:00.000000000Z,32085
usdc_eth,2023-11-03T00:00:00.000000000Z,28836
usdc_eth,2023-11-04T00:00:00.000000000Z,21187
usdc_eth,2023-11-05T00:00:00.000000000Z,21518
usdc_eth,2023-11-06T00:00:00.000000000Z,26848
usdc_eth,2023-11-07T00:00:00.000000000Z,28479
usdc_eth,2023-11-08T00:00:00.000000000Z,26799
usdc_eth,2023-11-09T00:00:00.000000000Z,31920
usdc_eth,2023-11-10T00:00:00.000000000Z,29926
usdc_eth,2023-11-11T00:00:00.000000000Z,24610
usdc_eth,2023-11-12T00:00:00.000000000Z,22410
usdc_eth,2023-11-13T00:00:00.000000000Z,26811
usdc_eth,2023-11-14T00:00:00.000000000Z,28101
usdc_eth,2023-11-15T00:00:00.000000000Z,30164
usdc_eth,2023-11-16T00:00:00.000000000Z,28919
usdc_eth,2023-11-17T00:00:00.000000000Z,27967
usdc_eth,2023-11-18T00:00:00.000000000Z,23516
usdc_eth,2023-11-19T00:00:00.000000000Z,22200
usdc_eth,2023-11-20T00:00:00.000000000Z,27648
usdc_eth,2023-11-21T00:00:00.000000000Z,30148
usdc_eth,2023-11-22T00:00:00.000000000Z,28940
usdc_eth,2023-11-23T00:00:00.000000000Z,24812
usdc_eth,2023-11-24T00:00:00.000000000Z,26689
usdc_eth,2023-11-25T00:00:00.000000000Z,21526
usdc_eth,2023-11-26T00:00:00.000000000Z,20625
usdc_eth,2023-11-27T00:00:00.000000000Z,26584
usdc_eth,2023-11-28T00:00:00.000000000Z,26453
usdc_eth,2023-11-29T00:00:00.000000000Z,31407
usdc_eth,2023-11-30T00:00:00.000000000Z,29056
usdc_eth,2023-12-01T00:00:00.000000000Z,30954
usdc_eth,2023-12-02T00:00:00.000000000Z,26216
usdc_eth,2023-12-03T00:00:00.000000000Z,25216
usdc_eth,2023-12-04T00:00:00.000000000Z,34625
usdc_eth,2023-12-05T00:00:00.000000000Z,33920
usdc_eth,2023-12-06T00:00:00.000000000Z,33855
usdc_eth,2023-12-07T00:00:00.000000000Z,34642
usdc_eth,2023-12-08T00:00:00.000000000Z,36151
usdc_eth,2023-12-09T00:00:00.000000000Z,29195
usdc_eth,2023-12-10T00:00:00.000000000Z,27595
usdc_eth,2023-12-11T00:00:00.000000000Z,35635
usdc_eth,2023-12-12T00:00:00.000000000Z,29635
usdc_eth,2023-12-13T00:00:00.000000000Z,27262
usdc_eth,2023-12-14T00:00:00.000000000Z,30312
usdc_eth,2023-12-15T00:00:00.000000000Z,30845
usdc_eth,2023-12-16T00:00:00.000000000Z,22930
usdc_eth,2023-12-17T00:00:00.000000000Z,23353
usdc_eth,2023-12-18T00:00:00.000000000Z,46380
usdc_eth,2023-12-19T00:00:00.000000000Z,29944
usdc_eth,2023-12-20T00:00:00.000000000Z,29402
usdc_eth,2023-12-21T00:00:00.000000000Z,33092
usdc_eth,2023-12-22T00:00:00.000000000Z,36546
usdc_eth,2023-12-23T00:00:00.000000000Z,28874
usdc_eth,2023-12-24T00:00:00.000000000Z,28034
usdc_eth,2023-12-25T00:00:00.000000000Z,27464
usdc_eth,2023-12-26T00:00:00.000000000Z,31235
usdc_eth,2023-12-27T00:00:00.000000000Z,31312
usdc_eth,2023-12-28T00:00:00.000000000Z,34051
usdc_eth,2023-12-29T00:00:00.000000000Z,33237
usdc_eth,2023-12-30T00:00:00.000000000Z,27766
usdc_eth,2023-12-31T00:00:00.000000000Z,27661
usdc_eth,2024-01-01T00:00:00.000000000Z,27998
usdc_eth,2024-01-02T00:00:00.000000000Z,36415
usdc_eth,2024-01-03T00:00:00.000000000Z,35583
usdc_eth,2024-01-04T00:00:00.000000000Z,34108
usdc_eth,2024-01-05T00:00:00.000000000Z,32078
usdc_eth,2024-01-06T00:00:00.000000000Z,24168
usdc_eth,2024-01-07T00:00:00.000000000Z,20432
usdc_eth,2024-01-08T00:00:00.000000000Z,34252
usdc_eth,2024-01-09T00:00:00.000000000Z,34606
usdc_eth,2024-01-10T00:00:00.000000000Z,31138
usdc_eth,2024-01-11T00:00:00.000000000Z,34613
usdc_eth,2024-01-12T00:00:00.000000000Z,33326
usdc_eth,2024-01-13T00:00:00.000000000Z,25165
usdc_eth,2024-01-14T00:00:00.000000000Z,23527
usdc_eth,2024-01-15T00:00:00.000000000Z,29620
usdc_eth,2024-01-16T00:00:00.000000000Z,27200
usdc_eth,2024-01-17T00:00:00.000000000Z,28634
usdc_eth,2024-01-18T00:00:00.000000000Z,32029
usdc_eth,2024-01-19T00:00:00.000000000Z,32145
usdc_eth,2024-01-20T00:00:00.000000000Z,24986
usdc_eth,2024-01-21T00:00:00.000000000Z,24645
usdc_eth,2024-01-22T00:00:00.000000000Z,34671
usdc_eth,2024-01-23T00:00:00.000000000Z,35929
usdc_eth,2024-01-24T00:00:00.000000000Z,30946
usdc_eth,2024-01-25T00:00:00.000000000Z,29290
usdc_eth,2024-01-26T00:00:00.000000000Z,28884
usdc_eth,2024-01-27T00:00:00.000000000Z,22628
usdc_eth,2024-01-28T00:00:00.000000000Z,22853
usdc_eth,2024-01-29T00:00:00.000000000Z,29272
usdc_eth,2024-01-30T00:00:00.000000000Z,30677
usdc_eth,2024-01-31T00:00:00.000000000Z,34633
usdc_eth,2024-02-01T00:00:00.000000000Z,33700
usdc_eth,2024-02-02T00:00:00.000000000Z,34505
usdc_eth,2024-02-03T00:00:00.000000000Z,24436
usdc_eth,2024-02-04T00:00:00.000000000Z,25638
usdc_eth,2024-02-05T00:00:00.000000000Z,34785
usdc_eth,2024-02-06T00:00:00.000000000Z,28074
usdc_eth,2024-02-07T00:00:00.000000000Z,28132
usdc_eth,2024-02-08T00:00:00.000000000Z,27977
usdc_eth,2024-02-09T00:00:00.000000000Z,26456
usdc_eth,2024-02-10T00:00:00.000000000Z,24037
usdc_eth,2024-02-11T00:00:00.000000000Z,23612
usdc_eth,2024-02-12T00:00:00.000000000Z,25903
usdc_eth,2024-02-13T00:00:00.000000000Z,29499
usdc_eth,2024-02-14T00:00:00.000000000Z,30769
usdc_eth,2024-02-15T00:00:00.000000000Z,32084
usdc_eth,2024-02-16T00:00:00.000000000Z,30903
usdc_eth,2024-02-17T00:00:00.000000000Z,25271
usdc_eth,2024-02-18T00:00:00.000000000Z,23852
usdc_eth,2024-02-19T00:00:00.000000000Z,31295
usdc_eth,2024-02-20T00:00:00.000000000Z,31880
usdc_eth,2024-02-21T00:00:00.000000000Z,29569
usdc_eth,2024-02-22T00:00:00.000000000Z,28472
usdc_eth,2024-02-23T00:00:00.000000000Z,30283
usdc_eth,2024-02-24T00:00:00.000000000Z,24252
usdc_eth,2024-02-25T00:00:00.000000000Z,25137
usdc_eth,2024-02-26T00:00:00.000000000Z,33016
usdc_eth,2024-02-27T00:00:00.000000000Z,34114
usdc_eth,2024-02-28T00:00:00.000000000Z,35691
usdc_eth,2024-02-29T00:00:00.000000000Z,36768
usdc_eth,2024-03-01T00:00:00.000000000Z,37054
usdc_eth,2024-03-02T00:00:00.000000000Z,30040
usdc_eth,2024-03-03T00:00:00.000000000Z,30413
usdc_eth,2024-03-04T00:00:00.000000000Z,36914
usdc_eth,2024-03-05T00:00:00.000000000Z,40441
usdc_eth,2024-03-06T00:00:00.000000000Z,34944
usdc_eth,2024-03-07T00:00:00.000000000Z,34832
usdc_eth,2024-03-08T00:00:00.000000000Z,33235
usdc_eth,2024-03-09T00:00:00.000000000Z,27757
usdc_eth,2024-03-10T00:00:00.000000000Z,26830
usdc_eth,2024-03-11T00:00:00.000000000Z,34314
usdc_eth,2024-03-12T00:00:00.000000000Z,33631
usdc_eth,2024-03-13T00:00:00.000000000Z,33642
usdc_eth,2024-03-14T00:00:00.000000000Z,36346
usdc_eth,2024-03-15T00:00:00.000000000Z,39739
usdc_eth,2024-03-16T00:00:00.000000000Z,31592
usdc_eth,2024-03-17T00:00:00.000000000Z,30186
usdc_eth,2024-03-18T00:00:00.000000000Z,33153
usdc_eth,2024-03-19T00:00:00.000000000Z,37122
usdc_eth,2024-03-20T00:00:00.000000000Z,35987
usdc_eth,2024-03-21T00:00:00.000000000Z,31312
usdc_eth,2024-03-22T00:00:00.000000000Z,31295
usdc_eth,2024-03-23T00:00:00.000000000Z,27258
usdc_eth,2024-03-24T00:00:00.000000000Z,26312
usdc_eth,2024-03-25T00:00:00.000000000Z,35981
usdc_eth,2024-03-26T00:00:00.000000000Z,34891
usdc_eth,2024-03-27T00:00:00.000000000Z,33607
usdc_eth,2024-03-28T00:00:00.000000000Z,33514
usdc_eth,2024-03-29T00:00:00.000000000Z,32422
usdc_eth,2024-03-30T00:00:00.000000000Z,26361
usdc_eth,2024-03-31T00:00:00.000000000Z,27229
usdc_eth,2024-04-01T00:00:00.000000000Z,34341
usdc_eth,2024-04-02T00:00:00.000000000Z,41545
usdc_eth,2024-04-03T00:00:00.000000000Z,36220
usdc_eth,2024-04-04T00:00:00.000000000Z,39517
usdc_eth,2024-04-05T00:00:00.000000000Z,36131
usdc_eth,2024-04-06T00:00:00.000000000Z,27200
usdc_eth,2024-04-07T00:00:00.000000000Z,25630
usdc_eth,2024-04-08T00:00:00.000000000Z,34298
usdc_eth,2024-04-09T00:00:00.000000000Z,35021
usdc_eth,2024-04-10T00:00:00.000000000Z,35585
usdc_eth,2024-04-11T00:00:00.000000000Z,33488
usdc_eth,2024-04-12T00:00:00.000000000Z,35925
usdc_eth,2024-04-13T00:00:00.000000000Z,36227
usdc_eth,2024-04-14T00:00:00.000000000Z,34593
usdc_eth,2024-04-15T00:00:00.000000000Z,37596
usdc_eth,2024-04-16T00:00:00.000000000Z,36021
usdc_eth,2024-04-17T00:00:00.000000000Z,31105
usdc_eth,2024-04-18T00:00:00.000000000Z,34881
usdc_eth,2024-04-19T00:00:00.000000000Z,33173
usdc_eth,2024-04-20T00:00:00.000000000Z,26763
usdc_eth,2024-04-21T00:00:00.000000000Z,26147
usdc_eth,2024-04-22T00:00:00.000000000Z,31294
usdc_eth,2024-04-23T00:00:00.000000000Z,30711
usdc_eth,2024-04-24T00:00:00.000000000Z,31708
usdc_eth,2024-04-25T00:00:00.000000000Z,31260
usdc_eth,2024-04-26T00:00:00.000000000Z,31029
usdc_eth,2024-04-27T00:00:00.000000000Z,25749
usdc_eth,2024-04-28T00:00:00.000000000Z,22944
usdc_eth,2024-04-29T00:00:00.000000000Z,31066
usdc_eth,2024-04-30T00:00:00.000000000Z,35632
usdc_eth,2024-05-01T00:00:00.000000000Z,36301
usdc_eth,2024-05-02T00:00:00.000000000Z,33494
usdc_eth,2024-05-03T00:00:00.000000000Z,34728
usdc_eth,2024-05-04T00:00:00.000000000Z,28157
usdc_eth,2024-05-05T00:00:00.000000000Z,25263
usdc_eth,2024-05-06T00:00:00.000000000Z,44378
usdc_eth,2024-05-07T00:00:00.000000000Z,46295
usdc_eth,2024-05-08T00:00:00.000000000Z,31721
usdc_eth,2024-05-09T00:00:00.000000000Z,31246
usdc_eth,2024-05-10T00:00:00.000000000Z,35063
usdc_eth,2024-05-11T00:00:00.000000000Z,24700
usdc_eth,2024-05-12T00:00:00.000000000Z,25578
usdc_eth,2024-05-13T00:00:00.000000000Z,37488
usdc_eth,2024-05-14T00:00:00.000000000Z,33288
usdc_eth,2024-05-15T00:00:00.000000000Z,37227
usdc_eth,2024-05-16T00:00:00.000000000Z,52747
usdc_eth,2024-05-17T00:00:00.000000000Z,46755
usdc_eth,2024-05-18T00:00:00.000000000Z,30032
usdc_eth,2024-05-19T00:00:00.000000000Z,25376
usdc_eth,2024-05-20T00:00:00.000000000Z,40434
usdc_eth,2024-05-21T00:00:00.000000000Z,48951
usdc_eth,2024-05-22T00:00:00.000000000Z,43137
usdc_eth,2024-05-23T00:00:00.000000000Z,36332
usdc_eth,2024-05-24T00:00:00.000000000Z,35886
usdc_eth,2024-05-25T00:00:00.000000000Z,32689
usdc_eth,2024-05-26T00:00:00.000000000Z,27108
usdc_eth,2024-05-27T00:00:00.000000000Z,29773
usdc_eth,2024-05-28T00:00:00.000000000Z,33143
usdc_eth,2024-05-29T00:00:00.000000000Z,32642
usdc_eth,2024-05-30T00:00:00.000000000Z,30791
usdc_eth,2024-05-31T00:00:00.000000000Z,32520
usdc_eth,2024-06-01T00:00:00.000000000Z,26106
usdc_eth,2024-06-02T00:00:00.000000000Z,24205
usdc_eth,2024-06-03T00:00:00.000000000Z,32059
usdc_eth,2024-06-04T00:00:00.000000000Z,31710
usdc_eth,2024-06-05T00:00:00.000000000Z,32129
usdc_eth,2024-06-06T00:00:00.000000000Z,28760
usdc_eth,2024-06-07T00:00:00.000000000Z,30456
usdc_eth,2024-06-08T00:00:00.000000000Z,25376
usdc_eth,2024-06-09T00:00:00.000000000Z,23088
usdc_eth,2024-06-10T00:00:00.000000000Z,31436
usdc_eth,2024-06-11T00:00:00.000000000Z,31999
usdc_eth,2024-06-12T00:00:00.000000000Z,30498
usdc_eth,2024-06-13T00:00:00.000000000Z,29911
usdc_eth,2024-06-14T00:00:00.000000000Z,31843
usdc_eth,2024-06-15T00:00:00.000000000Z,24523
usdc_eth,2024-06-16T00:00:00.000000000Z,22820
usdc_eth,2024-06-17T00:00:00.000000000Z,33775
usdc_eth,2024-06-18T00:00:00.000000000Z,34199
usdc_eth,2024-06-19T00:00:00.000000000Z,29552
usdc_eth,2024-06-20T00:00:00.000000000Z,30590
usdc_eth,2024-06-21T00:00:00.000000000Z,32314
usdc_eth,2024-06-22T00:00:00.000000000Z,28525
usdc_eth,2024-06-23T00:00:00.000000000Z,31226
usdc_eth,2024-06-24T00:00:00.000000000Z,41437
usdc_eth,2024-06-25T00:00:00.000000000Z,48758
usdc_eth,2024-06-26T00:00:00.000000000Z,30476
usdc_eth,2024-06-27T00:00:00.000000000Z,29989
usdc_eth,2024-06-28T00:00:00.000000000Z,43429
usdc_eth,2024-06-29T00:00:00.000000000Z,35563
usdc_eth,2024-06-30T00:00:00.000000000Z,30475
usdc_eth,2024-07-01T00:00:00.000000000Z,36061
usdc_eth,2024-07-02T00:00:00.000000000Z,35964
usdc_eth,2024-07-03T00:00:00.000000000Z,33408
usdc_eth,2024-07-04T00:00:00.000000000Z,34160
usdc_eth,2024-07-05T00:00:00.000000000Z,40032
usdc_eth,2024-07-06T00:00:00.000000000Z,28151
usdc_eth,2024-07-07T00:00:00.000000000Z,28903
usdc_eth,2024-07-08T00:00:00.000000000Z,34452
usdc_eth,2024-07-09T00:00:00.000000000Z,31279
usdc_eth,2024-07-10T00:00:00.000000000Z,30879
usdc_eth,2024-07-11T00:00:00.000000000Z,32228
usdc_eth,2024-07-12T00:00:00.000000000Z,32227
usdc_eth,2024-07-13T00:00:00.000000000Z,25056
usdc_eth,2024-07-14T00:00:00.000000000Z,23558
usdc_eth,2024-07-15T00:00:00.000000000Z,33519
usdc_eth,2024-07-16T00:00:00.000000000Z,32987
usdc_eth,2024-07-17T00:00:00.000000000Z,31514
usdc_eth,2024-07-18T00:00:00.000000000Z,29704
usdc_eth,2024-07-19T00:00:00.000000000Z,30700
usdc_eth,2024-07-20T00:00:00.000000000Z,26142
usdc_eth,2024-07-21T00:00:00.000000000Z,24655
usdc_eth,2024-07-22T00:00:00.000000000Z,31251
usdc_eth,2024-07-23T00:00:00.000000000Z,33379
usdc_eth,2024-07-24T00:00:00.000000000Z,31865
usdc_eth,2024-07-25T00:00:00.000000000Z,35526
usdc_eth,2024-07-26T00:00:00.000000000Z,32212
usdc_eth,2024-07-27T00:00:00.000000000Z,25798
usdc_eth,2024-07-28T00:00:00.000000000Z,23249
usdc_eth,2024-07-29T00:00:00.000000000Z,33916
usdc_eth,2024-07-30T00:00:00.000000000Z,32090
usdc_eth,2024-07-31T00:00:00.000000000Z,33459
usdc_eth,2024-08-01T00:00:00.000000000Z,34985
usdc_eth,2024-08-02T00:00:00.000000000Z,36115
usdc_eth,2024-08-03T00:00:00.000000000Z,35251
usdc_eth,2024-08-04T00:00:00.000000000Z,38798
usdc_eth,2024-08-05T00:00:00.000000000Z,48373
usdc_eth,2024-08-06T00:00:00.000000000Z,39859
usdc_eth,2024-08-07T00:00:00.000000000Z,34136
usdc_eth,2024-08-08T00:00:00.000000000Z,33971
usdc_eth,2024-08-09T00:00:00.000000000Z,30829
usdc_eth,2024-08-10T00:00:00.000000000Z,25687
usdc_eth,2024-08-11T00:00:00.000000000Z,23187
usdc_eth,2024-08-12T00:00:00.000000000Z,32712
usdc_eth,2024-08-13T00:00:00.000000000Z,33185
usdc_eth,2024-08-14T00:00:00.000000000Z,32050
usdc_eth,2024-08-15T00:00:00.000000000Z,31087
usdc_eth,2024-08-16T00:00:00.000000000Z,34864
usdc_eth,2024-08-17T00:00:00.000000000Z,23660
usdc_eth,2024-08-18T00:00:00.000000000Z,23035
usdc_eth,2024-08-19T00:00:00.000000000Z,31173
usdc_eth,2024-08-20T00:00:00.000000000Z,34138
usdc_eth,2024-08-21T00:00:00.000000000Z,33202
usdc_eth,2024-08-22T00:00:00.000000000Z,33567
usdc_eth,2024-08-23T00:00:00.000000000Z,36868
usdc_eth,2024-08-24T00:00:00.000000000Z,30509
usdc_eth,2024-08-25T00:00:00.000000000Z,27586
usdc_eth,2024-08-26T00:00:00.000000000Z,34877
usdc_eth,2024-08-27T00:00:00.000000000Z,36943
usdc_eth,2024-08-28T00:00:00.000000000Z,38216
usdc_eth,2024-08-29T00:00:00.000000000Z,40167
usdc_eth,2024-08-30T00:00:00.000000000Z,43340
usdc_eth,2024-08-31T00:00:00.000000000Z,31798
usdc_eth,2024-09-01T00:00:00.000000000Z,30614
usdc_eth,2024-09-02T00:00:00.000000000Z,34813
usdc_eth,2024-09-03T00:00:00.000000000Z,38507
usdc_eth,2024-09-04T00:00:00.000000000Z,38652
usdc_eth,2024-09-05T00:00:00.000000000Z,33263
usdc_eth,2024-09-06T00:00:00.000000000Z,40601
usdc_eth,2024-09-07T00:00:00.000000000Z,40872
usdc_eth,2024-09-08T00:00:00.000000000Z,49090
usdc_eth,2024-09-09T00:00:00.000000000Z,42595
usdc_eth,2024-09-10T00:00:00.000000000Z,36906
usdc_eth,2024-09-11T00:00:00.000000000Z,40142
usdc_eth,2024-09-12T00:00:00.000000000Z,41962
usdc_eth,2024-09-13T00:00:00.000000000Z,46709
usdc_eth,2024-09-14T00:00:00.000000000Z,46363
usdc_eth,2024-09-15T00:00:00.000000000Z,57733
usdc_eth,2024-09-16T00:00:00.000000000Z,39042
usdc_eth,2024-09-17T00:00:00.000000000Z,33853
usdc_eth,2024-09-18T00:00:00.000000000Z,30235
usdc_eth,2024-09-19T00:00:00.000000000Z,31601
usdc_eth,2024-09-20T00:00:00.000000000Z,30965
usdc_eth,2024-09-21T00:00:00.000000000Z,23984
usdc_eth,2024-09-22T00:00:00.000000000Z,22661
usdc_eth,2024-09-23T00:00:00.000000000Z,30940
usdc_eth,2024-09-24T00:00:00.000000000Z,29819
usdc_eth,2024-09-25T00:00:00.000000000Z,29686
usdc_eth,2024-09-26T00:00:00.000000000Z,31467
usdc_eth,2024-09-27T00:00:00.000000000Z,35897
usdc_eth,2024-09-28T00:00:00.000000000Z,33097
usdc_eth,2024-09-29T00:00:00.000000000Z,27498
usdc_eth,2024-09-30T00:00:00.000000000Z,39899
usdc_eth,2024-10-01T00:00:00.000000000Z,40605
usdc_eth,2024-10-02T00:00:00.000000000Z,37829
usdc_eth,2024-10-03T00:00:00.000000000Z,38440
usdc_eth,2024-10-04T00:00:00.000000000Z,39259
usdc_eth,2024-10-05T00:00:00.000000000Z,29534
usdc_eth,2024-10-06T00:00:00.000000000Z,26584
usdc_eth,2024-10-07T00:00:00.000000000Z,37027
usdc_eth,2024-10-08T00:00:00.000000000Z,31115
usdc_eth,2024-10-09T00:00:00.000000000Z,31934
usdc_eth,2024-10-10T00:00:00.000000000Z,36071
usdc_eth,2024-10-11T00:00:00.000000000Z,32877
usdc_eth,2024-10-12T00:00:00.000000000Z,33795
usdc_eth,2024-10-13T00:00:00.000000000Z,30519
usdc_eth,2024-10-14T00:00:00.000000000Z,34650
usdc_eth,2024-10-15T00:00:00.000000000Z,38209
usdc_eth,2024-10-16T00:00:00.000000000Z,34342
usdc_eth,2024-10-17T00:00:00.000000000Z,30461
usdc_eth,2024-10-18T00:00:00.000000000Z,29033
usdc_eth,2024-10-19T00:00:00.000000000Z,25819
usdc_eth,2024-10-20T00:00:00.000000000Z,24943
usdc_eth,2024-10-21T00:00:00.000000000Z,33783
usdc_eth,2024-10-22T00:00:00.000000000Z,33354
usdc_eth,2024-10-23T00:00:00.000000000Z,34706
usdc_eth,2024-10-24T00:00:00.000000000Z,33693
usdc_eth,2024-10-25T00:00:00.000000000Z,38078
usdc_eth,2024-10-26T00:00:00.000000000Z,29110
usdc_eth,2024-10-27T00:00:00.000000000Z,24482
usdc_eth,2024-10-28T00:00:00.000000000Z,34304
usdc_eth,2024-10-29T00:00:00.000000000Z,37688
usdc_eth,2024-10-30T00:00:00.000000000Z,34842
usdc_eth,2024-10-31T00:00:00.000000000Z,38615
usdc_eth,2024-11-01T00:00:00.000000000Z,41397
usdc_eth,2024-11-02T00:00:00.000000000Z,29383
usdc_eth,2024-11-03T00:00:00.000000000Z,41470
usdc_eth,2024-11-04T00:00:00.000000000Z,40147
usdc_eth,2024-11-05T00:00:00.000000000Z,42196
usdc_eth,2024-11-06T00:00:00.000000000Z,45128
usdc_eth,2024-11-07T00:00:00.000000000Z,40688
usdc_eth,2024-11-08T00:00:00.000000000Z,38782
usdc_eth,2024-11-09T00:00:00.000000000Z,31483
usdc_eth,2024-11-10T00:00:00.000000000Z,35537
usdc_eth,2024-11-11T00:00:00.000000000Z,42093
usdc_eth,2024-11-12T00:00:00.000000000Z,42742
usdc_eth,2024-11-13T00:00:00.000000000Z,39563
usdc_eth,2024-11-14T00:00:00.000000000Z,40335
usdc_eth,2024-11-15T00:00:00.000000000Z,44741
usdc_eth,2024-11-16T00:00:00.000000000Z,36560
usdc_eth,2024-11-17T00:00:00.000000000Z,32904
usdc_eth,2024-11-18T00:00:00.000000000Z,39007
usdc_eth,2024-11-19T00:00:00.000000000Z,38718
usdc_eth,2024-11-20T00:00:00.000000000Z,43721
usdc_eth,2024-11-21T00:00:00.000000000Z,44662
usdc_eth,2024-11-22T00:00:00.000000000Z,44552
usdc_eth,2024-11-23T00:00:00.000000000Z,37253
usdc_eth,2024-11-24T00:00:00.000000000Z,35530
usdc_eth,2024-11-25T00:00:00.000000000Z,40777
usdc_eth,2024-11-26T00:00:00.000000000Z,42516
usdc_eth,2024-11-27T00:00:00.000000000Z,42065
usdc_eth,2024-11-28T00:00:00.000000000Z,43950
usdc_eth,2024-11-29T00:00:00.000000000Z,47717
usdc_eth,2024-11-30T00:00:00.000000000Z,39261
usdc_eth,2024-12-01T00:00:00.000000000Z,39811
usdc_eth,2024-12-02T00:00:00.000000000Z,48668
usdc_eth,2024-12-03T00:00:00.000000000Z,47655
usdc_eth,2024-12-04T00:00:00.000000000Z,48193
usdc_eth,2024-12-05T00:00:00.000000000Z,52757
usdc_eth,2024-12-06T00:00:00.000000000Z,46742
usdc_eth,2024-12-07T00:00:00.000000000Z,38760
usdc_eth,2024-12-08T00:00:00.000000000Z,42417
usdc_eth,2024-12-09T00:00:00.000000000Z,43609
usdc_eth,2024-12-10T00:00:00.000000000Z,45953
usdc_eth,2024-12-11T00:00:00.000000000Z,42407
usdc_eth,2024-12-12T00:00:00.000000000Z,42415
usdc_eth,2024-12-13T00:00:00.000000000Z,42128
usdc_eth,2024-12-14T00:00:00.000000000Z,38232
usdc_eth,2024-12-15T00:00:00.000000000Z,36507
usdc_eth,2024-12-16T00:00:00.000000000Z,45081
usdc_eth,2024-12-17T00:00:00.000000000Z,49482
usdc_eth,2024-12-18T00:00:00.000000000Z,51968
usdc_eth,2024-12-19T00:00:00.000000000Z,53345
usdc_eth,2024-12-20T00:00:00.000000000Z,51293
usdc_eth,2024-12-21T00:00:00.000000000Z,43816
usdc_eth,2024-12-22T00:00:00.000000000Z,36951
usdc_eth,2024-12-23T00:00:00.000000000Z,44788
usdc_eth,2024-12-24T00:00:00.000000000Z,39494
usdc_eth,2024-12-25T00:00:00.000000000Z,31676
usdc_eth,2024-12-26T00:00:00.000000000Z,36694
usdc_eth,2024-12-27T00:00:00.000000000Z,42545
usdc_eth,2024-12-28T00:00:00.000000000Z,37867
usdc_eth,2024-12-29T00:00:00.000000000Z,39729
usdc_eth,2024-12-30T00:00:00.000000000Z,50550
usdc_eth,2024-12-31T00:00:00.000000000Z,49769
usdc_eth,2025-01-01T00:00:00.000000000Z,34026
usdc_eth,2025-01-02T00:00:00.000000000Z,44525
usdc_eth,2025-01-03T00:00:00.000000000Z,46426
usdc_eth,2025-01-04T00:00:00.000000000Z,38124
usdc_eth,2025-01-05T00:00:00.000000000Z,35869
usdc_eth,2025-01-06T00:00:00.000000000Z,44460
usdc_eth,2025-01-07T00:00:00.000000000Z,49071
usdc_eth,2025-01-08T00:00:00.000000000Z,50987
usdc_eth,2025-01-09T00:00:00.000000000Z,48880
usdc_eth,2025-01-10T00:00:00.000000000Z,48475
usdc_eth,2025-01-11T00:00:00.000000000Z,38734
usdc_eth,2025-01-12T00:00:00.000000000Z,36978
usdc_eth,2025-01-13T00:00:00.000000000Z,49379
usdc_eth,2025-01-14T00:00:00.000000000Z,49305
usdc_eth,2025-01-15T00:00:00.000000000Z,50301
usdc_eth,2025-01-16T00:00:00.000000000Z,51393
usdc_eth,2025-01-17T00:00:00.000000000Z,50245
usdc_eth,2025-01-18T00:00:00.000000000Z,53841
usdc_eth,2025-01-19T00:00:00.000000000Z,57606
usdc_eth,2025-01-20T00:00:00.000000000Z,67544
usdc_eth,2025-01-21T00:00:00.000000000Z,57170
usdc_eth,2025-01-22T00:00:00.000000000Z,53422
usdc_eth,2025-01-23T00:00:00.000000000Z,58156
usdc_eth,2025-01-24T00:00:00.000000000Z,50552
usdc_eth,2025-01-25T00:00:00.000000000Z,42729
usdc_eth,2025-01-26T00:00:00.000000000Z,46649
usdc_eth,2025-01-27T00:00:00.000000000Z,54927
usdc_eth,2025-01-28T00:00:00.000000000Z,53063
usdc_eth,2025-01-29T00:00:00.000000000Z,56156
usdc_eth,2025-01-30T00:00:00.000000000Z,54688
usdc_eth,2025-01-31T00:00:00.000000000Z,59467
usdc_eth,2025-02-01T00:00:00.000000000Z,51666
usdc_eth,2025-02-02T00:00:00.000000000Z,54550
usdc_eth,2025-02-03T00:00:00.000000000Z,66875
usdc_eth,2025-02-04T00:00:00.000000000Z,68977
usdc_eth,2025-02-05T00:00:00.000000000Z,55179
usdc_eth,2025-02-06T00:00:00.000000000Z,58752
usdc_eth,2025-02-07T00:00:00.000000000Z,59949
usdc_eth,2025-02-08T00:00:00.000000000Z,44818
usdc_eth,2025-02-09T00:00:00.000000000Z,47068
usdc_eth,2025-02-10T00:00:00.000000000Z,63642
usdc_eth,2025-02-11T00:00:00.000000000Z,76713
usdc_eth,2025-02-12T00:00:00.000000000Z,57889
usdc_eth,2025-02-13T00:00:00.000000000Z,58436
usdc_eth,2025-02-14T00:00:00.000000000Z,58819
usdc_eth,2025-02-15T00:00:00.000000000Z,45789
usdc_eth,2025-02-16T00:00:00.000000000Z,41787
usdc_eth,2025-02-17T00:00:00.000000000Z,53358
usdc_eth,2025-02-18T00:00:00.000000000Z,59615
usdc_eth,2025-02-19T00:00:00.000000000Z,55681
usdc_eth,2025-02-20T00:00:00.000000000Z,58642
usdc_eth,2025-02-21T00:00:00.000000000Z,59885
usdc_eth,2025-02-22T00:00:00.000000000Z,49903
usdc_eth,2025-02-23T00:00:00.000000000Z,41618
usdc_eth,2025-02-24T00:00:00.000000000Z,60737
usdc_eth,2025-02-25T00:00:00.000000000Z,81347
usdc_eth,2025-02-26T00:00:00.000000000Z,65059
usdc_eth,2025-02-27T00:00:00.000000000Z,64300
usdc_eth,2025-02-28T00:00:00.000000000Z,76815
usdc_eth,2025-03-01T00:00:00.000000000Z,64817
usdc_eth,2025-03-02T00:00:00.000000000Z,53154
usdc_eth,2025-03-03T00:00:00.000000000Z,72954
usdc_eth,2025-03-04T00:00:00.000000000Z,73486
usdc_eth,2025-03-05T00:00:00.000000000Z,64477
usdc_eth,2025-03-06T00:00:00.000000000Z,73075
usdc_eth,2025-03-07T00:00:00.000000000Z,72702
usdc_eth,2025-03-08T00:00:00.000000000Z,55954
usdc_eth,2025-03-09T00:00:00.000000000Z,52306
usdc_eth,2025-03-10T00:00:00.000000000Z,74057
usdc_eth,2025-03-11T00:00:00.000000000Z,86022
usdc_eth,2025-03-12T00:00:00.000000000Z,68124
usdc_eth,2025-03-13T00:00:00.000000000Z,62477
usdc_eth,2025-03-14T00:00:00.000000000Z,63581
usdc_eth,2025-03-15T00:00:00.000000000Z,46084
usdc_eth,2025-03-16T00:00:00.000000000Z,43676
usdc_eth,2025-03-17T00:00:00.000000000Z,61229
usdc_eth,2025-03-18T00:00:00.000000000Z,59742
usdc_eth,2025-03-19T00:00:00.000000000Z,61751
usdc_eth,2025-03-20T00:00:00.000000000Z,64089
usdc_eth,2025-03-21T00:00:00.000000000Z,60385
usdc_eth,2025-03-22T00:00:00.000000000Z,48610
usdc_eth,2025-03-23T00:00:00.000000000Z,43040
usdc_eth,2025-03-24T00:00:00.000000000Z,69521
usdc_eth,2025-03-25T00:00:00.000000000Z,68559
usdc_eth,2025-03-26T00:00:00.000000000Z,66670
usdc_eth,2025-03-27T00:00:00.000000000Z,69593
usdc_eth,2025-03-28T00:00:00.000000000Z,74355
usdc_eth,2025-03-29T00:00:00.000000000Z,58989
usdc_eth,2025-03-30T00:00:00.000000000Z,50002
usdc_eth,2025-03-31T00:00:00.000000000Z,76415
usdc_eth,2025-04-01T00:00:00.000000000Z,77449
usdc_eth,2025-04-02T00:00:00.000000000Z,78163
usdc_eth,2025-04-03T00:00:00.000000000Z,115362
usdc_eth,2025-04-04T00:00:00.000000000Z,76749
usdc_eth,2025-04-05T00:00:00.000000000Z,51234
usdc_eth,2025-04-06T00:00:00.000000000Z,72396
usdc_eth,2025-04-07T00:00:00.000000000Z,136773
usdc_eth,2025-04-08T00:00:00.000000000Z,85466
usdc_eth,2025-04-09T00:00:00.000000000Z,78758
usdc_eth,2025-04-10T00:00:00.000000000Z,82458
usdc_eth,2025-04-11T00:00:00.000000000Z,75746
usdc_eth,2025-04-12T00:00:00.000000000Z,53871
usdc_eth,2025-04-13T00:00:00.000000000Z,49038
usdc_eth,2025-04-14T00:00:00.000000000Z,71054
usdc_eth,2025-04-15T00:00:00.000000000Z,73019
usdc_eth,2025-04-16T00:00:00.000000000Z,68903
usdc_eth,2025-04-17T00:00:00.000000000Z,80012
usdc_eth,2025-04-18T00:00:00.000000000Z,71233
usdc_eth,2025-04-19T00:00:00.000000000Z,72228
usdc_eth,2025-04-20T00:00:00.000000000Z,50590
usdc_eth,2025-04-21T00:00:00.000000000Z,71186
usdc_eth,2025-04-22T00:00:00.000000000Z,78607
usdc_eth,2025-04-23T00:00:00.000000000Z,90306
usdc_eth,2025-04-24T00:00:00.000000000Z,131591
usdc_eth,2025-04-25T00:00:00.000000000Z,107448
usdc_eth,2025-04-26T00:00:00.000000000Z,85340
usdc_eth,2025-04-27T00:00:00.000000000Z,68176
usdc_eth,2025-04-28T00:00:00.000000000Z,90696
usdc_eth,2025-04-29T00:00:00.000000000Z,95980
usdc_eth,2025-04-30T00:00:00.000000000Z,94167
usdc_eth,2025-05-01T00:00:00.000000000Z,87489
usdc_eth,2025-05-02T00:00:00.000000000Z,76147
usdc_eth,2025-05-03T00:00:00.000000000Z,60274
usdc_eth,2025-05-04T00:00:00.000000000Z,55299
usdc_eth,2025-05-05T00:00:00.000000000Z,78910
usdc_eth,2025-05-06T00:00:00.000000000Z,94314
usdc_eth,2025-05-07T00:00:00.000000000Z,81430
usdc_eth,2025-05-08T00:00:00.000000000Z,83444
usdc_eth,2025-05-09T00:00:00.000000000Z,88144
usdc_eth,2025-05-10T00:00:00.000000000Z,61143
usdc_eth,2025-05-11T00:00:00.000000000Z,56926
usdc_eth,2025-05-12T00:00:00.000000000Z,77720
usdc_eth,2025-05-13T00:00:00.000000000Z,79091
usdc_eth,2025-05-14T00:00:00.000000000Z,80988
usdc_eth,2025-05-15T00:00:00.000000000Z,81867
usdc_eth,2025-05-16T00:00:00.000000000Z,83796
usdc_eth,2025-05-17T00:00:00.000000000Z,72340
usdc_eth,2025-05-18T00:00:00.000000000Z,57532
usdc_eth,2025-05-19T00:00:00.000000000Z,81384
usdc_eth,2025-05-20T00:00:00.000000000Z,91205
usdc_eth,2025-05-21T00:00:00.000000000Z,79938
usdc_eth,2025-05-22T00:00:00.000000000Z,84644
usdc_eth,2025-05-23T00:00:00.000000000Z,81780
usdc_eth,2025-05-24T00:00:00.000000000Z,75928
usdc_eth,2025-05-25T00:00:00.000000000Z,59956
usdc_eth,2025-05-26T00:00:00.000000000Z,79974
usdc_eth,2025-05-27T00:00:00.000000000Z,79661
usdc_eth,2025-05-28T00:00:00.000000000Z,85788
usdc_eth,2025-05-29T00:00:00.000000000Z,77981
usdc_eth,2025-05-30T00:00:00.000000000Z,82028
usdc_eth,2025-05-31T00:00:00.000000000Z,73845
usdc_eth,2025-06-01T00:00:00.000000000Z,81535
usdc_eth,2025-06-02T00:00:00.000000000Z,92009
usdc_eth,2025-06-03T00:00:00.000000000Z,86551
usdc_eth,2025-06-04T00:00:00.000000000Z,81674
usdc_eth,2025-06-05T00:00:00.000000000Z,88292
usdc_eth,2025-06-06T00:00:00.000000000Z,92599
usdc_eth,2025-06-07T00:00:00.000000000Z,89568
usdc_eth,2025-06-08T00:00:00.000000000Z,85722
usdc_eth,2025-06-09T00:00:00.000000000Z,89475
usdc_eth,2025-06-10T00:00:00.000000000Z,92584
usdc_eth,2025-06-11T00:00:00.000000000Z,89673
usdc_eth,2025-06-12T00:00:00.000000000Z,82518
usdc_eth,2025-06-13T00:00:00.000000000Z,93921
usdc_eth,2025-06-14T00:00:00.000000000Z,67570
usdc_eth,2025-06-15T00:00:00.000000000Z,67145
usdc_eth,2025-06-16T00:00:00.000000000Z,85183
usdc_eth,2025-06-17T00:00:00.000000000Z,94410
usdc_eth,2025-06-18T00:00:00.000000000Z,87005
usdc_eth,2025-06-19T00:00:00.000000000Z,75624
usdc_eth,2025-06-20T00:00:00.000000000Z,79781
usdc_eth,2025-06-21T00:00:00.000000000Z,64971
usdc_eth,2025-06-22T00:00:00.000000000Z,69014
usdc_eth,2025-06-23T00:00:00.000000000Z,83444
usdc_eth,2025-06-24T00:00:00.000000000Z,79633
usdc_eth,2025-06-25T00:00:00.000000000Z,83104
usdc_eth,2025-06-26T00:00:00.000000000Z,87708
usdc_eth,2025-06-27T00:00:00.000000000Z,98017
usdc_eth,2025-06-28T00:00:00.000000000Z,65953
usdc_eth,2025-06-29T00:00:00.000000000Z,63883
usdc_eth,2025-06-30T00:00:00.000000000Z,93975
usdc_eth,2025-07-01T00:00:00.000000000Z,106044
usdc_eth,2025-07-02T00:00:00.000000000Z,98307
usdc_eth,2025-07-03T00:00:00.000000000Z,101025
usdc_eth,2025-07-04T00:00:00.000000000Z,88503
usdc_eth,2025-07-05T00:00:00.000000000Z,68392
usdc_eth,2025-07-06T00:00:00.000000000Z,60419
usdc_eth,2025-07-07T00:00:00.000000000Z,89107
usdc_eth,2025-07-08T00:00:00.000000000Z,88558
usdc_eth,2025-07-09T00:00:00.000000000Z,88255
usdc_eth,2025-07-10T00:00:00.000000000Z,90135
usdc_eth,2025-07-11T00:00:00.000000000Z,97329
usdc_eth,2025-07-12T00:00:00.000000000Z,89811
usdc_eth,2025-07-13T00:00:00.000000000Z,69739
usdc_eth,2025-07-14T00:00:00.000000000Z,92167
usdc_eth,2025-07-15T00:00:00.000000000Z,90115
usdc_eth,2025-07-16T00:00:00.000000000Z,91593
usdc_eth,2025-07-17T00:00:00.000000000Z,92440
usdc_eth,2025-07-18T00:00:00.000000000Z,89223
usdc_eth,2025-07-19T00:00:00.000000000Z,86573
usdc_eth,2025-07-20T00:00:00.000000000Z,85055
usdc_eth,2025-07-21T00:00:00.000000000Z,100799
usdc_eth,2025-07-22T00:00:00.000000000Z,96463
usdc_eth,2025-07-23T00:00:00.000000000Z,91307
usdc_eth,2025-07-24T00:00:00.000000000Z,92582
usdc_eth,2025-07-25T00:00:00.000000000Z,91916
usdc_eth,2025-07-26T00:00:00.000000000Z,67445
usdc_eth,2025-07-27T00:00:00.000000000Z,68586
usdc_eth,2025-07-28T00:00:00.000000000Z,97086
usdc_eth,2025-07-29T00:00:00.000000000Z,91653
usdc_eth,2025-07-30T00:00:00.000000000Z,80556
usdc_eth,2025-07-31T00:00:00.000000000Z,95245
usdc_eth,2025-08-01T00:00:00.000000000Z,122542
usdc_eth,2025-08-02T00:00:00.000000000Z,87049
usdc_eth,2025-08-03T00:00:00.000000000Z,68183
usdc_eth,2025-08-04T00:00:00.000000000Z,96411
usdc_eth,2025-08-05T00:00:00.000000000Z,97806
usdc_eth,2025-08-06T00:00:00.000000000Z,95542
usdc_eth,2025-08-07T00:00:00.000000000Z,97946
usdc_eth,2025-08-08T00:00:00.000000000Z,102608
usdc_eth,2025-08-09T00:00:00.000000000Z,98650
usdc_eth,2025-08-10T00:00:00.000000000Z,81860
usdc_eth,2025-08-11T00:00:00.000000000Z,103474
usdc_eth,2025-08-12T00:00:00.000000000Z,106357
usdc_eth,2025-08-13T00:00:00.000000000Z,101724
usdc_eth,2025-08-14T00:00:00.000000000Z,105933
usdc_eth,2025-08-15T00:00:00.000000000Z,139383
usdc_eth,2025-08-16T00:00:00.000000000Z,81207
usdc_eth,2025-08-17T00:00:00.000000000Z,71527
usdc_eth,2025-08-18T00:00:00.000000000Z,107389
usdc_eth,2025-08-19T00:00:00.000000000Z,106318
usdc_eth,2025-08-20T00:00:00.000000000Z,100324
usdc_eth,2025-08-21T00:00:00.000000000Z,108050
usdc_eth,2025-08-22T00:00:00.000000000Z,106284
usdc_eth,2025-08-23T00:00:00.000000000Z,98309
usdc_eth,2025-08-24T00:00:00.000000000Z,83950
usdc_eth,2025-08-25T00:00:00.000000000Z,103920
usdc_eth,2025-08-26T00:00:00.000000000Z,111469
usdc_eth,2025-08-27T00:00:00.000000000Z,97094
usdc_eth,2025-08-28T00:00:00.000000000Z,113911
usdc_eth,2025-08-29T00:00:00.000000000Z,116232
usdc_eth,2025-08-30T00:00:00.000000000Z,78898
usdc_eth,2025-08-31T00:00:00.000000000Z,100513
usdc_eth,2025-09-01T00:00:00.000000000Z,112865
usdc_eth,2025-09-02T00:00:00.000000000Z,134610
usdc_eth,2025-09-03T00:00:00.000000000Z,120727
usdc_eth,2025-09-04T00:00:00.000000000Z,103459
usdc_eth,2025-09-05T00:00:00.000000000Z,111117
usdc_eth,2025-09-06T00:00:00.000000000Z,74536
usdc_eth,2025-09-07T00:00:00.000000000Z,69501
usdc_eth,2025-09-08T00:00:00.000000000Z,100012
usdc_eth,2025-09-09T00:00:00.000000000Z,102403
usdc_eth,2025-09-10T00:00:00.000000000Z,111683
usdc_eth,2025-09-11T00:00:00.000000000Z,109339
usdc_eth,2025-09-12T00:00:00.000000000Z,104369
usdc_eth,2025-09-13T00:00:00.000000000Z,100718
usdc_eth,2025-09-14T00:00:00.000000000Z,79035
usdc_eth,2025-09-15T00:00:00.000000000Z,106586
usdc_eth,2025-09-16T00:00:00.000000000Z,117388
usdc_eth,2025-09-17T00:00:00.000000000Z,109895
usdc_eth,2025-09-18T00:00:00.000000000Z,123061
usdc_eth,2025-09-19T00:00:00.000000000Z,130154
usdc_eth,2025-09-20T00:00:00.000000000Z,109882
usdc_eth,2025-09-21T00:00:00.000000000Z,80592
usdc_eth,2025-09-22T00:00:00.000000000Z,114567
usdc_eth,2025-09-23T00:00:00.000000000Z,112976
usdc_eth,2025-09-24T00:00:00.000000000Z,106762
usdc_eth,2025-09-25T00:00:00.000000000Z,120013
usdc_eth,2025-09-26T00:00:00.000000000Z,130780
usdc_eth,2025-09-27T00:00:00.000000000Z,83732
usdc_eth,2025-09-28T00:00:00.000000000Z,91369
usdc_eth,2025-09-29T00:00:00.000000000Z,163194
usdc_eth,2025-09-30T00:00:00.000000000Z,170365
usdc_eth,2025-10-01T00:00:00.000000000Z,203392
usdc_eth,2025-10-02T00:00:00.000000000Z,197162
usdc_eth,2025-10-03T00:00:00.000000000Z,146546
usdc_eth,2025-10-04T00:00:00.000000000Z,100934
usdc_eth,2025-10-05T00:00:00.000000000Z,101242
usdc_eth,2025-10-06T00:00:00.000000000Z,118093
usdc_eth,2025-10-07T00:00:00.000000000Z,125423
usdc_eth,2025-10-08T00:00:00.000000000Z,140308
usdc_eth,2025-10-09T00:00:00.000000000Z,118682
usdc_eth,2025-10-10T00:00:00.000000000Z,117601
usdc_eth,2025-10-11T00:00:00.000000000Z,125748
usdc_eth,2025-10-12T00:00:00.000000000Z,111567
usdc_eth,2025-10-13T00:00:00.000000000Z,115823
usdc_eth,2025-10-14T00:00:00.000000000Z,115155
usdc_eth,2025-10-15T00:00:00.000000000Z,126143
usdc_eth,2025-10-16T00:00:00.000000000Z,112670
usdc_eth,2025-10-17T00:00:00.000000000Z,132275
usdc_eth,2025-10-18T00:00:00.000000000Z,105265
usdc_eth,2025-10-19T00:00:00.000000000Z,85593
usdc_eth,2025-10-20T00:00:00.000000000Z,108502
usdc_eth,2025-10-21T00:00:00.000000000Z,116448
usdc_eth,2025-10-22T00:00:00.000000000Z,122839
usdc_eth,2025-10-23T00:00:00.000000000Z,124816
usdc_eth,2025-10-24T00:00:00.000000000Z,125146
usdc_eth,2025-10-25T00:00:00.000000000Z,96567
usdc_eth,2025-10-26T00:00:00.000000000Z,86529
usdc_eth,2025-10-27T00:00:00.000000000Z,122168
usdc_eth,2025-10-28T00:00:00.000000000Z,131913
usdc_eth,2025-10-29T00:00:00.000000000Z,118685
usdc_eth,2025-10-30T00:00:00.000000000Z,119573
usdc_eth,2025-10-31T00:00:00.000000000Z,127678
usdc_eth,2025-11-01T00:00:00.000000000Z,95400
usdc_eth,2025-11-02T00:00:00.000000000Z,85157
usdc_eth,2025-11-03T00:00:00.000000000Z,123557
usdc_eth,2025-11-04T00:00:00.000000000Z,130159
usdc_eth,2025-11-05T00:00:00.000000000Z,137922
usdc_eth,2025-11-06T00:00:00.000000000Z,142132
usdc_eth,2025-11-07T00:00:00.000000000Z,137594
usdc_eth,2025-11-08T00:00:00.000000000Z,152737
usdc_eth,2025-11-09T00:00:00.000000000Z,96262
usdc_eth,2025-11-10T00:00:00.000000000Z,136542
usdc_eth,2025-11-11T00:00:00.000000000Z,133921
usdc_eth,2025-11-12T00:00:00.000000000Z,128508
usdc_eth,2025-11-13T00:00:00.000000000Z,129582
usdc_eth,2025-11-14T00:00:00.000000000Z,139305
usdc_eth,2025-11-15T00:00:00.000000000Z,124851
usdc_eth,2025-11-16T00:00:00.000000000Z,107279
usdc_eth,2025-11-17T00:00:00.000000000Z,144087
usdc_eth,2025-11-18T00:00:00.000000000Z,165210
usdc_eth,2025-11-19T00:00:00.000000000Z,135450
usdc_eth,2025-11-20T00:00:00.000000000Z,143176
usdc_eth,2025-11-21T00:00:00.000000000Z,142611
usdc_eth,2025-11-22T00:00:00.000000000Z,121094
usdc_eth,2025-11-23T00:00:00.000000000Z,116841
usdc_eth,2025-11-24T00:00:00.000000000Z,147338
usdc_eth,2025-11-25T00:00:00.000000000Z,164576
usdc_eth,2025-11-26T00:00:00.000000000Z,156372
usdc_eth,2025-11-27T00:00:00.000000000Z,180152
usdc_eth,2025-11-28T00:00:00.000000000Z,153766
usdc_eth,2025-11-29T00:00:00.000000000Z,393461
usdc_eth,2025-11-30T00:00:00.000000000Z,106305
usdc_eth,2025-12-01T00:00:00.000000000Z,169707
usdc_eth,2025-12-02T00:00:00.000000000Z,166952
usdc_eth,2025-12-03T00:00:00.000000000Z,166672
usdc_eth,2025-12-04T00:00:00.000000000Z,157214
usdc_eth,2025-12-05T00:00:00.000000000Z,151882
usdc_eth,2025-12-06T00:00:00.000000000Z,114218
usdc_eth,2025-12-07T00:00:00.000000000Z,89740
usdc_eth,2025-12-08T00:00:00.000000000Z,117599
usdc_eth,2025-12-09T00:00:00.000000000Z,147713
usdc_eth,2025-12-10T00:00:00.000000000Z,146742
usdc_eth,2025-12-11T00:00:00.000000000Z,172203
usdc_eth,2025-12-12T00:00:00.000000000Z,139057
usdc_eth,2025-12-13T00:00:00.000000000Z,110831
usdc_eth,2025-12-14T00:00:00.000000000Z,102682
usdc_eth,2025-12-15T00:00:00.000000000Z,151407
usdc_eth,2025-12-16T00:00:00.000000000Z,157659
usdc_eth,2025-12-17T00:00:00.000000000Z,158471
usdc_eth,2025-12-18T00:00:00.000000000Z,142818
usdc_eth,2025-12-19T00:00:00.000000000Z,134816
usdc_eth,2025-12-20T00:00:00.000000000Z,123280
usdc_eth,2025-12-21T00:00:00.000000000Z,113525
usdc_eth,2025-12-22T00:00:00.000000000Z,166296
usdc_eth,2025-12-23T00:00:00.000000000Z,208324
usdc_eth,2025-12-24T00:00:00.000000000Z,156687
usdc_eth,2025-12-25T00:00:00.000000000Z,111020
usdc_eth,2025-12-26T00:00:00.000000000Z,132975
usdc_eth,2025-12-27T00:00:00.000000000Z,127188
usdc_eth,2025-12-28T00:00:00.000000000Z,137865
usdc_eth,2025-12-29T00:00:00.000000000Z,184356
usdc_eth,2025-12-30T00:00:00.000000000Z,238432
usdc_eth,2025-12-31T00:00:00.000000000Z,275206
usdt_eth,2020-01-01T00:00:00.000000000Z,26984
usdt_eth,2020-01-02T00:00:00.000000000Z,29802
usdt_eth,2020-01-03T00:00:00.000000000Z,38227
usdt_eth,2020-01-04T00:00:00.000000000Z,32527
usdt_eth,2020-01-05T00:00:00.000000000Z,30764
usdt_eth,2020-01-06T00:00:00.000000000Z,36692
usdt_eth,2020-01-07T00:00:00.000000000Z,34579
usdt_eth,2020-01-08T00:00:00.000000000Z,37883
usdt_eth,2020-01-09T00:00:00.000000000Z,37431
usdt_eth,2020-01-10T00:00:00.000000000Z,34873
usdt_eth,2020-01-11T00:00:00.000000000Z,31979
usdt_eth,2020-01-12T00:00:00.000000000Z,27982
usdt_eth,2020-01-13T00:00:00.000000000Z,31894
usdt_eth,2020-01-14T00:00:00.000000000Z,38454
usdt_eth,2020-01-15T00:00:00.000000000Z,46500
usdt_eth,2020-01-16T00:00:00.000000000Z,59121
usdt_eth,2020-01-17T00:00:00.000000000Z,38283
usdt_eth,2020-01-18T00:00:00.000000000Z,39803
usdt_eth,2020-01-19T00:00:00.000000000Z,42327
usdt_eth,2020-01-20T00:00:00.000000000Z,36794
usdt_eth,2020-01-21T00:00:00.000000000Z,35225
usdt_eth,2020-01-22T00:00:00.000000000Z,29394
usdt_eth,2020-01-23T00:00:00.000000000Z,28366
usdt_eth,2020-01-24T00:00:00.000000000Z,21404
usdt_eth,2020-01-25T00:00:00.000000000Z,15100
usdt_eth,2020-01-26T00:00:00.000000000Z,15671
usdt_eth,2020-01-27T00:00:00.000000000Z,21941
usdt_eth,2020-01-28T00:00:00.000000000Z,23877
usdt_eth,2020-01-29T00:00:00.000000000Z,26730
usdt_eth,2020-01-30T00:00:00.000000000Z,29266
usdt_eth,2020-01-31T00:00:00.000000000Z,30206
usdt_eth,2020-02-01T00:00:00.000000000Z,26877
usdt_eth,2020-02-02T00:00:00.000000000Z,28805
usdt_eth,2020-02-03T00:00:00.000000000Z,40946
usdt_eth,2020-02-04T00:00:00.000000000Z,36794
usdt_eth,2020-02-05T00:00:00.000000000Z,39779
usdt_eth,2020-02-06T00:00:00.000000000Z,42148
usdt_eth,2020-02-07T00:00:00.000000000Z,44646
usdt_eth,2020-02-08T00:00:00.000000000Z,43020
usdt_eth,2020-02-09T00:00:00.000000000Z,53160
usdt_eth,2020-02-10T00:00:00.000000000Z,49662
usdt_eth,2020-02-11T00:00:00.000000000Z,48277
usdt_eth,2020-02-12T00:00:00.000000000Z,56849
usdt_eth,2020-02-13T00:00:00.000000000Z,52728
usdt_eth,2020-02-14T00:00:00.000000000Z,51774
usdt_eth,2020-02-15T00:00:00.000000000Z,52041
usdt_eth,2020-02-16T00:00:00.000000000Z,41214
usdt_eth,2020-02-17T00:00:00.000000000Z,47378
usdt_eth,2020-02-18T00:00:00.000000000Z,47133
usdt_eth,2020-02-19T00:00:00.000000000Z,45488
usdt_eth,2020-02-20T00:00:00.000000000Z,48840
usdt_eth,2020-02-21T00:00:00.000000000Z,54795
usdt_eth,2020-02-22T00:00:00.000000000Z,39584
usdt_eth,2020-02-23T00:00:00.000000000Z,44171
usdt_eth,2020-02-24T00:00:00.000000000Z,57767
usdt_eth,2020-02-25T00:00:00.000000000Z,50366
usdt_eth,2020-02-26T00:00:00.000000000Z,53325
usdt_eth,2020-02-27T00:00:00.000000000Z,50806
usdt_eth,2020-02-28T00:00:00.000000000Z,53879
usdt_eth,2020-02-29T00:00:00.000000000Z,48569
usdt_eth,2020-03-01T00:00:00.000000000Z,45076
usdt_eth,2020-03-02T00:00:00.000000000Z,54072
usdt_eth,2020-03-03T00:00:00.000000000Z,50342
usdt_eth,2020-03-04T00:00:00.000000000Z,50727
usdt_eth,2020-03-05T00:00:00.000000000Z,60245
usdt_eth,2020-03-06T00:00:00.000000000Z,49532
usdt_eth,2020-03-07T00:00:00.000000000Z,48551
usdt_eth,2020-03-08T00:00:00.000000000Z,47210
usdt_eth,2020-03-09T00:00:00.000000000Z,60908
usdt_eth,2020-03-10T00:00:00.000000000Z,59025
usdt_eth,2020-03-11T00:00:00.000000000Z,60563
usdt_eth,2020-03-12T00:00:00.000000000Z,68691
usdt_eth,2020-03-13T00:00:00.000000000Z,80300
usdt_eth,2020-03-14T00:00:00.000000000Z,52134
usdt_eth,2020-03-15T00:00:00.000000000Z,50265
usdt_eth,2020-03-16T00:00:00.000000000Z,69626
usdt_eth,2020-03-17T00:00:00.000000000Z,75765
usdt_eth,2020-03-18T00:00:00.000000000Z,66896
usdt_eth,2020-03-19T00:00:00.000000000Z,68812
usdt_eth,2020-03-20T00:00:00.000000000Z,68095
usdt_eth,2020-03-21T00:00:00.000000000Z,61560
usdt_eth,2020-03-22T00:00:00.000000000Z,56851
usdt_eth,2020-03-23T00:00:00.000000000Z,64571
usdt_eth,2020-03-24T00:00:00.000000000Z,59692
usdt_eth,2020-03-25T00:00:00.000000000Z,57786
usdt_eth,2020-03-26T00:00:00.000000000Z,64964
usdt_eth,2020-03-27T00:00:00.000000000Z,62512
usdt_eth,2020-03-28T00:00:00.000000000Z,58389
usdt_eth,2020-03-29T00:00:00.000000000Z,57858
usdt_eth,2020-03-30T00:00:00.000000000Z,64919
usdt_eth,2020-03-31T00:00:00.000000000Z,75170
usdt_eth,2020-04-01T00:00:00.000000000Z,66665
usdt_eth,2020-04-02T00:00:00.000000000Z,73015
usdt_eth,2020-04-03T00:00:00.000000000Z,73635
usdt_eth,2020-04-04T00:00:00.000000000Z,49777
usdt_eth,2020-04-05T00:00:00.000000000Z,52703
usdt_eth,2020-04-06T00:00:00.000000000Z,74947
usdt_eth,2020-04-07T00:00:00.000000000Z,80573
usdt_eth,2020-04-08T00:00:00.000000000Z,74887
usdt_eth,2020-04-09T00:00:00.000000000Z,72739
usdt_eth,2020-04-10T00:00:00.000000000Z,74766
usdt_eth,2020-04-11T00:00:00.000000000Z,65451
usdt_eth,2020-04-12T00:00:00.000000000Z,63044
usdt_eth,2020-04-13T00:00:00.000000000Z,73819
usdt_eth,2020-04-14T00:00:00.000000000Z,83234
usdt_eth,2020-04-15T00:00:00.000000000Z,77738
usdt_eth,2020-04-16T00:00:00.000000000Z,81211
usdt_eth,2020-04-17T00:00:00.000000000Z,79427
usdt_eth,2020-04-18T00:00:00.000000000Z,71439
usdt_eth,2020-04-19T00:00:00.000000000Z,70607
usdt_eth,2020-04-20T00:00:00.000000000Z,84735
usdt_eth,2020-04-21T00:00:00.000000000Z,83237
usdt_eth,2020-04-22T00:00:00.000000000Z,85540
usdt_eth,2020-04-23T00:00:00.000000000Z,85163
usdt_eth,2020-04-24T00:00:00.000000000Z,89399
usdt_eth,2020-04-25T00:00:00.000000000Z,76199
usdt_eth,2020-04-26T00:00:00.000000000Z,84138
usdt_eth,2020-04-27T00:00:00.000000000Z,92249
usdt_eth,2020-04-28T00:00:00.000000000Z,95742
usdt_eth,2020-04-29T00:00:00.000000000Z,98923
usdt_eth,2020-04-30T00:00:00.000000000Z,103357
usdt_eth,2020-05-01T00:00:00.000000000Z,86498
usdt_eth,2020-05-02T00:00:00.000000000Z,74276
usdt_eth,2020-05-03T00:00:00.000000000Z,69884
usdt_eth,2020-05-04T00:00:00.000000000Z,80942
usdt_eth,2020-05-05T00:00:00.000000000Z,84243
usdt_eth,2020-05-06T00:00:00.000000000Z,93308
usdt_eth,2020-05-07T00:00:00.000000000Z,94505
usdt_eth,2020-05-08T00:00:00.000000000Z,90525
usdt_eth,2020-05-09T00:00:00.000000000Z,103208
usdt_eth,2020-05-10T00:00:00.000000000Z,96036
usdt_eth,2020-05-11T00:00:00.000000000Z,107212
usdt_eth,2020-05-12T00:00:00.000000000Z,91624
usdt_eth,2020-05-13T00:00:00.000000000Z,94230
usdt_eth,2020-05-14T00:00:00.000000000Z,95317
usdt_eth,2020-05-15T00:00:00.000000000Z,97327
usdt_eth,2020-05-16T00:00:00.000000000Z,88524
usdt_eth,2020-05-17T00:00:00.000000000Z,84771
usdt_eth,2020-05-18T00:00:00.000000000Z,99524
usdt_eth,2020-05-19T00:00:00.000000000Z,98414
usdt_eth,2020-05-20T00:00:00.000000000Z,103865
usdt_eth,2020-05-21T00:00:00.000000000Z,111013
usdt_eth,2020-05-22T00:00:00.000000000Z,118660
usdt_eth,2020-05-23T00:00:00.000000000Z,105512
usdt_eth,2020-05-24T00:00:00.000000000Z,96056
usdt_eth,2020-05-25T00:00:00.000000000Z,122194
usdt_eth,2020-05-26T00:00:00.000000000Z,113741
usdt_eth,2020-05-27T00:00:00.000000000Z,112422
usdt_eth,2020-05-28T00:00:00.000000000Z,111325
usdt_eth,2020-05-29T00:00:00.000000000Z,117697
usdt_eth,2020-05-30T00:00:00.000000000Z,120443
usdt_eth,2020-05-31T00:00:00.000000000Z,109628
usdt_eth,2020-06-01T00:00:00.000000000Z,125107
usdt_eth,2020-06-02T00:00:00.000000000Z,133254
usdt_eth,2020-06-03T00:00:00.000000000Z,107622
usdt_eth,2020-06-04T00:00:00.000000000Z,111897
usdt_eth,2020-06-05T00:00:00.000000000Z,108065
usdt_eth,2020-06-06T00:00:00.000000000Z,190536
usdt_eth,2020-06-07T00:00:00.000000000Z,203776
usdt_eth,2020-06-08T00:00:00.000000000Z,150931
usdt_eth,2020-06-09T00:00:00.000000000Z,122809
usdt_eth,2020-06-10T00:00:00.000000000Z,113730
usdt_eth,2020-06-11T00:00:00.000000000Z,109942
usdt_eth,2020-06-12T00:00:00.000000000Z,128611
usdt_eth,2020-06-13T00:00:00.000000000Z,110638
usdt_eth,2020-06-14T00:00:00.000000000Z,97998
usdt_eth,2020-06-15T00:00:00.000000000Z,121608
usdt_eth,2020-06-16T00:00:00.000000000Z,127389
usdt_eth,2020-06-17T00:00:00.000000000Z,118756
usdt_eth,2020-06-18T00:00:00.000000000Z,127743
usdt_eth,2020-06-19T00:00:00.000000000Z,131298
usdt_eth,2020-06-20T00:00:00.000000000Z,129529
usdt_eth,2020-06-21T00:00:00.000000000Z,131027
usdt_eth,2020-06-22T00:00:00.000000000Z,152092
usdt_eth,2020-06-23T00:00:00.000000000Z,180183
usdt_eth,2020-06-24T00:00:00.000000000Z,129810
usdt_eth,2020-06-25T00:00:00.000000000Z,130762
usdt_eth,2020-06-26T00:00:00.000000000Z,130810
usdt_eth,2020-06-27T00:00:00.000000000Z,125771
usdt_eth,2020-06-28T00:00:00.000000000Z,111437
usdt_eth,2020-06-29T00:00:00.000000000Z,101529
usdt_eth,2020-06-30T00:00:00.000000000Z,139395
usdt_eth,2020-07-01T00:00:00.000000000Z,120608
usdt_eth,2020-07-02T00:00:00.000000000Z,117125
usdt_eth,2020-07-03T00:00:00.000000000Z,113176
usdt_eth,2020-07-04T00:00:00.000000000Z,103090
usdt_eth,2020-07-05T00:00:00.000000000Z,86898
usdt_eth,2020-07-06T00:00:00.000000000Z,108023
usdt_eth,2020-07-07T00:00:00.000000000Z,118023
usdt_eth,2020-07-08T00:00:00.000000000Z,127354
usdt_eth,2020-07-09T00:00:00.000000000Z,116719
usdt_eth,2020-07-10T00:00:00.000000000Z,107806
usdt_eth,2020-07-11T00:00:00.000000000Z,100948
usdt_eth,2020-07-12T00:00:00.000000000Z,108058
usdt_eth,2020-07-13T00:00:00.000000000Z,124399
usdt_eth,2020-07-14T00:00:00.000000000Z,115690
usdt_eth,2020-07-15T00:00:00.000000000Z,120370
usdt_eth,2020-07-16T00:00:00.000000000Z,112273
usdt_eth,2020-07-17T00:00:00.000000000Z,106829
usdt_eth,2020-07-18T00:00:00.000000000Z,95240
usdt_eth,2020-07-19T00:00:00.000000000Z,90603
usdt_eth,2020-07-20T00:00:00.000000000Z,112830
usdt_eth,2020-07-21T00:00:00.000000000Z,110190
usdt_eth,2020-07-22T00:00:00.000000000Z,106753
usdt_eth,2020-07-23T00:00:00.000000000Z,105430
usdt_eth,2020-07-24T00:00:00.000000000Z,106703
usdt_eth,2020-07-25T00:00:00.000000000Z,96772
usdt_eth,2020-07-26T00:00:00.000000000Z,107387
usdt_eth,2020-07-27T00:00:00.000000000Z,126862
usdt_eth,2020-07-28T00:00:00.000000000Z,136917
usdt_eth,2020-07-29T00:00:00.000000000Z,116749
usdt_eth,2020-07-30T00:00:00.000000000Z,118394
usdt_eth,2020-07-31T00:00:00.000000000Z,120160
usdt_eth,2020-08-01T00:00:00.000000000Z,116140
usdt_eth,2020-08-02T00:00:00.000000000Z,115948
usdt_eth,2020-08-03T00:00:00.000000000Z,121435
usdt_eth,2020-08-04T00:00:00.000000000Z,119289
usdt_eth,2020-08-05T00:00:00.000000000Z,124868
usdt_eth,2020-08-06T00:00:00.000000000Z,129084
usdt_eth,2020-08-07T00:00:00.000000000Z,136539
usdt_eth,2020-08-08T00:00:00.000000000Z,121119
usdt_eth,2020-08-09T00:00:00.000000000Z,117333
usdt_eth,2020-08-10T00:00:00.000000000Z,133173
usdt_eth,2020-08-11T00:00:00.000000000Z,129796
usdt_eth,2020-08-12T00:00:00.000000000Z,118349
usdt_eth,2020-08-13T00:00:00.000000000Z,129103
usdt_eth,2020-08-14T00:00:00.000000000Z,123369
usdt_eth,2020-08-15T00:00:00.000000000Z,125046
usdt_eth,2020-08-16T00:00:00.000000000Z,111774
usdt_eth,2020-08-17T00:00:00.000000000Z,125625
usdt_eth,2020-08-18T00:00:00.000000000Z,128665
usdt_eth,2020-08-19T00:00:00.000000000Z,136669
usdt_eth,2020-08-20T00:00:00.000000000Z,114049
usdt_eth,2020-08-21T00:00:00.000000000Z,104974
usdt_eth,2020-08-22T00:00:00.000000000Z,121638
usdt_eth,2020-08-23T00:00:00.000000000Z,148612
usdt_eth,2020-08-24T00:00:00.000000000Z,142306
usdt_eth,2020-08-25T00:00:00.000000000Z,126130
usdt_eth,2020-08-26T00:00:00.000000000Z,132854
usdt_eth,2020-08-27T00:00:00.000000000Z,136239
usdt_eth,2020-08-28T00:00:00.000000000Z,117727
usdt_eth,2020-08-29T00:00:00.000000000Z,107789
usdt_eth,2020-08-30T00:00:00.000000000Z,96779
usdt_eth,2020-08-31T00:00:00.000000000Z,124066
usdt_eth,2020-09-01T00:00:00.000000000Z,115348
usdt_eth,2020-09-02T00:00:00.000000000Z,111937
usdt_eth,2020-09-03T00:00:00.000000000Z,110791
usdt_eth,2020-09-04T00:00:00.000000000Z,116755
usdt_eth,2020-09-05T00:00:00.000000000Z,100977
usdt_eth,2020-09-06T00:00:00.000000000Z,96418
usdt_eth,2020-09-07T00:00:00.000000000Z,111948
usdt_eth,2020-09-08T00:00:00.000000000Z,106258
usdt_eth,2020-09-09T00:00:00.000000000Z,105254
usdt_eth,2020-09-10T00:00:00.000000000Z,109804
usdt_eth,2020-09-11T00:00:00.000000000Z,103552
usdt_eth,2020-09-12T00:00:00.000000000Z,95327
usdt_eth,2020-09-13T00:00:00.000000000Z,97462
usdt_eth,2020-09-14T00:00:00.000000000Z,105992
usdt_eth,2020-09-15T00:00:00.000000000Z,115130
usdt_eth,2020-09-16T00:00:00.000000000Z,111090
usdt_eth,2020-09-17T00:00:00.000000000Z,96242
usdt_eth,2020-09-18T00:00:00.000000000Z,121069
usdt_eth,2020-09-19T00:00:00.000000000Z,110904
usdt_eth,2020-09-20T00:00:00.000000000Z,120921
usdt_eth,2020-09-21T00:00:00.000000000Z,125311
usdt_eth,2020-09-22T00:00:00.000000000Z,114431
usdt_eth,2020-09-23T00:00:00.000000000Z,110986
usdt_eth,2020-09-24T00:00:00.000000000Z,119725
usdt_eth,2020-09-25T00:00:00.000000000Z,113090
usdt_eth,2020-09-26T00:00:00.000000000Z,104479
usdt_eth,2020-09-27T00:00:00.000000000Z,88067
usdt_eth,2020-09-28T00:00:00.000000000Z,106037
usdt_eth,2020-09-29T00:00:00.000000000Z,119279
usdt_eth,2020-09-30T00:00:00.000000000Z,132360
usdt_eth,2020-10-01T00:00:00.000000000Z,91211
usdt_eth,2020-10-02T00:00:00.000000000Z,89528
usdt_eth,2020-10-03T00:00:00.000000000Z,88652
usdt_eth,2020-10-04T00:00:00.000000000Z,81991
usdt_eth,2020-10-05T00:00:00.000000000Z,94975
usdt_eth,2020-10-06T00:00:00.000000000Z,100794
usdt_eth,2020-10-07T00:00:00.000000000Z,105194
usdt_eth,2020-10-08T00:00:00.000000000Z,104846
usdt_eth,2020-10-09T00:00:00.000000000Z,118860
usdt_eth,2020-10-10T00:00:00.000000000Z,123895
usdt_eth,2020-10-11T00:00:00.000000000Z,123807
usdt_eth,2020-10-12T00:00:00.000000000Z,121077
usdt_eth,2020-10-13T00:00:00.000000000Z,129651
usdt_eth,2020-10-14T00:00:00.000000000Z,129204
usdt_eth,2020-10-15T00:00:00.000000000Z,132067
usdt_eth,2020-10-16T00:00:00.000000000Z,127557
usdt_eth,2020-10-17T00:00:00.000000000Z,127030
usdt_eth,2020-10-18T00:00:00.000000000Z,137563
usdt_eth,2020-10-19T00:00:00.000000000Z,134790
usdt_eth,2020-10-20T00:00:00.000000000Z,129971
usdt_eth,2020-10-21T00:00:00.000000000Z,124045
usdt_eth,2020-10-22T00:00:00.000000000Z,136700
usdt_eth,2020-10-23T00:00:00.000000000Z,136069
usdt_eth,2020-10-24T00:00:00.000000000Z,105775
usdt_eth,2020-10-25T00:00:00.000000000Z,91409
usdt_eth,2020-10-26T00:00:00.000000000Z,98827
usdt_eth,2020-10-27T00:00:00.000000000Z,98897
usdt_eth,2020-10-28T00:00:00.000000000Z,108202
usdt_eth,2020-10-29T00:00:00.000000000Z,93854
usdt_eth,2020-10-30T00:00:00.000000000Z,102895
usdt_eth,2020-10-31T00:00:00.000000000Z,90234
usdt_eth,2020-11-01T00:00:00.000000000Z,84749
usdt_eth,2020-11-02T00:00:00.000000000Z,111067
usdt_eth,2020-11-03T00:00:00.000000000Z,105815
usdt_eth,2020-11-04T00:00:00.000000000Z,103281
usdt_eth,2020-11-05T00:00:00.000000000Z,104030
usdt_eth,2020-11-06T00:00:00.000000000Z,115814
usdt_eth,2020-11-07T00:00:00.000000000Z,110764
usdt_eth,2020-11-08T00:00:00.000000000Z,92290
usdt_eth,2020-11-09T00:00:00.000000000Z,118466
usdt_eth,2020-11-10T00:00:00.000000000Z,111944
usdt_eth,2020-11-11T00:00:00.000000000Z,125424
usdt_eth,2020-11-12T00:00:00.000000000Z,137413
usdt_eth,2020-11-13T00:00:00.000000000Z,132323
usdt_eth,2020-11-14T00:00:00.000000000Z,119169
usdt_eth,2020-11-15T00:00:00.000000000Z,108961
usdt_eth,2020-11-16T00:00:00.000000000Z,119493
usdt_eth,2020-11-17T00:00:00.000000000Z,128810
usdt_eth,2020-11-18T00:00:00.000000000Z,108942
usdt_eth,2020-11-19T00:00:00.000000000Z,106280
usdt_eth,2020-11-20T00:00:00.000000000Z,111810
usdt_eth,2020-11-21T00:00:00.000000000Z,101469
usdt_eth,2020-11-22T00:00:00.000000000Z,94971
usdt_eth,2020-11-23T00:00:00.000000000Z,121035
usdt_eth,2020-11-24T00:00:00.000000000Z,123106
usdt_eth,2020-11-25T00:00:00.000000000Z,119775
usdt_eth,2020-11-26T00:00:00.000000000Z,125897
usdt_eth,2020-11-27T00:00:00.000000000Z,117320
usdt_eth,2020-11-28T00:00:00.000000000Z,93806
usdt_eth,2020-11-29T00:00:00.000000000Z,91276
usdt_eth,2020-11-30T00:00:00.000000000Z,121890
usdt_eth,2020-12-01T00:00:00.000000000Z,120192
usdt_eth,2020-12-02T00:00:00.000000000Z,97188
usdt_eth,2020-12-03T00:00:00.000000000Z,94249
usdt_eth,2020-12-04T00:00:00.000000000Z,97889
usdt_eth,2020-12-05T00:00:00.000000000Z,83693
usdt_eth,2020-12-06T00:00:00.000000000Z,82776
usdt_eth,2020-12-07T00:00:00.000000000Z,97237
usdt_eth,2020-12-08T00:00:00.000000000Z,99011
usdt_eth,2020-12-09T00:00:00.000000000Z,106232
usdt_eth,2020-12-10T00:00:00.000000000Z,102696
usdt_eth,2020-12-11T00:00:00.000000000Z,99364
usdt_eth,2020-12-12T00:00:00.000000000Z,95021
usdt_eth,2020-12-13T00:00:00.000000000Z,108655
usdt_eth,2020-12-14T00:00:00.000000000Z,134291
usdt_eth,2020-12-15T00:00:00.000000000Z,139760
usdt_eth,2020-12-16T00:00:00.000000000Z,159475
usdt_eth,2020-12-17T00:00:00.000000000Z,151229
usdt_eth,2020-12-18T00:00:00.000000000Z,149288
usdt_eth,2020-12-19T00:00:00.000000000Z,103565
usdt_eth,2020-12-20T00:00:00.000000000Z,102314
usdt_eth,2020-12-21T00:00:00.000000000Z,110045
usdt_eth,2020-12-22T00:00:00.000000000Z,112422
usdt_eth,2020-12-23T00:00:00.000000000Z,113589
usdt_eth,2020-12-24T00:00:00.000000000Z,118617
usdt_eth,2020-12-25T00:00:00.000000000Z,110113
usdt_eth,2020-12-26T00:00:00.000000000Z,115560
usdt_eth,2020-12-27T00:00:00.000000000Z,112271
usdt_eth,2020-12-28T00:00:00.000000000Z,127054
usdt_eth,2020-12-29T00:00:00.000000000Z,124969
usdt_eth,2020-12-30T00:00:00.000000000Z,118137
usdt_eth,2020-12-31T00:00:00.000000000Z,109617
usdt_eth,2021-01-01T00:00:00.000000000Z,101339
usdt_eth,2021-01-02T00:00:00.000000000Z,107307
usdt_eth,2021-01-03T00:00:00.000000000Z,109927
usdt_eth,2021-01-04T00:00:00.000000000Z,116448
usdt_eth,2021-01-05T00:00:00.000000000Z,122841
usdt_eth,2021-01-06T00:00:00.000000000Z,125977
usdt_eth,2021-01-07T00:00:00.000000000Z,120952
usdt_eth,2021-01-08T00:00:00.000000000Z,115153
usdt_eth,2021-01-09T00:00:00.000000000Z,105506
usdt_eth,2021-01-10T00:00:00.000000000Z,110517
usdt_eth,2021-01-11T00:00:00.000000000Z,121243
usdt_eth,2021-01-12T00:00:00.000000000Z,117371
usdt_eth,2021-01-13T00:00:00.000000000Z,115243
usdt_eth,2021-01-14T00:00:00.000000000Z,125184
usdt_eth,2021-01-15T00:00:00.000000000Z,119903
usdt_eth,2021-01-16T00:00:00.000000000Z,103529
usdt_eth,2021-01-17T00:00:00.000000000Z,95552
usdt_eth,2021-01-18T00:00:00.000000000Z,115840
usdt_eth,2021-01-19T00:00:00.000000000Z,106006
usdt_eth,2021-01-20T00:00:00.000000000Z,108559
usdt_eth,2021-01-21T00:00:00.000000000Z,105291
usdt_eth,2021-01-22T00:00:00.000000000Z,105716
usdt_eth,2021-01-23T00:00:00.000000000Z,96474
usdt_eth,2021-01-24T00:00:00.000000000Z,87742
usdt_eth,2021-01-25T00:00:00.000000000Z,103801
usdt_eth,2021-01-26T00:00:00.000000000Z,110140
usdt_eth,2021-01-27T00:00:00.000000000Z,100749
usdt_eth,2021-01-28T00:00:00.000000000Z,106406
usdt_eth,2021-01-29T00:00:00.000000000Z,118706
usdt_eth,2021-01-30T00:00:00.000000000Z,95634
usdt_eth,2021-01-31T00:00:00.000000000Z,94898
usdt_eth,2021-02-01T00:00:00.000000000Z,109551
usdt_eth,2021-02-02T00:00:00.000000000Z,108180
usdt_eth,2021-02-03T00:00:00.000000000Z,106081
usdt_eth,2021-02-04T00:00:00.000000000Z,105595
usdt_eth,2021-02-05T00:00:00.000000000Z,99469
usdt_eth,2021-02-06T00:00:00.000000000Z,92371
usdt_eth,2021-02-07T00:00:00.000000000Z,92759
usdt_eth,2021-02-08T00:00:00.000000000Z,109133
usdt_eth,2021-02-09T00:00:00.000000000Z,108940
usdt_eth,2021-02-10T00:00:00.000000000Z,104938
usdt_eth,2021-02-11T00:00:00.000000000Z,90298
usdt_eth,2021-02-12T00:00:00.000000000Z,82326
usdt_eth,2021-02-13T00:00:00.000000000Z,71909
usdt_eth,2021-02-14T00:00:00.000000000Z,75816
usdt_eth,2021-02-15T00:00:00.000000000Z,88102
usdt_eth,2021-02-16T00:00:00.000000000Z,80069
usdt_eth,2021-02-17T00:00:00.000000000Z,86931
usdt_eth,2021-02-18T00:00:00.000000000Z,96134
usdt_eth,2021-02-19T00:00:00.000000000Z,101240
usdt_eth,2021-02-20T00:00:00.000000000Z,105504
usdt_eth,2021-02-21T00:00:00.000000000Z,93411
usdt_eth,2021-02-22T00:00:00.000000000Z,101488
usdt_eth,2021-02-23T00:00:00.000000000Z,97820
usdt_eth,2021-02-24T00:00:00.000000000Z,95578
usdt_eth,2021-02-25T00:00:00.000000000Z,86091
usdt_eth,2021-02-26T00:00:00.000000000Z,87309
usdt_eth,2021-02-27T00:00:00.000000000Z,73193
usdt_eth,2021-02-28T00:00:00.000000000Z,80179
usdt_eth,2021-03-01T00:00:00.000000000Z,88351
usdt_eth,2021-03-02T00:00:00.000000000Z,92147
usdt_eth,2021-03-03T00:00:00.000000000Z,84775
usdt_eth,2021-03-04T00:00:00.000000000Z,81339
usdt_eth,2021-03-05T00:00:00.000000000Z,78805
usdt_eth,2021-03-06T00:00:00.000000000Z,70090
usdt_eth,2021-03-07T00:00:00.000000000Z,64695
usdt_eth,2021-03-08T00:00:00.000000000Z,80328
usdt_eth,2021-03-09T00:00:00.000000000Z,86540
usdt_eth,2021-03-10T00:00:00.000000000Z,84977
usdt_eth,2021-03-11T00:00:00.000000000Z,84616
usdt_eth,2021-03-12T00:00:00.000000000Z,89843
usdt_eth,2021-03-13T00:00:00.000000000Z,78689
usdt_eth,2021-03-14T00:00:00.000000000Z,93271
usdt_eth,2021-03-15T00:00:00.000000000Z,91382
usdt_eth,2021-03-16T00:00:00.000000000Z,96939
usdt_eth,2021-03-17T00:00:00.000000000Z,88981
usdt_eth,2021-03-18T00:00:00.000000000Z,92061
usdt_eth,2021-03-19T00:00:00.000000000Z,93197
usdt_eth,2021-03-20T00:00:00.000000000Z,79615
usdt_eth,2021-03-21T00:00:00.000000000Z,78057
usdt_eth,2021-03-22T00:00:00.000000000Z,96172
usdt_eth,2021-03-23T00:00:00.000000000Z,99392
usdt_eth,2021-03-24T00:00:00.000000000Z,96353
usdt_eth,2021-03-25T00:00:00.000000000Z,100062
usdt_eth,2021-03-26T00:00:00.000000000Z,85815
usdt_eth,2021-03-27T00:00:00.000000000Z,77677
usdt_eth,2021-03-28T00:00:00.000000000Z,68501
usdt_eth,2021-03-29T00:00:00.000000000Z,87962
usdt_eth,2021-03-30T00:00:00.000000000Z,87357
usdt_eth,2021-03-31T00:00:00.000000000Z,90850
usdt_eth,2021-04-01T00:00:00.000000000Z,91635
usdt_eth,2021-04-02T00:00:00.000000000Z,102567
usdt_eth,2021-04-03T00:00:00.000000000Z,81223
usdt_eth,2021-04-04T00:00:00.000000000Z,75111
usdt_eth,2021-04-05T00:00:00.000000000Z,87273
usdt_eth,2021-04-06T00:00:00.000000000Z,96492
usdt_eth,2021-04-07T00:00:00.000000000Z,98890
usdt_eth,2021-04-08T00:00:00.000000000Z,94274
usdt_eth,2021-04-09T00:00:00.000000000Z,94688
usdt_eth,2021-04-10T00:00:00.000000000Z,84949
usdt_eth,2021-04-11T00:00:00.000000000Z,89652
usdt_eth,2021-04-12T00:00:00.000000000Z,117681
usdt_eth,2021-04-13T00:00:00.000000000Z,110211
usdt_eth,2021-04-14T00:00:00.000000000Z,128574
usdt_eth,2021-04-15T00:00:00.000000000Z,90692
usdt_eth,2021-04-16T00:00:00.000000000Z,114146
usdt_eth,2021-04-17T00:00:00.000000000Z,94855
usdt_eth,2021-04-18T00:00:00.000000000Z,102510
usdt_eth,2021-04-19T00:00:00.000000000Z,111069
usdt_eth,2021-04-20T00:00:00.000000000Z,118034
usdt_eth,2021-04-21T00:00:00.000000000Z,121502
usdt_eth,2021-04-22T00:00:00.000000000Z,107826
usdt_eth,2021-04-23T00:00:00.000000000Z,115217
usdt_eth,2021-04-24T00:00:00.000000000Z,89139
usdt_eth,2021-04-25T00:00:00.000000000Z,100414
usdt_eth,2021-04-26T00:00:00.000000000Z,102832
usdt_eth,2021-04-27T00:00:00.000000000Z,99070
usdt_eth,2021-04-28T00:00:00.000000000Z,95275
usdt_eth,2021-04-29T00:00:00.000000000Z,115003
usdt_eth,2021-04-30T00:00:00.000000000Z,105579
usdt_eth,2021-05-01T00:00:00.000000000Z,97306
usdt_eth,2021-05-02T00:00:00.000000000Z,85745
usdt_eth,2021-05-03T00:00:00.000000000Z,95263
usdt_eth,2021-05-04T00:00:00.000000000Z,109799
usdt_eth,2021-05-05T00:00:00.000000000Z,119723
usdt_eth,2021-05-06T00:00:00.000000000Z,126917
usdt_eth,2021-05-07T00:00:00.000000000Z,129103
usdt_eth,2021-05-08T00:00:00.000000000Z,123331
usdt_eth,2021-05-09T00:00:00.000000000Z,127098
usdt_eth,2021-05-10T00:00:00.000000000Z,135423
usdt_eth,2021-05-11T00:00:00.000000000Z,128530
usdt_eth,2021-05-12T00:00:00.000000000Z,118565
usdt_eth,2021-05-13T00:00:00.000000000Z,139794
usdt_eth,2021-05-14T00:00:00.000000000Z,131330
usdt_eth,2021-05-15T00:00:00.000000000Z,105192
usdt_eth,2021-05-16T00:00:00.000000000Z,94009
usdt_eth,2021-05-17T00:00:00.000000000Z,114619
usdt_eth,2021-05-18T00:00:00.000000000Z,97601
usdt_eth,2021-05-19T00:00:00.000000000Z,104945
usdt_eth,2021-05-20T00:00:00.000000000Z,111291
usdt_eth,2021-05-21T00:00:00.000000000Z,100253
usdt_eth,2021-05-22T00:00:00.000000000Z,93745
usdt_eth,2021-05-23T00:00:00.000000000Z,89999
usdt_eth,2021-05-24T00:00:00.000000000Z,100483
usdt_eth,2021-05-25T00:00:00.000000000Z,97942
usdt_eth,2021-05-26T00:00:00.000000000Z,95043
usdt_eth,2021-05-27T00:00:00.000000000Z,90480
usdt_eth,2021-05-28T00:00:00.000000000Z,89658
usdt_eth,2021-05-29T00:00:00.000000000Z,83869
usdt_eth,2021-05-30T00:00:00.000000000Z,143948
usdt_eth,2021-05-31T00:00:00.000000000Z,107937
usdt_eth,2021-06-01T00:00:00.000000000Z,102659
usdt_eth,2021-06-02T00:00:00.000000000Z,109548
usdt_eth,2021-06-03T00:00:00.000000000Z,99665
usdt_eth,2021-06-04T00:00:00.000000000Z,109560
usdt_eth,2021-06-05T00:00:00.000000000Z,88049
usdt_eth,2021-06-06T00:00:00.000000000Z,74209
usdt_eth,2021-06-07T00:00:00.000000000Z,96564
usdt_eth,2021-06-08T00:00:00.000000000Z,98539
usdt_eth,2021-06-09T00:00:00.000000000Z,90580
usdt_eth,2021-06-10T00:00:00.000000000Z,86852
usdt_eth,2021-06-11T00:00:00.000000000Z,85517
usdt_eth,2021-06-12T00:00:00.000000000Z,75054
usdt_eth,2021-06-13T00:00:00.000000000Z,74846
usdt_eth,2021-06-14T00:00:00.000000000Z,90438
usdt_eth,2021-06-15T00:00:00.000000000Z,87801
usdt_eth,2021-06-16T00:00:00.000000000Z,86182
usdt_eth,2021-06-17T00:00:00.000000000Z,101037
usdt_eth,2021-06-18T00:00:00.000000000Z,95091
usdt_eth,2021-06-19T00:00:00.000000000Z,71847
usdt_eth,2021-06-20T00:00:00.000000000Z,70661
usdt_eth,2021-06-21T00:00:00.000000000Z,95204
usdt_eth,2021-06-22T00:00:00.000000000Z,105266
usdt_eth,2021-06-23T00:00:00.000000000Z,90534
usdt_eth,2021-06-24T00:00:00.000000000Z,91895
usdt_eth,2021-06-25T00:00:00.000000000Z,101681
usdt_eth,2021-06-26T00:00:00.000000000Z,87461
usdt_eth,2021-06-27T00:00:00.000000000Z,69159
usdt_eth,2021-06-28T00:00:00.000000000Z,84876
usdt_eth,2021-06-29T00:00:00.000000000Z,91624
usdt_eth,2021-06-30T00:00:00.000000000Z,84913
usdt_eth,2021-07-01T00:00:00.000000000Z,85698
usdt_eth,2021-07-02T00:00:00.000000000Z,87102
usdt_eth,2021-07-03T00:00:00.000000000Z,80650
usdt_eth,2021-07-04T00:00:00.000000000Z,72770
usdt_eth,2021-07-05T00:00:00.000000000Z,85874
usdt_eth,2021-07-06T00:00:00.000000000Z,82005
usdt_eth,2021-07-07T00:00:00.000000000Z,86368
usdt_eth,2021-07-08T00:00:00.000000000Z,89798
usdt_eth,2021-07-09T00:00:00.000000000Z,90792
usdt_eth,2021-07-10T00:00:00.000000000Z,72465
usdt_eth,2021-07-11T00:00:00.000000000Z,70157
usdt_eth,2021-07-12T00:00:00.000000000Z,84323
usdt_eth,2021-07-13T00:00:00.000000000Z,75673
usdt_eth,2021-07-14T00:00:00.000000000Z,80805
usdt_eth,2021-07-15T00:00:00.000000000Z,76250
usdt_eth,2021-07-16T00:00:00.000000000Z,76043
usdt_eth,2021-07-17T00:00:00.000000000Z,64004
usdt_eth,2021-07-18T00:00:00.000000000Z,60039
usdt_eth,2021-07-19T00:00:00.000000000Z,78127
usdt_eth,2021-07-20T00:00:00.000000000Z,80624
usdt_eth,2021-07-21T00:00:00.000000000Z,78582
usdt_eth,2021-07-22T00:00:00.000000000Z,69650
usdt_eth,2021-07-23T00:00:00.000000000Z,70941
usdt_eth,2021-07-24T00:00:00.000000000Z,67421
usdt_eth,2021-07-25T00:00:00.000000000Z,59747
usdt_eth,2021-07-26T00:00:00.000000000Z,83532
usdt_eth,2021-07-27T00:00:00.000000000Z,82922
usdt_eth,2021-07-28T00:00:00.000000000Z,76690
usdt_eth,2021-07-29T00:00:00.000000000Z,84502
usdt_eth,2021-07-30T00:00:00.000000000Z,84118
usdt_eth,2021-07-31T00:00:00.000000000Z,69142
usdt_eth,2021-08-01T00:00:00.000000000Z,65852
usdt_eth,2021-08-02T00:00:00.000000000Z,96790
usdt_eth,2021-08-03T00:00:00.000000000Z,75900
usdt_eth,2021-08-04T00:00:00.000000000Z,79219
usdt_eth,2021-08-05T00:00:00.000000000Z,66023
usdt_eth,2021-08-06T00:00:00.000000000Z,75639
usdt_eth,2021-08-07T00:00:00.000000000Z,75020
usdt_eth,2021-08-08T00:00:00.000000000Z,61670
usdt_eth,2021-08-09T00:00:00.000000000Z,72799
usdt_eth,2021-08-10T00:00:00.000000000Z,76857
usdt_eth,2021-08-11T00:00:00.000000000Z,80344
usdt_eth,2021-08-12T00:00:00.000000000Z,77622
usdt_eth,2021-08-13T00:00:00.000000000Z,77428
usdt_eth,2021-08-14T00:00:00.000000000Z,66925
usdt_eth,2021-08-15T00:00:00.000000000Z,62163
usdt_eth,2021-08-16T00:00:00.000000000Z,79249
usdt_eth,2021-08-17T00:00:00.000000000Z,79223
usdt_eth,2021-08-18T00:00:00.000000000Z,75879
usdt_eth,2021-08-19T00:00:00.000000000Z,79937
usdt_eth,2021-08-20T00:00:00.000000000Z,84548
usdt_eth,2021-08-21T00:00:00.000000000Z,68560
usdt_eth,2021-08-22T00:00:00.000000000Z,65313
usdt_eth,2021-08-23T00:00:00.000000000Z,80062
usdt_eth,2021-08-24T00:00:00.000000000Z,76912
usdt_eth,2021-08-25T00:00:00.000000000Z,77999
usdt_eth,2021-08-26T00:00:00.000000000Z,73025
usdt_eth,2021-08-27T00:00:00.000000000Z,69968
usdt_eth,2021-08-28T00:00:00.000000000Z,60770
usdt_eth,2021-08-29T00:00:00.000000000Z,56096
usdt_eth,2021-08-30T00:00:00.000000000Z,70921
usdt_eth,2021-08-31T00:00:00.000000000Z,74395
usdt_eth,2021-09-01T00:00:00.000000000Z,80548
usdt_eth,2021-09-02T00:00:00.000000000Z,85267
usdt_eth,2021-09-03T00:00:00.000000000Z,76842
usdt_eth,2021-09-04T00:00:00.000000000Z,64046
usdt_eth,2021-09-05T00:00:00.000000000Z,63267
usdt_eth,2021-09-06T00:00:00.000000000Z,78229
usdt_eth,2021-09-07T00:00:00.000000000Z,91866
usdt_eth,2021-09-08T00:00:00.000000000Z,83176
usdt_eth,2021-09-09T00:00:00.000000000Z,78279
usdt_eth,2021-09-10T00:00:00.000000000Z,81981
usdt_eth,2021-09-11T00:00:00.000000000Z,71240
usdt_eth,2021-09-12T00:00:00.000000000Z,59525
usdt_eth,2021-09-13T00:00:00.000000000Z,73396
usdt_eth,2021-09-14T00:00:00.000000000Z,75033
usdt_eth,2021-09-15T00:00:00.000000000Z,73060
usdt_eth,2021-09-16T00:00:00.000000000Z,72034
usdt_eth,2021-09-17T00:00:00.000000000Z,86246
usdt_eth,2021-09-18T00:00:00.000000000Z,61449
usdt_eth,2021-09-19T00:00:00.000000000Z,58686
usdt_eth,2021-09-20T00:00:00.000000000Z,76159
usdt_eth,2021-09-21T00:00:00.000000000Z,72327
usdt_eth,2021-09-22T00:00:00.000000000Z,72255
usdt_eth,2021-09-23T00:00:00.000000000Z,67465
usdt_eth,2021-09-24T00:00:00.000000000Z,72615
usdt_eth,2021-09-25T00:00:00.000000000Z,54242
usdt_eth,2021-09-26T00:00:00.000000000Z,55813
usdt_eth,2021-09-27T00:00:00.000000000Z,65893
usdt_eth,2021-09-28T00:00:00.000000000Z,61820
usdt_eth,2021-09-29T00:00:00.000000000Z,66264
usdt_eth,2021-09-30T00:00:00.000000000Z,63057
usdt_eth,2021-10-01T00:00:00.000000000Z,69786
usdt_eth,2021-10-02T00:00:00.000000000Z,56134
usdt_eth,2021-10-03T00:00:00.000000000Z,55270
usdt_eth,2021-10-04T00:00:00.000000000Z,61886
usdt_eth,2021-10-05T00:00:00.000000000Z,71065
usdt_eth,2021-10-06T00:00:00.000000000Z,69236
usdt_eth,2021-10-07T00:00:00.000000000Z,95345
usdt_eth,2021-10-08T00:00:00.000000000Z,75913
usdt_eth,2021-10-09T00:00:00.000000000Z,65343
usdt_eth,2021-10-10T00:00:00.000000000Z,61202
usdt_eth,2021-10-11T00:00:00.000000000Z,91157
usdt_eth,2021-10-12T00:00:00.000000000Z,72034
usdt_eth,2021-10-13T00:00:00.000000000Z,68444
usdt_eth,2021-10-14T00:00:00.000000000Z,70004
usdt_eth,2021-10-15T00:00:00.000000000Z,71622
usdt_eth,2021-10-16T00:00:00.000000000Z,60382
usdt_eth,2021-10-17T00:00:00.000000000Z,55344
usdt_eth,2021-10-18T00:00:00.000000000Z,71232
usdt_eth,2021-10-19T00:00:00.000000000Z,76318
usdt_eth,2021-10-20T00:00:00.000000000Z,77193
usdt_eth,2021-10-21T00:00:00.000000000Z,80537
usdt_eth,2021-10-22T00:00:00.000000000Z,77549
usdt_eth,2021-10-23T00:00:00.000000000Z,59028
usdt_eth,2021-10-24T00:00:00.000000000Z,66265
usdt_eth,2021-10-25T00:00:00.000000000Z,75764
usdt_eth,2021-10-26T00:00:00.000000000Z,82952
usdt_eth,2021-10-27T00:00:00.000000000Z,88974
usdt_eth,2021-10-28T00:00:00.000000000Z,111646
usdt_eth,2021-10-29T00:00:00.000000000Z,113415
usdt_eth,2021-10-30T00:00:00.000000000Z,93706
usdt_eth,2021-10-31T00:00:00.000000000Z,94065
usdt_eth,2021-11-01T00:00:00.000000000Z,102761
usdt_eth,2021-11-02T00:00:00.000000000Z,104196
usdt_eth,2021-11-03T00:00:00.000000000Z,120977
usdt_eth,2021-11-04T00:00:00.000000000Z,102155
usdt_eth,2021-11-05T00:00:00.000000000Z,92494
usdt_eth,2021-11-06T00:00:00.000000000Z,79627
usdt_eth,2021-11-07T00:00:00.000000000Z,79226
usdt_eth,2021-11-08T00:00:00.000000000Z,97221
usdt_eth,2021-11-09T00:00:00.000000000Z,86263
usdt_eth,2021-11-10T00:00:00.000000000Z,93017
usdt_eth,2021-11-11T00:00:00.000000000Z,86814
usdt_eth,2021-11-12T00:00:00.000000000Z,87696
usdt_eth,2021-11-13T00:00:00.000000000Z,79634
usdt_eth,2021-11-14T00:00:00.000000000Z,74624
usdt_eth,2021-11-15T00:00:00.000000000Z,77647
usdt_eth,2021-11-16T00:00:00.000000000Z,96541
usdt_eth,2021-11-17T00:00:00.000000000Z,82503
usdt_eth,2021-11-18T00:00:00.000000000Z,83793
usdt_eth,2021-11-19T00:00:00.000000000Z,81106
usdt_eth,2021-11-20T00:00:00.000000000Z,66863
usdt_eth,2021-11-21T00:00:00.000000000Z,81617
usdt_eth,2021-11-22T00:00:00.000000000Z,74065
usdt_eth,2021-11-23T00:00:00.000000000Z,79388
usdt_eth,2021-11-24T00:00:00.000000000Z,82973
usdt_eth,2021-11-25T00:00:00.000000000Z,82145
usdt_eth,2021-11-26T00:00:00.000000000Z,85941
usdt_eth,2021-11-27T00:00:00.000000000Z,63428
usdt_eth,2021-11-28T00:00:00.000000000Z,63050
usdt_eth,2021-11-29T00:00:00.000000000Z,73280
usdt_eth,2021-11-30T00:00:00.000000000Z,77209
usdt_eth,2021-12-01T00:00:00.000000000Z,81231
usdt_eth,2021-12-02T00:00:00.000000000Z,79737
usdt_eth,2021-12-03T00:00:00.000000000Z,76345
usdt_eth,2021-12-04T00:00:00.000000000Z,92092
usdt_eth,2021-12-05T00:00:00.000000000Z,77165
usdt_eth,2021-12-06T00:00:00.000000000Z,88211
usdt_eth,2021-12-07T00:00:00.000000000Z,84444
usdt_eth,2021-12-08T00:00:00.000000000Z,82730
usdt_eth,2021-12-09T00:00:00.000000000Z,79554
usdt_eth,2021-12-10T00:00:00.000000000Z,78861
usdt_eth,2021-12-11T00:00:00.000000000Z,67296
usdt_eth,2021-12-12T00:00:00.000000000Z,63076
usdt_eth,2021-12-13T00:00:00.000000000Z,77218
usdt_eth,2021-12-14T00:00:00.000000000Z,79171
usdt_eth,2021-12-15T00:00:00.000000000Z,81179
usdt_eth,2021-12-16T00:00:00.000000000Z,73049
usdt_eth,2021-12-17T00:00:00.000000000Z,70139
usdt_eth,2021-12-18T00:00:00.000000000Z,54171
usdt_eth,2021-12-19T00:00:00.000000000Z,51008
usdt_eth,2021-12-20T00:00:00.000000000Z,66132
usdt_eth,2021-12-21T00:00:00.000000000Z,61976
usdt_eth,2021-12-22T00:00:00.000000000Z,64967
usdt_eth,2021-12-23T00:00:00.000000000Z,66524
usdt_eth,2021-12-24T00:00:00.000000000Z,62665
usdt_eth,2021-12-25T00:00:00.000000000Z,48501
usdt_eth,2021-12-26T00:00:00.000000000Z,49939
usdt_eth,2021-12-27T00:00:00.000000000Z,64839
usdt_eth,2021-12-28T00:00:00.000000000Z,68534
usdt_eth,2021-12-29T00:00:00.000000000Z,67532
usdt_eth,2021-12-30T00:00:00.000000000Z,72232
usdt_eth,2021-12-31T00:00:00.000000000Z,61761
usdt_eth,2022-01-01T00:00:00.000000000Z,47934
usdt_eth,2022-01-02T00:00:00.000000000Z,48528
usdt_eth,2022-01-03T00:00:00.000000000Z,67233
usdt_eth,2022-01-04T00:00:00.000000000Z,68026
usdt_eth,2022-01-05T00:00:00.000000000Z,71868
usdt_eth,2022-01-06T00:00:00.000000000Z,66761
usdt_eth,2022-01-07T00:00:00.000000000Z,63671
usdt_eth,2022-01-08T00:00:00.000000000Z,54157
usdt_eth,2022-01-09T00:00:00.000000000Z,43115
usdt_eth,2022-01-10T00:00:00.000000000Z,53708
usdt_eth,2022-01-11T00:00:00.000000000Z,58788
usdt_eth,2022-01-12T00:00:00.000000000Z,57818
usdt_eth,2022-01-13T00:00:00.000000000Z,54391
usdt_eth,2022-01-14T00:00:00.000000000Z,54028
usdt_eth,2022-01-15T00:00:00.000000000Z,43658
usdt_eth,2022-01-16T00:00:00.000000000Z,42297
usdt_eth,2022-01-17T00:00:00.000000000Z,51812
usdt_eth,2022-01-18T00:00:00.000000000Z,54395
usdt_eth,2022-01-19T00:00:00.000000000Z,53455
usdt_eth,2022-01-20T00:00:00.000000000Z,51109
usdt_eth,2022-01-21T00:00:00.000000000Z,62544
usdt_eth,2022-01-22T00:00:00.000000000Z,66614
usdt_eth,2022-01-23T00:00:00.000000000Z,49113
usdt_eth,2022-01-24T00:00:00.000000000Z,57469
usdt_eth,2022-01-25T00:00:00.000000000Z,54632
usdt_eth,2022-01-26T00:00:00.000000000Z,53449
usdt_eth,2022-01-27T00:00:00.000000000Z,50419
usdt_eth,2022-01-28T00:00:00.000000000Z,49355
usdt_eth,2022-01-29T00:00:00.000000000Z,45061
usdt_eth,2022-01-30T00:00:00.000000000Z,39674
usdt_eth,2022-01-31T00:00:00.000000000Z,46476
usdt_eth,2022-02-01T00:00:00.000000000Z,48557
usdt_eth,2022-02-02T00:00:00.000000000Z,45081
usdt_eth,2022-02-03T00:00:00.000000000Z,46202
usdt_eth,2022-02-04T00:00:00.000000000Z,47846
usdt_eth,2022-02-05T00:00:00.000000000Z,48465
usdt_eth,2022-02-06T00:00:00.000000000Z,37878
usdt_eth,2022-02-07T00:00:00.000000000Z,52019
usdt_eth,2022-02-08T00:00:00.000000000Z,51752
usdt_eth,2022-02-09T00:00:00.000000000Z,53255
usdt_eth,2022-02-10T00:00:00.000000000Z,59197
usdt_eth,2022-02-11T00:00:00.000000000Z,59179
usdt_eth,2022-02-12T00:00:00.000000000Z,42743
usdt_eth,2022-02-13T00:00:00.000000000Z,41910
usdt_eth,2022-02-14T00:00:00.000000000Z,52238
usdt_eth,2022-02-15T00:00:00.000000000Z,52916
usdt_eth,2022-02-16T00:00:00.000000000Z,46687
usdt_eth,2022-02-17T00:00:00.000000000Z,48782
usdt_eth,2022-02-18T00:00:00.000000000Z,46967
usdt_eth,2022-02-19T00:00:00.000000000Z,43409
usdt_eth,2022-02-20T00:00:00.000000000Z,40743
usdt_eth,2022-02-21T00:00:00.000000000Z,46761
usdt_eth,2022-02-22T00:00:00.000000000Z,49111
usdt_eth,2022-02-23T00:00:00.000000000Z,49901
usdt_eth,2022-02-24T00:00:00.000000000Z,61622
usdt_eth,2022-02-25T00:00:00.000000000Z,50266
usdt_eth,2022-02-26T00:00:00.000000000Z,42105
usdt_eth,2022-02-27T00:00:00.000000000Z,41683
usdt_eth,2022-02-28T00:00:00.000000000Z,57668
usdt_eth,2022-03-01T00:00:00.000000000Z,60086
usdt_eth,2022-03-02T00:00:00.000000000Z,52538
usdt_eth,2022-03-03T00:00:00.000000000Z,53153
usdt_eth,2022-03-04T00:00:00.000000000Z,55564
usdt_eth,2022-03-05T00:00:00.000000000Z,43979
usdt_eth,2022-03-06T00:00:00.000000000Z,47123
usdt_eth,2022-03-07T00:00:00.000000000Z,63513
usdt_eth,2022-03-08T00:00:00.000000000Z,69464
usdt_eth,2022-03-09T00:00:00.000000000Z,60400
usdt_eth,2022-03-10T00:00:00.000000000Z,59089
usdt_eth,2022-03-11T00:00:00.000000000Z,53611
usdt_eth,2022-03-12T00:00:00.000000000Z,47766
usdt_eth,2022-03-13T00:00:00.000000000Z,44332
usdt_eth,2022-03-14T00:00:00.000000000Z,59687
usdt_eth,2022-03-15T00:00:00.000000000Z,59228
usdt_eth,2022-03-16T00:00:00.000000000Z,83052
usdt_eth,2022-03-17T00:00:00.000000000Z,59340
usdt_eth,2022-03-18T00:00:00.000000000Z,53142
usdt_eth,2022-03-19T00:00:00.000000000Z,74124
usdt_eth,2022-03-20T00:00:00.000000000Z,48686
usdt_eth,2022-03-21T00:00:00.000000000Z,55730
usdt_eth,2022-03-22T00:00:00.000000000Z,60731
usdt_eth,2022-03-23T00:00:00.000000000Z,61515
usdt_eth,2022-03-24T00:00:00.000000000Z,56684
usdt_eth,2022-03-25T00:00:00.000000000Z,57590
usdt_eth,2022-03-26T00:00:00.000000000Z,43740
usdt_eth,2022-03-27T00:00:00.000000000Z,54326
usdt_eth,2022-03-28T00:00:00.000000000Z,66180
usdt_eth,2022-03-29T00:00:00.000000000Z,66049
usdt_eth,2022-03-30T00:00:00.000000000Z,68116
usdt_eth,2022-03-31T00:00:00.000000000Z,69404
usdt_eth,2022-04-01T00:00:00.000000000Z,64271
usdt_eth,2022-04-02T00:00:00.000000000Z,51031
usdt_eth,2022-04-03T00:00:00.000000000Z,46234
usdt_eth,2022-04-04T00:00:00.000000000Z,56766
usdt_eth,2022-04-05T00:00:00.000000000Z,53990
usdt_eth,2022-04-06T00:00:00.000000000Z,59342
usdt_eth,2022-04-07T00:00:00.000000000Z,57017
usdt_eth,2022-04-08T00:00:00.000000000Z,56516
usdt_eth,2022-04-09T00:00:00.000000000Z,46829
usdt_eth,2022-04-10T00:00:00.000000000Z,41516
usdt_eth,2022-04-11T00:00:00.000000000Z,60024
usdt_eth,2022-04-12T00:00:00.000000000Z,57633
usdt_eth,2022-04-13T00:00:00.000000000Z,50492
usdt_eth,2022-04-14T00:00:00.000000000Z,49472
usdt_eth,2022-04-15T00:00:00.000000000Z,51833
usdt_eth,2022-04-16T00:00:00.000000000Z,42542
usdt_eth,2022-04-17T00:00:00.000000000Z,37990
usdt_eth,2022-04-18T00:00:00.000000000Z,52543
usdt_eth,2022-04-19T00:00:00.000000000Z,53333
usdt_eth,2022-04-20T00:00:00.000000000Z,50359
usdt_eth,2022-04-21T00:00:00.000000000Z,51370
usdt_eth,2022-04-22T00:00:00.000000000Z,51553
usdt_eth,2022-04-23T00:00:00.000000000Z,39916
usdt_eth,2022-04-24T00:00:00.000000000Z,38981
usdt_eth,2022-04-25T00:00:00.000000000Z,54008
usdt_eth,2022-04-26T00:00:00.000000000Z,56126
usdt_eth,2022-04-27T00:00:00.000000000Z,52670
usdt_eth,2022-04-28T00:00:00.000000000Z,54688
usdt_eth,2022-04-29T00:00:00.000000000Z,58834
usdt_eth,2022-04-30T00:00:00.000000000Z,50877
usdt_eth,2022-05-01T00:00:00.000000000Z,42847
usdt_eth,2022-05-02T00:00:00.000000000Z,50636
usdt_eth,2022-05-03T00:00:00.000000000Z,50505
usdt_eth,2022-05-04T00:00:00.000000000Z,54220
usdt_eth,2022-05-05T00:00:00.000000000Z,57161
usdt_eth,2022-05-06T00:00:00.000000000Z,56169
usdt_eth,2022-05-07T00:00:00.000000000Z,49382
usdt_eth,2022-05-08T00:00:00.000000000Z,49940
usdt_eth,2022-05-09T00:00:00.000000000Z,70604
usdt_eth,2022-05-10T00:00:00.000000000Z,79418
usdt_eth,2022-05-11T00:00:00.000000000Z,84544
usdt_eth,2022-05-12T00:00:00.000000000Z,111053
usdt_eth,2022-05-13T00:00:00.000000000Z,90469
usdt_eth,2022-05-14T00:00:00.000000000Z,72917
usdt_eth,2022-05-15T00:00:00.000000000Z,56983
usdt_eth,2022-05-16T00:00:00.000000000Z,66034
usdt_eth,2022-05-17T00:00:00.000000000Z,70677
usdt_eth,2022-05-18T00:00:00.000000000Z,71481
usdt_eth,2022-05-19T00:00:00.000000000Z,53950
usdt_eth,2022-05-20T00:00:00.000000000Z,52829
usdt_eth,2022-05-21T00:00:00.000000000Z,42340
usdt_eth,2022-05-22T00:00:00.000000000Z,39175
usdt_eth,2022-05-23T00:00:00.000000000Z,52884
usdt_eth,2022-05-24T00:00:00.000000000Z,53340
usdt_eth,2022-05-25T00:00:00.000000000Z,57437
usdt_eth,2022-05-26T00:00:00.000000000Z,54045
usdt_eth,2022-05-27T00:00:00.000000000Z,50115
usdt_eth,2022-05-28T00:00:00.000000000Z,45840
usdt_eth,2022-05-29T00:00:00.000000000Z,40389
usdt_eth,2022-05-30T00:00:00.000000000Z,50215
usdt_eth,2022-05-31T00:00:00.000000000Z,52230
usdt_eth,2022-06-01T00:00:00.000000000Z,51899
usdt_eth,2022-06-02T00:00:00.000000000Z,46226
usdt_eth,2022-06-03T00:00:00.000000000Z,43055
usdt_eth,2022-06-04T00:00:00.000000000Z,34968
usdt_eth,2022-06-05T00:00:00.000000000Z,33475
usdt_eth,2022-06-06T00:00:00.000000000Z,46518
usdt_eth,2022-06-07T00:00:00.000000000Z,46681
usdt_eth,2022-06-08T00:00:00.000000000Z,42820
usdt_eth,2022-06-09T00:00:00.000000000Z,43750
usdt_eth,2022-06-10T00:00:00.000000000Z,59437
usdt_eth,2022-06-11T00:00:00.000000000Z,45387
usdt_eth,2022-06-12T00:00:00.000000000Z,43527
usdt_eth,2022-06-13T00:00:00.000000000Z,67693
usdt_eth,2022-06-14T00:00:00.000000000Z,61513
usdt_eth,2022-06-15T00:00:00.000000000Z,68532
usdt_eth,2022-06-16T00:00:00.000000000Z,54069
usdt_eth,2022-06-17T00:00:00.000000000Z,60131
usdt_eth,2022-06-18T00:00:00.000000000Z,62282
usdt_eth,2022-06-19T00:00:00.000000000Z,48746
usdt_eth,2022-06-20T00:00:00.000000000Z,52093
usdt_eth,2022-06-21T00:00:00.000000000Z,50981
usdt_eth,2022-06-22T00:00:00.000000000Z,56468
usdt_eth,2022-06-23T00:00:00.000000000Z,48409
usdt_eth,2022-06-24T00:00:00.000000000Z,49489
usdt_eth,2022-06-25T00:00:00.000000000Z,37165
usdt_eth,2022-06-26T00:00:00.000000000Z,32943
usdt_eth,2022-06-27T00:00:00.000000000Z,49631
usdt_eth,2022-06-28T00:00:00.000000000Z,50556
usdt_eth,2022-06-29T00:00:00.000000000Z,49300
usdt_eth,2022-06-30T00:00:00.000000000Z,51762
usdt_eth,2022-07-01T00:00:00.000000000Z,63882
usdt_eth,2022-07-02T00:00:00.000000000Z,47518
usdt_eth,2022-07-03T00:00:00.000000000Z,41118
usdt_eth,2022-07-04T00:00:00.000000000Z,58174
usdt_eth,2022-07-05T00:00:00.000000000Z,64045
usdt_eth,2022-07-06T00:00:00.000000000Z,68716
usdt_eth,2022-07-07T00:00:00.000000000Z,57808
usdt_eth,2022-07-08T00:00:00.000000000Z,55091
usdt_eth,2022-07-09T00:00:00.000000000Z,46499
usdt_eth,2022-07-10T00:00:00.000000000Z,43049
usdt_eth,2022-07-11T00:00:00.000000000Z,54188
usdt_eth,2022-07-12T00:00:00.000000000Z,53674
usdt_eth,2022-07-13T00:00:00.000000000Z,50222
usdt_eth,2022-07-14T00:00:00.000000000Z,49781
usdt_eth,2022-07-15T00:00:00.000000000Z,53020
usdt_eth,2022-07-16T00:00:00.000000000Z,44959
usdt_eth,2022-07-17T00:00:00.000000000Z,36563
usdt_eth,2022-07-18T00:00:00.000000000Z,52590
usdt_eth,2022-07-19T00:00:00.000000000Z,54428
usdt_eth,2022-07-20T00:00:00.000000000Z,56164
usdt_eth,2022-07-21T00:00:00.000000000Z,52628
usdt_eth,2022-07-22T00:00:00.000000000Z,58484
usdt_eth,2022-07-23T00:00:00.000000000Z,46655
usdt_eth,2022-07-24T00:00:00.000000000Z,41929
usdt_eth,2022-07-25T00:00:00.000000000Z,56447
usdt_eth,2022-07-26T00:00:00.000000000Z,95764
usdt_eth,2022-07-27T00:00:00.000000000Z,84405
usdt_eth,2022-07-28T00:00:00.000000000Z,57492
usdt_eth,2022-07-29T00:00:00.000000000Z,58398
usdt_eth,2022-07-30T00:00:00.000000000Z,50212
usdt_eth,2022-07-31T00:00:00.000000000Z,52711
usdt_eth,2022-08-01T00:00:00.000000000Z,72936
usdt_eth,2022-08-02T00:00:00.000000000Z,92173
usdt_eth,2022-08-03T00:00:00.000000000Z,96273
usdt_eth,2022-08-04T00:00:00.000000000Z,68480
usdt_eth,2022-08-05T00:00:00.000000000Z,62879
usdt_eth,2022-08-06T00:00:00.000000000Z,59650
usdt_eth,2022-08-07T00:00:00.000000000Z,60541
usdt_eth,2022-08-08T00:00:00.000000000Z,58641
usdt_eth,2022-08-09T00:00:00.000000000Z,55187
usdt_eth,2022-08-10T00:00:00.000000000Z,55585
usdt_eth,2022-08-11T00:00:00.000000000Z,55945
usdt_eth,2022-08-12T00:00:00.000000000Z,60284
usdt_eth,2022-08-13T00:00:00.000000000Z,50769
usdt_eth,2022-08-14T00:00:00.000000000Z,48182
usdt_eth,2022-08-15T00:00:00.000000000Z,57166
usdt_eth,2022-08-16T00:00:00.000000000Z,56369
usdt_eth,2022-08-17T00:00:00.000000000Z,58789
usdt_eth,2022-08-18T00:00:00.000000000Z,57206
usdt_eth,2022-08-19T00:00:00.000000000Z,61321
usdt_eth,2022-08-20T00:00:00.000000000Z,47446
usdt_eth,2022-08-21T00:00:00.000000000Z,46456
usdt_eth,2022-08-22T00:00:00.000000000Z,51668
usdt_eth,2022-08-23T00:00:00.000000000Z,53011
usdt_eth,2022-08-24T00:00:00.000000000Z,51078
usdt_eth,2022-08-25T00:00:00.000000000Z,51665
usdt_eth,2022-08-26T00:00:00.000000000Z,53131
usdt_eth,2022-08-27T00:00:00.000000000Z,44304
usdt_eth,2022-08-28T00:00:00.000000000Z,40127
usdt_eth,2022-08-29T00:00:00.000000000Z,53573
usdt_eth,2022-08-30T00:00:00.000000000Z,55495
usdt_eth,2022-08-31T00:00:00.000000000Z,55628
usdt_eth,2022-09-01T00:00:00.000000000Z,60807
usdt_eth,2022-09-02T00:00:00.000000000Z,54926
usdt_eth,2022-09-03T00:00:00.000000000Z,45995
usdt_eth,2022-09-04T00:00:00.000000000Z,37810
usdt_eth,2022-09-05T00:00:00.000000000Z,54996
usdt_eth,2022-09-06T00:00:00.000000000Z,58273
usdt_eth,2022-09-07T00:00:00.000000000Z,57076
usdt_eth,2022-09-08T00:00:00.000000000Z,55358
usdt_eth,2022-09-09T00:00:00.000000000Z,58149
usdt_eth,2022-09-10T00:00:00.000000000Z,45349
usdt_eth,2022-09-11T00:00:00.000000000Z,41690
usdt_eth,2022-09-12T00:00:00.000000000Z,53593
usdt_eth,2022-09-13T00:00:00.000000000Z,60131
usdt_eth,2022-09-14T00:00:00.000000000Z,59093
usdt_eth,2022-09-15T00:00:00.000000000Z,53498
usdt_eth,2022-09-16T00:00:00.000000000Z,60205
usdt_eth,2022-09-17T00:00:00.000000000Z,45131
usdt_eth,2022-09-18T00:00:00.000000000Z,45215
usdt_eth,2022-09-19T00:00:00.000000000Z,61806
usdt_eth,2022-09-20T00:00:00.000000000Z,56897
usdt_eth,2022-09-21T00:00:00.000000000Z,60918
usdt_eth,2022-09-22T00:00:00.000000000Z,62511
usdt_eth,2022-09-23T00:00:00.000000000Z,60405
usdt_eth,2022-09-24T00:00:00.000000000Z,49196
usdt_eth,2022-09-25T00:00:00.000000000Z,47475
usdt_eth,2022-09-26T00:00:00.000000000Z,78580
usdt_eth,2022-09-27T00:00:00.000000000Z,135440
usdt_eth,2022-09-28T00:00:00.000000000Z,85859
usdt_eth,2022-09-29T00:00:00.000000000Z,68765
usdt_eth,2022-09-30T00:00:00.000000000Z,75896
usdt_eth,2022-10-01T00:00:00.000000000Z,63934
usdt_eth,2022-10-02T00:00:00.000000000Z,49645
usdt_eth,2022-10-03T00:00:00.000000000Z,76819
usdt_eth,2022-10-04T00:00:00.000000000Z,73576
usdt_eth,2022-10-05T00:00:00.000000000Z,63953
usdt_eth,2022-10-06T00:00:00.000000000Z,71235
usdt_eth,2022-10-07T00:00:00.000000000Z,68846
usdt_eth,2022-10-08T00:00:00.000000000Z,73974
usdt_eth,2022-10-09T00:00:00.000000000Z,51727
usdt_eth,2022-10-10T00:00:00.000000000Z,57746
usdt_eth,2022-10-11T00:00:00.000000000Z,66560
usdt_eth,2022-10-12T00:00:00.000000000Z,63889
usdt_eth,2022-10-13T00:00:00.000000000Z,74914
usdt_eth,2022-10-14T00:00:00.000000000Z,89030
usdt_eth,2022-10-15T00:00:00.000000000Z,63214
usdt_eth,2022-10-16T00:00:00.000000000Z,47576
usdt_eth,2022-10-17T00:00:00.000000000Z,63150
usdt_eth,2022-10-18T00:00:00.000000000Z,64751
usdt_eth,2022-10-19T00:00:00.000000000Z,64505
usdt_eth,2022-10-20T00:00:00.000000000Z,111398
usdt_eth,2022-10-21T00:00:00.000000000Z,87337
usdt_eth,2022-10-22T00:00:00.000000000Z,51377
usdt_eth,2022-10-23T00:00:00.000000000Z,49759
usdt_eth,2022-10-24T00:00:00.000000000Z,71927
usdt_eth,2022-10-25T00:00:00.000000000Z,66950
usdt_eth,2022-10-26T00:00:00.000000000Z,67874
usdt_eth,2022-10-27T00:00:00.000000000Z,67746
usdt_eth,2022-10-28T00:00:00.000000000Z,66275
usdt_eth,2022-10-29T00:00:00.000000000Z,59234
usdt_eth,2022-10-30T00:00:00.000000000Z,55851
usdt_eth,2022-10-31T00:00:00.000000000Z,73817
usdt_eth,2022-11-01T00:00:00.000000000Z,69449
usdt_eth,2022-11-02T00:00:00.000000000Z,72946
usdt_eth,2022-11-03T00:00:00.000000000Z,110293
usdt_eth,2022-11-04T00:00:00.000000000Z,70676
usdt_eth,2022-11-05T00:00:00.000000000Z,60582
usdt_eth,2022-11-06T00:00:00.000000000Z,54710
usdt_eth,2022-11-07T00:00:00.000000000Z,75176
usdt_eth,2022-11-08T00:00:00.000000000Z,95289
usdt_eth,2022-11-09T00:00:00.000000000Z,110840
usdt_eth,2022-11-10T00:00:00.000000000Z,114916
usdt_eth,2022-11-11T00:00:00.000000000Z,86918
usdt_eth,2022-11-12T00:00:00.000000000Z,66416
usdt_eth,2022-11-13T00:00:00.000000000Z,73424
usdt_eth,2022-11-14T00:00:00.000000000Z,83073
usdt_eth,2022-11-15T00:00:00.000000000Z,84344
usdt_eth,2022-11-16T00:00:00.000000000Z,80652
usdt_eth,2022-11-17T00:00:00.000000000Z,79794
usdt_eth,2022-11-18T00:00:00.000000000Z,77623
usdt_eth,2022-11-19T00:00:00.000000000Z,61796
usdt_eth,2022-11-20T00:00:00.000000000Z,60332
usdt_eth,2022-11-21T00:00:00.000000000Z,76161
usdt_eth,2022-11-22T00:00:00.000000000Z,76659
usdt_eth,2022-11-23T00:00:00.000000000Z,69147
usdt_eth,2022-11-24T00:00:00.000000000Z,85477
usdt_eth,2022-11-25T00:00:00.000000000Z,89543
usdt_eth,2022-11-26T00:00:00.000000000Z,57523
usdt_eth,2022-11-27T00:00:00.000000000Z,49093
usdt_eth,2022-11-28T00:00:00.000000000Z,81773
usdt_eth,2022-11-29T00:00:00.000000000Z,109560
usdt_eth,2022-11-30T00:00:00.000000000Z,88143
usdt_eth,2022-12-01T00:00:00.000000000Z,84162
usdt_eth,2022-12-02T00:00:00.000000000Z,92201
usdt_eth,2022-12-03T00:00:00.000000000Z,62039
usdt_eth,2022-12-04T00:00:00.000000000Z,62872
usdt_eth,2022-12-05T00:00:00.000000000Z,104686
usdt_eth,2022-12-06T00:00:00.000000000Z,92733
usdt_eth,2022-12-07T00:00:00.000000000Z,83684
usdt_eth,2022-12-08T00:00:00.000000000Z,79888
usdt_eth,2022-12-09T00:00:00.000000000Z,248027
usdt_eth,2022-12-10T00:00:00.000000000Z,236603
usdt_eth,2022-12-11T00:00:00.000000000Z,107894
usdt_eth,2022-12-12T00:00:00.000000000Z,129878
usdt_eth,2022-12-13T00:00:00.000000000Z,135114
usdt_eth,2022-12-14T00:00:00.000000000Z,135225
usdt_eth,2022-12-15T00:00:00.000000000Z,119427
usdt_eth,2022-12-16T00:00:00.000000000Z,138158
usdt_eth,2022-12-17T00:00:00.000000000Z,94385
usdt_eth,2022-12-18T00:00:00.000000000Z,87239
usdt_eth,2022-12-19T00:00:00.000000000Z,95761
usdt_eth,2022-12-20T00:00:00.000000000Z,88831
usdt_eth,2022-12-21T00:00:00.000000000Z,98041
usdt_eth,2022-12-22T00:00:00.000000000Z,122802
usdt_eth,2022-12-23T00:00:00.000000000Z,108555
usdt_eth,2022-12-24T00:00:00.000000000Z,64763
usdt_eth,2022-12-25T00:00:00.000000000Z,53321
usdt_eth,2022-12-26T00:00:00.000000000Z,98234
usdt_eth,2022-12-27T00:00:00.000000000Z,130462
usdt_eth,2022-12-28T00:00:00.000000000Z,78747
usdt_eth,2022-12-29T00:00:00.000000000Z,83193
usdt_eth,2022-12-30T00:00:00.000000000Z,101996
usdt_eth,2022-12-31T00:00:00.000000000Z,76514
usdt_eth,2023-01-01T00:00:00.000000000Z,53739
usdt_eth,2023-01-02T00:00:00.000000000Z,72121
usdt_eth,2023-01-03T00:00:00.000000000Z,85329
usdt_eth,2023-01-04T00:00:00.000000000Z,111429
usdt_eth,2023-01-05T00:00:00.000000000Z,97802
usdt_eth,2023-01-06T00:00:00.000000000Z,100152
usdt_eth,2023-01-07T00:00:00.000000000Z,80917
usdt_eth,2023-01-08T00:00:00.000000000Z,72852
usdt_eth,2023-01-09T00:00:00.000000000Z,117257
usdt_eth,2023-01-10T00:00:00.000000000Z,126499
usdt_eth,2023-01-11T00:00:00.000000000Z,108994
usdt_eth,2023-01-12T00:00:00.000000000Z,127817
usdt_eth,2023-01-13T00:00:00.000000000Z,107811
usdt_eth,2023-01-14T00:00:00.000000000Z,90502
usdt_eth,2023-01-15T00:00:00.000000000Z,99346
usdt_eth,2023-01-16T00:00:00.000000000Z,126468
usdt_eth,2023-01-17T00:00:00.000000000Z,113800
usdt_eth,2023-01-18T00:00:00.000000000Z,116365
usdt_eth,2023-01-19T00:00:00.000000000Z,109219
usdt_eth,2023-01-20T00:00:00.000000000Z,96065
usdt_eth,2023-01-21T00:00:00.000000000Z,96566
usdt_eth,2023-01-22T00:00:00.000000000Z,82200
usdt_eth,2023-01-23T00:00:00.000000000Z,83117
usdt_eth,2023-01-24T00:00:00.000000000Z,75346
usdt_eth,2023-01-25T00:00:00.000000000Z,107816
usdt_eth,2023-01-26T00:00:00.000000000Z,85522
usdt_eth,2023-01-27T00:00:00.000000000Z,97299
usdt_eth,2023-01-28T00:00:00.000000000Z,71251
usdt_eth,2023-01-29T00:00:00.000000000Z,64020
usdt_eth,2023-01-30T00:00:00.000000000Z,89410
usdt_eth,2023-01-31T00:00:00.000000000Z,97575
usdt_eth,2023-02-01T00:00:00.000000000Z,119654
usdt_eth,2023-02-02T00:00:00.000000000Z,118801
usdt_eth,2023-02-03T00:00:00.000000000Z,103793
usdt_eth,2023-02-04T00:00:00.000000000Z,97294
usdt_eth,2023-02-05T00:00:00.000000000Z,91401
usdt_eth,2023-02-06T00:00:00.000000000Z,124470
usdt_eth,2023-02-07T00:00:00.000000000Z,147704
usdt_eth,2023-02-08T00:00:00.000000000Z,145403
usdt_eth,2023-02-09T00:00:00.000000000Z,138891
usdt_eth,2023-02-10T00:00:00.000000000Z,143283
usdt_eth,2023-02-11T00:00:00.000000000Z,109199
usdt_eth,2023-02-12T00:00:00.000000000Z,98315
usdt_eth,2023-02-13T00:00:00.000000000Z,142220
usdt_eth,2023-02-14T00:00:00.000000000Z,149897
usdt_eth,2023-02-15T00:00:00.000000000Z,120466
usdt_eth,2023-02-16T00:00:00.000000000Z,127080
usdt_eth,2023-02-17T00:00:00.000000000Z,112113
usdt_eth,2023-02-18T00:00:00.000000000Z,84236
usdt_eth,2023-02-19T00:00:00.000000000Z,65080
usdt_eth,2023-02-20T00:00:00.000000000Z,86183
usdt_eth,2023-02-21T00:00:00.000000000Z,97117
usdt_eth,2023-02-22T00:00:00.000000000Z,102049
usdt_eth,2023-02-23T00:00:00.000000000Z,100146
usdt_eth,2023-02-24T00:00:00.000000000Z,83228
usdt_eth,2023-02-25T00:00:00.000000000Z,66433
usdt_eth,2023-02-26T00:00:00.000000000Z,63031
usdt_eth,2023-02-27T00:00:00.000000000Z,85345
usdt_eth,2023-02-28T00:00:00.000000000Z,93471
usdt_eth,2023-03-01T00:00:00.000000000Z,91060
usdt_eth,2023-03-02T00:00:00.000000000Z,90129
usdt_eth,2023-03-03T00:00:00.000000000Z,97264
usdt_eth,2023-03-04T00:00:00.000000000Z,66008
usdt_eth,2023-03-05T00:00:00.000000000Z,59565
usdt_eth,2023-03-06T00:00:00.000000000Z,82313
usdt_eth,2023-03-07T00:00:00.000000000Z,85381
usdt_eth,2023-03-08T00:00:00.000000000Z,82413
usdt_eth,2023-03-09T00:00:00.000000000Z,98289
usdt_eth,2023-03-10T00:00:00.000000000Z,111025
usdt_eth,2023-03-11T00:00:00.000000000Z,102074
usdt_eth,2023-03-12T00:00:00.000000000Z,86730
usdt_eth,2023-03-13T00:00:00.000000000Z,121698
usdt_eth,2023-03-14T00:00:00.000000000Z,118619
usdt_eth,2023-03-15T00:00:00.000000000Z,104587
usdt_eth,2023-03-16T00:00:00.000000000Z,106696
usdt_eth,2023-03-17T00:00:00.000000000Z,113989
usdt_eth,2023-03-18T00:00:00.000000000Z,86605
usdt_eth,2023-03-19T00:00:00.000000000Z,73189
usdt_eth,2023-03-20T00:00:00.000000000Z,112690
usdt_eth,2023-03-21T00:00:00.000000000Z,100259
usdt_eth,2023-03-22T00:00:00.000000000Z,99263
usdt_eth,2023-03-23T00:00:00.000000000Z,104407
usdt_eth,2023-03-24T00:00:00.000000000Z,92371
usdt_eth,2023-03-25T00:00:00.000000000Z,68839
usdt_eth,2023-03-26T00:00:00.000000000Z,65678
usdt_eth,2023-03-27T00:00:00.000000000Z,96023
usdt_eth,2023-03-28T00:00:00.000000000Z,96937
usdt_eth,2023-03-29T00:00:00.000000000Z,97219
usdt_eth,2023-03-30T00:00:00.000000000Z,91883
usdt_eth,2023-03-31T00:00:00.000000000Z,106342
usdt_eth,2023-04-01T00:00:00.000000000Z,73250
usdt_eth,2023-04-02T00:00:00.000000000Z,66802
usdt_eth,2023-04-03T00:00:00.000000000Z,88973
usdt_eth,2023-04-04T00:00:00.000000000Z,85652
usdt_eth,2023-04-05T00:00:00.000000000Z,80674
usdt_eth,2023-04-06T00:00:00.000000000Z,78077
usdt_eth,2023-04-07T00:00:00.000000000Z,71958
usdt_eth,2023-04-08T00:00:00.000000000Z,56048
usdt_eth,2023-04-09T00:00:00.000000000Z,54852
usdt_eth,2023-04-10T00:00:00.000000000Z,78078
usdt_eth,2023-04-11T00:00:00.000000000Z,85547
usdt_eth,2023-04-12T00:00:00.000000000Z,80775
usdt_eth,2023-04-13T00:00:00.000000000Z,79945
usdt_eth,2023-04-14T00:00:00.000000000Z,86000
usdt_eth,2023-04-15T00:00:00.000000000Z,66886
usdt_eth,2023-04-16T00:00:00.000000000Z,58180
usdt_eth,2023-04-17T00:00:00.000000000Z,78137
usdt_eth,2023-04-18T00:00:00.000000000Z,79059
usdt_eth,2023-04-19T00:00:00.000000000Z,77882
usdt_eth,2023-04-20T00:00:00.000000000Z,81711
usdt_eth,2023-04-21T00:00:00.000000000Z,84910
usdt_eth,2023-04-22T00:00:00.000000000Z,57668
usdt_eth,2023-04-23T00:00:00.000000000Z,52567
usdt_eth,2023-04-24T00:00:00.000000000Z,72950
usdt_eth,2023-04-25T00:00:00.000000000Z,75921
usdt_eth,2023-04-26T00:00:00.000000000Z,74906
usdt_eth,2023-04-27T00:00:00.000000000Z,72510
usdt_eth,2023-04-28T00:00:00.000000000Z,72363
usdt_eth,2023-04-29T00:00:00.000000000Z,54039
usdt_eth,2023-04-30T00:00:00.000000000Z,54219
usdt_eth,2023-05-01T00:00:00.000000000Z,71743
usdt_eth,2023-05-02T00:00:00.000000000Z,80544
usdt_eth,2023-05-03T00:00:00.000000000Z,80459
usdt_eth,2023-05-04T00:00:00.000000000Z,82414
usdt_eth,2023-05-05T00:00:00.000000000Z,82050
usdt_eth,2023-05-06T00:00:00.000000000Z,61508
usdt_eth,2023-05-07T00:00:00.000000000Z,55599
usdt_eth,2023-05-08T00:00:00.000000000Z,77047
usdt_eth,2023-05-09T00:00:00.000000000Z,76329
usdt_eth,2023-05-10T00:00:00.000000000Z,75562
usdt_eth,2023-05-11T00:00:00.000000000Z,68113
usdt_eth,2023-05-12T00:00:00.000000000Z,80188
usdt_eth,2023-05-13T00:00:00.000000000Z,57190
usdt_eth,2023-05-14T00:00:00.000000000Z,52006
usdt_eth,2023-05-15T00:00:00.000000000Z,69992
usdt_eth,2023-05-16T00:00:00.000000000Z,69195
usdt_eth,2023-05-17T00:00:00.000000000Z,68009
usdt_eth,2023-05-18T00:00:00.000000000Z,70148
usdt_eth,2023-05-19T00:00:00.000000000Z,73010
usdt_eth,2023-05-20T00:00:00.000000000Z,53700
usdt_eth,2023-05-21T00:00:00.000000000Z,54460
usdt_eth,2023-05-22T00:00:00.000000000Z,69183
usdt_eth,2023-05-23T00:00:00.000000000Z,67696
usdt_eth,2023-05-24T00:00:00.000000000Z,71193
usdt_eth,2023-05-25T00:00:00.000000000Z,73722
usdt_eth,2023-05-26T00:00:00.000000000Z,69802
usdt_eth,2023-05-27T00:00:00.000000000Z,53422
usdt_eth,2023-05-28T00:00:00.000000000Z,48816
usdt_eth,2023-05-29T00:00:00.000000000Z,65058
usdt_eth,2023-05-30T00:00:00.000000000Z,67428
usdt_eth,2023-05-31T00:00:00.000000000Z,74842
usdt_eth,2023-06-01T00:00:00.000000000Z,73067
usdt_eth,2023-06-02T00:00:00.000000000Z,72164
usdt_eth,2023-06-03T00:00:00.000000000Z,56808
usdt_eth,2023-06-04T00:00:00.000000000Z,58413
usdt_eth,2023-06-05T00:00:00.000000000Z,87227
usdt_eth,2023-06-06T00:00:00.000000000Z,91542
usdt_eth,2023-06-07T00:00:00.000000000Z,74492
usdt_eth,2023-06-08T00:00:00.000000000Z,72910
usdt_eth,2023-06-09T00:00:00.000000000Z,74599
usdt_eth,2023-06-10T00:00:00.000000000Z,94367
usdt_eth,2023-06-11T00:00:00.000000000Z,108343
usdt_eth,2023-06-12T00:00:00.000000000Z,85442
usdt_eth,2023-06-13T00:00:00.000000000Z,82694
usdt_eth,2023-06-14T00:00:00.000000000Z,81336
usdt_eth,2023-06-15T00:00:00.000000000Z,94399
usdt_eth,2023-06-16T00:00:00.000000000Z,84235
usdt_eth,2023-06-17T00:00:00.000000000Z,62486
usdt_eth,2023-06-18T00:00:00.000000000Z,53475
usdt_eth,2023-06-19T00:00:00.000000000Z,75890
usdt_eth,2023-06-20T00:00:00.000000000Z,78706
usdt_eth,2023-06-21T00:00:00.000000000Z,85793
usdt_eth,2023-06-22T00:00:00.000000000Z,76561
usdt_eth,2023-06-23T00:00:00.000000000Z,76431
usdt_eth,2023-06-24T00:00:00.000000000Z,59369
usdt_eth,2023-06-25T00:00:00.000000000Z,55032
usdt_eth,2023-06-26T00:00:00.000000000Z,81254
usdt_eth,2023-06-27T00:00:00.000000000Z,77585
usdt_eth,2023-06-28T00:00:00.000000000Z,81279
usdt_eth,2023-06-29T00:00:00.000000000Z,78325
usdt_eth,2023-06-30T00:00:00.000000000Z,93713
usdt_eth,2023-07-01T00:00:00.000000000Z,66341
usdt_eth,2023-07-02T00:00:00.000000000Z,57731
usdt_eth,2023-07-03T00:00:00.000000000Z,82105
usdt_eth,2023-07-04T00:00:00.000000000Z,77464
usdt_eth,2023-07-05T00:00:00.000000000Z,70311
usdt_eth,2023-07-06T00:00:00.000000000Z,78575
usdt_eth,2023-07-07T00:00:00.000000000Z,78433
usdt_eth,2023-07-08T00:00:00.000000000Z,59214
usdt_eth,2023-07-09T00:00:00.000000000Z,53629
usdt_eth,2023-07-10T00:00:00.000000000Z,83491
usdt_eth,2023-07-11T00:00:00.000000000Z,81960
usdt_eth,2023-07-12T00:00:00.000000000Z,75768
usdt_eth,2023-07-13T00:00:00.000000000Z,83714
usdt_eth,2023-07-14T00:00:00.000000000Z,93538
usdt_eth,2023-07-15T00:00:00.000000000Z,61920
usdt_eth,2023-07-16T00:00:00.000000000Z,59248
usdt_eth,2023-07-17T00:00:00.000000000Z,82123
usdt_eth,2023-07-18T00:00:00.000000000Z,78626
usdt_eth,2023-07-19T00:00:00.000000000Z,78525
usdt_eth,2023-07-20T00:00:00.000000000Z,75767
usdt_eth,2023-07-21T00:00:00.000000000Z,66885
usdt_eth,2023-07-22T00:00:00.000000000Z,53512
usdt_eth,2023-07-23T00:00:00.000000000Z,49744
usdt_eth,2023-07-24T00:00:00.000000000Z,74388
usdt_eth,2023-07-25T00:00:00.000000000Z,70926
usdt_eth,2023-07-26T00:00:00.000000000Z,75959
usdt_eth,2023-07-27T00:00:00.000000000Z,74514
usdt_eth,2023-07-28T00:00:00.000000000Z,68508
usdt_eth,2023-07-29T00:00:00.000000000Z,53774
usdt_eth,2023-07-30T00:00:00.000000000Z,51963
usdt_eth,2023-07-31T00:00:00.000000000Z,78483
usdt_eth,2023-08-01T00:00:00.000000000Z,86033
usdt_eth,2023-08-02T00:00:00.000000000Z,79268
usdt_eth,2023-08-03T00:00:00.000000000Z,76377
usdt_eth,2023-08-04T00:00:00.000000000Z,75070
usdt_eth,2023-08-05T00:00:00.000000000Z,57818
usdt_eth,2023-08-06T00:00:00.000000000Z,55073
usdt_eth,2023-08-07T00:00:00.000000000Z,80569
usdt_eth,2023-08-08T00:00:00.000000000Z,85364
usdt_eth,2023-08-09T00:00:00.000000000Z,86725
usdt_eth,2023-08-10T00:00:00.000000000Z,85416
usdt_eth,2023-08-11T00:00:00.000000000Z,77758
usdt_eth,2023-08-12T00:00:00.000000000Z,54362
usdt_eth,2023-08-13T00:00:00.000000000Z,51190
usdt_eth,2023-08-14T00:00:00.000000000Z,76135
usdt_eth,2023-08-15T00:00:00.000000000Z,85227
usdt_eth,2023-08-16T00:00:00.000000000Z,79725
usdt_eth,2023-08-17T00:00:00.000000000Z,86068
usdt_eth,2023-08-18T00:00:00.000000000Z,89732
usdt_eth,2023-08-19T00:00:00.000000000Z,61420
usdt_eth,2023-08-20T00:00:00.000000000Z,56308
usdt_eth,2023-08-21T00:00:00.000000000Z,78569
usdt_eth,2023-08-22T00:00:00.000000000Z,74929
usdt_eth,2023-08-23T00:00:00.000000000Z,77573
usdt_eth,2023-08-24T00:00:00.000000000Z,76455
usdt_eth,2023-08-25T00:00:00.000000000Z,71656
usdt_eth,2023-08-26T00:00:00.000000000Z,59417
usdt_eth,2023-08-27T00:00:00.000000000Z,58000
usdt_eth,2023-08-28T00:00:00.000000000Z,72848
usdt_eth,2023-08-29T00:00:00.000000000Z,76489
usdt_eth,2023-08-30T00:00:00.000000000Z,75971
usdt_eth,2023-08-31T00:00:00.000000000Z,80787
usdt_eth,2023-09-01T00:00:00.000000000Z,83271
usdt_eth,2023-09-02T00:00:00.000000000Z,62205
usdt_eth,2023-09-03T00:00:00.000000000Z,54588
usdt_eth,2023-09-04T00:00:00.000000000Z,82697
usdt_eth,2023-09-05T00:00:00.000000000Z,80150
usdt_eth,2023-09-06T00:00:00.000000000Z,76989
usdt_eth,2023-09-07T00:00:00.000000000Z,75626
usdt_eth,2023-09-08T00:00:00.000000000Z,80329
usdt_eth,2023-09-09T00:00:00.000000000Z,56550
usdt_eth,2023-09-10T00:00:00.000000000Z,57206
usdt_eth,2023-09-11T00:00:00.000000000Z,81457
usdt_eth,2023-09-12T00:00:00.000000000Z,79750
usdt_eth,2023-09-13T00:00:00.000000000Z,76065
usdt_eth,2023-09-14T00:00:00.000000000Z,86521
usdt_eth,2023-09-15T00:00:00.000000000Z,83280
usdt_eth,2023-09-16T00:00:00.000000000Z,60005
usdt_eth,2023-09-17T00:00:00.000000000Z,53922
usdt_eth,2023-09-18T00:00:00.000000000Z,78707
usdt_eth,2023-09-19T00:00:00.000000000Z,81549
usdt_eth,2023-09-20T00:00:00.000000000Z,77807
usdt_eth,2023-09-21T00:00:00.000000000Z,79938
usdt_eth,2023-09-22T00:00:00.000000000Z,78341
usdt_eth,2023-09-23T00:00:00.000000000Z,59780
usdt_eth,2023-09-24T00:00:00.000000000Z,55097
usdt_eth,2023-09-25T00:00:00.000000000Z,80035
usdt_eth,2023-09-26T00:00:00.000000000Z,79039
usdt_eth,2023-09-27T00:00:00.000000000Z,79701
usdt_eth,2023-09-28T00:00:00.000000000Z,83521
usdt_eth,2023-09-29T00:00:00.000000000Z,79878
usdt_eth,2023-09-30T00:00:00.000000000Z,63376
usdt_eth,2023-10-01T00:00:00.000000000Z,63380
usdt_eth,2023-10-02T00:00:00.000000000Z,88222
usdt_eth,2023-10-03T00:00:00.000000000Z,79735
usdt_eth,2023-10-04T00:00:00.000000000Z,89226
usdt_eth,2023-10-05T00:00:00.000000000Z,85421
usdt_eth,2023-10-06T00:00:00.000000000Z,85867
usdt_eth,2023-10-07T00:00:00.000000000Z,81544
usdt_eth,2023-10-08T00:00:00.000000000Z,71818
usdt_eth,2023-10-09T00:00:00.000000000Z,91200
usdt_eth,2023-10-10T00:00:00.000000000Z,87351
usdt_eth,2023-10-11T00:00:00.000000000Z,85146
usdt_eth,2023-10-12T00:00:00.000000000Z,81863
usdt_eth,2023-10-13T00:00:00.000000000Z,81220
usdt_eth,2023-10-14T00:00:00.000000000Z,74252
usdt_eth,2023-10-15T00:00:00.000000000Z,58361
usdt_eth,2023-10-16T00:00:00.000000000Z,86987
usdt_eth,2023-10-17T00:00:00.000000000Z,85893
usdt_eth,2023-10-18T00:00:00.000000000Z,80561
usdt_eth,2023-10-19T00:00:00.000000000Z,82190
usdt_eth,2023-10-20T00:00:00.000000000Z,85104
usdt_eth,2023-10-21T00:00:00.000000000Z,66250
usdt_eth,2023-10-22T00:00:00.000000000Z,64745
usdt_eth,2023-10-23T00:00:00.000000000Z,95587
usdt_eth,2023-10-24T00:00:00.000000000Z,104696
usdt_eth,2023-10-25T00:00:00.000000000Z,93388
usdt_eth,2023-10-26T00:00:00.000000000Z,89168
usdt_eth,2023-10-27T00:00:00.000000000Z,84681
usdt_eth,2023-10-28T00:00:00.000000000Z,66162
usdt_eth,2023-10-29T00:00:00.000000000Z,62462
usdt_eth,2023-10-30T00:00:00.000000000Z,87804
usdt_eth,2023-10-31T00:00:00.000000000Z,95462
usdt_eth,2023-11-01T00:00:00.000000000Z,96669
usdt_eth,2023-11-02T00:00:00.000000000Z,96360
usdt_eth,2023-11-03T00:00:00.000000000Z,91833
usdt_eth,2023-11-04T00:00:00.000000000Z,68120
usdt_eth,2023-11-05T00:00:00.000000000Z,66682
usdt_eth,2023-11-06T00:00:00.000000000Z,90127
usdt_eth,2023-11-07T00:00:00.000000000Z,90351
usdt_eth,2023-11-08T00:00:00.000000000Z,89296
usdt_eth,2023-11-09T00:00:00.000000000Z,99747
usdt_eth,2023-11-10T00:00:00.000000000Z,97724
usdt_eth,2023-11-11T00:00:00.000000000Z,79313
usdt_eth,2023-11-12T00:00:00.000000000Z,70831
usdt_eth,2023-11-13T00:00:00.000000000Z,85741
usdt_eth,2023-11-14T00:00:00.000000000Z,91390
usdt_eth,2023-11-15T00:00:00.000000000Z,95130
usdt_eth,2023-11-16T00:00:00.000000000Z,92565
usdt_eth,2023-11-17T00:00:00.000000000Z,88258
usdt_eth,2023-11-18T00:00:00.000000000Z,69990
usdt_eth,2023-11-19T00:00:00.000000000Z,68975
usdt_eth,2023-11-20T00:00:00.000000000Z,94814
usdt_eth,2023-11-21T00:00:00.000000000Z,100996
usdt_eth,2023-11-22T00:00:00.000000000Z,98988
usdt_eth,2023-11-23T00:00:00.000000000Z,89068
usdt_eth,2023-11-24T00:00:00.000000000Z,93576
usdt_eth,2023-11-25T00:00:00.000000000Z,71937
usdt_eth,2023-11-26T00:00:00.000000000Z,66958
usdt_eth,2023-11-27T00:00:00.000000000Z,84741
usdt_eth,2023-11-28T00:00:00.000000000Z,84041
usdt_eth,2023-11-29T00:00:00.000000000Z,107375
usdt_eth,2023-11-30T00:00:00.000000000Z,93120
usdt_eth,2023-12-01T00:00:00.000000000Z,94776
usdt_eth,2023-12-02T00:00:00.000000000Z,77726
usdt_eth,2023-12-03T00:00:00.000000000Z,70992
usdt_eth,2023-12-04T00:00:00.000000000Z,102537
usdt_eth,2023-12-05T00:00:00.000000000Z,101249
usdt_eth,2023-12-06T00:00:00.000000000Z,92166
usdt_eth,2023-12-07T00:00:00.000000000Z,110017
usdt_eth,2023-12-08T00:00:00.000000000Z,104144
usdt_eth,2023-12-09T00:00:00.000000000Z,82562
usdt_eth,2023-12-10T00:00:00.000000000Z,78156
usdt_eth,2023-12-11T00:00:00.000000000Z,103637
usdt_eth,2023-12-12T00:00:00.000000000Z,88739
usdt_eth,2023-12-13T00:00:00.000000000Z,85412
usdt_eth,2023-12-14T00:00:00.000000000Z,90791
usdt_eth,2023-12-15T00:00:00.000000000Z,87509
usdt_eth,2023-12-16T00:00:00.000000000Z,69926
usdt_eth,2023-12-17T00:00:00.000000000Z,66877
usdt_eth,2023-12-18T00:00:00.000000000Z,144154
usdt_eth,2023-12-19T00:00:00.000000000Z,92603
usdt_eth,2023-12-20T00:00:00.000000000Z,89854
usdt_eth,2023-12-21T00:00:00.000000000Z,89945
usdt_eth,2023-12-22T00:00:00.000000000Z,104732
usdt_eth,2023-12-23T00:00:00.000000000Z,81428
usdt_eth,2023-12-24T00:00:00.000000000Z,74012
usdt_eth,2023-12-25T00:00:00.000000000Z,76199
usdt_eth,2023-12-26T00:00:00.000000000Z,87039
usdt_eth,2023-12-27T00:00:00.000000000Z,91575
usdt_eth,2023-12-28T00:00:00.000000000Z,95628
usdt_eth,2023-12-29T00:00:00.000000000Z,94404
usdt_eth,2023-12-30T00:00:00.000000000Z,79791
usdt_eth,2023-12-31T00:00:00.000000000Z,70285
usdt_eth,2024-01-01T00:00:00.000000000Z,68727
usdt_eth,2024-01-02T00:00:00.000000000Z,98021
usdt_eth,2024-01-03T00:00:00.000000000Z,98453
usdt_eth,2024-01-04T00:00:00.000000000Z,99656
usdt_eth,2024-01-05T00:00:00.000000000Z,95169
usdt_eth,2024-01-06T00:00:00.000000000Z,71920
usdt_eth,2024-01-07T00:00:00.000000000Z,65685
usdt_eth,2024-01-08T00:00:00.000000000Z,100464
usdt_eth,2024-01-09T00:00:00.000000000Z,96899
usdt_eth,2024-01-10T00:00:00.000000000Z,96250
usdt_eth,2024-01-11T00:00:00.000000000Z,102911
usdt_eth,2024-01-12T00:00:00.000000000Z,95347
usdt_eth,2024-01-13T00:00:00.000000000Z,76756
usdt_eth,2024-01-14T00:00:00.000000000Z,69665
usdt_eth,2024-01-15T00:00:00.000000000Z,94620
usdt_eth,2024-01-16T00:00:00.000000000Z,90312
usdt_eth,2024-01-17T00:00:00.000000000Z,86594
usdt_eth,2024-01-18T00:00:00.000000000Z,91102
usdt_eth,2024-01-19T00:00:00.000000000Z,98881
usdt_eth,2024-01-20T00:00:00.000000000Z,72953
usdt_eth,2024-01-21T00:00:00.000000000Z,70336
usdt_eth,2024-01-22T00:00:00.000000000Z,100606
usdt_eth,2024-01-23T00:00:00.000000000Z,99751
usdt_eth,2024-01-24T00:00:00.000000000Z,92922
usdt_eth,2024-01-25T00:00:00.000000000Z,86022
usdt_eth,2024-01-26T00:00:00.000000000Z,89117
usdt_eth,2024-01-27T00:00:00.000000000Z,68081
usdt_eth,2024-01-28T00:00:00.000000000Z,68721
usdt_eth,2024-01-29T00:00:00.000000000Z,103846
usdt_eth,2024-01-30T00:00:00.000000000Z,101035
usdt_eth,2024-01-31T00:00:00.000000000Z,97637
usdt_eth,2024-02-01T00:00:00.000000000Z,98397
usdt_eth,2024-02-02T00:00:00.000000000Z,91196
usdt_eth,2024-02-03T00:00:00.000000000Z,70290
usdt_eth,2024-02-04T00:00:00.000000000Z,64930
usdt_eth,2024-02-05T00:00:00.000000000Z,90138
usdt_eth,2024-02-06T00:00:00.000000000Z,84816
usdt_eth,2024-02-07T00:00:00.000000000Z,85072
usdt_eth,2024-02-08T00:00:00.000000000Z,85512
usdt_eth,2024-02-09T00:00:00.000000000Z,87027
usdt_eth,2024-02-10T00:00:00.000000000Z,63170
usdt_eth,2024-02-11T00:00:00.000000000Z,62450
usdt_eth,2024-02-12T00:00:00.000000000Z,79189
usdt_eth,2024-02-13T00:00:00.000000000Z,85414
usdt_eth,2024-02-14T00:00:00.000000000Z,87252
usdt_eth,2024-02-15T00:00:00.000000000Z,87881
usdt_eth,2024-02-16T00:00:00.000000000Z,88336
usdt_eth,2024-02-17T00:00:00.000000000Z,70761
usdt_eth,2024-02-18T00:00:00.000000000Z,67582
usdt_eth,2024-02-19T00:00:00.000000000Z,88202
usdt_eth,2024-02-20T00:00:00.000000000Z,90564
usdt_eth,2024-02-21T00:00:00.000000000Z,86395
usdt_eth,2024-02-22T00:00:00.000000000Z,83651
usdt_eth,2024-02-23T00:00:00.000000000Z,81754
usdt_eth,2024-02-24T00:00:00.000000000Z,67369
usdt_eth,2024-02-25T00:00:00.000000000Z,66048
usdt_eth,2024-02-26T00:00:00.000000000Z,91716
usdt_eth,2024-02-27T00:00:00.000000000Z,95580
usdt_eth,2024-02-28T00:00:00.000000000Z,101798
usdt_eth,2024-02-29T00:00:00.000000000Z,104350
usdt_eth,2024-03-01T00:00:00.000000000Z,100560
usdt_eth,2024-03-02T00:00:00.000000000Z,82854
usdt_eth,2024-03-03T00:00:00.000000000Z,79064
usdt_eth,2024-03-04T00:00:00.000000000Z,105879
usdt_eth,2024-03-05T00:00:00.000000000Z,117216
usdt_eth,2024-03-06T00:00:00.000000000Z,100007
usdt_eth,2024-03-07T00:00:00.000000000Z,101390
usdt_eth,2024-03-08T00:00:00.000000000Z,95043
usdt_eth,2024-03-09T00:00:00.000000000Z,79988
usdt_eth,2024-03-10T00:00:00.000000000Z,74681
usdt_eth,2024-03-11T00:00:00.000000000Z,96160
usdt_eth,2024-03-12T00:00:00.000000000Z,95939
usdt_eth,2024-03-13T00:00:00.000000000Z,90664
usdt_eth,2024-03-14T00:00:00.000000000Z,93304
usdt_eth,2024-03-15T00:00:00.000000000Z,101819
usdt_eth,2024-03-16T00:00:00.000000000Z,83859
usdt_eth,2024-03-17T00:00:00.000000000Z,78586
usdt_eth,2024-03-18T00:00:00.000000000Z,93127
usdt_eth,2024-03-19T00:00:00.000000000Z,99430
usdt_eth,2024-03-20T00:00:00.000000000Z,99812
usdt_eth,2024-03-21T00:00:00.000000000Z,90971
usdt_eth,2024-03-22T00:00:00.000000000Z,93888
usdt_eth,2024-03-23T00:00:00.000000000Z,83700
usdt_eth,2024-03-24T00:00:00.000000000Z,71168
usdt_eth,2024-03-25T00:00:00.000000000Z,102596
usdt_eth,2024-03-26T00:00:00.000000000Z,107034
usdt_eth,2024-03-27T00:00:00.000000000Z,97425
usdt_eth,2024-03-28T00:00:00.000000000Z,96221
usdt_eth,2024-03-29T00:00:00.000000000Z,87108
usdt_eth,2024-03-30T00:00:00.000000000Z,72725
usdt_eth,2024-03-31T00:00:00.000000000Z,73838
usdt_eth,2024-04-01T00:00:00.000000000Z,93424
usdt_eth,2024-04-02T00:00:00.000000000Z,101101
usdt_eth,2024-04-03T00:00:00.000000000Z,94498
usdt_eth,2024-04-04T00:00:00.000000000Z,99099
usdt_eth,2024-04-05T00:00:00.000000000Z,100329
usdt_eth,2024-04-06T00:00:00.000000000Z,76679
usdt_eth,2024-04-07T00:00:00.000000000Z,70369
usdt_eth,2024-04-08T00:00:00.000000000Z,95230
usdt_eth,2024-04-09T00:00:00.000000000Z,100336
usdt_eth,2024-04-10T00:00:00.000000000Z,100504
usdt_eth,2024-04-11T00:00:00.000000000Z,90357
usdt_eth,2024-04-12T00:00:00.000000000Z,99179
usdt_eth,2024-04-13T00:00:00.000000000Z,88090
usdt_eth,2024-04-14T00:00:00.000000000Z,88628
usdt_eth,2024-04-15T00:00:00.000000000Z,97326
usdt_eth,2024-04-16T00:00:00.000000000Z,100496
usdt_eth,2024-04-17T00:00:00.000000000Z,88210
usdt_eth,2024-04-18T00:00:00.000000000Z,90179
usdt_eth,2024-04-19T00:00:00.000000000Z,89232
usdt_eth,2024-04-20T00:00:00.000000000Z,71811
usdt_eth,2024-04-21T00:00:00.000000000Z,70874
usdt_eth,2024-04-22T00:00:00.000000000Z,88859
usdt_eth,2024-04-23T00:00:00.000000000Z,84238
usdt_eth,2024-04-24T00:00:00.000000000Z,87770
usdt_eth,2024-04-25T00:00:00.000000000Z,92783
usdt_eth,2024-04-26T00:00:00.000000000Z,89556
usdt_eth,2024-04-27T00:00:00.000000000Z,71507
usdt_eth,2024-04-28T00:00:00.000000000Z,67484
usdt_eth,2024-04-29T00:00:00.000000000Z,103417
usdt_eth,2024-04-30T00:00:00.000000000Z,100015
usdt_eth,2024-05-01T00:00:00.000000000Z,96504
usdt_eth,2024-05-02T00:00:00.000000000Z,91481
usdt_eth,2024-05-03T00:00:00.000000000Z,86989
usdt_eth,2024-05-04T00:00:00.000000000Z,67909
usdt_eth,2024-05-05T00:00:00.000000000Z,60498
usdt_eth,2024-05-06T00:00:00.000000000Z,81665
usdt_eth,2024-05-07T00:00:00.000000000Z,89294
usdt_eth,2024-05-08T00:00:00.000000000Z,87767
usdt_eth,2024-05-09T00:00:00.000000000Z,87323
usdt_eth,2024-05-10T00:00:00.000000000Z,87527
usdt_eth,2024-05-11T00:00:00.000000000Z,66400
usdt_eth,2024-05-12T00:00:00.000000000Z,59621
usdt_eth,2024-05-13T00:00:00.000000000Z,83028
usdt_eth,2024-05-14T00:00:00.000000000Z,91649
usdt_eth,2024-05-15T00:00:00.000000000Z,89484
usdt_eth,2024-05-16T00:00:00.000000000Z,91977
usdt_eth,2024-05-17T00:00:00.000000000Z,88583
usdt_eth,2024-05-18T00:00:00.000000000Z,88202
usdt_eth,2024-05-19T00:00:00.000000000Z,72512
usdt_eth,2024-05-20T00:00:00.000000000Z,86243
usdt_eth,2024-05-21T00:00:00.000000000Z,97911
usdt_eth,2024-05-22T00:00:00.000000000Z,94834
usdt_eth,2024-05-23T00:00:00.000000000Z,87650
usdt_eth,2024-05-24T00:00:00.000000000Z,86774
usdt_eth,2024-05-25T00:00:00.000000000Z,71605
usdt_eth,2024-05-26T00:00:00.000000000Z,64617
usdt_eth,2024-05-27T00:00:00.000000000Z,83938
usdt_eth,2024-05-28T00:00:00.000000000Z,85989
usdt_eth,2024-05-29T00:00:00.000000000Z,91164
usdt_eth,2024-05-30T00:00:00.000000000Z,90986
usdt_eth,2024-05-31T00:00:00.000000000Z,93036
usdt_eth,2024-06-01T00:00:00.000000000Z,80578
usdt_eth,2024-06-02T00:00:00.000000000Z,68175
usdt_eth,2024-06-03T00:00:00.000000000Z,95447
usdt_eth,2024-06-04T00:00:00.000000000Z,97711
usdt_eth,2024-06-05T00:00:00.000000000Z,93287
usdt_eth,2024-06-06T00:00:00.000000000Z,88502
usdt_eth,2024-06-07T00:00:00.000000000Z,93659
usdt_eth,2024-06-08T00:00:00.000000000Z,82585
usdt_eth,2024-06-09T00:00:00.000000000Z,70642
usdt_eth,2024-06-10T00:00:00.000000000Z,96956
usdt_eth,2024-06-11T00:00:00.000000000Z,103654
usdt_eth,2024-06-12T00:00:00.000000000Z,100829
usdt_eth,2024-06-13T00:00:00.000000000Z,92708
usdt_eth,2024-06-14T00:00:00.000000000Z,93474
usdt_eth,2024-06-15T00:00:00.000000000Z,76227
usdt_eth,2024-06-16T00:00:00.000000000Z,67669
usdt_eth,2024-06-17T00:00:00.000000000Z,86047
usdt_eth,2024-06-18T00:00:00.000000000Z,95741
usdt_eth,2024-06-19T00:00:00.000000000Z,83033
usdt_eth,2024-06-20T00:00:00.000000000Z,82637
usdt_eth,2024-06-21T00:00:00.000000000Z,93216
usdt_eth,2024-06-22T00:00:00.000000000Z,86094
usdt_eth,2024-06-23T00:00:00.000000000Z,66992
usdt_eth,2024-06-24T00:00:00.000000000Z,97001
usdt_eth,2024-06-25T00:00:00.000000000Z,92493
usdt_eth,2024-06-26T00:00:00.000000000Z,94598
usdt_eth,2024-06-27T00:00:00.000000000Z,87054
usdt_eth,2024-06-28T00:00:00.000000000Z,85075
usdt_eth,2024-06-29T00:00:00.000000000Z,70458
usdt_eth,2024-06-30T00:00:00.000000000Z,68662
usdt_eth,2024-07-01T00:00:00.000000000Z,96105
usdt_eth,2024-07-02T00:00:00.000000000Z,93712
usdt_eth,2024-07-03T00:00:00.000000000Z,87430
usdt_eth,2024-07-04T00:00:00.000000000Z,93304
usdt_eth,2024-07-05T00:00:00.000000000Z,104086
usdt_eth,2024-07-06T00:00:00.000000000Z,75119
usdt_eth,2024-07-07T00:00:00.000000000Z,77128
usdt_eth,2024-07-08T00:00:00.000000000Z,90966
usdt_eth,2024-07-09T00:00:00.000000000Z,85003
usdt_eth,2024-07-10T00:00:00.000000000Z,82932
usdt_eth,2024-07-11T00:00:00.000000000Z,81135
usdt_eth,2024-07-12T00:00:00.000000000Z,82034
usdt_eth,2024-07-13T00:00:00.000000000Z,69095
usdt_eth,2024-07-14T00:00:00.000000000Z,62294
usdt_eth,2024-07-15T00:00:00.000000000Z,85934
usdt_eth,2024-07-16T00:00:00.000000000Z,88225
usdt_eth,2024-07-17T00:00:00.000000000Z,82054
usdt_eth,2024-07-18T00:00:00.000000000Z,78774
usdt_eth,2024-07-19T00:00:00.000000000Z,81634
usdt_eth,2024-07-20T00:00:00.000000000Z,65658
usdt_eth,2024-07-21T00:00:00.000000000Z,61031
usdt_eth,2024-07-22T00:00:00.000000000Z,82173
usdt_eth,2024-07-23T00:00:00.000000000Z,82163
usdt_eth,2024-07-24T00:00:00.000000000Z,79138
usdt_eth,2024-07-25T00:00:00.000000000Z,86943
usdt_eth,2024-07-26T00:00:00.000000000Z,84764
usdt_eth,2024-07-27T00:00:00.000000000Z,64815
usdt_eth,2024-07-28T00:00:00.000000000Z,60653
usdt_eth,2024-07-29T00:00:00.000000000Z,84931
usdt_eth,2024-07-30T00:00:00.000000000Z,82452
usdt_eth,2024-07-31T00:00:00.000000000Z,84687
usdt_eth,2024-08-01T00:00:00.000000000Z,91706
usdt_eth,2024-08-02T00:00:00.000000000Z,91172
usdt_eth,2024-08-03T00:00:00.000000000Z,76058
usdt_eth,2024-08-04T00:00:00.000000000Z,97964
usdt_eth,2024-08-05T00:00:00.000000000Z,117495
usdt_eth,2024-08-06T00:00:00.000000000Z,97024
usdt_eth,2024-08-07T00:00:00.000000000Z,90105
usdt_eth,2024-08-08T00:00:00.000000000Z,88935
usdt_eth,2024-08-09T00:00:00.000000000Z,83760
usdt_eth,2024-08-10T00:00:00.000000000Z,66206
usdt_eth,2024-08-11T00:00:00.000000000Z,62002
usdt_eth,2024-08-12T00:00:00.000000000Z,88314
usdt_eth,2024-08-13T00:00:00.000000000Z,90668
usdt_eth,2024-08-14T00:00:00.000000000Z,93924
usdt_eth,2024-08-15T00:00:00.000000000Z,87837
usdt_eth,2024-08-16T00:00:00.000000000Z,90660
usdt_eth,2024-08-17T00:00:00.000000000Z,66986
usdt_eth,2024-08-18T00:00:00.000000000Z,63710
usdt_eth,2024-08-19T00:00:00.000000000Z,87874
usdt_eth,2024-08-20T00:00:00.000000000Z,97962
usdt_eth,2024-08-21T00:00:00.000000000Z,96883
usdt_eth,2024-08-22T00:00:00.000000000Z,94048
usdt_eth,2024-08-23T00:00:00.000000000Z,102614
usdt_eth,2024-08-24T00:00:00.000000000Z,82017
usdt_eth,2024-08-25T00:00:00.000000000Z,74695
usdt_eth,2024-08-26T00:00:00.000000000Z,102697
usdt_eth,2024-08-27T00:00:00.000000000Z,107228
usdt_eth,2024-08-28T00:00:00.000000000Z,110975
usdt_eth,2024-08-29T00:00:00.000000000Z,115693
usdt_eth,2024-08-30T00:00:00.000000000Z,113558
usdt_eth,2024-08-31T00:00:00.000000000Z,89492
usdt_eth,2024-09-01T00:00:00.000000000Z,84272
usdt_eth,2024-09-02T00:00:00.000000000Z,100452
usdt_eth,2024-09-03T00:00:00.000000000Z,105736
usdt_eth,2024-09-04T00:00:00.000000000Z,104794
usdt_eth,2024-09-05T00:00:00.000000000Z,91740
usdt_eth,2024-09-06T00:00:00.000000000Z,112668
usdt_eth,2024-09-07T00:00:00.000000000Z,118433
usdt_eth,2024-09-08T00:00:00.000000000Z,147186
usdt_eth,2024-09-09T00:00:00.000000000Z,122348
usdt_eth,2024-09-10T00:00:00.000000000Z,98571
usdt_eth,2024-09-11T00:00:00.000000000Z,108884
usdt_eth,2024-09-12T00:00:00.000000000Z,125165
usdt_eth,2024-09-13T00:00:00.000000000Z,136414
usdt_eth,2024-09-14T00:00:00.000000000Z,128860
usdt_eth,2024-09-15T00:00:00.000000000Z,170322
usdt_eth,2024-09-16T00:00:00.000000000Z,111049
usdt_eth,2024-09-17T00:00:00.000000000Z,95645
usdt_eth,2024-09-18T00:00:00.000000000Z,90545
usdt_eth,2024-09-19T00:00:00.000000000Z,87812
usdt_eth,2024-09-20T00:00:00.000000000Z,85605
usdt_eth,2024-09-21T00:00:00.000000000Z,66748
usdt_eth,2024-09-22T00:00:00.000000000Z,64850
usdt_eth,2024-09-23T00:00:00.000000000Z,82595
usdt_eth,2024-09-24T00:00:00.000000000Z,84811
usdt_eth,2024-09-25T00:00:00.000000000Z,84601
usdt_eth,2024-09-26T00:00:00.000000000Z,87768
usdt_eth,2024-09-27T00:00:00.000000000Z,94044
usdt_eth,2024-09-28T00:00:00.000000000Z,85456
usdt_eth,2024-09-29T00:00:00.000000000Z,67278
usdt_eth,2024-09-30T00:00:00.000000000Z,97644
usdt_eth,2024-10-01T00:00:00.000000000Z,95655
usdt_eth,2024-10-02T00:00:00.000000000Z,96922
usdt_eth,2024-10-03T00:00:00.000000000Z,103626
usdt_eth,2024-10-04T00:00:00.000000000Z,97200
usdt_eth,2024-10-05T00:00:00.000000000Z,73644
usdt_eth,2024-10-06T00:00:00.000000000Z,67744
usdt_eth,2024-10-07T00:00:00.000000000Z,85914
usdt_eth,2024-10-08T00:00:00.000000000Z,84843
usdt_eth,2024-10-09T00:00:00.000000000Z,84505
usdt_eth,2024-10-10T00:00:00.000000000Z,94760
usdt_eth,2024-10-11T00:00:00.000000000Z,83840
usdt_eth,2024-10-12T00:00:00.000000000Z,69080
usdt_eth,2024-10-13T00:00:00.000000000Z,64617
usdt_eth,2024-10-14T00:00:00.000000000Z,88869
usdt_eth,2024-10-15T00:00:00.000000000Z,93315
usdt_eth,2024-10-16T00:00:00.000000000Z,93080
usdt_eth,2024-10-17T00:00:00.000000000Z,82204
usdt_eth,2024-10-18T00:00:00.000000000Z,79492
usdt_eth,2024-10-19T00:00:00.000000000Z,65869
usdt_eth,2024-10-20T00:00:00.000000000Z,68269
usdt_eth,2024-10-21T00:00:00.000000000Z,88082
usdt_eth,2024-10-22T00:00:00.000000000Z,89426
usdt_eth,2024-10-23T00:00:00.000000000Z,87884
usdt_eth,2024-10-24T00:00:00.000000000Z,86578
usdt_eth,2024-10-25T00:00:00.000000000Z,95703
usdt_eth,2024-10-26T00:00:00.000000000Z,76787
usdt_eth,2024-10-27T00:00:00.000000000Z,64560
usdt_eth,2024-10-28T00:00:00.000000000Z,88197
usdt_eth,2024-10-29T00:00:00.000000000Z,94992
usdt_eth,2024-10-30T00:00:00.000000000Z,89847
usdt_eth,2024-10-31T00:00:00.000000000Z,93004
usdt_eth,2024-11-01T00:00:00.000000000Z,104291
usdt_eth,2024-11-02T00:00:00.000000000Z,78695
usdt_eth,2024-11-03T00:00:00.000000000Z,75137
usdt_eth,2024-11-04T00:00:00.000000000Z,95617
usdt_eth,2024-11-05T00:00:00.000000000Z,99980
usdt_eth,2024-11-06T00:00:00.000000000Z,105863
usdt_eth,2024-11-07T00:00:00.000000000Z,97689
usdt_eth,2024-11-08T00:00:00.000000000Z,115257
usdt_eth,2024-11-09T00:00:00.000000000Z,80232
usdt_eth,2024-11-10T00:00:00.000000000Z,87373
usdt_eth,2024-11-11T00:00:00.000000000Z,108944
usdt_eth,2024-11-12T00:00:00.000000000Z,109373
usdt_eth,2024-11-13T00:00:00.000000000Z,99831
usdt_eth,2024-11-14T00:00:00.000000000Z,101307
usdt_eth,2024-11-15T00:00:00.000000000Z,117994
usdt_eth,2024-11-16T00:00:00.000000000Z,86964
usdt_eth,2024-11-17T00:00:00.000000000Z,80687
usdt_eth,2024-11-18T00:00:00.000000000Z,102210
usdt_eth,2024-11-19T00:00:00.000000000Z,100353
usdt_eth,2024-11-20T00:00:00.000000000Z,103584
usdt_eth,2024-11-21T00:00:00.000000000Z,106848
usdt_eth,2024-11-22T00:00:00.000000000Z,112253
usdt_eth,2024-11-23T00:00:00.000000000Z,90221
usdt_eth,2024-11-24T00:00:00.000000000Z,84473
usdt_eth,2024-11-25T00:00:00.000000000Z,105102
usdt_eth,2024-11-26T00:00:00.000000000Z,106280
usdt_eth,2024-11-27T00:00:00.000000000Z,103661
usdt_eth,2024-11-28T00:00:00.000000000Z,109962
usdt_eth,2024-11-29T00:00:00.000000000Z,116491
usdt_eth,2024-11-30T00:00:00.000000000Z,93629
usdt_eth,2024-12-01T00:00:00.000000000Z,91649
usdt_eth,2024-12-02T00:00:00.000000000Z,120013
usdt_eth,2024-12-03T00:00:00.000000000Z,120511
usdt_eth,2024-12-04T00:00:00.000000000Z,115500
usdt_eth,2024-12-05T00:00:00.000000000Z,120693
usdt_eth,2024-12-06T00:00:00.000000000Z,113963
usdt_eth,2024-12-07T00:00:00.000000000Z,93676
usdt_eth,2024-12-08T00:00:00.000000000Z,99357
usdt_eth,2024-12-09T00:00:00.000000000Z,107201
usdt_eth,2024-12-10T00:00:00.000000000Z,134832
usdt_eth,2024-12-11T00:00:00.000000000Z,108019
usdt_eth,2024-12-12T00:00:00.000000000Z,106802
usdt_eth,2024-12-13T00:00:00.000000000Z,99634
usdt_eth,2024-12-14T00:00:00.000000000Z,86226
usdt_eth,2024-12-15T00:00:00.000000000Z,82347
usdt_eth,2024-12-16T00:00:00.000000000Z,106795
usdt_eth,2024-12-17T00:00:00.000000000Z,110352
usdt_eth,2024-12-18T00:00:00.000000000Z,104365
usdt_eth,2024-12-19T00:00:00.000000000Z,111220
usdt_eth,2024-12-20T00:00:00.000000000Z,116008
usdt_eth,2024-12-21T00:00:00.000000000Z,106573
usdt_eth,2024-12-22T00:00:00.000000000Z,87180
usdt_eth,2024-12-23T00:00:00.000000000Z,107285
usdt_eth,2024-12-24T00:00:00.000000000Z,99352
usdt_eth,2024-12-25T00:00:00.000000000Z,79264
usdt_eth,2024-12-26T00:00:00.000000000Z,85311
usdt_eth,2024-12-27T00:00:00.000000000Z,100267
usdt_eth,2024-12-28T00:00:00.000000000Z,90332
usdt_eth,2024-12-29T00:00:00.000000000Z,87760
usdt_eth,2024-12-30T00:00:00.000000000Z,101696
usdt_eth,2024-12-31T00:00:00.000000000Z,94292
usdt_eth,2025-01-01T00:00:00.000000000Z,65377
usdt_eth,2025-01-02T00:00:00.000000000Z,82119
usdt_eth,2025-01-03T00:00:00.000000000Z,89451
usdt_eth,2025-01-04T00:00:00.000000000Z,74038
usdt_eth,2025-01-05T00:00:00.000000000Z,68376
usdt_eth,2025-01-06T00:00:00.000000000Z,86651
usdt_eth,2025-01-07T00:00:00.000000000Z,95828
usdt_eth,2025-01-08T00:00:00.000000000Z,96092
usdt_eth,2025-01-09T00:00:00.000000000Z,94068
usdt_eth,2025-01-10T00:00:00.000000000Z,94944
usdt_eth,2025-01-11T00:00:00.000000000Z,78546
usdt_eth,2025-01-12T00:00:00.000000000Z,74278
usdt_eth,2025-01-13T00:00:00.000000000Z,101680
usdt_eth,2025-01-14T00:00:00.000000000Z,95789
usdt_eth,2025-01-15T00:00:00.000000000Z,103024
usdt_eth,2025-01-16T00:00:00.000000000Z,105634
usdt_eth,2025-01-17T00:00:00.000000000Z,96431
usdt_eth,2025-01-18T00:00:00.000000000Z,87370
usdt_eth,2025-01-19T00:00:00.000000000Z,102204
usdt_eth,2025-01-20T00:00:00.000000000Z,123056
usdt_eth,2025-01-21T00:00:00.000000000Z,103105
usdt_eth,2025-01-22T00:00:00.000000000Z,104383
usdt_eth,2025-01-23T00:00:00.000000000Z,107450
usdt_eth,2025-01-24T00:00:00.000000000Z,94803
usdt_eth,2025-01-25T00:00:00.000000000Z,76472
usdt_eth,2025-01-26T00:00:00.000000000Z,84613
usdt_eth,2025-01-27T00:00:00.000000000Z,100518
usdt_eth,2025-01-28T00:00:00.000000000Z,100505
usdt_eth,2025-01-29T00:00:00.000000000Z,96084
usdt_eth,2025-01-30T00:00:00.000000000Z,97100
usdt_eth,2025-01-31T00:00:00.000000000Z,102943
usdt_eth,2025-02-01T00:00:00.000000000Z,85780
usdt_eth,2025-02-02T00:00:00.000000000Z,87651
usdt_eth,2025-02-03T00:00:00.000000000Z,126332
usdt_eth,2025-02-04T00:00:00.000000000Z,119371
usdt_eth,2025-02-05T00:00:00.000000000Z,104234
usdt_eth,2025-02-06T00:00:00.000000000Z,108675
usdt_eth,2025-02-07T00:00:00.000000000Z,103539
usdt_eth,2025-02-08T00:00:00.000000000Z,79879
usdt_eth,2025-02-09T00:00:00.000000000Z,94368
usdt_eth,2025-02-10T00:00:00.000000000Z,126698
usdt_eth,2025-02-11T00:00:00.000000000Z,113766
usdt_eth,2025-02-12T00:00:00.000000000Z,107414
usdt_eth,2025-02-13T00:00:00.000000000Z,104846
usdt_eth,2025-02-14T00:00:00.000000000Z,103155
usdt_eth,2025-02-15T00:00:00.000000000Z,83797
usdt_eth,2025-02-16T00:00:00.000000000Z,77500
usdt_eth,2025-02-17T00:00:00.000000000Z,102346
usdt_eth,2025-02-18T00:00:00.000000000Z,107819
usdt_eth,2025-02-19T00:00:00.000000000Z,101583
usdt_eth,2025-02-20T00:00:00.000000000Z,110999
usdt_eth,2025-02-21T00:00:00.000000000Z,108645
usdt_eth,2025-02-22T00:00:00.000000000Z,98503
usdt_eth,2025-02-23T00:00:00.000000000Z,77764
usdt_eth,2025-02-24T00:00:00.000000000Z,112466
usdt_eth,2025-02-25T00:00:00.000000000Z,136605
usdt_eth,2025-02-26T00:00:00.000000000Z,116292
usdt_eth,2025-02-27T00:00:00.000000000Z,121387
usdt_eth,2025-02-28T00:00:00.000000000Z,135076
usdt_eth,2025-03-01T00:00:00.000000000Z,116885
usdt_eth,2025-03-02T00:00:00.000000000Z,94093
usdt_eth,2025-03-03T00:00:00.000000000Z,137063
usdt_eth,2025-03-04T00:00:00.000000000Z,132430
usdt_eth,2025-03-05T00:00:00.000000000Z,116820
usdt_eth,2025-03-06T00:00:00.000000000Z,126541
usdt_eth,2025-03-07T00:00:00.000000000Z,129483
usdt_eth,2025-03-08T00:00:00.000000000Z,91129
usdt_eth,2025-03-09T00:00:00.000000000Z,90486
usdt_eth,2025-03-10T00:00:00.000000000Z,135372
usdt_eth,2025-03-11T00:00:00.000000000Z,143510
usdt_eth,2025-03-12T00:00:00.000000000Z,115824
usdt_eth,2025-03-13T00:00:00.000000000Z,115254
usdt_eth,2025-03-14T00:00:00.000000000Z,111070
usdt_eth,2025-03-15T00:00:00.000000000Z,88506
usdt_eth,2025-03-16T00:00:00.000000000Z,81896
usdt_eth,2025-03-17T00:00:00.000000000Z,111832
usdt_eth,2025-03-18T00:00:00.000000000Z,110079
usdt_eth,2025-03-19T00:00:00.000000000Z,110107
usdt_eth,2025-03-20T00:00:00.000000000Z,116276
usdt_eth,2025-03-21T00:00:00.000000000Z,106985
usdt_eth,2025-03-22T00:00:00.000000000Z,93646
usdt_eth,2025-03-23T00:00:00.000000000Z,90158
usdt_eth,2025-03-24T00:00:00.000000000Z,128954
usdt_eth,2025-03-25T00:00:00.000000000Z,129813
usdt_eth,2025-03-26T00:00:00.000000000Z,120879
usdt_eth,2025-03-27T00:00:00.000000000Z,133015
usdt_eth,2025-03-28T00:00:00.000000000Z,131923
usdt_eth,2025-03-29T00:00:00.000000000Z,100283
usdt_eth,2025-03-30T00:00:00.000000000Z,92135
usdt_eth,2025-03-31T00:00:00.000000000Z,127182
usdt_eth,2025-04-01T00:00:00.000000000Z,129848
usdt_eth,2025-04-02T00:00:00.000000000Z,128783
usdt_eth,2025-04-03T00:00:00.000000000Z,196656
usdt_eth,2025-04-04T00:00:00.000000000Z,127592
usdt_eth,2025-04-05T00:00:00.000000000Z,91448
usdt_eth,2025-04-06T00:00:00.000000000Z,120495
usdt_eth,2025-04-07T00:00:00.000000000Z,149465
usdt_eth,2025-04-08T00:00:00.000000000Z,143745
usdt_eth,2025-04-09T00:00:00.000000000Z,134728
usdt_eth,2025-04-10T00:00:00.000000000Z,147856
usdt_eth,2025-04-11T00:00:00.000000000Z,117958
usdt_eth,2025-04-12T00:00:00.000000000Z,90906
usdt_eth,2025-04-13T00:00:00.000000000Z,87057
usdt_eth,2025-04-14T00:00:00.000000000Z,114048
usdt_eth,2025-04-15T00:00:00.000000000Z,123261
usdt_eth,2025-04-16T00:00:00.000000000Z,114576
usdt_eth,2025-04-17T00:00:00.000000000Z,138264
usdt_eth,2025-04-18T00:00:00.000000000Z,124062
usdt_eth,2025-04-19T00:00:00.000000000Z,140003
usdt_eth,2025-04-20T00:00:00.000000000Z,95555
usdt_eth,2025-04-21T00:00:00.000000000Z,129811
usdt_eth,2025-04-22T00:00:00.000000000Z,131809
usdt_eth,2025-04-23T00:00:00.000000000Z,148332
usdt_eth,2025-04-24T00:00:00.000000000Z,223619
usdt_eth,2025-04-25T00:00:00.000000000Z,177923
usdt_eth,2025-04-26T00:00:00.000000000Z,146948
usdt_eth,2025-04-27T00:00:00.000000000Z,124118
usdt_eth,2025-04-28T00:00:00.000000000Z,157670
usdt_eth,2025-04-29T00:00:00.000000000Z,154734
usdt_eth,2025-04-30T00:00:00.000000000Z,155927
usdt_eth,2025-05-01T00:00:00.000000000Z,141414
usdt_eth,2025-05-02T00:00:00.000000000Z,120966
usdt_eth,2025-05-03T00:00:00.000000000Z,115287
usdt_eth,2025-05-04T00:00:00.000000000Z,98839
usdt_eth,2025-05-05T00:00:00.000000000Z,125378
usdt_eth,2025-05-06T00:00:00.000000000Z,158386
usdt_eth,2025-05-07T00:00:00.000000000Z,138116
usdt_eth,2025-05-08T00:00:00.000000000Z,134728
usdt_eth,2025-05-09T00:00:00.000000000Z,138385
usdt_eth,2025-05-10T00:00:00.000000000Z,103365
usdt_eth,2025-05-11T00:00:00.000000000Z,89783
usdt_eth,2025-05-12T00:00:00.000000000Z,121510
usdt_eth,2025-05-13T00:00:00.000000000Z,121308
usdt_eth,2025-05-14T00:00:00.000000000Z,124945
usdt_eth,2025-05-15T00:00:00.000000000Z,131006
usdt_eth,2025-05-16T00:00:00.000000000Z,130756
usdt_eth,2025-05-17T00:00:00.000000000Z,121862
usdt_eth,2025-05-18T00:00:00.000000000Z,98595
usdt_eth,2025-05-19T00:00:00.000000000Z,133357
usdt_eth,2025-05-20T00:00:00.000000000Z,140636
usdt_eth,2025-05-21T00:00:00.000000000Z,131420
usdt_eth,2025-05-22T00:00:00.000000000Z,134926
usdt_eth,2025-05-23T00:00:00.000000000Z,123988
usdt_eth,2025-05-24T00:00:00.000000000Z,119293
usdt_eth,2025-05-25T00:00:00.000000000Z,97750
usdt_eth,2025-05-26T00:00:00.000000000Z,126473
usdt_eth,2025-05-27T00:00:00.000000000Z,124807
usdt_eth,2025-05-28T00:00:00.000000000Z,129166
usdt_eth,2025-05-29T00:00:00.000000000Z,118161
usdt_eth,2025-05-30T00:00:00.000000000Z,126681
usdt_eth,2025-05-31T00:00:00.000000000Z,117008
usdt_eth,2025-06-01T00:00:00.000000000Z,115115
usdt_eth,2025-06-02T00:00:00.000000000Z,127689
usdt_eth,2025-06-03T00:00:00.000000000Z,129246
usdt_eth,2025-06-04T00:00:00.000000000Z,125345
usdt_eth,2025-06-05T00:00:00.000000000Z,134028
usdt_eth,2025-06-06T00:00:00.000000000Z,140345
usdt_eth,2025-06-07T00:00:00.000000000Z,144570
usdt_eth,2025-06-08T00:00:00.000000000Z,135967
usdt_eth,2025-06-09T00:00:00.000000000Z,136502
usdt_eth,2025-06-10T00:00:00.000000000Z,141707
usdt_eth,2025-06-11T00:00:00.000000000Z,155942
usdt_eth,2025-06-12T00:00:00.000000000Z,142636
usdt_eth,2025-06-13T00:00:00.000000000Z,149575
usdt_eth,2025-06-14T00:00:00.000000000Z,114109
usdt_eth,2025-06-15T00:00:00.000000000Z,119734
usdt_eth,2025-06-16T00:00:00.000000000Z,132043
usdt_eth,2025-06-17T00:00:00.000000000Z,149680
usdt_eth,2025-06-18T00:00:00.000000000Z,147379
usdt_eth,2025-06-19T00:00:00.000000000Z,128785
usdt_eth,2025-06-20T00:00:00.000000000Z,132362
usdt_eth,2025-06-21T00:00:00.000000000Z,111332
usdt_eth,2025-06-22T00:00:00.000000000Z,111100
usdt_eth,2025-06-23T00:00:00.000000000Z,134272
usdt_eth,2025-06-24T00:00:00.000000000Z,135247
usdt_eth,2025-06-25T00:00:00.000000000Z,129459
usdt_eth,2025-06-26T00:00:00.000000000Z,140522
usdt_eth,2025-06-27T00:00:00.000000000Z,161189
usdt_eth,2025-06-28T00:00:00.000000000Z,113131
usdt_eth,2025-06-29T00:00:00.000000000Z,105824
usdt_eth,2025-06-30T00:00:00.000000000Z,144532
usdt_eth,2025-07-01T00:00:00.000000000Z,166977
usdt_eth,2025-07-02T00:00:00.000000000Z,152222
usdt_eth,2025-07-03T00:00:00.000000000Z,157657
usdt_eth,2025-07-04T00:00:00.000000000Z,134070
usdt_eth,2025-07-05T00:00:00.000000000Z,113689
usdt_eth,2025-07-06T00:00:00.000000000Z,98779
usdt_eth,2025-07-07T00:00:00.000000000Z,135270
usdt_eth,2025-07-08T00:00:00.000000000Z,134064
usdt_eth,2025-07-09T00:00:00.000000000Z,133916
usdt_eth,2025-07-10T00:00:00.000000000Z,136952
usdt_eth,2025-07-11T00:00:00.000000000Z,145732
usdt_eth,2025-07-12T00:00:00.000000000Z,134213
usdt_eth,2025-07-13T00:00:00.000000000Z,110923
usdt_eth,2025-07-14T00:00:00.000000000Z,136532
usdt_eth,2025-07-15T00:00:00.000000000Z,136649
usdt_eth,2025-07-16T00:00:00.000000000Z,133536
usdt_eth,2025-07-17T00:00:00.000000000Z,134965
usdt_eth,2025-07-18T00:00:00.000000000Z,130031
usdt_eth,2025-07-19T00:00:00.000000000Z,135887
usdt_eth,2025-07-20T00:00:00.000000000Z,127519
usdt_eth,2025-07-21T00:00:00.000000000Z,134660
usdt_eth,2025-07-22T00:00:00.000000000Z,139159
usdt_eth,2025-07-23T00:00:00.000000000Z,142556
usdt_eth,2025-07-24T00:00:00.000000000Z,150984
usdt_eth,2025-07-25T00:00:00.000000000Z,137427
usdt_eth,2025-07-26T00:00:00.000000000Z,104202
usdt_eth,2025-07-27T00:00:00.000000000Z,104641
usdt_eth,2025-07-28T00:00:00.000000000Z,142889
usdt_eth,2025-07-29T00:00:00.000000000Z,143403
usdt_eth,2025-07-30T00:00:00.000000000Z,124134
usdt_eth,2025-07-31T00:00:00.000000000Z,138017
usdt_eth,2025-08-01T00:00:00.000000000Z,182110
usdt_eth,2025-08-02T00:00:00.000000000Z,134908
usdt_eth,2025-08-03T00:00:00.000000000Z,110373
usdt_eth,2025-08-04T00:00:00.000000000Z,148525
usdt_eth,2025-08-05T00:00:00.000000000Z,146342
usdt_eth,2025-08-06T00:00:00.000000000Z,147427
usdt_eth,2025-08-07T00:00:00.000000000Z,152932
usdt_eth,2025-08-08T00:00:00.000000000Z,158055
usdt_eth,2025-08-09T00:00:00.000000000Z,125129
usdt_eth,2025-08-10T00:00:00.000000000Z,127393
usdt_eth,2025-08-11T00:00:00.000000000Z,154749
usdt_eth,2025-08-12T00:00:00.000000000Z,163344
usdt_eth,2025-08-13T00:00:00.000000000Z,150444
usdt_eth,2025-08-14T00:00:00.000000000Z,163858
usdt_eth,2025-08-15T00:00:00.000000000Z,220615
usdt_eth,2025-08-16T00:00:00.000000000Z,134922
usdt_eth,2025-08-17T00:00:00.000000000Z,117139
usdt_eth,2025-08-18T00:00:00.000000000Z,173362
usdt_eth,2025-08-19T00:00:00.000000000Z,167197
usdt_eth,2025-08-20T00:00:00.000000000Z,164386
usdt_eth,2025-08-21T00:00:00.000000000Z,174773
usdt_eth,2025-08-22T00:00:00.000000000Z,152903
usdt_eth,2025-08-23T00:00:00.000000000Z,161837
usdt_eth,2025-08-24T00:00:00.000000000Z,132887
usdt_eth,2025-08-25T00:00:00.000000000Z,163683
usdt_eth,2025-08-26T00:00:00.000000000Z,173643
usdt_eth,2025-08-27T00:00:00.000000000Z,151944
usdt_eth,2025-08-28T00:00:00.000000000Z,180401
usdt_eth,2025-08-29T00:00:00.000000000Z,194794
usdt_eth,2025-08-30T00:00:00.000000000Z,141338
usdt_eth,2025-08-31T00:00:00.000000000Z,171414
usdt_eth,2025-09-01T00:00:00.000000000Z,174503
usdt_eth,2025-09-02T00:00:00.000000000Z,203820
usdt_eth,2025-09-03T00:00:00.000000000Z,202094
usdt_eth,2025-09-04T00:00:00.000000000Z,166158
usdt_eth,2025-09-05T00:00:00.000000000Z,180271
usdt_eth,2025-09-06T00:00:00.000000000Z,126160
usdt_eth,2025-09-07T00:00:00.000000000Z,117891
usdt_eth,2025-09-08T00:00:00.000000000Z,158022
usdt_eth,2025-09-09T00:00:00.000000000Z,168317
usdt_eth,2025-09-10T00:00:00.000000000Z,186224
usdt_eth,2025-09-11T00:00:00.000000000Z,179336
usdt_eth,2025-09-12T00:00:00.000000000Z,161605
usdt_eth,2025-09-13T00:00:00.000000000Z,170175
usdt_eth,2025-09-14T00:00:00.000000000Z,131953
usdt_eth,2025-09-15T00:00:00.000000000Z,164204
usdt_eth,2025-09-16T00:00:00.000000000Z,189724
usdt_eth,2025-09-17T00:00:00.000000000Z,184342
usdt_eth,2025-09-18T00:00:00.000000000Z,196835
usdt_eth,2025-09-19T00:00:00.000000000Z,203443
usdt_eth,2025-09-20T00:00:00.000000000Z,182598
usdt_eth,2025-09-21T00:00:00.000000000Z,139509
usdt_eth,2025-09-22T00:00:00.000000000Z,182556
usdt_eth,2025-09-23T00:00:00.000000000Z,172381
usdt_eth,2025-09-24T00:00:00.000000000Z,167051
usdt_eth,2025-09-25T00:00:00.000000000Z,178893
usdt_eth,2025-09-26T00:00:00.000000000Z,204835
usdt_eth,2025-09-27T00:00:00.000000000Z,144220
usdt_eth,2025-09-28T00:00:00.000000000Z,152524
usdt_eth,2025-09-29T00:00:00.000000000Z,182897
usdt_eth,2025-09-30T00:00:00.000000000Z,203291
usdt_eth,2025-10-01T00:00:00.000000000Z,226999
usdt_eth,2025-10-02T00:00:00.000000000Z,201673
usdt_eth,2025-10-03T00:00:00.000000000Z,202575
usdt_eth,2025-10-04T00:00:00.000000000Z,143773
usdt_eth,2025-10-05T00:00:00.000000000Z,144099
usdt_eth,2025-10-06T00:00:00.000000000Z,175919
usdt_eth,2025-10-07T00:00:00.000000000Z,181611
usdt_eth,2025-10-08T00:00:00.000000000Z,207629
usdt_eth,2025-10-09T00:00:00.000000000Z,186551
usdt_eth,2025-10-10T00:00:00.000000000Z,186268
usdt_eth,2025-10-11T00:00:00.000000000Z,183057
usdt_eth,2025-10-12T00:00:00.000000000Z,183087
usdt_eth,2025-10-13T00:00:00.000000000Z,185788
usdt_eth,2025-10-14T00:00:00.000000000Z,169048
usdt_eth,2025-10-15T00:00:00.000000000Z,198303
usdt_eth,2025-10-16T00:00:00.000000000Z,174466
usdt_eth,2025-10-17T00:00:00.000000000Z,200654
usdt_eth,2025-10-18T00:00:00.000000000Z,158894
usdt_eth,2025-10-19T00:00:00.000000000Z,132384
usdt_eth,2025-10-20T00:00:00.000000000Z,162896
usdt_eth,2025-10-21T00:00:00.000000000Z,173562
usdt_eth,2025-10-22T00:00:00.000000000Z,173780
usdt_eth,2025-10-23T00:00:00.000000000Z,223748
usdt_eth,2025-10-24T00:00:00.000000000Z,201449
usdt_eth,2025-10-25T00:00:00.000000000Z,142335
usdt_eth,2025-10-26T00:00:00.000000000Z,142196
usdt_eth,2025-10-27T00:00:00.000000000Z,201546
usdt_eth,2025-10-28T00:00:00.000000000Z,203815
usdt_eth,2025-10-29T00:00:00.000000000Z,198549
usdt_eth,2025-10-30T00:00:00.000000000Z,203860
usdt_eth,2025-10-31T00:00:00.000000000Z,198125
usdt_eth,2025-11-01T00:00:00.000000000Z,157916
usdt_eth,2025-11-02T00:00:00.000000000Z,148003
usdt_eth,2025-11-03T00:00:00.000000000Z,187492
usdt_eth,2025-11-04T00:00:00.000000000Z,198776
usdt_eth,2025-11-05T00:00:00.000000000Z,208748
usdt_eth,2025-11-06T00:00:00.000000000Z,217772
usdt_eth,2025-11-07T00:00:00.000000000Z,206122
usdt_eth,2025-11-08T00:00:00.000000000Z,264948
usdt_eth,2025-11-09T00:00:00.000000000Z,164196
usdt_eth,2025-11-10T00:00:00.000000000Z,196805
usdt_eth,2025-11-11T00:00:00.000000000Z,182120
usdt_eth,2025-11-12T00:00:00.000000000Z,178461
usdt_eth,2025-11-13T00:00:00.000000000Z,184932
usdt_eth,2025-11-14T00:00:00.000000000Z,209912
usdt_eth,2025-11-15T00:00:00.000000000Z,181697
usdt_eth,2025-11-16T00:00:00.000000000Z,152278
usdt_eth,2025-11-17T00:00:00.000000000Z,201179
usdt_eth,2025-11-18T00:00:00.000000000Z,211610
usdt_eth,2025-11-19T00:00:00.000000000Z,185088
usdt_eth,2025-11-20T00:00:00.000000000Z,201832
usdt_eth,2025-11-21T00:00:00.000000000Z,194812
usdt_eth,2025-11-22T00:00:00.000000000Z,178448
usdt_eth,2025-11-23T00:00:00.000000000Z,165596
usdt_eth,2025-11-24T00:00:00.000000000Z,189488
usdt_eth,2025-11-25T00:00:00.000000000Z,202684
usdt_eth,2025-11-26T00:00:00.000000000Z,222439
usdt_eth,2025-11-27T00:00:00.000000000Z,245095
usdt_eth,2025-11-28T00:00:00.000000000Z,221141
usdt_eth,2025-11-29T00:00:00.000000000Z,156771
usdt_eth,2025-11-30T00:00:00.000000000Z,149884
usdt_eth,2025-12-01T00:00:00.000000000Z,237419
usdt_eth,2025-12-02T00:00:00.000000000Z,231452
usdt_eth,2025-12-03T00:00:00.000000000Z,225930
usdt_eth,2025-12-04T00:00:00.000000000Z,216003
usdt_eth,2025-12-05T00:00:00.000000000Z,204083
usdt_eth,2025-12-06T00:00:00.000000000Z,167145
usdt_eth,2025-12-07T00:00:00.000000000Z,137133
usdt_eth,2025-12-08T00:00:00.000000000Z,172150
usdt_eth,2025-12-09T00:00:00.000000000Z,200275
usdt_eth,2025-12-10T00:00:00.000000000Z,206523
usdt_eth,2025-12-11T00:00:00.000000000Z,257786
usdt_eth,2025-12-12T00:00:00.000000000Z,200403
usdt_eth,2025-12-13T00:00:00.000000000Z,159310
usdt_eth,2025-12-14T00:00:00.000000000Z,164132
usdt_eth,2025-12-15T00:00:00.000000000Z,228184
usdt_eth,2025-12-16T00:00:00.000000000Z,237529
usdt_eth,2025-12-17T00:00:00.000000000Z,227153
usdt_eth,2025-12-18T00:00:00.000000000Z,209846
usdt_eth,2025-12-19T00:00:00.000000000Z,208937
usdt_eth,2025-12-20T00:00:00.000000000Z,209268
usdt_eth,2025-12-21T00:00:00.000000000Z,194571
usdt_eth,2025-12-22T00:00:00.000000000Z,283168
usdt_eth,2025-12-23T00:00:00.000000000Z,375404
usdt_eth,2025-12-24T00:00:00.000000000Z,313673
usdt_eth,2025-12-25T00:00:00.000000000Z,222960
usdt_eth,2025-12-26T00:00:00.000000000Z,273831
usdt_eth,2025-12-27T00:00:00.000000000Z,247154
usdt_eth,2025-12-28T00:00:00.000000000Z,254071
usdt_eth,2025-12-29T00:00:00.000000000Z,313113
usdt_eth,2025-12-30T00:00:00.000000000Z,341431
usdt_eth,2025-12-31T00:00:00.000000000Z,293448
usdt_trx,2020-01-01T00:00:00.000000000Z,1053
usdt_trx,2020-01-02T00:00:00.000000000Z,2285
usdt_trx,2020-01-03T00:00:00.000000000Z,11054
usdt_trx,2020-01-04T00:00:00.000000000Z,18485
usdt_trx,2020-01-05T00:00:00.000000000Z,18354
usdt_trx,2020-01-06T00:00:00.000000000Z,18675
usdt_trx,2020-01-07T00:00:00.000000000Z,11784
usdt_trx,2020-01-08T00:00:00.000000000Z,18380
usdt_trx,2020-01-09T00:00:00.000000000Z,18802
usdt_trx,2020-01-10T00:00:00.000000000Z,18985
usdt_trx,2020-01-11T00:00:00.000000000Z,18753
usdt_trx,2020-01-12T00:00:00.000000000Z,18616
usdt_trx,2020-01-13T00:00:00.000000000Z,19061
usdt_trx,2020-01-14T00:00:00.000000000Z,19965
usdt_trx,2020-01-15T00:00:00.000000000Z,13721
usdt_trx,2020-01-16T00:00:00.000000000Z,18890
usdt_trx,2020-01-17T00:00:00.000000000Z,19124
usdt_trx,2020-01-18T00:00:00.000000000Z,19092
usdt_trx,2020-01-19T00:00:00.000000000Z,19263
usdt_trx,2020-01-20T00:00:00.000000000Z,18987
usdt_trx,2020-01-21T00:00:00.000000000Z,11375
usdt_trx,2020-01-22T00:00:00.000000000Z,17539
usdt_trx,2020-01-23T00:00:00.000000000Z,1505
usdt_trx,2020-01-24T00:00:00.000000000Z,11020
usdt_trx,2020-01-25T00:00:00.000000000Z,18339
usdt_trx,2020-01-26T00:00:00.000000000Z,17349
usdt_trx,2020-01-27T00:00:00.000000000Z,18491
usdt_trx,2020-01-28T00:00:00.000000000Z,19414
usdt_trx,2020-01-29T00:00:00.000000000Z,22819
usdt_trx,2020-01-30T00:00:00.000000000Z,19683
usdt_trx,2020-01-31T00:00:00.000000000Z,20072
usdt_trx,2020-02-01T00:00:00.000000000Z,1995
usdt_trx,2020-02-02T00:00:00.000000000Z,19117
usdt_trx,2020-02-03T00:00:00.000000000Z,19240
usdt_trx,2020-02-04T00:00:00.000000000Z,18964
usdt_trx,2020-02-05T00:00:00.000000000Z,20010
usdt_trx,2020-02-06T00:00:00.000000000Z,2750
usdt_trx,2020-02-07T00:00:00.000000000Z,3094
usdt_trx,2020-02-08T00:00:00.000000000Z,2226
usdt_trx,2020-02-09T00:00:00.000000000Z,19852
usdt_trx,2020-02-10T00:00:00.000000000Z,21428
usdt_trx,2020-02-11T00:00:00.000000000Z,20519
usdt_trx,2020-02-12T00:00:00.000000000Z,14411
usdt_trx,2020-02-13T00:00:00.000000000Z,20278
usdt_trx,2020-02-14T00:00:00.000000000Z,3373
usdt_trx,2020-02-15T00:00:00.000000000Z,3195
usdt_trx,2020-02-16T00:00:00.000000000Z,2573
usdt_trx,2020-02-17T00:00:00.000000000Z,2629
usdt_trx,2020-02-18T00:00:00.000000000Z,2523
usdt_trx,2020-02-19T00:00:00.000000000Z,2924
usdt_trx,2020-02-20T00:00:00.000000000Z,2912
usdt_trx,2020-02-21T00:00:00.000000000Z,2648
usdt_trx,2020-02-22T00:00:00.000000000Z,2566
usdt_trx,2020-02-23T00:00:00.000000000Z,2545
usdt_trx,2020-02-24T00:00:00.000000000Z,3144
usdt_trx,2020-02-25T00:00:00.000000000Z,3638
usdt_trx,2020-02-26T00:00:00.000000000Z,3822
usdt_trx,2020-02-27T00:00:00.000000000Z,3380
usdt_trx,2020-02-28T00:00:00.000000000Z,2780
usdt_trx,2020-02-29T00:00:00.000000000Z,2796
usdt_trx,2020-03-01T00:00:00.000000000Z,2300
usdt_trx,2020-03-02T00:00:00.000000000Z,3130
usdt_trx,2020-03-03T00:00:00.000000000Z,4119
usdt_trx,2020-03-04T00:00:00.000000000Z,4136
usdt_trx,2020-03-05T00:00:00.000000000Z,3286
usdt_trx,2020-03-06T00:00:00.000000000Z,2882
usdt_trx,2020-03-07T00:00:00.000000000Z,3043
usdt_trx,2020-03-08T00:00:00.000000000Z,21130
usdt_trx,2020-03-09T00:00:00.000000000Z,22297
usdt_trx,2020-03-10T00:00:00.000000000Z,21231
usdt_trx,2020-03-11T00:00:00.000000000Z,21343
usdt_trx,2020-03-12T00:00:00.000000000Z,22772
usdt_trx,2020-03-13T00:00:00.000000000Z,20972
usdt_trx,2020-03-14T00:00:00.000000000Z,19211
usdt_trx,2020-03-15T00:00:00.000000000Z,21928
usdt_trx,2020-03-16T00:00:00.000000000Z,24402
usdt_trx,2020-03-17T00:00:00.000000000Z,22000
usdt_trx,2020-03-18T00:00:00.000000000Z,19539
usdt_trx,2020-03-19T00:00:00.000000000Z,20297
usdt_trx,2020-03-20T00:00:00.000000000Z,19895
usdt_trx,2020-03-21T00:00:00.000000000Z,20472
usdt_trx,2020-03-22T00:00:00.000000000Z,12338
usdt_trx,2020-03-23T00:00:00.000000000Z,4825
usdt_trx,2020-03-24T00:00:00.000000000Z,3077
usdt_trx,2020-03-25T00:00:00.000000000Z,3801
usdt_trx,2020-03-26T00:00:00.000000000Z,4398
usdt_trx,2020-03-27T00:00:00.000000000Z,4647
usdt_trx,2020-03-28T00:00:00.000000000Z,17542
usdt_trx,2020-03-29T00:00:00.000000000Z,21396
usdt_trx,2020-03-30T00:00:00.000000000Z,21865
usdt_trx,2020-03-31T00:00:00.000000000Z,21926
usdt_trx,2020-04-01T00:00:00.000000000Z,16219
usdt_trx,2020-04-02T00:00:00.000000000Z,22638
usdt_trx,2020-04-03T00:00:00.000000000Z,20399
usdt_trx,2020-04-04T00:00:00.000000000Z,21670
usdt_trx,2020-04-05T00:00:00.000000000Z,3951
usdt_trx,2020-04-06T00:00:00.000000000Z,4872
usdt_trx,2020-04-07T00:00:00.000000000Z,4648
usdt_trx,2020-04-08T00:00:00.000000000Z,7041
usdt_trx,2020-04-09T00:00:00.000000000Z,5477
usdt_trx,2020-04-10T00:00:00.000000000Z,5095
usdt_trx,2020-04-11T00:00:00.000000000Z,22461
usdt_trx,2020-04-12T00:00:00.000000000Z,22953
usdt_trx,2020-04-13T00:00:00.000000000Z,5603
usdt_trx,2020-04-14T00:00:00.000000000Z,6105
usdt_trx,2020-04-15T00:00:00.000000000Z,7804
usdt_trx,2020-04-16T00:00:00.000000000Z,18183
usdt_trx,2020-04-17T00:00:00.000000000Z,24634
usdt_trx,2020-04-18T00:00:00.000000000Z,24097
usdt_trx,2020-04-19T00:00:00.000000000Z,24425
usdt_trx,2020-04-20T00:00:00.000000000Z,24590
usdt_trx,2020-04-21T00:00:00.000000000Z,24090
usdt_trx,2020-04-22T00:00:00.000000000Z,24684
usdt_trx,2020-04-23T00:00:00.000000000Z,24046
usdt_trx,2020-04-24T00:00:00.000000000Z,21664
usdt_trx,2020-04-25T00:00:00.000000000Z,4061
usdt_trx,2020-04-26T00:00:00.000000000Z,3906
usdt_trx,2020-04-27T00:00:00.000000000Z,5852
usdt_trx,2020-04-28T00:00:00.000000000Z,4354
usdt_trx,2020-04-29T00:00:00.000000000Z,6021
usdt_trx,2020-04-30T00:00:00.000000000Z,6796
usdt_trx,2020-05-01T00:00:00.000000000Z,4175
usdt_trx,2020-05-02T00:00:00.000000000Z,3929
usdt_trx,2020-05-03T00:00:00.000000000Z,3861
usdt_trx,2020-05-04T00:00:00.000000000Z,4463
usdt_trx,2020-05-05T00:00:00.000000000Z,5203
usdt_trx,2020-05-06T00:00:00.000000000Z,6065
usdt_trx,2020-05-07T00:00:00.000000000Z,5743
usdt_trx,2020-05-08T00:00:00.000000000Z,4707
usdt_trx,2020-05-09T00:00:00.000000000Z,4573
usdt_trx,2020-05-10T00:00:00.000000000Z,5343
usdt_trx,2020-05-11T00:00:00.000000000Z,5621
usdt_trx,2020-05-12T00:00:00.000000000Z,4794
usdt_trx,2020-05-13T00:00:00.000000000Z,8050
usdt_trx,2020-05-14T00:00:00.000000000Z,7786
usdt_trx,2020-05-15T00:00:00.000000000Z,5514
usdt_trx,2020-05-16T00:00:00.000000000Z,4897
usdt_trx,2020-05-17T00:00:00.000000000Z,4610
usdt_trx,2020-05-18T00:00:00.000000000Z,5397
usdt_trx,2020-05-19T00:00:00.000000000Z,4812
usdt_trx,2020-05-20T00:00:00.000000000Z,5486
usdt_trx,2020-05-21T00:00:00.000000000Z,6869
usdt_trx,2020-05-22T00:00:00.000000000Z,8438
usdt_trx,2020-05-23T00:00:00.000000000Z,9141
usdt_trx,2020-05-24T00:00:00.000000000Z,8798
usdt_trx,2020-05-25T00:00:00.000000000Z,8829
usdt_trx,2020-05-26T00:00:00.000000000Z,8585
usdt_trx,2020-05-27T00:00:00.000000000Z,8755
usdt_trx,2020-05-28T00:00:00.000000000Z,9165
usdt_trx,2020-05-29T00:00:00.000000000Z,9769
usdt_trx,2020-05-30T00:00:00.000000000Z,10278
usdt_trx,2020-05-31T00:00:00.000000000Z,9986
usdt_trx,2020-06-01T00:00:00.000000000Z,11528
usdt_trx,2020-06-02T00:00:00.000000000Z,12150
usdt_trx,2020-06-03T00:00:00.000000000Z,11626
usdt_trx,2020-06-04T00:00:00.000000000Z,12231
usdt_trx,2020-06-05T00:00:00.000000000Z,13364
usdt_trx,2020-06-06T00:00:00.000000000Z,11742
usdt_trx,2020-06-07T00:00:00.000000000Z,12502
usdt_trx,2020-06-08T00:00:00.000000000Z,16734
usdt_trx,2020-06-09T00:00:00.000000000Z,18967
usdt_trx,2020-06-10T00:00:00.000000000Z,18150
usdt_trx,2020-06-11T00:00:00.000000000Z,17068
usdt_trx,2020-06-12T00:00:00.000000000Z,16755
usdt_trx,2020-06-13T00:00:00.000000000Z,13328
usdt_trx,2020-06-14T00:00:00.000000000Z,13207
usdt_trx,2020-06-15T00:00:00.000000000Z,15808
usdt_trx,2020-06-16T00:00:00.000000000Z,14587
usdt_trx,2020-06-17T00:00:00.000000000Z,14324
usdt_trx,2020-06-18T00:00:00.000000000Z,14715
usdt_trx,2020-06-19T00:00:00.000000000Z,15074
usdt_trx,2020-06-20T00:00:00.000000000Z,17972
usdt_trx,2020-06-21T00:00:00.000000000Z,18082
usdt_trx,2020-06-22T00:00:00.000000000Z,19343
usdt_trx,2020-06-23T00:00:00.000000000Z,17140
usdt_trx,2020-06-24T00:00:00.000000000Z,18941
usdt_trx,2020-06-25T00:00:00.000000000Z,17053
usdt_trx,2020-06-26T00:00:00.000000000Z,16871
usdt_trx,2020-06-27T00:00:00.000000000Z,17371
usdt_trx,2020-06-28T00:00:00.000000000Z,18602
usdt_trx,2020-06-29T00:00:00.000000000Z,17890
usdt_trx,2020-06-30T00:00:00.000000000Z,19846
usdt_trx,2020-07-01T00:00:00.000000000Z,17508
usdt_trx,2020-07-02T00:00:00.000000000Z,21258
usdt_trx,2020-07-03T00:00:00.000000000Z,20029
usdt_trx,2020-07-04T00:00:00.000000000Z,17001
usdt_trx,2020-07-05T00:00:00.000000000Z,17023
usdt_trx,2020-07-06T00:00:00.000000000Z,18631
usdt_trx,2020-07-07T00:00:00.000000000Z,18548
usdt_trx,2020-07-08T00:00:00.000000000Z,18983
usdt_trx,2020-07-09T00:00:00.000000000Z,18264
usdt_trx,2020-07-10T00:00:00.000000000Z,17694
usdt_trx,2020-07-11T00:00:00.000000000Z,18449
usdt_trx,2020-07-12T00:00:00.000000000Z,15803
usdt_trx,2020-07-13T00:00:00.000000000Z,19131
usdt_trx,2020-07-14T00:00:00.000000000Z,17784
usdt_trx,2020-07-15T00:00:00.000000000Z,18047
usdt_trx,2020-07-16T00:00:00.000000000Z,18265
usdt_trx,2020-07-17T00:00:00.000000000Z,18563
usdt_trx,2020-07-18T00:00:00.000000000Z,18311
usdt_trx,2020-07-19T00:00:00.000000000Z,17073
usdt_trx,2020-07-20T00:00:00.000000000Z,20689
usdt_trx,2020-07-21T00:00:00.000000000Z,21202
usdt_trx,2020-07-22T00:00:00.000000000Z,22110
usdt_trx,2020-07-23T00:00:00.000000000Z,22104
usdt_trx,2020-07-24T00:00:00.000000000Z,23342
usdt_trx,2020-07-25T00:00:00.000000000Z,21518
usdt_trx,2020-07-26T00:00:00.000000000Z,19875
usdt_trx,2020-07-27T00:00:00.000000000Z,21539
usdt_trx,2020-07-28T00:00:00.000000000Z,20353
usdt_trx,2020-07-29T00:00:00.000000000Z,32564
usdt_trx,2020-07-30T00:00:00.000000000Z,32587
usdt_trx,2020-07-31T00:00:00.000000000Z,33430
usdt_trx,2020-08-01T00:00:00.000000000Z,39063
usdt_trx,2020-08-02T00:00:00.000000000Z,36231
usdt_trx,2020-08-03T00:00:00.000000000Z,34549
usdt_trx,2020-08-04T00:00:00.000000000Z,24653
usdt_trx,2020-08-05T00:00:00.000000000Z,27242
usdt_trx,2020-08-06T00:00:00.000000000Z,42866
usdt_trx,2020-08-07T00:00:00.000000000Z,44549
usdt_trx,2020-08-08T00:00:00.000000000Z,41094
usdt_trx,2020-08-09T00:00:00.000000000Z,39424
usdt_trx,2020-08-10T00:00:00.000000000Z,44134
usdt_trx,2020-08-11T00:00:00.000000000Z,48264
usdt_trx,2020-08-12T00:00:00.000000000Z,49756
usdt_trx,2020-08-13T00:00:00.000000000Z,53469
usdt_trx,2020-08-14T00:00:00.000000000Z,55250
usdt_trx,2020-08-15T00:00:00.000000000Z,50242
usdt_trx,2020-08-16T00:00:00.000000000Z,49607
usdt_trx,2020-08-17T00:00:00.000000000Z,61617
usdt_trx,2020-08-18T00:00:00.000000000Z,54434
usdt_trx,2020-08-19T00:00:00.000000000Z,35177
usdt_trx,2020-08-20T00:00:00.000000000Z,49930
usdt_trx,2020-08-21T00:00:00.000000000Z,52634
usdt_trx,2020-08-22T00:00:00.000000000Z,51955
usdt_trx,2020-08-23T00:00:00.000000000Z,48620
usdt_trx,2020-08-24T00:00:00.000000000Z,50734
usdt_trx,2020-08-25T00:00:00.000000000Z,54539
usdt_trx,2020-08-26T00:00:00.000000000Z,67913
usdt_trx,2020-08-27T00:00:00.000000000Z,63464
usdt_trx,2020-08-28T00:00:00.000000000Z,49131
usdt_trx,2020-08-29T00:00:00.000000000Z,44298
usdt_trx,2020-08-30T00:00:00.000000000Z,74407
usdt_trx,2020-08-31T00:00:00.000000000Z,65028
usdt_trx,2020-09-01T00:00:00.000000000Z,68308
usdt_trx,2020-09-02T00:00:00.000000000Z,74788
usdt_trx,2020-09-03T00:00:00.000000000Z,82843
usdt_trx,2020-09-04T00:00:00.000000000Z,81495
usdt_trx,2020-09-05T00:00:00.000000000Z,76073
usdt_trx,2020-09-06T00:00:00.000000000Z,69873
usdt_trx,2020-09-07T00:00:00.000000000Z,73473
usdt_trx,2020-09-08T00:00:00.000000000Z,73559
usdt_trx,2020-09-09T00:00:00.000000000Z,58073
usdt_trx,2020-09-10T00:00:00.000000000Z,58414
usdt_trx,2020-09-11T00:00:00.000000000Z,69112
usdt_trx,2020-09-12T00:00:00.000000000Z,62443
usdt_trx,2020-09-13T00:00:00.000000000Z,46909
usdt_trx,2020-09-14T00:00:00.000000000Z,60380
usdt_trx,2020-09-15T00:00:00.000000000Z,65825
usdt_trx,2020-09-16T00:00:00.000000000Z,58336
usdt_trx,2020-09-17T00:00:00.000000000Z,65014
usdt_trx,2020-09-18T00:00:00.000000000Z,77292
usdt_trx,2020-09-19T00:00:00.000000000Z,75492
usdt_trx,2020-09-20T00:00:00.000000000Z,67154
usdt_trx,2020-09-21T00:00:00.000000000Z,61821
usdt_trx,2020-09-22T00:00:00.000000000Z,62698
usdt_trx,2020-09-23T00:00:00.000000000Z,74084
usdt_trx,2020-09-24T00:00:00.000000000Z,65124
usdt_trx,2020-09-25T00:00:00.000000000Z,76006
usdt_trx,2020-09-26T00:00:00.000000000Z,86977
usdt_trx,2020-09-27T00:00:00.000000000Z,76558
usdt_trx,2020-09-28T00:00:00.000000000Z,80074
usdt_trx,2020-09-29T00:00:00.000000000Z,68647
usdt_trx,2020-09-30T00:00:00.000000000Z,62130
usdt_trx,2020-10-01T00:00:00.000000000Z,54734
usdt_trx,2020-10-02T00:00:00.000000000Z,62477
usdt_trx,2020-10-03T00:00:00.000000000Z,58279
usdt_trx,2020-10-04T00:00:00.000000000Z,58007
usdt_trx,2020-10-05T00:00:00.000000000Z,65644
usdt_trx,2020-10-06T00:00:00.000000000Z,46873
usdt_trx,2020-10-07T00:00:00.000000000Z,70200
usdt_trx,2020-10-08T00:00:00.000000000Z,78808
usdt_trx,2020-10-09T00:00:00.000000000Z,79290
usdt_trx,2020-10-10T00:00:00.000000000Z,88517
usdt_trx,2020-10-11T00:00:00.000000000Z,66682
usdt_trx,2020-10-12T00:00:00.000000000Z,74818
usdt_trx,2020-10-13T00:00:00.000000000Z,70727
usdt_trx,2020-10-14T00:00:00.000000000Z,74958
usdt_trx,2020-10-15T00:00:00.000000000Z,81259
usdt_trx,2020-10-16T00:00:00.000000000Z,75842
usdt_trx,2020-10-17T00:00:00.000000000Z,71288
usdt_trx,2020-10-18T00:00:00.000000000Z,66284
usdt_trx,2020-10-19T00:00:00.000000000Z,78347
usdt_trx,2020-10-20T00:00:00.000000000Z,91677
usdt_trx,2020-10-21T00:00:00.000000000Z,163258
usdt_trx,2020-10-22T00:00:00.000000000Z,105348
usdt_trx,2020-10-23T00:00:00.000000000Z,68801
usdt_trx,2020-10-24T00:00:00.000000000Z,73721
usdt_trx,2020-10-25T00:00:00.000000000Z,86505
usdt_trx,2020-10-26T00:00:00.000000000Z,75623
usdt_trx,2020-10-27T00:00:00.000000000Z,76310
usdt_trx,2020-10-28T00:00:00.000000000Z,63151
usdt_trx,2020-10-29T00:00:00.000000000Z,75470
usdt_trx,2020-10-30T00:00:00.000000000Z,71994
usdt_trx,2020-10-31T00:00:00.000000000Z,70096
usdt_trx,2020-11-01T00:00:00.000000000Z,65974
usdt_trx,2020-11-02T00:00:00.000000000Z,85202
usdt_trx,2020-11-03T00:00:00.000000000Z,60766
usdt_trx,2020-11-04T00:00:00.000000000Z,66449
usdt_trx,2020-11-05T00:00:00.000000000Z,73699
usdt_trx,2020-11-06T00:00:00.000000000Z,84530
usdt_trx,2020-11-07T00:00:00.000000000Z,79009
usdt_trx,2020-11-08T00:00:00.000000000Z,58018
usdt_trx,2020-11-09T00:00:00.000000000Z,66075
usdt_trx,2020-11-10T00:00:00.000000000Z,75206
usdt_trx,2020-11-11T00:00:00.000000000Z,72272
usdt_trx,2020-11-12T00:00:00.000000000Z,101292
usdt_trx,2020-11-13T00:00:00.000000000Z,82269
usdt_trx,2020-11-14T00:00:00.000000000Z,60350
usdt_trx,2020-11-15T00:00:00.000000000Z,57903
usdt_trx,2020-11-16T00:00:00.000000000Z,61755
usdt_trx,2020-11-17T00:00:00.000000000Z,73982
usdt_trx,2020-11-18T00:00:00.000000000Z,57894
usdt_trx,2020-11-19T00:00:00.000000000Z,66431
usdt_trx,2020-11-20T00:00:00.000000000Z,59347
usdt_trx,2020-11-21T00:00:00.000000000Z,54685
usdt_trx,2020-11-22T00:00:00.000000000Z,71809
usdt_trx,2020-11-23T00:00:00.000000000Z,81285
usdt_trx,2020-11-24T00:00:00.000000000Z,86018
usdt_trx,2020-11-25T00:00:00.000000000Z,55223
usdt_trx,2020-11-26T00:00:00.000000000Z,75070
usdt_trx,2020-11-27T00:00:00.000000000Z,69166
usdt_trx,2020-11-28T00:00:00.000000000Z,70996
usdt_trx,2020-11-29T00:00:00.000000000Z,55961
usdt_trx,2020-11-30T00:00:00.000000000Z,69045
usdt_trx,2020-12-01T00:00:00.000000000Z,76142
usdt_trx,2020-12-02T00:00:00.000000000Z,69135
usdt_trx,2020-12-03T00:00:00.000000000Z,77651
usdt_trx,2020-12-04T00:00:00.000000000Z,123491
usdt_trx,2020-12-05T00:00:00.000000000Z,97171
usdt_trx,2020-12-06T00:00:00.000000000Z,49045
usdt_trx,2020-12-07T00:00:00.000000000Z,55298
usdt_trx,2020-12-08T00:00:00.000000000Z,63932
usdt_trx,2020-12-09T00:00:00.000000000Z,64049
usdt_trx,2020-12-10T00:00:00.000000000Z,64844
usdt_trx,2020-12-11T00:00:00.000000000Z,55779
usdt_trx,2020-12-12T00:00:00.000000000Z,58060
usdt_trx,2020-12-13T00:00:00.000000000Z,53565
usdt_trx,2020-12-14T00:00:00.000000000Z,61058
usdt_trx,2020-12-15T00:00:00.000000000Z,59225
usdt_trx,2020-12-16T00:00:00.000000000Z,69696
usdt_trx,2020-12-17T00:00:00.000000000Z,104120
usdt_trx,2020-12-18T00:00:00.000000000Z,79704
usdt_trx,2020-12-19T00:00:00.000000000Z,76932
usdt_trx,2020-12-20T00:00:00.000000000Z,65690
usdt_trx,2020-12-21T00:00:00.000000000Z,76032
usdt_trx,2020-12-22T00:00:00.000000000Z,69799
usdt_trx,2020-12-23T00:00:00.000000000Z,82777
usdt_trx,2020-12-24T00:00:00.000000000Z,87583
usdt_trx,2020-12-25T00:00:00.000000000Z,82640
usdt_trx,2020-12-26T00:00:00.000000000Z,83080
usdt_trx,2020-12-27T00:00:00.000000000Z,77439
usdt_trx,2020-12-28T00:00:00.000000000Z,94032
usdt_trx,2020-12-29T00:00:00.000000000Z,101761
usdt_trx,2020-12-30T00:00:00.000000000Z,85091
usdt_trx,2020-12-31T00:00:00.000000000Z,92602
usdt_trx,2021-01-01T00:00:00.000000000Z,75953
usdt_trx,2021-01-02T00:00:00.000000000Z,80404
usdt_trx,2021-01-03T00:00:00.000000000Z,87713
usdt_trx,2021-01-04T00:00:00.000000000Z,104462
usdt_trx,2021-01-05T00:00:00.000000000Z,96576
usdt_trx,2021-01-06T00:00:00.000000000Z,113580
usdt_trx,2021-01-07T00:00:00.000000000Z,104946
usdt_trx,2021-01-08T00:00:00.000000000Z,101654
usdt_trx,2021-01-09T00:00:00.000000000Z,103942
usdt_trx,2021-01-10T00:00:00.000000000Z,110881
usdt_trx,2021-01-11T00:00:00.000000000Z,108787
usdt_trx,2021-01-12T00:00:00.000000000Z,89148
usdt_trx,2021-01-13T00:00:00.000000000Z,111891
usdt_trx,2021-01-14T00:00:00.000000000Z,103311
usdt_trx,2021-01-15T00:00:00.000000000Z,91319
usdt_trx,2021-01-16T00:00:00.000000000Z,97248
usdt_trx,2021-01-17T00:00:00.000000000Z,103403
usdt_trx,2021-01-18T00:00:00.000000000Z,119629
usdt_trx,2021-01-19T00:00:00.000000000Z,130865
usdt_trx,2021-01-20T00:00:00.000000000Z,129240
usdt_trx,2021-01-21T00:00:00.000000000Z,152282
usdt_trx,2021-01-22T00:00:00.000000000Z,128483
usdt_trx,2021-01-23T00:00:00.000000000Z,108419
usdt_trx,2021-01-24T00:00:00.000000000Z,116943
usdt_trx,2021-01-25T00:00:00.000000000Z,132380
usdt_trx,2021-01-26T00:00:00.000000000Z,111893
usdt_trx,2021-01-27T00:00:00.000000000Z,107060
usdt_trx,2021-01-28T00:00:00.000000000Z,119186
usdt_trx,2021-01-29T00:00:00.000000000Z,157728
usdt_trx,2021-01-30T00:00:00.000000000Z,140247
usdt_trx,2021-01-31T00:00:00.000000000Z,141352
usdt_trx,2021-02-01T00:00:00.000000000Z,148381
usdt_trx,2021-02-02T00:00:00.000000000Z,148921
usdt_trx,2021-02-03T00:00:00.000000000Z,157226
usdt_trx,2021-02-04T00:00:00.000000000Z,166728
usdt_trx,2021-02-05T00:00:00.000000000Z,177249
usdt_trx,2021-02-06T00:00:00.000000000Z,181332
usdt_trx,2021-02-07T00:00:00.000000000Z,167099
usdt_trx,2021-02-08T00:00:00.000000000Z,192221
usdt_trx,2021-02-09T00:00:00.000000000Z,215572
usdt_trx,2021-02-10T00:00:00.000000000Z,212787
usdt_trx,2021-02-11T00:00:00.000000000Z,183821
usdt_trx,2021-02-12T00:00:00.000000000Z,155516
usdt_trx,2021-02-13T00:00:00.000000000Z,163723
usdt_trx,2021-02-14T00:00:00.000000000Z,158843
usdt_trx,2021-02-15T00:00:00.000000000Z,185206
usdt_trx,2021-02-16T00:00:00.000000000Z,187567
usdt_trx,2021-02-17T00:00:00.000000000Z,189186
usdt_trx,2021-02-18T00:00:00.000000000Z,276824
usdt_trx,2021-02-19T00:00:00.000000000Z,246771
usdt_trx,2021-02-20T00:00:00.000000000Z,243445
usdt_trx,2021-02-21T00:00:00.000000000Z,222788
usdt_trx,2021-02-22T00:00:00.000000000Z,247732
usdt_trx,2021-02-23T00:00:00.000000000Z,236640
usdt_trx,2021-02-24T00:00:00.000000000Z,232679
usdt_trx,2021-02-25T00:00:00.000000000Z,232112
usdt_trx,2021-02-26T00:00:00.000000000Z,200564
usdt_trx,2021-02-27T00:00:00.000000000Z,194905
usdt_trx,2021-02-28T00:00:00.000000000Z,214137
usdt_trx,2021-03-01T00:00:00.000000000Z,299524
usdt_trx,2021-03-02T00:00:00.000000000Z,205331
usdt_trx,2021-03-03T00:00:00.000000000Z,210681
usdt_trx,2021-03-04T00:00:00.000000000Z,186914
usdt_trx,2021-03-05T00:00:00.000000000Z,181480
usdt_trx,2021-03-06T00:00:00.000000000Z,157427
usdt_trx,2021-03-07T00:00:00.000000000Z,174461
usdt_trx,2021-03-08T00:00:00.000000000Z,187923
usdt_trx,2021-03-09T00:00:00.000000000Z,215826
usdt_trx,2021-03-10T00:00:00.000000000Z,224490
usdt_trx,2021-03-11T00:00:00.000000000Z,260932
usdt_trx,2021-03-12T00:00:00.000000000Z,215318
usdt_trx,2021-03-13T00:00:00.000000000Z,215839
usdt_trx,2021-03-14T00:00:00.000000000Z,210944
usdt_trx,2021-03-15T00:00:00.000000000Z,257551
usdt_trx,2021-03-16T00:00:00.000000000Z,247556
usdt_trx,2021-03-17T00:00:00.000000000Z,229457
usdt_trx,2021-03-18T00:00:00.000000000Z,522234
usdt_trx,2021-03-19T00:00:00.000000000Z,400930
usdt_trx,2021-03-20T00:00:00.000000000Z,253726
usdt_trx,2021-03-21T00:00:00.000000000Z,237246
usdt_trx,2021-03-22T00:00:00.000000000Z,263209
usdt_trx,2021-03-23T00:00:00.000000000Z,235245
usdt_trx,2021-03-24T00:00:00.000000000Z,283977
usdt_trx,2021-03-25T00:00:00.000000000Z,232793
usdt_trx,2021-03-26T00:00:00.000000000Z,233422
usdt_trx,2021-03-27T00:00:00.000000000Z,214241
usdt_trx,2021-03-28T00:00:00.000000000Z,206298
usdt_trx,2021-03-29T00:00:00.000000000Z,255863
usdt_trx,2021-03-30T00:00:00.000000000Z,302369
usdt_trx,2021-03-31T00:00:00.000000000Z,314060
usdt_trx,2021-04-01T00:00:00.000000000Z,318882
usdt_trx,2021-04-02T00:00:00.000000000Z,310375
usdt_trx,2021-04-03T00:00:00.000000000Z,283991
usdt_trx,2021-04-04T00:00:00.000000000Z,299296
usdt_trx,2021-04-05T00:00:00.000000000Z,304015
usdt_trx,2021-04-06T00:00:00.000000000Z,312639
usdt_trx,2021-04-07T00:00:00.000000000Z,288251
usdt_trx,2021-04-08T00:00:00.000000000Z,273055
usdt_trx,2021-04-09T00:00:00.000000000Z,269422
usdt_trx,2021-04-10T00:00:00.000000000Z,257263
usdt_trx,2021-04-11T00:00:00.000000000Z,262542
usdt_trx,2021-04-12T00:00:00.000000000Z,312965
usdt_trx,2021-04-13T00:00:00.000000000Z,290892
usdt_trx,2021-04-14T00:00:00.000000000Z,295162
usdt_trx,2021-04-15T00:00:00.000000000Z,327811
usdt_trx,2021-04-16T00:00:00.000000000Z,324658
usdt_trx,2021-04-17T00:00:00.000000000Z,354489
usdt_trx,2021-04-18T00:00:00.000000000Z,318434
usdt_trx,2021-04-19T00:00:00.000000000Z,373028
usdt_trx,2021-04-20T00:00:00.000000000Z,385787
usdt_trx,2021-04-21T00:00:00.000000000Z,377517
usdt_trx,2021-04-22T00:00:00.000000000Z,290314
usdt_trx,2021-04-23T00:00:00.000000000Z,299062
usdt_trx,2021-04-24T00:00:00.000000000Z,222933
usdt_trx,2021-04-25T00:00:00.000000000Z,220897
usdt_trx,2021-04-26T00:00:00.000000000Z,304176
usdt_trx,2021-04-27T00:00:00.000000000Z,289207
usdt_trx,2021-04-28T00:00:00.000000000Z,267020
usdt_trx,2021-04-29T00:00:00.000000000Z,267583
usdt_trx,2021-04-30T00:00:00.000000000Z,297269
usdt_trx,2021-05-01T00:00:00.000000000Z,262280
usdt_trx,2021-05-02T00:00:00.000000000Z,246319
usdt_trx,2021-05-03T00:00:00.000000000Z,290281
usdt_trx,2021-05-04T00:00:00.000000000Z,343009
usdt_trx,2021-05-05T00:00:00.000000000Z,320542
usdt_trx,2021-05-06T00:00:00.000000000Z,360166
usdt_trx,2021-05-07T00:00:00.000000000Z,372410
usdt_trx,2021-05-08T00:00:00.000000000Z,468235
usdt_trx,2021-05-09T00:00:00.000000000Z,444408
usdt_trx,2021-05-10T00:00:00.000000000Z,701089
usdt_trx,2021-05-11T00:00:00.000000000Z,718800
usdt_trx,2021-05-12T00:00:00.000000000Z,607392
usdt_trx,2021-05-13T00:00:00.000000000Z,478169
usdt_trx,2021-05-14T00:00:00.000000000Z,480374
usdt_trx,2021-05-15T00:00:00.000000000Z,394181
usdt_trx,2021-05-16T00:00:00.000000000Z,361022
usdt_trx,2021-05-17T00:00:00.000000000Z,396966
usdt_trx,2021-05-18T00:00:00.000000000Z,412174
usdt_trx,2021-05-19T00:00:00.000000000Z,434710
usdt_trx,2021-05-20T00:00:00.000000000Z,366697
usdt_trx,2021-05-21T00:00:00.000000000Z,333603
usdt_trx,2021-05-22T00:00:00.000000000Z,262101
usdt_trx,2021-05-23T00:00:00.000000000Z,269512
usdt_trx,2021-05-24T00:00:00.000000000Z,517575
usdt_trx,2021-05-25T00:00:00.000000000Z,275213
usdt_trx,2021-05-26T00:00:00.000000000Z,295422
usdt_trx,2021-05-27T00:00:00.000000000Z,240156
usdt_trx,2021-05-28T00:00:00.000000000Z,255903
usdt_trx,2021-05-29T00:00:00.000000000Z,523982
usdt_trx,2021-05-30T00:00:00.000000000Z,786049
usdt_trx,2021-05-31T00:00:00.000000000Z,241623
usdt_trx,2021-06-01T00:00:00.000000000Z,271994
usdt_trx,2021-06-02T00:00:00.000000000Z,323011
usdt_trx,2021-06-03T00:00:00.000000000Z,312990
usdt_trx,2021-06-04T00:00:00.000000000Z,299941
usdt_trx,2021-06-05T00:00:00.000000000Z,253147
usdt_trx,2021-06-06T00:00:00.000000000Z,220996
usdt_trx,2021-06-07T00:00:00.000000000Z,261190
usdt_trx,2021-06-08T00:00:00.000000000Z,276253
usdt_trx,2021-06-09T00:00:00.000000000Z,286735
usdt_trx,2021-06-10T00:00:00.000000000Z,265631
usdt_trx,2021-06-11T00:00:00.000000000Z,272521
usdt_trx,2021-06-12T00:00:00.000000000Z,228636
usdt_trx,2021-06-13T00:00:00.000000000Z,193619
usdt_trx,2021-06-14T00:00:00.000000000Z,231643
usdt_trx,2021-06-15T00:00:00.000000000Z,246524
usdt_trx,2021-06-16T00:00:00.000000000Z,245557
usdt_trx,2021-06-17T00:00:00.000000000Z,275332
usdt_trx,2021-06-18T00:00:00.000000000Z,262613
usdt_trx,2021-06-19T00:00:00.000000000Z,219635
usdt_trx,2021-06-20T00:00:00.000000000Z,222685
usdt_trx,2021-06-21T00:00:00.000000000Z,282878
usdt_trx,2021-06-22T00:00:00.000000000Z,319292
usdt_trx,2021-06-23T00:00:00.000000000Z,227861
usdt_trx,2021-06-24T00:00:00.000000000Z,245542
usdt_trx,2021-06-25T00:00:00.000000000Z,232321
usdt_trx,2021-06-26T00:00:00.000000000Z,214689
usdt_trx,2021-06-27T00:00:00.000000000Z,200651
usdt_trx,2021-06-28T00:00:00.000000000Z,228070
usdt_trx,2021-06-29T00:00:00.000000000Z,249967
usdt_trx,2021-06-30T00:00:00.000000000Z,254524
usdt_trx,2021-07-01T00:00:00.000000000Z,309079
usdt_trx,2021-07-02T00:00:00.000000000Z,271813
usdt_trx,2021-07-03T00:00:00.000000000Z,211350
usdt_trx,2021-07-04T00:00:00.000000000Z,228021
usdt_trx,2021-07-05T00:00:00.000000000Z,255550
usdt_trx,2021-07-06T00:00:00.000000000Z,364287
usdt_trx,2021-07-07T00:00:00.000000000Z,305932
usdt_trx,2021-07-08T00:00:00.000000000Z,256797
usdt_trx,2021-07-09T00:00:00.000000000Z,259460
usdt_trx,2021-07-10T00:00:00.000000000Z,232034
usdt_trx,2021-07-11T00:00:00.000000000Z,213954
usdt_trx,2021-07-12T00:00:00.000000000Z,236273
usdt_trx,2021-07-13T00:00:00.000000000Z,220709
usdt_trx,2021-07-14T00:00:00.000000000Z,222372
usdt_trx,2021-07-15T00:00:00.000000000Z,228600
usdt_trx,2021-07-16T00:00:00.000000000Z,273517
usdt_trx,2021-07-17T00:00:00.000000000Z,203707
usdt_trx,2021-07-18T00:00:00.000000000Z,210265
usdt_trx,2021-07-19T00:00:00.000000000Z,229122
usdt_trx,2021-07-20T00:00:00.000000000Z,228775
usdt_trx,2021-07-21T00:00:00.000000000Z,246654
usdt_trx,2021-07-22T00:00:00.000000000Z,212056
usdt_trx,2021-07-23T00:00:00.000000000Z,223457
usdt_trx,2021-07-24T00:00:00.000000000Z,229898
usdt_trx,2021-07-25T00:00:00.000000000Z,292002
usdt_trx,2021-07-26T00:00:00.000000000Z,294445
usdt_trx,2021-07-27T00:00:00.000000000Z,266183
usdt_trx,2021-07-28T00:00:00.000000000Z,260116
usdt_trx,2021-07-29T00:00:00.000000000Z,267234
usdt_trx,2021-07-30T00:00:00.000000000Z,360078
usdt_trx,2021-07-31T00:00:00.000000000Z,267593
usdt_trx,2021-08-01T00:00:00.000000000Z,260290
usdt_trx,2021-08-02T00:00:00.000000000Z,299676
usdt_trx,2021-08-03T00:00:00.000000000Z,417120
usdt_trx,2021-08-04T00:00:00.000000000Z,336758
usdt_trx,2021-08-05T00:00:00.000000000Z,313801
usdt_trx,2021-08-06T00:00:00.000000000Z,362597
usdt_trx,2021-08-07T00:00:00.000000000Z,331076
usdt_trx,2021-08-08T00:00:00.000000000Z,295418
usdt_trx,2021-08-09T00:00:00.000000000Z,351589
usdt_trx,2021-08-10T00:00:00.000000000Z,338758
usdt_trx,2021-08-11T00:00:00.000000000Z,373844
usdt_trx,2021-08-12T00:00:00.000000000Z,357959
usdt_trx,2021-08-13T00:00:00.000000000Z,378103
usdt_trx,2021-08-14T00:00:00.000000000Z,374165
usdt_trx,2021-08-15T00:00:00.000000000Z,383320
usdt_trx,2021-08-16T00:00:00.000000000Z,389141
usdt_trx,2021-08-17T00:00:00.000000000Z,324037
usdt_trx,2021-08-18T00:00:00.000000000Z,307992
usdt_trx,2021-08-19T00:00:00.000000000Z,316328
usdt_trx,2021-08-20T00:00:00.000000000Z,376338
usdt_trx,2021-08-21T00:00:00.000000000Z,316624
usdt_trx,2021-08-22T00:00:00.000000000Z,342757
usdt_trx,2021-08-23T00:00:00.000000000Z,374416
usdt_trx,2021-08-24T00:00:00.000000000Z,348188
usdt_trx,2021-08-25T00:00:00.000000000Z,344148
usdt_trx,2021-08-26T00:00:00.000000000Z,319993
usdt_trx,2021-08-27T00:00:00.000000000Z,354334
usdt_trx,2021-08-28T00:00:00.000000000Z,305361
usdt_trx,2021-08-29T00:00:00.000000000Z,317933
usdt_trx,2021-08-30T00:00:00.000000000Z,344744
usdt_trx,2021-08-31T00:00:00.000000000Z,357095
usdt_trx,2021-09-01T00:00:00.000000000Z,357228
usdt_trx,2021-09-02T00:00:00.000000000Z,365637
usdt_trx,2021-09-03T00:00:00.000000000Z,396245
usdt_trx,2021-09-04T00:00:00.000000000Z,369994
usdt_trx,2021-09-05T00:00:00.000000000Z,365183
usdt_trx,2021-09-06T00:00:00.000000000Z,440255
usdt_trx,2021-09-07T00:00:00.000000000Z,456095
usdt_trx,2021-09-08T00:00:00.000000000Z,416008
usdt_trx,2021-09-09T00:00:00.000000000Z,372623
usdt_trx,2021-09-10T00:00:00.000000000Z,398161
usdt_trx,2021-09-11T00:00:00.000000000Z,326931
usdt_trx,2021-09-12T00:00:00.000000000Z,340538
usdt_trx,2021-09-13T00:00:00.000000000Z,387517
usdt_trx,2021-09-14T00:00:00.000000000Z,347675
usdt_trx,2021-09-15T00:00:00.000000000Z,356556
usdt_trx,2021-09-16T00:00:00.000000000Z,397712
usdt_trx,2021-09-17T00:00:00.000000000Z,355088
usdt_trx,2021-09-18T00:00:00.000000000Z,309248
usdt_trx,2021-09-19T00:00:00.000000000Z,296283
usdt_trx,2021-09-20T00:00:00.000000000Z,406686
usdt_trx,2021-09-21T00:00:00.000000000Z,329394
usdt_trx,2021-09-22T00:00:00.000000000Z,345999
usdt_trx,2021-09-23T00:00:00.000000000Z,332228
usdt_trx,2021-09-24T00:00:00.000000000Z,399740
usdt_trx,2021-09-25T00:00:00.000000000Z,309565
usdt_trx,2021-09-26T00:00:00.000000000Z,353086
usdt_trx,2021-09-27T00:00:00.000000000Z,330722
usdt_trx,2021-09-28T00:00:00.000000000Z,336786
usdt_trx,2021-09-29T00:00:00.000000000Z,319922
usdt_trx,2021-09-30T00:00:00.000000000Z,355442
usdt_trx,2021-10-01T00:00:00.000000000Z,332459
usdt_trx,2021-10-02T00:00:00.000000000Z,318590
usdt_trx,2021-10-03T00:00:00.000000000Z,301566
usdt_trx,2021-10-04T00:00:00.000000000Z,378831
usdt_trx,2021-10-05T00:00:00.000000000Z,386298
usdt_trx,2021-10-06T00:00:00.000000000Z,407679
usdt_trx,2021-10-07T00:00:00.000000000Z,456095
usdt_trx,2021-10-08T00:00:00.000000000Z,422333
usdt_trx,2021-10-09T00:00:00.000000000Z,387120
usdt_trx,2021-10-10T00:00:00.000000000Z,364560
usdt_trx,2021-10-11T00:00:00.000000000Z,426688
usdt_trx,2021-10-12T00:00:00.000000000Z,400888
usdt_trx,2021-10-13T00:00:00.000000000Z,410409
usdt_trx,2021-10-14T00:00:00.000000000Z,422436
usdt_trx,2021-10-15T00:00:00.000000000Z,428606
usdt_trx,2021-10-16T00:00:00.000000000Z,383296
usdt_trx,2021-10-17T00:00:00.000000000Z,354200
usdt_trx,2021-10-18T00:00:00.000000000Z,425506
usdt_trx,2021-10-19T00:00:00.000000000Z,437457
usdt_trx,2021-10-20T00:00:00.000000000Z,440860
usdt_trx,2021-10-21T00:00:00.000000000Z,447241
usdt_trx,2021-10-22T00:00:00.000000000Z,437374
usdt_trx,2021-10-23T00:00:00.000000000Z,409272
usdt_trx,2021-10-24T00:00:00.000000000Z,402049
usdt_trx,2021-10-25T00:00:00.000000000Z,487166
usdt_trx,2021-10-26T00:00:00.000000000Z,503044
usdt_trx,2021-10-27T00:00:00.000000000Z,550389
usdt_trx,2021-10-28T00:00:00.000000000Z,562703
usdt_trx,2021-10-29T00:00:00.000000000Z,615678
usdt_trx,2021-10-30T00:00:00.000000000Z,560808
usdt_trx,2021-10-31T00:00:00.000000000Z,521402
usdt_trx,2021-11-01T00:00:00.000000000Z,531109
usdt_trx,2021-11-02T00:00:00.000000000Z,606214
usdt_trx,2021-11-03T00:00:00.000000000Z,574553
usdt_trx,2021-11-04T00:00:00.000000000Z,590240
usdt_trx,2021-11-05T00:00:00.000000000Z,605285
usdt_trx,2021-11-06T00:00:00.000000000Z,467103
usdt_trx,2021-11-07T00:00:00.000000000Z,470509
usdt_trx,2021-11-08T00:00:00.000000000Z,584701
usdt_trx,2021-11-09T00:00:00.000000000Z,591225
usdt_trx,2021-11-10T00:00:00.000000000Z,576346
usdt_trx,2021-11-11T00:00:00.000000000Z,552760
usdt_trx,2021-11-12T00:00:00.000000000Z,578452
usdt_trx,2021-11-13T00:00:00.000000000Z,476868
usdt_trx,2021-11-14T00:00:00.000000000Z,466323
usdt_trx,2021-11-15T00:00:00.000000000Z,833560
usdt_trx,2021-11-16T00:00:00.000000000Z,642598
usdt_trx,2021-11-17T00:00:00.000000000Z,527373
usdt_trx,2021-11-18T00:00:00.000000000Z,559795
usdt_trx,2021-11-19T00:00:00.000000000Z,588338
usdt_trx,2021-11-20T00:00:00.000000000Z,453841
usdt_trx,2021-11-21T00:00:00.000000000Z,462328
usdt_trx,2021-11-22T00:00:00.000000000Z,544197
usdt_trx,2021-11-23T00:00:00.000000000Z,527692
usdt_trx,2021-11-24T00:00:00.000000000Z,580129
usdt_trx,2021-11-25T00:00:00.000000000Z,631228
usdt_trx,2021-11-26T00:00:00.000000000Z,610120
usdt_trx,2021-11-27T00:00:00.000000000Z,486523
usdt_trx,2021-11-28T00:00:00.000000000Z,446361
usdt_trx,2021-11-29T00:00:00.000000000Z,549505
usdt_trx,2021-11-30T00:00:00.000000000Z,640869
usdt_trx,2021-12-01T00:00:00.000000000Z,639075
usdt_trx,2021-12-02T00:00:00.000000000Z,548086
usdt_trx,2021-12-03T00:00:00.000000000Z,741010
usdt_trx,2021-12-04T00:00:00.000000000Z,617262
usdt_trx,2021-12-05T00:00:00.000000000Z,473443
usdt_trx,2021-12-06T00:00:00.000000000Z,580985
usdt_trx,2021-12-07T00:00:00.000000000Z,567392
usdt_trx,2021-12-08T00:00:00.000000000Z,519844
usdt_trx,2021-12-09T00:00:00.000000000Z,511874
usdt_trx,2021-12-10T00:00:00.000000000Z,543383
usdt_trx,2021-12-11T00:00:00.000000000Z,421387
usdt_trx,2021-12-12T00:00:00.000000000Z,461825
usdt_trx,2021-12-13T00:00:00.000000000Z,542100
usdt_trx,2021-12-14T00:00:00.000000000Z,542445
usdt_trx,2021-12-15T00:00:00.000000000Z,539902
usdt_trx,2021-12-16T00:00:00.000000000Z,478456
usdt_trx,2021-12-17T00:00:00.000000000Z,477394
usdt_trx,2021-12-18T00:00:00.000000000Z,426556
usdt_trx,2021-12-19T00:00:00.000000000Z,402685
usdt_trx,2021-12-20T00:00:00.000000000Z,538291
usdt_trx,2021-12-21T00:00:00.000000000Z,517181
usdt_trx,2021-12-22T00:00:00.000000000Z,522154
usdt_trx,2021-12-23T00:00:00.000000000Z,484564
usdt_trx,2021-12-24T00:00:00.000000000Z,791506
usdt_trx,2021-12-25T00:00:00.000000000Z,374989
usdt_trx,2021-12-26T00:00:00.000000000Z,387397
usdt_trx,2021-12-27T00:00:00.000000000Z,454768
usdt_trx,2021-12-28T00:00:00.000000000Z,465892
usdt_trx,2021-12-29T00:00:00.000000000Z,473143
usdt_trx,2021-12-30T00:00:00.000000000Z,507064
usdt_trx,2021-12-31T00:00:00.000000000Z,426032
usdt_trx,2022-01-01T00:00:00.000000000Z,341734
usdt_trx,2022-01-02T00:00:00.000000000Z,392341
usdt_trx,2022-01-03T00:00:00.000000000Z,442008
usdt_trx,2022-01-04T00:00:00.000000000Z,477430
usdt_trx,2022-01-05T00:00:00.000000000Z,533209
usdt_trx,2022-01-06T00:00:00.000000000Z,476269
usdt_trx,2022-01-07T00:00:00.000000000Z,497139
usdt_trx,2022-01-08T00:00:00.000000000Z,418784
usdt_trx,2022-01-09T00:00:00.000000000Z,400416
usdt_trx,2022-01-10T00:00:00.000000000Z,486280
usdt_trx,2022-01-11T00:00:00.000000000Z,470171
usdt_trx,2022-01-12T00:00:00.000000000Z,493149
usdt_trx,2022-01-13T00:00:00.000000000Z,445054
usdt_trx,2022-01-14T00:00:00.000000000Z,446187
usdt_trx,2022-01-15T00:00:00.000000000Z,445750
usdt_trx,2022-01-16T00:00:00.000000000Z,424366
usdt_trx,2022-01-17T00:00:00.000000000Z,535134
usdt_trx,2022-01-18T00:00:00.000000000Z,527776
usdt_trx,2022-01-19T00:00:00.000000000Z,477825
usdt_trx,2022-01-20T00:00:00.000000000Z,484784
usdt_trx,2022-01-21T00:00:00.000000000Z,518859
usdt_trx,2022-01-22T00:00:00.000000000Z,530067
usdt_trx,2022-01-23T00:00:00.000000000Z,423733
usdt_trx,2022-01-24T00:00:00.000000000Z,522008
usdt_trx,2022-01-25T00:00:00.000000000Z,600794
usdt_trx,2022-01-26T00:00:00.000000000Z,619417
usdt_trx,2022-01-27T00:00:00.000000000Z,470468
usdt_trx,2022-01-28T00:00:00.000000000Z,468794
usdt_trx,2022-01-29T00:00:00.000000000Z,424632
usdt_trx,2022-01-30T00:00:00.000000000Z,400748
usdt_trx,2022-01-31T00:00:00.000000000Z,456848
usdt_trx,2022-02-01T00:00:00.000000000Z,411489
usdt_trx,2022-02-02T00:00:00.000000000Z,413428
usdt_trx,2022-02-03T00:00:00.000000000Z,407925
usdt_trx,2022-02-04T00:00:00.000000000Z,440458
usdt_trx,2022-02-05T00:00:00.000000000Z,453267
usdt_trx,2022-02-06T00:00:00.000000000Z,444618
usdt_trx,2022-02-07T00:00:00.000000000Z,528906
usdt_trx,2022-02-08T00:00:00.000000000Z,527489
usdt_trx,2022-02-09T00:00:00.000000000Z,565144
usdt_trx,2022-02-10T00:00:00.000000000Z,518708
usdt_trx,2022-02-11T00:00:00.000000000Z,522024
usdt_trx,2022-02-12T00:00:00.000000000Z,463332
usdt_trx,2022-02-13T00:00:00.000000000Z,445427
usdt_trx,2022-02-14T00:00:00.000000000Z,508563
usdt_trx,2022-02-15T00:00:00.000000000Z,555162
usdt_trx,2022-02-16T00:00:00.000000000Z,525763
usdt_trx,2022-02-17T00:00:00.000000000Z,533853
usdt_trx,2022-02-18T00:00:00.000000000Z,508447
usdt_trx,2022-02-19T00:00:00.000000000Z,486267
usdt_trx,2022-02-20T00:00:00.000000000Z,479020
usdt_trx,2022-02-21T00:00:00.000000000Z,518039
usdt_trx,2022-02-22T00:00:00.000000000Z,564868
usdt_trx,2022-02-23T00:00:00.000000000Z,500006
usdt_trx,2022-02-24T00:00:00.000000000Z,586181
usdt_trx,2022-02-25T00:00:00.000000000Z,532897
usdt_trx,2022-02-26T00:00:00.000000000Z,460758
usdt_trx,2022-02-27T00:00:00.000000000Z,452985
usdt_trx,2022-02-28T00:00:00.000000000Z,552009
usdt_trx,2022-03-01T00:00:00.000000000Z,533547
usdt_trx,2022-03-02T00:00:00.000000000Z,526941
usdt_trx,2022-03-03T00:00:00.000000000Z,519623
usdt_trx,2022-03-04T00:00:00.000000000Z,501244
usdt_trx,2022-03-05T00:00:00.000000000Z,495154
usdt_trx,2022-03-06T00:00:00.000000000Z,496620
usdt_trx,2022-03-07T00:00:00.000000000Z,537199
usdt_trx,2022-03-08T00:00:00.000000000Z,548548
usdt_trx,2022-03-09T00:00:00.000000000Z,519096
usdt_trx,2022-03-10T00:00:00.000000000Z,476001
usdt_trx,2022-03-11T00:00:00.000000000Z,452466
usdt_trx,2022-03-12T00:00:00.000000000Z,418131
usdt_trx,2022-03-13T00:00:00.000000000Z,414127
usdt_trx,2022-03-14T00:00:00.000000000Z,512434
usdt_trx,2022-03-15T00:00:00.000000000Z,478535
usdt_trx,2022-03-16T00:00:00.000000000Z,484483
usdt_trx,2022-03-17T00:00:00.000000000Z,488478
usdt_trx,2022-03-18T00:00:00.000000000Z,485632
usdt_trx,2022-03-19T00:00:00.000000000Z,445191
usdt_trx,2022-03-20T00:00:00.000000000Z,438810
usdt_trx,2022-03-21T00:00:00.000000000Z,493815
usdt_trx,2022-03-22T00:00:00.000000000Z,493252
usdt_trx,2022-03-23T00:00:00.000000000Z,483281
usdt_trx,2022-03-24T00:00:00.000000000Z,528466
usdt_trx,2022-03-25T00:00:00.000000000Z,523288
usdt_trx,2022-03-26T00:00:00.000000000Z,453802
usdt_trx,2022-03-27T00:00:00.000000000Z,446705
usdt_trx,2022-03-28T00:00:00.000000000Z,555099
usdt_trx,2022-03-29T00:00:00.000000000Z,567220
usdt_trx,2022-03-30T00:00:00.000000000Z,581946
usdt_trx,2022-03-31T00:00:00.000000000Z,599596
usdt_trx,2022-04-01T00:00:00.000000000Z,569550
usdt_trx,2022-04-02T00:00:00.000000000Z,506566
usdt_trx,2022-04-03T00:00:00.000000000Z,487015
usdt_trx,2022-04-04T00:00:00.000000000Z,577161
usdt_trx,2022-04-05T00:00:00.000000000Z,581466
usdt_trx,2022-04-06T00:00:00.000000000Z,584099
usdt_trx,2022-04-07T00:00:00.000000000Z,549577
usdt_trx,2022-04-08T00:00:00.000000000Z,543792
usdt_trx,2022-04-09T00:00:00.000000000Z,517337
usdt_trx,2022-04-10T00:00:00.000000000Z,494631
usdt_trx,2022-04-11T00:00:00.000000000Z,598176
usdt_trx,2022-04-12T00:00:00.000000000Z,558762
usdt_trx,2022-04-13T00:00:00.000000000Z,550451
usdt_trx,2022-04-14T00:00:00.000000000Z,532228
usdt_trx,2022-04-15T00:00:00.000000000Z,600737
usdt_trx,2022-04-16T00:00:00.000000000Z,498442
usdt_trx,2022-04-17T00:00:00.000000000Z,471348
usdt_trx,2022-04-18T00:00:00.000000000Z,570806
usdt_trx,2022-04-19T00:00:00.000000000Z,638458
usdt_trx,2022-04-20T00:00:00.000000000Z,767934
usdt_trx,2022-04-21T00:00:00.000000000Z,640862
usdt_trx,2022-04-22T00:00:00.000000000Z,618037
usdt_trx,2022-04-23T00:00:00.000000000Z,513181
usdt_trx,2022-04-24T00:00:00.000000000Z,500250
usdt_trx,2022-04-25T00:00:00.000000000Z,627451
usdt_trx,2022-04-26T00:00:00.000000000Z,612748
usdt_trx,2022-04-27T00:00:00.000000000Z,612220
usdt_trx,2022-04-28T00:00:00.000000000Z,616662
usdt_trx,2022-04-29T00:00:00.000000000Z,643778
usdt_trx,2022-04-30T00:00:00.000000000Z,590637
usdt_trx,2022-05-01T00:00:00.000000000Z,566091
usdt_trx,2022-05-02T00:00:00.000000000Z,589659
usdt_trx,2022-05-03T00:00:00.000000000Z,575845
usdt_trx,2022-05-04T00:00:00.000000000Z,606198
usdt_trx,2022-05-05T00:00:00.000000000Z,694211
usdt_trx,2022-05-06T00:00:00.000000000Z,663017
usdt_trx,2022-05-07T00:00:00.000000000Z,661546
usdt_trx,2022-05-08T00:00:00.000000000Z,567391
usdt_trx,2022-05-09T00:00:00.000000000Z,773104
usdt_trx,2022-05-10T00:00:00.000000000Z,736517
usdt_trx,2022-05-11T00:00:00.000000000Z,840564
usdt_trx,2022-05-12T00:00:00.000000000Z,889789
usdt_trx,2022-05-13T00:00:00.000000000Z,792650
usdt_trx,2022-05-14T00:00:00.000000000Z,724938
usdt_trx,2022-05-15T00:00:00.000000000Z,647695
usdt_trx,2022-05-16T00:00:00.000000000Z,612406
usdt_trx,2022-05-17T00:00:00.000000000Z,588010
usdt_trx,2022-05-18T00:00:00.000000000Z,569304
usdt_trx,2022-05-19T00:00:00.000000000Z,560746
usdt_trx,2022-05-20T00:00:00.000000000Z,558509
usdt_trx,2022-05-21T00:00:00.000000000Z,491124
usdt_trx,2022-05-22T00:00:00.000000000Z,471824
usdt_trx,2022-05-23T00:00:00.000000000Z,588466
usdt_trx,2022-05-24T00:00:00.000000000Z,581571
usdt_trx,2022-05-25T00:00:00.000000000Z,563666
usdt_trx,2022-05-26T00:00:00.000000000Z,591392
usdt_trx,2022-05-27T00:00:00.000000000Z,593044
usdt_trx,2022-05-28T00:00:00.000000000Z,517621
usdt_trx,2022-05-29T00:00:00.000000000Z,510774
usdt_trx,2022-05-30T00:00:00.000000000Z,644483
usdt_trx,2022-05-31T00:00:00.000000000Z,644848
usdt_trx,2022-06-01T00:00:00.000000000Z,612621
usdt_trx,2022-06-02T00:00:00.000000000Z,587868
usdt_trx,2022-06-03T00:00:00.000000000Z,555673
usdt_trx,2022-06-04T00:00:00.000000000Z,471586
usdt_trx,2022-06-05T00:00:00.000000000Z,460408
usdt_trx,2022-06-06T00:00:00.000000000Z,602335
usdt_trx,2022-06-07T00:00:00.000000000Z,591943
usdt_trx,2022-06-08T00:00:00.000000000Z,579212
usdt_trx,2022-06-09T00:00:00.000000000Z,573589
usdt_trx,2022-06-10T00:00:00.000000000Z,585440
usdt_trx,2022-06-11T00:00:00.000000000Z,530654
usdt_trx,2022-06-12T00:00:00.000000000Z,521890
usdt_trx,2022-06-13T00:00:00.000000000Z,677858
usdt_trx,2022-06-14T00:00:00.000000000Z,632998
usdt_trx,2022-06-15T00:00:00.000000000Z,649134
usdt_trx,2022-06-16T00:00:00.000000000Z,584633
usdt_trx,2022-06-17T00:00:00.000000000Z,562113
usdt_trx,2022-06-18T00:00:00.000000000Z,528340
usdt_trx,2022-06-19T00:00:00.000000000Z,516688
usdt_trx,2022-06-20T00:00:00.000000000Z,595096
usdt_trx,2022-06-21T00:00:00.000000000Z,594373
usdt_trx,2022-06-22T00:00:00.000000000Z,575830
usdt_trx,2022-06-23T00:00:00.000000000Z,566788
usdt_trx,2022-06-24T00:00:00.000000000Z,591543
usdt_trx,2022-06-25T00:00:00.000000000Z,557093
usdt_trx,2022-06-26T00:00:00.000000000Z,497011
usdt_trx,2022-06-27T00:00:00.000000000Z,571548
usdt_trx,2022-06-28T00:00:00.000000000Z,689463
usdt_trx,2022-06-29T00:00:00.000000000Z,535690
usdt_trx,2022-06-30T00:00:00.000000000Z,553722
usdt_trx,2022-07-01T00:00:00.000000000Z,556374
usdt_trx,2022-07-02T00:00:00.000000000Z,515711
usdt_trx,2022-07-03T00:00:00.000000000Z,451157
usdt_trx,2022-07-04T00:00:00.000000000Z,568556
usdt_trx,2022-07-05T00:00:00.000000000Z,564667
usdt_trx,2022-07-06T00:00:00.000000000Z,569583
usdt_trx,2022-07-07T00:00:00.000000000Z,542372
usdt_trx,2022-07-08T00:00:00.000000000Z,515457
usdt_trx,2022-07-09T00:00:00.000000000Z,468519
usdt_trx,2022-07-10T00:00:00.000000000Z,428519
usdt_trx,2022-07-11T00:00:00.000000000Z,540562
usdt_trx,2022-07-12T00:00:00.000000000Z,548240
usdt_trx,2022-07-13T00:00:00.000000000Z,584548
usdt_trx,2022-07-14T00:00:00.000000000Z,551987
usdt_trx,2022-07-15T00:00:00.000000000Z,560709
usdt_trx,2022-07-16T00:00:00.000000000Z,501487
usdt_trx,2022-07-17T00:00:00.000000000Z,472824
usdt_trx,2022-07-18T00:00:00.000000000Z,596281
usdt_trx,2022-07-19T00:00:00.000000000Z,605325
usdt_trx,2022-07-20T00:00:00.000000000Z,586833
usdt_trx,2022-07-21T00:00:00.000000000Z,591978
usdt_trx,2022-07-22T00:00:00.000000000Z,587922
usdt_trx,2022-07-23T00:00:00.000000000Z,551946
usdt_trx,2022-07-24T00:00:00.000000000Z,509052
usdt_trx,2022-07-25T00:00:00.000000000Z,615562
usdt_trx,2022-07-26T00:00:00.000000000Z,622479
usdt_trx,2022-07-27T00:00:00.000000000Z,598800
usdt_trx,2022-07-28T00:00:00.000000000Z,583434
usdt_trx,2022-07-29T00:00:00.000000000Z,598263
usdt_trx,2022-07-30T00:00:00.000000000Z,531314
usdt_trx,2022-07-31T00:00:00.000000000Z,527802
usdt_trx,2022-08-01T00:00:00.000000000Z,614575
usdt_trx,2022-08-02T00:00:00.000000000Z,622549
usdt_trx,2022-08-03T00:00:00.000000000Z,622425
usdt_trx,2022-08-04T00:00:00.000000000Z,595800
usdt_trx,2022-08-05T00:00:00.000000000Z,628021
usdt_trx,2022-08-06T00:00:00.000000000Z,536966
usdt_trx,2022-08-07T00:00:00.000000000Z,505044
usdt_trx,2022-08-08T00:00:00.000000000Z,618494
usdt_trx,2022-08-09T00:00:00.000000000Z,604880
usdt_trx,2022-08-10T00:00:00.000000000Z,617370
usdt_trx,2022-08-11T00:00:00.000000000Z,605387
usdt_trx,2022-08-12T00:00:00.000000000Z,585695
usdt_trx,2022-08-13T00:00:00.000000000Z,525586
usdt_trx,2022-08-14T00:00:00.000000000Z,524161
usdt_trx,2022-08-15T00:00:00.000000000Z,609206
usdt_trx,2022-08-16T00:00:00.000000000Z,570582
usdt_trx,2022-08-17T00:00:00.000000000Z,679295
usdt_trx,2022-08-18T00:00:00.000000000Z,574082
usdt_trx,2022-08-19T00:00:00.000000000Z,602262
usdt_trx,2022-08-20T00:00:00.000000000Z,514141
usdt_trx,2022-08-21T00:00:00.000000000Z,473715
usdt_trx,2022-08-22T00:00:00.000000000Z,594235
usdt_trx,2022-08-23T00:00:00.000000000Z,571617
usdt_trx,2022-08-24T00:00:00.000000000Z,577674
usdt_trx,2022-08-25T00:00:00.000000000Z,577677
usdt_trx,2022-08-26T00:00:00.000000000Z,583929
usdt_trx,2022-08-27T00:00:00.000000000Z,531084
usdt_trx,2022-08-28T00:00:00.000000000Z,484400
usdt_trx,2022-08-29T00:00:00.000000000Z,580097
usdt_trx,2022-08-30T00:00:00.000000000Z,594959
usdt_trx,2022-08-31T00:00:00.000000000Z,600371
usdt_trx,2022-09-01T00:00:00.000000000Z,605888
usdt_trx,2022-09-02T00:00:00.000000000Z,609963
usdt_trx,2022-09-03T00:00:00.000000000Z,533406
usdt_trx,2022-09-04T00:00:00.000000000Z,496098
usdt_trx,2022-09-05T00:00:00.000000000Z,621229
usdt_trx,2022-09-06T00:00:00.000000000Z,627145
usdt_trx,2022-09-07T00:00:00.000000000Z,597009
usdt_trx,2022-09-08T00:00:00.000000000Z,591600
usdt_trx,2022-09-09T00:00:00.000000000Z,601379
usdt_trx,2022-09-10T00:00:00.000000000Z,485483
usdt_trx,2022-09-11T00:00:00.000000000Z,468818
usdt_trx,2022-09-12T00:00:00.000000000Z,580106
usdt_trx,2022-09-13T00:00:00.000000000Z,617170
usdt_trx,2022-09-14T00:00:00.000000000Z,606747
usdt_trx,2022-09-15T00:00:00.000000000Z,607598
usdt_trx,2022-09-16T00:00:00.000000000Z,723192
usdt_trx,2022-09-17T00:00:00.000000000Z,509656
usdt_trx,2022-09-18T00:00:00.000000000Z,507092
usdt_trx,2022-09-19T00:00:00.000000000Z,625078
usdt_trx,2022-09-20T00:00:00.000000000Z,637880
usdt_trx,2022-09-21T00:00:00.000000000Z,623442
usdt_trx,2022-09-22T00:00:00.000000000Z,591903
usdt_trx,2022-09-23T00:00:00.000000000Z,607861
usdt_trx,2022-09-24T00:00:00.000000000Z,517861
usdt_trx,2022-09-25T00:00:00.000000000Z,471413
usdt_trx,2022-09-26T00:00:00.000000000Z,661280
usdt_trx,2022-09-27T00:00:00.000000000Z,1147025
usdt_trx,2022-09-28T00:00:00.000000000Z,762789
usdt_trx,2022-09-29T00:00:00.000000000Z,636222
usdt_trx,2022-09-30T00:00:00.000000000Z,687260
usdt_trx,2022-10-01T00:00:00.000000000Z,550493
usdt_trx,2022-10-02T00:00:00.000000000Z,502752
usdt_trx,2022-10-03T00:00:00.000000000Z,575489
usdt_trx,2022-10-04T00:00:00.000000000Z,604793
usdt_trx,2022-10-05T00:00:00.000000000Z,610672
usdt_trx,2022-10-06T00:00:00.000000000Z,595030
usdt_trx,2022-10-07T00:00:00.000000000Z,599380
usdt_trx,2022-10-08T00:00:00.000000000Z,574544
usdt_trx,2022-10-09T00:00:00.000000000Z,515670
usdt_trx,2022-10-10T00:00:00.000000000Z,647130
usdt_trx,2022-10-11T00:00:00.000000000Z,654659
usdt_trx,2022-10-12T00:00:00.000000000Z,632373
usdt_trx,2022-10-13T00:00:00.000000000Z,676303
usdt_trx,2022-10-14T00:00:00.000000000Z,664594
usdt_trx,2022-10-15T00:00:00.000000000Z,595254
usdt_trx,2022-10-16T00:00:00.000000000Z,570715
usdt_trx,2022-10-17T00:00:00.000000000Z,684918
usdt_trx,2022-10-18T00:00:00.000000000Z,705947
usdt_trx,2022-10-19T00:00:00.000000000Z,685354
usdt_trx,2022-10-20T00:00:00.000000000Z,718142
usdt_trx,2022-10-21T00:00:00.000000000Z,745043
usdt_trx,2022-10-22T00:00:00.000000000Z,652568
usdt_trx,2022-10-23T00:00:00.000000000Z,631740
usdt_trx,2022-10-24T00:00:00.000000000Z,736892
usdt_trx,2022-10-25T00:00:00.000000000Z,733592
usdt_trx,2022-10-26T00:00:00.000000000Z,780143
usdt_trx,2022-10-27T00:00:00.000000000Z,762522
usdt_trx,2022-10-28T00:00:00.000000000Z,752481
usdt_trx,2022-10-29T00:00:00.000000000Z,674659
usdt_trx,2022-10-30T00:00:00.000000000Z,647286
usdt_trx,2022-10-31T00:00:00.000000000Z,772407
usdt_trx,2022-11-01T00:00:00.000000000Z,773262
usdt_trx,2022-11-02T00:00:00.000000000Z,748719
usdt_trx,2022-11-03T00:00:00.000000000Z,777208
usdt_trx,2022-11-04T00:00:00.000000000Z,753892
usdt_trx,2022-11-05T00:00:00.000000000Z,738276
usdt_trx,2022-11-06T00:00:00.000000000Z,686767
usdt_trx,2022-11-07T00:00:00.000000000Z,825169
usdt_trx,2022-11-08T00:00:00.000000000Z,915333
usdt_trx,2022-11-09T00:00:00.000000000Z,960957
usdt_trx,2022-11-10T00:00:00.000000000Z,935472
usdt_trx,2022-11-11T00:00:00.000000000Z,868484
usdt_trx,2022-11-12T00:00:00.000000000Z,783899
usdt_trx,2022-11-13T00:00:00.000000000Z,831258
usdt_trx,2022-11-14T00:00:00.000000000Z,914668
usdt_trx,2022-11-15T00:00:00.000000000Z,1062230
usdt_trx,2022-11-16T00:00:00.000000000Z,1134358
usdt_trx,2022-11-17T00:00:00.000000000Z,1138235
usdt_trx,2022-11-18T00:00:00.000000000Z,928458
usdt_trx,2022-11-19T00:00:00.000000000Z,983066
usdt_trx,2022-11-20T00:00:00.000000000Z,867226
usdt_trx,2022-11-21T00:00:00.000000000Z,960293
usdt_trx,2022-11-22T00:00:00.000000000Z,900530
usdt_trx,2022-11-23T00:00:00.000000000Z,910106
usdt_trx,2022-11-24T00:00:00.000000000Z,985283
usdt_trx,2022-11-25T00:00:00.000000000Z,947711
usdt_trx,2022-11-26T00:00:00.000000000Z,937494
usdt_trx,2022-11-27T00:00:00.000000000Z,882653
usdt_trx,2022-11-28T00:00:00.000000000Z,1051755
usdt_trx,2022-11-29T00:00:00.000000000Z,1230220
usdt_trx,2022-11-30T00:00:00.000000000Z,1063904
usdt_trx,2022-12-01T00:00:00.000000000Z,1148402
usdt_trx,2022-12-02T00:00:00.000000000Z,1097358
usdt_trx,2022-12-03T00:00:00.000000000Z,1044211
usdt_trx,2022-12-04T00:00:00.000000000Z,1044634
usdt_trx,2022-12-05T00:00:00.000000000Z,1293658
usdt_trx,2022-12-06T00:00:00.000000000Z,1129514
usdt_trx,2022-12-07T00:00:00.000000000Z,1050270
usdt_trx,2022-12-08T00:00:00.000000000Z,1319712
usdt_trx,2022-12-09T00:00:00.000000000Z,1076741
usdt_trx,2022-12-10T00:00:00.000000000Z,2811617
usdt_trx,2022-12-11T00:00:00.000000000Z,958133
usdt_trx,2022-12-12T00:00:00.000000000Z,1305263
usdt_trx,2022-12-13T00:00:00.000000000Z,1093287
usdt_trx,2022-12-14T00:00:00.000000000Z,1289397
usdt_trx,2022-12-15T00:00:00.000000000Z,979194
usdt_trx,2022-12-16T00:00:00.000000000Z,1009312
usdt_trx,2022-12-17T00:00:00.000000000Z,968705
usdt_trx,2022-12-18T00:00:00.000000000Z,857211
usdt_trx,2022-12-19T00:00:00.000000000Z,1076338
usdt_trx,2022-12-20T00:00:00.000000000Z,1035457
usdt_trx,2022-12-21T00:00:00.000000000Z,1002832
usdt_trx,2022-12-22T00:00:00.000000000Z,940250
usdt_trx,2022-12-23T00:00:00.000000000Z,909448
usdt_trx,2022-12-24T00:00:00.000000000Z,777002
usdt_trx,2022-12-25T00:00:00.000000000Z,731376
usdt_trx,2022-12-26T00:00:00.000000000Z,888089
usdt_trx,2022-12-27T00:00:00.000000000Z,941915
usdt_trx,2022-12-28T00:00:00.000000000Z,960558
usdt_trx,2022-12-29T00:00:00.000000000Z,962827
usdt_trx,2022-12-30T00:00:00.000000000Z,912051
usdt_trx,2022-12-31T00:00:00.000000000Z,832212
usdt_trx,2023-01-01T00:00:00.000000000Z,735109
usdt_trx,2023-01-02T00:00:00.000000000Z,836537
usdt_trx,2023-01-03T00:00:00.000000000Z,890624
usdt_trx,2023-01-04T00:00:00.000000000Z,947320
usdt_trx,2023-01-05T00:00:00.000000000Z,967071
usdt_trx,2023-01-06T00:00:00.000000000Z,965085
usdt_trx,2023-01-07T00:00:00.000000000Z,846991
usdt_trx,2023-01-08T00:00:00.000000000Z,853710
usdt_trx,2023-01-09T00:00:00.000000000Z,1086560
usdt_trx,2023-01-10T00:00:00.000000000Z,991379
usdt_trx,2023-01-11T00:00:00.000000000Z,935618
usdt_trx,2023-01-12T00:00:00.000000000Z,973312
usdt_trx,2023-01-13T00:00:00.000000000Z,983041
usdt_trx,2023-01-14T00:00:00.000000000Z,864595
usdt_trx,2023-01-15T00:00:00.000000000Z,814024
usdt_trx,2023-01-16T00:00:00.000000000Z,1033433
usdt_trx,2023-01-17T00:00:00.000000000Z,973156
usdt_trx,2023-01-18T00:00:00.000000000Z,831372
usdt_trx,2023-01-19T00:00:00.000000000Z,858560
usdt_trx,2023-01-20T00:00:00.000000000Z,845128
usdt_trx,2023-01-21T00:00:00.000000000Z,707388
usdt_trx,2023-01-22T00:00:00.000000000Z,683556
usdt_trx,2023-01-23T00:00:00.000000000Z,836948
usdt_trx,2023-01-24T00:00:00.000000000Z,803707
usdt_trx,2023-01-25T00:00:00.000000000Z,829884
usdt_trx,2023-01-26T00:00:00.000000000Z,772912
usdt_trx,2023-01-27T00:00:00.000000000Z,788841
usdt_trx,2023-01-28T00:00:00.000000000Z,739348
usdt_trx,2023-01-29T00:00:00.000000000Z,770130
usdt_trx,2023-01-30T00:00:00.000000000Z,876243
usdt_trx,2023-01-31T00:00:00.000000000Z,872847
usdt_trx,2023-02-01T00:00:00.000000000Z,875170
usdt_trx,2023-02-02T00:00:00.000000000Z,957330
usdt_trx,2023-02-03T00:00:00.000000000Z,906333
usdt_trx,2023-02-04T00:00:00.000000000Z,849249
usdt_trx,2023-02-05T00:00:00.000000000Z,774062
usdt_trx,2023-02-06T00:00:00.000000000Z,756408
usdt_trx,2023-02-07T00:00:00.000000000Z,751391
usdt_trx,2023-02-08T00:00:00.000000000Z,828270
usdt_trx,2023-02-09T00:00:00.000000000Z,833701
usdt_trx,2023-02-10T00:00:00.000000000Z,795631
usdt_trx,2023-02-11T00:00:00.000000000Z,700596
usdt_trx,2023-02-12T00:00:00.000000000Z,606856
usdt_trx,2023-02-13T00:00:00.000000000Z,745935
usdt_trx,2023-02-14T00:00:00.000000000Z,746440
usdt_trx,2023-02-15T00:00:00.000000000Z,756590
usdt_trx,2023-02-16T00:00:00.000000000Z,762723
usdt_trx,2023-02-17T00:00:00.000000000Z,759435
usdt_trx,2023-02-18T00:00:00.000000000Z,668960
usdt_trx,2023-02-19T00:00:00.000000000Z,645274
usdt_trx,2023-02-20T00:00:00.000000000Z,803304
usdt_trx,2023-02-21T00:00:00.000000000Z,772550
usdt_trx,2023-02-22T00:00:00.000000000Z,774243
usdt_trx,2023-02-23T00:00:00.000000000Z,773906
usdt_trx,2023-02-24T00:00:00.000000000Z,760867
usdt_trx,2023-02-25T00:00:00.000000000Z,678669
usdt_trx,2023-02-26T00:00:00.000000000Z,641426
usdt_trx,2023-02-27T00:00:00.000000000Z,784869
usdt_trx,2023-02-28T00:00:00.000000000Z,792210
usdt_trx,2023-03-01T00:00:00.000000000Z,840698
usdt_trx,2023-03-02T00:00:00.000000000Z,807686
usdt_trx,2023-03-03T00:00:00.000000000Z,771327
usdt_trx,2023-03-04T00:00:00.000000000Z,685825
usdt_trx,2023-03-05T00:00:00.000000000Z,652131
usdt_trx,2023-03-06T00:00:00.000000000Z,763620
usdt_trx,2023-03-07T00:00:00.000000000Z,804561
usdt_trx,2023-03-08T00:00:00.000000000Z,787423
usdt_trx,2023-03-09T00:00:00.000000000Z,820127
usdt_trx,2023-03-10T00:00:00.000000000Z,842638
usdt_trx,2023-03-11T00:00:00.000000000Z,723594
usdt_trx,2023-03-12T00:00:00.000000000Z,645321
usdt_trx,2023-03-13T00:00:00.000000000Z,841399
usdt_trx,2023-03-14T00:00:00.000000000Z,839745
usdt_trx,2023-03-15T00:00:00.000000000Z,843955
usdt_trx,2023-03-16T00:00:00.000000000Z,843872
usdt_trx,2023-03-17T00:00:00.000000000Z,838571
usdt_trx,2023-03-18T00:00:00.000000000Z,717237
usdt_trx,2023-03-19T00:00:00.000000000Z,670529
usdt_trx,2023-03-20T00:00:00.000000000Z,871640
usdt_trx,2023-03-21T00:00:00.000000000Z,820110
usdt_trx,2023-03-22T00:00:00.000000000Z,837478
usdt_trx,2023-03-23T00:00:00.000000000Z,874660
usdt_trx,2023-03-24T00:00:00.000000000Z,825606
usdt_trx,2023-03-25T00:00:00.000000000Z,718346
usdt_trx,2023-03-26T00:00:00.000000000Z,679891
usdt_trx,2023-03-27T00:00:00.000000000Z,881247
usdt_trx,2023-03-28T00:00:00.000000000Z,940330
usdt_trx,2023-03-29T00:00:00.000000000Z,982325
usdt_trx,2023-03-30T00:00:00.000000000Z,875051
usdt_trx,2023-03-31T00:00:00.000000000Z,881806
usdt_trx,2023-04-01T00:00:00.000000000Z,754779
usdt_trx,2023-04-02T00:00:00.000000000Z,748913
usdt_trx,2023-04-03T00:00:00.000000000Z,943982
usdt_trx,2023-04-04T00:00:00.000000000Z,965954
usdt_trx,2023-04-05T00:00:00.000000000Z,932208
usdt_trx,2023-04-06T00:00:00.000000000Z,929680
usdt_trx,2023-04-07T00:00:00.000000000Z,909519
usdt_trx,2023-04-08T00:00:00.000000000Z,905762
usdt_trx,2023-04-09T00:00:00.000000000Z,788134
usdt_trx,2023-04-10T00:00:00.000000000Z,1014661
usdt_trx,2023-04-11T00:00:00.000000000Z,1014213
usdt_trx,2023-04-12T00:00:00.000000000Z,1008537
usdt_trx,2023-04-13T00:00:00.000000000Z,1016594
usdt_trx,2023-04-14T00:00:00.000000000Z,1029323
usdt_trx,2023-04-15T00:00:00.000000000Z,829261
usdt_trx,2023-04-16T00:00:00.000000000Z,734700
usdt_trx,2023-04-17T00:00:00.000000000Z,1045311
usdt_trx,2023-04-18T00:00:00.000000000Z,1028752
usdt_trx,2023-04-19T00:00:00.000000000Z,1039796
usdt_trx,2023-04-20T00:00:00.000000000Z,977034
usdt_trx,2023-04-21T00:00:00.000000000Z,924687
usdt_trx,2023-04-22T00:00:00.000000000Z,709034
usdt_trx,2023-04-23T00:00:00.000000000Z,682981
usdt_trx,2023-04-24T00:00:00.000000000Z,900277
usdt_trx,2023-04-25T00:00:00.000000000Z,999076
usdt_trx,2023-04-26T00:00:00.000000000Z,1032338
usdt_trx,2023-04-27T00:00:00.000000000Z,1012170
usdt_trx,2023-04-28T00:00:00.000000000Z,1043099
usdt_trx,2023-04-29T00:00:00.000000000Z,857795
usdt_trx,2023-04-30T00:00:00.000000000Z,849043
usdt_trx,2023-05-01T00:00:00.000000000Z,1047592
usdt_trx,2023-05-02T00:00:00.000000000Z,1061994
usdt_trx,2023-05-03T00:00:00.000000000Z,1073715
usdt_trx,2023-05-04T00:00:00.000000000Z,1062416
usdt_trx,2023-05-05T00:00:00.000000000Z,1094956
usdt_trx,2023-05-06T00:00:00.000000000Z,873004
usdt_trx,2023-05-07T00:00:00.000000000Z,794370
usdt_trx,2023-05-08T00:00:00.000000000Z,984057
usdt_trx,2023-05-09T00:00:00.000000000Z,955283
usdt_trx,2023-05-10T00:00:00.000000000Z,985434
usdt_trx,2023-05-11T00:00:00.000000000Z,992786
usdt_trx,2023-05-12T00:00:00.000000000Z,997368
usdt_trx,2023-05-13T00:00:00.000000000Z,852693
usdt_trx,2023-05-14T00:00:00.000000000Z,823731
usdt_trx,2023-05-15T00:00:00.000000000Z,1064073
usdt_trx,2023-05-16T00:00:00.000000000Z,1066585
usdt_trx,2023-05-17T00:00:00.000000000Z,1037156
usdt_trx,2023-05-18T00:00:00.000000000Z,991075
usdt_trx,2023-05-19T00:00:00.000000000Z,987713
usdt_trx,2023-05-20T00:00:00.000000000Z,855357
usdt_trx,2023-05-21T00:00:00.000000000Z,764761
usdt_trx,2023-05-22T00:00:00.000000000Z,870141
usdt_trx,2023-05-23T00:00:00.000000000Z,850204
usdt_trx,2023-05-24T00:00:00.000000000Z,856456
usdt_trx,2023-05-25T00:00:00.000000000Z,831786
usdt_trx,2023-05-26T00:00:00.000000000Z,801712
usdt_trx,2023-05-27T00:00:00.000000000Z,793091
usdt_trx,2023-05-28T00:00:00.000000000Z,745644
usdt_trx,2023-05-29T00:00:00.000000000Z,935351
usdt_trx,2023-05-30T00:00:00.000000000Z,943326
usdt_trx,2023-05-31T00:00:00.000000000Z,972695
usdt_trx,2023-06-01T00:00:00.000000000Z,926005
usdt_trx,2023-06-02T00:00:00.000000000Z,919422
usdt_trx,2023-06-03T00:00:00.000000000Z,792641
usdt_trx,2023-06-04T00:00:00.000000000Z,711030
usdt_trx,2023-06-05T00:00:00.000000000Z,983577
usdt_trx,2023-06-06T00:00:00.000000000Z,982562
usdt_trx,2023-06-07T00:00:00.000000000Z,982327
usdt_trx,2023-06-08T00:00:00.000000000Z,1088047
usdt_trx,2023-06-09T00:00:00.000000000Z,1009003
usdt_trx,2023-06-10T00:00:00.000000000Z,1080589
usdt_trx,2023-06-11T00:00:00.000000000Z,947982
usdt_trx,2023-06-12T00:00:00.000000000Z,1091041
usdt_trx,2023-06-13T00:00:00.000000000Z,1094960
usdt_trx,2023-06-14T00:00:00.000000000Z,998236
usdt_trx,2023-06-15T00:00:00.000000000Z,1145492
usdt_trx,2023-06-16T00:00:00.000000000Z,912154
usdt_trx,2023-06-17T00:00:00.000000000Z,701356
usdt_trx,2023-06-18T00:00:00.000000000Z,633816
usdt_trx,2023-06-19T00:00:00.000000000Z,773433
usdt_trx,2023-06-20T00:00:00.000000000Z,794985
usdt_trx,2023-06-21T00:00:00.000000000Z,787748
usdt_trx,2023-06-22T00:00:00.000000000Z,720169
usdt_trx,2023-06-23T00:00:00.000000000Z,741988
usdt_trx,2023-06-24T00:00:00.000000000Z,677752
usdt_trx,2023-06-25T00:00:00.000000000Z,635838
usdt_trx,2023-06-26T00:00:00.000000000Z,794160
usdt_trx,2023-06-27T00:00:00.000000000Z,786300
usdt_trx,2023-06-28T00:00:00.000000000Z,781374
usdt_trx,2023-06-29T00:00:00.000000000Z,767280
usdt_trx,2023-06-30T00:00:00.000000000Z,840923
usdt_trx,2023-07-01T00:00:00.000000000Z,687503
usdt_trx,2023-07-02T00:00:00.000000000Z,647103
usdt_trx,2023-07-03T00:00:00.000000000Z,837332
usdt_trx,2023-07-04T00:00:00.000000000Z,826629
usdt_trx,2023-07-05T00:00:00.000000000Z,835341
usdt_trx,2023-07-06T00:00:00.000000000Z,823377
usdt_trx,2023-07-07T00:00:00.000000000Z,834119
usdt_trx,2023-07-08T00:00:00.000000000Z,700512
usdt_trx,2023-07-09T00:00:00.000000000Z,664996
usdt_trx,2023-07-10T00:00:00.000000000Z,873721
usdt_trx,2023-07-11T00:00:00.000000000Z,819364
usdt_trx,2023-07-12T00:00:00.000000000Z,815856
usdt_trx,2023-07-13T00:00:00.000000000Z,815783
usdt_trx,2023-07-14T00:00:00.000000000Z,859095
usdt_trx,2023-07-15T00:00:00.000000000Z,806789
usdt_trx,2023-07-16T00:00:00.000000000Z,845342
usdt_trx,2023-07-17T00:00:00.000000000Z,848969
usdt_trx,2023-07-18T00:00:00.000000000Z,873761
usdt_trx,2023-07-19T00:00:00.000000000Z,820498
usdt_trx,2023-07-20T00:00:00.000000000Z,818571
usdt_trx,2023-07-21T00:00:00.000000000Z,876414
usdt_trx,2023-07-22T00:00:00.000000000Z,671328
usdt_trx,2023-07-23T00:00:00.000000000Z,618575
usdt_trx,2023-07-24T00:00:00.000000000Z,884251
usdt_trx,2023-07-25T00:00:00.000000000Z,869946
usdt_trx,2023-07-26T00:00:00.000000000Z,875562
usdt_trx,2023-07-27T00:00:00.000000000Z,815328
usdt_trx,2023-07-28T00:00:00.000000000Z,793746
usdt_trx,2023-07-29T00:00:00.000000000Z,675485
usdt_trx,2023-07-30T00:00:00.000000000Z,668701
usdt_trx,2023-07-31T00:00:00.000000000Z,920686
usdt_trx,2023-08-01T00:00:00.000000000Z,953144
usdt_trx,2023-08-02T00:00:00.000000000Z,930819
usdt_trx,2023-08-03T00:00:00.000000000Z,906025
usdt_trx,2023-08-04T00:00:00.000000000Z,917220
usdt_trx,2023-08-05T00:00:00.000000000Z,693183
usdt_trx,2023-08-06T00:00:00.000000000Z,652906
usdt_trx,2023-08-07T00:00:00.000000000Z,1011455
usdt_trx,2023-08-08T00:00:00.000000000Z,950573
usdt_trx,2023-08-09T00:00:00.000000000Z,854366
usdt_trx,2023-08-10T00:00:00.000000000Z,867080
usdt_trx,2023-08-11T00:00:00.000000000Z,800802
usdt_trx,2023-08-12T00:00:00.000000000Z,687909
usdt_trx,2023-08-13T00:00:00.000000000Z,643786
usdt_trx,2023-08-14T00:00:00.000000000Z,838381
usdt_trx,2023-08-15T00:00:00.000000000Z,838705
usdt_trx,2023-08-16T00:00:00.000000000Z,818474
usdt_trx,2023-08-17T00:00:00.000000000Z,827254
usdt_trx,2023-08-18T00:00:00.000000000Z,817364
usdt_trx,2023-08-19T00:00:00.000000000Z,684176
usdt_trx,2023-08-20T00:00:00.000000000Z,654453
usdt_trx,2023-08-21T00:00:00.000000000Z,806015
usdt_trx,2023-08-22T00:00:00.000000000Z,784259
usdt_trx,2023-08-23T00:00:00.000000000Z,779988
usdt_trx,2023-08-24T00:00:00.000000000Z,761986
usdt_trx,2023-08-25T00:00:00.000000000Z,776327
usdt_trx,2023-08-26T00:00:00.000000000Z,663110
usdt_trx,2023-08-27T00:00:00.000000000Z,654830
usdt_trx,2023-08-28T00:00:00.000000000Z,807374
usdt_trx,2023-08-29T00:00:00.000000000Z,837302
usdt_trx,2023-08-30T00:00:00.000000000Z,838143
usdt_trx,2023-08-31T00:00:00.000000000Z,829801
usdt_trx,2023-09-01T00:00:00.000000000Z,849383
usdt_trx,2023-09-02T00:00:00.000000000Z,724733
usdt_trx,2023-09-03T00:00:00.000000000Z,686249
usdt_trx,2023-09-04T00:00:00.000000000Z,822252
usdt_trx,2023-09-05T00:00:00.000000000Z,863903
usdt_trx,2023-09-06T00:00:00.000000000Z,813056
usdt_trx,2023-09-07T00:00:00.000000000Z,814536
usdt_trx,2023-09-08T00:00:00.000000000Z,806456
usdt_trx,2023-09-09T00:00:00.000000000Z,692661
usdt_trx,2023-09-10T00:00:00.000000000Z,665214
usdt_trx,2023-09-11T00:00:00.000000000Z,833798
usdt_trx,2023-09-12T00:00:00.000000000Z,802715
usdt_trx,2023-09-13T00:00:00.000000000Z,791885
usdt_trx,2023-09-14T00:00:00.000000000Z,794645
usdt_trx,2023-09-15T00:00:00.000000000Z,832133
usdt_trx,2023-09-16T00:00:00.000000000Z,726776
usdt_trx,2023-09-17T00:00:00.000000000Z,717856
usdt_trx,2023-09-18T00:00:00.000000000Z,908103
usdt_trx,2023-09-19T00:00:00.000000000Z,953253
usdt_trx,2023-09-20T00:00:00.000000000Z,925076
usdt_trx,2023-09-21T00:00:00.000000000Z,957200
usdt_trx,2023-09-22T00:00:00.000000000Z,898043
usdt_trx,2023-09-23T00:00:00.000000000Z,768286
usdt_trx,2023-09-24T00:00:00.000000000Z,742672
usdt_trx,2023-09-25T00:00:00.000000000Z,921740
usdt_trx,2023-09-26T00:00:00.000000000Z,943331
usdt_trx,2023-09-27T00:00:00.000000000Z,919473
usdt_trx,2023-09-28T00:00:00.000000000Z,1048223
usdt_trx,2023-09-29T00:00:00.000000000Z,842229
usdt_trx,2023-09-30T00:00:00.000000000Z,815949
usdt_trx,2023-10-01T00:00:00.000000000Z,770062
usdt_trx,2023-10-02T00:00:00.000000000Z,901888
usdt_trx,2023-10-03T00:00:00.000000000Z,875005
usdt_trx,2023-10-04T00:00:00.000000000Z,881919
usdt_trx,2023-10-05T00:00:00.000000000Z,884605
usdt_trx,2023-10-06T00:00:00.000000000Z,940103
usdt_trx,2023-10-07T00:00:00.000000000Z,823908
usdt_trx,2023-10-08T00:00:00.000000000Z,773314
usdt_trx,2023-10-09T00:00:00.000000000Z,919263
usdt_trx,2023-10-10T00:00:00.000000000Z,899855
usdt_trx,2023-10-11T00:00:00.000000000Z,890627
usdt_trx,2023-10-12T00:00:00.000000000Z,881183
usdt_trx,2023-10-13T00:00:00.000000000Z,893791
usdt_trx,2023-10-14T00:00:00.000000000Z,756733
usdt_trx,2023-10-15T00:00:00.000000000Z,753525
usdt_trx,2023-10-16T00:00:00.000000000Z,919951
usdt_trx,2023-10-17T00:00:00.000000000Z,894785
usdt_trx,2023-10-18T00:00:00.000000000Z,876316
usdt_trx,2023-10-19T00:00:00.000000000Z,889294
usdt_trx,2023-10-20T00:00:00.000000000Z,924694
usdt_trx,2023-10-21T00:00:00.000000000Z,792012
usdt_trx,2023-10-22T00:00:00.000000000Z,783711
usdt_trx,2023-10-23T00:00:00.000000000Z,908791
usdt_trx,2023-10-24T00:00:00.000000000Z,963406
usdt_trx,2023-10-25T00:00:00.000000000Z,1007115
usdt_trx,2023-10-26T00:00:00.000000000Z,931767
usdt_trx,2023-10-27T00:00:00.000000000Z,972492
usdt_trx,2023-10-28T00:00:00.000000000Z,873319
usdt_trx,2023-10-29T00:00:00.000000000Z,891049
usdt_trx,2023-10-30T00:00:00.000000000Z,1015150
usdt_trx,2023-10-31T00:00:00.000000000Z,1057990
usdt_trx,2023-11-01T00:00:00.000000000Z,1095722
usdt_trx,2023-11-02T00:00:00.000000000Z,1002878
usdt_trx,2023-11-03T00:00:00.000000000Z,1072561
usdt_trx,2023-11-04T00:00:00.000000000Z,856381
usdt_trx,2023-11-05T00:00:00.000000000Z,856567
usdt_trx,2023-11-06T00:00:00.000000000Z,874122
usdt_trx,2023-11-07T00:00:00.000000000Z,891613
usdt_trx,2023-11-08T00:00:00.000000000Z,876551
usdt_trx,2023-11-09T00:00:00.000000000Z,909170
usdt_trx,2023-11-10T00:00:00.000000000Z,900115
usdt_trx,2023-11-11T00:00:00.000000000Z,829914
usdt_trx,2023-11-12T00:00:00.000000000Z,753556
usdt_trx,2023-11-13T00:00:00.000000000Z,943845
usdt_trx,2023-11-14T00:00:00.000000000Z,926405
usdt_trx,2023-11-15T00:00:00.000000000Z,947766
usdt_trx,2023-11-16T00:00:00.000000000Z,910334
usdt_trx,2023-11-17T00:00:00.000000000Z,897896
usdt_trx,2023-11-18T00:00:00.000000000Z,788194
usdt_trx,2023-11-19T00:00:00.000000000Z,819032
usdt_trx,2023-11-20T00:00:00.000000000Z,1038529
usdt_trx,2023-11-21T00:00:00.000000000Z,1026644
usdt_trx,2023-11-22T00:00:00.000000000Z,979314
usdt_trx,2023-11-23T00:00:00.000000000Z,882051
usdt_trx,2023-11-24T00:00:00.000000000Z,855003
usdt_trx,2023-11-25T00:00:00.000000000Z,752277
usdt_trx,2023-11-26T00:00:00.000000000Z,709806
usdt_trx,2023-11-27T00:00:00.000000000Z,888665
usdt_trx,2023-11-28T00:00:00.000000000Z,871716
usdt_trx,2023-11-29T00:00:00.000000000Z,885328
usdt_trx,2023-11-30T00:00:00.000000000Z,896622
usdt_trx,2023-12-01T00:00:00.000000000Z,919685
usdt_trx,2023-12-02T00:00:00.000000000Z,769894
usdt_trx,2023-12-03T00:00:00.000000000Z,745336
usdt_trx,2023-12-04T00:00:00.000000000Z,939333
usdt_trx,2023-12-05T00:00:00.000000000Z,929554
usdt_trx,2023-12-06T00:00:00.000000000Z,910085
usdt_trx,2023-12-07T00:00:00.000000000Z,928105
usdt_trx,2023-12-08T00:00:00.000000000Z,913016
usdt_trx,2023-12-09T00:00:00.000000000Z,799481
usdt_trx,2023-12-10T00:00:00.000000000Z,751570
usdt_trx,2023-12-11T00:00:00.000000000Z,926708
usdt_trx,2023-12-12T00:00:00.000000000Z,907715
usdt_trx,2023-12-13T00:00:00.000000000Z,896049
usdt_trx,2023-12-14T00:00:00.000000000Z,911678
usdt_trx,2023-12-15T00:00:00.000000000Z,937989
usdt_trx,2023-12-16T00:00:00.000000000Z,775802
usdt_trx,2023-12-17T00:00:00.000000000Z,739912
usdt_trx,2023-12-18T00:00:00.000000000Z,963874
usdt_trx,2023-12-19T00:00:00.000000000Z,925792
usdt_trx,2023-12-20T00:00:00.000000000Z,940515
usdt_trx,2023-12-21T00:00:00.000000000Z,869554
usdt_trx,2023-12-22T00:00:00.000000000Z,859994
usdt_trx,2023-12-23T00:00:00.000000000Z,781373
usdt_trx,2023-12-24T00:00:00.000000000Z,744512
usdt_trx,2023-12-25T00:00:00.000000000Z,824004
usdt_trx,2023-12-26T00:00:00.000000000Z,860411
usdt_trx,2023-12-27T00:00:00.000000000Z,866808
usdt_trx,2023-12-28T00:00:00.000000000Z,901592
usdt_trx,2023-12-29T00:00:00.000000000Z,911850
usdt_trx,2023-12-30T00:00:00.000000000Z,736682
usdt_trx,2023-12-31T00:00:00.000000000Z,685320
usdt_trx,2024-01-01T00:00:00.000000000Z,695035
usdt_trx,2024-01-02T00:00:00.000000000Z,824028
usdt_trx,2024-01-03T00:00:00.000000000Z,889093
usdt_trx,2024-01-04T00:00:00.000000000Z,837922
usdt_trx,2024-01-05T00:00:00.000000000Z,837330
usdt_trx,2024-01-06T00:00:00.000000000Z,739984
usdt_trx,2024-01-07T00:00:00.000000000Z,696860
usdt_trx,2024-01-08T00:00:00.000000000Z,875010
usdt_trx,2024-01-09T00:00:00.000000000Z,882654
usdt_trx,2024-01-10T00:00:00.000000000Z,909081
usdt_trx,2024-01-11T00:00:00.000000000Z,929978
usdt_trx,2024-01-12T00:00:00.000000000Z,884827
usdt_trx,2024-01-13T00:00:00.000000000Z,743456
usdt_trx,2024-01-14T00:00:00.000000000Z,705556
usdt_trx,2024-01-15T00:00:00.000000000Z,892287
usdt_trx,2024-01-16T00:00:00.000000000Z,859982
usdt_trx,2024-01-17T00:00:00.000000000Z,854746
usdt_trx,2024-01-18T00:00:00.000000000Z,868150
usdt_trx,2024-01-19T00:00:00.000000000Z,894045
usdt_trx,2024-01-20T00:00:00.000000000Z,772112
usdt_trx,2024-01-21T00:00:00.000000000Z,741037
usdt_trx,2024-01-22T00:00:00.000000000Z,891703
usdt_trx,2024-01-23T00:00:00.000000000Z,870689
usdt_trx,2024-01-24T00:00:00.000000000Z,839205
usdt_trx,2024-01-25T00:00:00.000000000Z,831199
usdt_trx,2024-01-26T00:00:00.000000000Z,823285
usdt_trx,2024-01-27T00:00:00.000000000Z,752742
usdt_trx,2024-01-28T00:00:00.000000000Z,712303
usdt_trx,2024-01-29T00:00:00.000000000Z,828127
usdt_trx,2024-01-30T00:00:00.000000000Z,846979
usdt_trx,2024-01-31T00:00:00.000000000Z,889181
usdt_trx,2024-02-01T00:00:00.000000000Z,896627
usdt_trx,2024-02-02T00:00:00.000000000Z,869498
usdt_trx,2024-02-03T00:00:00.000000000Z,763333
usdt_trx,2024-02-04T00:00:00.000000000Z,714852
usdt_trx,2024-02-05T00:00:00.000000000Z,884974
usdt_trx,2024-02-06T00:00:00.000000000Z,852267
usdt_trx,2024-02-07T00:00:00.000000000Z,826370
usdt_trx,2024-02-08T00:00:00.000000000Z,799481
usdt_trx,2024-02-09T00:00:00.000000000Z,781319
usdt_trx,2024-02-10T00:00:00.000000000Z,647426
usdt_trx,2024-02-11T00:00:00.000000000Z,623958
usdt_trx,2024-02-12T00:00:00.000000000Z,762725
usdt_trx,2024-02-13T00:00:00.000000000Z,789482
usdt_trx,2024-02-14T00:00:00.000000000Z,807567
usdt_trx,2024-02-15T00:00:00.000000000Z,841015
usdt_trx,2024-02-16T00:00:00.000000000Z,827907
usdt_trx,2024-02-17T00:00:00.000000000Z,745506
usdt_trx,2024-02-18T00:00:00.000000000Z,742161
usdt_trx,2024-02-19T00:00:00.000000000Z,894501
usdt_trx,2024-02-20T00:00:00.000000000Z,903100
usdt_trx,2024-02-21T00:00:00.000000000Z,885664
usdt_trx,2024-02-22T00:00:00.000000000Z,884518
usdt_trx,2024-02-23T00:00:00.000000000Z,849520
usdt_trx,2024-02-24T00:00:00.000000000Z,756542
usdt_trx,2024-02-25T00:00:00.000000000Z,753771
usdt_trx,2024-02-26T00:00:00.000000000Z,928562
usdt_trx,2024-02-27T00:00:00.000000000Z,982365
usdt_trx,2024-02-28T00:00:00.000000000Z,1046826
usdt_trx,2024-02-29T00:00:00.000000000Z,1052118
usdt_trx,2024-03-01T00:00:00.000000000Z,1040293
usdt_trx,2024-03-02T00:00:00.000000000Z,948980
usdt_trx,2024-03-03T00:00:00.000000000Z,890131
usdt_trx,2024-03-04T00:00:00.000000000Z,1056888
usdt_trx,2024-03-05T00:00:00.000000000Z,1153057
usdt_trx,2024-03-06T00:00:00.000000000Z,1043135
usdt_trx,2024-03-07T00:00:00.000000000Z,1015393
usdt_trx,2024-03-08T00:00:00.000000000Z,997677
usdt_trx,2024-03-09T00:00:00.000000000Z,916624
usdt_trx,2024-03-10T00:00:00.000000000Z,877785
usdt_trx,2024-03-11T00:00:00.000000000Z,1047652
usdt_trx,2024-03-12T00:00:00.000000000Z,1018576
usdt_trx,2024-03-13T00:00:00.000000000Z,1022549
usdt_trx,2024-03-14T00:00:00.000000000Z,1018656
usdt_trx,2024-03-15T00:00:00.000000000Z,1055345
usdt_trx,2024-03-16T00:00:00.000000000Z,923335
usdt_trx,2024-03-17T00:00:00.000000000Z,887652
usdt_trx,2024-03-18T00:00:00.000000000Z,1013860
usdt_trx,2024-03-19T00:00:00.000000000Z,1036020
usdt_trx,2024-03-20T00:00:00.000000000Z,1014437
usdt_trx,2024-03-21T00:00:00.000000000Z,991214
usdt_trx,2024-03-22T00:00:00.000000000Z,965177
usdt_trx,2024-03-23T00:00:00.000000000Z,840685
usdt_trx,2024-03-24T00:00:00.000000000Z,811432
usdt_trx,2024-03-25T00:00:00.000000000Z,984095
usdt_trx,2024-03-26T00:00:00.000000000Z,1022956
usdt_trx,2024-03-27T00:00:00.000000000Z,998474
usdt_trx,2024-03-28T00:00:00.000000000Z,968467
usdt_trx,2024-03-29T00:00:00.000000000Z,926883
usdt_trx,2024-03-30T00:00:00.000000000Z,834158
usdt_trx,2024-03-31T00:00:00.000000000Z,833082
usdt_trx,2024-04-01T00:00:00.000000000Z,1015585
usdt_trx,2024-04-02T00:00:00.000000000Z,1016862
usdt_trx,2024-04-03T00:00:00.000000000Z,1006644
usdt_trx,2024-04-04T00:00:00.000000000Z,960914
usdt_trx,2024-04-05T00:00:00.000000000Z,968382
usdt_trx,2024-04-06T00:00:00.000000000Z,825448
usdt_trx,2024-04-07T00:00:00.000000000Z,817849
usdt_trx,2024-04-08T00:00:00.000000000Z,989464
usdt_trx,2024-04-09T00:00:00.000000000Z,976946
usdt_trx,2024-04-10T00:00:00.000000000Z,948856
usdt_trx,2024-04-11T00:00:00.000000000Z,945460
usdt_trx,2024-04-12T00:00:00.000000000Z,1000281
usdt_trx,2024-04-13T00:00:00.000000000Z,909576
usdt_trx,2024-04-14T00:00:00.000000000Z,835898
usdt_trx,2024-04-15T00:00:00.000000000Z,998277
usdt_trx,2024-04-16T00:00:00.000000000Z,990646
usdt_trx,2024-04-17T00:00:00.000000000Z,975722
usdt_trx,2024-04-18T00:00:00.000000000Z,947198
usdt_trx,2024-04-19T00:00:00.000000000Z,960627
usdt_trx,2024-04-20T00:00:00.000000000Z,847474
usdt_trx,2024-04-21T00:00:00.000000000Z,789714
usdt_trx,2024-04-22T00:00:00.000000000Z,943839
usdt_trx,2024-04-23T00:00:00.000000000Z,966166
usdt_trx,2024-04-24T00:00:00.000000000Z,938676
usdt_trx,2024-04-25T00:00:00.000000000Z,908579
usdt_trx,2024-04-26T00:00:00.000000000Z,883201
usdt_trx,2024-04-27T00:00:00.000000000Z,788383
usdt_trx,2024-04-28T00:00:00.000000000Z,770866
usdt_trx,2024-04-29T00:00:00.000000000Z,910865
usdt_trx,2024-04-30T00:00:00.000000000Z,961017
usdt_trx,2024-05-01T00:00:00.000000000Z,935445
usdt_trx,2024-05-02T00:00:00.000000000Z,921599
usdt_trx,2024-05-03T00:00:00.000000000Z,912060
usdt_trx,2024-05-04T00:00:00.000000000Z,812525
usdt_trx,2024-05-05T00:00:00.000000000Z,787764
usdt_trx,2024-05-06T00:00:00.000000000Z,953051
usdt_trx,2024-05-07T00:00:00.000000000Z,948001
usdt_trx,2024-05-08T00:00:00.000000000Z,946833
usdt_trx,2024-05-09T00:00:00.000000000Z,914876
usdt_trx,2024-05-10T00:00:00.000000000Z,1217348
usdt_trx,2024-05-11T00:00:00.000000000Z,916444
usdt_trx,2024-05-12T00:00:00.000000000Z,848367
usdt_trx,2024-05-13T00:00:00.000000000Z,1024994
usdt_trx,2024-05-14T00:00:00.000000000Z,1040948
usdt_trx,2024-05-15T00:00:00.000000000Z,1099190
usdt_trx,2024-05-16T00:00:00.000000000Z,1122492
usdt_trx,2024-05-17T00:00:00.000000000Z,1137109
usdt_trx,2024-05-18T00:00:00.000000000Z,975910
usdt_trx,2024-05-19T00:00:00.000000000Z,925240
usdt_trx,2024-05-20T00:00:00.000000000Z,1104385
usdt_trx,2024-05-21T00:00:00.000000000Z,1130044
usdt_trx,2024-05-22T00:00:00.000000000Z,1052314
usdt_trx,2024-05-23T00:00:00.000000000Z,1019463
usdt_trx,2024-05-24T00:00:00.000000000Z,999528
usdt_trx,2024-05-25T00:00:00.000000000Z,860968
usdt_trx,2024-05-26T00:00:00.000000000Z,819231
usdt_trx,2024-05-27T00:00:00.000000000Z,975513
usdt_trx,2024-05-28T00:00:00.000000000Z,985380
usdt_trx,2024-05-29T00:00:00.000000000Z,960555
usdt_trx,2024-05-30T00:00:00.000000000Z,987097
usdt_trx,2024-05-31T00:00:00.000000000Z,1047874
usdt_trx,2024-06-01T00:00:00.000000000Z,961678
usdt_trx,2024-06-02T00:00:00.000000000Z,864342
usdt_trx,2024-06-03T00:00:00.000000000Z,1048276
usdt_trx,2024-06-04T00:00:00.000000000Z,1008670
usdt_trx,2024-06-05T00:00:00.000000000Z,1030553
usdt_trx,2024-06-06T00:00:00.000000000Z,1008580
usdt_trx,2024-06-07T00:00:00.000000000Z,1056029
usdt_trx,2024-06-08T00:00:00.000000000Z,864987
usdt_trx,2024-06-09T00:00:00.000000000Z,819616
usdt_trx,2024-06-10T00:00:00.000000000Z,1007170
usdt_trx,2024-06-11T00:00:00.000000000Z,1120418
usdt_trx,2024-06-12T00:00:00.000000000Z,1059326
usdt_trx,2024-06-13T00:00:00.000000000Z,1019281
usdt_trx,2024-06-14T00:00:00.000000000Z,1053356
usdt_trx,2024-06-15T00:00:00.000000000Z,935324
usdt_trx,2024-06-16T00:00:00.000000000Z,876541
usdt_trx,2024-06-17T00:00:00.000000000Z,1068164
usdt_trx,2024-06-18T00:00:00.000000000Z,1102914
usdt_trx,2024-06-19T00:00:00.000000000Z,1003252
usdt_trx,2024-06-20T00:00:00.000000000Z,1032186
usdt_trx,2024-06-21T00:00:00.000000000Z,991834
usdt_trx,2024-06-22T00:00:00.000000000Z,835312
usdt_trx,2024-06-23T00:00:00.000000000Z,805523
usdt_trx,2024-06-24T00:00:00.000000000Z,1059971
usdt_trx,2024-06-25T00:00:00.000000000Z,1045113
usdt_trx,2024-06-26T00:00:00.000000000Z,1018318
usdt_trx,2024-06-27T00:00:00.000000000Z,983462
usdt_trx,2024-06-28T00:00:00.000000000Z,988256
usdt_trx,2024-06-29T00:00:00.000000000Z,856378
usdt_trx,2024-06-30T00:00:00.000000000Z,900185
usdt_trx,2024-07-01T00:00:00.000000000Z,1128588
usdt_trx,2024-07-02T00:00:00.000000000Z,1007913
usdt_trx,2024-07-03T00:00:00.000000000Z,1035096
usdt_trx,2024-07-04T00:00:00.000000000Z,1033116
usdt_trx,2024-07-05T00:00:00.000000000Z,1087267
usdt_trx,2024-07-06T00:00:00.000000000Z,852493
usdt_trx,2024-07-07T00:00:00.000000000Z,811939
usdt_trx,2024-07-08T00:00:00.000000000Z,1020312
usdt_trx,2024-07-09T00:00:00.000000000Z,982686
usdt_trx,2024-07-10T00:00:00.000000000Z,1022456
usdt_trx,2024-07-11T00:00:00.000000000Z,1013625
usdt_trx,2024-07-12T00:00:00.000000000Z,1009586
usdt_trx,2024-07-13T00:00:00.000000000Z,877656
usdt_trx,2024-07-14T00:00:00.000000000Z,890225
usdt_trx,2024-07-15T00:00:00.000000000Z,1067234
usdt_trx,2024-07-16T00:00:00.000000000Z,1025313
usdt_trx,2024-07-17T00:00:00.000000000Z,1003608
usdt_trx,2024-07-18T00:00:00.000000000Z,979550
usdt_trx,2024-07-19T00:00:00.000000000Z,983416
usdt_trx,2024-07-20T00:00:00.000000000Z,861027
usdt_trx,2024-07-21T00:00:00.000000000Z,834021
usdt_trx,2024-07-22T00:00:00.000000000Z,1017652
usdt_trx,2024-07-23T00:00:00.000000000Z,978399
usdt_trx,2024-07-24T00:00:00.000000000Z,945809
usdt_trx,2024-07-25T00:00:00.000000000Z,983643
usdt_trx,2024-07-26T00:00:00.000000000Z,946986
usdt_trx,2024-07-27T00:00:00.000000000Z,818401
usdt_trx,2024-07-28T00:00:00.000000000Z,783544
usdt_trx,2024-07-29T00:00:00.000000000Z,1014831
usdt_trx,2024-07-30T00:00:00.000000000Z,983622
usdt_trx,2024-07-31T00:00:00.000000000Z,1031361
usdt_trx,2024-08-01T00:00:00.000000000Z,1058726
usdt_trx,2024-08-02T00:00:00.000000000Z,1035568
usdt_trx,2024-08-03T00:00:00.000000000Z,882140
usdt_trx,2024-08-04T00:00:00.000000000Z,853999
usdt_trx,2024-08-05T00:00:00.000000000Z,1195092
usdt_trx,2024-08-06T00:00:00.000000000Z,1043292
usdt_trx,2024-08-07T00:00:00.000000000Z,991154
usdt_trx,2024-08-08T00:00:00.000000000Z,1003172
usdt_trx,2024-08-09T00:00:00.000000000Z,995048
usdt_trx,2024-08-10T00:00:00.000000000Z,855013
usdt_trx,2024-08-11T00:00:00.000000000Z,828941
usdt_trx,2024-08-12T00:00:00.000000000Z,1016381
usdt_trx,2024-08-13T00:00:00.000000000Z,1031384
usdt_trx,2024-08-14T00:00:00.000000000Z,1002637
usdt_trx,2024-08-15T00:00:00.000000000Z,1020015
usdt_trx,2024-08-16T00:00:00.000000000Z,970817
usdt_trx,2024-08-17T00:00:00.000000000Z,854513
usdt_trx,2024-08-18T00:00:00.000000000Z,845657
usdt_trx,2024-08-19T00:00:00.000000000Z,986538
usdt_trx,2024-08-20T00:00:00.000000000Z,996837
usdt_trx,2024-08-21T00:00:00.000000000Z,960918
usdt_trx,2024-08-22T00:00:00.000000000Z,938582
usdt_trx,2024-08-23T00:00:00.000000000Z,944040
usdt_trx,2024-08-24T00:00:00.000000000Z,831331
usdt_trx,2024-08-25T00:00:00.000000000Z,805197
usdt_trx,2024-08-26T00:00:00.000000000Z,1081720
usdt_trx,2024-08-27T00:00:00.000000000Z,1080644
usdt_trx,2024-08-28T00:00:00.000000000Z,1029703
usdt_trx,2024-08-29T00:00:00.000000000Z,968091
usdt_trx,2024-08-30T00:00:00.000000000Z,976859
usdt_trx,2024-08-31T00:00:00.000000000Z,861094
usdt_trx,2024-09-01T00:00:00.000000000Z,842506
usdt_trx,2024-09-02T00:00:00.000000000Z,1030870
usdt_trx,2024-09-03T00:00:00.000000000Z,1045872
usdt_trx,2024-09-04T00:00:00.000000000Z,1023541
usdt_trx,2024-09-05T00:00:00.000000000Z,1042247
usdt_trx,2024-09-06T00:00:00.000000000Z,1065469
usdt_trx,2024-09-07T00:00:00.000000000Z,885813
usdt_trx,2024-09-08T00:00:00.000000000Z,832864
usdt_trx,2024-09-09T00:00:00.000000000Z,1044899
usdt_trx,2024-09-10T00:00:00.000000000Z,1048294
usdt_trx,2024-09-11T00:00:00.000000000Z,1030043
usdt_trx,2024-09-12T00:00:00.000000000Z,1034079
usdt_trx,2024-09-13T00:00:00.000000000Z,1056606
usdt_trx,2024-09-14T00:00:00.000000000Z,933152
usdt_trx,2024-09-15T00:00:00.000000000Z,926113
usdt_trx,2024-09-16T00:00:00.000000000Z,1073825
usdt_trx,2024-09-17T00:00:00.000000000Z,1028749
usdt_trx,2024-09-18T00:00:00.000000000Z,1093390
usdt_trx,2024-09-19T00:00:00.000000000Z,1138696
usdt_trx,2024-09-20T00:00:00.000000000Z,1124289
usdt_trx,2024-09-21T00:00:00.000000000Z,925441
usdt_trx,2024-09-22T00:00:00.000000000Z,885222
usdt_trx,2024-09-23T00:00:00.000000000Z,1138658
usdt_trx,2024-09-24T00:00:00.000000000Z,1132673
usdt_trx,2024-09-25T00:00:00.000000000Z,1093906
usdt_trx,2024-09-26T00:00:00.000000000Z,1133309
usdt_trx,2024-09-27T00:00:00.000000000Z,1097944
usdt_trx,2024-09-28T00:00:00.000000000Z,919876
usdt_trx,2024-09-29T00:00:00.000000000Z,914782
usdt_trx,2024-09-30T00:00:00.000000000Z,1145132
usdt_trx,2024-10-01T00:00:00.000000000Z,1120154
usdt_trx,2024-10-02T00:00:00.000000000Z,1060112
usdt_trx,2024-10-03T00:00:00.000000000Z,1037845
usdt_trx,2024-10-04T00:00:00.000000000Z,1046697
usdt_trx,2024-10-05T00:00:00.000000000Z,901490
usdt_trx,2024-10-06T00:00:00.000000000Z,867244
usdt_trx,2024-10-07T00:00:00.000000000Z,1084959
usdt_trx,2024-10-08T00:00:00.000000000Z,1095796
usdt_trx,2024-10-09T00:00:00.000000000Z,1063484
usdt_trx,2024-10-10T00:00:00.000000000Z,1085597
usdt_trx,2024-10-11T00:00:00.000000000Z,1044117
usdt_trx,2024-10-12T00:00:00.000000000Z,883707
usdt_trx,2024-10-13T00:00:00.000000000Z,847808
usdt_trx,2024-10-14T00:00:00.000000000Z,1103334
usdt_trx,2024-10-15T00:00:00.000000000Z,1147187
usdt_trx,2024-10-16T00:00:00.000000000Z,1119617
usdt_trx,2024-10-17T00:00:00.000000000Z,1052996
usdt_trx,2024-10-18T00:00:00.000000000Z,1054666
usdt_trx,2024-10-19T00:00:00.000000000Z,913287
usdt_trx,2024-10-20T00:00:00.000000000Z,883779
usdt_trx,2024-10-21T00:00:00.000000000Z,1073912
usdt_trx,2024-10-22T00:00:00.000000000Z,1038548
usdt_trx,2024-10-23T00:00:00.000000000Z,1059950
usdt_trx,2024-10-24T00:00:00.000000000Z,1112379
usdt_trx,2024-10-25T00:00:00.000000000Z,1134298
usdt_trx,2024-10-26T00:00:00.000000000Z,967395
usdt_trx,2024-10-27T00:00:00.000000000Z,878357
usdt_trx,2024-10-28T00:00:00.000000000Z,1101345
usdt_trx,2024-10-29T00:00:00.000000000Z,1125112
usdt_trx,2024-10-30T00:00:00.000000000Z,1071689
usdt_trx,2024-10-31T00:00:00.000000000Z,1092938
usdt_trx,2024-11-01T00:00:00.000000000Z,1127380
usdt_trx,2024-11-02T00:00:00.000000000Z,932840
usdt_trx,2024-11-03T00:00:00.000000000Z,883574
usdt_trx,2024-11-04T00:00:00.000000000Z,1101839
usdt_trx,2024-11-05T00:00:00.000000000Z,1151411
usdt_trx,2024-11-06T00:00:00.000000000Z,1174300
usdt_trx,2024-11-07T00:00:00.000000000Z,1134819
usdt_trx,2024-11-08T00:00:00.000000000Z,1126663
usdt_trx,2024-11-09T00:00:00.000000000Z,952586
usdt_trx,2024-11-10T00:00:00.000000000Z,966606
usdt_trx,2024-11-11T00:00:00.000000000Z,1235652
usdt_trx,2024-11-12T00:00:00.000000000Z,1243205
usdt_trx,2024-11-13T00:00:00.000000000Z,1172115
usdt_trx,2024-11-14T00:00:00.000000000Z,1162214
usdt_trx,2024-11-15T00:00:00.000000000Z,1206647
usdt_trx,2024-11-16T00:00:00.000000000Z,997961
usdt_trx,2024-11-17T00:00:00.000000000Z,912036
usdt_trx,2024-11-18T00:00:00.000000000Z,1182157
usdt_trx,2024-11-19T00:00:00.000000000Z,1166722
usdt_trx,2024-11-20T00:00:00.000000000Z,1131515
usdt_trx,2024-11-21T00:00:00.000000000Z,1148352
usdt_trx,2024-11-22T00:00:00.000000000Z,1171067
usdt_trx,2024-11-23T00:00:00.000000000Z,996278
usdt_trx,2024-11-24T00:00:00.000000000Z,921087
usdt_trx,2024-11-25T00:00:00.000000000Z,1208915
usdt_trx,2024-11-26T00:00:00.000000000Z,1220907
usdt_trx,2024-11-27T00:00:00.000000000Z,1148051
usdt_trx,2024-11-28T00:00:00.000000000Z,1120335
usdt_trx,2024-11-29T00:00:00.000000000Z,1241743
usdt_trx,2024-11-30T00:00:00.000000000Z,1052073
usdt_trx,2024-12-01T00:00:00.000000000Z,998845
usdt_trx,2024-12-02T00:00:00.000000000Z,1274396
usdt_trx,2024-12-03T00:00:00.000000000Z,1252978
usdt_trx,2024-12-04T00:00:00.000000000Z,1149991
usdt_trx,2024-12-05T00:00:00.000000000Z,1163097
usdt_trx,2024-12-06T00:00:00.000000000Z,1120384
usdt_trx,2024-12-07T00:00:00.000000000Z,918123
usdt_trx,2024-12-08T00:00:00.000000000Z,880227
usdt_trx,2024-12-09T00:00:00.000000000Z,1153478
usdt_trx,2024-12-10T00:00:00.000000000Z,1168224
usdt_trx,2024-12-11T00:00:00.000000000Z,1073368
usdt_trx,2024-12-12T00:00:00.000000000Z,1042438
usdt_trx,2024-12-13T00:00:00.000000000Z,1028965
usdt_trx,2024-12-14T00:00:00.000000000Z,874967
usdt_trx,2024-12-15T00:00:00.000000000Z,867500
usdt_trx,2024-12-16T00:00:00.000000000Z,1113284
usdt_trx,2024-12-17T00:00:00.000000000Z,1075986
usdt_trx,2024-12-18T00:00:00.000000000Z,1059652
usdt_trx,2024-12-19T00:00:00.000000000Z,1078904
usdt_trx,2024-12-20T00:00:00.000000000Z,1115360
usdt_trx,2024-12-21T00:00:00.000000000Z,883473
usdt_trx,2024-12-22T00:00:00.000000000Z,823174
usdt_trx,2024-12-23T00:00:00.000000000Z,1023187
usdt_trx,2024-12-24T00:00:00.000000000Z,985836
usdt_trx,2024-12-25T00:00:00.000000000Z,895711
usdt_trx,2024-12-26T00:00:00.000000000Z,936053
usdt_trx,2024-12-27T00:00:00.000000000Z,959845
usdt_trx,2024-12-28T00:00:00.000000000Z,840662
usdt_trx,2024-12-29T00:00:00.000000000Z,802968
usdt_trx,2024-12-30T00:00:00.000000000Z,995631
usdt_trx,2024-12-31T00:00:00.000000000Z,925864
usdt_trx,2025-01-01T00:00:00.000000000Z,769264
usdt_trx,2025-01-02T00:00:00.000000000Z,924044
usdt_trx,2025-01-03T00:00:00.000000000Z,963932
usdt_trx,2025-01-04T00:00:00.000000000Z,828320
usdt_trx,2025-01-05T00:00:00.000000000Z,808375
usdt_trx,2025-01-06T00:00:00.000000000Z,1033524
usdt_trx,2025-01-07T00:00:00.000000000Z,996180
usdt_trx,2025-01-08T00:00:00.000000000Z,991042
usdt_trx,2025-01-09T00:00:00.000000000Z,982533
usdt_trx,2025-01-10T00:00:00.000000000Z,1018236
usdt_trx,2025-01-11T00:00:00.000000000Z,837580
usdt_trx,2025-01-12T00:00:00.000000000Z,801399
usdt_trx,2025-01-13T00:00:00.000000000Z,1027045
usdt_trx,2025-01-14T00:00:00.000000000Z,986412
usdt_trx,2025-01-15T00:00:00.000000000Z,1071303
usdt_trx,2025-01-16T00:00:00.000000000Z,1037024
usdt_trx,2025-01-17T00:00:00.000000000Z,1013289
usdt_trx,2025-01-18T00:00:00.000000000Z,926781
usdt_trx,2025-01-19T00:00:00.000000000Z,1022116
usdt_trx,2025-01-20T00:00:00.000000000Z,1201692
usdt_trx,2025-01-21T00:00:00.000000000Z,1058753
usdt_trx,2025-01-22T00:00:00.000000000Z,1014971
usdt_trx,2025-01-23T00:00:00.000000000Z,988295
usdt_trx,2025-01-24T00:00:00.000000000Z,970065
usdt_trx,2025-01-25T00:00:00.000000000Z,832562
usdt_trx,2025-01-26T00:00:00.000000000Z,771732
usdt_trx,2025-01-27T00:00:00.000000000Z,991276
usdt_trx,2025-01-28T00:00:00.000000000Z,849056
usdt_trx,2025-01-29T00:00:00.000000000Z,780687
usdt_trx,2025-01-30T00:00:00.000000000Z,813524
usdt_trx,2025-01-31T00:00:00.000000000Z,870333
usdt_trx,2025-02-01T00:00:00.000000000Z,772183
usdt_trx,2025-02-02T00:00:00.000000000Z,798787
usdt_trx,2025-02-03T00:00:00.000000000Z,1067581
usdt_trx,2025-02-04T00:00:00.000000000Z,944824
usdt_trx,2025-02-05T00:00:00.000000000Z,956856
usdt_trx,2025-02-06T00:00:00.000000000Z,935748
usdt_trx,2025-02-07T00:00:00.000000000Z,944917
usdt_trx,2025-02-08T00:00:00.000000000Z,810315
usdt_trx,2025-02-09T00:00:00.000000000Z,775187
usdt_trx,2025-02-10T00:00:00.000000000Z,1015298
usdt_trx,2025-02-11T00:00:00.000000000Z,988185
usdt_trx,2025-02-12T00:00:00.000000000Z,967930
usdt_trx,2025-02-13T00:00:00.000000000Z,953564
usdt_trx,2025-02-14T00:00:00.000000000Z,972073
usdt_trx,2025-02-15T00:00:00.000000000Z,850807
usdt_trx,2025-02-16T00:00:00.000000000Z,809947
usdt_trx,2025-02-17T00:00:00.000000000Z,1000897
usdt_trx,2025-02-18T00:00:00.000000000Z,1000566
usdt_trx,2025-02-19T00:00:00.000000000Z,974871
usdt_trx,2025-02-20T00:00:00.000000000Z,1051801
usdt_trx,2025-02-21T00:00:00.000000000Z,1017885
usdt_trx,2025-02-22T00:00:00.000000000Z,862741
usdt_trx,2025-02-23T00:00:00.000000000Z,806942
usdt_trx,2025-02-24T00:00:00.000000000Z,1059916
usdt_trx,2025-02-25T00:00:00.000000000Z,1122602
usdt_trx,2025-02-26T00:00:00.000000000Z,1059159
usdt_trx,2025-02-27T00:00:00.000000000Z,1054207
usdt_trx,2025-02-28T00:00:00.000000000Z,1145527
usdt_trx,2025-03-01T00:00:00.000000000Z,944640
usdt_trx,2025-03-02T00:00:00.000000000Z,911705
usdt_trx,2025-03-03T00:00:00.000000000Z,1115351
usdt_trx,2025-03-04T00:00:00.000000000Z,1112749
usdt_trx,2025-03-05T00:00:00.000000000Z,1094037
usdt_trx,2025-03-06T00:00:00.000000000Z,1068025
usdt_trx,2025-03-07T00:00:00.000000000Z,1080866
usdt_trx,2025-03-08T00:00:00.000000000Z,914500
usdt_trx,2025-03-09T00:00:00.000000000Z,880033
usdt_trx,2025-03-10T00:00:00.000000000Z,1133412
usdt_trx,2025-03-11T00:00:00.000000000Z,1120351
usdt_trx,2025-03-12T00:00:00.000000000Z,1047240
usdt_trx,2025-03-13T00:00:00.000000000Z,1033780
usdt_trx,2025-03-14T00:00:00.000000000Z,1042263
usdt_trx,2025-03-15T00:00:00.000000000Z,920634
usdt_trx,2025-03-16T00:00:00.000000000Z,894877
usdt_trx,2025-03-17T00:00:00.000000000Z,1101818
usdt_trx,2025-03-18T00:00:00.000000000Z,1104139
usdt_trx,2025-03-19T00:00:00.000000000Z,1065343
usdt_trx,2025-03-20T00:00:00.000000000Z,1064750
usdt_trx,2025-03-21T00:00:00.000000000Z,1053330
usdt_trx,2025-03-22T00:00:00.000000000Z,896418
usdt_trx,2025-03-23T00:00:00.000000000Z,856845
usdt_trx,2025-03-24T00:00:00.000000000Z,1076721
usdt_trx,2025-03-25T00:00:00.000000000Z,1081039
usdt_trx,2025-03-26T00:00:00.000000000Z,1070456
usdt_trx,2025-03-27T00:00:00.000000000Z,1113290
usdt_trx,2025-03-28T00:00:00.000000000Z,1096233
usdt_trx,2025-03-29T00:00:00.000000000Z,945956
usdt_trx,2025-03-30T00:00:00.000000000Z,884969
usdt_trx,2025-03-31T00:00:00.000000000Z,1124819
usdt_trx,2025-04-01T00:00:00.000000000Z,1138051
usdt_trx,2025-04-02T00:00:00.000000000Z,1106583
usdt_trx,2025-04-03T00:00:00.000000000Z,1112757
usdt_trx,2025-04-04T00:00:00.000000000Z,1061606
usdt_trx,2025-04-05T00:00:00.000000000Z,926284
usdt_trx,2025-04-06T00:00:00.000000000Z,933003
usdt_trx,2025-04-07T00:00:00.000000000Z,1216070
usdt_trx,2025-04-08T00:00:00.000000000Z,1144880
usdt_trx,2025-04-09T00:00:00.000000000Z,1160573
usdt_trx,2025-04-10T00:00:00.000000000Z,1134103
usdt_trx,2025-04-11T00:00:00.000000000Z,1094275
usdt_trx,2025-04-12T00:00:00.000000000Z,918754
usdt_trx,2025-04-13T00:00:00.000000000Z,884751
usdt_trx,2025-04-14T00:00:00.000000000Z,1083287
usdt_trx,2025-04-15T00:00:00.000000000Z,1162378
usdt_trx,2025-04-16T00:00:00.000000000Z,1118243
usdt_trx,2025-04-17T00:00:00.000000000Z,1061023
usdt_trx,2025-04-18T00:00:00.000000000Z,989000
usdt_trx,2025-04-19T00:00:00.000000000Z,888378
usdt_trx,2025-04-20T00:00:00.000000000Z,863801
usdt_trx,2025-04-21T00:00:00.000000000Z,1046716
usdt_trx,2025-04-22T00:00:00.000000000Z,1053861
usdt_trx,2025-04-23T00:00:00.000000000Z,1025976
usdt_trx,2025-04-24T00:00:00.000000000Z,991452
usdt_trx,2025-04-25T00:00:00.000000000Z,1011644
usdt_trx,2025-04-26T00:00:00.000000000Z,876324
usdt_trx,2025-04-27T00:00:00.000000000Z,855969
usdt_trx,2025-04-28T00:00:00.000000000Z,1051880
usdt_trx,2025-04-29T00:00:00.000000000Z,1068051
usdt_trx,2025-04-30T00:00:00.000000000Z,1118079
usdt_trx,2025-05-01T00:00:00.000000000Z,1033601
usdt_trx,2025-05-02T00:00:00.000000000Z,1029923
usdt_trx,2025-05-03T00:00:00.000000000Z,893449
usdt_trx,2025-05-04T00:00:00.000000000Z,873280
usdt_trx,2025-05-05T00:00:00.000000000Z,1089839
usdt_trx,2025-05-06T00:00:00.000000000Z,1109017
usdt_trx,2025-05-07T00:00:00.000000000Z,1107781
usdt_trx,2025-05-08T00:00:00.000000000Z,1135273
usdt_trx,2025-05-09T00:00:00.000000000Z,1085088
usdt_trx,2025-05-10T00:00:00.000000000Z,958929
usdt_trx,2025-05-11T00:00:00.000000000Z,920920
usdt_trx,2025-05-12T00:00:00.000000000Z,1144278
usdt_trx,2025-05-13T00:00:00.000000000Z,742935
usdt_trx,2025-05-14T00:00:00.000000000Z,1111288
usdt_trx,2025-05-15T00:00:00.000000000Z,1188077
usdt_trx,2025-05-16T00:00:00.000000000Z,1109460
usdt_trx,2025-05-17T00:00:00.000000000Z,962660
usdt_trx,2025-05-18T00:00:00.000000000Z,939518
usdt_trx,2025-05-19T00:00:00.000000000Z,1117228
usdt_trx,2025-05-20T00:00:00.000000000Z,1138648
usdt_trx,2025-05-21T00:00:00.000000000Z,1120918
usdt_trx,2025-05-22T00:00:00.000000000Z,1125060
usdt_trx,2025-05-23T00:00:00.000000000Z,1121422
usdt_trx,2025-05-24T00:00:00.000000000Z,955201
usdt_trx,2025-05-25T00:00:00.000000000Z,944340
usdt_trx,2025-05-26T00:00:00.000000000Z,1128645
usdt_trx,2025-05-27T00:00:00.000000000Z,1128364
usdt_trx,2025-05-28T00:00:00.000000000Z,1112145
usdt_trx,2025-05-29T00:00:00.000000000Z,1105288
usdt_trx,2025-05-30T00:00:00.000000000Z,1107927
usdt_trx,2025-05-31T00:00:00.000000000Z,997389
usdt_trx,2025-06-01T00:00:00.000000000Z,947592
usdt_trx,2025-06-02T00:00:00.000000000Z,1130426
usdt_trx,2025-06-03T00:00:00.000000000Z,1116348
usdt_trx,2025-06-04T00:00:00.000000000Z,1112880
usdt_trx,2025-06-05T00:00:00.000000000Z,1124100
usdt_trx,2025-06-06T00:00:00.000000000Z,1058498
usdt_trx,2025-06-07T00:00:00.000000000Z,920046
usdt_trx,2025-06-08T00:00:00.000000000Z,898017
usdt_trx,2025-06-09T00:00:00.000000000Z,1101136
usdt_trx,2025-06-10T00:00:00.000000000Z,1162844
usdt_trx,2025-06-11T00:00:00.000000000Z,1117316
usdt_trx,2025-06-12T00:00:00.000000000Z,1094143
usdt_trx,2025-06-13T00:00:00.000000000Z,1083521
usdt_trx,2025-06-14T00:00:00.000000000Z,940913
usdt_trx,2025-06-15T00:00:00.000000000Z,955477
usdt_trx,2025-06-16T00:00:00.000000000Z,1134490
usdt_trx,2025-06-17T00:00:00.000000000Z,1121276
usdt_trx,2025-06-18T00:00:00.000000000Z,1192820
usdt_trx,2025-06-19T00:00:00.000000000Z,1039674
usdt_trx,2025-06-20T00:00:00.000000000Z,1053112
usdt_trx,2025-06-21T00:00:00.000000000Z,955404
usdt_trx,2025-06-22T00:00:00.000000000Z,919515
usdt_trx,2025-06-23T00:00:00.000000000Z,1091518
usdt_trx,2025-06-24T00:00:00.000000000Z,1072265
usdt_trx,2025-06-25T00:00:00.000000000Z,1052082
usdt_trx,2025-06-26T00:00:00.000000000Z,1033018
usdt_trx,2025-06-27T00:00:00.000000000Z,1027235
usdt_trx,2025-06-28T00:00:00.000000000Z,898080
usdt_trx,2025-06-29T00:00:00.000000000Z,879797
usdt_trx,2025-06-30T00:00:00.000000000Z,1128443
usdt_trx,2025-07-01T00:00:00.000000000Z,1183628
usdt_trx,2025-07-02T00:00:00.000000000Z,1136262
usdt_trx,2025-07-03T00:00:00.000000000Z,1088496
usdt_trx,2025-07-04T00:00:00.000000000Z,1047019
usdt_trx,2025-07-05T00:00:00.000000000Z,910861
usdt_trx,2025-07-06T00:00:00.000000000Z,879732
usdt_trx,2025-07-07T00:00:00.000000000Z,1153968
usdt_trx,2025-07-08T00:00:00.000000000Z,1080254
usdt_trx,2025-07-09T00:00:00.000000000Z,1112360
usdt_trx,2025-07-10T00:00:00.000000000Z,1156341
usdt_trx,2025-07-11T00:00:00.000000000Z,1092935
usdt_trx,2025-07-12T00:00:00.000000000Z,942796
usdt_trx,2025-07-13T00:00:00.000000000Z,909339
usdt_trx,2025-07-14T00:00:00.000000000Z,1112103
usdt_trx,2025-07-15T00:00:00.000000000Z,1153627
usdt_trx,2025-07-16T00:00:00.000000000Z,1140423
usdt_trx,2025-07-17T00:00:00.000000000Z,1100881
usdt_trx,2025-07-18T00:00:00.000000000Z,1086851
usdt_trx,2025-07-19T00:00:00.000000000Z,908622
usdt_trx,2025-07-20T00:00:00.000000000Z,898533
usdt_trx,2025-07-21T00:00:00.000000000Z,1088060
usdt_trx,2025-07-22T00:00:00.000000000Z,1085487
usdt_trx,2025-07-23T00:00:00.000000000Z,1074105
usdt_trx,2025-07-24T00:00:00.000000000Z,1061316
usdt_trx,2025-07-25T00:00:00.000000000Z,1051328
usdt_trx,2025-07-26T00:00:00.000000000Z,920736
usdt_trx,2025-07-27T00:00:00.000000000Z,893115
usdt_trx,2025-07-28T00:00:00.000000000Z,1056481
usdt_trx,2025-07-29T00:00:00.000000000Z,1043684
usdt_trx,2025-07-30T00:00:00.000000000Z,1074205
usdt_trx,2025-07-31T00:00:00.000000000Z,1101609
usdt_trx,2025-08-01T00:00:00.000000000Z,1131254
usdt_trx,2025-08-02T00:00:00.000000000Z,939353
usdt_trx,2025-08-03T00:00:00.000000000Z,896269
usdt_trx,2025-08-04T00:00:00.000000000Z,1095489
usdt_trx,2025-08-05T00:00:00.000000000Z,1113765
usdt_trx,2025-08-06T00:00:00.000000000Z,1082614
usdt_trx,2025-08-07T00:00:00.000000000Z,1053166
usdt_trx,2025-08-08T00:00:00.000000000Z,1067597
usdt_trx,2025-08-09T00:00:00.000000000Z,923913
usdt_trx,2025-08-10T00:00:00.000000000Z,908309
usdt_trx,2025-08-11T00:00:00.000000000Z,1141170
usdt_trx,2025-08-12T00:00:00.000000000Z,1106203
usdt_trx,2025-08-13T00:00:00.000000000Z,1079199
usdt_trx,2025-08-14T00:00:00.000000000Z,1121726
usdt_trx,2025-08-15T00:00:00.000000000Z,1114348
usdt_trx,2025-08-16T00:00:00.000000000Z,951234
usdt_trx,2025-08-17T00:00:00.000000000Z,901674
usdt_trx,2025-08-18T00:00:00.000000000Z,1099439
usdt_trx,2025-08-19T00:00:00.000000000Z,1104667
usdt_trx,2025-08-20T00:00:00.000000000Z,1130405
usdt_trx,2025-08-21T00:00:00.000000000Z,1023946
usdt_trx,2025-08-22T00:00:00.000000000Z,1068179
usdt_trx,2025-08-23T00:00:00.000000000Z,932184
usdt_trx,2025-08-24T00:00:00.000000000Z,888646
usdt_trx,2025-08-25T00:00:00.000000000Z,1101262
usdt_trx,2025-08-26T00:00:00.000000000Z,1089400
usdt_trx,2025-08-27T00:00:00.000000000Z,1049767
usdt_trx,2025-08-28T00:00:00.000000000Z,1056159
usdt_trx,2025-08-29T00:00:00.000000000Z,1064091
usdt_trx,2025-08-30T00:00:00.000000000Z,928401
usdt_trx,2025-08-31T00:00:00.000000000Z,927801
usdt_trx,2025-09-01T00:00:00.000000000Z,1171801
usdt_trx,2025-09-02T00:00:00.000000000Z,1186705
usdt_trx,2025-09-03T00:00:00.000000000Z,1130373
usdt_trx,2025-09-04T00:00:00.000000000Z,1114644
usdt_trx,2025-09-05T00:00:00.000000000Z,1139526
usdt_trx,2025-09-06T00:00:00.000000000Z,922152
usdt_trx,2025-09-07T00:00:00.000000000Z,892381
usdt_trx,2025-09-08T00:00:00.000000000Z,1153713
usdt_trx,2025-09-09T00:00:00.000000000Z,1178539
usdt_trx,2025-09-10T00:00:00.000000000Z,1129286
usdt_trx,2025-09-11T00:00:00.000000000Z,1089876
usdt_trx,2025-09-12T00:00:00.000000000Z,1135890
usdt_trx,2025-09-13T00:00:00.000000000Z,1022712
usdt_trx,2025-09-14T00:00:00.000000000Z,989911
usdt_trx,2025-09-15T00:00:00.000000000Z,1194634
usdt_trx,2025-09-16T00:00:00.000000000Z,1188158
usdt_trx,2025-09-17T00:00:00.000000000Z,1170004
usdt_trx,2025-09-18T00:00:00.000000000Z,1113239
usdt_trx,2025-09-19T00:00:00.000000000Z,1117100
usdt_trx,2025-09-20T00:00:00.000000000Z,954900
usdt_trx,2025-09-21T00:00:00.000000000Z,933918
usdt_trx,2025-09-22T00:00:00.000000000Z,1132586
usdt_trx,2025-09-23T00:00:00.000000000Z,1142005
usdt_trx,2025-09-24T00:00:00.000000000Z,1103959
usdt_trx,2025-09-25T00:00:00.000000000Z,1165704
usdt_trx,2025-09-26T00:00:00.000000000Z,1123012
usdt_trx,2025-09-27T00:00:00.000000000Z,933159
usdt_trx,2025-09-28T00:00:00.000000000Z,906250
usdt_trx,2025-09-29T00:00:00.000000000Z,1117017
usdt_trx,2025-09-30T00:00:00.000000000Z,1228939
usdt_trx,2025-10-01T00:00:00.000000000Z,1235821
usdt_trx,2025-10-02T00:00:00.000000000Z,1165811
usdt_trx,2025-10-03T00:00:00.000000000Z,1158758
usdt_trx,2025-10-04T00:00:00.000000000Z,949157
usdt_trx,2025-10-05T00:00:00.000000000Z,930685
usdt_trx,2025-10-06T00:00:00.000000000Z,1138872
usdt_trx,2025-10-07T00:00:00.000000000Z,1175342
usdt_trx,2025-10-08T00:00:00.000000000Z,1123819
usdt_trx,2025-10-09T00:00:00.000000000Z,1182611
usdt_trx,2025-10-10T00:00:00.000000000Z,1274217
usdt_trx,2025-10-11T00:00:00.000000000Z,1081386
usdt_trx,2025-10-12T00:00:00.000000000Z,969777
usdt_trx,2025-10-13T00:00:00.000000000Z,1149848
usdt_trx,2025-10-14T00:00:00.000000000Z,1231411
usdt_trx,2025-10-15T00:00:00.000000000Z,1253734
usdt_trx,2025-10-16T00:00:00.000000000Z,1184544
usdt_trx,2025-10-17T00:00:00.000000000Z,1220051
usdt_trx,2025-10-18T00:00:00.000000000Z,995648
usdt_trx,2025-10-19T00:00:00.000000000Z,947891
usdt_trx,2025-10-20T00:00:00.000000000Z,1155434
usdt_trx,2025-10-21T00:00:00.000000000Z,1174365
usdt_trx,2025-10-22T00:00:00.000000000Z,1139501
usdt_trx,2025-10-23T00:00:00.000000000Z,1098198
usdt_trx,2025-10-24T00:00:00.000000000Z,1094584
usdt_trx,2025-10-25T00:00:00.000000000Z,949743
usdt_trx,2025-10-26T00:00:00.000000000Z,928548
usdt_trx,2025-10-27T00:00:00.000000000Z,1143836
usdt_trx,2025-10-28T00:00:00.000000000Z,1149476
usdt_trx,2025-10-29T00:00:00.000000000Z,1140565
usdt_trx,2025-10-30T00:00:00.000000000Z,1168735
usdt_trx,2025-10-31T00:00:00.000000000Z,1188692
usdt_trx,2025-11-01T00:00:00.000000000Z,1042346
usdt_trx,2025-11-02T00:00:00.000000000Z,967215
usdt_trx,2025-11-03T00:00:00.000000000Z,1201631
usdt_trx,2025-11-04T00:00:00.000000000Z,1236359
usdt_trx,2025-11-05T00:00:00.000000000Z,1219172
usdt_trx,2025-11-06T00:00:00.000000000Z,1149915
usdt_trx,2025-11-07T00:00:00.000000000Z,1157544
usdt_trx,2025-11-08T00:00:00.000000000Z,987388
usdt_trx,2025-11-09T00:00:00.000000000Z,956793
usdt_trx,2025-11-10T00:00:00.000000000Z,1211856
usdt_trx,2025-11-11T00:00:00.000000000Z,1236161
usdt_trx,2025-11-12T00:00:00.000000000Z,1167177
usdt_trx,2025-11-13T00:00:00.000000000Z,1195741
usdt_trx,2025-11-14T00:00:00.000000000Z,1230292
usdt_trx,2025-11-15T00:00:00.000000000Z,1043133
usdt_trx,2025-11-16T00:00:00.000000000Z,1011756
usdt_trx,2025-11-17T00:00:00.000000000Z,1216379
usdt_trx,2025-11-18T00:00:00.000000000Z,1180951
usdt_trx,2025-11-19T00:00:00.000000000Z,1168777
usdt_trx,2025-11-20T00:00:00.000000000Z,1182111
usdt_trx,2025-11-21T00:00:00.000000000Z,1213242
usdt_trx,2025-11-22T00:00:00.000000000Z,986401
usdt_trx,2025-11-23T00:00:00.000000000Z,958418
usdt_trx,2025-11-24T00:00:00.000000000Z,1165170
usdt_trx,2025-11-25T00:00:00.000000000Z,1194635
usdt_trx,2025-11-26T00:00:00.000000000Z,1152184
usdt_trx,2025-11-27T00:00:00.000000000Z,1208236
usdt_trx,2025-11-28T00:00:00.000000000Z,1226492
usdt_trx,2025-11-29T00:00:00.000000000Z,1061681
usdt_trx,2025-11-30T00:00:00.000000000Z,1044243
usdt_trx,2025-12-01T00:00:00.000000000Z,1322161
usdt_trx,2025-12-02T00:00:00.000000000Z,1281865
usdt_trx,2025-12-03T00:00:00.000000000Z,1264208
usdt_trx,2025-12-04T00:00:00.000000000Z,1197561
usdt_trx,2025-12-05T00:00:00.000000000Z,1240603
usdt_trx,2025-12-06T00:00:00.000000000Z,1051944
usdt_trx,2025-12-07T00:00:00.000000000Z,963938
usdt_trx,2025-12-08T00:00:00.000000000Z,1222924
usdt_trx,2025-12-09T00:00:00.000000000Z,1214803
usdt_trx,2025-12-10T00:00:00.000000000Z,1191344
usdt_trx,2025-12-11T00:00:00.000000000Z,1154226
usdt_trx,2025-12-12T00:00:00.000000000Z,1150271
usdt_trx,2025-12-13T00:00:00.000000000Z,1041762
usdt_trx,2025-12-14T00:00:00.000000000Z,1009437
usdt_trx,2025-12-15T00:00:00.000000000Z,1267316
usdt_trx,2025-12-16T00:00:00.000000000Z,1245117
usdt_trx,2025-12-17T00:00:00.000000000Z,1223501
usdt_trx,2025-12-18T00:00:00.000000000Z,1148530
usdt_trx,2025-12-19T00:00:00.000000000Z,1140168
usdt_trx,2025-12-20T00:00:00.000000000Z,1016448
usdt_trx,2025-12-21T00:00:00.000000000Z,948257
usdt_trx,2025-12-22T00:00:00.000000000Z,1172569
usdt_trx,2025-12-23T00:00:00.000000000Z,1157501
usdt_trx,2025-12-24T00:00:00.000000000Z,1115146
usdt_trx,2025-12-25T00:00:00.000000000Z,998151
usdt_trx,2025-12-26T00:00:00.000000000Z,1119470
usdt_trx,2025-12-27T00:00:00.000000000Z,986006
usdt_trx,2025-12-28T00:00:00.000000000Z,945024
usdt_trx,2025-12-29T00:00:00.000000000Z,1209795
usdt_trx,2025-12-30T00:00:00.000000000Z,1225111
usdt_trx,2025-12-31T00:00:00.000000000Z,1172448
