asset,time,PriceUSD
trx,2025-09-23T00:00:00.000000000Z,0.336197739973816
trx,2025-09-24T00:00:00.000000000Z,0.338450471295814
trx,2025-09-25T00:00:00.000000000Z,0.332201082922389
trx,2025-09-26T00:00:00.000000000Z,0.338474955301902
trx,2025-09-27T00:00:00.000000000Z,0.3368689451304
trx,2025-09-28T00:00:00.000000000Z,0.335751000888529
trx,2025-09-29T00:00:00.000000000Z,0.337099524597718
trx,2025-09-30T00:00:00.000000000Z,0.333206540520032
trx,2025-10-01T00:00:00.000000000Z,0.341856254695563
trx,2025-10-02T00:00:00.000000000Z,0.342948702268416
trx,2025-10-03T00:00:00.000000000Z,0.341879774109792
trx,2025-10-04T00:00:00.000000000Z,0.340402028340864
trx,2025-10-05T00:00:00.000000000Z,0.341424355642612
trx,2025-10-06T00:00:00.000000000Z,0.346334553980347
trx,2025-10-07T00:00:00.000000000Z,0.338308201983421
trx,2025-10-08T00:00:00.000000000Z,0.342194331904192
trx,2025-10-09T00:00:00.000000000Z,0.336487974284405
trx,2025-10-10T00:00:00.000000000Z,0.320926239139235
trx,2025-10-11T00:00:00.000000000Z,0.31469063318227
trx,2025-10-12T00:00:00.000000000Z,0.32286616880287
trx,2025-10-13T00:00:00.000000000Z,0.323114463926007
trx,2025-10-14T00:00:00.000000000Z,0.317061451238952
trx,2025-10-15T00:00:00.000000000Z,0.319402870369322
trx,2025-10-16T00:00:00.000000000Z,0.315458050358206
trx,2025-10-17T00:00:00.000000000Z,0.309114809821483
trx,2025-10-18T00:00:00.000000000Z,0.313061464313842
trx,2025-10-19T00:00:00.000000000Z,0.320500851619002
trx,2025-10-20T00:00:00.000000000Z,0.322756790790242
trx,2025-10-21T00:00:00.000000000Z,0.322230267102671
trx,2025-10-22T00:00:00.000000000Z,0.321581008598081
trx,2025-10-23T00:00:00.000000000Z,0.313812830185122
trx,2025-10-24T00:00:00.000000000Z,0.303863378577265
trx,2025-10-25T00:00:00.000000000Z,0.297367959263826
trx,2025-10-26T00:00:00.000000000Z,0.300745421004182
trx,2025-10-27T00:00:00.000000000Z,0.298187545679742
trx,2025-10-28T00:00:00.000000000Z,0.295550212073957
trx,2025-10-29T00:00:00.000000000Z,0.296378704264045
trx,2025-10-30T00:00:00.000000000Z,0.292124776429756
trx,2025-10-31T00:00:00.000000000Z,0.296127216045937
trx,2025-11-01T00:00:00.000000000Z,0.297405461051747
trx,2025-11-02T00:00:00.000000000Z,0.297641880802221
trx,2025-11-03T00:00:00.000000000Z,0.281136259932498
trx,2025-11-04T00:00:00.000000000Z,0.285309177655524
trx,2025-11-05T00:00:00.000000000Z,0.289038905647545
trx,2025-11-06T00:00:00.000000000Z,0.2834431328878
trx,2025-11-07T00:00:00.000000000Z,0.29237472351459
trx,2025-11-08T00:00:00.000000000Z,0.291398868850823
trx,2025-11-09T00:00:00.000000000Z,0.290554567734024
trx,2025-11-10T00:00:00.000000000Z,0.296007085497555
trx,2025-11-11T00:00:00.000000000Z,0.29722444327824
trx,2025-11-12T00:00:00.000000000Z,0.2946948704081
trx,2025-11-13T00:00:00.000000000Z,0.293098336215213
trx,2025-11-14T00:00:00.000000000Z,0.292236418975036
trx,2025-11-15T00:00:00.000000000Z,0.294247129172124
trx,2025-11-16T00:00:00.000000000Z,0.292114563145505
trx,2025-11-17T00:00:00.000000000Z,0.291169407156076
trx,2025-11-18T00:00:00.000000000Z,0.290312064204372
trx,2025-11-19T00:00:00.000000000Z,0.286468466626471
trx,2025-11-20T00:00:00.000000000Z,0.280099650132594
trx,2025-11-21T00:00:00.000000000Z,0.276067317005802
trx,2025-11-22T00:00:00.000000000Z,0.274229371751443
trx,2025-11-23T00:00:00.000000000Z,0.274823281142044
trx,2025-11-24T00:00:00.000000000Z,0.274795520138536
trx,2025-11-25T00:00:00.000000000Z,0.274396253870314
trx,2025-11-26T00:00:00.000000000Z,0.276382746718181
trx,2025-11-27T00:00:00.000000000Z,0.280124225580313
trx,2025-11-28T00:00:00.000000000Z,0.280941739083615
trx,2025-11-29T00:00:00.000000000Z,0.28096706553554
trx,2025-11-30T00:00:00.000000000Z,0.281745628027989
trx,2025-12-01T00:00:00.000000000Z,0.277563019294138
trx,2025-12-02T00:00:00.000000000Z,0.281086037128757
trx,2025-12-03T00:00:00.000000000Z,0.280589145643094
trx,2025-12-04T00:00:00.000000000Z,0.285916580831443
trx,2025-12-05T00:00:00.000000000Z,0.285534479911616
trx,2025-12-06T00:00:00.000000000Z,0.287472034241263
trx,2025-12-07T00:00:00.000000000Z,0.286709575494498
trx,2025-12-08T00:00:00.000000000Z,0.28159769750778
trx,2025-12-09T00:00:00.000000000Z,0.282399347850076
trx,2025-12-10T00:00:00.000000000Z,0.280102771731438
trx,2025-12-11T00:00:00.000000000Z,0.280651876587565
trx,2025-12-12T00:00:00.000000000Z,0.27385485398475
trx,2025-12-13T00:00:00.000000000Z,0.271052662569384
trx,2025-12-14T00:00:00.000000000Z,0.277043786704532
trx,2025-12-15T00:00:00.000000000Z,0.278302913428581
trx,2025-12-16T00:00:00.000000000Z,0.280343934390827
trx,2025-12-17T00:00:00.000000000Z,0.279206028952209
trx,2025-12-18T00:00:00.000000000Z,0.279313738172883
trx,2025-12-19T00:00:00.000000000Z,0.280136878977704
trx,2025-12-20T00:00:00.000000000Z,0.281074293079737
trx,2025-12-21T00:00:00.000000000Z,0.288253153247261
trx,2025-12-22T00:00:00.000000000Z,0.284290716121807
trx,2025-12-23T00:00:00.000000000Z,0.283286595089967
trx,2025-12-24T00:00:00.000000000Z,0.280066627830535
trx,2025-12-25T00:00:00.000000000Z,0.278494762534719
trx,2025-12-26T00:00:00.000000000Z,0.279466006041457
trx,2025-12-27T00:00:00.000000000Z,0.284395222032776
trx,2025-12-28T00:00:00.000000000Z,0.284935018420324
trx,2025-12-29T00:00:00.000000000Z,0.284464148406501
trx,2025-12-30T00:00:00.000000000Z,0.286199439877344
trx,2025-12-31T00:00:00.000000000Z,0.284173698390366
trx,2025-06-15T00:00:00.000000000Z,0.273877688433992
trx,2025-06-16T00:00:00.000000000Z,0.275627990175231
trx,2025-06-17T00:00:00.000000000Z,0.271910805283106
trx,2025-06-18T00:00:00.000000000Z,0.27318679735102
trx,2025-06-19T00:00:00.000000000Z,0.274659383629247
trx,2025-06-20T00:00:00.000000000Z,0.27265236424739
trx,2025-06-21T00:00:00.000000000Z,0.270948247040443
trx,2025-06-22T00:00:00.000000000Z,0.263756661228158
trx,2025-06-23T00:00:00.000000000Z,0.27309861787713
trx,2025-06-24T00:00:00.000000000Z,0.274018359745978
trx,2025-06-25T00:00:00.000000000Z,0.27313692155739
trx,2025-06-26T00:00:00.000000000Z,0.270966866025917
trx,2025-06-27T00:00:00.000000000Z,0.273360443507919
trx,2025-06-28T00:00:00.000000000Z,0.274603468118092
trx,2025-06-29T00:00:00.000000000Z,0.276591318829002
trx,2025-06-30T00:00:00.000000000Z,0.280119239382606
trx,2025-07-01T00:00:00.000000000Z,0.278749914346298
trx,2025-07-02T00:00:00.000000000Z,0.284801931127987
trx,2025-07-03T00:00:00.000000000Z,0.286879678765517
trx,2025-07-04T00:00:00.000000000Z,0.282428702485729
trx,2025-07-05T00:00:00.000000000Z,0.283134872409494
trx,2025-07-06T00:00:00.000000000Z,0.287260892149791
trx,2025-07-07T00:00:00.000000000Z,0.286638356795623
trx,2025-07-08T00:00:00.000000000Z,0.287501623191016
trx,2025-07-09T00:00:00.000000000Z,0.289978560427449
trx,2025-07-10T00:00:00.000000000Z,0.293500988078815
trx,2025-07-11T00:00:00.000000000Z,0.300927303796834
trx,2025-07-12T00:00:00.000000000Z,0.302439320207654
trx,2025-07-13T00:00:00.000000000Z,0.303049185007423
trx,2025-07-14T00:00:00.000000000Z,0.302678254782671
trx,2025-07-15T00:00:00.000000000Z,0.300560529536596
trx,2025-07-16T00:00:00.000000000Z,0.309392872284846
trx,2025-07-17T00:00:00.000000000Z,0.316037005795658
trx,2025-07-18T00:00:00.000000000Z,0.325352982832387
trx,2025-07-19T00:00:00.000000000Z,0.317793685494714
trx,2025-07-20T00:00:00.000000000Z,0.313967332941494
trx,2025-07-21T00:00:00.000000000Z,0.314411625414728
trx,2025-07-22T00:00:00.000000000Z,0.315608106755827
trx,2025-07-23T00:00:00.000000000Z,0.309729237583391
trx,2025-07-24T00:00:00.000000000Z,0.314066422815081
trx,2025-07-25T00:00:00.000000000Z,0.316790626621242
trx,2025-07-26T00:00:00.000000000Z,0.320099716286882
trx,2025-07-27T00:00:00.000000000Z,0.320122289517648
trx,2025-07-28T00:00:00.000000000Z,0.321796616513358
trx,2025-07-29T00:00:00.000000000Z,0.337743059518641
trx,2025-07-30T00:00:00.000000000Z,0.327625216801023
trx,2025-07-31T00:00:00.000000000Z,0.325135576122677
trx,2025-08-01T00:00:00.000000000Z,0.323224038884666
trx,2025-08-02T00:00:00.000000000Z,0.32161869946019
trx,2025-08-03T00:00:00.000000000Z,0.327670326443544
trx,2025-08-04T00:00:00.000000000Z,0.332971760727535
trx,2025-08-05T00:00:00.000000000Z,0.33346316310686
trx,2025-08-06T00:00:00.000000000Z,0.337285263872775
trx,2025-08-07T00:00:00.000000000Z,0.338409218025978
trx,2025-08-08T00:00:00.000000000Z,0.338238033146143
trx,2025-08-09T00:00:00.000000000Z,0.33552728797834
trx,2025-08-10T00:00:00.000000000Z,0.338247203430749
trx,2025-08-11T00:00:00.000000000Z,0.345210100470806
trx,2025-08-12T00:00:00.000000000Z,0.352249896057737
trx,2025-08-13T00:00:00.000000000Z,0.362198788298621
trx,2025-08-14T00:00:00.000000000Z,0.358257401641179
trx,2025-08-15T00:00:00.000000000Z,0.352301053003619
trx,2025-08-16T00:00:00.000000000Z,0.348084669664059
trx,2025-08-17T00:00:00.000000000Z,0.353863501831545
trx,2025-08-18T00:00:00.000000000Z,0.350695932277965
trx,2025-08-19T00:00:00.000000000Z,0.348594303131122
trx,2025-08-20T00:00:00.000000000Z,0.354486365942287
trx,2025-08-21T00:00:00.000000000Z,0.353478706390356
trx,2025-08-22T00:00:00.000000000Z,0.36643857211397
trx,2025-08-23T00:00:00.000000000Z,0.362364508331602
trx,2025-08-24T00:00:00.000000000Z,0.361731017002161
trx,2025-08-25T00:00:00.000000000Z,0.342611011391062
trx,2025-08-26T00:00:00.000000000Z,0.352061063347136
trx,2025-08-27T00:00:00.000000000Z,0.345535332571403
trx,2025-08-28T00:00:00.000000000Z,0.34488380810065
trx,2025-08-29T00:00:00.000000000Z,0.338905812832505
trx,2025-08-30T00:00:00.000000000Z,0.339068469500667
trx,2025-08-31T00:00:00.000000000Z,0.340918018433534
trx,2025-09-01T00:00:00.000000000Z,0.336974119104291
trx,2025-09-02T00:00:00.000000000Z,0.337894837654274
trx,2025-09-03T00:00:00.000000000Z,0.340819055741219
trx,2025-09-04T00:00:00.000000000Z,0.335002345925987
trx,2025-09-05T00:00:00.000000000Z,0.331266371278968
trx,2025-09-06T00:00:00.000000000Z,0.31417589061063
trx,2025-09-07T00:00:00.000000000Z,0.331053506194223
trx,2025-09-08T00:00:00.000000000Z,0.331173158788597
trx,2025-09-09T00:00:00.000000000Z,0.335075399862303
trx,2025-09-10T00:00:00.000000000Z,0.338622399312286
trx,2025-09-11T00:00:00.000000000Z,0.346619474419163
trx,2025-09-12T00:00:00.000000000Z,0.352379357492812
trx,2025-09-13T00:00:00.000000000Z,0.349810207381066
trx,2025-09-14T00:00:00.000000000Z,0.348532491784009
trx,2025-09-15T00:00:00.000000000Z,0.344772131077054
trx,2025-09-16T00:00:00.000000000Z,0.342369441616451
trx,2025-09-17T00:00:00.000000000Z,0.343616905923487
trx,2025-09-18T00:00:00.000000000Z,0.350340026148992
trx,2025-09-19T00:00:00.000000000Z,0.343707618510409
trx,2025-09-20T00:00:00.000000000Z,0.346830335851178
trx,2025-09-21T00:00:00.000000000Z,0.342888491372432
trx,2025-09-22T00:00:00.000000000Z,0.339970870125581
trx,2025-03-07T00:00:00.000000000Z,0.243513871414732
trx,2025-03-08T00:00:00.000000000Z,0.243999808908356
trx,2025-03-09T00:00:00.000000000Z,0.232438448300667
trx,2025-03-10T00:00:00.000000000Z,0.229710940052246
trx,2025-03-11T00:00:00.000000000Z,0.224478618101441
trx,2025-03-12T00:00:00.000000000Z,0.222844068259244
trx,2025-03-13T00:00:00.000000000Z,0.224840224569883
trx,2025-03-14T00:00:00.000000000Z,0.22230363907519
trx,2025-03-15T00:00:00.000000000Z,0.221767943558568
trx,2025-03-16T00:00:00.000000000Z,0.211665142239699
trx,2025-03-17T00:00:00.000000000Z,0.220524750755467
trx,2025-03-18T00:00:00.000000000Z,0.236838754534493
trx,2025-03-19T00:00:00.000000000Z,0.231055515800132
trx,2025-03-20T00:00:00.000000000Z,0.234861694246217
trx,2025-03-21T00:00:00.000000000Z,0.233309758284318
trx,2025-03-22T00:00:00.000000000Z,0.237231004689452
trx,2025-03-23T00:00:00.000000000Z,0.229882032897855
trx,2025-03-24T00:00:00.000000000Z,0.228079652429136
trx,2025-03-25T00:00:00.000000000Z,0.227040125153318
trx,2025-03-26T00:00:00.000000000Z,0.230929987527246
trx,2025-03-27T00:00:00.000000000Z,0.23497549970425
trx,2025-03-28T00:00:00.000000000Z,0.232386866838508
trx,2025-03-29T00:00:00.000000000Z,0.232342711166487
trx,2025-03-30T00:00:00.000000000Z,0.23119006051132
trx,2025-03-31T00:00:00.000000000Z,0.238814476923742
trx,2025-04-01T00:00:00.000000000Z,0.237640384264555
trx,2025-04-02T00:00:00.000000000Z,0.233478296713035
trx,2025-04-03T00:00:00.000000000Z,0.237723449533193
trx,2025-04-04T00:00:00.000000000Z,0.238902962292232
trx,2025-04-05T00:00:00.000000000Z,0.237393008547843
trx,2025-04-06T00:00:00.000000000Z,0.229163584219932
trx,2025-04-07T00:00:00.000000000Z,0.228492798951626
trx,2025-04-08T00:00:00.000000000Z,0.230239659561878
trx,2025-04-09T00:00:00.000000000Z,0.238398888284654
trx,2025-04-10T00:00:00.000000000Z,0.236259630537397
trx,2025-04-11T00:00:00.000000000Z,0.24332631154433
trx,2025-04-12T00:00:00.000000000Z,0.246330439781875
trx,2025-04-13T00:00:00.000000000Z,0.253842202603922
trx,2025-04-14T00:00:00.000000000Z,0.251859869891555
trx,2025-04-15T00:00:00.000000000Z,0.250461568325857
trx,2025-04-16T00:00:00.000000000Z,0.247901396760674
trx,2025-04-17T00:00:00.000000000Z,0.247870588590548
trx,2025-04-18T00:00:00.000000000Z,0.239900049913632
trx,2025-04-19T00:00:00.000000000Z,0.244091574625723
trx,2025-04-20T00:00:00.000000000Z,0.24435176283562
trx,2025-04-21T00:00:00.000000000Z,0.246313668610971
trx,2025-04-22T00:00:00.000000000Z,0.24800787374816
trx,2025-04-23T00:00:00.000000000Z,0.246377574144853
trx,2025-04-24T00:00:00.000000000Z,0.245561828989529
trx,2025-04-25T00:00:00.000000000Z,0.24187192667271
trx,2025-04-26T00:00:00.000000000Z,0.25189619288441
trx,2025-04-27T00:00:00.000000000Z,0.245541173405525
trx,2025-04-28T00:00:00.000000000Z,0.248287637537511
trx,2025-04-29T00:00:00.000000000Z,0.243524124161945
trx,2025-04-30T00:00:00.000000000Z,0.246837064650181
trx,2025-05-01T00:00:00.000000000Z,0.244611346930295
trx,2025-05-02T00:00:00.000000000Z,0.248157131682235
trx,2025-05-03T00:00:00.000000000Z,0.245567708195663
trx,2025-05-04T00:00:00.000000000Z,0.246596181156221
trx,2025-05-05T00:00:00.000000000Z,0.248447122871702
trx,2025-05-06T00:00:00.000000000Z,0.24585209352227
trx,2025-05-07T00:00:00.000000000Z,0.248920229987111
trx,2025-05-08T00:00:00.000000000Z,0.256868959954863
trx,2025-05-09T00:00:00.000000000Z,0.260117858505021
trx,2025-05-10T00:00:00.000000000Z,0.265438316707609
trx,2025-05-11T00:00:00.000000000Z,0.265257599439469
trx,2025-05-12T00:00:00.000000000Z,0.271860620958234
trx,2025-05-13T00:00:00.000000000Z,0.27103657433294
trx,2025-05-14T00:00:00.000000000Z,0.27487945538608
trx,2025-05-15T00:00:00.000000000Z,0.272747090191363
trx,2025-05-16T00:00:00.000000000Z,0.272082851687737
trx,2025-05-17T00:00:00.000000000Z,0.269519969726108
trx,2025-05-18T00:00:00.000000000Z,0.266810800715971
trx,2025-05-19T00:00:00.000000000Z,0.266591294282963
trx,2025-05-20T00:00:00.000000000Z,0.26901830737832
trx,2025-05-21T00:00:00.000000000Z,0.268606457159207
trx,2025-05-22T00:00:00.000000000Z,0.27495874856363
trx,2025-05-23T00:00:00.000000000Z,0.268763667204565
trx,2025-05-24T00:00:00.000000000Z,0.270471271158204
trx,2025-05-25T00:00:00.000000000Z,0.271666070528583
trx,2025-05-26T00:00:00.000000000Z,0.274142074928832
trx,2025-05-27T00:00:00.000000000Z,0.27769538190144
trx,2025-05-28T00:00:00.000000000Z,0.273563369693056
trx,2025-05-29T00:00:00.000000000Z,0.274273767172829
trx,2025-05-30T00:00:00.000000000Z,0.267239637424238
trx,2025-05-31T00:00:00.000000000Z,0.26577944620629
trx,2025-06-01T00:00:00.000000000Z,0.27113738718661
trx,2025-06-02T00:00:00.000000000Z,0.268921466235084
trx,2025-06-03T00:00:00.000000000Z,0.270489000565173
trx,2025-06-04T00:00:00.000000000Z,0.274411443097405
trx,2025-06-05T00:00:00.000000000Z,0.280524965098344
trx,2025-06-06T00:00:00.000000000Z,0.277613359341481
trx,2025-06-07T00:00:00.000000000Z,0.286814069459746
trx,2025-06-08T00:00:00.000000000Z,0.281978401564353
trx,2025-06-09T00:00:00.000000000Z,0.287278170977886
trx,2025-06-10T00:00:00.000000000Z,0.29143429939452
trx,2025-06-11T00:00:00.000000000Z,0.279108775619762
trx,2025-06-12T00:00:00.000000000Z,0.272158194050194
trx,2025-06-13T00:00:00.000000000Z,0.270165086671171
trx,2025-06-14T00:00:00.000000000Z,0.271169218630588
trx,2024-11-27T00:00:00.000000000Z,0.201461391750223
trx,2024-11-28T00:00:00.000000000Z,0.203345396990095
trx,2024-11-29T00:00:00.000000000Z,0.204562665215385
trx,2024-11-30T00:00:00.000000000Z,0.205369290307066
trx,2024-12-01T00:00:00.000000000Z,0.207396354617535
trx,2024-12-02T00:00:00.000000000Z,0.219642070651886
trx,2024-12-03T00:00:00.000000000Z,0.418151730866368
trx,2024-12-04T00:00:00.000000000Z,0.328578609188853
trx,2024-12-05T00:00:00.000000000Z,0.321402825338227
trx,2024-12-06T00:00:00.000000000Z,0.324372186095974
trx,2024-12-07T00:00:00.000000000Z,0.319891564311574
trx,2024-12-08T00:00:00.000000000Z,0.318146518979186
trx,2024-12-09T00:00:00.000000000Z,0.261780324529299
trx,2024-12-10T00:00:00.000000000Z,0.270670510253395
trx,2024-12-11T00:00:00.000000000Z,0.282498743726665
trx,2024-12-12T00:00:00.000000000Z,0.296462205315306
trx,2024-12-13T00:00:00.000000000Z,0.290047810106302
trx,2024-12-14T00:00:00.000000000Z,0.282129848073795
trx,2024-12-15T00:00:00.000000000Z,0.285091439900364
trx,2024-12-16T00:00:00.000000000Z,0.296513609973833
trx,2024-12-17T00:00:00.000000000Z,0.27905698885129
trx,2024-12-18T00:00:00.000000000Z,0.258568714030266
trx,2024-12-19T00:00:00.000000000Z,0.251922468725011
trx,2024-12-20T00:00:00.000000000Z,0.248507921933265
trx,2024-12-21T00:00:00.000000000Z,0.24430480699806
trx,2024-12-22T00:00:00.000000000Z,0.244056331777672
trx,2024-12-23T00:00:00.000000000Z,0.252409733515739
trx,2024-12-24T00:00:00.000000000Z,0.256266023552402
trx,2024-12-25T00:00:00.000000000Z,0.257586787089263
trx,2024-12-26T00:00:00.000000000Z,0.253102580210131
trx,2024-12-27T00:00:00.000000000Z,0.258660913780359
trx,2024-12-28T00:00:00.000000000Z,0.257896816108072
trx,2024-12-29T00:00:00.000000000Z,0.256980534833582
trx,2024-12-30T00:00:00.000000000Z,0.252642694180347
trx,2024-12-31T00:00:00.000000000Z,0.254132331073878
trx,2025-01-01T00:00:00.000000000Z,0.255307482185841
trx,2025-01-02T00:00:00.000000000Z,0.265081197910303
trx,2025-01-03T00:00:00.000000000Z,0.269819970273581
trx,2025-01-04T00:00:00.000000000Z,0.269893226127446
trx,2025-01-05T00:00:00.000000000Z,0.262687849762128
trx,2025-01-06T00:00:00.000000000Z,0.268524109409237
trx,2025-01-07T00:00:00.000000000Z,0.252919985064001
trx,2025-01-08T00:00:00.000000000Z,0.250448955683653
trx,2025-01-09T00:00:00.000000000Z,0.240010262669028
trx,2025-01-10T00:00:00.000000000Z,0.244416084466066
trx,2025-01-11T00:00:00.000000000Z,0.241163256691669
trx,2025-01-12T00:00:00.000000000Z,0.232741722259222
trx,2025-01-13T00:00:00.000000000Z,0.222735307212984
trx,2025-01-14T00:00:00.000000000Z,0.220975015794092
trx,2025-01-15T00:00:00.000000000Z,0.237615153669538
trx,2025-01-16T00:00:00.000000000Z,0.237056056802294
trx,2025-01-17T00:00:00.000000000Z,0.249087151584092
trx,2025-01-18T00:00:00.000000000Z,0.241816749143484
trx,2025-01-19T00:00:00.000000000Z,0.228371315880985
trx,2025-01-20T00:00:00.000000000Z,0.238997272829129
trx,2025-01-21T00:00:00.000000000Z,0.244648648434919
trx,2025-01-22T00:00:00.000000000Z,0.253507195971226
trx,2025-01-23T00:00:00.000000000Z,0.25282813329552
trx,2025-01-24T00:00:00.000000000Z,0.254193845901084
trx,2025-01-25T00:00:00.000000000Z,0.253561250878961
trx,2025-01-26T00:00:00.000000000Z,0.246892563481033
trx,2025-01-27T00:00:00.000000000Z,0.246245636896061
trx,2025-01-28T00:00:00.000000000Z,0.239800767066981
trx,2025-01-29T00:00:00.000000000Z,0.240737513937469
trx,2025-01-30T00:00:00.000000000Z,0.252394064757583
trx,2025-01-31T00:00:00.000000000Z,0.253793792549773
trx,2025-02-01T00:00:00.000000000Z,0.244469703382028
trx,2025-02-02T00:00:00.000000000Z,0.224305174186362
trx,2025-02-03T00:00:00.000000000Z,0.229151780012839
trx,2025-02-04T00:00:00.000000000Z,0.224170843116523
trx,2025-02-05T00:00:00.000000000Z,0.222455093521443
trx,2025-02-06T00:00:00.000000000Z,0.23151856413201
trx,2025-02-07T00:00:00.000000000Z,0.229754120608762
trx,2025-02-08T00:00:00.000000000Z,0.232219558794819
trx,2025-02-09T00:00:00.000000000Z,0.233412705417886
trx,2025-02-10T00:00:00.000000000Z,0.246390416115215
trx,2025-02-11T00:00:00.000000000Z,0.241227943628219
trx,2025-02-12T00:00:00.000000000Z,0.243394967472251
trx,2025-02-13T00:00:00.000000000Z,0.234159843501613
trx,2025-02-14T00:00:00.000000000Z,0.231289289105211
trx,2025-02-15T00:00:00.000000000Z,0.237455564081438
trx,2025-02-16T00:00:00.000000000Z,0.24291391283474
trx,2025-02-17T00:00:00.000000000Z,0.238612641913588
trx,2025-02-18T00:00:00.000000000Z,0.238820396763214
trx,2025-02-19T00:00:00.000000000Z,0.242380130270406
trx,2025-02-20T00:00:00.000000000Z,0.246563437576377
trx,2025-02-21T00:00:00.000000000Z,0.237251013920376
trx,2025-02-22T00:00:00.000000000Z,0.2374102353111
trx,2025-02-23T00:00:00.000000000Z,0.245820853848668
trx,2025-02-24T00:00:00.000000000Z,0.240573131897278
trx,2025-02-25T00:00:00.000000000Z,0.231231905341266
trx,2025-02-26T00:00:00.000000000Z,0.227105611507647
trx,2025-02-27T00:00:00.000000000Z,0.227879029455151
trx,2025-02-28T00:00:00.000000000Z,0.232858268885556
trx,2025-03-01T00:00:00.000000000Z,0.233540147667933
trx,2025-03-02T00:00:00.000000000Z,0.243857828082842
trx,2025-03-03T00:00:00.000000000Z,0.231144302774783
trx,2025-03-04T00:00:00.000000000Z,0.242154533211549
trx,2025-03-05T00:00:00.000000000Z,0.243750156693976
trx,2025-03-06T00:00:00.000000000Z,0.240234405454441
trx,2024-08-19T00:00:00.000000000Z,0.143163116123719
trx,2024-08-20T00:00:00.000000000Z,0.160363280051816
trx,2024-08-21T00:00:00.000000000Z,0.15391556433729
trx,2024-08-22T00:00:00.000000000Z,0.155567102802243
trx,2024-08-23T00:00:00.000000000Z,0.158579652089928
trx,2024-08-24T00:00:00.000000000Z,0.158823778180323
trx,2024-08-25T00:00:00.000000000Z,0.166695719407589
trx,2024-08-26T00:00:00.000000000Z,0.161828423248775
trx,2024-08-27T00:00:00.000000000Z,0.158002511993712
trx,2024-08-28T00:00:00.000000000Z,0.15817247171795
trx,2024-08-29T00:00:00.000000000Z,0.159963599267149
trx,2024-08-30T00:00:00.000000000Z,0.159909625051191
trx,2024-08-31T00:00:00.000000000Z,0.157698973289508
trx,2024-09-01T00:00:00.000000000Z,0.155491352416028
trx,2024-09-02T00:00:00.000000000Z,0.154085351724774
trx,2024-09-03T00:00:00.000000000Z,0.150479986629027
trx,2024-09-04T00:00:00.000000000Z,0.149950409556969
trx,2024-09-05T00:00:00.000000000Z,0.149822362716289
trx,2024-09-06T00:00:00.000000000Z,0.147822383837696
trx,2024-09-07T00:00:00.000000000Z,0.151444515257997
trx,2024-09-08T00:00:00.000000000Z,0.15314274806347
trx,2024-09-09T00:00:00.000000000Z,0.154522834333343
trx,2024-09-10T00:00:00.000000000Z,0.153081881475894
trx,2024-09-11T00:00:00.000000000Z,0.153302968180621
trx,2024-09-12T00:00:00.000000000Z,0.151970280583502
trx,2024-09-13T00:00:00.000000000Z,0.149086773691741
trx,2024-09-14T00:00:00.000000000Z,0.147472783243372
trx,2024-09-15T00:00:00.000000000Z,0.14877820347451
trx,2024-09-16T00:00:00.000000000Z,0.148813012724041
trx,2024-09-17T00:00:00.000000000Z,0.149920976497575
trx,2024-09-18T00:00:00.000000000Z,0.149445996942082
trx,2024-09-19T00:00:00.000000000Z,0.151393434124033
trx,2024-09-20T00:00:00.000000000Z,0.152007672427442
trx,2024-09-21T00:00:00.000000000Z,0.152188918499795
trx,2024-09-22T00:00:00.000000000Z,0.151830951496968
trx,2024-09-23T00:00:00.000000000Z,0.152365352387254
trx,2024-09-24T00:00:00.000000000Z,0.151227983814897
trx,2024-09-25T00:00:00.000000000Z,0.149908598789834
trx,2024-09-26T00:00:00.000000000Z,0.153202031752694
trx,2024-09-27T00:00:00.000000000Z,0.155099676272303
trx,2024-09-28T00:00:00.000000000Z,0.154979157553377
trx,2024-09-29T00:00:00.000000000Z,0.156515579253834
trx,2024-09-30T00:00:00.000000000Z,0.156039317407095
trx,2024-10-01T00:00:00.000000000Z,0.153600369586633
trx,2024-10-02T00:00:00.000000000Z,0.154476876119055
trx,2024-10-03T00:00:00.000000000Z,0.157569590184128
trx,2024-10-04T00:00:00.000000000Z,0.156522957257997
trx,2024-10-05T00:00:00.000000000Z,0.153541203253881
trx,2024-10-06T00:00:00.000000000Z,0.154240755331433
trx,2024-10-07T00:00:00.000000000Z,0.155932108795403
trx,2024-10-08T00:00:00.000000000Z,0.159751462216174
trx,2024-10-09T00:00:00.000000000Z,0.160430227059338
trx,2024-10-10T00:00:00.000000000Z,0.158680138637127
trx,2024-10-11T00:00:00.000000000Z,0.159844032947187
trx,2024-10-12T00:00:00.000000000Z,0.162590357155356
trx,2024-10-13T00:00:00.000000000Z,0.162445301662077
trx,2024-10-14T00:00:00.000000000Z,0.160481365086115
trx,2024-10-15T00:00:00.000000000Z,0.1587834685571
trx,2024-10-16T00:00:00.000000000Z,0.159919804034615
trx,2024-10-17T00:00:00.000000000Z,0.159552591048443
trx,2024-10-18T00:00:00.000000000Z,0.158764732507277
trx,2024-10-19T00:00:00.000000000Z,0.157109148003386
trx,2024-10-20T00:00:00.000000000Z,0.156678114277269
trx,2024-10-21T00:00:00.000000000Z,0.158331441883754
trx,2024-10-22T00:00:00.000000000Z,0.160188271330798
trx,2024-10-23T00:00:00.000000000Z,0.160190819596037
trx,2024-10-24T00:00:00.000000000Z,0.16450316425845
trx,2024-10-25T00:00:00.000000000Z,0.162253453976719
trx,2024-10-26T00:00:00.000000000Z,0.164892389947447
trx,2024-10-27T00:00:00.000000000Z,0.163912669423084
trx,2024-10-28T00:00:00.000000000Z,0.163991690750404
trx,2024-10-29T00:00:00.000000000Z,0.166195901750646
trx,2024-10-30T00:00:00.000000000Z,0.169360907786613
trx,2024-10-31T00:00:00.000000000Z,0.168205383031357
trx,2024-11-01T00:00:00.000000000Z,0.167328428846782
trx,2024-11-02T00:00:00.000000000Z,0.165963656705759
trx,2024-11-03T00:00:00.000000000Z,0.165151862657251
trx,2024-11-04T00:00:00.000000000Z,0.162841736936411
trx,2024-11-05T00:00:00.000000000Z,0.160148812921716
trx,2024-11-06T00:00:00.000000000Z,0.162587911590199
trx,2024-11-07T00:00:00.000000000Z,0.160287581524695
trx,2024-11-08T00:00:00.000000000Z,0.161026024777288
trx,2024-11-09T00:00:00.000000000Z,0.16197321684214
trx,2024-11-10T00:00:00.000000000Z,0.164016431956076
trx,2024-11-11T00:00:00.000000000Z,0.167813093339937
trx,2024-11-12T00:00:00.000000000Z,0.188201893984715
trx,2024-11-13T00:00:00.000000000Z,0.177089745381236
trx,2024-11-14T00:00:00.000000000Z,0.176495575177151
trx,2024-11-15T00:00:00.000000000Z,0.18969703464344
trx,2024-11-16T00:00:00.000000000Z,0.200137341308025
trx,2024-11-17T00:00:00.000000000Z,0.199313933790378
trx,2024-11-18T00:00:00.000000000Z,0.201492810913417
trx,2024-11-19T00:00:00.000000000Z,0.199746786338132
trx,2024-11-20T00:00:00.000000000Z,0.195179013788429
trx,2024-11-21T00:00:00.000000000Z,0.198601379365511
trx,2024-11-22T00:00:00.000000000Z,0.204701277917611
trx,2024-11-23T00:00:00.000000000Z,0.211976298486692
trx,2024-11-24T00:00:00.000000000Z,0.208916623073966
trx,2024-11-25T00:00:00.000000000Z,0.196321614045848
trx,2024-11-26T00:00:00.000000000Z,0.19389367976691
trx,2024-05-11T00:00:00.000000000Z,0.12643014528962
trx,2024-05-12T00:00:00.000000000Z,0.127239805061379
trx,2024-05-13T00:00:00.000000000Z,0.125667170541429
trx,2024-05-14T00:00:00.000000000Z,0.12531653929877
trx,2024-05-15T00:00:00.000000000Z,0.126281673443315
trx,2024-05-16T00:00:00.000000000Z,0.125054910157974
trx,2024-05-17T00:00:00.000000000Z,0.124470388713837
trx,2024-05-18T00:00:00.000000000Z,0.123044228318483
trx,2024-05-19T00:00:00.000000000Z,0.121186610869985
trx,2024-05-20T00:00:00.000000000Z,0.124274170507439
trx,2024-05-21T00:00:00.000000000Z,0.123611857735783
trx,2024-05-22T00:00:00.000000000Z,0.120006733303559
trx,2024-05-23T00:00:00.000000000Z,0.11504082303953
trx,2024-05-24T00:00:00.000000000Z,0.115423433511012
trx,2024-05-25T00:00:00.000000000Z,0.113747154865917
trx,2024-05-26T00:00:00.000000000Z,0.113096578521869
trx,2024-05-27T00:00:00.000000000Z,0.112362125367534
trx,2024-05-28T00:00:00.000000000Z,0.11114260283593
trx,2024-05-29T00:00:00.000000000Z,0.11199034279207
trx,2024-05-30T00:00:00.000000000Z,0.111981784472851
trx,2024-05-31T00:00:00.000000000Z,0.112040201040591
trx,2024-06-01T00:00:00.000000000Z,0.112582808369678
trx,2024-06-02T00:00:00.000000000Z,0.114792107619709
trx,2024-06-03T00:00:00.000000000Z,0.113484375569483
trx,2024-06-04T00:00:00.000000000Z,0.114497260098239
trx,2024-06-05T00:00:00.000000000Z,0.11459496466353
trx,2024-06-06T00:00:00.000000000Z,0.114749133457612
trx,2024-06-07T00:00:00.000000000Z,0.112692635403777
trx,2024-06-08T00:00:00.000000000Z,0.11474374993338
trx,2024-06-09T00:00:00.000000000Z,0.116891492371067
trx,2024-06-10T00:00:00.000000000Z,0.117515596215091
trx,2024-06-11T00:00:00.000000000Z,0.116559528097154
trx,2024-06-12T00:00:00.000000000Z,0.116431589119455
trx,2024-06-13T00:00:00.000000000Z,0.116854155270111
trx,2024-06-14T00:00:00.000000000Z,0.116391443420172
trx,2024-06-15T00:00:00.000000000Z,0.115233389248705
trx,2024-06-16T00:00:00.000000000Z,0.117159331070638
trx,2024-06-17T00:00:00.000000000Z,0.116797577978289
trx,2024-06-18T00:00:00.000000000Z,0.115313207715315
trx,2024-06-19T00:00:00.000000000Z,0.115775666122853
trx,2024-06-20T00:00:00.000000000Z,0.116726778308502
trx,2024-06-21T00:00:00.000000000Z,0.118328476959243
trx,2024-06-22T00:00:00.000000000Z,0.119604264339472
trx,2024-06-23T00:00:00.000000000Z,0.11920062646958
trx,2024-06-24T00:00:00.000000000Z,0.119008635489207
trx,2024-06-25T00:00:00.000000000Z,0.121904843427765
trx,2024-06-26T00:00:00.000000000Z,0.122518010328504
trx,2024-06-27T00:00:00.000000000Z,0.121848250769755
trx,2024-06-28T00:00:00.000000000Z,0.122954062338661
trx,2024-06-29T00:00:00.000000000Z,0.125394351997771
trx,2024-06-30T00:00:00.000000000Z,0.124549654031848
trx,2024-07-01T00:00:00.000000000Z,0.127794008897447
trx,2024-07-02T00:00:00.000000000Z,0.129029243510226
trx,2024-07-03T00:00:00.000000000Z,0.128644705299886
trx,2024-07-04T00:00:00.000000000Z,0.127547418154623
trx,2024-07-05T00:00:00.000000000Z,0.12695796047073
trx,2024-07-06T00:00:00.000000000Z,0.129814871333245
trx,2024-07-07T00:00:00.000000000Z,0.124718732966363
trx,2024-07-08T00:00:00.000000000Z,0.126186836894206
trx,2024-07-09T00:00:00.000000000Z,0.129827991028487
trx,2024-07-10T00:00:00.000000000Z,0.131539635352756
trx,2024-07-11T00:00:00.000000000Z,0.134486938596793
trx,2024-07-12T00:00:00.000000000Z,0.137193926089045
trx,2024-07-13T00:00:00.000000000Z,0.139485489311442
trx,2024-07-14T00:00:00.000000000Z,0.137710590477008
trx,2024-07-15T00:00:00.000000000Z,0.13730210010585
trx,2024-07-16T00:00:00.000000000Z,0.134059525832078
trx,2024-07-17T00:00:00.000000000Z,0.133627331867075
trx,2024-07-18T00:00:00.000000000Z,0.134375252456019
trx,2024-07-19T00:00:00.000000000Z,0.134671618487657
trx,2024-07-20T00:00:00.000000000Z,0.134716316245787
trx,2024-07-21T00:00:00.000000000Z,0.134244551554234
trx,2024-07-22T00:00:00.000000000Z,0.132488309208818
trx,2024-07-23T00:00:00.000000000Z,0.134075567192601
trx,2024-07-24T00:00:00.000000000Z,0.134240684986596
trx,2024-07-25T00:00:00.000000000Z,0.135365176383646
trx,2024-07-26T00:00:00.000000000Z,0.137481129320866
trx,2024-07-27T00:00:00.000000000Z,0.137193670570751
trx,2024-07-28T00:00:00.000000000Z,0.138718437500793
trx,2024-07-29T00:00:00.000000000Z,0.137692434026387
trx,2024-07-30T00:00:00.000000000Z,0.132954869569878
trx,2024-07-31T00:00:00.000000000Z,0.128770024512492
trx,2024-08-01T00:00:00.000000000Z,0.128154344401591
trx,2024-08-02T00:00:00.000000000Z,0.123410582704087
trx,2024-08-03T00:00:00.000000000Z,0.125225984337788
trx,2024-08-04T00:00:00.000000000Z,0.12629077741732
trx,2024-08-05T00:00:00.000000000Z,0.12168775410293
trx,2024-08-06T00:00:00.000000000Z,0.123454758779639
trx,2024-08-07T00:00:00.000000000Z,0.124799482225105
trx,2024-08-08T00:00:00.000000000Z,0.127083162955333
trx,2024-08-09T00:00:00.000000000Z,0.128200441349153
trx,2024-08-10T00:00:00.000000000Z,0.129089107598585
trx,2024-08-11T00:00:00.000000000Z,0.12774836586496
trx,2024-08-12T00:00:00.000000000Z,0.126762510609079
trx,2024-08-13T00:00:00.000000000Z,0.128822208971407
trx,2024-08-14T00:00:00.000000000Z,0.130536004530997
trx,2024-08-15T00:00:00.000000000Z,0.130153006124905
trx,2024-08-16T00:00:00.000000000Z,0.134096399547473
trx,2024-08-17T00:00:00.000000000Z,0.134837415509417
trx,2024-08-18T00:00:00.000000000Z,0.135268904781315
trx,2024-02-01T00:00:00.000000000Z,0.115444757766413
trx,2024-02-02T00:00:00.000000000Z,0.116216417206982
trx,2024-02-03T00:00:00.000000000Z,0.117207005165336
trx,2024-02-04T00:00:00.000000000Z,0.118290206025749
trx,2024-02-05T00:00:00.000000000Z,0.118844688973218
trx,2024-02-06T00:00:00.000000000Z,0.120986735205894
trx,2024-02-07T00:00:00.000000000Z,0.123508973253694
trx,2024-02-08T00:00:00.000000000Z,0.122002651499778
trx,2024-02-09T00:00:00.000000000Z,0.123791249841738
trx,2024-02-10T00:00:00.000000000Z,0.124360878397631
trx,2024-02-11T00:00:00.000000000Z,0.124247846928662
trx,2024-02-12T00:00:00.000000000Z,0.125078636323563
trx,2024-02-13T00:00:00.000000000Z,0.126962080168243
trx,2024-02-14T00:00:00.000000000Z,0.129647808972679
trx,2024-02-15T00:00:00.000000000Z,0.131230128195042
trx,2024-02-16T00:00:00.000000000Z,0.132873333911063
trx,2024-02-17T00:00:00.000000000Z,0.135998503947014
trx,2024-02-18T00:00:00.000000000Z,0.135240143477496
trx,2024-02-19T00:00:00.000000000Z,0.136445546990991
trx,2024-02-20T00:00:00.000000000Z,0.139279650992771
trx,2024-02-21T00:00:00.000000000Z,0.139605702589894
trx,2024-02-22T00:00:00.000000000Z,0.138957702659854
trx,2024-02-23T00:00:00.000000000Z,0.138171148292531
trx,2024-02-24T00:00:00.000000000Z,0.13748315631822
trx,2024-02-25T00:00:00.000000000Z,0.137584231290978
trx,2024-02-26T00:00:00.000000000Z,0.139932952746737
trx,2024-02-27T00:00:00.000000000Z,0.142898095960417
trx,2024-02-28T00:00:00.000000000Z,0.142274350667251
trx,2024-02-29T00:00:00.000000000Z,0.140678791940752
trx,2024-03-01T00:00:00.000000000Z,0.141599933427642
trx,2024-03-02T00:00:00.000000000Z,0.141223775599294
trx,2024-03-03T00:00:00.000000000Z,0.140623920147053
trx,2024-03-04T00:00:00.000000000Z,0.140412055237053
trx,2024-03-05T00:00:00.000000000Z,0.136035678083755
trx,2024-03-06T00:00:00.000000000Z,0.13779314802504
trx,2024-03-07T00:00:00.000000000Z,0.137393110854371
trx,2024-03-08T00:00:00.000000000Z,0.136964902893538
trx,2024-03-09T00:00:00.000000000Z,0.136112121103327
trx,2024-03-10T00:00:00.000000000Z,0.133862069269647
trx,2024-03-11T00:00:00.000000000Z,0.133743394310568
trx,2024-03-12T00:00:00.000000000Z,0.131402477631098
trx,2024-03-13T00:00:00.000000000Z,0.132011734854681
trx,2024-03-14T00:00:00.000000000Z,0.128988993788169
trx,2024-03-15T00:00:00.000000000Z,0.126372129771834
trx,2024-03-16T00:00:00.000000000Z,0.125091780482849
trx,2024-03-17T00:00:00.000000000Z,0.12613948543021
trx,2024-03-18T00:00:00.000000000Z,0.124102204414395
trx,2024-03-19T00:00:00.000000000Z,0.111916631368716
trx,2024-03-20T00:00:00.000000000Z,0.120945961572087
trx,2024-03-21T00:00:00.000000000Z,0.12102007091844
trx,2024-03-22T00:00:00.000000000Z,0.116981602454734
trx,2024-03-23T00:00:00.000000000Z,0.118743987901042
trx,2024-03-24T00:00:00.000000000Z,0.120193753786287
trx,2024-03-25T00:00:00.000000000Z,0.120523110379297
trx,2024-03-26T00:00:00.000000000Z,0.120824552284817
trx,2024-03-27T00:00:00.000000000Z,0.119374291935321
trx,2024-03-28T00:00:00.000000000Z,0.120412435565641
trx,2024-03-29T00:00:00.000000000Z,0.120032843196524
trx,2024-03-30T00:00:00.000000000Z,0.122524010184535
trx,2024-03-31T00:00:00.000000000Z,0.122903516392077
trx,2024-04-01T00:00:00.000000000Z,0.120602894525234
trx,2024-04-02T00:00:00.000000000Z,0.116721875146833
trx,2024-04-03T00:00:00.000000000Z,0.117271589947256
trx,2024-04-04T00:00:00.000000000Z,0.119154102900828
trx,2024-04-05T00:00:00.000000000Z,0.117996839252955
trx,2024-04-06T00:00:00.000000000Z,0.119700471992168
trx,2024-04-07T00:00:00.000000000Z,0.120467955899577
trx,2024-04-08T00:00:00.000000000Z,0.123010335879535
trx,2024-04-09T00:00:00.000000000Z,0.121084432151938
trx,2024-04-10T00:00:00.000000000Z,0.119163822422334
trx,2024-04-11T00:00:00.000000000Z,0.120330761812351
trx,2024-04-12T00:00:00.000000000Z,0.114738556394923
trx,2024-04-13T00:00:00.000000000Z,0.110327707204613
trx,2024-04-14T00:00:00.000000000Z,0.112612543383478
trx,2024-04-15T00:00:00.000000000Z,0.111487464404412
trx,2024-04-16T00:00:00.000000000Z,0.111937052035332
trx,2024-04-17T00:00:00.000000000Z,0.109797757868594
trx,2024-04-18T00:00:00.000000000Z,0.109323807620674
trx,2024-04-19T00:00:00.000000000Z,0.10992160052953
trx,2024-04-20T00:00:00.000000000Z,0.111064368454878
trx,2024-04-21T00:00:00.000000000Z,0.111328723855003
trx,2024-04-22T00:00:00.000000000Z,0.112369723902635
trx,2024-04-23T00:00:00.000000000Z,0.113261812768659
trx,2024-04-24T00:00:00.000000000Z,0.113136050215989
trx,2024-04-25T00:00:00.000000000Z,0.117198051702365
trx,2024-04-26T00:00:00.000000000Z,0.120067195806003
trx,2024-04-27T00:00:00.000000000Z,0.119832196110452
trx,2024-04-28T00:00:00.000000000Z,0.121349783732293
trx,2024-04-29T00:00:00.000000000Z,0.119114983194713
trx,2024-04-30T00:00:00.000000000Z,0.119391189873877
trx,2024-05-01T00:00:00.000000000Z,0.12024217281918
trx,2024-05-02T00:00:00.000000000Z,0.12230925772904
trx,2024-05-03T00:00:00.000000000Z,0.123124225415417
trx,2024-05-04T00:00:00.000000000Z,0.122346705708741
trx,2024-05-05T00:00:00.000000000Z,0.121040378380248
trx,2024-05-06T00:00:00.000000000Z,0.118662478033414
trx,2024-05-07T00:00:00.000000000Z,0.120588102485764
trx,2024-05-08T00:00:00.000000000Z,0.122817634301881
trx,2024-05-09T00:00:00.000000000Z,0.126163589816083
trx,2024-05-10T00:00:00.000000000Z,0.127218179239372
trx,2023-10-24T00:00:00.000000000Z,0.0923107766615271
trx,2023-10-25T00:00:00.000000000Z,0.0934729464984862
trx,2023-10-26T00:00:00.000000000Z,0.0928477784158271
trx,2023-10-27T00:00:00.000000000Z,0.0935950371306432
trx,2023-10-28T00:00:00.000000000Z,0.0943281475674508
trx,2023-10-29T00:00:00.000000000Z,0.0949306794076609
trx,2023-10-30T00:00:00.000000000Z,0.095606646283471
trx,2023-10-31T00:00:00.000000000Z,0.0971301150080614
trx,2023-11-01T00:00:00.000000000Z,0.100257659171607
trx,2023-11-02T00:00:00.000000000Z,0.0992053465981267
trx,2023-11-03T00:00:00.000000000Z,0.0972494171547377
trx,2023-11-04T00:00:00.000000000Z,0.0977828847073417
trx,2023-11-05T00:00:00.000000000Z,0.0982141219579352
trx,2023-11-06T00:00:00.000000000Z,0.0976988224620642
trx,2023-11-07T00:00:00.000000000Z,0.0966302221021562
trx,2023-11-08T00:00:00.000000000Z,0.0984532015797782
trx,2023-11-09T00:00:00.000000000Z,0.0988611158275187
trx,2023-11-10T00:00:00.000000000Z,0.106273105301242
trx,2023-11-11T00:00:00.000000000Z,0.10793038340392
trx,2023-11-12T00:00:00.000000000Z,0.108436214225861
trx,2023-11-13T00:00:00.000000000Z,0.107107185179065
trx,2023-11-14T00:00:00.000000000Z,0.102206903907274
trx,2023-11-15T00:00:00.000000000Z,0.103885844706337
trx,2023-11-16T00:00:00.000000000Z,0.102308153976398
trx,2023-11-17T00:00:00.000000000Z,0.103698063092001
trx,2023-11-18T00:00:00.000000000Z,0.102972308737539
trx,2023-11-19T00:00:00.000000000Z,0.103488778288899
trx,2023-11-20T00:00:00.000000000Z,0.101068986924161
trx,2023-11-21T00:00:00.000000000Z,0.0962780665564923
trx,2023-11-22T00:00:00.000000000Z,0.101199369172881
trx,2023-11-23T00:00:00.000000000Z,0.102086680432604
trx,2023-11-24T00:00:00.000000000Z,0.104688853359489
trx,2023-11-25T00:00:00.000000000Z,0.10828108978185
trx,2023-11-26T00:00:00.000000000Z,0.107882564411248
trx,2023-11-27T00:00:00.000000000Z,0.102110025017588
trx,2023-11-28T00:00:00.000000000Z,0.102990258727794
trx,2023-11-29T00:00:00.000000000Z,0.103516648259267
trx,2023-11-30T00:00:00.000000000Z,0.103506391329565
trx,2023-12-01T00:00:00.000000000Z,0.103198574294101
trx,2023-12-02T00:00:00.000000000Z,0.103254146645567
trx,2023-12-03T00:00:00.000000000Z,0.103198619681289
trx,2023-12-04T00:00:00.000000000Z,0.103689482501314
trx,2023-12-05T00:00:00.000000000Z,0.103629670970952
trx,2023-12-06T00:00:00.000000000Z,0.104786200643751
trx,2023-12-07T00:00:00.000000000Z,0.104153488099262
trx,2023-12-08T00:00:00.000000000Z,0.106700443992232
trx,2023-12-09T00:00:00.000000000Z,0.106747897407485
trx,2023-12-10T00:00:00.000000000Z,0.107736376308321
trx,2023-12-11T00:00:00.000000000Z,0.103715832098699
trx,2023-12-12T00:00:00.000000000Z,0.103618054342948
trx,2023-12-13T00:00:00.000000000Z,0.104247837676723
trx,2023-12-14T00:00:00.000000000Z,0.106023468948231
trx,2023-12-15T00:00:00.000000000Z,0.101581274558438
trx,2023-12-16T00:00:00.000000000Z,0.102710529718567
trx,2023-12-17T00:00:00.000000000Z,0.102058053154053
trx,2023-12-18T00:00:00.000000000Z,0.100904685235708
trx,2023-12-19T00:00:00.000000000Z,0.100489968656783
trx,2023-12-20T00:00:00.000000000Z,0.102628456754829
trx,2023-12-21T00:00:00.000000000Z,0.10460990707084
trx,2023-12-22T00:00:00.000000000Z,0.105084549272014
trx,2023-12-23T00:00:00.000000000Z,0.106783362851182
trx,2023-12-24T00:00:00.000000000Z,0.106374764936386
trx,2023-12-25T00:00:00.000000000Z,0.105953976432494
trx,2023-12-26T00:00:00.000000000Z,0.103031064090626
trx,2023-12-27T00:00:00.000000000Z,0.105353271917597
trx,2023-12-28T00:00:00.000000000Z,0.105628696648063
trx,2023-12-29T00:00:00.000000000Z,0.105528248924595
trx,2023-12-30T00:00:00.000000000Z,0.105942980774308
trx,2023-12-31T00:00:00.000000000Z,0.107728258973902
trx,2024-01-01T00:00:00.000000000Z,0.107763681691334
trx,2024-01-02T00:00:00.000000000Z,0.108578841824835
trx,2024-01-03T00:00:00.000000000Z,0.106650924683311
trx,2024-01-04T00:00:00.000000000Z,0.10704855383001
trx,2024-01-05T00:00:00.000000000Z,0.10439989023768
trx,2024-01-06T00:00:00.000000000Z,0.103790959235815
trx,2024-01-07T00:00:00.000000000Z,0.102817991567755
trx,2024-01-08T00:00:00.000000000Z,0.10421364629852
trx,2024-01-09T00:00:00.000000000Z,0.102683754414339
trx,2024-01-10T00:00:00.000000000Z,0.105426642224571
trx,2024-01-11T00:00:00.000000000Z,0.106186020140155
trx,2024-01-12T00:00:00.000000000Z,0.106705780167032
trx,2024-01-13T00:00:00.000000000Z,0.11419802632124
trx,2024-01-14T00:00:00.000000000Z,0.11143706542758
trx,2024-01-15T00:00:00.000000000Z,0.108680693068235
trx,2024-01-16T00:00:00.000000000Z,0.108122294687844
trx,2024-01-17T00:00:00.000000000Z,0.108218710332391
trx,2024-01-18T00:00:00.000000000Z,0.108003074353473
trx,2024-01-19T00:00:00.000000000Z,0.110255520429433
trx,2024-01-20T00:00:00.000000000Z,0.109867740233113
trx,2024-01-21T00:00:00.000000000Z,0.108944465782448
trx,2024-01-22T00:00:00.000000000Z,0.109118316948715
trx,2024-01-23T00:00:00.000000000Z,0.10704265331381
trx,2024-01-24T00:00:00.000000000Z,0.10869979438513
trx,2024-01-25T00:00:00.000000000Z,0.112136777253987
trx,2024-01-26T00:00:00.000000000Z,0.11448308173487
trx,2024-01-27T00:00:00.000000000Z,0.112344598774257
trx,2024-01-28T00:00:00.000000000Z,0.112185084094623
trx,2024-01-29T00:00:00.000000000Z,0.113058270461998
trx,2024-01-30T00:00:00.000000000Z,0.112171177374261
trx,2024-01-31T00:00:00.000000000Z,0.11221072673775
trx,2023-07-16T00:00:00.000000000Z,0.0798329305819652
trx,2023-07-17T00:00:00.000000000Z,0.0799536127574146
trx,2023-07-18T00:00:00.000000000Z,0.0797810797586007
trx,2023-07-19T00:00:00.000000000Z,0.0802409044740809
trx,2023-07-20T00:00:00.000000000Z,0.0806960299362048
trx,2023-07-21T00:00:00.000000000Z,0.080507649774059
trx,2023-07-22T00:00:00.000000000Z,0.0838611572357595
trx,2023-07-23T00:00:00.000000000Z,0.0833300516545366
trx,2023-07-24T00:00:00.000000000Z,0.0814838279549089
trx,2023-07-25T00:00:00.000000000Z,0.0818943379555584
trx,2023-07-26T00:00:00.000000000Z,0.0823764561703347
trx,2023-07-27T00:00:00.000000000Z,0.0825506657860781
trx,2023-07-28T00:00:00.000000000Z,0.0851833688429756
trx,2023-07-29T00:00:00.000000000Z,0.0833278768833099
trx,2023-07-30T00:00:00.000000000Z,0.0799939489257359
trx,2023-07-31T00:00:00.000000000Z,0.0779952912892365
trx,2023-08-01T00:00:00.000000000Z,0.0784723932444834
trx,2023-08-02T00:00:00.000000000Z,0.076385203723589
trx,2023-08-03T00:00:00.000000000Z,0.0771746946590324
trx,2023-08-04T00:00:00.000000000Z,0.0766599625585529
trx,2023-08-05T00:00:00.000000000Z,0.0774186366656267
trx,2023-08-06T00:00:00.000000000Z,0.0768322267378082
trx,2023-08-07T00:00:00.000000000Z,0.0767420748157996
trx,2023-08-08T00:00:00.000000000Z,0.0767909400023523
trx,2023-08-09T00:00:00.000000000Z,0.0766780947681967
trx,2023-08-10T00:00:00.000000000Z,0.0772523895530025
trx,2023-08-11T00:00:00.000000000Z,0.0771424742336575
trx,2023-08-12T00:00:00.000000000Z,0.0774500619026121
trx,2023-08-13T00:00:00.000000000Z,0.0770492470562751
trx,2023-08-14T00:00:00.000000000Z,0.0774565891086551
trx,2023-08-15T00:00:00.000000000Z,0.0762523267838035
trx,2023-08-16T00:00:00.000000000Z,0.0745532643530279
trx,2023-08-17T00:00:00.000000000Z,0.0727896879176412
trx,2023-08-18T00:00:00.000000000Z,0.0729969243207793
trx,2023-08-19T00:00:00.000000000Z,0.0741011575317939
trx,2023-08-20T00:00:00.000000000Z,0.0758365973395636
trx,2023-08-21T00:00:00.000000000Z,0.0751615386261938
trx,2023-08-22T00:00:00.000000000Z,0.0754135043063197
trx,2023-08-23T00:00:00.000000000Z,0.0775785881789154
trx,2023-08-24T00:00:00.000000000Z,0.0764862624940739
trx,2023-08-25T00:00:00.000000000Z,0.0771673448055772
trx,2023-08-26T00:00:00.000000000Z,0.0774148172477098
trx,2023-08-27T00:00:00.000000000Z,0.0774978310752413
trx,2023-08-28T00:00:00.000000000Z,0.0763563207062577
trx,2023-08-29T00:00:00.000000000Z,0.0772623513730768
trx,2023-08-30T00:00:00.000000000Z,0.0755857971390996
trx,2023-08-31T00:00:00.000000000Z,0.0767625813280849
trx,2023-09-01T00:00:00.000000000Z,0.0760198219304536
trx,2023-09-02T00:00:00.000000000Z,0.0770319548289361
trx,2023-09-03T00:00:00.000000000Z,0.0770058965177973
trx,2023-09-04T00:00:00.000000000Z,0.0774301924252929
trx,2023-09-05T00:00:00.000000000Z,0.0774252017345598
trx,2023-09-06T00:00:00.000000000Z,0.0788182644071666
trx,2023-09-07T00:00:00.000000000Z,0.0790425606802495
trx,2023-09-08T00:00:00.000000000Z,0.0791250421352939
trx,2023-09-09T00:00:00.000000000Z,0.0791633351356933
trx,2023-09-10T00:00:00.000000000Z,0.0782684453111579
trx,2023-09-11T00:00:00.000000000Z,0.0774834809917096
trx,2023-09-12T00:00:00.000000000Z,0.0807496645293699
trx,2023-09-13T00:00:00.000000000Z,0.0811525937342948
trx,2023-09-14T00:00:00.000000000Z,0.0838049727604371
trx,2023-09-15T00:00:00.000000000Z,0.0840785631210405
trx,2023-09-16T00:00:00.000000000Z,0.0835470848109437
trx,2023-09-17T00:00:00.000000000Z,0.083293082979172
trx,2023-09-18T00:00:00.000000000Z,0.0841202604084483
trx,2023-09-19T00:00:00.000000000Z,0.0845706923055001
trx,2023-09-20T00:00:00.000000000Z,0.0844610250664887
trx,2023-09-21T00:00:00.000000000Z,0.0830498797019684
trx,2023-09-22T00:00:00.000000000Z,0.0833734043189582
trx,2023-09-23T00:00:00.000000000Z,0.0836085251105756
trx,2023-09-24T00:00:00.000000000Z,0.0836218817808188
trx,2023-09-25T00:00:00.000000000Z,0.0844832757616687
trx,2023-09-26T00:00:00.000000000Z,0.0845918377157129
trx,2023-09-27T00:00:00.000000000Z,0.0853892640642644
trx,2023-09-28T00:00:00.000000000Z,0.0867210579590488
trx,2023-09-29T00:00:00.000000000Z,0.0890911341275515
trx,2023-09-30T00:00:00.000000000Z,0.0886498615220827
trx,2023-10-01T00:00:00.000000000Z,0.0901927572941005
trx,2023-10-02T00:00:00.000000000Z,0.0875215694833625
trx,2023-10-03T00:00:00.000000000Z,0.0907387307224764
trx,2023-10-04T00:00:00.000000000Z,0.0890111355342084
trx,2023-10-05T00:00:00.000000000Z,0.0882845851147557
trx,2023-10-06T00:00:00.000000000Z,0.087179633980169
trx,2023-10-07T00:00:00.000000000Z,0.0881453525509731
trx,2023-10-08T00:00:00.000000000Z,0.0880044827769201
trx,2023-10-09T00:00:00.000000000Z,0.086175382091273
trx,2023-10-10T00:00:00.000000000Z,0.0862856901020939
trx,2023-10-11T00:00:00.000000000Z,0.0860270618592603
trx,2023-10-12T00:00:00.000000000Z,0.0848815987904628
trx,2023-10-13T00:00:00.000000000Z,0.0854543533633587
trx,2023-10-14T00:00:00.000000000Z,0.0850415710534989
trx,2023-10-15T00:00:00.000000000Z,0.0867292732425954
trx,2023-10-16T00:00:00.000000000Z,0.0889312256499308
trx,2023-10-17T00:00:00.000000000Z,0.0885442570250766
trx,2023-10-18T00:00:00.000000000Z,0.0892380953784607
trx,2023-10-19T00:00:00.000000000Z,0.0899720291605408
trx,2023-10-20T00:00:00.000000000Z,0.0907539084316374
trx,2023-10-21T00:00:00.000000000Z,0.0915665475859144
trx,2023-10-22T00:00:00.000000000Z,0.0904037981557363
trx,2023-10-23T00:00:00.000000000Z,0.0921882943649492
trx,2023-04-07T00:00:00.000000000Z,0.0661129333099284
trx,2023-04-08T00:00:00.000000000Z,0.0662020851898992
trx,2023-04-09T00:00:00.000000000Z,0.0666754879434972
trx,2023-04-10T00:00:00.000000000Z,0.0673757566054272
trx,2023-04-11T00:00:00.000000000Z,0.0663832605323813
trx,2023-04-12T00:00:00.000000000Z,0.06513028371993
trx,2023-04-13T00:00:00.000000000Z,0.0653080634758069
trx,2023-04-14T00:00:00.000000000Z,0.0662263900861504
trx,2023-04-15T00:00:00.000000000Z,0.0660558769222654
trx,2023-04-16T00:00:00.000000000Z,0.0665433466290754
trx,2023-04-17T00:00:00.000000000Z,0.0657960558795707
trx,2023-04-18T00:00:00.000000000Z,0.0667517407377382
trx,2023-04-19T00:00:00.000000000Z,0.0657872181279203
trx,2023-04-20T00:00:00.000000000Z,0.0653971191313487
trx,2023-04-21T00:00:00.000000000Z,0.0648815214405809
trx,2023-04-22T00:00:00.000000000Z,0.0660386137166501
trx,2023-04-23T00:00:00.000000000Z,0.0666441474985649
trx,2023-04-24T00:00:00.000000000Z,0.0661174189057481
trx,2023-04-25T00:00:00.000000000Z,0.0658604541531055
trx,2023-04-26T00:00:00.000000000Z,0.0652089600268108
trx,2023-04-27T00:00:00.000000000Z,0.0657624384160557
trx,2023-04-28T00:00:00.000000000Z,0.066683564015438
trx,2023-04-29T00:00:00.000000000Z,0.0679545045953002
trx,2023-04-30T00:00:00.000000000Z,0.0674433028079517
trx,2023-05-01T00:00:00.000000000Z,0.0684964344693341
trx,2023-05-02T00:00:00.000000000Z,0.069296901737358
trx,2023-05-03T00:00:00.000000000Z,0.0691855818048386
trx,2023-05-04T00:00:00.000000000Z,0.0694398721913713
trx,2023-05-05T00:00:00.000000000Z,0.071018762223899
trx,2023-05-06T00:00:00.000000000Z,0.0702808446312586
trx,2023-05-07T00:00:00.000000000Z,0.0694429063005771
trx,2023-05-08T00:00:00.000000000Z,0.0684611101351148
trx,2023-05-09T00:00:00.000000000Z,0.0690860161356032
trx,2023-05-10T00:00:00.000000000Z,0.0694362303746784
trx,2023-05-11T00:00:00.000000000Z,0.0676811505516299
trx,2023-05-12T00:00:00.000000000Z,0.0690543661585771
trx,2023-05-13T00:00:00.000000000Z,0.0694637456948638
trx,2023-05-14T00:00:00.000000000Z,0.0693651743486838
trx,2023-05-15T00:00:00.000000000Z,0.0703295393181204
trx,2023-05-16T00:00:00.000000000Z,0.0706055546625759
trx,2023-05-17T00:00:00.000000000Z,0.0710124498157391
trx,2023-05-18T00:00:00.000000000Z,0.0703192599198516
trx,2023-05-19T00:00:00.000000000Z,0.0706860705879365
trx,2023-05-20T00:00:00.000000000Z,0.0726148290335697
trx,2023-05-21T00:00:00.000000000Z,0.0751853212043119
trx,2023-05-22T00:00:00.000000000Z,0.07811054369045
trx,2023-05-23T00:00:00.000000000Z,0.0785332686673019
trx,2023-05-24T00:00:00.000000000Z,0.0768520874759348
trx,2023-05-25T00:00:00.000000000Z,0.0768041785017104
trx,2023-05-26T00:00:00.000000000Z,0.0754371937487328
trx,2023-05-27T00:00:00.000000000Z,0.0771977756846848
trx,2023-05-28T00:00:00.000000000Z,0.0774470164124166
trx,2023-05-29T00:00:00.000000000Z,0.0761502846843611
trx,2023-05-30T00:00:00.000000000Z,0.0763820814707785
trx,2023-05-31T00:00:00.000000000Z,0.0752757289110492
trx,2023-06-01T00:00:00.000000000Z,0.0747448508077982
trx,2023-06-02T00:00:00.000000000Z,0.0826191311602034
trx,2023-06-03T00:00:00.000000000Z,0.0818745062258243
trx,2023-06-04T00:00:00.000000000Z,0.0815614723881249
trx,2023-06-05T00:00:00.000000000Z,0.0782516765227727
trx,2023-06-06T00:00:00.000000000Z,0.0781917906104189
trx,2023-06-07T00:00:00.000000000Z,0.0766945515102348
trx,2023-06-08T00:00:00.000000000Z,0.077495090150987
trx,2023-06-09T00:00:00.000000000Z,0.0718806434234858
trx,2023-06-10T00:00:00.000000000Z,0.0696665477812462
trx,2023-06-11T00:00:00.000000000Z,0.0701601102006079
trx,2023-06-12T00:00:00.000000000Z,0.0709852037098534
trx,2023-06-13T00:00:00.000000000Z,0.0718734586455655
trx,2023-06-14T00:00:00.000000000Z,0.0709407178338066
trx,2023-06-15T00:00:00.000000000Z,0.0708385378927196
trx,2023-06-16T00:00:00.000000000Z,0.0704945500964554
trx,2023-06-17T00:00:00.000000000Z,0.0715605288796824
trx,2023-06-18T00:00:00.000000000Z,0.0700793669934952
trx,2023-06-19T00:00:00.000000000Z,0.0699274530665204
trx,2023-06-20T00:00:00.000000000Z,0.0705474043330099
trx,2023-06-21T00:00:00.000000000Z,0.0724940653114414
trx,2023-06-22T00:00:00.000000000Z,0.0718500853093031
trx,2023-06-23T00:00:00.000000000Z,0.0732040194117229
trx,2023-06-24T00:00:00.000000000Z,0.0722486307891833
trx,2023-06-25T00:00:00.000000000Z,0.0732050686769173
trx,2023-06-26T00:00:00.000000000Z,0.073749788546633
trx,2023-06-27T00:00:00.000000000Z,0.0743554272066994
trx,2023-06-28T00:00:00.000000000Z,0.0738068278541204
trx,2023-06-29T00:00:00.000000000Z,0.0744814036174051
trx,2023-06-30T00:00:00.000000000Z,0.0761237878733579
trx,2023-07-01T00:00:00.000000000Z,0.0772323341174415
trx,2023-07-02T00:00:00.000000000Z,0.0759451813377169
trx,2023-07-03T00:00:00.000000000Z,0.0772644096019872
trx,2023-07-04T00:00:00.000000000Z,0.0771057350757837
trx,2023-07-05T00:00:00.000000000Z,0.0770596015373224
trx,2023-07-06T00:00:00.000000000Z,0.0772474433547793
trx,2023-07-07T00:00:00.000000000Z,0.0787833556295421
trx,2023-07-08T00:00:00.000000000Z,0.0799949194748367
trx,2023-07-09T00:00:00.000000000Z,0.0774390682332737
trx,2023-07-10T00:00:00.000000000Z,0.0775828442043655
trx,2023-07-11T00:00:00.000000000Z,0.0773322986129466
trx,2023-07-12T00:00:00.000000000Z,0.0778591276420264
trx,2023-07-13T00:00:00.000000000Z,0.0815026399091875
trx,2023-07-14T00:00:00.000000000Z,0.0797828855131902
trx,2023-07-15T00:00:00.000000000Z,0.0808301435624615
trx,2022-12-28T00:00:00.000000000Z,0.0540663079605351
trx,2022-12-29T00:00:00.000000000Z,0.053985929227507
trx,2022-12-30T00:00:00.000000000Z,0.0543544991348572
trx,2022-12-31T00:00:00.000000000Z,0.0544536712478063
trx,2023-01-01T00:00:00.000000000Z,0.0547948951163838
trx,2023-01-02T00:00:00.000000000Z,0.0551354650399057
trx,2023-01-03T00:00:00.000000000Z,0.0547664379741472
trx,2023-01-04T00:00:00.000000000Z,0.0547375141055385
trx,2023-01-05T00:00:00.000000000Z,0.0535612788626681
trx,2023-01-06T00:00:00.000000000Z,0.0524740495140436
trx,2023-01-07T00:00:00.000000000Z,0.0519256056314553
trx,2023-01-08T00:00:00.000000000Z,0.0537751840811907
trx,2023-01-09T00:00:00.000000000Z,0.0545942854651576
trx,2023-01-10T00:00:00.000000000Z,0.0547529588188659
trx,2023-01-11T00:00:00.000000000Z,0.0562824338378667
trx,2023-01-12T00:00:00.000000000Z,0.0571049124687841
trx,2023-01-13T00:00:00.000000000Z,0.0599966134153152
trx,2023-01-14T00:00:00.000000000Z,0.0618653232262238
trx,2023-01-15T00:00:00.000000000Z,0.0624116283331317
trx,2023-01-16T00:00:00.000000000Z,0.0623976489685058
trx,2023-01-17T00:00:00.000000000Z,0.0618035520250632
trx,2023-01-18T00:00:00.000000000Z,0.0590878180616329
trx,2023-01-19T00:00:00.000000000Z,0.060068146563718
trx,2023-01-20T00:00:00.000000000Z,0.0627986039838182
trx,2023-01-21T00:00:00.000000000Z,0.061817070932463
trx,2023-01-22T00:00:00.000000000Z,0.0616760659542636
trx,2023-01-23T00:00:00.000000000Z,0.0628190562127246
trx,2023-01-24T00:00:00.000000000Z,0.0601103055127636
trx,2023-01-25T00:00:00.000000000Z,0.0618470617859951
trx,2023-01-26T00:00:00.000000000Z,0.061683893753701
trx,2023-01-27T00:00:00.000000000Z,0.0635865181287217
trx,2023-01-28T00:00:00.000000000Z,0.0630541797361118
trx,2023-01-29T00:00:00.000000000Z,0.0637789058674764
trx,2023-01-30T00:00:00.000000000Z,0.0622144659249259
trx,2023-01-31T00:00:00.000000000Z,0.0621315850828882
trx,2023-02-01T00:00:00.000000000Z,0.0631973050926941
trx,2023-02-02T00:00:00.000000000Z,0.063838759673606
trx,2023-02-03T00:00:00.000000000Z,0.0641534025223598
trx,2023-02-04T00:00:00.000000000Z,0.0639322485794039
trx,2023-02-05T00:00:00.000000000Z,0.0640654084325429
trx,2023-02-06T00:00:00.000000000Z,0.0630903097718222
trx,2023-02-07T00:00:00.000000000Z,0.0657779689934858
trx,2023-02-08T00:00:00.000000000Z,0.0669512186383735
trx,2023-02-09T00:00:00.000000000Z,0.0625682003670551
trx,2023-02-10T00:00:00.000000000Z,0.0632975293006726
trx,2023-02-11T00:00:00.000000000Z,0.0638067461470769
trx,2023-02-12T00:00:00.000000000Z,0.0637811847323011
trx,2023-02-13T00:00:00.000000000Z,0.0656377432086186
trx,2023-02-14T00:00:00.000000000Z,0.066790022907638
trx,2023-02-15T00:00:00.000000000Z,0.0707505384298402
trx,2023-02-16T00:00:00.000000000Z,0.0669248136833674
trx,2023-02-17T00:00:00.000000000Z,0.0705256807592053
trx,2023-02-18T00:00:00.000000000Z,0.0701256666171191
trx,2023-02-19T00:00:00.000000000Z,0.0705323244720602
trx,2023-02-20T00:00:00.000000000Z,0.0718405194422365
trx,2023-02-21T00:00:00.000000000Z,0.0694170928376552
trx,2023-02-22T00:00:00.000000000Z,0.0694388390876375
trx,2023-02-23T00:00:00.000000000Z,0.0695844431828714
trx,2023-02-24T00:00:00.000000000Z,0.0678721977145637
trx,2023-02-25T00:00:00.000000000Z,0.0677968135608588
trx,2023-02-26T00:00:00.000000000Z,0.0695169468579763
trx,2023-02-27T00:00:00.000000000Z,0.0694127141064298
trx,2023-02-28T00:00:00.000000000Z,0.0689706983960505
trx,2023-03-01T00:00:00.000000000Z,0.0698169270089022
trx,2023-03-02T00:00:00.000000000Z,0.0696842246707352
trx,2023-03-03T00:00:00.000000000Z,0.0671584606194882
trx,2023-03-04T00:00:00.000000000Z,0.0666679753428958
trx,2023-03-05T00:00:00.000000000Z,0.0671805452842963
trx,2023-03-06T00:00:00.000000000Z,0.0673530281159687
trx,2023-03-07T00:00:00.000000000Z,0.0662378370458915
trx,2023-03-08T00:00:00.000000000Z,0.0651986533799605
trx,2023-03-09T00:00:00.000000000Z,0.0582821401695076
trx,2023-03-10T00:00:00.000000000Z,0.0576309463548643
trx,2023-03-11T00:00:00.000000000Z,0.059188898727696
trx,2023-03-12T00:00:00.000000000Z,0.0638864642536134
trx,2023-03-13T00:00:00.000000000Z,0.0671147436191574
trx,2023-03-14T00:00:00.000000000Z,0.0671964583825909
trx,2023-03-15T00:00:00.000000000Z,0.0653316454344883
trx,2023-03-16T00:00:00.000000000Z,0.0653425851387516
trx,2023-03-17T00:00:00.000000000Z,0.0677753921352495
trx,2023-03-18T00:00:00.000000000Z,0.0659561470778325
trx,2023-03-19T00:00:00.000000000Z,0.0669739903803161
trx,2023-03-20T00:00:00.000000000Z,0.0652648508289669
trx,2023-03-21T00:00:00.000000000Z,0.0672147005181586
trx,2023-03-22T00:00:00.000000000Z,0.0598958928461839
trx,2023-03-23T00:00:00.000000000Z,0.0653693434618764
trx,2023-03-24T00:00:00.000000000Z,0.0636454760638934
trx,2023-03-25T00:00:00.000000000Z,0.0636938826164573
trx,2023-03-26T00:00:00.000000000Z,0.0643238990048498
trx,2023-03-27T00:00:00.000000000Z,0.0635658285082964
trx,2023-03-28T00:00:00.000000000Z,0.0642538618093854
trx,2023-03-29T00:00:00.000000000Z,0.0643688552701358
trx,2023-03-30T00:00:00.000000000Z,0.0648477383308843
trx,2023-03-31T00:00:00.000000000Z,0.0656682063319165
trx,2023-04-01T00:00:00.000000000Z,0.0664297315309022
trx,2023-04-02T00:00:00.000000000Z,0.0653747008811794
trx,2023-04-03T00:00:00.000000000Z,0.0658352418420068
trx,2023-04-04T00:00:00.000000000Z,0.0657646234812425
trx,2023-04-05T00:00:00.000000000Z,0.0661396492018641
trx,2023-04-06T00:00:00.000000000Z,0.0661023817560553
trx,2022-09-19T00:00:00.000000000Z,0.0603444862924105
trx,2022-09-20T00:00:00.000000000Z,0.0597235908494576
trx,2022-09-21T00:00:00.000000000Z,0.0591720468133395
trx,2022-09-22T00:00:00.000000000Z,0.0602502154548211
trx,2022-09-23T00:00:00.000000000Z,0.0604852451694014
trx,2022-09-24T00:00:00.000000000Z,0.0597790992892786
trx,2022-09-25T00:00:00.000000000Z,0.0596851547793342
trx,2022-09-26T00:00:00.000000000Z,0.0595168407106588
trx,2022-09-27T00:00:00.000000000Z,0.0594195876231836
trx,2022-09-28T00:00:00.000000000Z,0.0596775402050859
trx,2022-09-29T00:00:00.000000000Z,0.0609625268445682
trx,2022-09-30T00:00:00.000000000Z,0.0609992350210485
trx,2022-10-01T00:00:00.000000000Z,0.0604825829077892
trx,2022-10-02T00:00:00.000000000Z,0.0608183841648838
trx,2022-10-03T00:00:00.000000000Z,0.061409258616572
trx,2022-10-04T00:00:00.000000000Z,0.0623395200076861
trx,2022-10-05T00:00:00.000000000Z,0.0624026164686535
trx,2022-10-06T00:00:00.000000000Z,0.062785358265439
trx,2022-10-07T00:00:00.000000000Z,0.0625082570686918
trx,2022-10-08T00:00:00.000000000Z,0.0620786720346287
trx,2022-10-09T00:00:00.000000000Z,0.0624020691617844
trx,2022-10-10T00:00:00.000000000Z,0.0628568447211665
trx,2022-10-11T00:00:00.000000000Z,0.0615485907812501
trx,2022-10-12T00:00:00.000000000Z,0.0617298098243332
trx,2022-10-13T00:00:00.000000000Z,0.0609991250686692
trx,2022-10-14T00:00:00.000000000Z,0.0639345931767892
trx,2022-10-15T00:00:00.000000000Z,0.0618505736481909
trx,2022-10-16T00:00:00.000000000Z,0.0618122151930541
trx,2022-10-17T00:00:00.000000000Z,0.0626669219073944
trx,2022-10-18T00:00:00.000000000Z,0.0621893946599056
trx,2022-10-19T00:00:00.000000000Z,0.0617727987407807
trx,2022-10-20T00:00:00.000000000Z,0.0621722336564478
trx,2022-10-21T00:00:00.000000000Z,0.0616788171457537
trx,2022-10-22T00:00:00.000000000Z,0.0616406458218834
trx,2022-10-23T00:00:00.000000000Z,0.0618761767659079
trx,2022-10-24T00:00:00.000000000Z,0.0613544208851589
trx,2022-10-25T00:00:00.000000000Z,0.0623923775618214
trx,2022-10-26T00:00:00.000000000Z,0.0634343104575408
trx,2022-10-27T00:00:00.000000000Z,0.0629957115875257
trx,2022-10-28T00:00:00.000000000Z,0.0635758724915396
trx,2022-10-29T00:00:00.000000000Z,0.0638968929478988
trx,2022-10-30T00:00:00.000000000Z,0.0631030071988262
trx,2022-10-31T00:00:00.000000000Z,0.0632982747792899
trx,2022-11-01T00:00:00.000000000Z,0.0628237454457674
trx,2022-11-02T00:00:00.000000000Z,0.0615203480777092
trx,2022-11-03T00:00:00.000000000Z,0.0616761785464388
trx,2022-11-04T00:00:00.000000000Z,0.0637288132637748
trx,2022-11-05T00:00:00.000000000Z,0.0636038610482662
trx,2022-11-06T00:00:00.000000000Z,0.0627899356295954
trx,2022-11-07T00:00:00.000000000Z,0.0622298839456868
trx,2022-11-08T00:00:00.000000000Z,0.0587357998119005
trx,2022-11-09T00:00:00.000000000Z,0.0532174615742948
trx,2022-11-10T00:00:00.000000000Z,0.057644316947469
trx,2022-11-11T00:00:00.000000000Z,0.0555942755297284
trx,2022-11-12T00:00:00.000000000Z,0.0548522376854488
trx,2022-11-13T00:00:00.000000000Z,0.0506957570251647
trx,2022-11-14T00:00:00.000000000Z,0.0500581921328329
trx,2022-11-15T00:00:00.000000000Z,0.050577954431958
trx,2022-11-16T00:00:00.000000000Z,0.0502073552618346
trx,2022-11-17T00:00:00.000000000Z,0.0499801826408067
trx,2022-11-18T00:00:00.000000000Z,0.0505250944789063
trx,2022-11-19T00:00:00.000000000Z,0.0521049785098587
trx,2022-11-20T00:00:00.000000000Z,0.0499412697326699
trx,2022-11-21T00:00:00.000000000Z,0.0513261626300517
trx,2022-11-22T00:00:00.000000000Z,0.0505761863238568
trx,2022-11-23T00:00:00.000000000Z,0.0516858839724379
trx,2022-11-24T00:00:00.000000000Z,0.0528458631669319
trx,2022-11-25T00:00:00.000000000Z,0.0529670332786814
trx,2022-11-26T00:00:00.000000000Z,0.0527734495171321
trx,2022-11-27T00:00:00.000000000Z,0.0532211342831232
trx,2022-11-28T00:00:00.000000000Z,0.0530130804344775
trx,2022-11-29T00:00:00.000000000Z,0.0533400205650287
trx,2022-11-30T00:00:00.000000000Z,0.0546639513910136
trx,2022-12-01T00:00:00.000000000Z,0.0541099342569058
trx,2022-12-02T00:00:00.000000000Z,0.054395097677728
trx,2022-12-03T00:00:00.000000000Z,0.0535915719110421
trx,2022-12-04T00:00:00.000000000Z,0.0531297193941331
trx,2022-12-05T00:00:00.000000000Z,0.0532922955714566
trx,2022-12-06T00:00:00.000000000Z,0.0536496856068301
trx,2022-12-07T00:00:00.000000000Z,0.0531327904911023
trx,2022-12-08T00:00:00.000000000Z,0.0543851564698041
trx,2022-12-09T00:00:00.000000000Z,0.0546622889183917
trx,2022-12-10T00:00:00.000000000Z,0.0548013487531236
trx,2022-12-11T00:00:00.000000000Z,0.0539043777777333
trx,2022-12-12T00:00:00.000000000Z,0.0535057368566057
trx,2022-12-13T00:00:00.000000000Z,0.0544545164503602
trx,2022-12-14T00:00:00.000000000Z,0.0556306258974648
trx,2022-12-15T00:00:00.000000000Z,0.0557693853183336
trx,2022-12-16T00:00:00.000000000Z,0.0528760157908804
trx,2022-12-17T00:00:00.000000000Z,0.0548292154078157
trx,2022-12-18T00:00:00.000000000Z,0.0538491257197234
trx,2022-12-19T00:00:00.000000000Z,0.0536631663481711
trx,2022-12-20T00:00:00.000000000Z,0.0550008352880438
trx,2022-12-21T00:00:00.000000000Z,0.054822100288878
trx,2022-12-22T00:00:00.000000000Z,0.0555428363094534
trx,2022-12-23T00:00:00.000000000Z,0.0541810060687057
trx,2022-12-24T00:00:00.000000000Z,0.0547277316277618
trx,2022-12-25T00:00:00.000000000Z,0.0548083303211564
trx,2022-12-26T00:00:00.000000000Z,0.0545312583467348
trx,2022-12-27T00:00:00.000000000Z,0.0540827572772777
trx,2022-06-11T00:00:00.000000000Z,0.0758963674119579
trx,2022-06-12T00:00:00.000000000Z,0.0765306958017912
trx,2022-06-13T00:00:00.000000000Z,0.0633881213147982
trx,2022-06-14T00:00:00.000000000Z,0.0555946017922191
trx,2022-06-15T00:00:00.000000000Z,0.0629161271268895
trx,2022-06-16T00:00:00.000000000Z,0.0588824011709055
trx,2022-06-17T00:00:00.000000000Z,0.059908056139787
trx,2022-06-18T00:00:00.000000000Z,0.060806626413285
trx,2022-06-19T00:00:00.000000000Z,0.0612992422744328
trx,2022-06-20T00:00:00.000000000Z,0.0610842697303591
trx,2022-06-21T00:00:00.000000000Z,0.0648456101223191
trx,2022-06-22T00:00:00.000000000Z,0.0631476049550713
trx,2022-06-23T00:00:00.000000000Z,0.063640595896179
trx,2022-06-24T00:00:00.000000000Z,0.0660193112345667
trx,2022-06-25T00:00:00.000000000Z,0.064840594504919
trx,2022-06-26T00:00:00.000000000Z,0.0651151706540916
trx,2022-06-27T00:00:00.000000000Z,0.0670868393453883
trx,2022-06-28T00:00:00.000000000Z,0.0659921469163417
trx,2022-06-29T00:00:00.000000000Z,0.0647179290336875
trx,2022-06-30T00:00:00.000000000Z,0.0638463133522683
trx,2022-07-01T00:00:00.000000000Z,0.0650666523163769
trx,2022-07-02T00:00:00.000000000Z,0.064740163132385
trx,2022-07-03T00:00:00.000000000Z,0.0661371524916245
trx,2022-07-04T00:00:00.000000000Z,0.0671330809644809
trx,2022-07-05T00:00:00.000000000Z,0.0682366827960422
trx,2022-07-06T00:00:00.000000000Z,0.0676054757208644
trx,2022-07-07T00:00:00.000000000Z,0.0685899916487399
trx,2022-07-08T00:00:00.000000000Z,0.069225792233792
trx,2022-07-09T00:00:00.000000000Z,0.0697901660642793
trx,2022-07-10T00:00:00.000000000Z,0.067584986510441
trx,2022-07-11T00:00:00.000000000Z,0.064661059262175
trx,2022-07-12T00:00:00.000000000Z,0.064678653793411
trx,2022-07-13T00:00:00.000000000Z,0.0661048538766875
trx,2022-07-14T00:00:00.000000000Z,0.0668429373870913
trx,2022-07-15T00:00:00.000000000Z,0.0671060447485432
trx,2022-07-16T00:00:00.000000000Z,0.0688981826318455
trx,2022-07-17T00:00:00.000000000Z,0.067550384728624
trx,2022-07-18T00:00:00.000000000Z,0.0688253770875047
trx,2022-07-19T00:00:00.000000000Z,0.0692322497272278
trx,2022-07-20T00:00:00.000000000Z,0.067676256783178
trx,2022-07-21T00:00:00.000000000Z,0.0680382216895149
trx,2022-07-22T00:00:00.000000000Z,0.0670460592408229
trx,2022-07-23T00:00:00.000000000Z,0.0669886547001915
trx,2022-07-24T00:00:00.000000000Z,0.0669732172061494
trx,2022-07-25T00:00:00.000000000Z,0.0640815645022028
trx,2022-07-26T00:00:00.000000000Z,0.0652683941489784
trx,2022-07-27T00:00:00.000000000Z,0.0685234565416665
trx,2022-07-28T00:00:00.000000000Z,0.0697398725780672
trx,2022-07-29T00:00:00.000000000Z,0.0696775734703822
trx,2022-07-30T00:00:00.000000000Z,0.0691428294340501
trx,2022-07-31T00:00:00.000000000Z,0.0688814489288979
trx,2022-08-01T00:00:00.000000000Z,0.0699050828995731
trx,2022-08-02T00:00:00.000000000Z,0.0684579264003899
trx,2022-08-03T00:00:00.000000000Z,0.0677667004951411
trx,2022-08-04T00:00:00.000000000Z,0.0690693335392617
trx,2022-08-05T00:00:00.000000000Z,0.0697424264741094
trx,2022-08-06T00:00:00.000000000Z,0.0695138761332719
trx,2022-08-07T00:00:00.000000000Z,0.0696100303706153
trx,2022-08-08T00:00:00.000000000Z,0.0700955125162425
trx,2022-08-09T00:00:00.000000000Z,0.0684521691147928
trx,2022-08-10T00:00:00.000000000Z,0.0703302319701191
trx,2022-08-11T00:00:00.000000000Z,0.0702695665166923
trx,2022-08-12T00:00:00.000000000Z,0.070424247781017
trx,2022-08-13T00:00:00.000000000Z,0.0699013591551093
trx,2022-08-14T00:00:00.000000000Z,0.0703673984140694
trx,2022-08-15T00:00:00.000000000Z,0.0688521833643807
trx,2022-08-16T00:00:00.000000000Z,0.0697041218117998
trx,2022-08-17T00:00:00.000000000Z,0.0681528482126245
trx,2022-08-18T00:00:00.000000000Z,0.0674927433134685
trx,2022-08-19T00:00:00.000000000Z,0.0641332393572797
trx,2022-08-20T00:00:00.000000000Z,0.0657652015947818
trx,2022-08-21T00:00:00.000000000Z,0.0660840596285622
trx,2022-08-22T00:00:00.000000000Z,0.0653741145106178
trx,2022-08-23T00:00:00.000000000Z,0.0663018150916948
trx,2022-08-24T00:00:00.000000000Z,0.0648794539673101
trx,2022-08-25T00:00:00.000000000Z,0.0654882746964398
trx,2022-08-26T00:00:00.000000000Z,0.0616890069693898
trx,2022-08-27T00:00:00.000000000Z,0.0629323548326782
trx,2022-08-28T00:00:00.000000000Z,0.0615720236264371
trx,2022-08-29T00:00:00.000000000Z,0.0632810004383244
trx,2022-08-30T00:00:00.000000000Z,0.0648016075123762
trx,2022-08-31T00:00:00.000000000Z,0.0633819650458966
trx,2022-09-01T00:00:00.000000000Z,0.063246972960871
trx,2022-09-02T00:00:00.000000000Z,0.062533783355806
trx,2022-09-03T00:00:00.000000000Z,0.0630683078641772
trx,2022-09-04T00:00:00.000000000Z,0.0634821470796476
trx,2022-09-05T00:00:00.000000000Z,0.0629793595875055
trx,2022-09-06T00:00:00.000000000Z,0.0608373539079495
trx,2022-09-07T00:00:00.000000000Z,0.0618539368489123
trx,2022-09-08T00:00:00.000000000Z,0.0612254324090745
trx,2022-09-09T00:00:00.000000000Z,0.0633982439963542
trx,2022-09-10T00:00:00.000000000Z,0.064665255764187
trx,2022-09-11T00:00:00.000000000Z,0.0640695800700868
trx,2022-09-12T00:00:00.000000000Z,0.0638360088461321
trx,2022-09-13T00:00:00.000000000Z,0.0607059322240407
trx,2022-09-14T00:00:00.000000000Z,0.0616201231999299
trx,2022-09-15T00:00:00.000000000Z,0.0611876890388583
trx,2022-09-16T00:00:00.000000000Z,0.0612769405044789
trx,2022-09-17T00:00:00.000000000Z,0.0622770179850505
trx,2022-09-18T00:00:00.000000000Z,0.0608674719668987
trx,2022-03-03T00:00:00.000000000Z,0.0599511617982513
trx,2022-03-04T00:00:00.000000000Z,0.0581561817031461
trx,2022-03-05T00:00:00.000000000Z,0.0604420422770684
trx,2022-03-06T00:00:00.000000000Z,0.0589250561317925
trx,2022-03-07T00:00:00.000000000Z,0.0586106944534472
trx,2022-03-08T00:00:00.000000000Z,0.0604987380691884
trx,2022-03-09T00:00:00.000000000Z,0.0607524566123175
trx,2022-03-10T00:00:00.000000000Z,0.0599238124881728
trx,2022-03-11T00:00:00.000000000Z,0.0603052911069836
trx,2022-03-12T00:00:00.000000000Z,0.0596636367584988
trx,2022-03-13T00:00:00.000000000Z,0.0592791177748694
trx,2022-03-14T00:00:00.000000000Z,0.0601826038124018
trx,2022-03-15T00:00:00.000000000Z,0.0605085832544839
trx,2022-03-16T00:00:00.000000000Z,0.0610161366314441
trx,2022-03-17T00:00:00.000000000Z,0.0607599338116605
trx,2022-03-18T00:00:00.000000000Z,0.0617343366832279
trx,2022-03-19T00:00:00.000000000Z,0.0618856525275852
trx,2022-03-20T00:00:00.000000000Z,0.0614926916232496
trx,2022-03-21T00:00:00.000000000Z,0.0617932750305607
trx,2022-03-22T00:00:00.000000000Z,0.0633608753494628
trx,2022-03-23T00:00:00.000000000Z,0.0642919776886776
trx,2022-03-24T00:00:00.000000000Z,0.0655526144999961
trx,2022-03-25T00:00:00.000000000Z,0.064441439635228
trx,2022-03-26T00:00:00.000000000Z,0.0660506067440997
trx,2022-03-27T00:00:00.000000000Z,0.0691695015880287
trx,2022-03-28T00:00:00.000000000Z,0.0694472243220353
trx,2022-03-29T00:00:00.000000000Z,0.0692966994970488
trx,2022-03-30T00:00:00.000000000Z,0.0731079168853497
trx,2022-03-31T00:00:00.000000000Z,0.0738750583417602
trx,2022-04-01T00:00:00.000000000Z,0.0747398166960178
trx,2022-04-02T00:00:00.000000000Z,0.0734118580130117
trx,2022-04-03T00:00:00.000000000Z,0.0730848480244045
trx,2022-04-04T00:00:00.000000000Z,0.0708293494657916
trx,2022-04-05T00:00:00.000000000Z,0.0696048314309694
trx,2022-04-06T00:00:00.000000000Z,0.0633730431573706
trx,2022-04-07T00:00:00.000000000Z,0.0644568225922285
trx,2022-04-08T00:00:00.000000000Z,0.0623985347424112
trx,2022-04-09T00:00:00.000000000Z,0.0638719126525571
trx,2022-04-10T00:00:00.000000000Z,0.0625265912512507
trx,2022-04-11T00:00:00.000000000Z,0.0582522466894415
trx,2022-04-12T00:00:00.000000000Z,0.0599522968855709
trx,2022-04-13T00:00:00.000000000Z,0.061473506084076
trx,2022-04-14T00:00:00.000000000Z,0.0601171123031036
trx,2022-04-15T00:00:00.000000000Z,0.0618429996820884
trx,2022-04-16T00:00:00.000000000Z,0.062014577548095
trx,2022-04-17T00:00:00.000000000Z,0.060230762900317
trx,2022-04-18T00:00:00.000000000Z,0.0615308405511042
trx,2022-04-19T00:00:00.000000000Z,0.0633683150211846
trx,2022-04-20T00:00:00.000000000Z,0.0626242713848678
trx,2022-04-21T00:00:00.000000000Z,0.0716284839327948
trx,2022-04-22T00:00:00.000000000Z,0.0667705565598695
trx,2022-04-23T00:00:00.000000000Z,0.067819022184399
trx,2022-04-24T00:00:00.000000000Z,0.0657501679041306
trx,2022-04-25T00:00:00.000000000Z,0.0653447181733249
trx,2022-04-26T00:00:00.000000000Z,0.0618658341157461
trx,2022-04-27T00:00:00.000000000Z,0.0631660231953833
trx,2022-04-28T00:00:00.000000000Z,0.0636845889225576
trx,2022-04-29T00:00:00.000000000Z,0.0635675454117377
trx,2022-04-30T00:00:00.000000000Z,0.0627441823354786
trx,2022-05-01T00:00:00.000000000Z,0.0710338510718144
trx,2022-05-02T00:00:00.000000000Z,0.0685501715879171
trx,2022-05-03T00:00:00.000000000Z,0.0719042922563798
trx,2022-05-04T00:00:00.000000000Z,0.0849083658118122
trx,2022-05-05T00:00:00.000000000Z,0.074607915898607
trx,2022-05-06T00:00:00.000000000Z,0.0866235689535276
trx,2022-05-07T00:00:00.000000000Z,0.083313832505873
trx,2022-05-08T00:00:00.000000000Z,0.0872794135134754
trx,2022-05-09T00:00:00.000000000Z,0.0738052742032193
trx,2022-05-10T00:00:00.000000000Z,0.0767324821879596
trx,2022-05-11T00:00:00.000000000Z,0.0742926534926888
trx,2022-05-12T00:00:00.000000000Z,0.0670900641165204
trx,2022-05-13T00:00:00.000000000Z,0.0742414597515787
trx,2022-05-14T00:00:00.000000000Z,0.0723309285030247
trx,2022-05-15T00:00:00.000000000Z,0.0721438304751004
trx,2022-05-16T00:00:00.000000000Z,0.0691145977502754
trx,2022-05-17T00:00:00.000000000Z,0.0722909940370264
trx,2022-05-18T00:00:00.000000000Z,0.0710138709410596
trx,2022-05-19T00:00:00.000000000Z,0.073652634602664
trx,2022-05-20T00:00:00.000000000Z,0.071325480778119
trx,2022-05-21T00:00:00.000000000Z,0.0740982531013444
trx,2022-05-22T00:00:00.000000000Z,0.0780098425807141
trx,2022-05-23T00:00:00.000000000Z,0.0763195611304294
trx,2022-05-24T00:00:00.000000000Z,0.0804847247422614
trx,2022-05-25T00:00:00.000000000Z,0.0847407253812036
trx,2022-05-26T00:00:00.000000000Z,0.0823710621768875
trx,2022-05-27T00:00:00.000000000Z,0.0803586024494023
trx,2022-05-28T00:00:00.000000000Z,0.0812057916844225
trx,2022-05-29T00:00:00.000000000Z,0.0802437313062762
trx,2022-05-30T00:00:00.000000000Z,0.0833166039584859
trx,2022-05-31T00:00:00.000000000Z,0.0835033549162483
trx,2022-06-01T00:00:00.000000000Z,0.0835160262739597
trx,2022-06-02T00:00:00.000000000Z,0.0842325399432202
trx,2022-06-03T00:00:00.000000000Z,0.0810196437267205
trx,2022-06-04T00:00:00.000000000Z,0.0801802481793402
trx,2022-06-05T00:00:00.000000000Z,0.0814017965968905
trx,2022-06-06T00:00:00.000000000Z,0.0818870491433934
trx,2022-06-07T00:00:00.000000000Z,0.0822037005666928
trx,2022-06-08T00:00:00.000000000Z,0.0806056995077521
trx,2022-06-09T00:00:00.000000000Z,0.0808450072769739
trx,2022-06-10T00:00:00.000000000Z,0.0788840502004581
trx,2021-11-23T00:00:00.000000000Z,0.10300995064792
trx,2021-11-24T00:00:00.000000000Z,0.097631743177156
trx,2021-11-25T00:00:00.000000000Z,0.100248085530353
trx,2021-11-26T00:00:00.000000000Z,0.0923976129727686
trx,2021-11-27T00:00:00.000000000Z,0.0930987298125513
trx,2021-11-28T00:00:00.000000000Z,0.0950359648183793
trx,2021-11-29T00:00:00.000000000Z,0.0966626432751016
trx,2021-11-30T00:00:00.000000000Z,0.0967680826580724
trx,2021-12-01T00:00:00.000000000Z,0.0968878613207601
trx,2021-12-02T00:00:00.000000000Z,0.0977505974112663
trx,2021-12-03T00:00:00.000000000Z,0.0940675257221979
trx,2021-12-04T00:00:00.000000000Z,0.0868887615293309
trx,2021-12-05T00:00:00.000000000Z,0.0841686681718384
trx,2021-12-06T00:00:00.000000000Z,0.0873860826504885
trx,2021-12-07T00:00:00.000000000Z,0.0901476363631714
trx,2021-12-08T00:00:00.000000000Z,0.0926363714873138
trx,2021-12-09T00:00:00.000000000Z,0.0893275931934552
trx,2021-12-10T00:00:00.000000000Z,0.0883838020770059
trx,2021-12-11T00:00:00.000000000Z,0.0914494033030612
trx,2021-12-12T00:00:00.000000000Z,0.0912443642404344
trx,2021-12-13T00:00:00.000000000Z,0.0851769393474753
trx,2021-12-14T00:00:00.000000000Z,0.0869128777842624
trx,2021-12-15T00:00:00.000000000Z,0.0874510841874668
trx,2021-12-16T00:00:00.000000000Z,0.0854720993271877
trx,2021-12-17T00:00:00.000000000Z,0.079822625400771
trx,2021-12-18T00:00:00.000000000Z,0.0804901652074686
trx,2021-12-19T00:00:00.000000000Z,0.0798041987767717
trx,2021-12-20T00:00:00.000000000Z,0.0776246904009211
trx,2021-12-21T00:00:00.000000000Z,0.0791173271442812
trx,2021-12-22T00:00:00.000000000Z,0.0791571563758496
trx,2021-12-23T00:00:00.000000000Z,0.0825381307760705
trx,2021-12-24T00:00:00.000000000Z,0.0807605002390171
trx,2021-12-25T00:00:00.000000000Z,0.0817117501581225
trx,2021-12-26T00:00:00.000000000Z,0.0815269513877855
trx,2021-12-27T00:00:00.000000000Z,0.0812139750264877
trx,2021-12-28T00:00:00.000000000Z,0.0774240962427206
trx,2021-12-29T00:00:00.000000000Z,0.0765260257611594
trx,2021-12-30T00:00:00.000000000Z,0.0777346184066028
trx,2021-12-31T00:00:00.000000000Z,0.0753773371937762
trx,2022-01-01T00:00:00.000000000Z,0.0763944287475987
trx,2022-01-02T00:00:00.000000000Z,0.0778018996844969
trx,2022-01-03T00:00:00.000000000Z,0.0771038329985726
trx,2022-01-04T00:00:00.000000000Z,0.076109957214542
trx,2022-01-05T00:00:00.000000000Z,0.0712396651467659
trx,2022-01-06T00:00:00.000000000Z,0.0711541657803385
trx,2022-01-07T00:00:00.000000000Z,0.0680065477577033
trx,2022-01-08T00:00:00.000000000Z,0.0656234026094547
trx,2022-01-09T00:00:00.000000000Z,0.0661303320363973
trx,2022-01-10T00:00:00.000000000Z,0.0634685763199457
trx,2022-01-11T00:00:00.000000000Z,0.064902405393529
trx,2022-01-12T00:00:00.000000000Z,0.0681203630523245
trx,2022-01-13T00:00:00.000000000Z,0.0663687308040941
trx,2022-01-14T00:00:00.000000000Z,0.0676398554143721
trx,2022-01-15T00:00:00.000000000Z,0.068597865291813
trx,2022-01-16T00:00:00.000000000Z,0.0698478886023661
trx,2022-01-17T00:00:00.000000000Z,0.0707268699284421
trx,2022-01-18T00:00:00.000000000Z,0.0685710087545336
trx,2022-01-19T00:00:00.000000000Z,0.0693406136266728
trx,2022-01-20T00:00:00.000000000Z,0.0677190113429921
trx,2022-01-21T00:00:00.000000000Z,0.0610119700852933
trx,2022-01-22T00:00:00.000000000Z,0.0566523027597405
trx,2022-01-23T00:00:00.000000000Z,0.0575840209886895
trx,2022-01-24T00:00:00.000000000Z,0.0551218853746987
trx,2022-01-25T00:00:00.000000000Z,0.0560122473364473
trx,2022-01-26T00:00:00.000000000Z,0.056276480874322
trx,2022-01-27T00:00:00.000000000Z,0.0562834995174665
trx,2022-01-28T00:00:00.000000000Z,0.0575748029740156
trx,2022-01-29T00:00:00.000000000Z,0.0602210865780786
trx,2022-01-30T00:00:00.000000000Z,0.0588506602576476
trx,2022-01-31T00:00:00.000000000Z,0.0590013803112115
trx,2022-02-01T00:00:00.000000000Z,0.0598410497065268
trx,2022-02-02T00:00:00.000000000Z,0.0587058532210238
trx,2022-02-03T00:00:00.000000000Z,0.0595674169450379
trx,2022-02-04T00:00:00.000000000Z,0.0641266903253766
trx,2022-02-05T00:00:00.000000000Z,0.0648675092070975
trx,2022-02-06T00:00:00.000000000Z,0.0661240248226377
trx,2022-02-07T00:00:00.000000000Z,0.0686353708473181
trx,2022-02-08T00:00:00.000000000Z,0.0681678268738919
trx,2022-02-09T00:00:00.000000000Z,0.0699621155135507
trx,2022-02-10T00:00:00.000000000Z,0.0687949759112651
trx,2022-02-11T00:00:00.000000000Z,0.0639509834348897
trx,2022-02-12T00:00:00.000000000Z,0.0633649262705839
trx,2022-02-13T00:00:00.000000000Z,0.0644107968908543
trx,2022-02-14T00:00:00.000000000Z,0.064596738431577
trx,2022-02-15T00:00:00.000000000Z,0.0667722524458661
trx,2022-02-16T00:00:00.000000000Z,0.0665875761783939
trx,2022-02-17T00:00:00.000000000Z,0.0625389010955858
trx,2022-02-18T00:00:00.000000000Z,0.063184856720842
trx,2022-02-19T00:00:00.000000000Z,0.0634897890559428
trx,2022-02-20T00:00:00.000000000Z,0.062216599814906
trx,2022-02-21T00:00:00.000000000Z,0.0599469684707761
trx,2022-02-22T00:00:00.000000000Z,0.0626298142412255
trx,2022-02-23T00:00:00.000000000Z,0.0609934787910879
trx,2022-02-24T00:00:00.000000000Z,0.0609482592697831
trx,2022-02-25T00:00:00.000000000Z,0.0596913898439771
trx,2022-02-26T00:00:00.000000000Z,0.0593420915173158
trx,2022-02-27T00:00:00.000000000Z,0.0578811501440484
trx,2022-02-28T00:00:00.000000000Z,0.0616411257912242
trx,2022-03-01T00:00:00.000000000Z,0.0620840214254752
trx,2022-03-02T00:00:00.000000000Z,0.0615487527781019
trx,2021-08-15T00:00:00.000000000Z,0.0930049227881834
trx,2021-08-16T00:00:00.000000000Z,0.0895931203778545
trx,2021-08-17T00:00:00.000000000Z,0.085362611775975
trx,2021-08-18T00:00:00.000000000Z,0.0850755397006372
trx,2021-08-19T00:00:00.000000000Z,0.0878124129909264
trx,2021-08-20T00:00:00.000000000Z,0.0899530695259248
trx,2021-08-21T00:00:00.000000000Z,0.0882346240781057
trx,2021-08-22T00:00:00.000000000Z,0.0880521005846882
trx,2021-08-23T00:00:00.000000000Z,0.089977088464097
trx,2021-08-24T00:00:00.000000000Z,0.0851813484056069
trx,2021-08-25T00:00:00.000000000Z,0.0874165729357647
trx,2021-08-26T00:00:00.000000000Z,0.0838573721303001
trx,2021-08-27T00:00:00.000000000Z,0.0880780432993432
trx,2021-08-28T00:00:00.000000000Z,0.0883270018224789
trx,2021-08-29T00:00:00.000000000Z,0.0886082867729571
trx,2021-08-30T00:00:00.000000000Z,0.0863940351965263
trx,2021-08-31T00:00:00.000000000Z,0.088795971601861
trx,2021-09-01T00:00:00.000000000Z,0.0947554145797604
trx,2021-09-02T00:00:00.000000000Z,0.0997266299116357
trx,2021-09-03T00:00:00.000000000Z,0.101212387613298
trx,2021-09-04T00:00:00.000000000Z,0.101666116097945
trx,2021-09-05T00:00:00.000000000Z,0.104909143697189
trx,2021-09-06T00:00:00.000000000Z,0.103714219777783
trx,2021-09-07T00:00:00.000000000Z,0.0852583947894879
trx,2021-09-08T00:00:00.000000000Z,0.0929870247011965
trx,2021-09-09T00:00:00.000000000Z,0.0929094218976097
trx,2021-09-10T00:00:00.000000000Z,0.0905044082937437
trx,2021-09-11T00:00:00.000000000Z,0.0949001270596241
trx,2021-09-12T00:00:00.000000000Z,0.112828430068006
trx,2021-09-13T00:00:00.000000000Z,0.104683114092196
trx,2021-09-14T00:00:00.000000000Z,0.117489850371307
trx,2021-09-15T00:00:00.000000000Z,0.120029984308593
trx,2021-09-16T00:00:00.000000000Z,0.116046676189106
trx,2021-09-17T00:00:00.000000000Z,0.105092616378879
trx,2021-09-18T00:00:00.000000000Z,0.105725004509539
trx,2021-09-19T00:00:00.000000000Z,0.103422122633535
trx,2021-09-20T00:00:00.000000000Z,0.0913762375261521
trx,2021-09-21T00:00:00.000000000Z,0.0879476491517411
trx,2021-09-22T00:00:00.000000000Z,0.0985345404376195
trx,2021-09-23T00:00:00.000000000Z,0.0988636702282516
trx,2021-09-24T00:00:00.000000000Z,0.0922131046287694
trx,2021-09-25T00:00:00.000000000Z,0.0907368644444715
trx,2021-09-26T00:00:00.000000000Z,0.0874262133270689
trx,2021-09-27T00:00:00.000000000Z,0.0867961577836999
trx,2021-09-28T00:00:00.000000000Z,0.0836102418053858
trx,2021-09-29T00:00:00.000000000Z,0.0857153794065254
trx,2021-09-30T00:00:00.000000000Z,0.0892017634002056
trx,2021-10-01T00:00:00.000000000Z,0.0944531062434936
trx,2021-10-02T00:00:00.000000000Z,0.0938443556804505
trx,2021-10-03T00:00:00.000000000Z,0.0949074490133578
trx,2021-10-04T00:00:00.000000000Z,0.0936519534552641
trx,2021-10-05T00:00:00.000000000Z,0.0968495815874827
trx,2021-10-06T00:00:00.000000000Z,0.0954114968718849
trx,2021-10-07T00:00:00.000000000Z,0.0953375264456602
trx,2021-10-08T00:00:00.000000000Z,0.0974299361891903
trx,2021-10-09T00:00:00.000000000Z,0.102809731279205
trx,2021-10-10T00:00:00.000000000Z,0.0978037953789459
trx,2021-10-11T00:00:00.000000000Z,0.0967938107808563
trx,2021-10-12T00:00:00.000000000Z,0.095162525710322
trx,2021-10-13T00:00:00.000000000Z,0.0977696491267237
trx,2021-10-14T00:00:00.000000000Z,0.09708876140794
trx,2021-10-15T00:00:00.000000000Z,0.0987778002287956
trx,2021-10-16T00:00:00.000000000Z,0.098820243498068
trx,2021-10-17T00:00:00.000000000Z,0.0985142490277163
trx,2021-10-18T00:00:00.000000000Z,0.0980203431514757
trx,2021-10-19T00:00:00.000000000Z,0.100532241182268
trx,2021-10-20T00:00:00.000000000Z,0.103174042930484
trx,2021-10-21T00:00:00.000000000Z,0.0998199887670773
trx,2021-10-22T00:00:00.000000000Z,0.0997705134445831
trx,2021-10-23T00:00:00.000000000Z,0.10063675543579
trx,2021-10-24T00:00:00.000000000Z,0.0990250956015242
trx,2021-10-25T00:00:00.000000000Z,0.100731759355643
trx,2021-10-26T00:00:00.000000000Z,0.101153094184899
trx,2021-10-27T00:00:00.000000000Z,0.0912297075721455
trx,2021-10-28T00:00:00.000000000Z,0.0952401753720847
trx,2021-10-29T00:00:00.000000000Z,0.0991536208496781
trx,2021-10-30T00:00:00.000000000Z,0.100682436702587
trx,2021-10-31T00:00:00.000000000Z,0.101334675317023
trx,2021-11-01T00:00:00.000000000Z,0.100605234914668
trx,2021-11-02T00:00:00.000000000Z,0.107171684511282
trx,2021-11-03T00:00:00.000000000Z,0.105750216409533
trx,2021-11-04T00:00:00.000000000Z,0.103461548707058
trx,2021-11-05T00:00:00.000000000Z,0.103468197885058
trx,2021-11-06T00:00:00.000000000Z,0.102250026420322
trx,2021-11-07T00:00:00.000000000Z,0.104337764888471
trx,2021-11-08T00:00:00.000000000Z,0.109924883744938
trx,2021-11-09T00:00:00.000000000Z,0.114415064529091
trx,2021-11-10T00:00:00.000000000Z,0.106159512864352
trx,2021-11-11T00:00:00.000000000Z,0.109187112720266
trx,2021-11-12T00:00:00.000000000Z,0.107987245789979
trx,2021-11-13T00:00:00.000000000Z,0.112701246237748
trx,2021-11-14T00:00:00.000000000Z,0.116461431052493
trx,2021-11-15T00:00:00.000000000Z,0.123855364059093
trx,2021-11-16T00:00:00.000000000Z,0.110136714348888
trx,2021-11-17T00:00:00.000000000Z,0.110883685919347
trx,2021-11-18T00:00:00.000000000Z,0.100258508012988
trx,2021-11-19T00:00:00.000000000Z,0.104025897258756
trx,2021-11-20T00:00:00.000000000Z,0.105276012672829
trx,2021-11-21T00:00:00.000000000Z,0.107754358575142
trx,2021-11-22T00:00:00.000000000Z,0.101940638178096
trx,2021-05-07T00:00:00.000000000Z,0.146824389291939
trx,2021-05-08T00:00:00.000000000Z,0.143679636415328
trx,2021-05-09T00:00:00.000000000Z,0.143170178759733
trx,2021-05-10T00:00:00.000000000Z,0.127598682047798
trx,2021-05-11T00:00:00.000000000Z,0.13799077208962
trx,2021-05-12T00:00:00.000000000Z,0.123695898921445
trx,2021-05-13T00:00:00.000000000Z,0.119961171406016
trx,2021-05-14T00:00:00.000000000Z,0.124883507832393
trx,2021-05-15T00:00:00.000000000Z,0.121116012779028
trx,2021-05-16T00:00:00.000000000Z,0.118879382816736
trx,2021-05-17T00:00:00.000000000Z,0.112526189641037
trx,2021-05-18T00:00:00.000000000Z,0.115919369356255
trx,2021-05-19T00:00:00.000000000Z,0.0811374309373026
trx,2021-05-20T00:00:00.000000000Z,0.0892219295189316
trx,2021-05-21T00:00:00.000000000Z,0.0775497877070404
trx,2021-05-22T00:00:00.000000000Z,0.0757780507998201
trx,2021-05-23T00:00:00.000000000Z,0.0631354269381975
trx,2021-05-24T00:00:00.000000000Z,0.076193272042928
trx,2021-05-25T00:00:00.000000000Z,0.0771294209118629
trx,2021-05-26T00:00:00.000000000Z,0.0828805779657953
trx,2021-05-27T00:00:00.000000000Z,0.0792781126429467
trx,2021-05-28T00:00:00.000000000Z,0.0719747815900468
trx,2021-05-29T00:00:00.000000000Z,0.0688752133611484
trx,2021-05-30T00:00:00.000000000Z,0.0719848927243444
trx,2021-05-31T00:00:00.000000000Z,0.0766572671322822
trx,2021-06-01T00:00:00.000000000Z,0.076050598009049
trx,2021-06-02T00:00:00.000000000Z,0.0781000629670772
trx,2021-06-03T00:00:00.000000000Z,0.0820688809272674
trx,2021-06-04T00:00:00.000000000Z,0.0773217792091058
trx,2021-06-05T00:00:00.000000000Z,0.0753540016150728
trx,2021-06-06T00:00:00.000000000Z,0.0772511134962653
trx,2021-06-07T00:00:00.000000000Z,0.0717510720558938
trx,2021-06-08T00:00:00.000000000Z,0.0725259559750221
trx,2021-06-09T00:00:00.000000000Z,0.0751186156913632
trx,2021-06-10T00:00:00.000000000Z,0.0728279458080336
trx,2021-06-11T00:00:00.000000000Z,0.0689355533121481
trx,2021-06-12T00:00:00.000000000Z,0.0683045241596135
trx,2021-06-13T00:00:00.000000000Z,0.0714204207867692
trx,2021-06-14T00:00:00.000000000Z,0.0719421098056349
trx,2021-06-15T00:00:00.000000000Z,0.0718982930886025
trx,2021-06-16T00:00:00.000000000Z,0.0687107271436288
trx,2021-06-17T00:00:00.000000000Z,0.0733655571569869
trx,2021-06-18T00:00:00.000000000Z,0.0694459588140835
trx,2021-06-19T00:00:00.000000000Z,0.0686563113014612
trx,2021-06-20T00:00:00.000000000Z,0.0677531530432675
trx,2021-06-21T00:00:00.000000000Z,0.0540351014576293
trx,2021-06-22T00:00:00.000000000Z,0.0507688270396584
trx,2021-06-23T00:00:00.000000000Z,0.056736491560826
trx,2021-06-24T00:00:00.000000000Z,0.0660396890880703
trx,2021-06-25T00:00:00.000000000Z,0.061626843535344
trx,2021-06-26T00:00:00.000000000Z,0.0623272614297616
trx,2021-06-27T00:00:00.000000000Z,0.0646344804050789
trx,2021-06-28T00:00:00.000000000Z,0.0651637148448833
trx,2021-06-29T00:00:00.000000000Z,0.0677608542673709
trx,2021-06-30T00:00:00.000000000Z,0.0679872284650405
trx,2021-07-01T00:00:00.000000000Z,0.0648305699213048
trx,2021-07-02T00:00:00.000000000Z,0.0663710771110151
trx,2021-07-03T00:00:00.000000000Z,0.0666117751480651
trx,2021-07-04T00:00:00.000000000Z,0.0673986317404333
trx,2021-07-05T00:00:00.000000000Z,0.0648857166482084
trx,2021-07-06T00:00:00.000000000Z,0.0648238416451493
trx,2021-07-07T00:00:00.000000000Z,0.0643707458385833
trx,2021-07-08T00:00:00.000000000Z,0.0610832766128947
trx,2021-07-09T00:00:00.000000000Z,0.062368209704171
trx,2021-07-10T00:00:00.000000000Z,0.0614302196696714
trx,2021-07-11T00:00:00.000000000Z,0.0619191392478294
trx,2021-07-12T00:00:00.000000000Z,0.0601773063564821
trx,2021-07-13T00:00:00.000000000Z,0.0593414657727404
trx,2021-07-14T00:00:00.000000000Z,0.0598266446978699
trx,2021-07-15T00:00:00.000000000Z,0.0578255012992464
trx,2021-07-16T00:00:00.000000000Z,0.0558458309691873
trx,2021-07-17T00:00:00.000000000Z,0.0559881804867626
trx,2021-07-18T00:00:00.000000000Z,0.0559393793876871
trx,2021-07-19T00:00:00.000000000Z,0.0536972139864803
trx,2021-07-20T00:00:00.000000000Z,0.050527905717843
trx,2021-07-21T00:00:00.000000000Z,0.0537023585481311
trx,2021-07-22T00:00:00.000000000Z,0.0551915977891904
trx,2021-07-23T00:00:00.000000000Z,0.0559048412726125
trx,2021-07-24T00:00:00.000000000Z,0.057220919558931
trx,2021-07-25T00:00:00.000000000Z,0.0577707691106532
trx,2021-07-26T00:00:00.000000000Z,0.0586250277398234
trx,2021-07-27T00:00:00.000000000Z,0.0599421662155548
trx,2021-07-28T00:00:00.000000000Z,0.0604822804392814
trx,2021-07-29T00:00:00.000000000Z,0.0619454219095464
trx,2021-07-30T00:00:00.000000000Z,0.0630353713803485
trx,2021-07-31T00:00:00.000000000Z,0.0643491581349439
trx,2021-08-01T00:00:00.000000000Z,0.0634137011212368
trx,2021-08-02T00:00:00.000000000Z,0.0647506459231142
trx,2021-08-03T00:00:00.000000000Z,0.0640696517363428
trx,2021-08-04T00:00:00.000000000Z,0.0673845017407638
trx,2021-08-05T00:00:00.000000000Z,0.070319340512391
trx,2021-08-06T00:00:00.000000000Z,0.0716958843203725
trx,2021-08-07T00:00:00.000000000Z,0.0751939018961265
trx,2021-08-08T00:00:00.000000000Z,0.0721031314949051
trx,2021-08-09T00:00:00.000000000Z,0.073923585236207
trx,2021-08-10T00:00:00.000000000Z,0.074431993954012
trx,2021-08-11T00:00:00.000000000Z,0.0831339707508266
trx,2021-08-12T00:00:00.000000000Z,0.0837261142019273
trx,2021-08-13T00:00:00.000000000Z,0.0893137040040249
trx,2021-08-14T00:00:00.000000000Z,0.0927757699242966
trx,2021-01-27T00:00:00.000000000Z,0.0282646787919552
trx,2021-01-28T00:00:00.000000000Z,0.0297839793391921
trx,2021-01-29T00:00:00.000000000Z,0.0330872439917002
trx,2021-01-30T00:00:00.000000000Z,0.0318961927099385
trx,2021-01-31T00:00:00.000000000Z,0.0316378499313103
trx,2021-02-01T00:00:00.000000000Z,0.0330585449277798
trx,2021-02-02T00:00:00.000000000Z,0.0332760165469481
trx,2021-02-03T00:00:00.000000000Z,0.0345633280982115
trx,2021-02-04T00:00:00.000000000Z,0.033359772620472
trx,2021-02-05T00:00:00.000000000Z,0.0363152510560756
trx,2021-02-06T00:00:00.000000000Z,0.0351055627405074
trx,2021-02-07T00:00:00.000000000Z,0.0361129387340513
trx,2021-02-08T00:00:00.000000000Z,0.0407005615522322
trx,2021-02-09T00:00:00.000000000Z,0.0467067965371909
trx,2021-02-10T00:00:00.000000000Z,0.0463419966563363
trx,2021-02-11T00:00:00.000000000Z,0.0571793505308389
trx,2021-02-12T00:00:00.000000000Z,0.0556455123712568
trx,2021-02-13T00:00:00.000000000Z,0.0598455850261952
trx,2021-02-14T00:00:00.000000000Z,0.055757673173818
trx,2021-02-15T00:00:00.000000000Z,0.0510373917529986
trx,2021-02-16T00:00:00.000000000Z,0.0519199250061425
trx,2021-02-17T00:00:00.000000000Z,0.0526036733358253
trx,2021-02-18T00:00:00.000000000Z,0.0548872224473163
trx,2021-02-19T00:00:00.000000000Z,0.0608613729238671
trx,2021-02-20T00:00:00.000000000Z,0.0574786125161706
trx,2021-02-21T00:00:00.000000000Z,0.0595821904785766
trx,2021-02-22T00:00:00.000000000Z,0.0540101011731173
trx,2021-02-23T00:00:00.000000000Z,0.044712557679138
trx,2021-02-24T00:00:00.000000000Z,0.047821824562052
trx,2021-02-25T00:00:00.000000000Z,0.0457267138286486
trx,2021-02-26T00:00:00.000000000Z,0.0450420619331638
trx,2021-02-27T00:00:00.000000000Z,0.0463635089686929
trx,2021-02-28T00:00:00.000000000Z,0.0458332085183733
trx,2021-03-01T00:00:00.000000000Z,0.0477620768611199
trx,2021-03-02T00:00:00.000000000Z,0.0468060834973241
trx,2021-03-03T00:00:00.000000000Z,0.0492222301626169
trx,2021-03-04T00:00:00.000000000Z,0.0514780860132206
trx,2021-03-05T00:00:00.000000000Z,0.0500780555197903
trx,2021-03-06T00:00:00.000000000Z,0.0502601010159893
trx,2021-03-07T00:00:00.000000000Z,0.0516466403642199
trx,2021-03-08T00:00:00.000000000Z,0.0528744812655976
trx,2021-03-09T00:00:00.000000000Z,0.0531249972561047
trx,2021-03-10T00:00:00.000000000Z,0.0516571234413778
trx,2021-03-11T00:00:00.000000000Z,0.0515361093743674
trx,2021-03-12T00:00:00.000000000Z,0.0498687910739042
trx,2021-03-13T00:00:00.000000000Z,0.0529262262513446
trx,2021-03-14T00:00:00.000000000Z,0.0517712583634624
trx,2021-03-15T00:00:00.000000000Z,0.0511936920317936
trx,2021-03-16T00:00:00.000000000Z,0.0521774005749544
trx,2021-03-17T00:00:00.000000000Z,0.0547999264590624
trx,2021-03-18T00:00:00.000000000Z,0.0534299666587776
trx,2021-03-19T00:00:00.000000000Z,0.0586442379419208
trx,2021-03-20T00:00:00.000000000Z,0.0612887863413619
trx,2021-03-21T00:00:00.000000000Z,0.0628475311544628
trx,2021-03-22T00:00:00.000000000Z,0.059948010402325
trx,2021-03-23T00:00:00.000000000Z,0.0586164267498561
trx,2021-03-24T00:00:00.000000000Z,0.0558045702391966
trx,2021-03-25T00:00:00.000000000Z,0.0555575351488773
trx,2021-03-26T00:00:00.000000000Z,0.0648306625363928
trx,2021-03-27T00:00:00.000000000Z,0.0638836645270728
trx,2021-03-28T00:00:00.000000000Z,0.0633925410005792
trx,2021-03-29T00:00:00.000000000Z,0.0647968999980999
trx,2021-03-30T00:00:00.000000000Z,0.0657989535835708
trx,2021-03-31T00:00:00.000000000Z,0.0922647972469873
trx,2021-04-01T00:00:00.000000000Z,0.0858470491974676
trx,2021-04-02T00:00:00.000000000Z,0.0915524641226229
trx,2021-04-03T00:00:00.000000000Z,0.101717153784294
trx,2021-04-04T00:00:00.000000000Z,0.12665650933695
trx,2021-04-05T00:00:00.000000000Z,0.136946582461461
trx,2021-04-06T00:00:00.000000000Z,0.124089641062476
trx,2021-04-07T00:00:00.000000000Z,0.111896924377655
trx,2021-04-08T00:00:00.000000000Z,0.123052589369501
trx,2021-04-09T00:00:00.000000000Z,0.115275345991825
trx,2021-04-10T00:00:00.000000000Z,0.125353830821881
trx,2021-04-11T00:00:00.000000000Z,0.121648774100327
trx,2021-04-12T00:00:00.000000000Z,0.129181770245509
trx,2021-04-13T00:00:00.000000000Z,0.146624578758302
trx,2021-04-14T00:00:00.000000000Z,0.140259564952422
trx,2021-04-15T00:00:00.000000000Z,0.165619866898686
trx,2021-04-16T00:00:00.000000000Z,0.162687957415018
trx,2021-04-17T00:00:00.000000000Z,0.157607487642529
trx,2021-04-18T00:00:00.000000000Z,0.142516541576857
trx,2021-04-19T00:00:00.000000000Z,0.131166473643171
trx,2021-04-20T00:00:00.000000000Z,0.133244774063242
trx,2021-04-21T00:00:00.000000000Z,0.123619342703223
trx,2021-04-22T00:00:00.000000000Z,0.111078401092139
trx,2021-04-23T00:00:00.000000000Z,0.108039693309019
trx,2021-04-24T00:00:00.000000000Z,0.103856425623592
trx,2021-04-25T00:00:00.000000000Z,0.101462650321156
trx,2021-04-26T00:00:00.000000000Z,0.116757449794984
trx,2021-04-27T00:00:00.000000000Z,0.125363471054221
trx,2021-04-28T00:00:00.000000000Z,0.122438782648768
trx,2021-04-29T00:00:00.000000000Z,0.121121673116839
trx,2021-04-30T00:00:00.000000000Z,0.132401260108317
trx,2021-05-01T00:00:00.000000000Z,0.131137102100605
trx,2021-05-02T00:00:00.000000000Z,0.127613764250431
trx,2021-05-03T00:00:00.000000000Z,0.131926494390332
trx,2021-05-04T00:00:00.000000000Z,0.120733103610322
trx,2021-05-05T00:00:00.000000000Z,0.145042515540117
trx,2021-05-06T00:00:00.000000000Z,0.153314759754098
trx,2020-10-19T00:00:00.000000000Z,0.0258809854492598
trx,2020-10-20T00:00:00.000000000Z,0.0269032411136927
trx,2020-10-21T00:00:00.000000000Z,0.0268178961912663
trx,2020-10-22T00:00:00.000000000Z,0.0274966570508869
trx,2020-10-23T00:00:00.000000000Z,0.0268250409946902
trx,2020-10-24T00:00:00.000000000Z,0.0271693828363971
trx,2020-10-25T00:00:00.000000000Z,0.0270452579694552
trx,2020-10-26T00:00:00.000000000Z,0.0269173916969828
trx,2020-10-27T00:00:00.000000000Z,0.0270293633285823
trx,2020-10-28T00:00:00.000000000Z,0.0269880550482544
trx,2020-10-29T00:00:00.000000000Z,0.0266744317723604
trx,2020-10-30T00:00:00.000000000Z,0.0257648481030958
trx,2020-10-31T00:00:00.000000000Z,0.0271974424991074
trx,2020-11-01T00:00:00.000000000Z,0.0269859656897361
trx,2020-11-02T00:00:00.000000000Z,0.0249856437696221
trx,2020-11-03T00:00:00.000000000Z,0.0249816019822916
trx,2020-11-04T00:00:00.000000000Z,0.025255268608239647
trx,2020-11-05T00:00:00.000000000Z,0.02547333187746848
trx,2020-11-06T00:00:00.000000000Z,0.0266616255496516
trx,2020-11-07T00:00:00.000000000Z,0.026730560189193835
trx,2020-11-08T00:00:00.000000000Z,0.025890695435054532
trx,2020-11-09T00:00:00.000000000Z,0.02510332280351943
trx,2020-11-10T00:00:00.000000000Z,0.025795705728353803
trx,2020-11-11T00:00:00.000000000Z,0.025910028073993976
trx,2020-11-12T00:00:00.000000000Z,0.02596576964501688
trx,2020-11-13T00:00:00.000000000Z,0.02704850600389178
trx,2020-11-14T00:00:00.000000000Z,0.026312531688731055
trx,2020-11-15T00:00:00.000000000Z,0.026705631650345188
trx,2020-11-16T00:00:00.000000000Z,0.026228886037218905
trx,2020-11-17T00:00:00.000000000Z,0.027074894952588986
trx,2020-11-18T00:00:00.000000000Z,0.02756954929641418
trx,2020-11-19T00:00:00.000000000Z,0.02592846848721936
trx,2020-11-20T00:00:00.000000000Z,0.026263751614933262
trx,2020-11-21T00:00:00.000000000Z,0.030408683244913692
trx,2020-11-22T00:00:00.000000000Z,0.029020077931708792
trx,2020-11-23T00:00:00.000000000Z,0.0314163530553483
trx,2020-11-24T00:00:00.000000000Z,0.03511160899800915
trx,2020-11-25T00:00:00.000000000Z,0.03290529965441094
trx,2020-11-26T00:00:00.000000000Z,0.029271349362477776
trx,2020-11-27T00:00:00.000000000Z,0.029307366131428706
trx,2020-11-28T00:00:00.000000000Z,0.03047171606875733
trx,2020-11-29T00:00:00.000000000Z,0.030681407946745988
trx,2020-11-30T00:00:00.000000000Z,0.032390735643583295
trx,2020-12-01T00:00:00.000000000Z,0.030262677241504103
trx,2020-12-02T00:00:00.000000000Z,0.031217193782488207
trx,2020-12-03T00:00:00.000000000Z,0.03164625627450688
trx,2020-12-04T00:00:00.000000000Z,0.029571015684058254
trx,2020-12-05T00:00:00.000000000Z,0.030538073109519046
trx,2020-12-06T00:00:00.000000000Z,0.030913338442439105
trx,2020-12-07T00:00:00.000000000Z,0.03029454977765521
trx,2020-12-08T00:00:00.000000000Z,0.02782343383703574
trx,2020-12-09T00:00:00.000000000Z,0.02875082803026372
trx,2020-12-10T00:00:00.000000000Z,0.028151191907764786
trx,2020-12-11T00:00:00.000000000Z,0.0278299776272495
trx,2020-12-12T00:00:00.000000000Z,0.0285743760683044
trx,2020-12-13T00:00:00.000000000Z,0.0291828926905003
trx,2020-12-14T00:00:00.000000000Z,0.0291062092299252
trx,2020-12-15T00:00:00.000000000Z,0.0292025780489167
trx,2020-12-16T00:00:00.000000000Z,0.0311051630846453
trx,2020-12-17T00:00:00.000000000Z,0.0306959744918939
trx,2020-12-18T00:00:00.000000000Z,0.0311372410408484
trx,2020-12-19T00:00:00.000000000Z,0.03130194896338
trx,2020-12-20T00:00:00.000000000Z,0.0311919124653028
trx,2020-12-21T00:00:00.000000000Z,0.0294768693073679
trx,2020-12-22T00:00:00.000000000Z,0.0288471145693369
trx,2020-12-23T00:00:00.000000000Z,0.0249913273237281
trx,2020-12-24T00:00:00.000000000Z,0.0275827847244535
trx,2020-12-25T00:00:00.000000000Z,0.028389049716686
trx,2020-12-26T00:00:00.000000000Z,0.0277242919196853
trx,2020-12-27T00:00:00.000000000Z,0.0289830187811394
trx,2020-12-28T00:00:00.000000000Z,0.0293991747457028
trx,2020-12-29T00:00:00.000000000Z,0.0274613410160281
trx,2020-12-30T00:00:00.000000000Z,0.0268935737272095
trx,2020-12-31T00:00:00.000000000Z,0.0268544780385869
trx,2021-01-01T00:00:00.000000000Z,0.0269344250841107
trx,2021-01-02T00:00:00.000000000Z,0.0272252683600317
trx,2021-01-03T00:00:00.000000000Z,0.0298164641397662
trx,2021-01-04T00:00:00.000000000Z,0.0309260551379522
trx,2021-01-05T00:00:00.000000000Z,0.0286440445480246
trx,2021-01-06T00:00:00.000000000Z,0.0307405557590479
trx,2021-01-07T00:00:00.000000000Z,0.0308145566694455
trx,2021-01-08T00:00:00.000000000Z,0.0304599005672506
trx,2021-01-09T00:00:00.000000000Z,0.0341779437101664
trx,2021-01-10T00:00:00.000000000Z,0.0328773644781608
trx,2021-01-11T00:00:00.000000000Z,0.0287846049495308
trx,2021-01-12T00:00:00.000000000Z,0.0284778496611342
trx,2021-01-13T00:00:00.000000000Z,0.030254179038877
trx,2021-01-14T00:00:00.000000000Z,0.029940714031733
trx,2021-01-15T00:00:00.000000000Z,0.0297333126204713
trx,2021-01-16T00:00:00.000000000Z,0.0301962471630225
trx,2021-01-17T00:00:00.000000000Z,0.0302629236179076
trx,2021-01-18T00:00:00.000000000Z,0.0315965592584057
trx,2021-01-19T00:00:00.000000000Z,0.030842473698275
trx,2021-01-20T00:00:00.000000000Z,0.0304107795383675
trx,2021-01-21T00:00:00.000000000Z,0.0277828233432782
trx,2021-01-22T00:00:00.000000000Z,0.0286075806957732
trx,2021-01-23T00:00:00.000000000Z,0.0291810731003801
trx,2021-01-24T00:00:00.000000000Z,0.0299955572787458
trx,2021-01-25T00:00:00.000000000Z,0.0296367915952742
trx,2021-01-26T00:00:00.000000000Z,0.0294837620489597
trx,2020-07-11T00:00:00.000000000Z,0.0183835000401328
trx,2020-07-12T00:00:00.000000000Z,0.0181471372678187
trx,2020-07-13T00:00:00.000000000Z,0.017501711076654
trx,2020-07-14T00:00:00.000000000Z,0.0176478101244038
trx,2020-07-15T00:00:00.000000000Z,0.0175362488379904
trx,2020-07-16T00:00:00.000000000Z,0.0171469903331742
trx,2020-07-17T00:00:00.000000000Z,0.0171800561619642
trx,2020-07-18T00:00:00.000000000Z,0.0174298549795361
trx,2020-07-19T00:00:00.000000000Z,0.0175489894864346
trx,2020-07-20T00:00:00.000000000Z,0.0171726727919859
trx,2020-07-21T00:00:00.000000000Z,0.0176136342950517
trx,2020-07-22T00:00:00.000000000Z,0.0179817772967711
trx,2020-07-23T00:00:00.000000000Z,0.0179114442367136
trx,2020-07-24T00:00:00.000000000Z,0.0179847112613848
trx,2020-07-25T00:00:00.000000000Z,0.0187590789509807
trx,2020-07-26T00:00:00.000000000Z,0.0184984907221545
trx,2020-07-27T00:00:00.000000000Z,0.0187526019702032
trx,2020-07-28T00:00:00.000000000Z,0.0191828077043294
trx,2020-07-29T00:00:00.000000000Z,0.0192790996858127
trx,2020-07-30T00:00:00.000000000Z,0.0192313981116642
trx,2020-07-31T00:00:00.000000000Z,0.0196686230882088
trx,2020-08-01T00:00:00.000000000Z,0.0205167106939129
trx,2020-08-02T00:00:00.000000000Z,0.0190384383342432
trx,2020-08-03T00:00:00.000000000Z,0.0198326185038959
trx,2020-08-04T00:00:00.000000000Z,0.0204047713154384
trx,2020-08-05T00:00:00.000000000Z,0.0203106923481287
trx,2020-08-06T00:00:00.000000000Z,0.0202440083001495
trx,2020-08-07T00:00:00.000000000Z,0.0198996404299415
trx,2020-08-08T00:00:00.000000000Z,0.0203740754924921
trx,2020-08-09T00:00:00.000000000Z,0.0204111243521878
trx,2020-08-10T00:00:00.000000000Z,0.0215142585638136
trx,2020-08-11T00:00:00.000000000Z,0.0201418499204557
trx,2020-08-12T00:00:00.000000000Z,0.0202125334186502
trx,2020-08-13T00:00:00.000000000Z,0.0223320751449367
trx,2020-08-14T00:00:00.000000000Z,0.0247941261969101
trx,2020-08-15T00:00:00.000000000Z,0.0251971458578719
trx,2020-08-16T00:00:00.000000000Z,0.0280653968451417
trx,2020-08-17T00:00:00.000000000Z,0.030649079087132
trx,2020-08-18T00:00:00.000000000Z,0.0288433997835032
trx,2020-08-19T00:00:00.000000000Z,0.026455835437984
trx,2020-08-20T00:00:00.000000000Z,0.027479777034956
trx,2020-08-21T00:00:00.000000000Z,0.0242769877544988
trx,2020-08-22T00:00:00.000000000Z,0.025201223293999
trx,2020-08-23T00:00:00.000000000Z,0.0243830034927885
trx,2020-08-24T00:00:00.000000000Z,0.0250779171053426
trx,2020-08-25T00:00:00.000000000Z,0.0231783934229484
trx,2020-08-26T00:00:00.000000000Z,0.0237454262212284
trx,2020-08-27T00:00:00.000000000Z,0.0230241534647101
trx,2020-08-28T00:00:00.000000000Z,0.0239614095094379
trx,2020-08-29T00:00:00.000000000Z,0.025043328300768
trx,2020-08-30T00:00:00.000000000Z,0.0269602731868923
trx,2020-08-31T00:00:00.000000000Z,0.0293432253434676
trx,2020-09-01T00:00:00.000000000Z,0.034996457428424
trx,2020-09-02T00:00:00.000000000Z,0.0348811773765361
trx,2020-09-03T00:00:00.000000000Z,0.041176452151695
trx,2020-09-04T00:00:00.000000000Z,0.0356706873171488
trx,2020-09-05T00:00:00.000000000Z,0.0296231999617319
trx,2020-09-06T00:00:00.000000000Z,0.0315354351920698
trx,2020-09-07T00:00:00.000000000Z,0.0322535285631739
trx,2020-09-08T00:00:00.000000000Z,0.034881194978149
trx,2020-09-09T00:00:00.000000000Z,0.0339282806172872
trx,2020-09-10T00:00:00.000000000Z,0.0330135231579953
trx,2020-09-11T00:00:00.000000000Z,0.0334618262972201
trx,2020-09-12T00:00:00.000000000Z,0.0327204094617107
trx,2020-09-13T00:00:00.000000000Z,0.030553448837882
trx,2020-09-14T00:00:00.000000000Z,0.0303592443883834
trx,2020-09-15T00:00:00.000000000Z,0.0278951331262099
trx,2020-09-16T00:00:00.000000000Z,0.026470599446088
trx,2020-09-17T00:00:00.000000000Z,0.0280381614078608
trx,2020-09-18T00:00:00.000000000Z,0.0289121237424448
trx,2020-09-19T00:00:00.000000000Z,0.0276927781185272
trx,2020-09-20T00:00:00.000000000Z,0.0269253393022939
trx,2020-09-21T00:00:00.000000000Z,0.0250080520918041
trx,2020-09-22T00:00:00.000000000Z,0.0249348433727108
trx,2020-09-23T00:00:00.000000000Z,0.0248042435109233
trx,2020-09-24T00:00:00.000000000Z,0.0261160405473904
trx,2020-09-25T00:00:00.000000000Z,0.0270917412429911
trx,2020-09-26T00:00:00.000000000Z,0.0271924312053573
trx,2020-09-27T00:00:00.000000000Z,0.0265064853439325
trx,2020-09-28T00:00:00.000000000Z,0.0263433988499952
trx,2020-09-29T00:00:00.000000000Z,0.0263175633620849
trx,2020-09-30T00:00:00.000000000Z,0.0261909566539716
trx,2020-10-01T00:00:00.000000000Z,0.0256255600672231
trx,2020-10-02T00:00:00.000000000Z,0.0259947447984837
trx,2020-10-03T00:00:00.000000000Z,0.0273371289062926
trx,2020-10-04T00:00:00.000000000Z,0.0264287411918416
trx,2020-10-05T00:00:00.000000000Z,0.026429994256256
trx,2020-10-06T00:00:00.000000000Z,0.0255472480819159
trx,2020-10-07T00:00:00.000000000Z,0.0254841471062117
trx,2020-10-08T00:00:00.000000000Z,0.0256929977173533
trx,2020-10-09T00:00:00.000000000Z,0.02634582506463
trx,2020-10-10T00:00:00.000000000Z,0.0264857209846312
trx,2020-10-11T00:00:00.000000000Z,0.0265577648445856
trx,2020-10-12T00:00:00.000000000Z,0.0271442222947513
trx,2020-10-13T00:00:00.000000000Z,0.0268221127170857
trx,2020-10-14T00:00:00.000000000Z,0.0267418337947002
trx,2020-10-15T00:00:00.000000000Z,0.026514498107142
trx,2020-10-16T00:00:00.000000000Z,0.0257621369069985
trx,2020-10-17T00:00:00.000000000Z,0.0257428060948647
trx,2020-10-18T00:00:00.000000000Z,0.0259104300147843
trx,2020-04-02T00:00:00.000000000Z,0.0119748148068924
trx,2020-04-03T00:00:00.000000000Z,0.0119303875333773
trx,2020-04-04T00:00:00.000000000Z,0.0119682210482433
trx,2020-04-05T00:00:00.000000000Z,0.0125793760289926
trx,2020-04-06T00:00:00.000000000Z,0.0137282546422007
trx,2020-04-07T00:00:00.000000000Z,0.0132555978167677
trx,2020-04-08T00:00:00.000000000Z,0.0137668119745125
trx,2020-04-09T00:00:00.000000000Z,0.0134937348892476
trx,2020-04-10T00:00:00.000000000Z,0.0124472730127169
trx,2020-04-11T00:00:00.000000000Z,0.0125192980296302
trx,2020-04-12T00:00:00.000000000Z,0.0128543628817447
trx,2020-04-13T00:00:00.000000000Z,0.0126350142857179
trx,2020-04-14T00:00:00.000000000Z,0.0124802684378105
trx,2020-04-15T00:00:00.000000000Z,0.0121863347000093
trx,2020-04-16T00:00:00.000000000Z,0.0130893638375536
trx,2020-04-17T00:00:00.000000000Z,0.0130017849224578
trx,2020-04-18T00:00:00.000000000Z,0.0134208352280031
trx,2020-04-19T00:00:00.000000000Z,0.0129934570540009
trx,2020-04-20T00:00:00.000000000Z,0.0124433709530275
trx,2020-04-21T00:00:00.000000000Z,0.0125522184223866
trx,2020-04-22T00:00:00.000000000Z,0.0129906851679546
trx,2020-04-23T00:00:00.000000000Z,0.0136250741261658
trx,2020-04-24T00:00:00.000000000Z,0.013944978750922
trx,2020-04-25T00:00:00.000000000Z,0.0139478336541466
trx,2020-04-26T00:00:00.000000000Z,0.0142572431928963
trx,2020-04-27T00:00:00.000000000Z,0.014525284073855
trx,2020-04-28T00:00:00.000000000Z,0.0153398987868408
trx,2020-04-29T00:00:00.000000000Z,0.0162209955765023
trx,2020-04-30T00:00:00.000000000Z,0.0152776003444164
trx,2020-05-01T00:00:00.000000000Z,0.0158412857445297
trx,2020-05-02T00:00:00.000000000Z,0.0163402724897715
trx,2020-05-03T00:00:00.000000000Z,0.0160106818212028
trx,2020-05-04T00:00:00.000000000Z,0.0162640765186518
trx,2020-05-05T00:00:00.000000000Z,0.0158558723448783
trx,2020-05-06T00:00:00.000000000Z,0.0157642220960373
trx,2020-05-07T00:00:00.000000000Z,0.0160747095183766
trx,2020-05-08T00:00:00.000000000Z,0.0163379840967971
trx,2020-05-09T00:00:00.000000000Z,0.016144310082259
trx,2020-05-10T00:00:00.000000000Z,0.0142782858424004
trx,2020-05-11T00:00:00.000000000Z,0.0139555838520972
trx,2020-05-12T00:00:00.000000000Z,0.0145711651649236
trx,2020-05-13T00:00:00.000000000Z,0.0150426536663494
trx,2020-05-14T00:00:00.000000000Z,0.0153007958478415
trx,2020-05-15T00:00:00.000000000Z,0.0149069145127111
trx,2020-05-16T00:00:00.000000000Z,0.0149975938924395
trx,2020-05-17T00:00:00.000000000Z,0.0149934016028395
trx,2020-05-18T00:00:00.000000000Z,0.0153541335689788
trx,2020-05-19T00:00:00.000000000Z,0.0155643221103057
trx,2020-05-20T00:00:00.000000000Z,0.0150058080503712
trx,2020-05-21T00:00:00.000000000Z,0.0142170227685343
trx,2020-05-22T00:00:00.000000000Z,0.0148311892695995
trx,2020-05-23T00:00:00.000000000Z,0.0149985537470622
trx,2020-05-24T00:00:00.000000000Z,0.0144264653219006
trx,2020-05-25T00:00:00.000000000Z,0.0147268697099372
trx,2020-05-26T00:00:00.000000000Z,0.0145697191050698
trx,2020-05-27T00:00:00.000000000Z,0.0146808711867268
trx,2020-05-28T00:00:00.000000000Z,0.0151422269510224
trx,2020-05-29T00:00:00.000000000Z,0.0149945466700352
trx,2020-05-30T00:00:00.000000000Z,0.0163007570482954
trx,2020-05-31T00:00:00.000000000Z,0.015825744140013
trx,2020-06-01T00:00:00.000000000Z,0.0170101114713003
trx,2020-06-02T00:00:00.000000000Z,0.0163092148872509
trx,2020-06-03T00:00:00.000000000Z,0.0168670991806906
trx,2020-06-04T00:00:00.000000000Z,0.0168744941566734
trx,2020-06-05T00:00:00.000000000Z,0.0169068057481139
trx,2020-06-06T00:00:00.000000000Z,0.0170270711415953
trx,2020-06-07T00:00:00.000000000Z,0.0181095550757446
trx,2020-06-08T00:00:00.000000000Z,0.0179421030180562
trx,2020-06-09T00:00:00.000000000Z,0.0175547652075838
trx,2020-06-10T00:00:00.000000000Z,0.0176085667681989
trx,2020-06-11T00:00:00.000000000Z,0.0157161616960078
trx,2020-06-12T00:00:00.000000000Z,0.016379117025094
trx,2020-06-13T00:00:00.000000000Z,0.0166811874715347
trx,2020-06-14T00:00:00.000000000Z,0.0161722337803819
trx,2020-06-15T00:00:00.000000000Z,0.016128242314949
trx,2020-06-16T00:00:00.000000000Z,0.016129723795616
trx,2020-06-17T00:00:00.000000000Z,0.0161715703695537
trx,2020-06-18T00:00:00.000000000Z,0.0160251132807688
trx,2020-06-19T00:00:00.000000000Z,0.0158779727294558
trx,2020-06-20T00:00:00.000000000Z,0.0159681889468755
trx,2020-06-21T00:00:00.000000000Z,0.0157824201704137
trx,2020-06-22T00:00:00.000000000Z,0.0163941025457105
trx,2020-06-23T00:00:00.000000000Z,0.0164809143603418
trx,2020-06-24T00:00:00.000000000Z,0.0159352515653783
trx,2020-06-25T00:00:00.000000000Z,0.0158924057922851
trx,2020-06-26T00:00:00.000000000Z,0.0158291412892466
trx,2020-06-27T00:00:00.000000000Z,0.0154332115921685
trx,2020-06-28T00:00:00.000000000Z,0.0157303303108728
trx,2020-06-29T00:00:00.000000000Z,0.0162063093226323
trx,2020-06-30T00:00:00.000000000Z,0.016418317007726
trx,2020-07-01T00:00:00.000000000Z,0.0168647074336542
trx,2020-07-02T00:00:00.000000000Z,0.0165909894331813
trx,2020-07-03T00:00:00.000000000Z,0.0166180822807659
trx,2020-07-04T00:00:00.000000000Z,0.0167771933520758
trx,2020-07-05T00:00:00.000000000Z,0.0168057789405075
trx,2020-07-06T00:00:00.000000000Z,0.0180347288502433
trx,2020-07-07T00:00:00.000000000Z,0.017197406781923
trx,2020-07-08T00:00:00.000000000Z,0.0179517231755637
trx,2020-07-09T00:00:00.000000000Z,0.0184872863143953
trx,2020-07-10T00:00:00.000000000Z,0.018141514828139
eth,2025-12-24T00:00:00.000000000Z,2946.73151811806
eth,2025-12-25T00:00:00.000000000Z,2905.2144006429
eth,2025-12-26T00:00:00.000000000Z,2926.08538047925
eth,2025-12-27T00:00:00.000000000Z,2942.30547574518
eth,2025-12-28T00:00:00.000000000Z,2946.08468264173
eth,2025-12-29T00:00:00.000000000Z,2933.90624196376
eth,2025-12-30T00:00:00.000000000Z,2969.19949064874
eth,2025-12-31T00:00:00.000000000Z,2968.12801431911
trx,2020-01-01T00:00:00.000000000Z,0.0131604972071005
trx,2020-01-02T00:00:00.000000000Z,0.0127899527932024
trx,2020-01-03T00:00:00.000000000Z,0.013398612200765
trx,2020-01-04T00:00:00.000000000Z,0.0134237373222459
trx,2020-01-05T00:00:00.000000000Z,0.0135031066884121
trx,2020-01-06T00:00:00.000000000Z,0.0145637957743031
trx,2020-01-07T00:00:00.000000000Z,0.0143534756615606
trx,2020-01-08T00:00:00.000000000Z,0.0140298748951714
trx,2020-01-09T00:00:00.000000000Z,0.0139819907784576
trx,2020-01-10T00:00:00.000000000Z,0.0146477901678776
trx,2020-01-11T00:00:00.000000000Z,0.0146049705144973
trx,2020-01-12T00:00:00.000000000Z,0.0149804777712813
trx,2020-01-13T00:00:00.000000000Z,0.0146710000180955
trx,2020-01-14T00:00:00.000000000Z,0.0167624623116007
trx,2020-01-15T00:00:00.000000000Z,0.0172859822764562
trx,2020-01-16T00:00:00.000000000Z,0.0171755805808897
trx,2020-01-17T00:00:00.000000000Z,0.0176934832853142
trx,2020-01-18T00:00:00.000000000Z,0.0176977788651377
trx,2020-01-19T00:00:00.000000000Z,0.0166045433785711
trx,2020-01-20T00:00:00.000000000Z,0.0166101980412476
trx,2020-01-21T00:00:00.000000000Z,0.0172615055235247
trx,2020-01-22T00:00:00.000000000Z,0.0172750002902175
trx,2020-01-23T00:00:00.000000000Z,0.0161888972444515
trx,2020-01-24T00:00:00.000000000Z,0.0163482270707835
trx,2020-01-25T00:00:00.000000000Z,0.0161294577794599
trx,2020-01-26T00:00:00.000000000Z,0.0167569519262759
trx,2020-01-27T00:00:00.000000000Z,0.0170801214111244
trx,2020-01-28T00:00:00.000000000Z,0.0185700175007663
trx,2020-01-29T00:00:00.000000000Z,0.0187048979672038
trx,2020-01-30T00:00:00.000000000Z,0.0195337799595246
trx,2020-01-31T00:00:00.000000000Z,0.0187215578064196
trx,2020-02-01T00:00:00.000000000Z,0.0190436803995239
trx,2020-02-02T00:00:00.000000000Z,0.0191185627649631
trx,2020-02-03T00:00:00.000000000Z,0.019170902586618
trx,2020-02-04T00:00:00.000000000Z,0.0191758545692822
trx,2020-02-05T00:00:00.000000000Z,0.0207499873879384
trx,2020-02-06T00:00:00.000000000Z,0.0225638428255426
trx,2020-02-07T00:00:00.000000000Z,0.0220907525341045
trx,2020-02-08T00:00:00.000000000Z,0.0218846946413782
trx,2020-02-09T00:00:00.000000000Z,0.0220285233778783
trx,2020-02-10T00:00:00.000000000Z,0.0222949039109877
trx,2020-02-11T00:00:00.000000000Z,0.0228822163762257
trx,2020-02-12T00:00:00.000000000Z,0.0240030319184899
trx,2020-02-13T00:00:00.000000000Z,0.0239008341775811
trx,2020-02-14T00:00:00.000000000Z,0.0263614706511383
trx,2020-02-15T00:00:00.000000000Z,0.0236382882526486
trx,2020-02-16T00:00:00.000000000Z,0.0223657060783512
trx,2020-02-17T00:00:00.000000000Z,0.0216739980594547
trx,2020-02-18T00:00:00.000000000Z,0.0226973038809758
trx,2020-02-19T00:00:00.000000000Z,0.0203134004798226
trx,2020-02-20T00:00:00.000000000Z,0.0198733001900234
trx,2020-02-21T00:00:00.000000000Z,0.0202366943456867
trx,2020-02-22T00:00:00.000000000Z,0.0200455608616999
trx,2020-02-23T00:00:00.000000000Z,0.0213462218062767
trx,2020-02-24T00:00:00.000000000Z,0.0197832977593083
trx,2020-02-25T00:00:00.000000000Z,0.0190514550287777
trx,2020-02-26T00:00:00.000000000Z,0.0164748255291746
trx,2020-02-27T00:00:00.000000000Z,0.0169513382928115
trx,2020-02-28T00:00:00.000000000Z,0.0171899477845328
trx,2020-02-29T00:00:00.000000000Z,0.0166079423762892
trx,2020-03-01T00:00:00.000000000Z,0.0164951962712369
trx,2020-03-02T00:00:00.000000000Z,0.0175338498106938
trx,2020-03-03T00:00:00.000000000Z,0.0172562361740785
trx,2020-03-04T00:00:00.000000000Z,0.017711754001
trx,2020-03-05T00:00:00.000000000Z,0.0178386593232442
trx,2020-03-06T00:00:00.000000000Z,0.0183335463317154
trx,2020-03-07T00:00:00.000000000Z,0.0170428819209577
trx,2020-03-08T00:00:00.000000000Z,0.015013884192806
trx,2020-03-09T00:00:00.000000000Z,0.0149588237798245
trx,2020-03-10T00:00:00.000000000Z,0.0151034199405886
trx,2020-03-11T00:00:00.000000000Z,0.0148832827612247
trx,2020-03-12T00:00:00.000000000Z,0.0087967832817463
trx,2020-03-13T00:00:00.000000000Z,0.0103930352045801
trx,2020-03-14T00:00:00.000000000Z,0.00965789696651866
trx,2020-03-15T00:00:00.000000000Z,0.0102656921018912
trx,2020-03-16T00:00:00.000000000Z,0.00956881639192411
trx,2020-03-17T00:00:00.000000000Z,0.0102185486172211
trx,2020-03-18T00:00:00.000000000Z,0.01021228725982
trx,2020-03-19T00:00:00.000000000Z,0.0117123178505409
trx,2020-03-20T00:00:00.000000000Z,0.0112031147552943
trx,2020-03-21T00:00:00.000000000Z,0.0112038537888869
trx,2020-03-22T00:00:00.000000000Z,0.0102879354487553
trx,2020-03-23T00:00:00.000000000Z,0.0113881884831996
trx,2020-03-24T00:00:00.000000000Z,0.011567350033336
trx,2020-03-25T00:00:00.000000000Z,0.0113858810687785
trx,2020-03-26T00:00:00.000000000Z,0.0119598297117467
trx,2020-03-27T00:00:00.000000000Z,0.011417034710356
trx,2020-03-28T00:00:00.000000000Z,0.011418266669034
trx,2020-03-29T00:00:00.000000000Z,0.0107206383409249
trx,2020-03-30T00:00:00.000000000Z,0.0115128549096724
trx,2020-03-31T00:00:00.000000000Z,0.0116593382468905
trx,2020-04-01T00:00:00.000000000Z,0.0115986388641696
eth,2025-09-15T00:00:00.000000000Z,4524.12146668615
eth,2025-09-16T00:00:00.000000000Z,4506.83149269433
eth,2025-09-17T00:00:00.000000000Z,4595.04608036236
eth,2025-09-18T00:00:00.000000000Z,4586.33670105202
eth,2025-09-19T00:00:00.000000000Z,4463.60009351257
eth,2025-09-20T00:00:00.000000000Z,4483.94747428404
eth,2025-09-21T00:00:00.000000000Z,4452.53198918761
eth,2025-09-22T00:00:00.000000000Z,4204.59655523086
eth,2025-09-23T00:00:00.000000000Z,4170.44418088837
eth,2025-09-24T00:00:00.000000000Z,4153.13078725891
eth,2025-09-25T00:00:00.000000000Z,3875.37859468147
eth,2025-09-26T00:00:00.000000000Z,4031.71004850964
eth,2025-09-27T00:00:00.000000000Z,4020.11526504968
eth,2025-09-28T00:00:00.000000000Z,4136.4756811806
eth,2025-09-29T00:00:00.000000000Z,4220.42131589714
eth,2025-09-30T00:00:00.000000000Z,4141.04144243132
eth,2025-10-01T00:00:00.000000000Z,4338.2852434249
eth,2025-10-02T00:00:00.000000000Z,4478.61686469901
eth,2025-10-03T00:00:00.000000000Z,4519.82290414962
eth,2025-10-04T00:00:00.000000000Z,4488.74868907072
eth,2025-10-05T00:00:00.000000000Z,4518.09387872589
eth,2025-10-06T00:00:00.000000000Z,4695.78451022794
eth,2025-10-07T00:00:00.000000000Z,4464.01253302163
eth,2025-10-08T00:00:00.000000000Z,4529.19221332554
eth,2025-10-09T00:00:00.000000000Z,4368.90794301578
eth,2025-10-10T00:00:00.000000000Z,3867.07758883694
eth,2025-10-11T00:00:00.000000000Z,3749.88979456458
eth,2025-10-12T00:00:00.000000000Z,4147.5814956166
eth,2025-10-13T00:00:00.000000000Z,4249.54676563413
eth,2025-10-14T00:00:00.000000000Z,4135.18015604909
eth,2025-10-15T00:00:00.000000000Z,3984.26746230275
eth,2025-10-16T00:00:00.000000000Z,3890.10663062536
eth,2025-10-17T00:00:00.000000000Z,3838.55720222092
eth,2025-10-18T00:00:00.000000000Z,3888.66811747516
eth,2025-10-19T00:00:00.000000000Z,3988.23975043834
eth,2025-10-20T00:00:00.000000000Z,3982.14718614845
eth,2025-10-21T00:00:00.000000000Z,3881.40200701344
eth,2025-10-22T00:00:00.000000000Z,3799.0574094097
eth,2025-10-23T00:00:00.000000000Z,3856.09569199299
eth,2025-10-24T00:00:00.000000000Z,3932.93122939801
eth,2025-10-25T00:00:00.000000000Z,3955.02062916423
eth,2025-10-26T00:00:00.000000000Z,4166.26219111631
eth,2025-10-27T00:00:00.000000000Z,4118.91474137931
eth,2025-10-28T00:00:00.000000000Z,3984.36764699006
eth,2025-10-29T00:00:00.000000000Z,3902.84432378726
eth,2025-10-30T00:00:00.000000000Z,3791.08245061368
eth,2025-10-31T00:00:00.000000000Z,3851.14513091759
eth,2025-11-01T00:00:00.000000000Z,3871.69728784337
eth,2025-11-02T00:00:00.000000000Z,3892.96733927528
eth,2025-11-03T00:00:00.000000000Z,3595.6841440678
eth,2025-11-04T00:00:00.000000000Z,3282.72106575102
eth,2025-11-05T00:00:00.000000000Z,3428.01642314436
eth,2025-11-06T00:00:00.000000000Z,3303.66692986558
eth,2025-11-07T00:00:00.000000000Z,3438.0656233197
eth,2025-11-08T00:00:00.000000000Z,3405.3028012858
eth,2025-11-09T00:00:00.000000000Z,3576.40794155465
eth,2025-11-10T00:00:00.000000000Z,3570.58905815313
eth,2025-11-11T00:00:00.000000000Z,3419.72296464056
eth,2025-11-12T00:00:00.000000000Z,3410.5313264173
eth,2025-11-13T00:00:00.000000000Z,3247.69008825248
eth,2025-11-14T00:00:00.000000000Z,3112.32678550555
eth,2025-11-15T00:00:00.000000000Z,3169.92543483343
eth,2025-11-16T00:00:00.000000000Z,3090.50758416131
eth,2025-11-17T00:00:00.000000000Z,3018.11872559906
eth,2025-11-18T00:00:00.000000000Z,3117.43951928697
eth,2025-11-19T00:00:00.000000000Z,3015.43288310929
eth,2025-11-20T00:00:00.000000000Z,2844.77433810637
eth,2025-11-21T00:00:00.000000000Z,2757.03679748685
eth,2025-11-22T00:00:00.000000000Z,2772.12619257744
eth,2025-11-23T00:00:00.000000000Z,2802.26699941555
eth,2025-11-24T00:00:00.000000000Z,2958.66075715956
eth,2025-11-25T00:00:00.000000000Z,2962.53465195792
eth,2025-11-26T00:00:00.000000000Z,3024.35795704267
eth,2025-11-27T00:00:00.000000000Z,3015.04006516657
eth,2025-11-28T00:00:00.000000000Z,3035.43157714787
eth,2025-11-29T00:00:00.000000000Z,2991.32805610754
eth,2025-11-30T00:00:00.000000000Z,3002.61025482174
eth,2025-12-01T00:00:00.000000000Z,2804.79124167154
eth,2025-12-02T00:00:00.000000000Z,3003.37940648743
eth,2025-12-03T00:00:00.000000000Z,3189.75251227352
eth,2025-12-04T00:00:00.000000000Z,3136.48043804793
eth,2025-12-05T00:00:00.000000000Z,3021.45198480421
eth,2025-12-06T00:00:00.000000000Z,3036.21572150789
eth,2025-12-07T00:00:00.000000000Z,3048.0956233197
eth,2025-12-08T00:00:00.000000000Z,3125.14534073641
eth,2025-12-09T00:00:00.000000000Z,3325.93575745178
eth,2025-12-10T00:00:00.000000000Z,3329.80832583285
eth,2025-12-11T00:00:00.000000000Z,3237.47843424898
eth,2025-12-12T00:00:00.000000000Z,3087.7986767972
eth,2025-12-13T00:00:00.000000000Z,3114.86668527177
eth,2025-12-14T00:00:00.000000000Z,3060.69585388662
eth,2025-12-15T00:00:00.000000000Z,2962.21389070719
eth,2025-12-16T00:00:00.000000000Z,2958.2751081239
eth,2025-12-17T00:00:00.000000000Z,2826.68701724138
eth,2025-12-18T00:00:00.000000000Z,2826.57452688486
eth,2025-12-19T00:00:00.000000000Z,2980.4724704851
eth,2025-12-20T00:00:00.000000000Z,2975.45867592051
eth,2025-12-21T00:00:00.000000000Z,3000.9371943308
eth,2025-12-22T00:00:00.000000000Z,3004.76614056108
eth,2025-12-23T00:00:00.000000000Z,2963.25538310929
eth,2025-06-07T00:00:00.000000000Z,2527.09892109877
eth,2025-06-08T00:00:00.000000000Z,2509.56872501461
eth,2025-06-09T00:00:00.000000000Z,2676.70837200468
eth,2025-06-10T00:00:00.000000000Z,2806.2143766803
eth,2025-06-11T00:00:00.000000000Z,2774.56475336061
eth,2025-06-12T00:00:00.000000000Z,2652.93859585038
eth,2025-06-13T00:00:00.000000000Z,2578.02224722385
eth,2025-06-14T00:00:00.000000000Z,2533.09064056108
eth,2025-06-15T00:00:00.000000000Z,2546.5897761543
eth,2025-06-16T00:00:00.000000000Z,2565.02230391584
eth,2025-06-17T00:00:00.000000000Z,2513.40039538282
eth,2025-06-18T00:00:00.000000000Z,2522.49356750438
eth,2025-06-19T00:00:00.000000000Z,2523.04524547049
eth,2025-06-20T00:00:00.000000000Z,2403.17304178843
eth,2025-06-21T00:00:00.000000000Z,2266.03854500292
eth,2025-06-22T00:00:00.000000000Z,2227.35017475161
eth,2025-06-23T00:00:00.000000000Z,2421.45208328463
eth,2025-06-24T00:00:00.000000000Z,2443.16771186441
eth,2025-06-25T00:00:00.000000000Z,2417.98607714787
eth,2025-06-26T00:00:00.000000000Z,2415.25481852718
eth,2025-06-27T00:00:00.000000000Z,2422.03759585038
eth,2025-06-28T00:00:00.000000000Z,2438.21842022209
eth,2025-06-29T00:00:00.000000000Z,2503.22452016365
eth,2025-06-30T00:00:00.000000000Z,2488.96316364699
eth,2025-07-01T00:00:00.000000000Z,2400.70451081239
eth,2025-07-02T00:00:00.000000000Z,2579.95848860316
eth,2025-07-03T00:00:00.000000000Z,2590.32040794857
eth,2025-07-04T00:00:00.000000000Z,2510.08707305669
eth,2025-07-05T00:00:00.000000000Z,2518.45863588545
eth,2025-07-06T00:00:00.000000000Z,2569.75132524839
eth,2025-07-07T00:00:00.000000000Z,2542.78128462887
eth,2025-07-08T00:00:00.000000000Z,2615.43112594974
eth,2025-07-09T00:00:00.000000000Z,2775.83493658679
eth,2025-07-10T00:00:00.000000000Z,2950.43276446523
eth,2025-07-11T00:00:00.000000000Z,2958.64228667446
eth,2025-07-12T00:00:00.000000000Z,2940.39548918761
eth,2025-07-13T00:00:00.000000000Z,2969.63940093513
eth,2025-07-14T00:00:00.000000000Z,3011.78428755114
eth,2025-07-15T00:00:00.000000000Z,3132.8656157218
eth,2025-07-16T00:00:00.000000000Z,3366.30753506721
eth,2025-07-17T00:00:00.000000000Z,3489.39637258913
eth,2025-07-18T00:00:00.000000000Z,3542.33909877265
eth,2025-07-19T00:00:00.000000000Z,3592.11291057861
eth,2025-07-20T00:00:00.000000000Z,3755.06715341905
eth,2025-07-21T00:00:00.000000000Z,3765.90390122735
eth,2025-07-22T00:00:00.000000000Z,3745.90083635301
eth,2025-07-23T00:00:00.000000000Z,3629.55279777908
eth,2025-07-24T00:00:00.000000000Z,3709.50907597896
eth,2025-07-25T00:00:00.000000000Z,3722.55895032145
eth,2025-07-26T00:00:00.000000000Z,3743.35857714787
eth,2025-07-27T00:00:00.000000000Z,3863.5014880187
eth,2025-07-28T00:00:00.000000000Z,3790.9041452367
eth,2025-07-29T00:00:00.000000000Z,3790.87183372297
eth,2025-07-30T00:00:00.000000000Z,3800.85833167738
eth,2025-07-31T00:00:00.000000000Z,3701.44796201052
eth,2025-08-01T00:00:00.000000000Z,3482.30238223261
eth,2025-08-02T00:00:00.000000000Z,3393.52058854471
eth,2025-08-03T00:00:00.000000000Z,3504.17049064874
eth,2025-08-04T00:00:00.000000000Z,3719.13207539451
eth,2025-08-05T00:00:00.000000000Z,3614.08048129749
eth,2025-08-06T00:00:00.000000000Z,3682.01792606663
eth,2025-08-07T00:00:00.000000000Z,3904.2433635301
eth,2025-08-08T00:00:00.000000000Z,4016.25586236119
eth,2025-08-09T00:00:00.000000000Z,4261.9204345412
eth,2025-08-10T00:00:00.000000000Z,4248.71364552893
eth,2025-08-11T00:00:00.000000000Z,4227.64236762127
eth,2025-08-12T00:00:00.000000000Z,4599.41391846873
eth,2025-08-13T00:00:00.000000000Z,4760.82676241964
eth,2025-08-14T00:00:00.000000000Z,4560.76501022794
eth,2025-08-15T00:00:00.000000000Z,4429.98655289304
eth,2025-08-16T00:00:00.000000000Z,4422.6705862069
eth,2025-08-17T00:00:00.000000000Z,4487.70970368206
eth,2025-08-18T00:00:00.000000000Z,4321.5258842782
eth,2025-08-19T00:00:00.000000000Z,4093.51478141438
eth,2025-08-20T00:00:00.000000000Z,4337.65589713618
eth,2025-08-21T00:00:00.000000000Z,4222.5846157218
eth,2025-08-22T00:00:00.000000000Z,4831.10497749854
eth,2025-08-23T00:00:00.000000000Z,4778.36752483928
eth,2025-08-24T00:00:00.000000000Z,4787.25375745178
eth,2025-08-25T00:00:00.000000000Z,4377.50717007598
eth,2025-08-26T00:00:00.000000000Z,4601.96733810637
eth,2025-08-27T00:00:00.000000000Z,4507.0350163647
eth,2025-08-28T00:00:00.000000000Z,4504.04511922852
eth,2025-08-29T00:00:00.000000000Z,4366.7936899474
eth,2025-08-30T00:00:00.000000000Z,4372.10783167738
eth,2025-08-31T00:00:00.000000000Z,4396.614606955
eth,2025-09-01T00:00:00.000000000Z,4300.58149415546
eth,2025-09-02T00:00:00.000000000Z,4322.33563062536
eth,2025-09-03T00:00:00.000000000Z,4455.87243804793
eth,2025-09-04T00:00:00.000000000Z,4316.90264465225
eth,2025-09-05T00:00:00.000000000Z,4308.76928550555
eth,2025-09-06T00:00:00.000000000Z,4277.15637317358
eth,2025-09-07T00:00:00.000000000Z,4316.10284774985
eth,2025-09-08T00:00:00.000000000Z,4305.11846668615
eth,2025-09-09T00:00:00.000000000Z,4309.73367562829
eth,2025-09-10T00:00:00.000000000Z,4348.6037805377
eth,2025-09-11T00:00:00.000000000Z,4461.97569111631
eth,2025-09-12T00:00:00.000000000Z,4702.87913120982
eth,2025-09-13T00:00:00.000000000Z,4666.35363763881
eth,2025-09-14T00:00:00.000000000Z,4609.893685564
eth,2025-02-27T00:00:00.000000000Z,2298.49650789012
eth,2025-02-28T00:00:00.000000000Z,2229.92881355932
eth,2025-03-01T00:00:00.000000000Z,2208.95361747516
eth,2025-03-02T00:00:00.000000000Z,2519.34991642314
eth,2025-03-03T00:00:00.000000000Z,2153.5997773232
eth,2025-03-04T00:00:00.000000000Z,2170.0642106955
eth,2025-03-05T00:00:00.000000000Z,2241.06894506137
eth,2025-03-06T00:00:00.000000000Z,2206.33553331385
eth,2025-03-07T00:00:00.000000000Z,2134.73876709527
eth,2025-03-08T00:00:00.000000000Z,2199.74715371128
eth,2025-03-09T00:00:00.000000000Z,2015.69220105202
eth,2025-03-10T00:00:00.000000000Z,1879.69313354763
eth,2025-03-11T00:00:00.000000000Z,1923.01249590883
eth,2025-03-12T00:00:00.000000000Z,1906.5185295149
eth,2025-03-13T00:00:00.000000000Z,1863.52630742256
eth,2025-03-14T00:00:00.000000000Z,1914.70355201636
eth,2025-03-15T00:00:00.000000000Z,1939.64274050263
eth,2025-03-16T00:00:00.000000000Z,1884.69832144945
eth,2025-03-17T00:00:00.000000000Z,1927.87450613676
eth,2025-03-18T00:00:00.000000000Z,1930.50927673875
eth,2025-03-19T00:00:00.000000000Z,2056.96594564582
eth,2025-03-20T00:00:00.000000000Z,1978.2045458796
eth,2025-03-21T00:00:00.000000000Z,1966.1050710111
eth,2025-03-22T00:00:00.000000000Z,1978.73242548217
eth,2025-03-23T00:00:00.000000000Z,1997.88425306838
eth,2025-03-24T00:00:00.000000000Z,2073.91071683226
eth,2025-03-25T00:00:00.000000000Z,2065.10749736996
eth,2025-03-26T00:00:00.000000000Z,2005.4321364699
eth,2025-03-27T00:00:00.000000000Z,2003.37026212741
eth,2025-03-28T00:00:00.000000000Z,1896.0268603156
eth,2025-03-29T00:00:00.000000000Z,1823.59882349503
eth,2025-03-30T00:00:00.000000000Z,1802.80018965517
eth,2025-03-31T00:00:00.000000000Z,1823.44348568089
eth,2025-04-01T00:00:00.000000000Z,1908.28501987142
eth,2025-04-02T00:00:00.000000000Z,1795.48936616014
eth,2025-04-03T00:00:00.000000000Z,1813.54323436587
eth,2025-04-04T00:00:00.000000000Z,1812.99751081239
eth,2025-04-05T00:00:00.000000000Z,1802.97516072472
eth,2025-04-06T00:00:00.000000000Z,1569.10020689655
eth,2025-04-07T00:00:00.000000000Z,1560.23826212741
eth,2025-04-08T00:00:00.000000000Z,1471.09076125073
eth,2025-04-09T00:00:00.000000000Z,1662.90904646406
eth,2025-04-10T00:00:00.000000000Z,1522.26864669784
eth,2025-04-11T00:00:00.000000000Z,1565.57072150789
eth,2025-04-12T00:00:00.000000000Z,1646.45040736411
eth,2025-04-13T00:00:00.000000000Z,1593.3115698422
eth,2025-04-14T00:00:00.000000000Z,1623.4533766803
eth,2025-04-15T00:00:00.000000000Z,1590.80377936879
eth,2025-04-16T00:00:00.000000000Z,1577.76214319112
eth,2025-04-17T00:00:00.000000000Z,1584.56991437756
eth,2025-04-18T00:00:00.000000000Z,1589.17527673875
eth,2025-04-19T00:00:00.000000000Z,1614.76228082992
eth,2025-04-20T00:00:00.000000000Z,1585.28322150789
eth,2025-04-21T00:00:00.000000000Z,1576.97164465225
eth,2025-04-22T00:00:00.000000000Z,1758.00477177089
eth,2025-04-23T00:00:00.000000000Z,1797.82488836937
eth,2025-04-24T00:00:00.000000000Z,1769.47740765634
eth,2025-04-25T00:00:00.000000000Z,1789.56658474576
eth,2025-04-26T00:00:00.000000000Z,1820.05065546464
eth,2025-04-27T00:00:00.000000000Z,1793.40027907656
eth,2025-04-28T00:00:00.000000000Z,1799.8924050263
eth,2025-04-29T00:00:00.000000000Z,1792.9466081239
eth,2025-04-30T00:00:00.000000000Z,1795.28281034483
eth,2025-05-01T00:00:00.000000000Z,1838.20588340152
eth,2025-05-02T00:00:00.000000000Z,1841.31197457627
eth,2025-05-03T00:00:00.000000000Z,1835.43869257744
eth,2025-05-04T00:00:00.000000000Z,1809.26886206897
eth,2025-05-05T00:00:00.000000000Z,1822.42831151373
eth,2025-05-06T00:00:00.000000000Z,1814.22681735827
eth,2025-05-07T00:00:00.000000000Z,1814.5519094097
eth,2025-05-08T00:00:00.000000000Z,2193.0712805377
eth,2025-05-09T00:00:00.000000000Z,2342.20799707773
eth,2025-05-10T00:00:00.000000000Z,2584.61239742841
eth,2025-05-11T00:00:00.000000000Z,2507.64435710111
eth,2025-05-12T00:00:00.000000000Z,2493.58635534775
eth,2025-05-13T00:00:00.000000000Z,2676.5017402104
eth,2025-05-14T00:00:00.000000000Z,2603.05951344243
eth,2025-05-15T00:00:00.000000000Z,2540.68613383986
eth,2025-05-16T00:00:00.000000000Z,2546.7049465225
eth,2025-05-17T00:00:00.000000000Z,2474.61027878434
eth,2025-05-18T00:00:00.000000000Z,2465.93426212741
eth,2025-05-19T00:00:00.000000000Z,2526.45705727645
eth,2025-05-20T00:00:00.000000000Z,2525.32290794857
eth,2025-05-21T00:00:00.000000000Z,2557.99176563413
eth,2025-05-22T00:00:00.000000000Z,2657.42359701929
eth,2025-05-23T00:00:00.000000000Z,2521.84042402104
eth,2025-05-24T00:00:00.000000000Z,2529.64885359439
eth,2025-05-25T00:00:00.000000000Z,2546.99536732905
eth,2025-05-26T00:00:00.000000000Z,2561.92804529515
eth,2025-05-27T00:00:00.000000000Z,2661.42436703682
eth,2025-05-28T00:00:00.000000000Z,2677.11812273524
eth,2025-05-29T00:00:00.000000000Z,2633.37122910579
eth,2025-05-30T00:00:00.000000000Z,2525.27963413209
eth,2025-05-31T00:00:00.000000000Z,2532.55873436587
eth,2025-06-01T00:00:00.000000000Z,2539.24056341321
eth,2025-06-02T00:00:00.000000000Z,2608.39263530099
eth,2025-06-03T00:00:00.000000000Z,2595.07908591467
eth,2025-06-04T00:00:00.000000000Z,2609.93374517826
eth,2025-06-05T00:00:00.000000000Z,2421.2568220339
eth,2025-06-06T00:00:00.000000000Z,2479.93381531268
eth,2024-11-19T00:00:00.000000000Z,3111.79278153127
eth,2024-11-20T00:00:00.000000000Z,3073.4292378609
eth,2024-11-21T00:00:00.000000000Z,3365.32873022794
eth,2024-11-22T00:00:00.000000000Z,3325.37564151958
eth,2024-11-23T00:00:00.000000000Z,3397.37147417884
eth,2024-11-24T00:00:00.000000000Z,3363.87790965517
eth,2024-11-25T00:00:00.000000000Z,3429.90259469608
eth,2024-11-26T00:00:00.000000000Z,3324.46444980713
eth,2024-11-27T00:00:00.000000000Z,3669.22970552893
eth,2024-11-28T00:00:00.000000000Z,3584.20799540035
eth,2024-11-29T00:00:00.000000000Z,3595.61403426067
eth,2024-11-30T00:00:00.000000000Z,3713.2009461017
eth,2024-12-01T00:00:00.000000000Z,3716.08112306254
eth,2024-12-02T00:00:00.000000000Z,3637.08652127411
eth,2024-12-03T00:00:00.000000000Z,3623.91165189363
eth,2024-12-04T00:00:00.000000000Z,3844.66120870544
eth,2024-12-05T00:00:00.000000000Z,3794.68684265926
eth,2024-12-06T00:00:00.000000000Z,4013.46741083577
eth,2024-12-07T00:00:00.000000000Z,4006.19300609585
eth,2024-12-08T00:00:00.000000000Z,4001.64654687317
eth,2024-12-09T00:00:00.000000000Z,3714.17625189363
eth,2024-12-10T00:00:00.000000000Z,3632.35232690824
eth,2024-12-11T00:00:00.000000000Z,3836.84683938632
eth,2024-12-12T00:00:00.000000000Z,3877.04927477499
eth,2024-12-13T00:00:00.000000000Z,3905.45213670953
eth,2024-12-14T00:00:00.000000000Z,3868.60262611338
eth,2024-12-15T00:00:00.000000000Z,3947.67114785506
eth,2024-12-16T00:00:00.000000000Z,3995.17742504968
eth,2024-12-17T00:00:00.000000000Z,3877.73844905319
eth,2024-12-18T00:00:00.000000000Z,3636.53763153127
eth,2024-12-19T00:00:00.000000000Z,3429.8707307481
eth,2024-12-20T00:00:00.000000000Z,3471.52409931619
eth,2024-12-21T00:00:00.000000000Z,3328.83602427236
eth,2024-12-22T00:00:00.000000000Z,3278.34651976037
eth,2024-12-23T00:00:00.000000000Z,3422.51642397428
eth,2024-12-24T00:00:00.000000000Z,3494.74814554646
eth,2024-12-25T00:00:00.000000000Z,3490.75329557276
eth,2024-12-26T00:00:00.000000000Z,3325.23435792519
eth,2024-12-27T00:00:00.000000000Z,3322.09507143191
eth,2024-12-28T00:00:00.000000000Z,3397.09541658095
eth,2024-12-29T00:00:00.000000000Z,3346.92836869959
eth,2024-12-30T00:00:00.000000000Z,3355.46704853302
eth,2024-12-31T00:00:00.000000000Z,3332.45484545295
eth,2025-01-01T00:00:00.000000000Z,3350.89031195207
eth,2025-01-02T00:00:00.000000000Z,3447.58794734074
eth,2025-01-03T00:00:00.000000000Z,3606.25034468732
eth,2025-01-04T00:00:00.000000000Z,3657.79189278784
eth,2025-01-05T00:00:00.000000000Z,3638.22340260082
eth,2025-01-06T00:00:00.000000000Z,3683.0759798422
eth,2025-01-07T00:00:00.000000000Z,3382.56745979544
eth,2025-01-08T00:00:00.000000000Z,3325.54302042957
eth,2025-01-09T00:00:00.000000000Z,3217.33715208065
eth,2025-01-10T00:00:00.000000000Z,3269.77400255991
eth,2025-01-11T00:00:00.000000000Z,3286.37892827002
eth,2025-01-12T00:00:00.000000000Z,3258.17217992402
eth,2025-01-13T00:00:00.000000000Z,3133.13948922852
eth,2025-01-14T00:00:00.000000000Z,3226.57956712449
eth,2025-01-15T00:00:00.000000000Z,3441.04207023963
eth,2025-01-16T00:00:00.000000000Z,3303.13442745763
eth,2025-01-17T00:00:00.000000000Z,3478.9034330976
eth,2025-01-18T00:00:00.000000000Z,3303.37311349503
eth,2025-01-19T00:00:00.000000000Z,3204.0508971128
eth,2025-01-20T00:00:00.000000000Z,3285.42927070719
eth,2025-01-21T00:00:00.000000000Z,3322.64100092051
eth,2025-01-22T00:00:00.000000000Z,3239.67506596143
eth,2025-01-23T00:00:00.000000000Z,3335.84164436002
eth,2025-01-24T00:00:00.000000000Z,3310.42760140269
eth,2025-01-25T00:00:00.000000000Z,3323.46523758036
eth,2025-01-26T00:00:00.000000000Z,3241.02101870251
eth,2025-01-27T00:00:00.000000000Z,3170.49577498539
eth,2025-01-28T00:00:00.000000000Z,3070.75965838691
eth,2025-01-29T00:00:00.000000000Z,3123.69937434249
eth,2025-01-30T00:00:00.000000000Z,3255.85057013442
eth,2025-01-31T00:00:00.000000000Z,3292.62381677382
eth,2025-02-01T00:00:00.000000000Z,3119.95137697253
eth,2025-02-02T00:00:00.000000000Z,2844.25948714202
eth,2025-02-03T00:00:00.000000000Z,2877.57988457043
eth,2025-02-04T00:00:00.000000000Z,2723.61294798364
eth,2025-02-05T00:00:00.000000000Z,2780.85938369375
eth,2025-02-06T00:00:00.000000000Z,2685.1318766803
eth,2025-02-07T00:00:00.000000000Z,2612.95292606663
eth,2025-02-08T00:00:00.000000000Z,2637.15946142607
eth,2025-02-09T00:00:00.000000000Z,2623.44384395091
eth,2025-02-10T00:00:00.000000000Z,2658.91628872005
eth,2025-02-11T00:00:00.000000000Z,2603.96649620105
eth,2025-02-12T00:00:00.000000000Z,2738.64540035067
eth,2025-02-13T00:00:00.000000000Z,2674.91159789597
eth,2025-02-14T00:00:00.000000000Z,2725.08277761543
eth,2025-02-15T00:00:00.000000000Z,2694.22497194623
eth,2025-02-16T00:00:00.000000000Z,2662.06831794272
eth,2025-02-17T00:00:00.000000000Z,2743.38311601403
eth,2025-02-18T00:00:00.000000000Z,2667.12430099357
eth,2025-02-19T00:00:00.000000000Z,2718.18351461134
eth,2025-02-20T00:00:00.000000000Z,2740.71687375804
eth,2025-02-21T00:00:00.000000000Z,2655.73961426067
eth,2025-02-22T00:00:00.000000000Z,2766.35815897136
eth,2025-02-23T00:00:00.000000000Z,2821.85990298071
eth,2025-02-24T00:00:00.000000000Z,2519.49570543542
eth,2025-02-25T00:00:00.000000000Z,2499.3732150789
eth,2025-02-26T00:00:00.000000000Z,2330.42813296318
eth,2024-08-11T00:00:00.000000000Z,2559.00334541204
eth,2024-08-12T00:00:00.000000000Z,2728.85513383986
eth,2024-08-13T00:00:00.000000000Z,2702.50437317358
eth,2024-08-14T00:00:00.000000000Z,2666.7787238457
eth,2024-08-15T00:00:00.000000000Z,2573.75496990064
eth,2024-08-16T00:00:00.000000000Z,2594.49798275862
eth,2024-08-17T00:00:00.000000000Z,2612.18551811806
eth,2024-08-18T00:00:00.000000000Z,2624.79728404442
eth,2024-08-19T00:00:00.000000000Z,2631.95879164231
eth,2024-08-20T00:00:00.000000000Z,2578.04840677966
eth,2024-08-21T00:00:00.000000000Z,2628.34121654003
eth,2024-08-22T00:00:00.000000000Z,2623.24894301578
eth,2024-08-23T00:00:00.000000000Z,2766.0674465225
eth,2024-08-24T00:00:00.000000000Z,2762.00674167154
eth,2024-08-25T00:00:00.000000000Z,2758.14644067797
eth,2024-08-26T00:00:00.000000000Z,2686.35025511397
eth,2024-08-27T00:00:00.000000000Z,2461.3474126242
eth,2024-08-28T00:00:00.000000000Z,2529.46513705435
eth,2024-08-29T00:00:00.000000000Z,2527.16763500877
eth,2024-08-30T00:00:00.000000000Z,2526.79224634717
eth,2024-08-31T00:00:00.000000000Z,2513.39798889538
eth,2024-09-01T00:00:00.000000000Z,2425.94320368206
eth,2024-09-02T00:00:00.000000000Z,2538.60750350672
eth,2024-09-03T00:00:00.000000000Z,2439.80527352425
eth,2024-09-04T00:00:00.000000000Z,2452.92774605494
eth,2024-09-05T00:00:00.000000000Z,2367.16648305085
eth,2024-09-06T00:00:00.000000000Z,2220.58200146113
eth,2024-09-07T00:00:00.000000000Z,2269.68727060199
eth,2024-09-08T00:00:00.000000000Z,2300.06839947399
eth,2024-09-09T00:00:00.000000000Z,2362.04203156049
eth,2024-09-10T00:00:00.000000000Z,2389.51632524839
eth,2024-09-11T00:00:00.000000000Z,2342.307735827
eth,2024-09-12T00:00:00.000000000Z,2362.33115809468
eth,2024-09-13T00:00:00.000000000Z,2442.77219959088
eth,2024-09-14T00:00:00.000000000Z,2417.18522063121
eth,2024-09-15T00:00:00.000000000Z,2319.29052425482
eth,2024-09-16T00:00:00.000000000Z,2295.19158971362
eth,2024-09-17T00:00:00.000000000Z,2337.065764173
eth,2024-09-18T00:00:00.000000000Z,2358.79472209234
eth,2024-09-19T00:00:00.000000000Z,2468.43390606955
eth,2024-09-20T00:00:00.000000000Z,2554.7331440678
eth,2024-09-21T00:00:00.000000000Z,2604.74345555231
eth,2024-09-22T00:00:00.000000000Z,2581.10804656926
eth,2024-09-23T00:00:00.000000000Z,2647.93771518995
eth,2024-09-24T00:00:00.000000000Z,2655.48809611338
eth,2024-09-25T00:00:00.000000000Z,2574.79220370544
eth,2024-09-26T00:00:00.000000000Z,2629.70874305085
eth,2024-09-27T00:00:00.000000000Z,2698.19885336645
eth,2024-09-28T00:00:00.000000000Z,2674.69768520748
eth,2024-09-29T00:00:00.000000000Z,2656.30026287259
eth,2024-09-30T00:00:00.000000000Z,2596.25469104617
eth,2024-10-01T00:00:00.000000000Z,2449.82723258913
eth,2024-10-02T00:00:00.000000000Z,2368.07953022209
eth,2024-10-03T00:00:00.000000000Z,2349.50757675044
eth,2024-10-04T00:00:00.000000000Z,2415.12854195208
eth,2024-10-05T00:00:00.000000000Z,2414.33166548802
eth,2024-10-06T00:00:00.000000000Z,2438.50270520748
eth,2024-10-07T00:00:00.000000000Z,2426.58129005845
eth,2024-10-08T00:00:00.000000000Z,2439.58985277615
eth,2024-10-09T00:00:00.000000000Z,2367.17415046172
eth,2024-10-10T00:00:00.000000000Z,2382.12349206897
eth,2024-10-11T00:00:00.000000000Z,2437.69309236119
eth,2024-10-12T00:00:00.000000000Z,2478.24114976622
eth,2024-10-13T00:00:00.000000000Z,2465.13859485681
eth,2024-10-14T00:00:00.000000000Z,2630.9286433197
eth,2024-10-15T00:00:00.000000000Z,2600.52300350088
eth,2024-10-16T00:00:00.000000000Z,2611.98719444185
eth,2024-10-17T00:00:00.000000000Z,2603.24426974869
eth,2024-10-18T00:00:00.000000000Z,2641.44743767972
eth,2024-10-19T00:00:00.000000000Z,2649.70135015196
eth,2024-10-20T00:00:00.000000000Z,2746.1167819813
eth,2024-10-21T00:00:00.000000000Z,2667.32642119229
eth,2024-10-22T00:00:00.000000000Z,2623.28308167154
eth,2024-10-23T00:00:00.000000000Z,2521.68281196376
eth,2024-10-24T00:00:00.000000000Z,2532.13962009936
eth,2024-10-25T00:00:00.000000000Z,2415.20924174167
eth,2024-10-26T00:00:00.000000000Z,2480.57950252484
eth,2024-10-27T00:00:00.000000000Z,2508.49473361192
eth,2024-10-28T00:00:00.000000000Z,2566.18526073057
eth,2024-10-29T00:00:00.000000000Z,2635.21967112799
eth,2024-10-30T00:00:00.000000000Z,2660.86723967855
eth,2024-10-31T00:00:00.000000000Z,2517.78620227937
eth,2024-11-01T00:00:00.000000000Z,2512.4960977031
eth,2024-11-02T00:00:00.000000000Z,2488.87335008767
eth,2024-11-03T00:00:00.000000000Z,2454.59679184687
eth,2024-11-04T00:00:00.000000000Z,2396.6696369024
eth,2024-11-05T00:00:00.000000000Z,2428.97334286967
eth,2024-11-06T00:00:00.000000000Z,2722.98460712741
eth,2024-11-07T00:00:00.000000000Z,2891.87561452952
eth,2024-11-08T00:00:00.000000000Z,2960.26662137931
eth,2024-11-09T00:00:00.000000000Z,3139.9864959322
eth,2024-11-10T00:00:00.000000000Z,3187.53665137931
eth,2024-11-11T00:00:00.000000000Z,3370.23970491526
eth,2024-11-12T00:00:00.000000000Z,3255.13258195208
eth,2024-11-13T00:00:00.000000000Z,3190.90423042081
eth,2024-11-14T00:00:00.000000000Z,3056.41021270018
eth,2024-11-15T00:00:00.000000000Z,3097.45939781999
eth,2024-11-16T00:00:00.000000000Z,3134.3861396201
eth,2024-11-17T00:00:00.000000000Z,3070.19103244594
eth,2024-11-18T00:00:00.000000000Z,3188.88800258329
eth,2024-05-03T00:00:00.000000000Z,3107.4065829924
eth,2024-05-04T00:00:00.000000000Z,3116.85577060199
eth,2024-05-05T00:00:00.000000000Z,3138.82202250146
eth,2024-05-06T00:00:00.000000000Z,3067.52578550555
eth,2024-05-07T00:00:00.000000000Z,3014.6582182934
eth,2024-05-08T00:00:00.000000000Z,2970.40599883109
eth,2024-05-09T00:00:00.000000000Z,3034.47790239626
eth,2024-05-10T00:00:00.000000000Z,2910.85627527762
eth,2024-05-11T00:00:00.000000000Z,2911.31118176505
eth,2024-05-12T00:00:00.000000000Z,2930.52381063705
eth,2024-05-13T00:00:00.000000000Z,2948.49537142022
eth,2024-05-14T00:00:00.000000000Z,2881.04924284044
eth,2024-05-15T00:00:00.000000000Z,3028.85788924606
eth,2024-05-16T00:00:00.000000000Z,2941.34486236119
eth,2024-05-17T00:00:00.000000000Z,3092.48875365283
eth,2024-05-18T00:00:00.000000000Z,3122.58925452952
eth,2024-05-19T00:00:00.000000000Z,3070.15583752192
eth,2024-05-20T00:00:00.000000000Z,3661.91130683811
eth,2024-05-21T00:00:00.000000000Z,3796.88597720631
eth,2024-05-22T00:00:00.000000000Z,3740.96768877849
eth,2024-05-23T00:00:00.000000000Z,3766.94141028638
eth,2024-05-24T00:00:00.000000000Z,3728.02142022209
eth,2024-05-25T00:00:00.000000000Z,3748.06725365284
eth,2024-05-26T00:00:00.000000000Z,3824.52689099942
eth,2024-05-27T00:00:00.000000000Z,3887.71309000584
eth,2024-05-28T00:00:00.000000000Z,3844.94370251315
eth,2024-05-29T00:00:00.000000000Z,3769.94606195208
eth,2024-05-30T00:00:00.000000000Z,3747.58575832846
eth,2024-05-31T00:00:00.000000000Z,3755.48389596727
eth,2024-06-01T00:00:00.000000000Z,3813.36246522501
eth,2024-06-02T00:00:00.000000000Z,3781.31107510228
eth,2024-06-03T00:00:00.000000000Z,3767.48563822326
eth,2024-06-04T00:00:00.000000000Z,3812.18925131502
eth,2024-06-05T00:00:00.000000000Z,3863.33180479252
eth,2024-06-06T00:00:00.000000000Z,3811.85764231444
eth,2024-06-07T00:00:00.000000000Z,3679.91953915839
eth,2024-06-08T00:00:00.000000000Z,3680.01974547049
eth,2024-06-09T00:00:00.000000000Z,3705.6370295149
eth,2024-06-10T00:00:00.000000000Z,3666.16929456458
eth,2024-06-11T00:00:00.000000000Z,3497.70045324372
eth,2024-06-12T00:00:00.000000000Z,3560.79752922268
eth,2024-06-13T00:00:00.000000000Z,3470.07002191701
eth,2024-06-14T00:00:00.000000000Z,3479.90397691409
eth,2024-06-15T00:00:00.000000000Z,3567.76231297487
eth,2024-06-16T00:00:00.000000000Z,3619.69397223846
eth,2024-06-17T00:00:00.000000000Z,3509.52888807715
eth,2024-06-18T00:00:00.000000000Z,3477.65919520748
eth,2024-06-19T00:00:00.000000000Z,3557.56530420807
eth,2024-06-20T00:00:00.000000000Z,3512.66682817066
eth,2024-06-21T00:00:00.000000000Z,3518.29662799532
eth,2024-06-22T00:00:00.000000000Z,3496.20113588545
eth,2024-06-23T00:00:00.000000000Z,3419.96013325541
eth,2024-06-24T00:00:00.000000000Z,3347.67256312098
eth,2024-06-25T00:00:00.000000000Z,3392.701764173
eth,2024-06-26T00:00:00.000000000Z,3368.95722998247
eth,2024-06-27T00:00:00.000000000Z,3443.80289129164
eth,2024-06-28T00:00:00.000000000Z,3372.74825394506
eth,2024-06-29T00:00:00.000000000Z,3373.51496990064
eth,2024-06-30T00:00:00.000000000Z,3437.88873202805
eth,2024-07-01T00:00:00.000000000Z,3437.63577878434
eth,2024-07-02T00:00:00.000000000Z,3418.16105698422
eth,2024-07-03T00:00:00.000000000Z,3294.66166656926
eth,2024-07-04T00:00:00.000000000Z,3080.69562215079
eth,2024-07-05T00:00:00.000000000Z,2986.23631122151
eth,2024-07-06T00:00:00.000000000Z,3067.92395236704
eth,2024-07-07T00:00:00.000000000Z,2932.87202893045
eth,2024-07-08T00:00:00.000000000Z,3020.46501139684
eth,2024-07-09T00:00:00.000000000Z,3064.17542840444
eth,2024-07-10T00:00:00.000000000Z,3101.14742080655
eth,2024-07-11T00:00:00.000000000Z,3096.83160753945
eth,2024-07-12T00:00:00.000000000Z,3130.37477936879
eth,2024-07-13T00:00:00.000000000Z,3181.85794126242
eth,2024-07-14T00:00:00.000000000Z,3256.67111513735
eth,2024-07-15T00:00:00.000000000Z,3487.98836323787
eth,2024-07-16T00:00:00.000000000Z,3446.72606838106
eth,2024-07-17T00:00:00.000000000Z,3394.09970572764
eth,2024-07-18T00:00:00.000000000Z,3431.12034132087
eth,2024-07-19T00:00:00.000000000Z,3507.49268585623
eth,2024-07-20T00:00:00.000000000Z,3520.56696551724
eth,2024-07-21T00:00:00.000000000Z,3530.48212887201
eth,2024-07-22T00:00:00.000000000Z,3441.93899883109
eth,2024-07-23T00:00:00.000000000Z,3482.72823085915
eth,2024-07-24T00:00:00.000000000Z,3331.71999532437
eth,2024-07-25T00:00:00.000000000Z,3173.71819579193
eth,2024-07-26T00:00:00.000000000Z,3278.93203009936
eth,2024-07-27T00:00:00.000000000Z,3254.27405669199
eth,2024-07-28T00:00:00.000000000Z,3270.68860987726
eth,2024-07-29T00:00:00.000000000Z,3323.15159877265
eth,2024-07-30T00:00:00.000000000Z,3276.18640619521
eth,2024-07-31T00:00:00.000000000Z,3231.75860724722
eth,2024-08-01T00:00:00.000000000Z,3203.2800251315
eth,2024-08-02T00:00:00.000000000Z,2985.00033752192
eth,2024-08-03T00:00:00.000000000Z,2904.77563267095
eth,2024-08-04T00:00:00.000000000Z,2698.46006575102
eth,2024-08-05T00:00:00.000000000Z,2434.27117241379
eth,2024-08-06T00:00:00.000000000Z,2458.63231122151
eth,2024-08-07T00:00:00.000000000Z,2346.30540765634
eth,2024-08-08T00:00:00.000000000Z,2686.68575102279
eth,2024-08-09T00:00:00.000000000Z,2592.96081472823
eth,2024-08-10T00:00:00.000000000Z,2606.88256078317
eth,2024-01-24T00:00:00.000000000Z,2233.65031472823
eth,2024-01-25T00:00:00.000000000Z,2218.09818790181
eth,2024-01-26T00:00:00.000000000Z,2266.88314348334
eth,2024-01-27T00:00:00.000000000Z,2266.63358649912
eth,2024-01-28T00:00:00.000000000Z,2255.09584307423
eth,2024-01-29T00:00:00.000000000Z,2314.929449737
eth,2024-01-30T00:00:00.000000000Z,2348.3221987142
eth,2024-01-31T00:00:00.000000000Z,2284.19509848042
eth,2024-02-01T00:00:00.000000000Z,2300.17150613676
eth,2024-02-02T00:00:00.000000000Z,2306.20428988895
eth,2024-02-03T00:00:00.000000000Z,2294.85958562244
eth,2024-02-04T00:00:00.000000000Z,2287.55248538866
eth,2024-02-05T00:00:00.000000000Z,2296.7951823495
eth,2024-02-06T00:00:00.000000000Z,2374.23775832846
eth,2024-02-07T00:00:00.000000000Z,2424.69836703682
eth,2024-02-08T00:00:00.000000000Z,2421.88923232028
eth,2024-02-09T00:00:00.000000000Z,2490.79084073641
eth,2024-02-10T00:00:00.000000000Z,2500.52634102864
eth,2024-02-11T00:00:00.000000000Z,2504.4711899474
eth,2024-02-12T00:00:00.000000000Z,2654.8437238457
eth,2024-02-13T00:00:00.000000000Z,2638.38654091175
eth,2024-02-14T00:00:00.000000000Z,2779.39197662186
eth,2024-02-15T00:00:00.000000000Z,2825.4183603156
eth,2024-02-16T00:00:00.000000000Z,2802.71410578609
eth,2024-02-17T00:00:00.000000000Z,2786.64820397429
eth,2024-02-18T00:00:00.000000000Z,2877.23226680304
eth,2024-02-19T00:00:00.000000000Z,2948.52049386324
eth,2024-02-20T00:00:00.000000000Z,3014.12615604909
eth,2024-02-21T00:00:00.000000000Z,2965.02309906487
eth,2024-02-22T00:00:00.000000000Z,2972.48551987142
eth,2024-02-23T00:00:00.000000000Z,2923.20721975453
eth,2024-02-24T00:00:00.000000000Z,2990.13751957919
eth,2024-02-25T00:00:00.000000000Z,3111.73178638223
eth,2024-02-26T00:00:00.000000000Z,3175.87239129164
eth,2024-02-27T00:00:00.000000000Z,3244.34883255406
eth,2024-02-28T00:00:00.000000000Z,3376.60128696669
eth,2024-02-29T00:00:00.000000000Z,3350.23638281707
eth,2024-03-01T00:00:00.000000000Z,3438.18769988311
eth,2024-03-02T00:00:00.000000000Z,3420.33950701344
eth,2024-03-03T00:00:00.000000000Z,3482.48343074226
eth,2024-03-04T00:00:00.000000000Z,3630.73033343074
eth,2024-03-05T00:00:00.000000000Z,3552.95023524255
eth,2024-03-06T00:00:00.000000000Z,3820.764292519
eth,2024-03-07T00:00:00.000000000Z,3868.68848305085
eth,2024-03-08T00:00:00.000000000Z,3895.41697779077
eth,2024-03-09T00:00:00.000000000Z,3914.19767445938
eth,2024-03-10T00:00:00.000000000Z,3872.30338077148
eth,2024-03-11T00:00:00.000000000Z,4072.90353009936
eth,2024-03-12T00:00:00.000000000Z,3971.09591408533
eth,2024-03-13T00:00:00.000000000Z,4004.5978722969
eth,2024-03-14T00:00:00.000000000Z,3882.89582524839
eth,2024-03-15T00:00:00.000000000Z,3736.92063383986
eth,2024-03-16T00:00:00.000000000Z,3519.47903243717
eth,2024-03-17T00:00:00.000000000Z,3638.45260432496
eth,2024-03-18T00:00:00.000000000Z,3529.94917767387
eth,2024-03-19T00:00:00.000000000Z,3165.8325338983
eth,2024-03-20T00:00:00.000000000Z,3519.0726811806
eth,2024-03-21T00:00:00.000000000Z,3489.54293863238
eth,2024-03-22T00:00:00.000000000Z,3316.85662302747
eth,2024-03-23T00:00:00.000000000Z,3354.71804412624
eth,2024-03-24T00:00:00.000000000Z,3455.31273378142
eth,2024-03-25T00:00:00.000000000Z,3595.95377440094
eth,2024-03-26T00:00:00.000000000Z,3593.26549181765
eth,2024-03-27T00:00:00.000000000Z,3498.33240648743
eth,2024-03-28T00:00:00.000000000Z,3566.1563798948
eth,2024-03-29T00:00:00.000000000Z,3516.30310140269
eth,2024-03-30T00:00:00.000000000Z,3506.18175686733
eth,2024-03-31T00:00:00.000000000Z,3644.72632057276
eth,2024-04-01T00:00:00.000000000Z,3510.49059088252
eth,2024-04-02T00:00:00.000000000Z,3283.00576212741
eth,2024-04-03T00:00:00.000000000Z,3317.26652045587
eth,2024-04-04T00:00:00.000000000Z,3327.80180274693
eth,2024-04-05T00:00:00.000000000Z,3323.68147399182
eth,2024-04-06T00:00:00.000000000Z,3368.21936294565
eth,2024-04-07T00:00:00.000000000Z,3447.5169082408
eth,2024-04-08T00:00:00.000000000Z,3700.18461426067
eth,2024-04-09T00:00:00.000000000Z,3499.24437755699
eth,2024-04-10T00:00:00.000000000Z,3541.31580829924
eth,2024-04-11T00:00:00.000000000Z,3504.10413237873
eth,2024-04-12T00:00:00.000000000Z,3234.93164260666
eth,2024-04-13T00:00:00.000000000Z,3030.38006370544
eth,2024-04-14T00:00:00.000000000Z,3158.85037901812
eth,2024-04-15T00:00:00.000000000Z,3103.08803565167
eth,2024-04-16T00:00:00.000000000Z,3088.46737171245
eth,2024-04-17T00:00:00.000000000Z,2984.85811309176
eth,2024-04-18T00:00:00.000000000Z,3067.80594067797
eth,2024-04-19T00:00:00.000000000Z,3055.9694956166
eth,2024-04-20T00:00:00.000000000Z,3155.52894243133
eth,2024-04-21T00:00:00.000000000Z,3147.65961542957
eth,2024-04-22T00:00:00.000000000Z,3205.79751431911
eth,2024-04-23T00:00:00.000000000Z,3217.77177995324
eth,2024-04-24T00:00:00.000000000Z,3133.02161046172
eth,2024-04-25T00:00:00.000000000Z,3158.31867445938
eth,2024-04-26T00:00:00.000000000Z,3129.83962390415
eth,2024-04-27T00:00:00.000000000Z,3253.06380333138
eth,2024-04-28T00:00:00.000000000Z,3262.86946580947
eth,2024-04-29T00:00:00.000000000Z,3220.45092109877
eth,2024-04-30T00:00:00.000000000Z,3012.4375447107
eth,2024-05-01T00:00:00.000000000Z,2970.35463997662
eth,2024-05-02T00:00:00.000000000Z,2988.55618001169
eth,2023-10-16T00:00:00.000000000Z,1600.99388457043
eth,2023-10-17T00:00:00.000000000Z,1565.29439362946
eth,2023-10-18T00:00:00.000000000Z,1563.40930859147
eth,2023-10-19T00:00:00.000000000Z,1566.42841876096
eth,2023-10-20T00:00:00.000000000Z,1605.57386294565
eth,2023-10-21T00:00:00.000000000Z,1628.75319929866
eth,2023-10-22T00:00:00.000000000Z,1663.03004091175
eth,2023-10-23T00:00:00.000000000Z,1763.06074313267
eth,2023-10-24T00:00:00.000000000Z,1784.6231823495
eth,2023-10-25T00:00:00.000000000Z,1786.28815692577
eth,2023-10-26T00:00:00.000000000Z,1804.61282933957
eth,2023-10-27T00:00:00.000000000Z,1780.84673845704
eth,2023-10-28T00:00:00.000000000Z,1776.20995675044
eth,2023-10-29T00:00:00.000000000Z,1797.71945149036
eth,2023-10-30T00:00:00.000000000Z,1809.38564757452
eth,2023-10-31T00:00:00.000000000Z,1813.54269783752
eth,2023-11-01T00:00:00.000000000Z,1846.08104295733
eth,2023-11-02T00:00:00.000000000Z,1799.2211244886
eth,2023-11-03T00:00:00.000000000Z,1832.61355727645
eth,2023-11-04T00:00:00.000000000Z,1859.52932407949
eth,2023-11-05T00:00:00.000000000Z,1896.54958766803
eth,2023-11-06T00:00:00.000000000Z,1898.86499298656
eth,2023-11-07T00:00:00.000000000Z,1886.19089158387
eth,2023-11-08T00:00:00.000000000Z,1892.6552150789
eth,2023-11-09T00:00:00.000000000Z,2115.80718468732
eth,2023-11-10T00:00:00.000000000Z,2080.74105844535
eth,2023-11-11T00:00:00.000000000Z,2046.32508503799
eth,2023-11-12T00:00:00.000000000Z,2044.94616014027
eth,2023-11-13T00:00:00.000000000Z,2062.53573699591
eth,2023-11-14T00:00:00.000000000Z,1982.44437434249
eth,2023-11-15T00:00:00.000000000Z,2056.27591466978
eth,2023-11-16T00:00:00.000000000Z,1959.63886236119
eth,2023-11-17T00:00:00.000000000Z,1958.85209994155
eth,2023-11-18T00:00:00.000000000Z,1962.39401081239
eth,2023-11-19T00:00:00.000000000Z,2009.78161805961
eth,2023-11-20T00:00:00.000000000Z,2024.27034190532
eth,2023-11-21T00:00:00.000000000Z,1945.5181244886
eth,2023-11-22T00:00:00.000000000Z,2064.39985739334
eth,2023-11-23T00:00:00.000000000Z,2063.22440122735
eth,2023-11-24T00:00:00.000000000Z,2079.30062361192
eth,2023-11-25T00:00:00.000000000Z,2084.53667621274
eth,2023-11-26T00:00:00.000000000Z,2065.37363062537
eth,2023-11-27T00:00:00.000000000Z,2027.24106779661
eth,2023-11-28T00:00:00.000000000Z,2049.73816247808
eth,2023-11-29T00:00:00.000000000Z,2028.84542109877
eth,2023-11-30T00:00:00.000000000Z,2051.0453308007
eth,2023-12-01T00:00:00.000000000Z,2086.10865020456
eth,2023-12-02T00:00:00.000000000Z,2164.74958825248
eth,2023-12-03T00:00:00.000000000Z,2193.55490765634
eth,2023-12-04T00:00:00.000000000Z,2238.0204748685
eth,2023-12-05T00:00:00.000000000Z,2291.50846785506
eth,2023-12-06T00:00:00.000000000Z,2231.62348100526
eth,2023-12-07T00:00:00.000000000Z,2354.39729836353
eth,2023-12-08T00:00:00.000000000Z,2359.29733576856
eth,2023-12-09T00:00:00.000000000Z,2341.9603766803
eth,2023-12-10T00:00:00.000000000Z,2351.04702162478
eth,2023-12-11T00:00:00.000000000Z,2221.86452425482
eth,2023-12-12T00:00:00.000000000Z,2201.24024839275
eth,2023-12-13T00:00:00.000000000Z,2260.86859175921
eth,2023-12-14T00:00:00.000000000Z,2319.55548042081
eth,2023-12-15T00:00:00.000000000Z,2221.4636277031
eth,2023-12-16T00:00:00.000000000Z,2224.69860870836
eth,2023-12-17T00:00:00.000000000Z,2200.06795558153
eth,2023-12-18T00:00:00.000000000Z,2215.89467299825
eth,2023-12-19T00:00:00.000000000Z,2176.07665926359
eth,2023-12-20T00:00:00.000000000Z,2195.89209263589
eth,2023-12-21T00:00:00.000000000Z,2237.71803623612
eth,2023-12-22T00:00:00.000000000Z,2326.30142402104
eth,2023-12-23T00:00:00.000000000Z,2311.02396814728
eth,2023-12-24T00:00:00.000000000Z,2268.21977440094
eth,2023-12-25T00:00:00.000000000Z,2274.25886966686
eth,2023-12-26T00:00:00.000000000Z,2229.44579982466
eth,2023-12-27T00:00:00.000000000Z,2378.56683167738
eth,2023-12-28T00:00:00.000000000Z,2351.43687638808
eth,2023-12-29T00:00:00.000000000Z,2295.94371127995
eth,2023-12-30T00:00:00.000000000Z,2293.75403945061
eth,2023-12-31T00:00:00.000000000Z,2279.07572355348
eth,2024-01-01T00:00:00.000000000Z,2347.43826125073
eth,2024-01-02T00:00:00.000000000Z,2357.63096084161
eth,2024-01-03T00:00:00.000000000Z,2207.34334979544
eth,2024-01-04T00:00:00.000000000Z,2272.18009088253
eth,2024-01-05T00:00:00.000000000Z,2267.64338778492
eth,2024-01-06T00:00:00.000000000Z,2238.93393980129
eth,2024-01-07T00:00:00.000000000Z,2218.46866306254
eth,2024-01-08T00:00:00.000000000Z,2332.30309205143
eth,2024-01-09T00:00:00.000000000Z,2339.66153652835
eth,2024-01-10T00:00:00.000000000Z,2590.84570981882
eth,2024-01-11T00:00:00.000000000Z,2618.69897837522
eth,2024-01-12T00:00:00.000000000Z,2519.14196843951
eth,2024-01-13T00:00:00.000000000Z,2580.01773290473
eth,2024-01-14T00:00:00.000000000Z,2479.10104091175
eth,2024-01-15T00:00:00.000000000Z,2512.73806808884
eth,2024-01-16T00:00:00.000000000Z,2590.58586411455
eth,2024-01-17T00:00:00.000000000Z,2524.52326651081
eth,2024-01-18T00:00:00.000000000Z,2466.73101315021
eth,2024-01-19T00:00:00.000000000Z,2490.05942811222
eth,2024-01-20T00:00:00.000000000Z,2469.73605902981
eth,2024-01-21T00:00:00.000000000Z,2454.59006867329
eth,2024-01-22T00:00:00.000000000Z,2312.20573436587
eth,2024-01-23T00:00:00.000000000Z,2238.99027849211
eth,2023-07-08T00:00:00.000000000Z,1864.05657831677
eth,2023-07-09T00:00:00.000000000Z,1862.63280011689
eth,2023-07-10T00:00:00.000000000Z,1880.33877177089
eth,2023-07-11T00:00:00.000000000Z,1878.36697545295
eth,2023-07-12T00:00:00.000000000Z,1871.59052337814
eth,2023-07-13T00:00:00.000000000Z,2002.01825043834
eth,2023-07-14T00:00:00.000000000Z,1935.13725511397
eth,2023-07-15T00:00:00.000000000Z,1930.71778521333
eth,2023-07-16T00:00:00.000000000Z,1924.54624693162
eth,2023-07-17T00:00:00.000000000Z,1912.2863798948
eth,2023-07-18T00:00:00.000000000Z,1897.39907071888
eth,2023-07-19T00:00:00.000000000Z,1889.51615166569
eth,2023-07-20T00:00:00.000000000Z,1891.97682437171
eth,2023-07-21T00:00:00.000000000Z,1892.11009234366
eth,2023-07-22T00:00:00.000000000Z,1861.28420485096
eth,2023-07-23T00:00:00.000000000Z,1887.97183430742
eth,2023-07-24T00:00:00.000000000Z,1849.92425336061
eth,2023-07-25T00:00:00.000000000Z,1857.55349269433
eth,2023-07-26T00:00:00.000000000Z,1871.16815838691
eth,2023-07-27T00:00:00.000000000Z,1859.04174693162
eth,2023-07-28T00:00:00.000000000Z,1875.01526972531
eth,2023-07-29T00:00:00.000000000Z,1881.00276534191
eth,2023-07-30T00:00:00.000000000Z,1861.50678521333
eth,2023-07-31T00:00:00.000000000Z,1856.18514465225
eth,2023-08-01T00:00:00.000000000Z,1866.98985067212
eth,2023-08-02T00:00:00.000000000Z,1838.2950862069
eth,2023-08-03T00:00:00.000000000Z,1835.91625482174
eth,2023-08-04T00:00:00.000000000Z,1826.2735829924
eth,2023-08-05T00:00:00.000000000Z,1835.38041437756
eth,2023-08-06T00:00:00.000000000Z,1826.94227440093
eth,2023-08-07T00:00:00.000000000Z,1825.86593308007
eth,2023-08-08T00:00:00.000000000Z,1856.70175043834
eth,2023-08-09T00:00:00.000000000Z,1855.32526271186
eth,2023-08-10T00:00:00.000000000Z,1850.89056019871
eth,2023-08-11T00:00:00.000000000Z,1846.58541788428
eth,2023-08-12T00:00:00.000000000Z,1848.60640794857
eth,2023-08-13T00:00:00.000000000Z,1838.95695002922
eth,2023-08-14T00:00:00.000000000Z,1843.84205055523
eth,2023-08-15T00:00:00.000000000Z,1827.12240327294
eth,2023-08-16T00:00:00.000000000Z,1806.94174839275
eth,2023-08-17T00:00:00.000000000Z,1688.89880537697
eth,2023-08-18T00:00:00.000000000Z,1660.65438603156
eth,2023-08-19T00:00:00.000000000Z,1668.86229748685
eth,2023-08-20T00:00:00.000000000Z,1683.56179661017
eth,2023-08-21T00:00:00.000000000Z,1667.28708883694
eth,2023-08-22T00:00:00.000000000Z,1631.88740853302
eth,2023-08-23T00:00:00.000000000Z,1678.89443424898
eth,2023-08-24T00:00:00.000000000Z,1656.64010169491
eth,2023-08-25T00:00:00.000000000Z,1652.96844623027
eth,2023-08-26T00:00:00.000000000Z,1645.92842226768
eth,2023-08-27T00:00:00.000000000Z,1656.75394593805
eth,2023-08-28T00:00:00.000000000Z,1652.81391934541
eth,2023-08-29T00:00:00.000000000Z,1726.95467679719
eth,2023-08-30T00:00:00.000000000Z,1705.04314114553
eth,2023-08-31T00:00:00.000000000Z,1645.67690531853
eth,2023-09-01T00:00:00.000000000Z,1628.75344476914
eth,2023-09-02T00:00:00.000000000Z,1636.88336528346
eth,2023-09-03T00:00:00.000000000Z,1635.56472647575
eth,2023-09-04T00:00:00.000000000Z,1627.41772355348
eth,2023-09-05T00:00:00.000000000Z,1632.72254324956
eth,2023-09-06T00:00:00.000000000Z,1632.395921391
eth,2023-09-07T00:00:00.000000000Z,1646.08132933957
eth,2023-09-08T00:00:00.000000000Z,1636.38499357101
eth,2023-09-09T00:00:00.000000000Z,1634.67623524255
eth,2023-09-10T00:00:00.000000000Z,1617.41718790181
eth,2023-09-11T00:00:00.000000000Z,1549.35964874342
eth,2023-09-12T00:00:00.000000000Z,1594.0094345412
eth,2023-09-13T00:00:00.000000000Z,1607.7192194623
eth,2023-09-14T00:00:00.000000000Z,1627.52328755114
eth,2023-09-15T00:00:00.000000000Z,1643.92288106371
eth,2023-09-16T00:00:00.000000000Z,1634.72032933957
eth,2023-09-17T00:00:00.000000000Z,1620.58054354179
eth,2023-09-18T00:00:00.000000000Z,1637.64761016949
eth,2023-09-19T00:00:00.000000000Z,1643.48128784337
eth,2023-09-20T00:00:00.000000000Z,1622.66867942724
eth,2023-09-21T00:00:00.000000000Z,1584.68828667446
eth,2023-09-22T00:00:00.000000000Z,1593.62554763296
eth,2023-09-23T00:00:00.000000000Z,1592.93375365284
eth,2023-09-24T00:00:00.000000000Z,1581.2407817066
eth,2023-09-25T00:00:00.000000000Z,1587.55197077732
eth,2023-09-26T00:00:00.000000000Z,1592.03694038574
eth,2023-09-27T00:00:00.000000000Z,1596.47206604325
eth,2023-09-28T00:00:00.000000000Z,1652.89402893045
eth,2023-09-29T00:00:00.000000000Z,1667.55800642899
eth,2023-09-30T00:00:00.000000000Z,1671.13527235535
eth,2023-10-01T00:00:00.000000000Z,1731.54860958504
eth,2023-10-02T00:00:00.000000000Z,1663.19262887201
eth,2023-10-03T00:00:00.000000000Z,1656.90272647575
eth,2023-10-04T00:00:00.000000000Z,1648.97039859731
eth,2023-10-05T00:00:00.000000000Z,1613.01122939801
eth,2023-10-06T00:00:00.000000000Z,1645.72665341905
eth,2023-10-07T00:00:00.000000000Z,1635.14589070719
eth,2023-10-08T00:00:00.000000000Z,1632.99003798948
eth,2023-10-09T00:00:00.000000000Z,1579.55456808884
eth,2023-10-10T00:00:00.000000000Z,1568.32793717125
eth,2023-10-11T00:00:00.000000000Z,1565.31241496201
eth,2023-10-12T00:00:00.000000000Z,1538.10105201636
eth,2023-10-13T00:00:00.000000000Z,1550.26081034483
eth,2023-10-14T00:00:00.000000000Z,1555.66229076563
eth,2023-10-15T00:00:00.000000000Z,1556.29597632963
eth,2023-03-30T00:00:00.000000000Z,1791.79660169492
eth,2023-03-31T00:00:00.000000000Z,1824.00190356517
eth,2023-04-01T00:00:00.000000000Z,1822.41595762712
eth,2023-04-02T00:00:00.000000000Z,1794.75583547633
eth,2023-04-03T00:00:00.000000000Z,1811.18531180596
eth,2023-04-04T00:00:00.000000000Z,1868.19117066043
eth,2023-04-05T00:00:00.000000000Z,1911.12547106955
eth,2023-04-06T00:00:00.000000000Z,1872.08796493279
eth,2023-04-07T00:00:00.000000000Z,1866.34243366452
eth,2023-04-08T00:00:00.000000000Z,1851.750106955
eth,2023-04-09T00:00:00.000000000Z,1861.1328395675
eth,2023-04-10T00:00:00.000000000Z,1912.11599473992
eth,2023-04-11T00:00:00.000000000Z,1891.72326592636
eth,2023-04-12T00:00:00.000000000Z,1921.77945996493
eth,2023-04-13T00:00:00.000000000Z,2010.86303623612
eth,2023-04-14T00:00:00.000000000Z,2102.23098217417
eth,2023-04-15T00:00:00.000000000Z,2094.48822501461
eth,2023-04-16T00:00:00.000000000Z,2119.36738223261
eth,2023-04-17T00:00:00.000000000Z,2076.5863679135
eth,2023-04-18T00:00:00.000000000Z,2101.64348246639
eth,2023-04-19T00:00:00.000000000Z,1936.27672559907
eth,2023-04-20T00:00:00.000000000Z,1943.00065926359
eth,2023-04-21T00:00:00.000000000Z,1849.59096668615
eth,2023-04-22T00:00:00.000000000Z,1875.55641846873
eth,2023-04-23T00:00:00.000000000Z,1862.81730888369
eth,2023-04-24T00:00:00.000000000Z,1842.86772092344
eth,2023-04-25T00:00:00.000000000Z,1868.05564640561
eth,2023-04-26T00:00:00.000000000Z,1866.89703068381
eth,2023-04-27T00:00:00.000000000Z,1909.36528959673
eth,2023-04-28T00:00:00.000000000Z,1893.93526767972
eth,2023-04-29T00:00:00.000000000Z,1905.84894038574
eth,2023-04-30T00:00:00.000000000Z,1885.55236995909
eth,2023-05-01T00:00:00.000000000Z,1831.77346551724
eth,2023-05-02T00:00:00.000000000Z,1872.31188398597
eth,2023-05-03T00:00:00.000000000Z,1905.09636908241
eth,2023-05-04T00:00:00.000000000Z,1877.04549620105
eth,2023-05-05T00:00:00.000000000Z,1995.59514143776
eth,2023-05-06T00:00:00.000000000Z,1900.32479427236
eth,2023-05-07T00:00:00.000000000Z,1900.28729222677
eth,2023-05-08T00:00:00.000000000Z,1850.24827673875
eth,2023-05-09T00:00:00.000000000Z,1848.22007364115
eth,2023-05-10T00:00:00.000000000Z,1842.46204091175
eth,2023-05-11T00:00:00.000000000Z,1795.59223991818
eth,2023-05-12T00:00:00.000000000Z,1807.86421858562
eth,2023-05-13T00:00:00.000000000Z,1799.58322033898
eth,2023-05-14T00:00:00.000000000Z,1799.90850993571
eth,2023-05-15T00:00:00.000000000Z,1819.31062916423
eth,2023-05-16T00:00:00.000000000Z,1824.28658240795
eth,2023-05-17T00:00:00.000000000Z,1822.18958416131
eth,2023-05-18T00:00:00.000000000Z,1803.8054377557
eth,2023-05-19T00:00:00.000000000Z,1813.16229193454
eth,2023-05-20T00:00:00.000000000Z,1819.32194330801
eth,2023-05-21T00:00:00.000000000Z,1806.48285184103
eth,2023-05-22T00:00:00.000000000Z,1818.20541291642
eth,2023-05-23T00:00:00.000000000Z,1854.56284511981
eth,2023-05-24T00:00:00.000000000Z,1801.14089976622
eth,2023-05-25T00:00:00.000000000Z,1806.9382106955
eth,2023-05-26T00:00:00.000000000Z,1829.23536440678
eth,2023-05-27T00:00:00.000000000Z,1830.77384950321
eth,2023-05-28T00:00:00.000000000Z,1911.28677440093
eth,2023-05-29T00:00:00.000000000Z,1894.85833810637
eth,2023-05-30T00:00:00.000000000Z,1900.83276183519
eth,2023-05-31T00:00:00.000000000Z,1872.94246113384
eth,2023-06-01T00:00:00.000000000Z,1861.87719082408
eth,2023-06-02T00:00:00.000000000Z,1906.95200964348
eth,2023-06-03T00:00:00.000000000Z,1891.8916364699
eth,2023-06-04T00:00:00.000000000Z,1892.3073100526
eth,2023-06-05T00:00:00.000000000Z,1812.74285300994
eth,2023-06-06T00:00:00.000000000Z,1883.15331735827
eth,2023-06-07T00:00:00.000000000Z,1831.89239801286
eth,2023-06-08T00:00:00.000000000Z,1847.23547516072
eth,2023-06-09T00:00:00.000000000Z,1838.42196376388
eth,2023-06-10T00:00:00.000000000Z,1752.90041496201
eth,2023-06-11T00:00:00.000000000Z,1751.8336811806
eth,2023-06-12T00:00:00.000000000Z,1742.45293424898
eth,2023-06-13T00:00:00.000000000Z,1736.92458503799
eth,2023-06-14T00:00:00.000000000Z,1650.15449649328
eth,2023-06-15T00:00:00.000000000Z,1663.84364611338
eth,2023-06-16T00:00:00.000000000Z,1716.62002104033
eth,2023-06-17T00:00:00.000000000Z,1727.57647136178
eth,2023-06-18T00:00:00.000000000Z,1720.11903828171
eth,2023-06-19T00:00:00.000000000Z,1734.98348451198
eth,2023-06-20T00:00:00.000000000Z,1789.79935710111
eth,2023-06-21T00:00:00.000000000Z,1894.31125803624
eth,2023-06-22T00:00:00.000000000Z,1874.36079076563
eth,2023-06-23T00:00:00.000000000Z,1891.57702922268
eth,2023-06-24T00:00:00.000000000Z,1876.10660052601
eth,2023-06-25T00:00:00.000000000Z,1899.80092402104
eth,2023-06-26T00:00:00.000000000Z,1857.5683351841
eth,2023-06-27T00:00:00.000000000Z,1888.94404208065
eth,2023-06-28T00:00:00.000000000Z,1829.66858649912
eth,2023-06-29T00:00:00.000000000Z,1853.17543687902
eth,2023-06-30T00:00:00.000000000Z,1934.61751548802
eth,2023-07-01T00:00:00.000000000Z,1923.13508825248
eth,2023-07-02T00:00:00.000000000Z,1935.59753769725
eth,2023-07-03T00:00:00.000000000Z,1954.20382291058
eth,2023-07-04T00:00:00.000000000Z,1938.38063091759
eth,2023-07-05T00:00:00.000000000Z,1912.14585213325
eth,2023-07-06T00:00:00.000000000Z,1854.37547632963
eth,2023-07-07T00:00:00.000000000Z,1869.3275622443
eth,2022-12-20T00:00:00.000000000Z,1217.78852659264
eth,2022-12-21T00:00:00.000000000Z,1212.37697340736
eth,2022-12-22T00:00:00.000000000Z,1216.84605055523
eth,2022-12-23T00:00:00.000000000Z,1219.86765049679
eth,2022-12-24T00:00:00.000000000Z,1220.58067533606
eth,2022-12-25T00:00:00.000000000Z,1217.7824880187
eth,2022-12-26T00:00:00.000000000Z,1224.37791788428
eth,2022-12-27T00:00:00.000000000Z,1211.57558153127
eth,2022-12-28T00:00:00.000000000Z,1188.10792518995
eth,2022-12-29T00:00:00.000000000Z,1200.92096843951
eth,2022-12-30T00:00:00.000000000Z,1198.58331034483
eth,2022-12-31T00:00:00.000000000Z,1195.33087931034
eth,2023-01-01T00:00:00.000000000Z,1200.00591934541
eth,2023-01-02T00:00:00.000000000Z,1214.8377685564
eth,2023-01-03T00:00:00.000000000Z,1214.22573816482
eth,2023-01-04T00:00:00.000000000Z,1255.92211689071
eth,2023-01-05T00:00:00.000000000Z,1250.14810315605
eth,2023-01-06T00:00:00.000000000Z,1269.2522521917
eth,2023-01-07T00:00:00.000000000Z,1263.50416335476
eth,2023-01-08T00:00:00.000000000Z,1284.640028346
eth,2023-01-09T00:00:00.000000000Z,1320.62153097604
eth,2023-01-10T00:00:00.000000000Z,1335.65639655172
eth,2023-01-11T00:00:00.000000000Z,1380.51409789597
eth,2023-01-12T00:00:00.000000000Z,1417.14464611338
eth,2023-01-13T00:00:00.000000000Z,1449.88405055523
eth,2023-01-14T00:00:00.000000000Z,1551.58092372881
eth,2023-01-15T00:00:00.000000000Z,1552.31962039743
eth,2023-01-16T00:00:00.000000000Z,1577.95188194039
eth,2023-01-17T00:00:00.000000000Z,1570.19011279953
eth,2023-01-18T00:00:00.000000000Z,1519.97825832846
eth,2023-01-19T00:00:00.000000000Z,1550.32473816482
eth,2023-01-20T00:00:00.000000000Z,1658.07273027469
eth,2023-01-21T00:00:00.000000000Z,1628.12569403857
eth,2023-01-22T00:00:00.000000000Z,1628.26689450614
eth,2023-01-23T00:00:00.000000000Z,1627.93555610754
eth,2023-01-24T00:00:00.000000000Z,1553.74205523086
eth,2023-01-25T00:00:00.000000000Z,1607.73188661601
eth,2023-01-26T00:00:00.000000000Z,1601.93506399766
eth,2023-01-27T00:00:00.000000000Z,1598.01924400935
eth,2023-01-28T00:00:00.000000000Z,1570.18742606663
eth,2023-01-29T00:00:00.000000000Z,1646.29684132087
eth,2023-01-30T00:00:00.000000000Z,1565.98836440678
eth,2023-01-31T00:00:00.000000000Z,1584.82108328463
eth,2023-02-01T00:00:00.000000000Z,1641.90211075395
eth,2023-02-02T00:00:00.000000000Z,1646.33768264173
eth,2023-02-03T00:00:00.000000000Z,1665.60525014611
eth,2023-02-04T00:00:00.000000000Z,1671.04695207481
eth,2023-02-05T00:00:00.000000000Z,1631.12114172998
eth,2023-02-06T00:00:00.000000000Z,1614.27482232613
eth,2023-02-07T00:00:00.000000000Z,1672.72231092928
eth,2023-02-08T00:00:00.000000000Z,1650.23299795441
eth,2023-02-09T00:00:00.000000000Z,1545.6244585038
eth,2023-02-10T00:00:00.000000000Z,1514.2499868498
eth,2023-02-11T00:00:00.000000000Z,1540.18145032145
eth,2023-02-12T00:00:00.000000000Z,1513.77351841029
eth,2023-02-13T00:00:00.000000000Z,1506.22274605494
eth,2023-02-14T00:00:00.000000000Z,1557.42669579194
eth,2023-02-15T00:00:00.000000000Z,1672.84323933372
eth,2023-02-16T00:00:00.000000000Z,1643.89578404442
eth,2023-02-17T00:00:00.000000000Z,1696.04581063705
eth,2023-02-18T00:00:00.000000000Z,1690.93641057861
eth,2023-02-19T00:00:00.000000000Z,1683.20734979544
eth,2023-02-20T00:00:00.000000000Z,1700.88487288136
eth,2023-02-21T00:00:00.000000000Z,1655.09468264173
eth,2023-02-22T00:00:00.000000000Z,1641.94119491525
eth,2023-02-23T00:00:00.000000000Z,1649.39288398597
eth,2023-02-24T00:00:00.000000000Z,1608.29904324956
eth,2023-02-25T00:00:00.000000000Z,1593.90391671537
eth,2023-02-26T00:00:00.000000000Z,1640.57851431911
eth,2023-02-27T00:00:00.000000000Z,1633.62932583285
eth,2023-02-28T00:00:00.000000000Z,1606.66273436587
eth,2023-03-01T00:00:00.000000000Z,1661.70797282291
eth,2023-03-02T00:00:00.000000000Z,1647.85497837522
eth,2023-03-03T00:00:00.000000000Z,1569.16893132671
eth,2023-03-04T00:00:00.000000000Z,1565.88301373466
eth,2023-03-05T00:00:00.000000000Z,1563.63009818819
eth,2023-03-06T00:00:00.000000000Z,1567.53606341321
eth,2023-03-07T00:00:00.000000000Z,1560.02789246055
eth,2023-03-08T00:00:00.000000000Z,1534.22761718293
eth,2023-03-09T00:00:00.000000000Z,1436.66890824079
eth,2023-03-10T00:00:00.000000000Z,1434.1492194623
eth,2023-03-11T00:00:00.000000000Z,1477.24561835184
eth,2023-03-12T00:00:00.000000000Z,1586.49992781999
eth,2023-03-13T00:00:00.000000000Z,1677.88656078317
eth,2023-03-14T00:00:00.000000000Z,1706.89304383402
eth,2023-03-15T00:00:00.000000000Z,1655.43240093513
eth,2023-03-16T00:00:00.000000000Z,1677.25818614845
eth,2023-03-17T00:00:00.000000000Z,1791.02045382817
eth,2023-03-18T00:00:00.000000000Z,1764.36525336061
eth,2023-03-19T00:00:00.000000000Z,1801.75050058445
eth,2023-03-20T00:00:00.000000000Z,1737.37734073641
eth,2023-03-21T00:00:00.000000000Z,1805.09059409702
eth,2023-03-22T00:00:00.000000000Z,1738.26925452952
eth,2023-03-23T00:00:00.000000000Z,1819.24090590298
eth,2023-03-24T00:00:00.000000000Z,1751.13301110462
eth,2023-03-25T00:00:00.000000000Z,1742.46973699591
eth,2023-03-26T00:00:00.000000000Z,1778.52934570427
eth,2023-03-27T00:00:00.000000000Z,1714.87305932203
eth,2023-03-28T00:00:00.000000000Z,1774.92046697838
eth,2023-03-29T00:00:00.000000000Z,1794.74885768556
eth,2022-09-11T00:00:00.000000000Z,1758.45961922852
eth,2022-09-12T00:00:00.000000000Z,1710.77241729982
eth,2022-09-13T00:00:00.000000000Z,1574.04311630625
eth,2022-09-14T00:00:00.000000000Z,1633.75933313852
eth,2022-09-15T00:00:00.000000000Z,1472.5554792519
eth,2022-09-16T00:00:00.000000000Z,1430.06413968439
eth,2022-09-17T00:00:00.000000000Z,1469.37018877849
eth,2022-09-18T00:00:00.000000000Z,1337.85839099942
eth,2022-09-19T00:00:00.000000000Z,1379.44124693162
eth,2022-09-20T00:00:00.000000000Z,1323.40883226184
eth,2022-09-21T00:00:00.000000000Z,1249.1307238457
eth,2022-09-22T00:00:00.000000000Z,1328.6692653419
eth,2022-09-23T00:00:00.000000000Z,1330.95503302162
eth,2022-09-24T00:00:00.000000000Z,1317.0079465225
eth,2022-09-25T00:00:00.000000000Z,1294.54904383402
eth,2022-09-26T00:00:00.000000000Z,1334.38671420222
eth,2022-09-27T00:00:00.000000000Z,1330.5247402104
eth,2022-09-28T00:00:00.000000000Z,1339.13675394506
eth,2022-09-29T00:00:00.000000000Z,1333.64239392168
eth,2022-09-30T00:00:00.000000000Z,1327.0759956166
eth,2022-10-01T00:00:00.000000000Z,1311.22253331385
eth,2022-10-02T00:00:00.000000000Z,1276.55304675628
eth,2022-10-03T00:00:00.000000000Z,1324.40998334307
eth,2022-10-04T00:00:00.000000000Z,1362.84395236704
eth,2022-10-05T00:00:00.000000000Z,1352.55720689655
eth,2022-10-06T00:00:00.000000000Z,1351.3537402104
eth,2022-10-07T00:00:00.000000000Z,1332.54090561075
eth,2022-10-08T00:00:00.000000000Z,1315.45911864407
eth,2022-10-09T00:00:00.000000000Z,1320.93465400351
eth,2022-10-10T00:00:00.000000000Z,1292.04924693162
eth,2022-10-11T00:00:00.000000000Z,1278.54329719462
eth,2022-10-12T00:00:00.000000000Z,1294.63398918761
eth,2022-10-13T00:00:00.000000000Z,1288.20101256575
eth,2022-10-14T00:00:00.000000000Z,1297.32227849211
eth,2022-10-15T00:00:00.000000000Z,1274.99698947984
eth,2022-10-16T00:00:00.000000000Z,1305.60972296902
eth,2022-10-17T00:00:00.000000000Z,1332.3694792519
eth,2022-10-18T00:00:00.000000000Z,1311.29945967271
eth,2022-10-19T00:00:00.000000000Z,1284.66447399182
eth,2022-10-20T00:00:00.000000000Z,1281.90813793103
eth,2022-10-21T00:00:00.000000000Z,1299.87529164231
eth,2022-10-22T00:00:00.000000000Z,1314.30632261835
eth,2022-10-23T00:00:00.000000000Z,1363.86034102864
eth,2022-10-24T00:00:00.000000000Z,1344.55304383402
eth,2022-10-25T00:00:00.000000000Z,1461.29032407949
eth,2022-10-26T00:00:00.000000000Z,1571.25949210988
eth,2022-10-27T00:00:00.000000000Z,1514.78292051432
eth,2022-10-28T00:00:00.000000000Z,1555.96761455289
eth,2022-10-29T00:00:00.000000000Z,1618.89496873174
eth,2022-10-30T00:00:00.000000000Z,1589.51054997078
eth,2022-10-31T00:00:00.000000000Z,1571.20387054354
eth,2022-11-01T00:00:00.000000000Z,1580.25594681473
eth,2022-11-02T00:00:00.000000000Z,1519.57743717124
eth,2022-11-03T00:00:00.000000000Z,1529.79641525424
eth,2022-11-04T00:00:00.000000000Z,1644.7656364699
eth,2022-11-05T00:00:00.000000000Z,1627.35012068965
eth,2022-11-06T00:00:00.000000000Z,1574.97463471654
eth,2022-11-07T00:00:00.000000000Z,1567.4638132671
eth,2022-11-08T00:00:00.000000000Z,1331.86717884278
eth,2022-11-09T00:00:00.000000000Z,1092.99871040327
eth,2022-11-10T00:00:00.000000000Z,1297.56088690824
eth,2022-11-11T00:00:00.000000000Z,1280.90110344828
eth,2022-11-12T00:00:00.000000000Z,1252.00409994156
eth,2022-11-13T00:00:00.000000000Z,1220.14754500292
eth,2022-11-14T00:00:00.000000000Z,1240.72447603741
eth,2022-11-15T00:00:00.000000000Z,1249.54837960257
eth,2022-11-16T00:00:00.000000000Z,1214.79349853887
eth,2022-11-17T00:00:00.000000000Z,1199.72255055523
eth,2022-11-18T00:00:00.000000000Z,1209.4787565751
eth,2022-11-19T00:00:00.000000000Z,1218.60619929866
eth,2022-11-20T00:00:00.000000000Z,1139.64296113384
eth,2022-11-21T00:00:00.000000000Z,1107.64197720631
eth,2022-11-22T00:00:00.000000000Z,1134.7735163647
eth,2022-11-23T00:00:00.000000000Z,1183.16671361777
eth,2022-11-24T00:00:00.000000000Z,1202.6865
eth,2022-11-25T00:00:00.000000000Z,1199.06187580362
eth,2022-11-26T00:00:00.000000000Z,1204.81936440678
eth,2022-11-27T00:00:00.000000000Z,1196.86665049679
eth,2022-11-28T00:00:00.000000000Z,1168.91699678551
eth,2022-11-29T00:00:00.000000000Z,1217.08083810637
eth,2022-11-30T00:00:00.000000000Z,1298.03941963764
eth,2022-12-01T00:00:00.000000000Z,1275.71093571011
eth,2022-12-02T00:00:00.000000000Z,1292.87129018118
eth,2022-12-03T00:00:00.000000000Z,1240.93125043834
eth,2022-12-04T00:00:00.000000000Z,1280.03346960842
eth,2022-12-05T00:00:00.000000000Z,1258.52961747516
eth,2022-12-06T00:00:00.000000000Z,1270.18564289889
eth,2022-12-07T00:00:00.000000000Z,1232.55245441262
eth,2022-12-08T00:00:00.000000000Z,1281.63305201636
eth,2022-12-09T00:00:00.000000000Z,1263.20861864407
eth,2022-12-10T00:00:00.000000000Z,1266.7714421391
eth,2022-12-11T00:00:00.000000000Z,1263.06966656926
eth,2022-12-12T00:00:00.000000000Z,1274.78023495032
eth,2022-12-13T00:00:00.000000000Z,1320.40190677966
eth,2022-12-14T00:00:00.000000000Z,1308.14814056107
eth,2022-12-15T00:00:00.000000000Z,1264.12830508475
eth,2022-12-16T00:00:00.000000000Z,1164.54822443016
eth,2022-12-17T00:00:00.000000000Z,1187.08355902981
eth,2022-12-18T00:00:00.000000000Z,1187.40088690824
eth,2022-12-19T00:00:00.000000000Z,1167.13473611923
eth,2022-06-03T00:00:00.000000000Z,1773.33450613676
eth,2022-06-04T00:00:00.000000000Z,1799.04830862069
eth,2022-06-05T00:00:00.000000000Z,1805.68905447107
eth,2022-06-06T00:00:00.000000000Z,1857.0548635301
eth,2022-06-07T00:00:00.000000000Z,1812.55737521917
eth,2022-06-08T00:00:00.000000000Z,1794.50157685564
eth,2022-06-09T00:00:00.000000000Z,1787.18229456458
eth,2022-06-10T00:00:00.000000000Z,1662.50309760374
eth,2022-06-11T00:00:00.000000000Z,1529.50090531853
eth,2022-06-12T00:00:00.000000000Z,1449.37609070719
eth,2022-06-13T00:00:00.000000000Z,1192.1638591467
eth,2022-06-14T00:00:00.000000000Z,1205.54458474576
eth,2022-06-15T00:00:00.000000000Z,1228.52421186441
eth,2022-06-16T00:00:00.000000000Z,1062.05631794272
eth,2022-06-17T00:00:00.000000000Z,1087.0124880187
eth,2022-06-18T00:00:00.000000000Z,992.790097311514
eth,2022-06-19T00:00:00.000000000Z,1124.3688886616
eth,2022-06-20T00:00:00.000000000Z,1122.38415809468
eth,2022-06-21T00:00:00.000000000Z,1124.80054354179
eth,2022-06-22T00:00:00.000000000Z,1052.48545265926
eth,2022-06-23T00:00:00.000000000Z,1144.74839117475
eth,2022-06-24T00:00:00.000000000Z,1233.92042811221
eth,2022-06-25T00:00:00.000000000Z,1242.46349766219
eth,2022-06-26T00:00:00.000000000Z,1204.22064611338
eth,2022-06-27T00:00:00.000000000Z,1194.90176943308
eth,2022-06-28T00:00:00.000000000Z,1142.80152688486
eth,2022-06-29T00:00:00.000000000Z,1095.82495207481
eth,2022-06-30T00:00:00.000000000Z,1041.53905172414
eth,2022-07-01T00:00:00.000000000Z,1066.1029628872
eth,2022-07-02T00:00:00.000000000Z,1066.51756253653
eth,2022-07-03T00:00:00.000000000Z,1073.70227878434
eth,2022-07-04T00:00:00.000000000Z,1150.1623100526
eth,2022-07-05T00:00:00.000000000Z,1134.55701782583
eth,2022-07-06T00:00:00.000000000Z,1190.01984395091
eth,2022-07-07T00:00:00.000000000Z,1238.44509789597
eth,2022-07-08T00:00:00.000000000Z,1231.2732019287
eth,2022-07-09T00:00:00.000000000Z,1216.82491992987
eth,2022-07-10T00:00:00.000000000Z,1167.00219023963
eth,2022-07-11T00:00:00.000000000Z,1096.53821274109
eth,2022-07-12T00:00:00.000000000Z,1040.3091364699
eth,2022-07-13T00:00:00.000000000Z,1109.91739918177
eth,2022-07-14T00:00:00.000000000Z,1190.77715517241
eth,2022-07-15T00:00:00.000000000Z,1235.44640999416
eth,2022-07-16T00:00:00.000000000Z,1352.58443950906
eth,2022-07-17T00:00:00.000000000Z,1345.29871186441
eth,2022-07-18T00:00:00.000000000Z,1568.5177969024
eth,2022-07-19T00:00:00.000000000Z,1545.68401548802
eth,2022-07-20T00:00:00.000000000Z,1523.17327171245
eth,2022-07-21T00:00:00.000000000Z,1578.50633021625
eth,2022-07-22T00:00:00.000000000Z,1536.58702454705
eth,2022-07-23T00:00:00.000000000Z,1550.44882115722
eth,2022-07-24T00:00:00.000000000Z,1603.32482787843
eth,2022-07-25T00:00:00.000000000Z,1461.68290911748
eth,2022-07-26T00:00:00.000000000Z,1431.20655336061
eth,2022-07-27T00:00:00.000000000Z,1632.34205330216
eth,2022-07-28T00:00:00.000000000Z,1724.61137200468
eth,2022-07-29T00:00:00.000000000Z,1746.07636090006
eth,2022-07-30T00:00:00.000000000Z,1692.89731209819
eth,2022-07-31T00:00:00.000000000Z,1682.69250409117
eth,2022-08-01T00:00:00.000000000Z,1635.83942051432
eth,2022-08-02T00:00:00.000000000Z,1640.55228550555
eth,2022-08-03T00:00:00.000000000Z,1616.22450905903
eth,2022-08-04T00:00:00.000000000Z,1606.95118293396
eth,2022-08-05T00:00:00.000000000Z,1725.62800490941
eth,2022-08-06T00:00:00.000000000Z,1695.53410169492
eth,2022-08-07T00:00:00.000000000Z,1697.48315371128
eth,2022-08-08T00:00:00.000000000Z,1776.06239567504
eth,2022-08-09T00:00:00.000000000Z,1703.99224897721
eth,2022-08-10T00:00:00.000000000Z,1850.82996142607
eth,2022-08-11T00:00:00.000000000Z,1878.11309555815
eth,2022-08-12T00:00:00.000000000Z,1954.77856107539
eth,2022-08-13T00:00:00.000000000Z,1981.2375414962
eth,2022-08-14T00:00:00.000000000Z,1936.33989158387
eth,2022-08-15T00:00:00.000000000Z,1901.74608649912
eth,2022-08-16T00:00:00.000000000Z,1876.61579427236
eth,2022-08-17T00:00:00.000000000Z,1833.20730216248
eth,2022-08-18T00:00:00.000000000Z,1849.20067504383
eth,2022-08-19T00:00:00.000000000Z,1615.85071274109
eth,2022-08-20T00:00:00.000000000Z,1575.83517270602
eth,2022-08-21T00:00:00.000000000Z,1621.43778018703
eth,2022-08-22T00:00:00.000000000Z,1607.93964377557
eth,2022-08-23T00:00:00.000000000Z,1663.88241525424
eth,2022-08-24T00:00:00.000000000Z,1658.74535037989
eth,2022-08-25T00:00:00.000000000Z,1695.09793629456
eth,2022-08-26T00:00:00.000000000Z,1508.81155990649
eth,2022-08-27T00:00:00.000000000Z,1492.86255990649
eth,2022-08-28T00:00:00.000000000Z,1440.91843746347
eth,2022-08-29T00:00:00.000000000Z,1550.2820458796
eth,2022-08-30T00:00:00.000000000Z,1529.58784628872
eth,2022-08-31T00:00:00.000000000Z,1551.72922092344
eth,2022-09-01T00:00:00.000000000Z,1586.34916686148
eth,2022-09-02T00:00:00.000000000Z,1576.59604120397
eth,2022-09-03T00:00:00.000000000Z,1555.05634833431
eth,2022-09-04T00:00:00.000000000Z,1576.03008123904
eth,2022-09-05T00:00:00.000000000Z,1613.06100555231
eth,2022-09-06T00:00:00.000000000Z,1565.69543600234
eth,2022-09-07T00:00:00.000000000Z,1633.8871465225
eth,2022-09-08T00:00:00.000000000Z,1634.5638766803
eth,2022-09-09T00:00:00.000000000Z,1717.52412244302
eth,2022-09-10T00:00:00.000000000Z,1779.75839479836
eth,2022-02-23T00:00:00.000000000Z,2591.79215108124
eth,2022-02-24T00:00:00.000000000Z,2594.05176271187
eth,2022-02-25T00:00:00.000000000Z,2788.59007977791
eth,2022-02-26T00:00:00.000000000Z,2777.68419199299
eth,2022-02-27T00:00:00.000000000Z,2614.48211922852
eth,2022-02-28T00:00:00.000000000Z,2914.46506487434
eth,2022-03-01T00:00:00.000000000Z,2969.53468030392
eth,2022-03-02T00:00:00.000000000Z,2954.65685739334
eth,2022-03-03T00:00:00.000000000Z,2836.95393191116
eth,2022-03-04T00:00:00.000000000Z,2617.82250379895
eth,2022-03-05T00:00:00.000000000Z,2662.88603331385
eth,2022-03-06T00:00:00.000000000Z,2557.90416393922
eth,2022-03-07T00:00:00.000000000Z,2501.00067124489
eth,2022-03-08T00:00:00.000000000Z,2577.76486323787
eth,2022-03-09T00:00:00.000000000Z,2726.9712761543
eth,2022-03-10T00:00:00.000000000Z,2611.41140765634
eth,2022-03-11T00:00:00.000000000Z,2562.6069748685
eth,2022-03-12T00:00:00.000000000Z,2578.18213267095
eth,2022-03-13T00:00:00.000000000Z,2516.49195207481
eth,2022-03-14T00:00:00.000000000Z,2589.37761689071
eth,2022-03-15T00:00:00.000000000Z,2621.23701899474
eth,2022-03-16T00:00:00.000000000Z,2768.91552717709
eth,2022-03-17T00:00:00.000000000Z,2816.07112390415
eth,2022-03-18T00:00:00.000000000Z,2945.90649006429
eth,2022-03-19T00:00:00.000000000Z,2948.82827971946
eth,2022-03-20T00:00:00.000000000Z,2861.81527405026
eth,2022-03-21T00:00:00.000000000Z,2898.31257539451
eth,2022-03-22T00:00:00.000000000Z,2976.63482524839
eth,2022-03-23T00:00:00.000000000Z,3021.12716715371
eth,2022-03-24T00:00:00.000000000Z,3110.07358153127
eth,2022-03-25T00:00:00.000000000Z,3104.45554324956
eth,2022-03-26T00:00:00.000000000Z,3145.64074167154
eth,2022-03-27T00:00:00.000000000Z,3288.73951139684
eth,2022-03-28T00:00:00.000000000Z,3346.48037200468
eth,2022-03-29T00:00:00.000000000Z,3398.67210052601
eth,2022-03-30T00:00:00.000000000Z,3389.04939859731
eth,2022-03-31T00:00:00.000000000Z,3281.78751081239
eth,2022-04-01T00:00:00.000000000Z,3446.51983682057
eth,2022-04-02T00:00:00.000000000Z,3451.96555774401
eth,2022-04-03T00:00:00.000000000Z,3521.53255113968
eth,2022-04-04T00:00:00.000000000Z,3525.40589713618
eth,2022-04-05T00:00:00.000000000Z,3425.35487270602
eth,2022-04-06T00:00:00.000000000Z,3183.70336908241
eth,2022-04-07T00:00:00.000000000Z,3238.18884687317
eth,2022-04-08T00:00:00.000000000Z,3185.76596639392
eth,2022-04-09T00:00:00.000000000Z,3257.96308474576
eth,2022-04-10T00:00:00.000000000Z,3218.1317761543
eth,2022-04-11T00:00:00.000000000Z,2985.2986779661
eth,2022-04-12T00:00:00.000000000Z,3027.95501139684
eth,2022-04-13T00:00:00.000000000Z,3118.53925920514
eth,2022-04-14T00:00:00.000000000Z,3019.78703097604
eth,2022-04-15T00:00:00.000000000Z,3039.32726592636
eth,2022-04-16T00:00:00.000000000Z,3065.65542343659
eth,2022-04-17T00:00:00.000000000Z,2996.52688457043
eth,2022-04-18T00:00:00.000000000Z,3058.24911367621
eth,2022-04-19T00:00:00.000000000Z,3104.38072004676
eth,2022-04-20T00:00:00.000000000Z,3078.53693571011
eth,2022-04-21T00:00:00.000000000Z,2984.30083985973
eth,2022-04-22T00:00:00.000000000Z,2963.93688515488
eth,2022-04-23T00:00:00.000000000Z,2941.41439567504
eth,2022-04-24T00:00:00.000000000Z,2924.17223728813
eth,2022-04-25T00:00:00.000000000Z,3012.2152773232
eth,2022-04-26T00:00:00.000000000Z,2801.38247457627
eth,2022-04-27T00:00:00.000000000Z,2886.84557685564
eth,2022-04-28T00:00:00.000000000Z,2934.09959088252
eth,2022-04-29T00:00:00.000000000Z,2815.62725832846
eth,2022-04-30T00:00:00.000000000Z,2729.73245441262
eth,2022-05-01T00:00:00.000000000Z,2829.09136440678
eth,2022-05-02T00:00:00.000000000Z,2861.52780946815
eth,2022-05-03T00:00:00.000000000Z,2780.92367007598
eth,2022-05-04T00:00:00.000000000Z,2936.76534658095
eth,2022-05-05T00:00:00.000000000Z,2746.63528112215
eth,2022-05-06T00:00:00.000000000Z,2697.48142811221
eth,2022-05-07T00:00:00.000000000Z,2636.53088603156
eth,2022-05-08T00:00:00.000000000Z,2519.63678281707
eth,2022-05-09T00:00:00.000000000Z,2257.95058188194
eth,2022-05-10T00:00:00.000000000Z,2342.92739614261
eth,2022-05-11T00:00:00.000000000Z,2068.27522092344
eth,2022-05-12T00:00:00.000000000Z,1958.4534585038
eth,2022-05-13T00:00:00.000000000Z,2016.05178404442
eth,2022-05-14T00:00:00.000000000Z,2053.09169362946
eth,2022-05-15T00:00:00.000000000Z,2138.96401139684
eth,2022-05-16T00:00:00.000000000Z,2022.61946464056
eth,2022-05-17T00:00:00.000000000Z,2092.88074547048
eth,2022-05-18T00:00:00.000000000Z,1921.00792752776
eth,2022-05-19T00:00:00.000000000Z,2016.37226154296
eth,2022-05-20T00:00:00.000000000Z,1962.03072969024
eth,2022-05-21T00:00:00.000000000Z,1973.77449105786
eth,2022-05-22T00:00:00.000000000Z,2044.56454897721
eth,2022-05-23T00:00:00.000000000Z,1970.62047516072
eth,2022-05-24T00:00:00.000000000Z,1977.80444576271
eth,2022-05-25T00:00:00.000000000Z,1944.32836265342
eth,2022-05-26T00:00:00.000000000Z,1807.68160239626
eth,2022-05-27T00:00:00.000000000Z,1721.27814289889
eth,2022-05-28T00:00:00.000000000Z,1793.65815663355
eth,2022-05-29T00:00:00.000000000Z,1811.05755844535
eth,2022-05-30T00:00:00.000000000Z,1996.49929953244
eth,2022-05-31T00:00:00.000000000Z,1947.31703623612
eth,2022-06-01T00:00:00.000000000Z,1827.6371081239
eth,2022-06-02T00:00:00.000000000Z,1835.3889748685
eth,2021-11-15T00:00:00.000000000Z,4569.40776972531
eth,2021-11-16T00:00:00.000000000Z,4234.13146493279
eth,2021-11-17T00:00:00.000000000Z,4265.59900555231
eth,2021-11-18T00:00:00.000000000Z,3985.67437317358
eth,2021-11-19T00:00:00.000000000Z,4291.28635008767
eth,2021-11-20T00:00:00.000000000Z,4413.14425073057
eth,2021-11-21T00:00:00.000000000Z,4310.08043366452
eth,2021-11-22T00:00:00.000000000Z,4096.77240122735
eth,2021-11-23T00:00:00.000000000Z,4348.15622793688
eth,2021-11-24T00:00:00.000000000Z,4261.96911367621
eth,2021-11-25T00:00:00.000000000Z,4526.04295119813
eth,2021-11-26T00:00:00.000000000Z,4052.00856838106
eth,2021-11-27T00:00:00.000000000Z,4086.92330187025
eth,2021-11-28T00:00:00.000000000Z,4291.07917124489
eth,2021-11-29T00:00:00.000000000Z,4448.40999064874
eth,2021-11-30T00:00:00.000000000Z,4645.05362711864
eth,2021-12-01T00:00:00.000000000Z,4584.53445119813
eth,2021-12-02T00:00:00.000000000Z,4527.54475686733
eth,2021-12-03T00:00:00.000000000Z,4232.93315078901
eth,2021-12-04T00:00:00.000000000Z,4097.76126125073
eth,2021-12-05T00:00:00.000000000Z,4190.58069286967
eth,2021-12-06T00:00:00.000000000Z,4341.94102104033
eth,2021-12-07T00:00:00.000000000Z,4303.76265166569
eth,2021-12-08T00:00:00.000000000Z,4427.31263383986
eth,2021-12-09T00:00:00.000000000Z,4157.28748042081
eth,2021-12-10T00:00:00.000000000Z,3931.61310549386
eth,2021-12-11T00:00:00.000000000Z,4079.58498480421
eth,2021-12-12T00:00:00.000000000Z,4140.98769053185
eth,2021-12-13T00:00:00.000000000Z,3788.08233664524
eth,2021-12-14T00:00:00.000000000Z,3850.76330829924
eth,2021-12-15T00:00:00.000000000Z,4015.64231209819
eth,2021-12-16T00:00:00.000000000Z,3973.45109526593
eth,2021-12-17T00:00:00.000000000Z,3885.43008158971
eth,2021-12-18T00:00:00.000000000Z,3965.87124079486
eth,2021-12-19T00:00:00.000000000Z,3937.56586236119
eth,2021-12-20T00:00:00.000000000Z,3939.67427615429
eth,2021-12-21T00:00:00.000000000Z,4028.99787901812
eth,2021-12-22T00:00:00.000000000Z,3984.71278784337
eth,2021-12-23T00:00:00.000000000Z,4101.84956078317
eth,2021-12-24T00:00:00.000000000Z,4045.16450350672
eth,2021-12-25T00:00:00.000000000Z,4099.92122180012
eth,2021-12-26T00:00:00.000000000Z,4070.35206282876
eth,2021-12-27T00:00:00.000000000Z,4044.38847749854
eth,2021-12-28T00:00:00.000000000Z,3806.11023553477
eth,2021-12-29T00:00:00.000000000Z,3638.66337872589
eth,2021-12-30T00:00:00.000000000Z,3708.0373351841
eth,2021-12-31T00:00:00.000000000Z,3686.9517918761
eth,2022-01-01T00:00:00.000000000Z,3761.05964026885
eth,2022-01-02T00:00:00.000000000Z,3832.36560987726
eth,2022-01-03T00:00:00.000000000Z,3765.44034950322
eth,2022-01-04T00:00:00.000000000Z,3796.64046078317
eth,2022-01-05T00:00:00.000000000Z,3545.75825844535
eth,2022-01-06T00:00:00.000000000Z,3413.23750263004
eth,2022-01-07T00:00:00.000000000Z,3190.12681209819
eth,2022-01-08T00:00:00.000000000Z,3092.88001665693
eth,2022-01-09T00:00:00.000000000Z,3154.84015575687
eth,2022-01-10T00:00:00.000000000Z,3079.86577586207
eth,2022-01-11T00:00:00.000000000Z,3241.95426534191
eth,2022-01-12T00:00:00.000000000Z,3372.8478100526
eth,2022-01-13T00:00:00.000000000Z,3253.07153477499
eth,2022-01-14T00:00:00.000000000Z,3308.71572647575
eth,2022-01-15T00:00:00.000000000Z,3334.44671624781
eth,2022-01-16T00:00:00.000000000Z,3356.33249970777
eth,2022-01-17T00:00:00.000000000Z,3211.12031502046
eth,2022-01-18T00:00:00.000000000Z,3165.79673085915
eth,2022-01-19T00:00:00.000000000Z,3105.41949795441
eth,2022-01-20T00:00:00.000000000Z,3011.87563880772
eth,2022-01-21T00:00:00.000000000Z,2565.0556484512
eth,2022-01-22T00:00:00.000000000Z,2400.82875043834
eth,2022-01-23T00:00:00.000000000Z,2533.49403682057
eth,2022-01-24T00:00:00.000000000Z,2439.12303068381
eth,2022-01-25T00:00:00.000000000Z,2458.38200011689
eth,2022-01-26T00:00:00.000000000Z,2467.10777206312
eth,2022-01-27T00:00:00.000000000Z,2412.6244704851
eth,2022-01-28T00:00:00.000000000Z,2545.54989713618
eth,2022-01-29T00:00:00.000000000Z,2593.19728784337
eth,2022-01-30T00:00:00.000000000Z,2610.55529894798
eth,2022-01-31T00:00:00.000000000Z,2686.26782933957
eth,2022-02-01T00:00:00.000000000Z,2795.5781528346
eth,2022-02-02T00:00:00.000000000Z,2686.64838047925
eth,2022-02-03T00:00:00.000000000Z,2670.65337931034
eth,2022-02-04T00:00:00.000000000Z,2969.93218322618
eth,2022-02-05T00:00:00.000000000Z,3017.60991642314
eth,2022-02-06T00:00:00.000000000Z,3049.37219111631
eth,2022-02-07T00:00:00.000000000Z,3145.37367592051
eth,2022-02-08T00:00:00.000000000Z,3126.63435172414
eth,2022-02-09T00:00:00.000000000Z,3241.72396054939
eth,2022-02-10T00:00:00.000000000Z,3080.56548188194
eth,2022-02-11T00:00:00.000000000Z,2924.08046814728
eth,2022-02-12T00:00:00.000000000Z,2910.83617533606
eth,2022-02-13T00:00:00.000000000Z,2880.69652571596
eth,2022-02-14T00:00:00.000000000Z,2936.29826037405
eth,2022-02-15T00:00:00.000000000Z,3175.2582150789
eth,2022-02-16T00:00:00.000000000Z,3140.52647866745
eth,2022-02-17T00:00:00.000000000Z,2887.98329310345
eth,2022-02-18T00:00:00.000000000Z,2784.71829456458
eth,2022-02-19T00:00:00.000000000Z,2757.59524547049
eth,2022-02-20T00:00:00.000000000Z,2636.38894248977
eth,2022-02-21T00:00:00.000000000Z,2578.87216978375
eth,2022-02-22T00:00:00.000000000Z,2636.22923874927
eth,2021-08-07T00:00:00.000000000Z,3143.38030099357
eth,2021-08-08T00:00:00.000000000Z,3027.3480818235
eth,2021-08-09T00:00:00.000000000Z,3158.26921624781
eth,2021-08-10T00:00:00.000000000Z,3141.72382559907
eth,2021-08-11T00:00:00.000000000Z,3168.56298947984
eth,2021-08-12T00:00:00.000000000Z,3038.06152659264
eth,2021-08-13T00:00:00.000000000Z,3316.4789421391
eth,2021-08-14T00:00:00.000000000Z,3268.96369590883
eth,2021-08-15T00:00:00.000000000Z,3310.72739333723
eth,2021-08-16T00:00:00.000000000Z,3157.77383635301
eth,2021-08-17T00:00:00.000000000Z,3020.57140093513
eth,2021-08-18T00:00:00.000000000Z,3041.32005961426
eth,2021-08-19T00:00:00.000000000Z,3173.97182279369
eth,2021-08-20T00:00:00.000000000Z,3278.21872413793
eth,2021-08-21T00:00:00.000000000Z,3234.70727819988
eth,2021-08-22T00:00:00.000000000Z,3245.89347866745
eth,2021-08-23T00:00:00.000000000Z,3322.63785096435
eth,2021-08-24T00:00:00.000000000Z,3183.60909175921
eth,2021-08-25T00:00:00.000000000Z,3228.70326125073
eth,2021-08-26T00:00:00.000000000Z,3120.59653535944
eth,2021-08-27T00:00:00.000000000Z,3270.01309877265
eth,2021-08-28T00:00:00.000000000Z,3242.67174956166
eth,2021-08-29T00:00:00.000000000Z,3230.91460140269
eth,2021-08-30T00:00:00.000000000Z,3238.36036382233
eth,2021-08-31T00:00:00.000000000Z,3431.94775306838
eth,2021-09-01T00:00:00.000000000Z,3793.82968188194
eth,2021-09-02T00:00:00.000000000Z,3791.89593600234
eth,2021-09-03T00:00:00.000000000Z,3918.58263822326
eth,2021-09-04T00:00:00.000000000Z,3886.23001350088
eth,2021-09-05T00:00:00.000000000Z,3954.61792343659
eth,2021-09-06T00:00:00.000000000Z,3928.83401098773
eth,2021-09-07T00:00:00.000000000Z,3432.84963062537
eth,2021-09-08T00:00:00.000000000Z,3507.77644915254
eth,2021-09-09T00:00:00.000000000Z,3432.86342255991
eth,2021-09-10T00:00:00.000000000Z,3204.17646580947
eth,2021-09-11T00:00:00.000000000Z,3259.20964196376
eth,2021-09-12T00:00:00.000000000Z,3417.71937288136
eth,2021-09-13T00:00:00.000000000Z,3289.54985417884
eth,2021-09-14T00:00:00.000000000Z,3419.67508416131
eth,2021-09-15T00:00:00.000000000Z,3591.05804003507
eth,2021-09-16T00:00:00.000000000Z,3567.72092518995
eth,2021-09-17T00:00:00.000000000Z,3396.52101694915
eth,2021-09-18T00:00:00.000000000Z,3425.02434453536
eth,2021-09-19T00:00:00.000000000Z,3319.99040093513
eth,2021-09-20T00:00:00.000000000Z,2965.36816510812
eth,2021-09-21T00:00:00.000000000Z,2745.84817299825
eth,2021-09-22T00:00:00.000000000Z,3063.72133167738
eth,2021-09-23T00:00:00.000000000Z,3147.4950742256
eth,2021-09-24T00:00:00.000000000Z,2932.5593233197
eth,2021-09-25T00:00:00.000000000Z,2932.4982798948
eth,2021-09-26T00:00:00.000000000Z,3048.59561689071
eth,2021-09-27T00:00:00.000000000Z,2952.49630537697
eth,2021-09-28T00:00:00.000000000Z,2815.59470835769
eth,2021-09-29T00:00:00.000000000Z,2843.27176943308
eth,2021-09-30T00:00:00.000000000Z,3001.52751344243
eth,2021-10-01T00:00:00.000000000Z,3299.44177030976
eth,2021-10-02T00:00:00.000000000Z,3393.85702828755
eth,2021-10-03T00:00:00.000000000Z,3420.43901578025
eth,2021-10-04T00:00:00.000000000Z,3391.62332057276
eth,2021-10-05T00:00:00.000000000Z,3520.41445382817
eth,2021-10-06T00:00:00.000000000Z,3588.43408123904
eth,2021-10-07T00:00:00.000000000Z,3589.30707393337
eth,2021-10-08T00:00:00.000000000Z,3561.09410490941
eth,2021-10-09T00:00:00.000000000Z,3579.87203652835
eth,2021-10-10T00:00:00.000000000Z,3432.00171537113
eth,2021-10-11T00:00:00.000000000Z,3519.56701022794
eth,2021-10-12T00:00:00.000000000Z,3491.26025043834
eth,2021-10-13T00:00:00.000000000Z,3597.56289830509
eth,2021-10-14T00:00:00.000000000Z,3786.54223734658
eth,2021-10-15T00:00:00.000000000Z,3861.71246171829
eth,2021-10-16T00:00:00.000000000Z,3836.76805020456
eth,2021-10-17T00:00:00.000000000Z,3836.39770426651
eth,2021-10-18T00:00:00.000000000Z,3746.06606575102
eth,2021-10-19T00:00:00.000000000Z,3875.04413851549
eth,2021-10-20T00:00:00.000000000Z,4153.38661163063
eth,2021-10-21T00:00:00.000000000Z,4065.16743161894
eth,2021-10-22T00:00:00.000000000Z,3975.54315663355
eth,2021-10-23T00:00:00.000000000Z,4159.57953886616
eth,2021-10-24T00:00:00.000000000Z,4076.59357364115
eth,2021-10-25T00:00:00.000000000Z,4214.41058854471
eth,2021-10-26T00:00:00.000000000Z,4130.63251782583
eth,2021-10-27T00:00:00.000000000Z,3947.62192840444
eth,2021-10-28T00:00:00.000000000Z,4278.7702685564
eth,2021-10-29T00:00:00.000000000Z,4413.18682086499
eth,2021-10-30T00:00:00.000000000Z,4311.34383021625
eth,2021-10-31T00:00:00.000000000Z,4293.96550701344
eth,2021-11-01T00:00:00.000000000Z,4325.78806049094
eth,2021-11-02T00:00:00.000000000Z,4586.37950379895
eth,2021-11-03T00:00:00.000000000Z,4598.85212857978
eth,2021-11-04T00:00:00.000000000Z,4535.60184395091
eth,2021-11-05T00:00:00.000000000Z,4476.89731385155
eth,2021-11-06T00:00:00.000000000Z,4511.6425622443
eth,2021-11-07T00:00:00.000000000Z,4609.29109146698
eth,2021-11-08T00:00:00.000000000Z,4811.1564628872
eth,2021-11-09T00:00:00.000000000Z,4735.69674663939
eth,2021-11-10T00:00:00.000000000Z,4619.95512857978
eth,2021-11-11T00:00:00.000000000Z,4727.74631618936
eth,2021-11-12T00:00:00.000000000Z,4662.76119988311
eth,2021-11-13T00:00:00.000000000Z,4644.9424868498
eth,2021-11-14T00:00:00.000000000Z,4609.51656691993
eth,2021-04-29T00:00:00.000000000Z,2760.50726008182
eth,2021-04-30T00:00:00.000000000Z,2770.29005821157
eth,2021-05-01T00:00:00.000000000Z,2949.31864056107
eth,2021-05-02T00:00:00.000000000Z,2952.47679661017
eth,2021-05-03T00:00:00.000000000Z,3430.64827410871
eth,2021-05-04T00:00:00.000000000Z,3274.89152846289
eth,2021-05-05T00:00:00.000000000Z,3525.92409964933
eth,2021-05-06T00:00:00.000000000Z,3500.54310403273
eth,2021-05-07T00:00:00.000000000Z,3482.63239333723
eth,2021-05-08T00:00:00.000000000Z,3886.76699649328
eth,2021-05-09T00:00:00.000000000Z,3916.08141320865
eth,2021-05-10T00:00:00.000000000Z,3954.28315780245
eth,2021-05-11T00:00:00.000000000Z,4155.77199766219
eth,2021-05-12T00:00:00.000000000Z,3975.50227118644
eth,2021-05-13T00:00:00.000000000Z,3687.15909000585
eth,2021-05-14T00:00:00.000000000Z,4086.70976446523
eth,2021-05-15T00:00:00.000000000Z,3672.60174400935
eth,2021-05-16T00:00:00.000000000Z,3565.84300116891
eth,2021-05-17T00:00:00.000000000Z,3280.03027819988
eth,2021-05-18T00:00:00.000000000Z,3368.23962887201
eth,2021-05-19T00:00:00.000000000Z,2535.73623553478
eth,2021-05-20T00:00:00.000000000Z,2777.92518293396
eth,2021-05-21T00:00:00.000000000Z,2413.98438398597
eth,2021-05-22T00:00:00.000000000Z,2320.84220163647
eth,2021-05-23T00:00:00.000000000Z,2105.59847983635
eth,2021-05-24T00:00:00.000000000Z,2626.16846405611
eth,2021-05-25T00:00:00.000000000Z,2696.5863798948
eth,2021-05-26T00:00:00.000000000Z,2868.71953185272
eth,2021-05-27T00:00:00.000000000Z,2743.10334950321
eth,2021-05-28T00:00:00.000000000Z,2415.30300233781
eth,2021-05-29T00:00:00.000000000Z,2288.85813150205
eth,2021-05-30T00:00:00.000000000Z,2391.71209117475
eth,2021-05-31T00:00:00.000000000Z,2699.21445762712
eth,2021-06-01T00:00:00.000000000Z,2626.20154821742
eth,2021-06-02T00:00:00.000000000Z,2713.1598679135
eth,2021-06-03T00:00:00.000000000Z,2858.60099824664
eth,2021-06-04T00:00:00.000000000Z,2689.27742548217
eth,2021-06-05T00:00:00.000000000Z,2604.97053763881
eth,2021-06-06T00:00:00.000000000Z,2706.09854120397
eth,2021-06-07T00:00:00.000000000Z,2600.15911221508
eth,2021-06-08T00:00:00.000000000Z,2519.05763530099
eth,2021-06-09T00:00:00.000000000Z,2605.63110461718
eth,2021-06-10T00:00:00.000000000Z,2481.38075686733
eth,2021-06-11T00:00:00.000000000Z,2345.03141963764
eth,2021-06-12T00:00:00.000000000Z,2380.84033372297
eth,2021-06-13T00:00:00.000000000Z,2504.64639216832
eth,2021-06-14T00:00:00.000000000Z,2577.04473863238
eth,2021-06-15T00:00:00.000000000Z,2552.74103641146
eth,2021-06-16T00:00:00.000000000Z,2360.99938690824
eth,2021-06-17T00:00:00.000000000Z,2368.38859555815
eth,2021-06-18T00:00:00.000000000Z,2224.57531969608
eth,2021-06-19T00:00:00.000000000Z,2174.75470251315
eth,2021-06-20T00:00:00.000000000Z,2242.66345575687
eth,2021-06-21T00:00:00.000000000Z,1900.39307790766
eth,2021-06-22T00:00:00.000000000Z,1867.62379953244
eth,2021-06-23T00:00:00.000000000Z,1962.11004383402
eth,2021-06-24T00:00:00.000000000Z,1986.66540841613
eth,2021-06-25T00:00:00.000000000Z,1817.84698246639
eth,2021-06-26T00:00:00.000000000Z,1801.97627527762
eth,2021-06-27T00:00:00.000000000Z,1964.52191887785
eth,2021-06-28T00:00:00.000000000Z,2079.27833594389
eth,2021-06-29T00:00:00.000000000Z,2169.99023261251
eth,2021-06-30T00:00:00.000000000Z,2272.2690578609
eth,2021-07-01T00:00:00.000000000Z,2114.55608357686
eth,2021-07-02T00:00:00.000000000Z,2149.99972472238
eth,2021-07-03T00:00:00.000000000Z,2215.90323232028
eth,2021-07-04T00:00:00.000000000Z,2325.91749795441
eth,2021-07-05T00:00:00.000000000Z,2218.63208416131
eth,2021-07-06T00:00:00.000000000Z,2318.10661835184
eth,2021-07-07T00:00:00.000000000Z,2317.0795447107
eth,2021-07-08T00:00:00.000000000Z,2118.9243308007
eth,2021-07-09T00:00:00.000000000Z,2153.77373816482
eth,2021-07-10T00:00:00.000000000Z,2117.0639672706
eth,2021-07-11T00:00:00.000000000Z,2140.19288661601
eth,2021-07-12T00:00:00.000000000Z,2033.03133489188
eth,2021-07-13T00:00:00.000000000Z,1939.6402729398
eth,2021-07-14T00:00:00.000000000Z,1992.4420251315
eth,2021-07-15T00:00:00.000000000Z,1912.8743012858
eth,2021-07-16T00:00:00.000000000Z,1878.1075873758
eth,2021-07-17T00:00:00.000000000Z,1896.9661233197
eth,2021-07-18T00:00:00.000000000Z,1892.68808708358
eth,2021-07-19T00:00:00.000000000Z,1822.20903623612
eth,2021-07-20T00:00:00.000000000Z,1785.33395441262
eth,2021-07-21T00:00:00.000000000Z,1985.49203565167
eth,2021-07-22T00:00:00.000000000Z,2020.92230333139
eth,2021-07-23T00:00:00.000000000Z,2112.71626434833
eth,2021-07-24T00:00:00.000000000Z,2179.33793220339
eth,2021-07-25T00:00:00.000000000Z,2187.44493687902
eth,2021-07-26T00:00:00.000000000Z,2241.15922676797
eth,2021-07-27T00:00:00.000000000Z,2286.22890005845
eth,2021-07-28T00:00:00.000000000Z,2297.03134436002
eth,2021-07-29T00:00:00.000000000Z,2384.45420572764
eth,2021-07-30T00:00:00.000000000Z,2451.30431092928
eth,2021-07-31T00:00:00.000000000Z,2544.37537592051
eth,2021-08-01T00:00:00.000000000Z,2563.73753068381
eth,2021-08-02T00:00:00.000000000Z,2619.04099941555
eth,2021-08-03T00:00:00.000000000Z,2512.91529164231
eth,2021-08-04T00:00:00.000000000Z,2727.93425365284
eth,2021-08-05T00:00:00.000000000Z,2825.53530894214
eth,2021-08-06T00:00:00.000000000Z,2888.0342554062
eth,2021-01-19T00:00:00.000000000Z,1386.08540385739
eth,2021-01-20T00:00:00.000000000Z,1367.82303974284
eth,2021-01-21T00:00:00.000000000Z,1132.69443191116
eth,2021-01-22T00:00:00.000000000Z,1235.37204792519
eth,2021-01-23T00:00:00.000000000Z,1232.76174810053
eth,2021-01-24T00:00:00.000000000Z,1387.23029631794
eth,2021-01-25T00:00:00.000000000Z,1325.60759380479
eth,2021-01-26T00:00:00.000000000Z,1361.84900292227
eth,2021-01-27T00:00:00.000000000Z,1245.93815055523
eth,2021-01-28T00:00:00.000000000Z,1341.7747030976
eth,2021-01-29T00:00:00.000000000Z,1383.40889538282
eth,2021-01-30T00:00:00.000000000Z,1379.86854237288
eth,2021-01-31T00:00:00.000000000Z,1317.346364173
eth,2021-02-01T00:00:00.000000000Z,1369.95499357101
eth,2021-02-02T00:00:00.000000000Z,1524.16825189947
eth,2021-02-03T00:00:00.000000000Z,1659.52005435418
eth,2021-02-04T00:00:00.000000000Z,1608.39752355348
eth,2021-02-05T00:00:00.000000000Z,1720.47846616014
eth,2021-02-06T00:00:00.000000000Z,1683.70779380479
eth,2021-02-07T00:00:00.000000000Z,1616.04266183518
eth,2021-02-08T00:00:00.000000000Z,1743.54479135009
eth,2021-02-09T00:00:00.000000000Z,1770.83282057276
eth,2021-02-10T00:00:00.000000000Z,1748.21180596143
eth,2021-02-11T00:00:00.000000000Z,1785.58308942139
eth,2021-02-12T00:00:00.000000000Z,1846.45420058445
eth,2021-02-13T00:00:00.000000000Z,1819.41280268849
eth,2021-02-14T00:00:00.000000000Z,1811.5666792519
eth,2021-02-15T00:00:00.000000000Z,1787.53062191701
eth,2021-02-16T00:00:00.000000000Z,1780.61989596727
eth,2021-02-17T00:00:00.000000000Z,1845.23994155465
eth,2021-02-18T00:00:00.000000000Z,1932.41152659264
eth,2021-02-19T00:00:00.000000000Z,1961.02429018118
eth,2021-02-20T00:00:00.000000000Z,1912.80253489188
eth,2021-02-21T00:00:00.000000000Z,1933.88384745763
eth,2021-02-22T00:00:00.000000000Z,1771.20859848042
eth,2021-02-23T00:00:00.000000000Z,1563.04562419638
eth,2021-02-24T00:00:00.000000000Z,1616.56383693746
eth,2021-02-25T00:00:00.000000000Z,1491.46385715956
eth,2021-02-26T00:00:00.000000000Z,1442.30312273524
eth,2021-02-27T00:00:00.000000000Z,1454.03216890707
eth,2021-02-28T00:00:00.000000000Z,1425.38586674459
eth,2021-03-01T00:00:00.000000000Z,1563.23598036236
eth,2021-03-02T00:00:00.000000000Z,1489.87889421391
eth,2021-03-03T00:00:00.000000000Z,1584.06700526008
eth,2021-03-04T00:00:00.000000000Z,1538.02277644652
eth,2021-03-05T00:00:00.000000000Z,1530.84029181765
eth,2021-03-06T00:00:00.000000000Z,1659.83834599649
eth,2021-03-07T00:00:00.000000000Z,1719.16063705435
eth,2021-03-08T00:00:00.000000000Z,1826.12504734074
eth,2021-03-09T00:00:00.000000000Z,1862.02863687902
eth,2021-03-10T00:00:00.000000000Z,1803.4244905903
eth,2021-03-11T00:00:00.000000000Z,1827.71346113384
eth,2021-03-12T00:00:00.000000000Z,1768.50364453536
eth,2021-03-13T00:00:00.000000000Z,1927.20756627703
eth,2021-03-14T00:00:00.000000000Z,1874.14906195208
eth,2021-03-15T00:00:00.000000000Z,1796.90510976037
eth,2021-03-16T00:00:00.000000000Z,1796.95172822911
eth,2021-03-17T00:00:00.000000000Z,1818.86739976622
eth,2021-03-18T00:00:00.000000000Z,1781.64520666277
eth,2021-03-19T00:00:00.000000000Z,1810.37383459965
eth,2021-03-20T00:00:00.000000000Z,1812.74496884863
eth,2021-03-21T00:00:00.000000000Z,1784.72563880771
eth,2021-03-22T00:00:00.000000000Z,1689.11376779661
eth,2021-03-23T00:00:00.000000000Z,1671.75213500877
eth,2021-03-24T00:00:00.000000000Z,1586.88241320865
eth,2021-03-25T00:00:00.000000000Z,1588.93212396259
eth,2021-03-26T00:00:00.000000000Z,1695.66907773232
eth,2021-03-27T00:00:00.000000000Z,1718.1190917592
eth,2021-03-28T00:00:00.000000000Z,1685.16250900058
eth,2021-03-29T00:00:00.000000000Z,1811.1432226768
eth,2021-03-30T00:00:00.000000000Z,1840.87399678551
eth,2021-03-31T00:00:00.000000000Z,1916.88001928697
eth,2021-04-01T00:00:00.000000000Z,1971.24078258329
eth,2021-04-02T00:00:00.000000000Z,2134.06883985973
eth,2021-04-03T00:00:00.000000000Z,2025.14887843366
eth,2021-04-04T00:00:00.000000000Z,2077.39558153127
eth,2021-04-05T00:00:00.000000000Z,2099.52728872005
eth,2021-04-06T00:00:00.000000000Z,2116.90126201052
eth,2021-04-07T00:00:00.000000000Z,1985.39789129164
eth,2021-04-08T00:00:00.000000000Z,2078.55003594389
eth,2021-04-09T00:00:00.000000000Z,2066.05360420807
eth,2021-04-10T00:00:00.000000000Z,2130.18779029807
eth,2021-04-11T00:00:00.000000000Z,2144.37211630625
eth,2021-04-12T00:00:00.000000000Z,2142.82890011689
eth,2021-04-13T00:00:00.000000000Z,2297.89169135009
eth,2021-04-14T00:00:00.000000000Z,2430.29892869667
eth,2021-04-15T00:00:00.000000000Z,2519.58225540619
eth,2021-04-16T00:00:00.000000000Z,2428.35284687317
eth,2021-04-17T00:00:00.000000000Z,2342.16061426067
eth,2021-04-18T00:00:00.000000000Z,2243.48254529515
eth,2021-04-19T00:00:00.000000000Z,2168.6250818235
eth,2021-04-20T00:00:00.000000000Z,2328.50510870836
eth,2021-04-21T00:00:00.000000000Z,2363.99523424898
eth,2021-04-22T00:00:00.000000000Z,2419.70522676797
eth,2021-04-23T00:00:00.000000000Z,2357.12506639392
eth,2021-04-24T00:00:00.000000000Z,2236.58652717709
eth,2021-04-25T00:00:00.000000000Z,2300.55654880187
eth,2021-04-26T00:00:00.000000000Z,2526.05887901812
eth,2021-04-27T00:00:00.000000000Z,2646.34933898305
eth,2021-04-28T00:00:00.000000000Z,2740.23064289889
eth,2020-10-11T00:00:00.000000000Z,374.145406195207
eth,2020-10-12T00:00:00.000000000Z,387.670968731736
eth,2020-10-13T00:00:00.000000000Z,381.544274576271
eth,2020-10-14T00:00:00.000000000Z,378.828993045003
eth,2020-10-15T00:00:00.000000000Z,377.502910286382
eth,2020-10-16T00:00:00.000000000Z,366.299949853887
eth,2020-10-17T00:00:00.000000000Z,368.318269374635
eth,2020-10-18T00:00:00.000000000Z,377.921652425482
eth,2020-10-19T00:00:00.000000000Z,379.463028462887
eth,2020-10-20T00:00:00.000000000Z,368.843862653419
eth,2020-10-21T00:00:00.000000000Z,392.473164231444
eth,2020-10-22T00:00:00.000000000Z,414.43640578609
eth,2020-10-23T00:00:00.000000000Z,409.339998597312
eth,2020-10-24T00:00:00.000000000Z,412.26885710111
eth,2020-10-25T00:00:00.000000000Z,406.742800642899
eth,2020-10-26T00:00:00.000000000Z,394.010756575102
eth,2020-10-27T00:00:00.000000000Z,404.045446814728
eth,2020-10-28T00:00:00.000000000Z,388.90336364699
eth,2020-10-29T00:00:00.000000000Z,386.788421098773
eth,2020-10-30T00:00:00.000000000Z,383.596369959088
eth,2020-10-31T00:00:00.000000000Z,386.585236119229
eth,2020-11-01T00:00:00.000000000Z,395.57778264173
eth,2020-11-02T00:00:00.000000000Z,383.848317066043
eth,2020-11-03T00:00:00.000000000Z,388.54819970777316
eth,2020-11-04T00:00:00.000000000Z,401.79561385154875
eth,2020-11-05T00:00:00.000000000Z,416.99735464640565
eth,2020-11-06T00:00:00.000000000Z,456.4478808883693
eth,2020-11-07T00:00:00.000000000Z,436.77211285797785
eth,2020-11-08T00:00:00.000000000Z,455.37572986557575
eth,2020-11-09T00:00:00.000000000Z,444.5479997077731
eth,2020-11-10T00:00:00.000000000Z,451.5016406195208
eth,2020-11-11T00:00:00.000000000Z,464.2159424897722
eth,2020-11-12T00:00:00.000000000Z,462.86649982466395
eth,2020-11-13T00:00:00.000000000Z,476.57134097019286
eth,2020-11-14T00:00:00.000000000Z,462.5514587960258
eth,2020-11-15T00:00:00.000000000Z,449.3456436002338
eth,2020-11-16T00:00:00.000000000Z,462.2547316189363
eth,2020-11-17T00:00:00.000000000Z,482.69500502630035
eth,2020-11-18T00:00:00.000000000Z,479.4918066627703
eth,2020-11-19T00:00:00.000000000Z,471.1500233781415
eth,2020-11-20T00:00:00.000000000Z,509.56297720631215
eth,2020-11-21T00:00:00.000000000Z,547.3534804208066
eth,2020-11-22T00:00:00.000000000Z,565.1310609000584
eth,2020-11-23T00:00:00.000000000Z,607.2141186440678
eth,2020-11-24T00:00:00.000000000Z,604.573530742256
eth,2020-11-25T00:00:00.000000000Z,568.2473562828757
eth,2020-11-26T00:00:00.000000000Z,518.3973562244302
eth,2020-11-27T00:00:00.000000000Z,517.041817182934
eth,2020-11-28T00:00:00.000000000Z,540.829210052601
eth,2020-11-29T00:00:00.000000000Z,574.8735552308593
eth,2020-11-30T00:00:00.000000000Z,613.469492402104
eth,2020-12-01T00:00:00.000000000Z,588.2515552308593
eth,2020-12-02T00:00:00.000000000Z,598.9264098188193
eth,2020-12-03T00:00:00.000000000Z,617.5542700175337
eth,2020-12-04T00:00:00.000000000Z,572.1771762711863
eth,2020-12-05T00:00:00.000000000Z,594.9156954997078
eth,2020-12-06T00:00:00.000000000Z,602.2467767387493
eth,2020-12-07T00:00:00.000000000Z,591.8200952659263
eth,2020-12-08T00:00:00.000000000Z,554.318545295149
eth,2020-12-09T00:00:00.000000000Z,574.2140723553478
eth,2020-12-10T00:00:00.000000000Z,560.4503168907073
eth,2020-12-11T00:00:00.000000000Z,545.483657510228
eth,2020-12-12T00:00:00.000000000Z,568.545423261251
eth,2020-12-13T00:00:00.000000000Z,590.522730625365
eth,2020-12-14T00:00:00.000000000Z,586.470181297487
eth,2020-12-15T00:00:00.000000000Z,589.000816832262
eth,2020-12-16T00:00:00.000000000Z,636.205011104617
eth,2020-12-17T00:00:00.000000000Z,642.788150204559
eth,2020-12-18T00:00:00.000000000Z,652.01013056692
eth,2020-12-19T00:00:00.000000000Z,659.714045002922
eth,2020-12-20T00:00:00.000000000Z,638.561923436587
eth,2020-12-21T00:00:00.000000000Z,612.546497369959
eth,2020-12-22T00:00:00.000000000Z,634.17585622443
eth,2020-12-23T00:00:00.000000000Z,588.508848042081
eth,2020-12-24T00:00:00.000000000Z,611.893571595558
eth,2020-12-25T00:00:00.000000000Z,625.840292518995
eth,2020-12-26T00:00:00.000000000Z,635.806854120397
eth,2020-12-27T00:00:00.000000000Z,688.480685447107
eth,2020-12-28T00:00:00.000000000Z,730.518296902396
eth,2020-12-29T00:00:00.000000000Z,731.936295733489
eth,2020-12-30T00:00:00.000000000Z,751.208063705435
eth,2020-12-31T00:00:00.000000000Z,739.025849853887
eth,2021-01-01T00:00:00.000000000Z,730.91432063121
eth,2021-01-02T00:00:00.000000000Z,775.296622443016
eth,2021-01-03T00:00:00.000000000Z,990.365324956166
eth,2021-01-04T00:00:00.000000000Z,1030.31844886032
eth,2021-01-05T00:00:00.000000000Z,1101.55981414378
eth,2021-01-06T00:00:00.000000000Z,1199.35239976622
eth,2021-01-07T00:00:00.000000000Z,1220.21421332554
eth,2021-01-08T00:00:00.000000000Z,1219.88072121566
eth,2021-01-09T00:00:00.000000000Z,1286.97022314436
eth,2021-01-10T00:00:00.000000000Z,1265.43626750438
eth,2021-01-11T00:00:00.000000000Z,1082.905685564
eth,2021-01-12T00:00:00.000000000Z,1038.8394176505
eth,2021-01-13T00:00:00.000000000Z,1127.92676271186
eth,2021-01-14T00:00:00.000000000Z,1212.61922150789
eth,2021-01-15T00:00:00.000000000Z,1167.64685096435
eth,2021-01-16T00:00:00.000000000Z,1231.50994839275
eth,2021-01-17T00:00:00.000000000Z,1242.04924137931
eth,2021-01-18T00:00:00.000000000Z,1252.15644476914
eth,2020-07-03T00:00:00.000000000Z,225.098854763296
eth,2020-07-04T00:00:00.000000000Z,228.866272063121
eth,2020-07-05T00:00:00.000000000Z,227.667268264173
eth,2020-07-06T00:00:00.000000000Z,241.179081239042
eth,2020-07-07T00:00:00.000000000Z,239.013429573349
eth,2020-07-08T00:00:00.000000000Z,246.8441157218
eth,2020-07-09T00:00:00.000000000Z,241.651818585622
eth,2020-07-10T00:00:00.000000000Z,241.033700116891
eth,2020-07-11T00:00:00.000000000Z,239.307040619521
eth,2020-07-12T00:00:00.000000000Z,241.309591174752
eth,2020-07-13T00:00:00.000000000Z,239.326373816482
eth,2020-07-14T00:00:00.000000000Z,240.638817942724
eth,2020-07-15T00:00:00.000000000Z,238.38143962595
eth,2020-07-16T00:00:00.000000000Z,233.549674108708
eth,2020-07-17T00:00:00.000000000Z,232.845427235535
eth,2020-07-18T00:00:00.000000000Z,235.909914962011
eth,2020-07-19T00:00:00.000000000Z,239.358145821157
eth,2020-07-20T00:00:00.000000000Z,236.361256282876
eth,2020-07-21T00:00:00.000000000Z,245.250595441262
eth,2020-07-22T00:00:00.000000000Z,264.199169491525
eth,2020-07-23T00:00:00.000000000Z,275.223812536528
eth,2020-07-24T00:00:00.000000000Z,279.907534424313
eth,2020-07-25T00:00:00.000000000Z,305.402152542373
eth,2020-07-26T00:00:00.000000000Z,311.039973524255
eth,2020-07-27T00:00:00.000000000Z,323.233886908241
eth,2020-07-28T00:00:00.000000000Z,318.015537200468
eth,2020-07-29T00:00:00.000000000Z,318.025945938048
eth,2020-07-30T00:00:00.000000000Z,335.964082875511
eth,2020-07-31T00:00:00.000000000Z,346.179992285213
eth,2020-08-01T00:00:00.000000000Z,387.185885447107
eth,2020-08-02T00:00:00.000000000Z,372.180671654004
eth,2020-08-03T00:00:00.000000000Z,385.487812390415
eth,2020-08-04T00:00:00.000000000Z,390.662864699006
eth,2020-08-05T00:00:00.000000000Z,400.601196084161
eth,2020-08-06T00:00:00.000000000Z,393.995932495617
eth,2020-08-07T00:00:00.000000000Z,380.330053886616
eth,2020-08-08T00:00:00.000000000Z,392.360176504968
eth,2020-08-09T00:00:00.000000000Z,389.183157393337
eth,2020-08-10T00:00:00.000000000Z,395.407852425482
eth,2020-08-11T00:00:00.000000000Z,379.111338983051
eth,2020-08-12T00:00:00.000000000Z,387.208174751607
eth,2020-08-13T00:00:00.000000000Z,424.799460081823
eth,2020-08-14T00:00:00.000000000Z,438.076865575687
eth,2020-08-15T00:00:00.000000000Z,432.609198421976
eth,2020-08-16T00:00:00.000000000Z,432.939172822911
eth,2020-08-17T00:00:00.000000000Z,432.841464172998
eth,2020-08-18T00:00:00.000000000Z,423.346332086499
eth,2020-08-19T00:00:00.000000000Z,406.879427819988
eth,2020-08-20T00:00:00.000000000Z,416.25978755114
eth,2020-08-21T00:00:00.000000000Z,387.2406050263
eth,2020-08-22T00:00:00.000000000Z,395.912521332554
eth,2020-08-23T00:00:00.000000000Z,391.947607364115
eth,2020-08-24T00:00:00.000000000Z,408.792199473992
eth,2020-08-25T00:00:00.000000000Z,383.604969725307
eth,2020-08-26T00:00:00.000000000Z,386.34381735827
eth,2020-08-27T00:00:00.000000000Z,382.349150496785
eth,2020-08-28T00:00:00.000000000Z,395.03972980713
eth,2020-08-29T00:00:00.000000000Z,400.368165575687
eth,2020-08-30T00:00:00.000000000Z,428.196437931035
eth,2020-08-31T00:00:00.000000000Z,436.09076943308
eth,2020-09-01T00:00:00.000000000Z,480.749175862069
eth,2020-09-02T00:00:00.000000000Z,441.214134132087
eth,2020-09-03T00:00:00.000000000Z,383.542584979544
eth,2020-09-04T00:00:00.000000000Z,386.66907597896
eth,2020-09-05T00:00:00.000000000Z,331.420088544711
eth,2020-09-06T00:00:00.000000000Z,353.227129573349
eth,2020-09-07T00:00:00.000000000Z,352.806469023963
eth,2020-09-08T00:00:00.000000000Z,336.716558094682
eth,2020-09-09T00:00:00.000000000Z,352.053948568089
eth,2020-09-10T00:00:00.000000000Z,367.380867621274
eth,2020-09-11T00:00:00.000000000Z,373.966615780245
eth,2020-09-12T00:00:00.000000000Z,386.216055055523
eth,2020-09-13T00:00:00.000000000Z,365.641607831677
eth,2020-09-14T00:00:00.000000000Z,375.801003682057
eth,2020-09-15T00:00:00.000000000Z,363.936595733489
eth,2020-09-16T00:00:00.000000000Z,365.322076212741
eth,2020-09-17T00:00:00.000000000Z,389.446111046172
eth,2020-09-18T00:00:00.000000000Z,382.261676271186
eth,2020-09-19T00:00:00.000000000Z,385.246569666861
eth,2020-09-20T00:00:00.000000000Z,371.207025715956
eth,2020-09-21T00:00:00.000000000Z,342.456390473407
eth,2020-09-22T00:00:00.000000000Z,343.503662536528
eth,2020-09-23T00:00:00.000000000Z,320.588590882525
eth,2020-09-24T00:00:00.000000000Z,349.144016014027
eth,2020-09-25T00:00:00.000000000Z,351.713962361192
eth,2020-09-26T00:00:00.000000000Z,354.601045762712
eth,2020-09-27T00:00:00.000000000Z,356.121992752776
eth,2020-09-28T00:00:00.000000000Z,355.45993395675
eth,2020-09-29T00:00:00.000000000Z,359.701439801286
eth,2020-09-30T00:00:00.000000000Z,359.976752483928
eth,2020-10-01T00:00:00.000000000Z,352.360856049094
eth,2020-10-02T00:00:00.000000000Z,345.801279485681
eth,2020-10-03T00:00:00.000000000Z,346.652968907072
eth,2020-10-04T00:00:00.000000000Z,352.339400233781
eth,2020-10-05T00:00:00.000000000Z,353.191780187025
eth,2020-10-06T00:00:00.000000000Z,340.10351987142
eth,2020-10-07T00:00:00.000000000Z,341.159963997662
eth,2020-10-08T00:00:00.000000000Z,350.527496376388
eth,2020-10-09T00:00:00.000000000Z,366.247890999416
eth,2020-10-10T00:00:00.000000000Z,371.282805143191
eth,2020-03-25T00:00:00.000000000Z,136.095511981297
eth,2020-03-26T00:00:00.000000000Z,138.608215488019
eth,2020-03-27T00:00:00.000000000Z,133.681614728229
eth,2020-03-28T00:00:00.000000000Z,131.027766510812
eth,2020-03-29T00:00:00.000000000Z,125.178745470485
eth,2020-03-30T00:00:00.000000000Z,132.902320514319
eth,2020-03-31T00:00:00.000000000Z,133.508133372297
eth,2020-04-01T00:00:00.000000000Z,135.85480654588
eth,2020-04-02T00:00:00.000000000Z,141.151746639392
eth,2020-04-03T00:00:00.000000000Z,141.727211279953
eth,2020-04-04T00:00:00.000000000Z,144.336282700175
eth,2020-04-05T00:00:00.000000000Z,142.972632963179
eth,2020-04-06T00:00:00.000000000Z,169.609724313267
eth,2020-04-07T00:00:00.000000000Z,164.21725949737
eth,2020-04-08T00:00:00.000000000Z,173.294784336645
eth,2020-04-09T00:00:00.000000000Z,170.28360490941
eth,2020-04-10T00:00:00.000000000Z,157.550598188194
eth,2020-04-11T00:00:00.000000000Z,158.431649327878
eth,2020-04-12T00:00:00.000000000Z,160.649303331385
eth,2020-04-13T00:00:00.000000000Z,157.198628579778
eth,2020-04-14T00:00:00.000000000Z,159.006158445354
eth,2020-04-15T00:00:00.000000000Z,152.951140736411
eth,2020-04-16T00:00:00.000000000Z,172.970440327294
eth,2020-04-17T00:00:00.000000000Z,172.23222063121
eth,2020-04-18T00:00:00.000000000Z,188.109414903565
eth,2020-04-19T00:00:00.000000000Z,181.230814377557
eth,2020-04-20T00:00:00.000000000Z,171.013763296318
eth,2020-04-21T00:00:00.000000000Z,171.489232904734
eth,2020-04-22T00:00:00.000000000Z,182.581804178843
eth,2020-04-23T00:00:00.000000000Z,185.6463264173
eth,2020-04-24T00:00:00.000000000Z,187.621841320865
eth,2020-04-25T00:00:00.000000000Z,193.785201928697
eth,2020-04-26T00:00:00.000000000Z,197.062440268849
eth,2020-04-27T00:00:00.000000000Z,196.565708679135
eth,2020-04-28T00:00:00.000000000Z,197.466412565751
eth,2020-04-29T00:00:00.000000000Z,215.38395207481
eth,2020-04-30T00:00:00.000000000Z,206.88486528346
eth,2020-05-01T00:00:00.000000000Z,212.713617767387
eth,2020-05-02T00:00:00.000000000Z,214.133870601987
eth,2020-05-03T00:00:00.000000000Z,210.090575306838
eth,2020-05-04T00:00:00.000000000Z,206.961926592636
eth,2020-05-05T00:00:00.000000000Z,204.885417007598
eth,2020-05-06T00:00:00.000000000Z,202.736075569842
eth,2020-05-07T00:00:00.000000000Z,212.990972822911
eth,2020-05-08T00:00:00.000000000Z,212.413128872005
eth,2020-05-09T00:00:00.000000000Z,210.774871127995
eth,2020-05-10T00:00:00.000000000Z,187.542486849795
eth,2020-05-11T00:00:00.000000000Z,185.715372296902
eth,2020-05-12T00:00:00.000000000Z,189.818459438925
eth,2020-05-13T00:00:00.000000000Z,199.938022559907
eth,2020-05-14T00:00:00.000000000Z,203.532877030976
eth,2020-05-15T00:00:00.000000000Z,195.121980303916
eth,2020-05-16T00:00:00.000000000Z,200.819766218586
eth,2020-05-17T00:00:00.000000000Z,207.07257685564
eth,2020-05-18T00:00:00.000000000Z,214.748162478083
eth,2020-05-19T00:00:00.000000000Z,213.820466744594
eth,2020-05-20T00:00:00.000000000Z,209.804793103448
eth,2020-05-21T00:00:00.000000000Z,198.91755698422
eth,2020-05-22T00:00:00.000000000Z,207.063677673875
eth,2020-05-23T00:00:00.000000000Z,206.906197253068
eth,2020-05-24T00:00:00.000000000Z,202.376306370544
eth,2020-05-25T00:00:00.000000000Z,204.292245002922
eth,2020-05-26T00:00:00.000000000Z,200.86048918761
eth,2020-05-27T00:00:00.000000000Z,207.498003798948
eth,2020-05-28T00:00:00.000000000Z,219.378571011105
eth,2020-05-29T00:00:00.000000000Z,220.784826300409
eth,2020-05-30T00:00:00.000000000Z,243.572401285798
eth,2020-05-31T00:00:00.000000000Z,231.444047457627
eth,2020-06-01T00:00:00.000000000Z,249.07495295149
eth,2020-06-02T00:00:00.000000000Z,237.179632554062
eth,2020-06-03T00:00:00.000000000Z,243.934139450614
eth,2020-06-04T00:00:00.000000000Z,243.647765984804
eth,2020-06-05T00:00:00.000000000Z,240.312976037405
eth,2020-06-06T00:00:00.000000000Z,242.019700292227
eth,2020-06-07T00:00:00.000000000Z,244.384643483343
eth,2020-06-08T00:00:00.000000000Z,245.968303565167
eth,2020-06-09T00:00:00.000000000Z,244.326140970193
eth,2020-06-10T00:00:00.000000000Z,247.704879544126
eth,2020-06-11T00:00:00.000000000Z,230.904400935126
eth,2020-06-12T00:00:00.000000000Z,237.162442723554
eth,2020-06-13T00:00:00.000000000Z,238.090407890123
eth,2020-06-14T00:00:00.000000000Z,232.137277089421
eth,2020-06-15T00:00:00.000000000Z,231.19783974284
eth,2020-06-16T00:00:00.000000000Z,235.136621215663
eth,2020-06-17T00:00:00.000000000Z,233.687851022794
eth,2020-06-18T00:00:00.000000000Z,231.331098889538
eth,2020-06-19T00:00:00.000000000Z,228.77822402104
eth,2020-06-20T00:00:00.000000000Z,228.919830800701
eth,2020-06-21T00:00:00.000000000Z,227.579033606078
eth,2020-06-22T00:00:00.000000000Z,243.220758153127
eth,2020-06-23T00:00:00.000000000Z,242.92121899474
eth,2020-06-24T00:00:00.000000000Z,234.823753360608
eth,2020-06-25T00:00:00.000000000Z,232.421420689655
eth,2020-06-26T00:00:00.000000000Z,229.694167387493
eth,2020-06-27T00:00:00.000000000Z,220.699442022209
eth,2020-06-28T00:00:00.000000000Z,224.443460666277
eth,2020-06-29T00:00:00.000000000Z,228.02034137931
eth,2020-06-30T00:00:00.000000000Z,225.722754821742
eth,2020-07-01T00:00:00.000000000Z,231.145918468732
eth,2020-07-02T00:00:00.000000000Z,226.701505376973
eth,2020-01-01T00:00:00.000000000Z,129.963875336061
eth,2020-01-02T00:00:00.000000000Z,126.730876972531
eth,2020-01-03T00:00:00.000000000Z,133.800767095266
eth,2020-01-04T00:00:00.000000000Z,134.050349210988
eth,2020-01-05T00:00:00.000000000Z,134.982177089421
eth,2020-01-06T00:00:00.000000000Z,143.988824079486
eth,2020-01-07T00:00:00.000000000Z,143.248955698422
eth,2020-01-08T00:00:00.000000000Z,140.872484044418
eth,2020-01-09T00:00:00.000000000Z,137.473664114553
eth,2020-01-10T00:00:00.000000000Z,143.789400935126
eth,2020-01-11T00:00:00.000000000Z,142.846074284044
eth,2020-01-12T00:00:00.000000000Z,145.447126008182
eth,2020-01-13T00:00:00.000000000Z,143.910222209234
eth,2020-01-14T00:00:00.000000000Z,166.047976914085
eth,2020-01-15T00:00:00.000000000Z,165.85377936879
eth,2020-01-16T00:00:00.000000000Z,164.052933255406
eth,2020-01-17T00:00:00.000000000Z,171.034402337814
eth,2020-01-18T00:00:00.000000000Z,175.074978375219
eth,2020-01-19T00:00:00.000000000Z,166.791822443016
eth,2020-01-20T00:00:00.000000000Z,166.927411046172
eth,2020-01-21T00:00:00.000000000Z,169.171668731736
eth,2020-01-22T00:00:00.000000000Z,167.545226271186
eth,2020-01-23T00:00:00.000000000Z,162.156525599065
eth,2020-01-24T00:00:00.000000000Z,162.247590707189
eth,2020-01-25T00:00:00.000000000Z,160.521455172414
eth,2020-01-26T00:00:00.000000000Z,167.159112974868
eth,2020-01-27T00:00:00.000000000Z,169.934313676213
eth,2020-01-28T00:00:00.000000000Z,175.276188486265
eth,2020-01-29T00:00:00.000000000Z,174.676776680304
eth,2020-01-30T00:00:00.000000000Z,184.256748977206
eth,2020-01-31T00:00:00.000000000Z,180.163670368206
eth,2020-02-01T00:00:00.000000000Z,183.562507656341
eth,2020-02-02T00:00:00.000000000Z,188.398108533022
eth,2020-02-03T00:00:00.000000000Z,189.341644067797
eth,2020-02-04T00:00:00.000000000Z,188.276665984804
eth,2020-02-05T00:00:00.000000000Z,205.125087901812
eth,2020-02-06T00:00:00.000000000Z,212.849642723553
eth,2020-02-07T00:00:00.000000000Z,222.863079719462
eth,2020-02-08T00:00:00.000000000Z,223.973379602572
eth,2020-02-09T00:00:00.000000000Z,228.467053126826
eth,2020-02-10T00:00:00.000000000Z,224.139831618936
eth,2020-02-11T00:00:00.000000000Z,237.649539333723
eth,2020-02-12T00:00:00.000000000Z,266.649455289304
eth,2020-02-13T00:00:00.000000000Z,267.940001870251
eth,2020-02-14T00:00:00.000000000Z,284.830649094097
eth,2020-02-15T00:00:00.000000000Z,265.033846464056
eth,2020-02-16T00:00:00.000000000Z,261.128690531853
eth,2020-02-17T00:00:00.000000000Z,266.608233372297
eth,2020-02-18T00:00:00.000000000Z,283.564988310929
eth,2020-02-19T00:00:00.000000000Z,261.077341028638
eth,2020-02-20T00:00:00.000000000Z,258.631871011105
eth,2020-02-21T00:00:00.000000000Z,265.90940414962
eth,2020-02-22T00:00:00.000000000Z,261.763375803624
eth,2020-02-23T00:00:00.000000000Z,274.979647574518
eth,2020-02-24T00:00:00.000000000Z,264.367167504383
eth,2020-02-25T00:00:00.000000000Z,248.53713220339
eth,2020-02-26T00:00:00.000000000Z,225.706557159556
eth,2020-02-27T00:00:00.000000000Z,226.398922033898
eth,2020-02-28T00:00:00.000000000Z,228.673918468732
eth,2020-02-29T00:00:00.000000000Z,220.10229421391
eth,2020-03-01T00:00:00.000000000Z,218.6236685564
eth,2020-03-02T00:00:00.000000000Z,231.194931618936
eth,2020-03-03T00:00:00.000000000Z,224.283570017534
eth,2020-03-04T00:00:00.000000000Z,224.156026826417
eth,2020-03-05T00:00:00.000000000Z,227.813605844535
eth,2020-03-06T00:00:00.000000000Z,244.330236002338
eth,2020-03-07T00:00:00.000000000Z,238.059852600818
eth,2020-03-08T00:00:00.000000000Z,202.765954997078
eth,2020-03-09T00:00:00.000000000Z,200.151101052016
eth,2020-03-10T00:00:00.000000000Z,200.851090531853
eth,2020-03-11T00:00:00.000000000Z,194.236009351257
eth,2020-03-12T00:00:00.000000000Z,110.32820163647
eth,2020-03-13T00:00:00.000000000Z,134.759985680888
eth,2020-03-14T00:00:00.000000000Z,122.078151256575
eth,2020-03-15T00:00:00.000000000Z,123.754734073641
eth,2020-03-16T00:00:00.000000000Z,110.34905873758
eth,2020-03-17T00:00:00.000000000Z,117.783463763881
eth,2020-03-18T00:00:00.000000000Z,117.683343658679
eth,2020-03-19T00:00:00.000000000Z,137.357502980713
eth,2020-03-20T00:00:00.000000000Z,131.532323261251
eth,2020-03-21T00:00:00.000000000Z,132.511633430742
eth,2020-03-22T00:00:00.000000000Z,122.442055523086
eth,2020-03-23T00:00:00.000000000Z,135.589770601987
eth,2020-03-24T00:00:00.000000000Z,139.414792226768
