asset,time,TxTfrCnt
usdc,2020-01-01T00:00:00.000000000Z,2280
usdc,2020-01-02T00:00:00.000000000Z,3221
usdc,2020-01-03T00:00:00.000000000Z,4142
usdc,2020-01-04T00:00:00.000000000Z,2646
usdc,2020-01-05T00:00:00.000000000Z,3119
usdc,2020-01-06T00:00:00.000000000Z,4537
usdc,2020-01-07T00:00:00.000000000Z,5316
usdc,2020-01-08T00:00:00.000000000Z,6108
usdc,2020-01-09T00:00:00.000000000Z,4980
usdc,2020-01-10T00:00:00.000000000Z,4556
usdc,2020-01-11T00:00:00.000000000Z,3832
usdc,2020-01-12T00:00:00.000000000Z,2799
usdc,2020-01-13T00:00:00.000000000Z,3921
usdc,2020-01-14T00:00:00.000000000Z,7817
usdc,2020-01-15T00:00:00.000000000Z,7436
usdc,2020-01-16T00:00:00.000000000Z,6180
usdc,2020-01-17T00:00:00.000000000Z,7460
usdc,2020-01-18T00:00:00.000000000Z,4918
usdc,2020-01-19T00:00:00.000000000Z,5264
usdc,2020-01-20T00:00:00.000000000Z,3839
usdc,2020-01-21T00:00:00.000000000Z,4554
usdc,2020-01-22T00:00:00.000000000Z,4478
usdc,2020-01-23T00:00:00.000000000Z,5489
usdc,2020-01-24T00:00:00.000000000Z,4847
usdc,2020-01-25T00:00:00.000000000Z,3350
usdc,2020-01-26T00:00:00.000000000Z,3453
usdc,2020-01-27T00:00:00.000000000Z,5748
usdc,2020-01-28T00:00:00.000000000Z,5704
usdc,2020-01-29T00:00:00.000000000Z,5710
usdc,2020-01-30T00:00:00.000000000Z,6852
usdc,2020-01-31T00:00:00.000000000Z,5545
usdc,2020-02-01T00:00:00.000000000Z,5724
usdc,2020-02-02T00:00:00.000000000Z,4552
usdc,2020-02-03T00:00:00.000000000Z,5489
usdc,2020-02-04T00:00:00.000000000Z,6609
usdc,2020-02-05T00:00:00.000000000Z,7509
usdc,2020-02-06T00:00:00.000000000Z,7453
usdc,2020-02-07T00:00:00.000000000Z,7168
usdc,2020-02-08T00:00:00.000000000Z,6396
usdc,2020-02-09T00:00:00.000000000Z,6036
usdc,2020-02-10T00:00:00.000000000Z,7125
usdc,2020-02-11T00:00:00.000000000Z,7998
usdc,2020-02-12T00:00:00.000000000Z,12008
usdc,2020-02-13T00:00:00.000000000Z,8941
usdc,2020-02-14T00:00:00.000000000Z,8600
usdc,2020-02-15T00:00:00.000000000Z,7550
usdc,2020-02-16T00:00:00.000000000Z,7532
usdc,2020-02-17T00:00:00.000000000Z,7772
usdc,2020-02-18T00:00:00.000000000Z,8022
usdc,2020-02-19T00:00:00.000000000Z,7569
usdc,2020-02-20T00:00:00.000000000Z,8480
usdc,2020-02-21T00:00:00.000000000Z,6944
usdc,2020-02-22T00:00:00.000000000Z,4896
usdc,2020-02-23T00:00:00.000000000Z,4832
usdc,2020-02-24T00:00:00.000000000Z,6481
usdc,2020-02-25T00:00:00.000000000Z,9025
usdc,2020-02-26T00:00:00.000000000Z,12484
usdc,2020-02-27T00:00:00.000000000Z,10941
usdc,2020-02-28T00:00:00.000000000Z,9785
usdc,2020-02-29T00:00:00.000000000Z,5895
usdc,2020-03-01T00:00:00.000000000Z,7079
usdc,2020-03-02T00:00:00.000000000Z,9219
usdc,2020-03-03T00:00:00.000000000Z,8855
usdc,2020-03-04T00:00:00.000000000Z,7722
usdc,2020-03-05T00:00:00.000000000Z,8433
usdc,2020-03-06T00:00:00.000000000Z,8498
usdc,2020-03-07T00:00:00.000000000Z,6867
usdc,2020-03-08T00:00:00.000000000Z,9049
usdc,2020-03-09T00:00:00.000000000Z,14046
usdc,2020-03-10T00:00:00.000000000Z,8685
usdc,2020-03-11T00:00:00.000000000Z,9402
usdc,2020-03-12T00:00:00.000000000Z,24588
usdc,2020-03-13T00:00:00.000000000Z,30110
usdc,2020-03-14T00:00:00.000000000Z,13351
usdc,2020-03-15T00:00:00.000000000Z,15724
usdc,2020-03-16T00:00:00.000000000Z,22401
usdc,2020-03-17T00:00:00.000000000Z,17892
usdc,2020-03-18T00:00:00.000000000Z,14262
usdc,2020-03-19T00:00:00.000000000Z,17912
usdc,2020-03-20T00:00:00.000000000Z,17737
usdc,2020-03-21T00:00:00.000000000Z,10309
usdc,2020-03-22T00:00:00.000000000Z,9674
usdc,2020-03-23T00:00:00.000000000Z,11980
usdc,2020-03-24T00:00:00.000000000Z,12765
usdc,2020-03-25T00:00:00.000000000Z,9375
usdc,2020-03-26T00:00:00.000000000Z,9688
usdc,2020-03-27T00:00:00.000000000Z,10692
usdc,2020-03-28T00:00:00.000000000Z,10668
usdc,2020-03-29T00:00:00.000000000Z,7820
usdc,2020-03-30T00:00:00.000000000Z,10666
usdc,2020-03-31T00:00:00.000000000Z,10282
usdc,2020-04-01T00:00:00.000000000Z,10335
usdc,2020-04-02T00:00:00.000000000Z,12955
usdc,2020-04-03T00:00:00.000000000Z,10915
usdc,2020-04-04T00:00:00.000000000Z,7646
usdc,2020-04-05T00:00:00.000000000Z,7425
usdc,2020-04-06T00:00:00.000000000Z,14094
usdc,2020-04-07T00:00:00.000000000Z,14890
usdc,2020-04-08T00:00:00.000000000Z,11074
usdc,2020-04-09T00:00:00.000000000Z,9655
usdc,2020-04-10T00:00:00.000000000Z,13227
usdc,2020-04-11T00:00:00.000000000Z,7755
usdc,2020-04-12T00:00:00.000000000Z,7800
usdc,2020-04-13T00:00:00.000000000Z,10085
usdc,2020-04-14T00:00:00.000000000Z,8581
usdc,2020-04-15T00:00:00.000000000Z,9740
usdc,2020-04-16T00:00:00.000000000Z,12863
usdc,2020-04-17T00:00:00.000000000Z,10290
usdc,2020-04-18T00:00:00.000000000Z,9901
usdc,2020-04-19T00:00:00.000000000Z,9587
usdc,2020-04-20T00:00:00.000000000Z,12025
usdc,2020-04-21T00:00:00.000000000Z,10442
usdc,2020-04-22T00:00:00.000000000Z,11366
usdc,2020-04-23T00:00:00.000000000Z,14045
usdc,2020-04-24T00:00:00.000000000Z,11190
usdc,2020-04-25T00:00:00.000000000Z,9939
usdc,2020-04-26T00:00:00.000000000Z,8871
usdc,2020-04-27T00:00:00.000000000Z,10569
usdc,2020-04-28T00:00:00.000000000Z,10288
usdc,2020-04-29T00:00:00.000000000Z,15015
usdc,2020-04-30T00:00:00.000000000Z,14008
usdc,2020-05-01T00:00:00.000000000Z,13184
usdc,2020-05-02T00:00:00.000000000Z,9398
usdc,2020-05-03T00:00:00.000000000Z,9955
usdc,2020-05-04T00:00:00.000000000Z,12799
usdc,2020-05-05T00:00:00.000000000Z,10300
usdc,2020-05-06T00:00:00.000000000Z,11559
usdc,2020-05-07T00:00:00.000000000Z,12757
usdc,2020-05-08T00:00:00.000000000Z,13275
usdc,2020-05-09T00:00:00.000000000Z,10191
usdc,2020-05-10T00:00:00.000000000Z,14970
usdc,2020-05-11T00:00:00.000000000Z,13520
usdc,2020-05-12T00:00:00.000000000Z,11684
usdc,2020-05-13T00:00:00.000000000Z,11992
usdc,2020-05-14T00:00:00.000000000Z,13898
usdc,2020-05-15T00:00:00.000000000Z,12152
usdc,2020-05-16T00:00:00.000000000Z,7171
usdc,2020-05-17T00:00:00.000000000Z,7475
usdc,2020-05-18T00:00:00.000000000Z,11720
usdc,2020-05-19T00:00:00.000000000Z,9402
usdc,2020-05-20T00:00:00.000000000Z,9474
usdc,2020-05-21T00:00:00.000000000Z,12741
usdc,2020-05-22T00:00:00.000000000Z,10783
usdc,2020-05-23T00:00:00.000000000Z,7574
usdc,2020-05-24T00:00:00.000000000Z,9722
usdc,2020-05-25T00:00:00.000000000Z,7904
usdc,2020-05-26T00:00:00.000000000Z,8766
usdc,2020-05-27T00:00:00.000000000Z,10304
usdc,2020-05-28T00:00:00.000000000Z,8890
usdc,2020-05-29T00:00:00.000000000Z,11236
usdc,2020-05-30T00:00:00.000000000Z,10906
usdc,2020-05-31T00:00:00.000000000Z,7565
usdc,2020-06-01T00:00:00.000000000Z,10489
usdc,2020-06-02T00:00:00.000000000Z,16724
usdc,2020-06-03T00:00:00.000000000Z,10499
usdc,2020-06-04T00:00:00.000000000Z,9785
usdc,2020-06-05T00:00:00.000000000Z,12690
usdc,2020-06-06T00:00:00.000000000Z,7009
usdc,2020-06-07T00:00:00.000000000Z,7018
usdc,2020-06-08T00:00:00.000000000Z,10990
usdc,2020-06-09T00:00:00.000000000Z,9912
usdc,2020-06-10T00:00:00.000000000Z,10239
usdc,2020-06-11T00:00:00.000000000Z,15836
usdc,2020-06-12T00:00:00.000000000Z,11457
usdc,2020-06-13T00:00:00.000000000Z,7543
usdc,2020-06-14T00:00:00.000000000Z,10960
usdc,2020-06-15T00:00:00.000000000Z,12754
usdc,2020-06-16T00:00:00.000000000Z,13433
usdc,2020-06-17T00:00:00.000000000Z,15928
usdc,2020-06-18T00:00:00.000000000Z,13865
usdc,2020-06-19T00:00:00.000000000Z,18469
usdc,2020-06-20T00:00:00.000000000Z,20222
usdc,2020-06-21T00:00:00.000000000Z,15034
usdc,2020-06-22T00:00:00.000000000Z,18464
usdc,2020-06-23T00:00:00.000000000Z,19404
usdc,2020-06-24T00:00:00.000000000Z,17243
usdc,2020-06-25T00:00:00.000000000Z,15169
usdc,2020-06-26T00:00:00.000000000Z,20255
usdc,2020-06-27T00:00:00.000000000Z,19084
usdc,2020-06-28T00:00:00.000000000Z,12941
usdc,2020-06-29T00:00:00.000000000Z,15412
usdc,2020-06-30T00:00:00.000000000Z,14143
usdc,2020-07-01T00:00:00.000000000Z,15694
usdc,2020-07-02T00:00:00.000000000Z,21339
usdc,2020-07-03T00:00:00.000000000Z,18371
usdc,2020-07-04T00:00:00.000000000Z,16496
usdc,2020-07-05T00:00:00.000000000Z,11983
usdc,2020-07-06T00:00:00.000000000Z,15486
usdc,2020-07-07T00:00:00.000000000Z,16538
usdc,2020-07-08T00:00:00.000000000Z,22350
usdc,2020-07-09T00:00:00.000000000Z,20538
usdc,2020-07-10T00:00:00.000000000Z,18958
usdc,2020-07-11T00:00:00.000000000Z,12520
usdc,2020-07-12T00:00:00.000000000Z,12692
usdc,2020-07-13T00:00:00.000000000Z,16440
usdc,2020-07-14T00:00:00.000000000Z,18044
usdc,2020-07-15T00:00:00.000000000Z,16597
usdc,2020-07-16T00:00:00.000000000Z,16509
usdc,2020-07-17T00:00:00.000000000Z,19426
usdc,2020-07-18T00:00:00.000000000Z,20078
usdc,2020-07-19T00:00:00.000000000Z,22404
usdc,2020-07-20T00:00:00.000000000Z,24036
usdc,2020-07-21T00:00:00.000000000Z,19536
usdc,2020-07-22T00:00:00.000000000Z,18767
usdc,2020-07-23T00:00:00.000000000Z,24669
usdc,2020-07-24T00:00:00.000000000Z,22646
usdc,2020-07-25T00:00:00.000000000Z,21933
usdc,2020-07-26T00:00:00.000000000Z,23268
usdc,2020-07-27T00:00:00.000000000Z,28200
usdc,2020-07-28T00:00:00.000000000Z,22513
usdc,2020-07-29T00:00:00.000000000Z,23632
usdc,2020-07-30T00:00:00.000000000Z,21833
usdc,2020-07-31T00:00:00.000000000Z,21088
usdc,2020-08-01T00:00:00.000000000Z,22343
usdc,2020-08-02T00:00:00.000000000Z,21829
usdc,2020-08-03T00:00:00.000000000Z,27313
usdc,2020-08-04T00:00:00.000000000Z,21753
usdc,2020-08-05T00:00:00.000000000Z,23331
usdc,2020-08-06T00:00:00.000000000Z,19313
usdc,2020-08-07T00:00:00.000000000Z,23026
usdc,2020-08-08T00:00:00.000000000Z,20341
usdc,2020-08-09T00:00:00.000000000Z,18072
usdc,2020-08-10T00:00:00.000000000Z,24412
usdc,2020-08-11T00:00:00.000000000Z,26624
usdc,2020-08-12T00:00:00.000000000Z,27879
usdc,2020-08-13T00:00:00.000000000Z,25977
usdc,2020-08-14T00:00:00.000000000Z,29260
usdc,2020-08-15T00:00:00.000000000Z,21451
usdc,2020-08-16T00:00:00.000000000Z,20031
usdc,2020-08-17T00:00:00.000000000Z,24568
usdc,2020-08-18T00:00:00.000000000Z,26900
usdc,2020-08-19T00:00:00.000000000Z,27899
usdc,2020-08-20T00:00:00.000000000Z,23270
usdc,2020-08-21T00:00:00.000000000Z,51950
usdc,2020-08-22T00:00:00.000000000Z,20558
usdc,2020-08-23T00:00:00.000000000Z,17371
usdc,2020-08-24T00:00:00.000000000Z,20196
usdc,2020-08-25T00:00:00.000000000Z,22414
usdc,2020-08-26T00:00:00.000000000Z,23611
usdc,2020-08-27T00:00:00.000000000Z,22930
usdc,2020-08-28T00:00:00.000000000Z,23529
usdc,2020-08-29T00:00:00.000000000Z,19760
usdc,2020-08-30T00:00:00.000000000Z,19771
usdc,2020-08-31T00:00:00.000000000Z,20794
usdc,2020-09-01T00:00:00.000000000Z,27124
usdc,2020-09-02T00:00:00.000000000Z,30174
usdc,2020-09-03T00:00:00.000000000Z,31846
usdc,2020-09-04T00:00:00.000000000Z,34786
usdc,2020-09-05T00:00:00.000000000Z,37934
usdc,2020-09-06T00:00:00.000000000Z,30341
usdc,2020-09-07T00:00:00.000000000Z,25330
usdc,2020-09-08T00:00:00.000000000Z,30612
usdc,2020-09-09T00:00:00.000000000Z,35724
usdc,2020-09-10T00:00:00.000000000Z,37077
usdc,2020-09-11T00:00:00.000000000Z,38166
usdc,2020-09-12T00:00:00.000000000Z,33465
usdc,2020-09-13T00:00:00.000000000Z,31846
usdc,2020-09-14T00:00:00.000000000Z,33861
usdc,2020-09-15T00:00:00.000000000Z,37075
usdc,2020-09-16T00:00:00.000000000Z,35161
usdc,2020-09-17T00:00:00.000000000Z,28770
usdc,2020-09-18T00:00:00.000000000Z,31844
usdc,2020-09-19T00:00:00.000000000Z,35100
usdc,2020-09-20T00:00:00.000000000Z,34943
usdc,2020-09-21T00:00:00.000000000Z,34253
usdc,2020-09-22T00:00:00.000000000Z,29558
usdc,2020-09-23T00:00:00.000000000Z,35794
usdc,2020-09-24T00:00:00.000000000Z,33277
usdc,2020-09-25T00:00:00.000000000Z,30236
usdc,2020-09-26T00:00:00.000000000Z,26878
usdc,2020-09-27T00:00:00.000000000Z,22226
usdc,2020-09-28T00:00:00.000000000Z,25471
usdc,2020-09-29T00:00:00.000000000Z,31608
usdc,2020-09-30T00:00:00.000000000Z,31594
usdc,2020-10-01T00:00:00.000000000Z,36689
usdc,2020-10-02T00:00:00.000000000Z,38792
usdc,2020-10-03T00:00:00.000000000Z,25561
usdc,2020-10-04T00:00:00.000000000Z,25940
usdc,2020-10-05T00:00:00.000000000Z,31158
usdc,2020-10-06T00:00:00.000000000Z,33698
usdc,2020-10-07T00:00:00.000000000Z,29735
usdc,2020-10-08T00:00:00.000000000Z,28424
usdc,2020-10-09T00:00:00.000000000Z,28664
usdc,2020-10-10T00:00:00.000000000Z,22925
usdc,2020-10-11T00:00:00.000000000Z,22477
usdc,2020-10-12T00:00:00.000000000Z,25690
usdc,2020-10-13T00:00:00.000000000Z,28545
usdc,2020-10-14T00:00:00.000000000Z,26074
usdc,2020-10-15T00:00:00.000000000Z,60088
usdc,2020-10-16T00:00:00.000000000Z,50820
usdc,2020-10-17T00:00:00.000000000Z,40859
usdc,2020-10-18T00:00:00.000000000Z,23808
usdc,2020-10-19T00:00:00.000000000Z,30032
usdc,2020-10-20T00:00:00.000000000Z,39980
usdc,2020-10-21T00:00:00.000000000Z,52953
usdc,2020-10-22T00:00:00.000000000Z,52704
usdc,2020-10-23T00:00:00.000000000Z,45488
usdc,2020-10-24T00:00:00.000000000Z,37938
usdc,2020-10-25T00:00:00.000000000Z,34931
usdc,2020-10-26T00:00:00.000000000Z,51939
usdc,2020-10-27T00:00:00.000000000Z,43392
usdc,2020-10-28T00:00:00.000000000Z,45550
usdc,2020-10-29T00:00:00.000000000Z,50761
usdc,2020-10-30T00:00:00.000000000Z,50268
usdc,2020-10-31T00:00:00.000000000Z,49849
usdc,2020-11-01T00:00:00.000000000Z,45093
usdc,2020-11-02T00:00:00.000000000Z,51364
usdc,2020-11-03T00:00:00.000000000Z,57298
usdc,2020-11-04T00:00:00.000000000Z,52444
usdc,2020-11-05T00:00:00.000000000Z,50792
usdc,2020-11-06T00:00:00.000000000Z,52613
usdc,2020-11-07T00:00:00.000000000Z,54156
usdc,2020-11-08T00:00:00.000000000Z,51768
usdc,2020-11-09T00:00:00.000000000Z,59845
usdc,2020-11-10T00:00:00.000000000Z,46718
usdc,2020-11-11T00:00:00.000000000Z,44380
usdc,2020-11-12T00:00:00.000000000Z,45846
usdc,2020-11-13T00:00:00.000000000Z,45744
usdc,2020-11-14T00:00:00.000000000Z,46196
usdc,2020-11-15T00:00:00.000000000Z,41556
usdc,2020-11-16T00:00:00.000000000Z,46541
usdc,2020-11-17T00:00:00.000000000Z,57480
usdc,2020-11-18T00:00:00.000000000Z,54873
usdc,2020-11-19T00:00:00.000000000Z,51281
usdc,2020-11-20T00:00:00.000000000Z,60084
usdc,2020-11-21T00:00:00.000000000Z,64553
usdc,2020-11-22T00:00:00.000000000Z,62360
usdc,2020-11-23T00:00:00.000000000Z,58832
usdc,2020-11-24T00:00:00.000000000Z,64245
usdc,2020-11-25T00:00:00.000000000Z,63894
usdc,2020-11-26T00:00:00.000000000Z,60936
usdc,2020-11-27T00:00:00.000000000Z,40886
usdc,2020-11-28T00:00:00.000000000Z,51397
usdc,2020-11-29T00:00:00.000000000Z,44340
usdc,2020-11-30T00:00:00.000000000Z,63100
usdc,2020-12-01T00:00:00.000000000Z,53913
usdc,2020-12-02T00:00:00.000000000Z,33806
usdc,2020-12-03T00:00:00.000000000Z,35655
usdc,2020-12-04T00:00:00.000000000Z,35653
usdc,2020-12-05T00:00:00.000000000Z,30578
usdc,2020-12-06T00:00:00.000000000Z,28958
usdc,2020-12-07T00:00:00.000000000Z,32440
usdc,2020-12-08T00:00:00.000000000Z,37101
usdc,2020-12-09T00:00:00.000000000Z,36100
usdc,2020-12-10T00:00:00.000000000Z,33005
usdc,2020-12-11T00:00:00.000000000Z,44774
usdc,2020-12-12T00:00:00.000000000Z,71095
usdc,2020-12-13T00:00:00.000000000Z,70717
usdc,2020-12-14T00:00:00.000000000Z,59975
usdc,2020-12-15T00:00:00.000000000Z,62178
usdc,2020-12-16T00:00:00.000000000Z,56107
usdc,2020-12-17T00:00:00.000000000Z,66768
usdc,2020-12-18T00:00:00.000000000Z,43606
usdc,2020-12-19T00:00:00.000000000Z,43270
usdc,2020-12-20T00:00:00.000000000Z,42845
usdc,2020-12-21T00:00:00.000000000Z,45032
usdc,2020-12-22T00:00:00.000000000Z,53484
usdc,2020-12-23T00:00:00.000000000Z,48640
usdc,2020-12-24T00:00:00.000000000Z,44332
usdc,2020-12-25T00:00:00.000000000Z,46186
usdc,2020-12-26T00:00:00.000000000Z,48632
usdc,2020-12-27T00:00:00.000000000Z,50054
usdc,2020-12-28T00:00:00.000000000Z,46144
usdc,2020-12-29T00:00:00.000000000Z,51375
usdc,2020-12-30T00:00:00.000000000Z,48332
usdc,2020-12-31T00:00:00.000000000Z,48611
usdc,2021-01-01T00:00:00.000000000Z,49531
usdc,2021-01-02T00:00:00.000000000Z,54162
usdc,2021-01-03T00:00:00.000000000Z,50282
usdc,2021-01-04T00:00:00.000000000Z,51546
usdc,2021-01-05T00:00:00.000000000Z,50742
usdc,2021-01-06T00:00:00.000000000Z,52809
usdc,2021-01-07T00:00:00.000000000Z,51165
usdc,2021-01-08T00:00:00.000000000Z,52911
usdc,2021-01-09T00:00:00.000000000Z,51819
usdc,2021-01-10T00:00:00.000000000Z,52689
usdc,2021-01-11T00:00:00.000000000Z,58444
usdc,2021-01-12T00:00:00.000000000Z,50326
usdc,2021-01-13T00:00:00.000000000Z,47993
usdc,2021-01-14T00:00:00.000000000Z,53815
usdc,2021-01-15T00:00:00.000000000Z,52212
usdc,2021-01-16T00:00:00.000000000Z,48739
usdc,2021-01-17T00:00:00.000000000Z,49615
usdc,2021-01-18T00:00:00.000000000Z,47886
usdc,2021-01-19T00:00:00.000000000Z,50173
usdc,2021-01-20T00:00:00.000000000Z,50941
usdc,2021-01-21T00:00:00.000000000Z,50365
usdc,2021-01-22T00:00:00.000000000Z,54456
usdc,2021-01-23T00:00:00.000000000Z,43149
usdc,2021-01-24T00:00:00.000000000Z,41093
usdc,2021-01-25T00:00:00.000000000Z,48669
usdc,2021-01-26T00:00:00.000000000Z,54721
usdc,2021-01-27T00:00:00.000000000Z,51974
usdc,2021-01-28T00:00:00.000000000Z,53382
usdc,2021-01-29T00:00:00.000000000Z,60703
usdc,2021-01-30T00:00:00.000000000Z,45907
usdc,2021-01-31T00:00:00.000000000Z,44208
usdc,2021-02-01T00:00:00.000000000Z,47369
usdc,2021-02-02T00:00:00.000000000Z,48819
usdc,2021-02-03T00:00:00.000000000Z,52272
usdc,2021-02-04T00:00:00.000000000Z,55290
usdc,2021-02-05T00:00:00.000000000Z,52226
usdc,2021-02-06T00:00:00.000000000Z,55647
usdc,2021-02-07T00:00:00.000000000Z,49013
usdc,2021-02-08T00:00:00.000000000Z,47802
usdc,2021-02-09T00:00:00.000000000Z,50297
usdc,2021-02-10T00:00:00.000000000Z,54462
usdc,2021-02-11T00:00:00.000000000Z,53948
usdc,2021-02-12T00:00:00.000000000Z,58405
usdc,2021-02-13T00:00:00.000000000Z,59084
usdc,2021-02-14T00:00:00.000000000Z,49095
usdc,2021-02-15T00:00:00.000000000Z,46865
usdc,2021-02-16T00:00:00.000000000Z,55204
usdc,2021-02-17T00:00:00.000000000Z,52103
usdc,2021-02-18T00:00:00.000000000Z,52893
usdc,2021-02-19T00:00:00.000000000Z,56144
usdc,2021-02-20T00:00:00.000000000Z,59493
usdc,2021-02-21T00:00:00.000000000Z,51502
usdc,2021-02-22T00:00:00.000000000Z,57807
usdc,2021-02-23T00:00:00.000000000Z,66369
usdc,2021-02-24T00:00:00.000000000Z,64595
usdc,2021-02-25T00:00:00.000000000Z,56277
usdc,2021-02-26T00:00:00.000000000Z,64602
usdc,2021-02-27T00:00:00.000000000Z,56084
usdc,2021-02-28T00:00:00.000000000Z,57255
usdc,2021-03-01T00:00:00.000000000Z,53530
usdc,2021-03-02T00:00:00.000000000Z,50692
usdc,2021-03-03T00:00:00.000000000Z,54962
usdc,2021-03-04T00:00:00.000000000Z,53405
usdc,2021-03-05T00:00:00.000000000Z,58019
usdc,2021-03-06T00:00:00.000000000Z,43923
usdc,2021-03-07T00:00:00.000000000Z,44009
usdc,2021-03-08T00:00:00.000000000Z,45955
usdc,2021-03-09T00:00:00.000000000Z,53473
usdc,2021-03-10T00:00:00.000000000Z,49709
usdc,2021-03-11T00:00:00.000000000Z,51083
usdc,2021-03-12T00:00:00.000000000Z,55186
usdc,2021-03-13T00:00:00.000000000Z,48137
usdc,2021-03-14T00:00:00.000000000Z,40595
usdc,2021-03-15T00:00:00.000000000Z,48503
usdc,2021-03-16T00:00:00.000000000Z,55102
usdc,2021-03-17T00:00:00.000000000Z,49891
usdc,2021-03-18T00:00:00.000000000Z,314364
usdc,2021-03-19T00:00:00.000000000Z,317028
usdc,2021-03-20T00:00:00.000000000Z,278804
usdc,2021-03-21T00:00:00.000000000Z,271565
usdc,2021-03-22T00:00:00.000000000Z,325208
usdc,2021-03-23T00:00:00.000000000Z,338128
usdc,2021-03-24T00:00:00.000000000Z,332430
usdc,2021-03-25T00:00:00.000000000Z,362423
usdc,2021-03-26T00:00:00.000000000Z,283789
usdc,2021-03-27T00:00:00.000000000Z,265548
usdc,2021-03-28T00:00:00.000000000Z,275329
usdc,2021-03-29T00:00:00.000000000Z,294454
usdc,2021-03-30T00:00:00.000000000Z,297322
usdc,2021-03-31T00:00:00.000000000Z,313202
usdc,2021-04-01T00:00:00.000000000Z,278134
usdc,2021-04-02T00:00:00.000000000Z,270227
usdc,2021-04-03T00:00:00.000000000Z,271543
usdc,2021-04-04T00:00:00.000000000Z,279371
usdc,2021-04-05T00:00:00.000000000Z,275411
usdc,2021-04-06T00:00:00.000000000Z,332270
usdc,2021-04-07T00:00:00.000000000Z,396690
usdc,2021-04-08T00:00:00.000000000Z,321770
usdc,2021-04-09T00:00:00.000000000Z,315258
usdc,2021-04-10T00:00:00.000000000Z,333386
usdc,2021-04-11T00:00:00.000000000Z,329191
usdc,2021-04-12T00:00:00.000000000Z,352152
usdc,2021-04-13T00:00:00.000000000Z,363661
usdc,2021-04-14T00:00:00.000000000Z,386016
usdc,2021-04-15T00:00:00.000000000Z,328851
usdc,2021-04-16T00:00:00.000000000Z,381858
usdc,2021-04-17T00:00:00.000000000Z,361880
usdc,2021-04-18T00:00:00.000000000Z,461413
usdc,2021-04-19T00:00:00.000000000Z,406495
usdc,2021-04-20T00:00:00.000000000Z,413501
usdc,2021-04-21T00:00:00.000000000Z,408870
usdc,2021-04-22T00:00:00.000000000Z,477289
usdc,2021-04-23T00:00:00.000000000Z,500188
usdc,2021-04-24T00:00:00.000000000Z,503726
usdc,2021-04-25T00:00:00.000000000Z,520577
usdc,2021-04-26T00:00:00.000000000Z,575511
usdc,2021-04-27T00:00:00.000000000Z,539566
usdc,2021-04-28T00:00:00.000000000Z,566934
usdc,2021-04-29T00:00:00.000000000Z,822589
usdc,2021-04-30T00:00:00.000000000Z,785086
usdc,2021-05-01T00:00:00.000000000Z,524535
usdc,2021-05-02T00:00:00.000000000Z,454319
usdc,2021-05-03T00:00:00.000000000Z,456857
usdc,2021-05-04T00:00:00.000000000Z,477677
usdc,2021-05-05T00:00:00.000000000Z,453465
usdc,2021-05-06T00:00:00.000000000Z,448655
usdc,2021-05-07T00:00:00.000000000Z,447566
usdc,2021-05-08T00:00:00.000000000Z,430407
usdc,2021-05-09T00:00:00.000000000Z,427949
usdc,2021-05-10T00:00:00.000000000Z,498012
usdc,2021-05-11T00:00:00.000000000Z,501095
usdc,2021-05-12T00:00:00.000000000Z,546381
usdc,2021-05-13T00:00:00.000000000Z,610467
usdc,2021-05-14T00:00:00.000000000Z,546054
usdc,2021-05-15T00:00:00.000000000Z,563968
usdc,2021-05-16T00:00:00.000000000Z,588663
usdc,2021-05-17T00:00:00.000000000Z,626623
usdc,2021-05-18T00:00:00.000000000Z,609189
usdc,2021-05-19T00:00:00.000000000Z,888882
usdc,2021-05-20T00:00:00.000000000Z,666999
usdc,2021-05-21T00:00:00.000000000Z,800911
usdc,2021-05-22T00:00:00.000000000Z,489003
usdc,2021-05-23T00:00:00.000000000Z,570472
usdc,2021-05-24T00:00:00.000000000Z,512101
usdc,2021-05-25T00:00:00.000000000Z,541179
usdc,2021-05-26T00:00:00.000000000Z,505345
usdc,2021-05-27T00:00:00.000000000Z,458509
usdc,2021-05-28T00:00:00.000000000Z,487753
usdc,2021-05-29T00:00:00.000000000Z,442109
usdc,2021-05-30T00:00:00.000000000Z,408239
usdc,2021-05-31T00:00:00.000000000Z,456124
usdc,2021-06-01T00:00:00.000000000Z,443044
usdc,2021-06-02T00:00:00.000000000Z,402022
usdc,2021-06-03T00:00:00.000000000Z,413572
usdc,2021-06-04T00:00:00.000000000Z,432813
usdc,2021-06-05T00:00:00.000000000Z,400641
usdc,2021-06-06T00:00:00.000000000Z,348140
usdc,2021-06-07T00:00:00.000000000Z,413702
usdc,2021-06-08T00:00:00.000000000Z,484798
usdc,2021-06-09T00:00:00.000000000Z,434130
usdc,2021-06-10T00:00:00.000000000Z,402872
usdc,2021-06-11T00:00:00.000000000Z,393451
usdc,2021-06-12T00:00:00.000000000Z,388094
usdc,2021-06-13T00:00:00.000000000Z,348935
usdc,2021-06-14T00:00:00.000000000Z,385989
usdc,2021-06-15T00:00:00.000000000Z,378434
usdc,2021-06-16T00:00:00.000000000Z,409440
usdc,2021-06-17T00:00:00.000000000Z,384197
usdc,2021-06-18T00:00:00.000000000Z,376212
usdc,2021-06-19T00:00:00.000000000Z,344451
usdc,2021-06-20T00:00:00.000000000Z,366689
usdc,2021-06-21T00:00:00.000000000Z,478703
usdc,2021-06-22T00:00:00.000000000Z,557932
usdc,2021-06-23T00:00:00.000000000Z,440927
usdc,2021-06-24T00:00:00.000000000Z,362307
usdc,2021-06-25T00:00:00.000000000Z,423133
usdc,2021-06-26T00:00:00.000000000Z,437054
usdc,2021-06-27T00:00:00.000000000Z,431439
usdc,2021-06-28T00:00:00.000000000Z,397550
usdc,2021-06-29T00:00:00.000000000Z,417307
usdc,2021-06-30T00:00:00.000000000Z,411418
usdc,2021-07-01T00:00:00.000000000Z,364104
usdc,2021-07-02T00:00:00.000000000Z,350424
usdc,2021-07-03T00:00:00.000000000Z,302930
usdc,2021-07-04T00:00:00.000000000Z,313551
usdc,2021-07-05T00:00:00.000000000Z,364552
usdc,2021-07-06T00:00:00.000000000Z,383728
usdc,2021-07-07T00:00:00.000000000Z,352039
usdc,2021-07-08T00:00:00.000000000Z,381703
usdc,2021-07-09T00:00:00.000000000Z,345346
usdc,2021-07-10T00:00:00.000000000Z,314510
usdc,2021-07-11T00:00:00.000000000Z,287015
usdc,2021-07-12T00:00:00.000000000Z,320605
usdc,2021-07-13T00:00:00.000000000Z,353488
usdc,2021-07-14T00:00:00.000000000Z,347756
usdc,2021-07-15T00:00:00.000000000Z,340721
usdc,2021-07-16T00:00:00.000000000Z,323351
usdc,2021-07-17T00:00:00.000000000Z,298199
usdc,2021-07-18T00:00:00.000000000Z,284322
usdc,2021-07-19T00:00:00.000000000Z,326456
usdc,2021-07-20T00:00:00.000000000Z,344915
usdc,2021-07-21T00:00:00.000000000Z,346003
usdc,2021-07-22T00:00:00.000000000Z,312503
usdc,2021-07-23T00:00:00.000000000Z,298683
usdc,2021-07-24T00:00:00.000000000Z,292631
usdc,2021-07-25T00:00:00.000000000Z,288571
usdc,2021-07-26T00:00:00.000000000Z,395444
usdc,2021-07-27T00:00:00.000000000Z,345973
usdc,2021-07-28T00:00:00.000000000Z,349456
usdc,2021-07-29T00:00:00.000000000Z,327889
usdc,2021-07-30T00:00:00.000000000Z,361090
usdc,2021-07-31T00:00:00.000000000Z,332919
usdc,2021-08-01T00:00:00.000000000Z,337757
usdc,2021-08-02T00:00:00.000000000Z,359347
usdc,2021-08-03T00:00:00.000000000Z,361594
usdc,2021-08-04T00:00:00.000000000Z,329315
usdc,2021-08-05T00:00:00.000000000Z,324964
usdc,2021-08-06T00:00:00.000000000Z,340574
usdc,2021-08-07T00:00:00.000000000Z,369932
usdc,2021-08-08T00:00:00.000000000Z,335293
usdc,2021-08-09T00:00:00.000000000Z,343423
usdc,2021-08-10T00:00:00.000000000Z,391113
usdc,2021-08-11T00:00:00.000000000Z,404325
usdc,2021-08-12T00:00:00.000000000Z,412761
usdc,2021-08-13T00:00:00.000000000Z,383123
usdc,2021-08-14T00:00:00.000000000Z,330713
usdc,2021-08-15T00:00:00.000000000Z,341496
usdc,2021-08-16T00:00:00.000000000Z,522320
usdc,2021-08-17T00:00:00.000000000Z,584035
usdc,2021-08-18T00:00:00.000000000Z,588920
usdc,2021-08-19T00:00:00.000000000Z,501089
usdc,2021-08-20T00:00:00.000000000Z,445136
usdc,2021-08-21T00:00:00.000000000Z,398765
usdc,2021-08-22T00:00:00.000000000Z,385563
usdc,2021-08-23T00:00:00.000000000Z,395156
usdc,2021-08-24T00:00:00.000000000Z,442475
usdc,2021-08-25T00:00:00.000000000Z,409758
usdc,2021-08-26T00:00:00.000000000Z,428368
usdc,2021-08-27T00:00:00.000000000Z,374403
usdc,2021-08-28T00:00:00.000000000Z,410952
usdc,2021-08-29T00:00:00.000000000Z,386569
usdc,2021-08-30T00:00:00.000000000Z,491642
usdc,2021-08-31T00:00:00.000000000Z,533975
usdc,2021-09-01T00:00:00.000000000Z,532546
usdc,2021-09-02T00:00:00.000000000Z,524842
usdc,2021-09-03T00:00:00.000000000Z,532235
usdc,2021-09-04T00:00:00.000000000Z,497632
usdc,2021-09-05T00:00:00.000000000Z,509165
usdc,2021-09-06T00:00:00.000000000Z,631210
usdc,2021-09-07T00:00:00.000000000Z,1016247
usdc,2021-09-08T00:00:00.000000000Z,811576
usdc,2021-09-09T00:00:00.000000000Z,892777
usdc,2021-09-10T00:00:00.000000000Z,855452
usdc,2021-09-11T00:00:00.000000000Z,744890
usdc,2021-09-12T00:00:00.000000000Z,672134
usdc,2021-09-13T00:00:00.000000000Z,768076
usdc,2021-09-14T00:00:00.000000000Z,369727
usdc,2021-09-15T00:00:00.000000000Z,540400
usdc,2021-09-16T00:00:00.000000000Z,683667
usdc,2021-09-17T00:00:00.000000000Z,651605
usdc,2021-09-18T00:00:00.000000000Z,570102
usdc,2021-09-19T00:00:00.000000000Z,551393
usdc,2021-09-20T00:00:00.000000000Z,777124
usdc,2021-09-21T00:00:00.000000000Z,750043
usdc,2021-09-22T00:00:00.000000000Z,691476
usdc,2021-09-23T00:00:00.000000000Z,618220
usdc,2021-09-24T00:00:00.000000000Z,656351
usdc,2021-09-25T00:00:00.000000000Z,583526
usdc,2021-09-26T00:00:00.000000000Z,645059
usdc,2021-09-27T00:00:00.000000000Z,614043
usdc,2021-09-28T00:00:00.000000000Z,609356
usdc,2021-09-29T00:00:00.000000000Z,559623
usdc,2021-09-30T00:00:00.000000000Z,580646
usdc,2021-10-01T00:00:00.000000000Z,661800
usdc,2021-10-02T00:00:00.000000000Z,601188
usdc,2021-10-03T00:00:00.000000000Z,594321
usdc,2021-10-04T00:00:00.000000000Z,620369
usdc,2021-10-05T00:00:00.000000000Z,586327
usdc,2021-10-06T00:00:00.000000000Z,653467
usdc,2021-10-07T00:00:00.000000000Z,627703
usdc,2021-10-08T00:00:00.000000000Z,604377
usdc,2021-10-09T00:00:00.000000000Z,582973
usdc,2021-10-10T00:00:00.000000000Z,560288
usdc,2021-10-11T00:00:00.000000000Z,654012
usdc,2021-10-12T00:00:00.000000000Z,705583
usdc,2021-10-13T00:00:00.000000000Z,624300
usdc,2021-10-14T00:00:00.000000000Z,659654
usdc,2021-10-15T00:00:00.000000000Z,788047
usdc,2021-10-16T00:00:00.000000000Z,678969
usdc,2021-10-17T00:00:00.000000000Z,688316
usdc,2021-10-18T00:00:00.000000000Z,702092
usdc,2021-10-19T00:00:00.000000000Z,691301
usdc,2021-10-20T00:00:00.000000000Z,730401
usdc,2021-10-21T00:00:00.000000000Z,878247
usdc,2021-10-22T00:00:00.000000000Z,845833
usdc,2021-10-23T00:00:00.000000000Z,551625
usdc,2021-10-24T00:00:00.000000000Z,470567
usdc,2021-10-25T00:00:00.000000000Z,706656
usdc,2021-10-26T00:00:00.000000000Z,813870
usdc,2021-10-27T00:00:00.000000000Z,890928
usdc,2021-10-28T00:00:00.000000000Z,1051804
usdc,2021-10-29T00:00:00.000000000Z,1018715
usdc,2021-10-30T00:00:00.000000000Z,806105
usdc,2021-10-31T00:00:00.000000000Z,801517
usdc,2021-11-01T00:00:00.000000000Z,901592
usdc,2021-11-02T00:00:00.000000000Z,867799
usdc,2021-11-03T00:00:00.000000000Z,1014457
usdc,2021-11-04T00:00:00.000000000Z,950536
usdc,2021-11-05T00:00:00.000000000Z,897585
usdc,2021-11-06T00:00:00.000000000Z,1000175
usdc,2021-11-07T00:00:00.000000000Z,1010674
usdc,2021-11-08T00:00:00.000000000Z,1100521
usdc,2021-11-09T00:00:00.000000000Z,983799
usdc,2021-11-10T00:00:00.000000000Z,1027450
usdc,2021-11-11T00:00:00.000000000Z,910958
usdc,2021-11-12T00:00:00.000000000Z,912642
usdc,2021-11-13T00:00:00.000000000Z,788401
usdc,2021-11-14T00:00:00.000000000Z,761902
usdc,2021-11-15T00:00:00.000000000Z,858228
usdc,2021-11-16T00:00:00.000000000Z,1003147
usdc,2021-11-17T00:00:00.000000000Z,1090510
usdc,2021-11-18T00:00:00.000000000Z,994156
usdc,2021-11-19T00:00:00.000000000Z,926358
usdc,2021-11-20T00:00:00.000000000Z,813584
usdc,2021-11-21T00:00:00.000000000Z,838737
usdc,2021-11-22T00:00:00.000000000Z,961345
usdc,2021-11-23T00:00:00.000000000Z,815698
usdc,2021-11-24T00:00:00.000000000Z,931561
usdc,2021-11-25T00:00:00.000000000Z,895085
usdc,2021-11-26T00:00:00.000000000Z,926538
usdc,2021-11-27T00:00:00.000000000Z,763961
usdc,2021-11-28T00:00:00.000000000Z,805305
usdc,2021-11-29T00:00:00.000000000Z,782469
usdc,2021-11-30T00:00:00.000000000Z,908220
usdc,2021-12-01T00:00:00.000000000Z,942383
usdc,2021-12-02T00:00:00.000000000Z,904905
usdc,2021-12-03T00:00:00.000000000Z,880898
usdc,2021-12-04T00:00:00.000000000Z,916094
usdc,2021-12-05T00:00:00.000000000Z,895990
usdc,2021-12-06T00:00:00.000000000Z,1074835
usdc,2021-12-07T00:00:00.000000000Z,883423
usdc,2021-12-08T00:00:00.000000000Z,851773
usdc,2021-12-09T00:00:00.000000000Z,802072
usdc,2021-12-10T00:00:00.000000000Z,852740
usdc,2021-12-11T00:00:00.000000000Z,731893
usdc,2021-12-12T00:00:00.000000000Z,596513
usdc,2021-12-13T00:00:00.000000000Z,590250
usdc,2021-12-14T00:00:00.000000000Z,836101
usdc,2021-12-15T00:00:00.000000000Z,897547
usdc,2021-12-16T00:00:00.000000000Z,812248
usdc,2021-12-17T00:00:00.000000000Z,844895
usdc,2021-12-18T00:00:00.000000000Z,744650
usdc,2021-12-19T00:00:00.000000000Z,716900
usdc,2021-12-20T00:00:00.000000000Z,741727
usdc,2021-12-21T00:00:00.000000000Z,762982
usdc,2021-12-22T00:00:00.000000000Z,783711
usdc,2021-12-23T00:00:00.000000000Z,826438
usdc,2021-12-24T00:00:00.000000000Z,848629
usdc,2021-12-25T00:00:00.000000000Z,686921
usdc,2021-12-26T00:00:00.000000000Z,749025
usdc,2021-12-27T00:00:00.000000000Z,755524
usdc,2021-12-28T00:00:00.000000000Z,820280
usdc,2021-12-29T00:00:00.000000000Z,718600
usdc,2021-12-30T00:00:00.000000000Z,712160
usdc,2021-12-31T00:00:00.000000000Z,704600
usdc,2022-01-01T00:00:00.000000000Z,577572
usdc,2022-01-02T00:00:00.000000000Z,581085
usdc,2022-01-03T00:00:00.000000000Z,595517
usdc,2022-01-04T00:00:00.000000000Z,766185
usdc,2022-01-05T00:00:00.000000000Z,725144
usdc,2022-01-06T00:00:00.000000000Z,848831
usdc,2022-01-07T00:00:00.000000000Z,617780
usdc,2022-01-08T00:00:00.000000000Z,698065
usdc,2022-01-09T00:00:00.000000000Z,695614
usdc,2022-01-10T00:00:00.000000000Z,721081
usdc,2022-01-11T00:00:00.000000000Z,711172
usdc,2022-01-12T00:00:00.000000000Z,746315
usdc,2022-01-13T00:00:00.000000000Z,778591
usdc,2022-01-14T00:00:00.000000000Z,770943
usdc,2022-01-15T00:00:00.000000000Z,640191
usdc,2022-01-16T00:00:00.000000000Z,713598
usdc,2022-01-17T00:00:00.000000000Z,704443
usdc,2022-01-18T00:00:00.000000000Z,717405
usdc,2022-01-19T00:00:00.000000000Z,717347
usdc,2022-01-20T00:00:00.000000000Z,645111
usdc,2022-01-21T00:00:00.000000000Z,657106
usdc,2022-01-22T00:00:00.000000000Z,720025
usdc,2022-01-23T00:00:00.000000000Z,972937
usdc,2022-01-24T00:00:00.000000000Z,1238630
usdc,2022-01-25T00:00:00.000000000Z,1081232
usdc,2022-01-26T00:00:00.000000000Z,1045989
usdc,2022-01-27T00:00:00.000000000Z,1018936
usdc,2022-01-28T00:00:00.000000000Z,924996
usdc,2022-01-29T00:00:00.000000000Z,769891
usdc,2022-01-30T00:00:00.000000000Z,673981
usdc,2022-01-31T00:00:00.000000000Z,752838
usdc,2022-02-01T00:00:00.000000000Z,792114
usdc,2022-02-02T00:00:00.000000000Z,797962
usdc,2022-02-03T00:00:00.000000000Z,738559
usdc,2022-02-04T00:00:00.000000000Z,821367
usdc,2022-02-05T00:00:00.000000000Z,721843
usdc,2022-02-06T00:00:00.000000000Z,681366
usdc,2022-02-07T00:00:00.000000000Z,861234
usdc,2022-02-08T00:00:00.000000000Z,854443
usdc,2022-02-09T00:00:00.000000000Z,785089
usdc,2022-02-10T00:00:00.000000000Z,838157
usdc,2022-02-11T00:00:00.000000000Z,845130
usdc,2022-02-12T00:00:00.000000000Z,788889
usdc,2022-02-13T00:00:00.000000000Z,723134
usdc,2022-02-14T00:00:00.000000000Z,780408
usdc,2022-02-15T00:00:00.000000000Z,752456
usdc,2022-02-16T00:00:00.000000000Z,796512
usdc,2022-02-17T00:00:00.000000000Z,780161
usdc,2022-02-18T00:00:00.000000000Z,771850
usdc,2022-02-19T00:00:00.000000000Z,662442
usdc,2022-02-20T00:00:00.000000000Z,719342
usdc,2022-02-21T00:00:00.000000000Z,903458
usdc,2022-02-22T00:00:00.000000000Z,930165
usdc,2022-02-23T00:00:00.000000000Z,889645
usdc,2022-02-24T00:00:00.000000000Z,1047576
usdc,2022-02-25T00:00:00.000000000Z,897080
usdc,2022-02-26T00:00:00.000000000Z,771180
usdc,2022-02-27T00:00:00.000000000Z,811093
usdc,2022-02-28T00:00:00.000000000Z,862860
usdc,2022-03-01T00:00:00.000000000Z,847609
usdc,2022-03-02T00:00:00.000000000Z,872894
usdc,2022-03-03T00:00:00.000000000Z,686574
usdc,2022-03-04T00:00:00.000000000Z,688062
usdc,2022-03-05T00:00:00.000000000Z,554935
usdc,2022-03-06T00:00:00.000000000Z,603743
usdc,2022-03-07T00:00:00.000000000Z,793906
usdc,2022-03-08T00:00:00.000000000Z,781919
usdc,2022-03-09T00:00:00.000000000Z,868842
usdc,2022-03-10T00:00:00.000000000Z,732527
usdc,2022-03-11T00:00:00.000000000Z,734013
usdc,2022-03-12T00:00:00.000000000Z,649008
usdc,2022-03-13T00:00:00.000000000Z,668304
usdc,2022-03-14T00:00:00.000000000Z,729634
usdc,2022-03-15T00:00:00.000000000Z,785585
usdc,2022-03-16T00:00:00.000000000Z,841174
usdc,2022-03-17T00:00:00.000000000Z,770273
usdc,2022-03-18T00:00:00.000000000Z,831113
usdc,2022-03-19T00:00:00.000000000Z,708741
usdc,2022-03-20T00:00:00.000000000Z,686476
usdc,2022-03-21T00:00:00.000000000Z,727256
usdc,2022-03-22T00:00:00.000000000Z,710530
usdc,2022-03-23T00:00:00.000000000Z,770474
usdc,2022-03-24T00:00:00.000000000Z,790839
usdc,2022-03-25T00:00:00.000000000Z,711107
usdc,2022-03-26T00:00:00.000000000Z,570980
usdc,2022-03-27T00:00:00.000000000Z,635020
usdc,2022-03-28T00:00:00.000000000Z,808413
usdc,2022-03-29T00:00:00.000000000Z,859974
usdc,2022-03-30T00:00:00.000000000Z,912475
usdc,2022-03-31T00:00:00.000000000Z,856436
usdc,2022-04-01T00:00:00.000000000Z,796681
usdc,2022-04-02T00:00:00.000000000Z,729107
usdc,2022-04-03T00:00:00.000000000Z,625440
usdc,2022-04-04T00:00:00.000000000Z,618857
usdc,2022-04-05T00:00:00.000000000Z,707923
usdc,2022-04-06T00:00:00.000000000Z,593394
usdc,2022-04-07T00:00:00.000000000Z,534598
usdc,2022-04-08T00:00:00.000000000Z,574190
usdc,2022-04-09T00:00:00.000000000Z,398067
usdc,2022-04-10T00:00:00.000000000Z,477556
usdc,2022-04-11T00:00:00.000000000Z,665805
usdc,2022-04-12T00:00:00.000000000Z,643574
usdc,2022-04-13T00:00:00.000000000Z,688284
usdc,2022-04-14T00:00:00.000000000Z,762055
usdc,2022-04-15T00:00:00.000000000Z,712028
usdc,2022-04-16T00:00:00.000000000Z,573088
usdc,2022-04-17T00:00:00.000000000Z,521058
usdc,2022-04-18T00:00:00.000000000Z,551989
usdc,2022-04-19T00:00:00.000000000Z,721338
usdc,2022-04-20T00:00:00.000000000Z,814106
usdc,2022-04-21T00:00:00.000000000Z,877437
usdc,2022-04-22T00:00:00.000000000Z,760557
usdc,2022-04-23T00:00:00.000000000Z,695410
usdc,2022-04-24T00:00:00.000000000Z,685640
usdc,2022-04-25T00:00:00.000000000Z,804440
usdc,2022-04-26T00:00:00.000000000Z,791378
usdc,2022-04-27T00:00:00.000000000Z,824809
usdc,2022-04-28T00:00:00.000000000Z,895292
usdc,2022-04-29T00:00:00.000000000Z,870667
usdc,2022-04-30T00:00:00.000000000Z,600974
usdc,2022-05-01T00:00:00.000000000Z,672248
usdc,2022-05-02T00:00:00.000000000Z,980139
usdc,2022-05-03T00:00:00.000000000Z,1006556
usdc,2022-05-04T00:00:00.000000000Z,1022151
usdc,2022-05-05T00:00:00.000000000Z,1087876
usdc,2022-05-06T00:00:00.000000000Z,1065451
usdc,2022-05-07T00:00:00.000000000Z,955328
usdc,2022-05-08T00:00:00.000000000Z,1038777
usdc,2022-05-09T00:00:00.000000000Z,1251613
usdc,2022-05-10T00:00:00.000000000Z,1528062
usdc,2022-05-11T00:00:00.000000000Z,1793136
usdc,2022-05-12T00:00:00.000000000Z,1674966
usdc,2022-05-13T00:00:00.000000000Z,1223637
usdc,2022-05-14T00:00:00.000000000Z,1129715
usdc,2022-05-15T00:00:00.000000000Z,1029615
usdc,2022-05-16T00:00:00.000000000Z,1079215
usdc,2022-05-17T00:00:00.000000000Z,932189
usdc,2022-05-18T00:00:00.000000000Z,968595
usdc,2022-05-19T00:00:00.000000000Z,991124
usdc,2022-05-20T00:00:00.000000000Z,891444
usdc,2022-05-21T00:00:00.000000000Z,839335
usdc,2022-05-22T00:00:00.000000000Z,926661
usdc,2022-05-23T00:00:00.000000000Z,1128363
usdc,2022-05-24T00:00:00.000000000Z,932698
usdc,2022-05-25T00:00:00.000000000Z,912504
usdc,2022-05-26T00:00:00.000000000Z,1112723
usdc,2022-05-27T00:00:00.000000000Z,1125631
usdc,2022-05-28T00:00:00.000000000Z,846181
usdc,2022-05-29T00:00:00.000000000Z,814278
usdc,2022-05-30T00:00:00.000000000Z,899703
usdc,2022-05-31T00:00:00.000000000Z,959374
usdc,2022-06-01T00:00:00.000000000Z,781262
usdc,2022-06-02T00:00:00.000000000Z,892550
usdc,2022-06-03T00:00:00.000000000Z,746782
usdc,2022-06-04T00:00:00.000000000Z,765771
usdc,2022-06-05T00:00:00.000000000Z,770528
usdc,2022-06-06T00:00:00.000000000Z,742411
usdc,2022-06-07T00:00:00.000000000Z,873561
usdc,2022-06-08T00:00:00.000000000Z,822022
usdc,2022-06-09T00:00:00.000000000Z,778934
usdc,2022-06-10T00:00:00.000000000Z,846529
usdc,2022-06-11T00:00:00.000000000Z,822159
usdc,2022-06-12T00:00:00.000000000Z,908629
usdc,2022-06-13T00:00:00.000000000Z,1157038
usdc,2022-06-14T00:00:00.000000000Z,1001124
usdc,2022-06-15T00:00:00.000000000Z,1094872
usdc,2022-06-16T00:00:00.000000000Z,868458
usdc,2022-06-17T00:00:00.000000000Z,816530
usdc,2022-06-18T00:00:00.000000000Z,960225
usdc,2022-06-19T00:00:00.000000000Z,950207
usdc,2022-06-20T00:00:00.000000000Z,964096
usdc,2022-06-21T00:00:00.000000000Z,919694
usdc,2022-06-22T00:00:00.000000000Z,948644
usdc,2022-06-23T00:00:00.000000000Z,823222
usdc,2022-06-24T00:00:00.000000000Z,888283
usdc,2022-06-25T00:00:00.000000000Z,799207
usdc,2022-06-26T00:00:00.000000000Z,783379
usdc,2022-06-27T00:00:00.000000000Z,765989
usdc,2022-06-28T00:00:00.000000000Z,852599
usdc,2022-06-29T00:00:00.000000000Z,957987
usdc,2022-06-30T00:00:00.000000000Z,885867
usdc,2022-07-01T00:00:00.000000000Z,818378
usdc,2022-07-02T00:00:00.000000000Z,712383
usdc,2022-07-03T00:00:00.000000000Z,600968
usdc,2022-07-04T00:00:00.000000000Z,747815
usdc,2022-07-05T00:00:00.000000000Z,776728
usdc,2022-07-06T00:00:00.000000000Z,737414
usdc,2022-07-07T00:00:00.000000000Z,698808
usdc,2022-07-08T00:00:00.000000000Z,684255
usdc,2022-07-09T00:00:00.000000000Z,653270
usdc,2022-07-10T00:00:00.000000000Z,570966
usdc,2022-07-11T00:00:00.000000000Z,663526
usdc,2022-07-12T00:00:00.000000000Z,629525
usdc,2022-07-13T00:00:00.000000000Z,625998
usdc,2022-07-14T00:00:00.000000000Z,683423
usdc,2022-07-15T00:00:00.000000000Z,763935
usdc,2022-07-16T00:00:00.000000000Z,705434
usdc,2022-07-17T00:00:00.000000000Z,586373
usdc,2022-07-18T00:00:00.000000000Z,730243
usdc,2022-07-19T00:00:00.000000000Z,935291
usdc,2022-07-20T00:00:00.000000000Z,918343
usdc,2022-07-21T00:00:00.000000000Z,878658
usdc,2022-07-22T00:00:00.000000000Z,945438
usdc,2022-07-23T00:00:00.000000000Z,960880
usdc,2022-07-24T00:00:00.000000000Z,990633
usdc,2022-07-25T00:00:00.000000000Z,921253
usdc,2022-07-26T00:00:00.000000000Z,1010542
usdc,2022-07-27T00:00:00.000000000Z,1047757
usdc,2022-07-28T00:00:00.000000000Z,1091533
usdc,2022-07-29T00:00:00.000000000Z,1240585
usdc,2022-07-30T00:00:00.000000000Z,1015114
usdc,2022-07-31T00:00:00.000000000Z,1018779
usdc,2022-08-01T00:00:00.000000000Z,1036702
usdc,2022-08-02T00:00:00.000000000Z,1045126
usdc,2022-08-03T00:00:00.000000000Z,1115654
usdc,2022-08-04T00:00:00.000000000Z,919887
usdc,2022-08-05T00:00:00.000000000Z,1004779
usdc,2022-08-06T00:00:00.000000000Z,781599
usdc,2022-08-07T00:00:00.000000000Z,730678
usdc,2022-08-08T00:00:00.000000000Z,1020335
usdc,2022-08-09T00:00:00.000000000Z,901071
usdc,2022-08-10T00:00:00.000000000Z,724290
usdc,2022-08-11T00:00:00.000000000Z,845257
usdc,2022-08-12T00:00:00.000000000Z,825561
usdc,2022-08-13T00:00:00.000000000Z,642732
usdc,2022-08-14T00:00:00.000000000Z,762433
usdc,2022-08-15T00:00:00.000000000Z,884883
usdc,2022-08-16T00:00:00.000000000Z,961062
usdc,2022-08-17T00:00:00.000000000Z,1000045
usdc,2022-08-18T00:00:00.000000000Z,857185
usdc,2022-08-19T00:00:00.000000000Z,1099888
usdc,2022-08-20T00:00:00.000000000Z,939380
usdc,2022-08-21T00:00:00.000000000Z,944416
usdc,2022-08-22T00:00:00.000000000Z,1008556
usdc,2022-08-23T00:00:00.000000000Z,821100
usdc,2022-08-24T00:00:00.000000000Z,859329
usdc,2022-08-25T00:00:00.000000000Z,781931
usdc,2022-08-26T00:00:00.000000000Z,876348
usdc,2022-08-27T00:00:00.000000000Z,804296
usdc,2022-08-28T00:00:00.000000000Z,737670
usdc,2022-08-29T00:00:00.000000000Z,796589
usdc,2022-08-30T00:00:00.000000000Z,859665
usdc,2022-08-31T00:00:00.000000000Z,899711
usdc,2022-09-01T00:00:00.000000000Z,759459
usdc,2022-09-02T00:00:00.000000000Z,669636
usdc,2022-09-03T00:00:00.000000000Z,534589
usdc,2022-09-04T00:00:00.000000000Z,605608
usdc,2022-09-05T00:00:00.000000000Z,679428
usdc,2022-09-06T00:00:00.000000000Z,948671
usdc,2022-09-07T00:00:00.000000000Z,757086
usdc,2022-09-08T00:00:00.000000000Z,801137
usdc,2022-09-09T00:00:00.000000000Z,825348
usdc,2022-09-10T00:00:00.000000000Z,730520
usdc,2022-09-11T00:00:00.000000000Z,772717
usdc,2022-09-12T00:00:00.000000000Z,982682
usdc,2022-09-13T00:00:00.000000000Z,901021
usdc,2022-09-14T00:00:00.000000000Z,859107
usdc,2022-09-15T00:00:00.000000000Z,891709
usdc,2022-09-16T00:00:00.000000000Z,705636
usdc,2022-09-17T00:00:00.000000000Z,612574
usdc,2022-09-18T00:00:00.000000000Z,685981
usdc,2022-09-19T00:00:00.000000000Z,811278
usdc,2022-09-20T00:00:00.000000000Z,779316
usdc,2022-09-21T00:00:00.000000000Z,679693
usdc,2022-09-22T00:00:00.000000000Z,728217
usdc,2022-09-23T00:00:00.000000000Z,884573
usdc,2022-09-24T00:00:00.000000000Z,705150
usdc,2022-09-25T00:00:00.000000000Z,598968
usdc,2022-09-26T00:00:00.000000000Z,750463
usdc,2022-09-27T00:00:00.000000000Z,848312
usdc,2022-09-28T00:00:00.000000000Z,761965
usdc,2022-09-29T00:00:00.000000000Z,701209
usdc,2022-09-30T00:00:00.000000000Z,638971
usdc,2022-10-01T00:00:00.000000000Z,394402
usdc,2022-10-02T00:00:00.000000000Z,483487
usdc,2022-10-03T00:00:00.000000000Z,547120
usdc,2022-10-04T00:00:00.000000000Z,599864
usdc,2022-10-05T00:00:00.000000000Z,544296
usdc,2022-10-06T00:00:00.000000000Z,600064
usdc,2022-10-07T00:00:00.000000000Z,537980
usdc,2022-10-08T00:00:00.000000000Z,390545
usdc,2022-10-09T00:00:00.000000000Z,384155
usdc,2022-10-10T00:00:00.000000000Z,485111
usdc,2022-10-11T00:00:00.000000000Z,667278
usdc,2022-10-12T00:00:00.000000000Z,445954
usdc,2022-10-13T00:00:00.000000000Z,575862
usdc,2022-10-14T00:00:00.000000000Z,474876
usdc,2022-10-15T00:00:00.000000000Z,360613
usdc,2022-10-16T00:00:00.000000000Z,362960
usdc,2022-10-17T00:00:00.000000000Z,423857
usdc,2022-10-18T00:00:00.000000000Z,460468
usdc,2022-10-19T00:00:00.000000000Z,406059
usdc,2022-10-20T00:00:00.000000000Z,448930
usdc,2022-10-21T00:00:00.000000000Z,482514
usdc,2022-10-22T00:00:00.000000000Z,313648
usdc,2022-10-23T00:00:00.000000000Z,406427
usdc,2022-10-24T00:00:00.000000000Z,489950
usdc,2022-10-25T00:00:00.000000000Z,653366
usdc,2022-10-26T00:00:00.000000000Z,636452
usdc,2022-10-27T00:00:00.000000000Z,603116
usdc,2022-10-28T00:00:00.000000000Z,542447
usdc,2022-10-29T00:00:00.000000000Z,495928
usdc,2022-10-30T00:00:00.000000000Z,473988
usdc,2022-10-31T00:00:00.000000000Z,692937
usdc,2022-11-01T00:00:00.000000000Z,591122
usdc,2022-11-02T00:00:00.000000000Z,571704
usdc,2022-11-03T00:00:00.000000000Z,486295
usdc,2022-11-04T00:00:00.000000000Z,609459
usdc,2022-11-05T00:00:00.000000000Z,677659
usdc,2022-11-06T00:00:00.000000000Z,606052
usdc,2022-11-07T00:00:00.000000000Z,786383
usdc,2022-11-08T00:00:00.000000000Z,1358450
usdc,2022-11-09T00:00:00.000000000Z,1478690
usdc,2022-11-10T00:00:00.000000000Z,1571221
usdc,2022-11-11T00:00:00.000000000Z,1214622
usdc,2022-11-12T00:00:00.000000000Z,834515
usdc,2022-11-13T00:00:00.000000000Z,917936
usdc,2022-11-14T00:00:00.000000000Z,1142639
usdc,2022-11-15T00:00:00.000000000Z,749242
usdc,2022-11-16T00:00:00.000000000Z,536135
usdc,2022-11-17T00:00:00.000000000Z,998677
usdc,2022-11-18T00:00:00.000000000Z,841015
usdc,2022-11-19T00:00:00.000000000Z,530122
usdc,2022-11-20T00:00:00.000000000Z,848033
usdc,2022-11-21T00:00:00.000000000Z,1074967
usdc,2022-11-22T00:00:00.000000000Z,825450
usdc,2022-11-23T00:00:00.000000000Z,1366120
usdc,2022-11-24T00:00:00.000000000Z,848212
usdc,2022-11-25T00:00:00.000000000Z,646889
usdc,2022-11-26T00:00:00.000000000Z,629936
usdc,2022-11-27T00:00:00.000000000Z,363077
usdc,2022-11-28T00:00:00.000000000Z,582442
usdc,2022-11-29T00:00:00.000000000Z,483484
usdc,2022-11-30T00:00:00.000000000Z,505191
usdc,2022-12-01T00:00:00.000000000Z,429524
usdc,2022-12-02T00:00:00.000000000Z,404248
usdc,2022-12-03T00:00:00.000000000Z,404538
usdc,2022-12-04T00:00:00.000000000Z,339214
usdc,2022-12-05T00:00:00.000000000Z,656558
usdc,2022-12-06T00:00:00.000000000Z,485363
usdc,2022-12-07T00:00:00.000000000Z,395281
usdc,2022-12-08T00:00:00.000000000Z,373415
usdc,2022-12-09T00:00:00.000000000Z,397036
usdc,2022-12-10T00:00:00.000000000Z,250777
usdc,2022-12-11T00:00:00.000000000Z,275768
usdc,2022-12-12T00:00:00.000000000Z,421413
usdc,2022-12-13T00:00:00.000000000Z,656004
usdc,2022-12-14T00:00:00.000000000Z,592442
usdc,2022-12-15T00:00:00.000000000Z,480890
usdc,2022-12-16T00:00:00.000000000Z,569898
usdc,2022-12-17T00:00:00.000000000Z,444404
usdc,2022-12-18T00:00:00.000000000Z,326406
usdc,2022-12-19T00:00:00.000000000Z,497671
usdc,2022-12-20T00:00:00.000000000Z,546844
usdc,2022-12-21T00:00:00.000000000Z,489693
usdc,2022-12-22T00:00:00.000000000Z,550247
usdc,2022-12-23T00:00:00.000000000Z,401467
usdc,2022-12-24T00:00:00.000000000Z,415077
usdc,2022-12-25T00:00:00.000000000Z,343575
usdc,2022-12-26T00:00:00.000000000Z,422527
usdc,2022-12-27T00:00:00.000000000Z,443587
usdc,2022-12-28T00:00:00.000000000Z,729732
usdc,2022-12-29T00:00:00.000000000Z,1220864
usdc,2022-12-30T00:00:00.000000000Z,1066360
usdc,2022-12-31T00:00:00.000000000Z,570542
usdc,2023-01-01T00:00:00.000000000Z,458210
usdc,2023-01-02T00:00:00.000000000Z,956257
usdc,2023-01-03T00:00:00.000000000Z,1867911
usdc,2023-01-04T00:00:00.000000000Z,1624383
usdc,2023-01-05T00:00:00.000000000Z,1373457
usdc,2023-01-06T00:00:00.000000000Z,897681
usdc,2023-01-07T00:00:00.000000000Z,549172
usdc,2023-01-08T00:00:00.000000000Z,745435
usdc,2023-01-09T00:00:00.000000000Z,1216349
usdc,2023-01-10T00:00:00.000000000Z,908088
usdc,2023-01-11T00:00:00.000000000Z,815056
usdc,2023-01-12T00:00:00.000000000Z,865041
usdc,2023-01-13T00:00:00.000000000Z,874871
usdc,2023-01-14T00:00:00.000000000Z,1693948
usdc,2023-01-15T00:00:00.000000000Z,1395743
usdc,2023-01-16T00:00:00.000000000Z,1360736
usdc,2023-01-17T00:00:00.000000000Z,918846
usdc,2023-01-18T00:00:00.000000000Z,990896
usdc,2023-01-19T00:00:00.000000000Z,815959
usdc,2023-01-20T00:00:00.000000000Z,807383
usdc,2023-01-21T00:00:00.000000000Z,875233
usdc,2023-01-22T00:00:00.000000000Z,980476
usdc,2023-01-23T00:00:00.000000000Z,1031372
usdc,2023-01-24T00:00:00.000000000Z,806912
usdc,2023-01-25T00:00:00.000000000Z,975869
usdc,2023-01-26T00:00:00.000000000Z,915563
usdc,2023-01-27T00:00:00.000000000Z,862270
usdc,2023-01-28T00:00:00.000000000Z,785423
usdc,2023-01-29T00:00:00.000000000Z,924157
usdc,2023-01-30T00:00:00.000000000Z,979769
usdc,2023-01-31T00:00:00.000000000Z,754929
usdc,2023-02-01T00:00:00.000000000Z,985197
usdc,2023-02-02T00:00:00.000000000Z,926029
usdc,2023-02-03T00:00:00.000000000Z,779642
usdc,2023-02-04T00:00:00.000000000Z,770108
usdc,2023-02-05T00:00:00.000000000Z,817427
usdc,2023-02-06T00:00:00.000000000Z,898793
usdc,2023-02-07T00:00:00.000000000Z,1011194
usdc,2023-02-08T00:00:00.000000000Z,958438
usdc,2023-02-09T00:00:00.000000000Z,945324
usdc,2023-02-10T00:00:00.000000000Z,882274
usdc,2023-02-11T00:00:00.000000000Z,525736
usdc,2023-02-12T00:00:00.000000000Z,584940
usdc,2023-02-13T00:00:00.000000000Z,806835
usdc,2023-02-14T00:00:00.000000000Z,706518
usdc,2023-02-15T00:00:00.000000000Z,695881
usdc,2023-02-16T00:00:00.000000000Z,929725
usdc,2023-02-17T00:00:00.000000000Z,761301
usdc,2023-02-18T00:00:00.000000000Z,780081
usdc,2023-02-19T00:00:00.000000000Z,799261
usdc,2023-02-20T00:00:00.000000000Z,937149
usdc,2023-02-21T00:00:00.000000000Z,824751
usdc,2023-02-22T00:00:00.000000000Z,798301
usdc,2023-02-23T00:00:00.000000000Z,681823
usdc,2023-02-24T00:00:00.000000000Z,735195
usdc,2023-02-25T00:00:00.000000000Z,186448
usdc,2023-02-26T00:00:00.000000000Z,623514
usdc,2023-02-27T00:00:00.000000000Z,666295
usdc,2023-02-28T00:00:00.000000000Z,632687
usdc,2023-03-01T00:00:00.000000000Z,596424
usdc,2023-03-02T00:00:00.000000000Z,588878
usdc,2023-03-03T00:00:00.000000000Z,710834
usdc,2023-03-04T00:00:00.000000000Z,547397
usdc,2023-03-05T00:00:00.000000000Z,531868
usdc,2023-03-06T00:00:00.000000000Z,553481
usdc,2023-03-07T00:00:00.000000000Z,615800
usdc,2023-03-08T00:00:00.000000000Z,716552
usdc,2023-03-09T00:00:00.000000000Z,783771
usdc,2023-03-10T00:00:00.000000000Z,1063036
usdc,2023-03-11T00:00:00.000000000Z,1549347
usdc,2023-03-12T00:00:00.000000000Z,909136
usdc,2023-03-13T00:00:00.000000000Z,1124061
usdc,2023-03-14T00:00:00.000000000Z,1111997
usdc,2023-03-15T00:00:00.000000000Z,1003278
usdc,2023-03-16T00:00:00.000000000Z,867522
usdc,2023-03-17T00:00:00.000000000Z,923562
usdc,2023-03-18T00:00:00.000000000Z,1033411
usdc,2023-03-19T00:00:00.000000000Z,860587
usdc,2023-03-20T00:00:00.000000000Z,1271949
usdc,2023-03-21T00:00:00.000000000Z,1090616
usdc,2023-03-22T00:00:00.000000000Z,718631
usdc,2023-03-23T00:00:00.000000000Z,934457
usdc,2023-03-24T00:00:00.000000000Z,819452
usdc,2023-03-25T00:00:00.000000000Z,656386
usdc,2023-03-26T00:00:00.000000000Z,607665
usdc,2023-03-27T00:00:00.000000000Z,673149
usdc,2023-03-28T00:00:00.000000000Z,673478
usdc,2023-03-29T00:00:00.000000000Z,657670
usdc,2023-03-30T00:00:00.000000000Z,679728
usdc,2023-03-31T00:00:00.000000000Z,671528
usdc,2023-04-01T00:00:00.000000000Z,519284
usdc,2023-04-02T00:00:00.000000000Z,557271
usdc,2023-04-03T00:00:00.000000000Z,677292
usdc,2023-04-04T00:00:00.000000000Z,603801
usdc,2023-04-05T00:00:00.000000000Z,583630
usdc,2023-04-06T00:00:00.000000000Z,593166
usdc,2023-04-07T00:00:00.000000000Z,543579
usdc,2023-04-08T00:00:00.000000000Z,504310
usdc,2023-04-09T00:00:00.000000000Z,507783
usdc,2023-04-10T00:00:00.000000000Z,599907
usdc,2023-04-11T00:00:00.000000000Z,939625
usdc,2023-04-12T00:00:00.000000000Z,1074500
usdc,2023-04-13T00:00:00.000000000Z,910500
usdc,2023-04-14T00:00:00.000000000Z,889001
usdc,2023-04-15T00:00:00.000000000Z,641751
usdc,2023-04-16T00:00:00.000000000Z,687097
usdc,2023-04-17T00:00:00.000000000Z,878401
usdc,2023-04-18T00:00:00.000000000Z,801221
usdc,2023-04-19T00:00:00.000000000Z,768932
usdc,2023-04-20T00:00:00.000000000Z,877339
usdc,2023-04-21T00:00:00.000000000Z,906203
usdc,2023-04-22T00:00:00.000000000Z,626454
usdc,2023-04-23T00:00:00.000000000Z,663756
usdc,2023-04-24T00:00:00.000000000Z,758675
usdc,2023-04-25T00:00:00.000000000Z,799338
usdc,2023-04-26T00:00:00.000000000Z,857191
usdc,2023-04-27T00:00:00.000000000Z,876354
usdc,2023-04-28T00:00:00.000000000Z,779766
usdc,2023-04-29T00:00:00.000000000Z,651619
usdc,2023-04-30T00:00:00.000000000Z,675961
usdc,2023-05-01T00:00:00.000000000Z,781374
usdc,2023-05-02T00:00:00.000000000Z,658218
usdc,2023-05-03T00:00:00.000000000Z,714512
usdc,2023-05-04T00:00:00.000000000Z,829216
usdc,2023-05-05T00:00:00.000000000Z,902109
usdc,2023-05-06T00:00:00.000000000Z,1007602
usdc,2023-05-07T00:00:00.000000000Z,852906
usdc,2023-05-08T00:00:00.000000000Z,1054767
usdc,2023-05-09T00:00:00.000000000Z,809092
usdc,2023-05-10T00:00:00.000000000Z,889530
usdc,2023-05-11T00:00:00.000000000Z,912363
usdc,2023-05-12T00:00:00.000000000Z,911684
usdc,2023-05-13T00:00:00.000000000Z,997808
usdc,2023-05-14T00:00:00.000000000Z,959177
usdc,2023-05-15T00:00:00.000000000Z,843275
usdc,2023-05-16T00:00:00.000000000Z,718463
usdc,2023-05-17T00:00:00.000000000Z,825984
usdc,2023-05-18T00:00:00.000000000Z,854607
usdc,2023-05-19T00:00:00.000000000Z,712728
usdc,2023-05-20T00:00:00.000000000Z,718660
usdc,2023-05-21T00:00:00.000000000Z,578023
usdc,2023-05-22T00:00:00.000000000Z,730418
usdc,2023-05-23T00:00:00.000000000Z,750454
usdc,2023-05-24T00:00:00.000000000Z,967856
usdc,2023-05-25T00:00:00.000000000Z,810453
usdc,2023-05-26T00:00:00.000000000Z,801066
usdc,2023-05-27T00:00:00.000000000Z,875180
usdc,2023-05-28T00:00:00.000000000Z,969368
usdc,2023-05-29T00:00:00.000000000Z,834800
usdc,2023-05-30T00:00:00.000000000Z,1020274
usdc,2023-05-31T00:00:00.000000000Z,1130846
usdc,2023-06-01T00:00:00.000000000Z,1006563
usdc,2023-06-02T00:00:00.000000000Z,795018
usdc,2023-06-03T00:00:00.000000000Z,808288
usdc,2023-06-04T00:00:00.000000000Z,881649
usdc,2023-06-05T00:00:00.000000000Z,1040385
usdc,2023-06-06T00:00:00.000000000Z,784154
usdc,2023-06-07T00:00:00.000000000Z,804672
usdc,2023-06-08T00:00:00.000000000Z,718752
usdc,2023-06-09T00:00:00.000000000Z,757963
usdc,2023-06-10T00:00:00.000000000Z,1254551
usdc,2023-06-11T00:00:00.000000000Z,837834
usdc,2023-06-12T00:00:00.000000000Z,739911
usdc,2023-06-13T00:00:00.000000000Z,765556
usdc,2023-06-14T00:00:00.000000000Z,753544
usdc,2023-06-15T00:00:00.000000000Z,826687
usdc,2023-06-16T00:00:00.000000000Z,682204
usdc,2023-06-17T00:00:00.000000000Z,594366
usdc,2023-06-18T00:00:00.000000000Z,586362
usdc,2023-06-19T00:00:00.000000000Z,637757
usdc,2023-06-20T00:00:00.000000000Z,714010
usdc,2023-06-21T00:00:00.000000000Z,851995
usdc,2023-06-22T00:00:00.000000000Z,807434
usdc,2023-06-23T00:00:00.000000000Z,851791
usdc,2023-06-24T00:00:00.000000000Z,771329
usdc,2023-06-25T00:00:00.000000000Z,739820
usdc,2023-06-26T00:00:00.000000000Z,685244
usdc,2023-06-27T00:00:00.000000000Z,779681
usdc,2023-06-28T00:00:00.000000000Z,772203
usdc,2023-06-29T00:00:00.000000000Z,985508
usdc,2023-06-30T00:00:00.000000000Z,1281325
usdc,2023-07-01T00:00:00.000000000Z,694015
usdc,2023-07-02T00:00:00.000000000Z,834932
usdc,2023-07-03T00:00:00.000000000Z,759600
usdc,2023-07-04T00:00:00.000000000Z,731318
usdc,2023-07-05T00:00:00.000000000Z,648670
usdc,2023-07-06T00:00:00.000000000Z,1055063
usdc,2023-07-07T00:00:00.000000000Z,1022807
usdc,2023-07-08T00:00:00.000000000Z,827473
usdc,2023-07-09T00:00:00.000000000Z,668627
usdc,2023-07-10T00:00:00.000000000Z,840037
usdc,2023-07-11T00:00:00.000000000Z,851449
usdc,2023-07-12T00:00:00.000000000Z,699424
usdc,2023-07-13T00:00:00.000000000Z,1109740
usdc,2023-07-14T00:00:00.000000000Z,1428425
usdc,2023-07-15T00:00:00.000000000Z,1113794
usdc,2023-07-16T00:00:00.000000000Z,885718
usdc,2023-07-17T00:00:00.000000000Z,1021301
usdc,2023-07-18T00:00:00.000000000Z,837362
usdc,2023-07-19T00:00:00.000000000Z,858451
usdc,2023-07-20T00:00:00.000000000Z,824415
usdc,2023-07-21T00:00:00.000000000Z,690885
usdc,2023-07-22T00:00:00.000000000Z,647144
usdc,2023-07-23T00:00:00.000000000Z,702703
usdc,2023-07-24T00:00:00.000000000Z,778747
usdc,2023-07-25T00:00:00.000000000Z,683313
usdc,2023-07-26T00:00:00.000000000Z,861284
usdc,2023-07-27T00:00:00.000000000Z,735465
usdc,2023-07-28T00:00:00.000000000Z,608258
usdc,2023-07-29T00:00:00.000000000Z,514888
usdc,2023-07-30T00:00:00.000000000Z,564958
usdc,2023-07-31T00:00:00.000000000Z,676593
usdc,2023-08-01T00:00:00.000000000Z,723369
usdc,2023-08-02T00:00:00.000000000Z,669276
usdc,2023-08-03T00:00:00.000000000Z,605195
usdc,2023-08-04T00:00:00.000000000Z,622443
usdc,2023-08-05T00:00:00.000000000Z,851299
usdc,2023-08-06T00:00:00.000000000Z,788749
usdc,2023-08-07T00:00:00.000000000Z,901276
usdc,2023-08-08T00:00:00.000000000Z,674970
usdc,2023-08-09T00:00:00.000000000Z,595491
usdc,2023-08-10T00:00:00.000000000Z,521905
usdc,2023-08-11T00:00:00.000000000Z,516835
usdc,2023-08-12T00:00:00.000000000Z,476908
usdc,2023-08-13T00:00:00.000000000Z,482137
usdc,2023-08-14T00:00:00.000000000Z,577130
usdc,2023-08-15T00:00:00.000000000Z,615535
usdc,2023-08-16T00:00:00.000000000Z,741607
usdc,2023-08-17T00:00:00.000000000Z,929880
usdc,2023-08-18T00:00:00.000000000Z,885925
usdc,2023-08-19T00:00:00.000000000Z,666219
usdc,2023-08-20T00:00:00.000000000Z,498437
usdc,2023-08-21T00:00:00.000000000Z,646786
usdc,2023-08-22T00:00:00.000000000Z,755522
usdc,2023-08-23T00:00:00.000000000Z,742151
usdc,2023-08-24T00:00:00.000000000Z,682548
usdc,2023-08-25T00:00:00.000000000Z,688515
usdc,2023-08-26T00:00:00.000000000Z,518425
usdc,2023-08-27T00:00:00.000000000Z,560692
usdc,2023-08-28T00:00:00.000000000Z,587724
usdc,2023-08-29T00:00:00.000000000Z,734771
usdc,2023-08-30T00:00:00.000000000Z,609641
usdc,2023-08-31T00:00:00.000000000Z,653550
usdc,2023-09-01T00:00:00.000000000Z,621256
usdc,2023-09-02T00:00:00.000000000Z,486807
usdc,2023-09-03T00:00:00.000000000Z,464874
usdc,2023-09-04T00:00:00.000000000Z,564025
usdc,2023-09-05T00:00:00.000000000Z,627288
usdc,2023-09-06T00:00:00.000000000Z,593339
usdc,2023-09-07T00:00:00.000000000Z,479677
usdc,2023-09-08T00:00:00.000000000Z,490239
usdc,2023-09-09T00:00:00.000000000Z,377627
usdc,2023-09-10T00:00:00.000000000Z,547010
usdc,2023-09-11T00:00:00.000000000Z,665721
usdc,2023-09-12T00:00:00.000000000Z,669487
usdc,2023-09-13T00:00:00.000000000Z,613521
usdc,2023-09-14T00:00:00.000000000Z,629009
usdc,2023-09-15T00:00:00.000000000Z,526956
usdc,2023-09-16T00:00:00.000000000Z,475341
usdc,2023-09-17T00:00:00.000000000Z,468447
usdc,2023-09-18T00:00:00.000000000Z,661594
usdc,2023-09-19T00:00:00.000000000Z,618686
usdc,2023-09-20T00:00:00.000000000Z,583172
usdc,2023-09-21T00:00:00.000000000Z,590008
usdc,2023-09-22T00:00:00.000000000Z,507205
usdc,2023-09-23T00:00:00.000000000Z,423976
usdc,2023-09-24T00:00:00.000000000Z,508857
usdc,2023-09-25T00:00:00.000000000Z,514766
usdc,2023-09-26T00:00:00.000000000Z,456227
usdc,2023-09-27T00:00:00.000000000Z,597897
usdc,2023-09-28T00:00:00.000000000Z,752903
usdc,2023-09-29T00:00:00.000000000Z,838744
usdc,2023-09-30T00:00:00.000000000Z,737632
usdc,2023-10-01T00:00:00.000000000Z,845260
usdc,2023-10-02T00:00:00.000000000Z,962395
usdc,2023-10-03T00:00:00.000000000Z,904771
usdc,2023-10-04T00:00:00.000000000Z,811380
usdc,2023-10-05T00:00:00.000000000Z,685321
usdc,2023-10-06T00:00:00.000000000Z,745702
usdc,2023-10-07T00:00:00.000000000Z,563996
usdc,2023-10-08T00:00:00.000000000Z,470946
usdc,2023-10-09T00:00:00.000000000Z,584394
usdc,2023-10-10T00:00:00.000000000Z,548134
usdc,2023-10-11T00:00:00.000000000Z,582700
usdc,2023-10-12T00:00:00.000000000Z,582371
usdc,2023-10-13T00:00:00.000000000Z,542221
usdc,2023-10-14T00:00:00.000000000Z,424969
usdc,2023-10-15T00:00:00.000000000Z,464185
usdc,2023-10-16T00:00:00.000000000Z,769535
usdc,2023-10-17T00:00:00.000000000Z,679641
usdc,2023-10-18T00:00:00.000000000Z,577698
usdc,2023-10-19T00:00:00.000000000Z,771603
usdc,2023-10-20T00:00:00.000000000Z,855165
usdc,2023-10-21T00:00:00.000000000Z,822300
usdc,2023-10-22T00:00:00.000000000Z,732127
usdc,2023-10-23T00:00:00.000000000Z,1128360
usdc,2023-10-24T00:00:00.000000000Z,1238698
usdc,2023-10-25T00:00:00.000000000Z,1294574
usdc,2023-10-26T00:00:00.000000000Z,1157575
usdc,2023-10-27T00:00:00.000000000Z,1003601
usdc,2023-10-28T00:00:00.000000000Z,788746
usdc,2023-10-29T00:00:00.000000000Z,739088
usdc,2023-10-30T00:00:00.000000000Z,1049753
usdc,2023-10-31T00:00:00.000000000Z,1239033
usdc,2023-11-01T00:00:00.000000000Z,1998476
usdc,2023-11-02T00:00:00.000000000Z,2129339
usdc,2023-11-03T00:00:00.000000000Z,1775685
usdc,2023-11-04T00:00:00.000000000Z,1759012
usdc,2023-11-05T00:00:00.000000000Z,1273102
usdc,2023-11-06T00:00:00.000000000Z,1136839
usdc,2023-11-07T00:00:00.000000000Z,1497369
usdc,2023-11-08T00:00:00.000000000Z,1195504
usdc,2023-11-09T00:00:00.000000000Z,1975483
usdc,2023-11-10T00:00:00.000000000Z,2301311
usdc,2023-11-11T00:00:00.000000000Z,2414490
usdc,2023-11-12T00:00:00.000000000Z,2010490
usdc,2023-11-13T00:00:00.000000000Z,2140752
usdc,2023-11-14T00:00:00.000000000Z,2099911
usdc,2023-11-15T00:00:00.000000000Z,1972515
usdc,2023-11-16T00:00:00.000000000Z,2193123
usdc,2023-11-17T00:00:00.000000000Z,2014383
usdc,2023-11-18T00:00:00.000000000Z,1397527
usdc,2023-11-19T00:00:00.000000000Z,1478181
usdc,2023-11-20T00:00:00.000000000Z,1935894
usdc,2023-11-21T00:00:00.000000000Z,2101162
usdc,2023-11-22T00:00:00.000000000Z,2006642
usdc,2023-11-23T00:00:00.000000000Z,1567503
usdc,2023-11-24T00:00:00.000000000Z,1439172
usdc,2023-11-25T00:00:00.000000000Z,1288924
usdc,2023-11-26T00:00:00.000000000Z,1243922
usdc,2023-11-27T00:00:00.000000000Z,1493972
usdc,2023-11-28T00:00:00.000000000Z,1480312
usdc,2023-11-29T00:00:00.000000000Z,1447882
usdc,2023-11-30T00:00:00.000000000Z,1353160
usdc,2023-12-01T00:00:00.000000000Z,1430200
usdc,2023-12-02T00:00:00.000000000Z,1271946
usdc,2023-12-03T00:00:00.000000000Z,1244680
usdc,2023-12-04T00:00:00.000000000Z,1969254
usdc,2023-12-05T00:00:00.000000000Z,1948525
usdc,2023-12-06T00:00:00.000000000Z,2368824
usdc,2023-12-07T00:00:00.000000000Z,2450492
usdc,2023-12-08T00:00:00.000000000Z,2880147
usdc,2023-12-09T00:00:00.000000000Z,2657638
usdc,2023-12-10T00:00:00.000000000Z,2132000
usdc,2023-12-11T00:00:00.000000000Z,2864322
usdc,2023-12-12T00:00:00.000000000Z,2510606
usdc,2023-12-13T00:00:00.000000000Z,2413177
usdc,2023-12-14T00:00:00.000000000Z,2919334
usdc,2023-12-15T00:00:00.000000000Z,3067617
usdc,2023-12-16T00:00:00.000000000Z,2341639
usdc,2023-12-17T00:00:00.000000000Z,2261951
usdc,2023-12-18T00:00:00.000000000Z,2640755
usdc,2023-12-19T00:00:00.000000000Z,2536986
usdc,2023-12-20T00:00:00.000000000Z,2565985
usdc,2023-12-21T00:00:00.000000000Z,2725954
usdc,2023-12-22T00:00:00.000000000Z,2917299
usdc,2023-12-23T00:00:00.000000000Z,2146363
usdc,2023-12-24T00:00:00.000000000Z,2460435
usdc,2023-12-25T00:00:00.000000000Z,2306775
usdc,2023-12-26T00:00:00.000000000Z,2481628
usdc,2023-12-27T00:00:00.000000000Z,2375470
usdc,2023-12-28T00:00:00.000000000Z,2379065
usdc,2023-12-29T00:00:00.000000000Z,2407355
usdc,2023-12-30T00:00:00.000000000Z,2112945
usdc,2023-12-31T00:00:00.000000000Z,2084652
usdc,2024-01-01T00:00:00.000000000Z,2043219
usdc,2024-01-02T00:00:00.000000000Z,2380441
usdc,2024-01-03T00:00:00.000000000Z,2560558
usdc,2024-01-04T00:00:00.000000000Z,2302056
usdc,2024-01-05T00:00:00.000000000Z,2175403
usdc,2024-01-06T00:00:00.000000000Z,1941167
usdc,2024-01-07T00:00:00.000000000Z,1839575
usdc,2024-01-08T00:00:00.000000000Z,2305896
usdc,2024-01-09T00:00:00.000000000Z,2391279
usdc,2024-01-10T00:00:00.000000000Z,2393923
usdc,2024-01-11T00:00:00.000000000Z,2402032
usdc,2024-01-12T00:00:00.000000000Z,2296545
usdc,2024-01-13T00:00:00.000000000Z,1995474
usdc,2024-01-14T00:00:00.000000000Z,2133030
usdc,2024-01-15T00:00:00.000000000Z,1892316
usdc,2024-01-16T00:00:00.000000000Z,1976430
usdc,2024-01-17T00:00:00.000000000Z,2272942
usdc,2024-01-18T00:00:00.000000000Z,2515283
usdc,2024-01-19T00:00:00.000000000Z,2638169
usdc,2024-01-20T00:00:00.000000000Z,2156543
usdc,2024-01-21T00:00:00.000000000Z,1990312
usdc,2024-01-22T00:00:00.000000000Z,2564346
usdc,2024-01-23T00:00:00.000000000Z,2597756
usdc,2024-01-24T00:00:00.000000000Z,2439252
usdc,2024-01-25T00:00:00.000000000Z,2496695
usdc,2024-01-26T00:00:00.000000000Z,2998362
usdc,2024-01-27T00:00:00.000000000Z,2543844
usdc,2024-01-28T00:00:00.000000000Z,2708156
usdc,2024-01-29T00:00:00.000000000Z,3065722
usdc,2024-01-30T00:00:00.000000000Z,3047857
usdc,2024-01-31T00:00:00.000000000Z,3969063
usdc,2024-02-01T00:00:00.000000000Z,3256353
usdc,2024-02-02T00:00:00.000000000Z,2952718
usdc,2024-02-03T00:00:00.000000000Z,2327768
usdc,2024-02-04T00:00:00.000000000Z,2527754
usdc,2024-02-05T00:00:00.000000000Z,2806833
usdc,2024-02-06T00:00:00.000000000Z,2084551
usdc,2024-02-07T00:00:00.000000000Z,2957103
usdc,2024-02-08T00:00:00.000000000Z,2966703
usdc,2024-02-09T00:00:00.000000000Z,2878578
usdc,2024-02-10T00:00:00.000000000Z,2735700
usdc,2024-02-11T00:00:00.000000000Z,2556602
usdc,2024-02-12T00:00:00.000000000Z,2769761
usdc,2024-02-13T00:00:00.000000000Z,2990401
usdc,2024-02-14T00:00:00.000000000Z,3415266
usdc,2024-02-15T00:00:00.000000000Z,3230785
usdc,2024-02-16T00:00:00.000000000Z,3083633
usdc,2024-02-17T00:00:00.000000000Z,2660985
usdc,2024-02-18T00:00:00.000000000Z,2722072
usdc,2024-02-19T00:00:00.000000000Z,3019955
usdc,2024-02-20T00:00:00.000000000Z,3016886
usdc,2024-02-21T00:00:00.000000000Z,2974208
usdc,2024-02-22T00:00:00.000000000Z,2860639
usdc,2024-02-23T00:00:00.000000000Z,3029151
usdc,2024-02-24T00:00:00.000000000Z,2646584
usdc,2024-02-25T00:00:00.000000000Z,2492382
usdc,2024-02-26T00:00:00.000000000Z,3009973
usdc,2024-02-27T00:00:00.000000000Z,3779447
usdc,2024-02-28T00:00:00.000000000Z,3951485
usdc,2024-02-29T00:00:00.000000000Z,4124404
usdc,2024-03-01T00:00:00.000000000Z,3688151
usdc,2024-03-02T00:00:00.000000000Z,3430240
usdc,2024-03-03T00:00:00.000000000Z,3685363
usdc,2024-03-04T00:00:00.000000000Z,3795396
usdc,2024-03-05T00:00:00.000000000Z,4252175
usdc,2024-03-06T00:00:00.000000000Z,4023073
usdc,2024-03-07T00:00:00.000000000Z,4034759
usdc,2024-03-08T00:00:00.000000000Z,3989797
usdc,2024-03-09T00:00:00.000000000Z,3666945
usdc,2024-03-10T00:00:00.000000000Z,3384565
usdc,2024-03-11T00:00:00.000000000Z,3672848
usdc,2024-03-12T00:00:00.000000000Z,3586474
usdc,2024-03-13T00:00:00.000000000Z,3388735
usdc,2024-03-14T00:00:00.000000000Z,3786747
usdc,2024-03-15T00:00:00.000000000Z,4076726
usdc,2024-03-16T00:00:00.000000000Z,3987973
usdc,2024-03-17T00:00:00.000000000Z,3895235
usdc,2024-03-18T00:00:00.000000000Z,4158519
usdc,2024-03-19T00:00:00.000000000Z,4559358
usdc,2024-03-20T00:00:00.000000000Z,4155250
usdc,2024-03-21T00:00:00.000000000Z,3702990
usdc,2024-03-22T00:00:00.000000000Z,3691845
usdc,2024-03-23T00:00:00.000000000Z,3198621
usdc,2024-03-24T00:00:00.000000000Z,3362457
usdc,2024-03-25T00:00:00.000000000Z,3698781
usdc,2024-03-26T00:00:00.000000000Z,3718571
usdc,2024-03-27T00:00:00.000000000Z,3782131
usdc,2024-03-28T00:00:00.000000000Z,3859931
usdc,2024-03-29T00:00:00.000000000Z,3761673
usdc,2024-03-30T00:00:00.000000000Z,3761529
usdc,2024-03-31T00:00:00.000000000Z,3286387
usdc,2024-04-01T00:00:00.000000000Z,3594781
usdc,2024-04-02T00:00:00.000000000Z,3846411
usdc,2024-04-03T00:00:00.000000000Z,3441731
usdc,2024-04-04T00:00:00.000000000Z,2990362
usdc,2024-04-05T00:00:00.000000000Z,2727160
usdc,2024-04-06T00:00:00.000000000Z,2356128
usdc,2024-04-07T00:00:00.000000000Z,2294595
usdc,2024-04-08T00:00:00.000000000Z,2725535
usdc,2024-04-09T00:00:00.000000000Z,2797822
usdc,2024-04-10T00:00:00.000000000Z,2873535
usdc,2024-04-11T00:00:00.000000000Z,2950628
usdc,2024-04-12T00:00:00.000000000Z,3265755
usdc,2024-04-13T00:00:00.000000000Z,3810195
usdc,2024-04-14T00:00:00.000000000Z,3657417
usdc,2024-04-15T00:00:00.000000000Z,3397548
usdc,2024-04-16T00:00:00.000000000Z,3914687
usdc,2024-04-17T00:00:00.000000000Z,3926897
usdc,2024-04-18T00:00:00.000000000Z,3831254
usdc,2024-04-19T00:00:00.000000000Z,4168636
usdc,2024-04-20T00:00:00.000000000Z,3816323
usdc,2024-04-21T00:00:00.000000000Z,3604365
usdc,2024-04-22T00:00:00.000000000Z,3869283
usdc,2024-04-23T00:00:00.000000000Z,3721295
usdc,2024-04-24T00:00:00.000000000Z,4030267
usdc,2024-04-25T00:00:00.000000000Z,3921045
usdc,2024-04-26T00:00:00.000000000Z,2638029
usdc,2024-04-27T00:00:00.000000000Z,3453069
usdc,2024-04-28T00:00:00.000000000Z,3147352
usdc,2024-04-29T00:00:00.000000000Z,3354415
usdc,2024-04-30T00:00:00.000000000Z,3822595
usdc,2024-05-01T00:00:00.000000000Z,3964109
usdc,2024-05-02T00:00:00.000000000Z,3595074
usdc,2024-05-03T00:00:00.000000000Z,3339769
usdc,2024-05-04T00:00:00.000000000Z,3092320
usdc,2024-05-05T00:00:00.000000000Z,2699023
usdc,2024-05-06T00:00:00.000000000Z,3150623
usdc,2024-05-07T00:00:00.000000000Z,3115231
usdc,2024-05-08T00:00:00.000000000Z,2996172
usdc,2024-05-09T00:00:00.000000000Z,2838439
usdc,2024-05-10T00:00:00.000000000Z,2895819
usdc,2024-05-11T00:00:00.000000000Z,2491574
usdc,2024-05-12T00:00:00.000000000Z,2422107
usdc,2024-05-13T00:00:00.000000000Z,3212063
usdc,2024-05-14T00:00:00.000000000Z,3081057
usdc,2024-05-15T00:00:00.000000000Z,3397146
usdc,2024-05-16T00:00:00.000000000Z,3381801
usdc,2024-05-17T00:00:00.000000000Z,3311347
usdc,2024-05-18T00:00:00.000000000Z,3069019
usdc,2024-05-19T00:00:00.000000000Z,2957867
usdc,2024-05-20T00:00:00.000000000Z,3707960
usdc,2024-05-21T00:00:00.000000000Z,3656507
usdc,2024-05-22T00:00:00.000000000Z,3755610
usdc,2024-05-23T00:00:00.000000000Z,3707240
usdc,2024-05-24T00:00:00.000000000Z,3387063
usdc,2024-05-25T00:00:00.000000000Z,3002119
usdc,2024-05-26T00:00:00.000000000Z,3048586
usdc,2024-05-27T00:00:00.000000000Z,3249194
usdc,2024-05-28T00:00:00.000000000Z,3520612
usdc,2024-05-29T00:00:00.000000000Z,3123002
usdc,2024-05-30T00:00:00.000000000Z,3040933
usdc,2024-05-31T00:00:00.000000000Z,3080731
usdc,2024-06-01T00:00:00.000000000Z,2556302
usdc,2024-06-02T00:00:00.000000000Z,2813381
usdc,2024-06-03T00:00:00.000000000Z,2971991
usdc,2024-06-04T00:00:00.000000000Z,3032138
usdc,2024-06-05T00:00:00.000000000Z,3106861
usdc,2024-06-06T00:00:00.000000000Z,3187280
usdc,2024-06-07T00:00:00.000000000Z,3483883
usdc,2024-06-08T00:00:00.000000000Z,2840984
usdc,2024-06-09T00:00:00.000000000Z,2771586
usdc,2024-06-10T00:00:00.000000000Z,2994902
usdc,2024-06-11T00:00:00.000000000Z,3358988
usdc,2024-06-12T00:00:00.000000000Z,2995210
usdc,2024-06-13T00:00:00.000000000Z,2886237
usdc,2024-06-14T00:00:00.000000000Z,2831630
usdc,2024-06-15T00:00:00.000000000Z,2498546
usdc,2024-06-16T00:00:00.000000000Z,2482232
usdc,2024-06-17T00:00:00.000000000Z,2914634
usdc,2024-06-18T00:00:00.000000000Z,3298814
usdc,2024-06-19T00:00:00.000000000Z,2861992
usdc,2024-06-20T00:00:00.000000000Z,3039749
usdc,2024-06-21T00:00:00.000000000Z,3208404
usdc,2024-06-22T00:00:00.000000000Z,2626366
usdc,2024-06-23T00:00:00.000000000Z,2713622
usdc,2024-06-24T00:00:00.000000000Z,3500029
usdc,2024-06-25T00:00:00.000000000Z,3294903
usdc,2024-06-26T00:00:00.000000000Z,3026248
usdc,2024-06-27T00:00:00.000000000Z,2885013
usdc,2024-06-28T00:00:00.000000000Z,3099818
usdc,2024-06-29T00:00:00.000000000Z,2633613
usdc,2024-06-30T00:00:00.000000000Z,2771601
usdc,2024-07-01T00:00:00.000000000Z,2870034
usdc,2024-07-02T00:00:00.000000000Z,2794814
usdc,2024-07-03T00:00:00.000000000Z,2977714
usdc,2024-07-04T00:00:00.000000000Z,3315056
usdc,2024-07-05T00:00:00.000000000Z,3813922
usdc,2024-07-06T00:00:00.000000000Z,2919555
usdc,2024-07-07T00:00:00.000000000Z,2556006
usdc,2024-07-08T00:00:00.000000000Z,3439712
usdc,2024-07-09T00:00:00.000000000Z,2929313
usdc,2024-07-10T00:00:00.000000000Z,2828098
usdc,2024-07-11T00:00:00.000000000Z,2951394
usdc,2024-07-12T00:00:00.000000000Z,2797145
usdc,2024-07-13T00:00:00.000000000Z,2251868
usdc,2024-07-14T00:00:00.000000000Z,2498399
usdc,2024-07-15T00:00:00.000000000Z,3021820
usdc,2024-07-16T00:00:00.000000000Z,3427918
usdc,2024-07-17T00:00:00.000000000Z,3615733
usdc,2024-07-18T00:00:00.000000000Z,3007003
usdc,2024-07-19T00:00:00.000000000Z,3178463
usdc,2024-07-20T00:00:00.000000000Z,2639521
usdc,2024-07-21T00:00:00.000000000Z,2938394
usdc,2024-07-22T00:00:00.000000000Z,2956224
usdc,2024-07-23T00:00:00.000000000Z,3054100
usdc,2024-07-24T00:00:00.000000000Z,3085767
usdc,2024-07-25T00:00:00.000000000Z,3686805
usdc,2024-07-26T00:00:00.000000000Z,3370876
usdc,2024-07-27T00:00:00.000000000Z,3368340
usdc,2024-07-28T00:00:00.000000000Z,3065221
usdc,2024-07-29T00:00:00.000000000Z,3478783
usdc,2024-07-30T00:00:00.000000000Z,3259775
usdc,2024-07-31T00:00:00.000000000Z,3369004
usdc,2024-08-01T00:00:00.000000000Z,3577037
usdc,2024-08-02T00:00:00.000000000Z,4034002
usdc,2024-08-03T00:00:00.000000000Z,3687823
usdc,2024-08-04T00:00:00.000000000Z,3824328
usdc,2024-08-05T00:00:00.000000000Z,5706299
usdc,2024-08-06T00:00:00.000000000Z,4425492
usdc,2024-08-07T00:00:00.000000000Z,4234072
usdc,2024-08-08T00:00:00.000000000Z,4110462
usdc,2024-08-09T00:00:00.000000000Z,4102742
usdc,2024-08-10T00:00:00.000000000Z,3329188
usdc,2024-08-11T00:00:00.000000000Z,3869125
usdc,2024-08-12T00:00:00.000000000Z,4513520
usdc,2024-08-13T00:00:00.000000000Z,3982007
usdc,2024-08-14T00:00:00.000000000Z,3933246
usdc,2024-08-15T00:00:00.000000000Z,4231806
usdc,2024-08-16T00:00:00.000000000Z,3905679
usdc,2024-08-17T00:00:00.000000000Z,3173176
usdc,2024-08-18T00:00:00.000000000Z,3218854
usdc,2024-08-19T00:00:00.000000000Z,3636031
usdc,2024-08-20T00:00:00.000000000Z,3629726
usdc,2024-08-21T00:00:00.000000000Z,3457921
usdc,2024-08-22T00:00:00.000000000Z,3350633
usdc,2024-08-23T00:00:00.000000000Z,4111253
usdc,2024-08-24T00:00:00.000000000Z,4139991
usdc,2024-08-25T00:00:00.000000000Z,3877668
usdc,2024-08-26T00:00:00.000000000Z,3961103
usdc,2024-08-27T00:00:00.000000000Z,4210839
usdc,2024-08-28T00:00:00.000000000Z,4372683
usdc,2024-08-29T00:00:00.000000000Z,4270346
usdc,2024-08-30T00:00:00.000000000Z,4298207
usdc,2024-08-31T00:00:00.000000000Z,3171684
usdc,2024-09-01T00:00:00.000000000Z,3864890
usdc,2024-09-02T00:00:00.000000000Z,4203723
usdc,2024-09-03T00:00:00.000000000Z,4002597
usdc,2024-09-04T00:00:00.000000000Z,4614982
usdc,2024-09-05T00:00:00.000000000Z,4404337
usdc,2024-09-06T00:00:00.000000000Z,4557908
usdc,2024-09-07T00:00:00.000000000Z,3482040
usdc,2024-09-08T00:00:00.000000000Z,3477557
usdc,2024-09-09T00:00:00.000000000Z,4024897
usdc,2024-09-10T00:00:00.000000000Z,3737872
usdc,2024-09-11T00:00:00.000000000Z,4000380
usdc,2024-09-12T00:00:00.000000000Z,3690846
usdc,2024-09-13T00:00:00.000000000Z,3701433
usdc,2024-09-14T00:00:00.000000000Z,2925228
usdc,2024-09-15T00:00:00.000000000Z,3026034
usdc,2024-09-16T00:00:00.000000000Z,3479839
usdc,2024-09-17T00:00:00.000000000Z,3429570
usdc,2024-09-18T00:00:00.000000000Z,3632378
usdc,2024-09-19T00:00:00.000000000Z,4120622
usdc,2024-09-20T00:00:00.000000000Z,4343826
usdc,2024-09-21T00:00:00.000000000Z,3198588
usdc,2024-09-22T00:00:00.000000000Z,3358839
usdc,2024-09-23T00:00:00.000000000Z,3942013
usdc,2024-09-24T00:00:00.000000000Z,3797767
usdc,2024-09-25T00:00:00.000000000Z,3570928
usdc,2024-09-26T00:00:00.000000000Z,3707658
usdc,2024-09-27T00:00:00.000000000Z,3765387
usdc,2024-09-28T00:00:00.000000000Z,3124541
usdc,2024-09-29T00:00:00.000000000Z,3414556
usdc,2024-09-30T00:00:00.000000000Z,4105569
usdc,2024-10-01T00:00:00.000000000Z,4442643
usdc,2024-10-02T00:00:00.000000000Z,4549641
usdc,2024-10-03T00:00:00.000000000Z,4504049
usdc,2024-10-04T00:00:00.000000000Z,4222688
usdc,2024-10-05T00:00:00.000000000Z,3491434
usdc,2024-10-06T00:00:00.000000000Z,3516084
usdc,2024-10-07T00:00:00.000000000Z,4254809
usdc,2024-10-08T00:00:00.000000000Z,4157564
usdc,2024-10-09T00:00:00.000000000Z,4066408
usdc,2024-10-10T00:00:00.000000000Z,4248481
usdc,2024-10-11T00:00:00.000000000Z,3939987
usdc,2024-10-12T00:00:00.000000000Z,3578023
usdc,2024-10-13T00:00:00.000000000Z,3743698
usdc,2024-10-14T00:00:00.000000000Z,4329416
usdc,2024-10-15T00:00:00.000000000Z,4554203
usdc,2024-10-16T00:00:00.000000000Z,4136288
usdc,2024-10-17T00:00:00.000000000Z,4080698
usdc,2024-10-18T00:00:00.000000000Z,3931943
usdc,2024-10-19T00:00:00.000000000Z,3118255
usdc,2024-10-20T00:00:00.000000000Z,3846725
usdc,2024-10-21T00:00:00.000000000Z,3628757
usdc,2024-10-22T00:00:00.000000000Z,3667342
usdc,2024-10-23T00:00:00.000000000Z,4059082
usdc,2024-10-24T00:00:00.000000000Z,3911025
usdc,2024-10-25T00:00:00.000000000Z,4667568
usdc,2024-10-26T00:00:00.000000000Z,4128421
usdc,2024-10-27T00:00:00.000000000Z,3851304
usdc,2024-10-28T00:00:00.000000000Z,4338308
usdc,2024-10-29T00:00:00.000000000Z,4455084
usdc,2024-10-30T00:00:00.000000000Z,4467446
usdc,2024-10-31T00:00:00.000000000Z,4599098
usdc,2024-11-01T00:00:00.000000000Z,4910234
usdc,2024-11-02T00:00:00.000000000Z,4070896
usdc,2024-11-03T00:00:00.000000000Z,4410827
usdc,2024-11-04T00:00:00.000000000Z,4365967
usdc,2024-11-05T00:00:00.000000000Z,4293312
usdc,2024-11-06T00:00:00.000000000Z,5297946
usdc,2024-11-07T00:00:00.000000000Z,4829776
usdc,2024-11-08T00:00:00.000000000Z,4706452
usdc,2024-11-09T00:00:00.000000000Z,4582238
usdc,2024-11-10T00:00:00.000000000Z,5643893
usdc,2024-11-11T00:00:00.000000000Z,5917039
usdc,2024-11-12T00:00:00.000000000Z,6236173
usdc,2024-11-13T00:00:00.000000000Z,5781822
usdc,2024-11-14T00:00:00.000000000Z,5683067
usdc,2024-11-15T00:00:00.000000000Z,5447604
usdc,2024-11-16T00:00:00.000000000Z,5072971
usdc,2024-11-17T00:00:00.000000000Z,5150025
usdc,2024-11-18T00:00:00.000000000Z,5109010
usdc,2024-11-19T00:00:00.000000000Z,5360117
usdc,2024-11-20T00:00:00.000000000Z,5605291
usdc,2024-11-21T00:00:00.000000000Z,6478225
usdc,2024-11-22T00:00:00.000000000Z,6076975
usdc,2024-11-23T00:00:00.000000000Z,5804526
usdc,2024-11-24T00:00:00.000000000Z,5460889
usdc,2024-11-25T00:00:00.000000000Z,6043376
usdc,2024-11-26T00:00:00.000000000Z,6597447
usdc,2024-11-27T00:00:00.000000000Z,6318980
usdc,2024-11-28T00:00:00.000000000Z,5836220
usdc,2024-11-29T00:00:00.000000000Z,5942576
usdc,2024-11-30T00:00:00.000000000Z,5470209
usdc,2024-12-01T00:00:00.000000000Z,5758745
usdc,2024-12-02T00:00:00.000000000Z,6634144
usdc,2024-12-03T00:00:00.000000000Z,6297859
usdc,2024-12-04T00:00:00.000000000Z,7066675
usdc,2024-12-05T00:00:00.000000000Z,7337233
usdc,2024-12-06T00:00:00.000000000Z,7045458
usdc,2024-12-07T00:00:00.000000000Z,5919948
usdc,2024-12-08T00:00:00.000000000Z,5519309
usdc,2024-12-09T00:00:00.000000000Z,7192319
usdc,2024-12-10T00:00:00.000000000Z,7236803
usdc,2024-12-11T00:00:00.000000000Z,6229024
usdc,2024-12-12T00:00:00.000000000Z,6042730
usdc,2024-12-13T00:00:00.000000000Z,5246636
usdc,2024-12-14T00:00:00.000000000Z,5218206
usdc,2024-12-15T00:00:00.000000000Z,5339037
usdc,2024-12-16T00:00:00.000000000Z,6181723
usdc,2024-12-17T00:00:00.000000000Z,7244220
usdc,2024-12-18T00:00:00.000000000Z,7227828
usdc,2024-12-19T00:00:00.000000000Z,7316040
usdc,2024-12-20T00:00:00.000000000Z,8380147
usdc,2024-12-21T00:00:00.000000000Z,7043941
usdc,2024-12-22T00:00:00.000000000Z,6783403
usdc,2024-12-23T00:00:00.000000000Z,6739949
usdc,2024-12-24T00:00:00.000000000Z,5508298
usdc,2024-12-25T00:00:00.000000000Z,5289784
usdc,2024-12-26T00:00:00.000000000Z,5640309
usdc,2024-12-27T00:00:00.000000000Z,5896215
usdc,2024-12-28T00:00:00.000000000Z,5187512
usdc,2024-12-29T00:00:00.000000000Z,4542483
usdc,2024-12-30T00:00:00.000000000Z,5893198
usdc,2024-12-31T00:00:00.000000000Z,5702221
usdc,2025-01-01T00:00:00.000000000Z,5044983
usdc,2025-01-02T00:00:00.000000000Z,6251970
usdc,2025-01-03T00:00:00.000000000Z,5609093
usdc,2025-01-04T00:00:00.000000000Z,4736892
usdc,2025-01-05T00:00:00.000000000Z,4667038
usdc,2025-01-06T00:00:00.000000000Z,5459935
usdc,2025-01-07T00:00:00.000000000Z,5717718
usdc,2025-01-08T00:00:00.000000000Z,5862014
usdc,2025-01-09T00:00:00.000000000Z,6074973
usdc,2025-01-10T00:00:00.000000000Z,6601415
usdc,2025-01-11T00:00:00.000000000Z,5154730
usdc,2025-01-12T00:00:00.000000000Z,4725645
usdc,2025-01-13T00:00:00.000000000Z,7166758
usdc,2025-01-14T00:00:00.000000000Z,6150423
usdc,2025-01-15T00:00:00.000000000Z,6282599
usdc,2025-01-16T00:00:00.000000000Z,6795659
usdc,2025-01-17T00:00:00.000000000Z,6521851
usdc,2025-01-18T00:00:00.000000000Z,9452285
usdc,2025-01-19T00:00:00.000000000Z,11411755
usdc,2025-01-20T00:00:00.000000000Z,12487428
usdc,2025-01-21T00:00:00.000000000Z,9717913
usdc,2025-01-22T00:00:00.000000000Z,8488299
usdc,2025-01-23T00:00:00.000000000Z,8066208
usdc,2025-01-24T00:00:00.000000000Z,7377337
usdc,2025-01-25T00:00:00.000000000Z,6853432
usdc,2025-01-26T00:00:00.000000000Z,6657362
usdc,2025-01-27T00:00:00.000000000Z,7921498
usdc,2025-01-28T00:00:00.000000000Z,6432596
usdc,2025-01-29T00:00:00.000000000Z,6411636
usdc,2025-01-30T00:00:00.000000000Z,5736729
usdc,2025-01-31T00:00:00.000000000Z,5581382
usdc,2025-02-01T00:00:00.000000000Z,5384387
usdc,2025-02-02T00:00:00.000000000Z,7065407
usdc,2025-02-03T00:00:00.000000000Z,9110188
usdc,2025-02-04T00:00:00.000000000Z,7284572
usdc,2025-02-05T00:00:00.000000000Z,6181840
usdc,2025-02-06T00:00:00.000000000Z,5915567
usdc,2025-02-07T00:00:00.000000000Z,6010217
usdc,2025-02-08T00:00:00.000000000Z,5074058
usdc,2025-02-09T00:00:00.000000000Z,5367254
usdc,2025-02-10T00:00:00.000000000Z,5702961
usdc,2025-02-11T00:00:00.000000000Z,5683443
usdc,2025-02-12T00:00:00.000000000Z,5956021
usdc,2025-02-13T00:00:00.000000000Z,5521443
usdc,2025-02-14T00:00:00.000000000Z,5875491
usdc,2025-02-15T00:00:00.000000000Z,4380039
usdc,2025-02-16T00:00:00.000000000Z,4328607
usdc,2025-02-17T00:00:00.000000000Z,5718911
usdc,2025-02-18T00:00:00.000000000Z,6371091
usdc,2025-02-19T00:00:00.000000000Z,5380108
usdc,2025-02-20T00:00:00.000000000Z,5350616
usdc,2025-02-21T00:00:00.000000000Z,5996381
usdc,2025-02-22T00:00:00.000000000Z,4515816
usdc,2025-02-23T00:00:00.000000000Z,4551464
usdc,2025-02-24T00:00:00.000000000Z,6802513
usdc,2025-02-25T00:00:00.000000000Z,8299553
usdc,2025-02-26T00:00:00.000000000Z,7723251
usdc,2025-02-27T00:00:00.000000000Z,8217985
usdc,2025-02-28T00:00:00.000000000Z,9216325
usdc,2025-03-01T00:00:00.000000000Z,7038193
usdc,2025-03-02T00:00:00.000000000Z,8071409
usdc,2025-03-03T00:00:00.000000000Z,8408627
usdc,2025-03-04T00:00:00.000000000Z,8573442
usdc,2025-03-05T00:00:00.000000000Z,7399791
usdc,2025-03-06T00:00:00.000000000Z,6690247
usdc,2025-03-07T00:00:00.000000000Z,6847925
usdc,2025-03-08T00:00:00.000000000Z,5306862
usdc,2025-03-09T00:00:00.000000000Z,6217449
usdc,2025-03-10T00:00:00.000000000Z,7264205
usdc,2025-03-11T00:00:00.000000000Z,7010205
usdc,2025-03-12T00:00:00.000000000Z,6292194
usdc,2025-03-13T00:00:00.000000000Z,6038463
usdc,2025-03-14T00:00:00.000000000Z,5928532
usdc,2025-03-15T00:00:00.000000000Z,5197463
usdc,2025-03-16T00:00:00.000000000Z,5844657
usdc,2025-03-17T00:00:00.000000000Z,6036201
usdc,2025-03-18T00:00:00.000000000Z,6798278
usdc,2025-03-19T00:00:00.000000000Z,7543713
usdc,2025-03-20T00:00:00.000000000Z,5977866
usdc,2025-03-21T00:00:00.000000000Z,6215576
usdc,2025-03-22T00:00:00.000000000Z,6949281
usdc,2025-03-23T00:00:00.000000000Z,6078492
usdc,2025-03-24T00:00:00.000000000Z,6742622
usdc,2025-03-25T00:00:00.000000000Z,6022620
usdc,2025-03-26T00:00:00.000000000Z,6490583
usdc,2025-03-27T00:00:00.000000000Z,5928414
usdc,2025-03-28T00:00:00.000000000Z,6192169
usdc,2025-03-29T00:00:00.000000000Z,6132172
usdc,2025-03-30T00:00:00.000000000Z,5451086
usdc,2025-03-31T00:00:00.000000000Z,6586311
usdc,2025-04-01T00:00:00.000000000Z,6660287
usdc,2025-04-02T00:00:00.000000000Z,7108592
usdc,2025-04-03T00:00:00.000000000Z,6390901
usdc,2025-04-04T00:00:00.000000000Z,6896358
usdc,2025-04-05T00:00:00.000000000Z,5055043
usdc,2025-04-06T00:00:00.000000000Z,5958620
usdc,2025-04-07T00:00:00.000000000Z,8498230
usdc,2025-04-08T00:00:00.000000000Z,6869947
usdc,2025-04-09T00:00:00.000000000Z,7873478
usdc,2025-04-10T00:00:00.000000000Z,6361562
usdc,2025-04-11T00:00:00.000000000Z,6705554
usdc,2025-04-12T00:00:00.000000000Z,6226037
usdc,2025-04-13T00:00:00.000000000Z,6276880
usdc,2025-04-14T00:00:00.000000000Z,6922122
usdc,2025-04-15T00:00:00.000000000Z,6371426
usdc,2025-04-16T00:00:00.000000000Z,6510692
usdc,2025-04-17T00:00:00.000000000Z,5989607
usdc,2025-04-18T00:00:00.000000000Z,5388127
usdc,2025-04-19T00:00:00.000000000Z,5067931
usdc,2025-04-20T00:00:00.000000000Z,4753411
usdc,2025-04-21T00:00:00.000000000Z,5984776
usdc,2025-04-22T00:00:00.000000000Z,6849889
usdc,2025-04-23T00:00:00.000000000Z,7827312
usdc,2025-04-24T00:00:00.000000000Z,6626011
usdc,2025-04-25T00:00:00.000000000Z,7433031
usdc,2025-04-26T00:00:00.000000000Z,6254665
usdc,2025-04-27T00:00:00.000000000Z,6191157
usdc,2025-04-28T00:00:00.000000000Z,7583077
usdc,2025-04-29T00:00:00.000000000Z,7608826
usdc,2025-04-30T00:00:00.000000000Z,7427389
usdc,2025-05-01T00:00:00.000000000Z,7159764
usdc,2025-05-02T00:00:00.000000000Z,6607911
usdc,2025-05-03T00:00:00.000000000Z,5747666
usdc,2025-05-04T00:00:00.000000000Z,5845159
usdc,2025-05-05T00:00:00.000000000Z,6854282
usdc,2025-05-06T00:00:00.000000000Z,7213699
usdc,2025-05-07T00:00:00.000000000Z,7007716
usdc,2025-05-08T00:00:00.000000000Z,8225461
usdc,2025-05-09T00:00:00.000000000Z,8861334
usdc,2025-05-10T00:00:00.000000000Z,7500748
usdc,2025-05-11T00:00:00.000000000Z,7237134
usdc,2025-05-12T00:00:00.000000000Z,8934339
usdc,2025-05-13T00:00:00.000000000Z,8245843
usdc,2025-05-14T00:00:00.000000000Z,7708280
usdc,2025-05-15T00:00:00.000000000Z,7734833
usdc,2025-05-16T00:00:00.000000000Z,6798880
usdc,2025-05-17T00:00:00.000000000Z,6179144
usdc,2025-05-18T00:00:00.000000000Z,6817300
usdc,2025-05-19T00:00:00.000000000Z,7531664
usdc,2025-05-20T00:00:00.000000000Z,7472638
usdc,2025-05-21T00:00:00.000000000Z,8034919
usdc,2025-05-22T00:00:00.000000000Z,7986011
usdc,2025-05-23T00:00:00.000000000Z,8587062
usdc,2025-05-24T00:00:00.000000000Z,6744525
usdc,2025-05-25T00:00:00.000000000Z,5882801
usdc,2025-05-26T00:00:00.000000000Z,6111140
usdc,2025-05-27T00:00:00.000000000Z,6686534
usdc,2025-05-28T00:00:00.000000000Z,6108340
usdc,2025-05-29T00:00:00.000000000Z,6658153
usdc,2025-05-30T00:00:00.000000000Z,7696400
usdc,2025-05-31T00:00:00.000000000Z,6471765
usdc,2025-06-01T00:00:00.000000000Z,6638688
usdc,2025-06-02T00:00:00.000000000Z,7046571
usdc,2025-06-03T00:00:00.000000000Z,7484449
usdc,2025-06-04T00:00:00.000000000Z,7251082
usdc,2025-06-05T00:00:00.000000000Z,7901311
usdc,2025-06-06T00:00:00.000000000Z,7322476
usdc,2025-06-07T00:00:00.000000000Z,5673550
usdc,2025-06-08T00:00:00.000000000Z,5560828
usdc,2025-06-09T00:00:00.000000000Z,6993007
usdc,2025-06-10T00:00:00.000000000Z,7797164
usdc,2025-06-11T00:00:00.000000000Z,8179756
usdc,2025-06-12T00:00:00.000000000Z,8235843
usdc,2025-06-13T00:00:00.000000000Z,9217218
usdc,2025-06-14T00:00:00.000000000Z,6585877
usdc,2025-06-15T00:00:00.000000000Z,6374606
usdc,2025-06-16T00:00:00.000000000Z,7638524
usdc,2025-06-17T00:00:00.000000000Z,8477275
usdc,2025-06-18T00:00:00.000000000Z,8313018
usdc,2025-06-19T00:00:00.000000000Z,7378390
usdc,2025-06-20T00:00:00.000000000Z,7378956
usdc,2025-06-21T00:00:00.000000000Z,6885493
usdc,2025-06-22T00:00:00.000000000Z,7937504
usdc,2025-06-23T00:00:00.000000000Z,7762411
usdc,2025-06-24T00:00:00.000000000Z,7052467
usdc,2025-06-25T00:00:00.000000000Z,6920905
usdc,2025-06-26T00:00:00.000000000Z,6785072
usdc,2025-06-27T00:00:00.000000000Z,7900164
usdc,2025-06-28T00:00:00.000000000Z,7813919
usdc,2025-06-29T00:00:00.000000000Z,6931808
usdc,2025-06-30T00:00:00.000000000Z,8185664
usdc,2025-07-01T00:00:00.000000000Z,7696396
usdc,2025-07-02T00:00:00.000000000Z,8151957
usdc,2025-07-03T00:00:00.000000000Z,9475829
usdc,2025-07-04T00:00:00.000000000Z,8238178
usdc,2025-07-05T00:00:00.000000000Z,6764258
usdc,2025-07-06T00:00:00.000000000Z,6820964
usdc,2025-07-07T00:00:00.000000000Z,7606856
usdc,2025-07-08T00:00:00.000000000Z,8223081
usdc,2025-07-09T00:00:00.000000000Z,8502508
usdc,2025-07-10T00:00:00.000000000Z,9389569
usdc,2025-07-11T00:00:00.000000000Z,9322636
usdc,2025-07-12T00:00:00.000000000Z,8184955
usdc,2025-07-13T00:00:00.000000000Z,8033760
usdc,2025-07-14T00:00:00.000000000Z,9734700
usdc,2025-07-15T00:00:00.000000000Z,10211056
usdc,2025-07-16T00:00:00.000000000Z,9988020
usdc,2025-07-17T00:00:00.000000000Z,10938758
usdc,2025-07-18T00:00:00.000000000Z,10647835
usdc,2025-07-19T00:00:00.000000000Z,9202656
usdc,2025-07-20T00:00:00.000000000Z,9056553
usdc,2025-07-21T00:00:00.000000000Z,10175004
usdc,2025-07-22T00:00:00.000000000Z,11717173
usdc,2025-07-23T00:00:00.000000000Z,10885884
usdc,2025-07-24T00:00:00.000000000Z,11074991
usdc,2025-07-25T00:00:00.000000000Z,10489730
usdc,2025-07-26T00:00:00.000000000Z,8101016
usdc,2025-07-27T00:00:00.000000000Z,8563370
usdc,2025-07-28T00:00:00.000000000Z,9260940
usdc,2025-07-29T00:00:00.000000000Z,8821687
usdc,2025-07-30T00:00:00.000000000Z,8868509
usdc,2025-07-31T00:00:00.000000000Z,9437547
usdc,2025-08-01T00:00:00.000000000Z,10608941
usdc,2025-08-02T00:00:00.000000000Z,7918002
usdc,2025-08-03T00:00:00.000000000Z,6767809
usdc,2025-08-04T00:00:00.000000000Z,7835291
usdc,2025-08-05T00:00:00.000000000Z,8486979
usdc,2025-08-06T00:00:00.000000000Z,8622632
usdc,2025-08-07T00:00:00.000000000Z,8360138
usdc,2025-08-08T00:00:00.000000000Z,8938966
usdc,2025-08-09T00:00:00.000000000Z,8892582
usdc,2025-08-10T00:00:00.000000000Z,8142791
usdc,2025-08-11T00:00:00.000000000Z,9488817
usdc,2025-08-12T00:00:00.000000000Z,10253354
usdc,2025-08-13T00:00:00.000000000Z,10610940
usdc,2025-08-14T00:00:00.000000000Z,11476597
usdc,2025-08-15T00:00:00.000000000Z,9715585
usdc,2025-08-16T00:00:00.000000000Z,8625760
usdc,2025-08-17T00:00:00.000000000Z,8118138
usdc,2025-08-18T00:00:00.000000000Z,9881986
usdc,2025-08-19T00:00:00.000000000Z,10348041
usdc,2025-08-20T00:00:00.000000000Z,10339504
usdc,2025-08-21T00:00:00.000000000Z,9548691
usdc,2025-08-22T00:00:00.000000000Z,10527547
usdc,2025-08-23T00:00:00.000000000Z,9142684
usdc,2025-08-24T00:00:00.000000000Z,10242455
usdc,2025-08-25T00:00:00.000000000Z,10847732
usdc,2025-08-26T00:00:00.000000000Z,10635996
usdc,2025-08-27T00:00:00.000000000Z,9967733
usdc,2025-08-28T00:00:00.000000000Z,10024354
usdc,2025-08-29T00:00:00.000000000Z,10029499
usdc,2025-08-30T00:00:00.000000000Z,8040686
usdc,2025-08-31T00:00:00.000000000Z,7555205
usdc,2025-09-01T00:00:00.000000000Z,9526712
usdc,2025-09-02T00:00:00.000000000Z,9768142
usdc,2025-09-03T00:00:00.000000000Z,9261950
usdc,2025-09-04T00:00:00.000000000Z,9184944
usdc,2025-09-05T00:00:00.000000000Z,9182751
usdc,2025-09-06T00:00:00.000000000Z,6395634
usdc,2025-09-07T00:00:00.000000000Z,5479170
usdc,2025-09-08T00:00:00.000000000Z,7922483
usdc,2025-09-09T00:00:00.000000000Z,9128342
usdc,2025-09-10T00:00:00.000000000Z,8971888
usdc,2025-09-11T00:00:00.000000000Z,8907967
usdc,2025-09-12T00:00:00.000000000Z,9127574
usdc,2025-09-13T00:00:00.000000000Z,7562086
usdc,2025-09-14T00:00:00.000000000Z,7868434
usdc,2025-09-15T00:00:00.000000000Z,9131503
usdc,2025-09-16T00:00:00.000000000Z,8513684
usdc,2025-09-17T00:00:00.000000000Z,8849356
usdc,2025-09-18T00:00:00.000000000Z,8239302
usdc,2025-09-19T00:00:00.000000000Z,7487646
usdc,2025-09-20T00:00:00.000000000Z,7207576
usdc,2025-09-21T00:00:00.000000000Z,8029683
usdc,2025-09-22T00:00:00.000000000Z,8847520
usdc,2025-09-23T00:00:00.000000000Z,8772070
usdc,2025-09-24T00:00:00.000000000Z,8661939
usdc,2025-09-25T00:00:00.000000000Z,10448636
usdc,2025-09-26T00:00:00.000000000Z,9878607
usdc,2025-09-27T00:00:00.000000000Z,7785352
usdc,2025-09-28T00:00:00.000000000Z,8034471
usdc,2025-09-29T00:00:00.000000000Z,8899346
usdc,2025-09-30T00:00:00.000000000Z,9260888
usdc,2025-10-01T00:00:00.000000000Z,9511359
usdc,2025-10-02T00:00:00.000000000Z,9735568
usdc,2025-10-03T00:00:00.000000000Z,9650333
usdc,2025-10-04T00:00:00.000000000Z,7935875
usdc,2025-10-05T00:00:00.000000000Z,9260639
usdc,2025-10-06T00:00:00.000000000Z,9636582
usdc,2025-10-07T00:00:00.000000000Z,10171962
usdc,2025-10-08T00:00:00.000000000Z,10313871
usdc,2025-10-09T00:00:00.000000000Z,10832654
usdc,2025-10-10T00:00:00.000000000Z,12593117
usdc,2025-10-11T00:00:00.000000000Z,12846298
usdc,2025-10-12T00:00:00.000000000Z,12378142
usdc,2025-10-13T00:00:00.000000000Z,12533163
usdc,2025-10-14T00:00:00.000000000Z,12952909
usdc,2025-10-15T00:00:00.000000000Z,11869904
usdc,2025-10-16T00:00:00.000000000Z,10624782
usdc,2025-10-17T00:00:00.000000000Z,10825160
usdc,2025-10-18T00:00:00.000000000Z,8292690
usdc,2025-10-19T00:00:00.000000000Z,8519485
usdc,2025-10-20T00:00:00.000000000Z,9146807
usdc,2025-10-21T00:00:00.000000000Z,10221654
usdc,2025-10-22T00:00:00.000000000Z,10390850
usdc,2025-10-23T00:00:00.000000000Z,10318571
usdc,2025-10-24T00:00:00.000000000Z,9409278
usdc,2025-10-25T00:00:00.000000000Z,8249247
usdc,2025-10-26T00:00:00.000000000Z,9516489
usdc,2025-10-27T00:00:00.000000000Z,10382283
usdc,2025-10-28T00:00:00.000000000Z,10524513
usdc,2025-10-29T00:00:00.000000000Z,10995247
usdc,2025-10-30T00:00:00.000000000Z,11255773
usdc,2025-10-31T00:00:00.000000000Z,10365941
usdc,2025-11-01T00:00:00.000000000Z,8894886
usdc,2025-11-02T00:00:00.000000000Z,9216481
usdc,2025-11-03T00:00:00.000000000Z,11162840
usdc,2025-11-04T00:00:00.000000000Z,12965748
usdc,2025-11-05T00:00:00.000000000Z,12059076
usdc,2025-11-06T00:00:00.000000000Z,11946907
usdc,2025-11-07T00:00:00.000000000Z,12934482
usdc,2025-11-08T00:00:00.000000000Z,9919097
usdc,2025-11-09T00:00:00.000000000Z,10891626
usdc,2025-11-10T00:00:00.000000000Z,12354523
usdc,2025-11-11T00:00:00.000000000Z,13131706
usdc,2025-11-12T00:00:00.000000000Z,12598109
usdc,2025-11-13T00:00:00.000000000Z,13223633
usdc,2025-11-14T00:00:00.000000000Z,13824868
usdc,2025-11-15T00:00:00.000000000Z,10882355
usdc,2025-11-16T00:00:00.000000000Z,10478008
usdc,2025-11-17T00:00:00.000000000Z,11506581
usdc,2025-11-18T00:00:00.000000000Z,11681401
usdc,2025-11-19T00:00:00.000000000Z,12337703
usdc,2025-11-20T00:00:00.000000000Z,12931799
usdc,2025-11-21T00:00:00.000000000Z,15348401
usdc,2025-11-22T00:00:00.000000000Z,11054958
usdc,2025-11-23T00:00:00.000000000Z,11352866
usdc,2025-11-24T00:00:00.000000000Z,13276396
usdc,2025-11-25T00:00:00.000000000Z,13280246
usdc,2025-11-26T00:00:00.000000000Z,12954820
usdc,2025-11-27T00:00:00.000000000Z,11524883
usdc,2025-11-28T00:00:00.000000000Z,11148183
usdc,2025-11-29T00:00:00.000000000Z,9919067
usdc,2025-11-30T00:00:00.000000000Z,11645342
usdc,2025-12-01T00:00:00.000000000Z,13603390
usdc,2025-12-02T00:00:00.000000000Z,13092731
usdc,2025-12-03T00:00:00.000000000Z,13699200
usdc,2025-12-04T00:00:00.000000000Z,13358806
usdc,2025-12-05T00:00:00.000000000Z,12125076
usdc,2025-12-06T00:00:00.000000000Z,10666669
usdc,2025-12-07T00:00:00.000000000Z,11415667
usdc,2025-12-08T00:00:00.000000000Z,12066976
usdc,2025-12-09T00:00:00.000000000Z,12863987
usdc,2025-12-10T00:00:00.000000000Z,13729982
usdc,2025-12-11T00:00:00.000000000Z,13906857
usdc,2025-12-12T00:00:00.000000000Z,13119441
usdc,2025-12-13T00:00:00.000000000Z,11042826
usdc,2025-12-14T00:00:00.000000000Z,11895190
usdc,2025-12-15T00:00:00.000000000Z,13887265
usdc,2025-12-16T00:00:00.000000000Z,13441517
usdc,2025-12-17T00:00:00.000000000Z,13196984
usdc,2025-12-18T00:00:00.000000000Z,13513763
usdc,2025-12-19T00:00:00.000000000Z,13509114
usdc,2025-12-20T00:00:00.000000000Z,10747727
usdc,2025-12-21T00:00:00.000000000Z,11784124
usdc,2025-12-22T00:00:00.000000000Z,13329760
usdc,2025-12-23T00:00:00.000000000Z,13673576
usdc,2025-12-24T00:00:00.000000000Z,14311052
usdc,2025-12-25T00:00:00.000000000Z,13409532
usdc,2025-12-26T00:00:00.000000000Z,13007818
usdc,2025-12-27T00:00:00.000000000Z,11587749
usdc,2025-12-28T00:00:00.000000000Z,10980170
usdc,2025-12-29T00:00:00.000000000Z,12947715
usdc,2025-12-30T00:00:00.000000000Z,12143994
usdc,2025-12-31T00:00:00.000000000Z,11867621
usdt_eth,2020-01-01T00:00:00.000000000Z,49565
usdt_eth,2020-01-02T00:00:00.000000000Z,55983
usdt_eth,2020-01-03T00:00:00.000000000Z,76401
usdt_eth,2020-01-04T00:00:00.000000000Z,61771
usdt_eth,2020-01-05T00:00:00.000000000Z,61912
usdt_eth,2020-01-06T00:00:00.000000000Z,71962
usdt_eth,2020-01-07T00:00:00.000000000Z,66421
usdt_eth,2020-01-08T00:00:00.000000000Z,74934
usdt_eth,2020-01-09T00:00:00.000000000Z,70478
usdt_eth,2020-01-10T00:00:00.000000000Z,68867
usdt_eth,2020-01-11T00:00:00.000000000Z,64207
usdt_eth,2020-01-12T00:00:00.000000000Z,55682
usdt_eth,2020-01-13T00:00:00.000000000Z,63896
usdt_eth,2020-01-14T00:00:00.000000000Z,78218
usdt_eth,2020-01-15T00:00:00.000000000Z,85125
usdt_eth,2020-01-16T00:00:00.000000000Z,95751
usdt_eth,2020-01-17T00:00:00.000000000Z,76731
usdt_eth,2020-01-18T00:00:00.000000000Z,75677
usdt_eth,2020-01-19T00:00:00.000000000Z,75910
usdt_eth,2020-01-20T00:00:00.000000000Z,70465
usdt_eth,2020-01-21T00:00:00.000000000Z,64790
usdt_eth,2020-01-22T00:00:00.000000000Z,54637
usdt_eth,2020-01-23T00:00:00.000000000Z,53799
usdt_eth,2020-01-24T00:00:00.000000000Z,42243
usdt_eth,2020-01-25T00:00:00.000000000Z,28957
usdt_eth,2020-01-26T00:00:00.000000000Z,29236
usdt_eth,2020-01-27T00:00:00.000000000Z,43158
usdt_eth,2020-01-28T00:00:00.000000000Z,45893
usdt_eth,2020-01-29T00:00:00.000000000Z,51944
usdt_eth,2020-01-30T00:00:00.000000000Z,58723
usdt_eth,2020-01-31T00:00:00.000000000Z,60632
usdt_eth,2020-02-01T00:00:00.000000000Z,53529
usdt_eth,2020-02-02T00:00:00.000000000Z,54630
usdt_eth,2020-02-03T00:00:00.000000000Z,79893
usdt_eth,2020-02-04T00:00:00.000000000Z,71013
usdt_eth,2020-02-05T00:00:00.000000000Z,77693
usdt_eth,2020-02-06T00:00:00.000000000Z,83521
usdt_eth,2020-02-07T00:00:00.000000000Z,89672
usdt_eth,2020-02-08T00:00:00.000000000Z,87264
usdt_eth,2020-02-09T00:00:00.000000000Z,96160
usdt_eth,2020-02-10T00:00:00.000000000Z,99645
usdt_eth,2020-02-11T00:00:00.000000000Z,92925
usdt_eth,2020-02-12T00:00:00.000000000Z,110027
usdt_eth,2020-02-13T00:00:00.000000000Z,102655
usdt_eth,2020-02-14T00:00:00.000000000Z,98541
usdt_eth,2020-02-15T00:00:00.000000000Z,97931
usdt_eth,2020-02-16T00:00:00.000000000Z,79338
usdt_eth,2020-02-17T00:00:00.000000000Z,97952
usdt_eth,2020-02-18T00:00:00.000000000Z,94422
usdt_eth,2020-02-19T00:00:00.000000000Z,89594
usdt_eth,2020-02-20T00:00:00.000000000Z,94376
usdt_eth,2020-02-21T00:00:00.000000000Z,96168
usdt_eth,2020-02-22T00:00:00.000000000Z,73911
usdt_eth,2020-02-23T00:00:00.000000000Z,80500
usdt_eth,2020-02-24T00:00:00.000000000Z,114833
usdt_eth,2020-02-25T00:00:00.000000000Z,96865
usdt_eth,2020-02-26T00:00:00.000000000Z,105300
usdt_eth,2020-02-27T00:00:00.000000000Z,98964
usdt_eth,2020-02-28T00:00:00.000000000Z,105455
usdt_eth,2020-02-29T00:00:00.000000000Z,92109
usdt_eth,2020-03-01T00:00:00.000000000Z,83165
usdt_eth,2020-03-02T00:00:00.000000000Z,110027
usdt_eth,2020-03-03T00:00:00.000000000Z,100932
usdt_eth,2020-03-04T00:00:00.000000000Z,100941
usdt_eth,2020-03-05T00:00:00.000000000Z,114489
usdt_eth,2020-03-06T00:00:00.000000000Z,102299
usdt_eth,2020-03-07T00:00:00.000000000Z,93213
usdt_eth,2020-03-08T00:00:00.000000000Z,94442
usdt_eth,2020-03-09T00:00:00.000000000Z,126769
usdt_eth,2020-03-10T00:00:00.000000000Z,117242
usdt_eth,2020-03-11T00:00:00.000000000Z,116081
usdt_eth,2020-03-12T00:00:00.000000000Z,116417
usdt_eth,2020-03-13T00:00:00.000000000Z,148478
usdt_eth,2020-03-14T00:00:00.000000000Z,90700
usdt_eth,2020-03-15T00:00:00.000000000Z,87762
usdt_eth,2020-03-16T00:00:00.000000000Z,135203
usdt_eth,2020-03-17T00:00:00.000000000Z,135840
usdt_eth,2020-03-18T00:00:00.000000000Z,120271
usdt_eth,2020-03-19T00:00:00.000000000Z,128783
usdt_eth,2020-03-20T00:00:00.000000000Z,128685
usdt_eth,2020-03-21T00:00:00.000000000Z,107240
usdt_eth,2020-03-22T00:00:00.000000000Z,109433
usdt_eth,2020-03-23T00:00:00.000000000Z,120778
usdt_eth,2020-03-24T00:00:00.000000000Z,114284
usdt_eth,2020-03-25T00:00:00.000000000Z,111643
usdt_eth,2020-03-26T00:00:00.000000000Z,118893
usdt_eth,2020-03-27T00:00:00.000000000Z,116654
usdt_eth,2020-03-28T00:00:00.000000000Z,104460
usdt_eth,2020-03-29T00:00:00.000000000Z,98524
usdt_eth,2020-03-30T00:00:00.000000000Z,118636
usdt_eth,2020-03-31T00:00:00.000000000Z,136270
usdt_eth,2020-04-01T00:00:00.000000000Z,127887
usdt_eth,2020-04-02T00:00:00.000000000Z,132747
usdt_eth,2020-04-03T00:00:00.000000000Z,127830
usdt_eth,2020-04-04T00:00:00.000000000Z,93708
usdt_eth,2020-04-05T00:00:00.000000000Z,98616
usdt_eth,2020-04-06T00:00:00.000000000Z,140330
usdt_eth,2020-04-07T00:00:00.000000000Z,150961
usdt_eth,2020-04-08T00:00:00.000000000Z,145300
usdt_eth,2020-04-09T00:00:00.000000000Z,137624
usdt_eth,2020-04-10T00:00:00.000000000Z,141794
usdt_eth,2020-04-11T00:00:00.000000000Z,123713
usdt_eth,2020-04-12T00:00:00.000000000Z,117474
usdt_eth,2020-04-13T00:00:00.000000000Z,140961
usdt_eth,2020-04-14T00:00:00.000000000Z,153659
usdt_eth,2020-04-15T00:00:00.000000000Z,141643
usdt_eth,2020-04-16T00:00:00.000000000Z,150554
usdt_eth,2020-04-17T00:00:00.000000000Z,147400
usdt_eth,2020-04-18T00:00:00.000000000Z,127077
usdt_eth,2020-04-19T00:00:00.000000000Z,127212
usdt_eth,2020-04-20T00:00:00.000000000Z,159130
usdt_eth,2020-04-21T00:00:00.000000000Z,157867
usdt_eth,2020-04-22T00:00:00.000000000Z,157767
usdt_eth,2020-04-23T00:00:00.000000000Z,157611
usdt_eth,2020-04-24T00:00:00.000000000Z,165141
usdt_eth,2020-04-25T00:00:00.000000000Z,134973
usdt_eth,2020-04-26T00:00:00.000000000Z,144278
usdt_eth,2020-04-27T00:00:00.000000000Z,166331
usdt_eth,2020-04-28T00:00:00.000000000Z,172031
usdt_eth,2020-04-29T00:00:00.000000000Z,180444
usdt_eth,2020-04-30T00:00:00.000000000Z,188055
usdt_eth,2020-05-01T00:00:00.000000000Z,152256
usdt_eth,2020-05-02T00:00:00.000000000Z,128345
usdt_eth,2020-05-03T00:00:00.000000000Z,126238
usdt_eth,2020-05-04T00:00:00.000000000Z,146264
usdt_eth,2020-05-05T00:00:00.000000000Z,151315
usdt_eth,2020-05-06T00:00:00.000000000Z,167805
usdt_eth,2020-05-07T00:00:00.000000000Z,166030
usdt_eth,2020-05-08T00:00:00.000000000Z,162493
usdt_eth,2020-05-09T00:00:00.000000000Z,175165
usdt_eth,2020-05-10T00:00:00.000000000Z,165698
usdt_eth,2020-05-11T00:00:00.000000000Z,188200
usdt_eth,2020-05-12T00:00:00.000000000Z,167169
usdt_eth,2020-05-13T00:00:00.000000000Z,171804
usdt_eth,2020-05-14T00:00:00.000000000Z,175468
usdt_eth,2020-05-15T00:00:00.000000000Z,179433
usdt_eth,2020-05-16T00:00:00.000000000Z,156307
usdt_eth,2020-05-17T00:00:00.000000000Z,152360
usdt_eth,2020-05-18T00:00:00.000000000Z,185431
usdt_eth,2020-05-19T00:00:00.000000000Z,176683
usdt_eth,2020-05-20T00:00:00.000000000Z,188810
usdt_eth,2020-05-21T00:00:00.000000000Z,199964
usdt_eth,2020-05-22T00:00:00.000000000Z,207735
usdt_eth,2020-05-23T00:00:00.000000000Z,174744
usdt_eth,2020-05-24T00:00:00.000000000Z,168308
usdt_eth,2020-05-25T00:00:00.000000000Z,207942
usdt_eth,2020-05-26T00:00:00.000000000Z,198386
usdt_eth,2020-05-27T00:00:00.000000000Z,196957
usdt_eth,2020-05-28T00:00:00.000000000Z,199689
usdt_eth,2020-05-29T00:00:00.000000000Z,207040
usdt_eth,2020-05-30T00:00:00.000000000Z,201906
usdt_eth,2020-05-31T00:00:00.000000000Z,188399
usdt_eth,2020-06-01T00:00:00.000000000Z,220361
usdt_eth,2020-06-02T00:00:00.000000000Z,235226
usdt_eth,2020-06-03T00:00:00.000000000Z,201245
usdt_eth,2020-06-04T00:00:00.000000000Z,205921
usdt_eth,2020-06-05T00:00:00.000000000Z,196844
usdt_eth,2020-06-06T00:00:00.000000000Z,282293
usdt_eth,2020-06-07T00:00:00.000000000Z,284240
usdt_eth,2020-06-08T00:00:00.000000000Z,242593
usdt_eth,2020-06-09T00:00:00.000000000Z,215487
usdt_eth,2020-06-10T00:00:00.000000000Z,211785
usdt_eth,2020-06-11T00:00:00.000000000Z,207716
usdt_eth,2020-06-12T00:00:00.000000000Z,216704
usdt_eth,2020-06-13T00:00:00.000000000Z,193169
usdt_eth,2020-06-14T00:00:00.000000000Z,169440
usdt_eth,2020-06-15T00:00:00.000000000Z,221378
usdt_eth,2020-06-16T00:00:00.000000000Z,222083
usdt_eth,2020-06-17T00:00:00.000000000Z,210943
usdt_eth,2020-06-18T00:00:00.000000000Z,228423
usdt_eth,2020-06-19T00:00:00.000000000Z,231505
usdt_eth,2020-06-20T00:00:00.000000000Z,216857
usdt_eth,2020-06-21T00:00:00.000000000Z,240819
usdt_eth,2020-06-22T00:00:00.000000000Z,279889
usdt_eth,2020-06-23T00:00:00.000000000Z,322966
usdt_eth,2020-06-24T00:00:00.000000000Z,230916
usdt_eth,2020-06-25T00:00:00.000000000Z,223236
usdt_eth,2020-06-26T00:00:00.000000000Z,220123
usdt_eth,2020-06-27T00:00:00.000000000Z,210925
usdt_eth,2020-06-28T00:00:00.000000000Z,201258
usdt_eth,2020-06-29T00:00:00.000000000Z,204898
usdt_eth,2020-06-30T00:00:00.000000000Z,256058
usdt_eth,2020-07-01T00:00:00.000000000Z,222052
usdt_eth,2020-07-02T00:00:00.000000000Z,218821
usdt_eth,2020-07-03T00:00:00.000000000Z,210893
usdt_eth,2020-07-04T00:00:00.000000000Z,189180
usdt_eth,2020-07-05T00:00:00.000000000Z,175622
usdt_eth,2020-07-06T00:00:00.000000000Z,222995
usdt_eth,2020-07-07T00:00:00.000000000Z,227080
usdt_eth,2020-07-08T00:00:00.000000000Z,239995
usdt_eth,2020-07-09T00:00:00.000000000Z,229368
usdt_eth,2020-07-10T00:00:00.000000000Z,214398
usdt_eth,2020-07-11T00:00:00.000000000Z,196993
usdt_eth,2020-07-12T00:00:00.000000000Z,209266
usdt_eth,2020-07-13T00:00:00.000000000Z,247049
usdt_eth,2020-07-14T00:00:00.000000000Z,232993
usdt_eth,2020-07-15T00:00:00.000000000Z,238153
usdt_eth,2020-07-16T00:00:00.000000000Z,225275
usdt_eth,2020-07-17T00:00:00.000000000Z,217209
usdt_eth,2020-07-18T00:00:00.000000000Z,195777
usdt_eth,2020-07-19T00:00:00.000000000Z,186451
usdt_eth,2020-07-20T00:00:00.000000000Z,225672
usdt_eth,2020-07-21T00:00:00.000000000Z,221127
usdt_eth,2020-07-22T00:00:00.000000000Z,220668
usdt_eth,2020-07-23T00:00:00.000000000Z,218773
usdt_eth,2020-07-24T00:00:00.000000000Z,221635
usdt_eth,2020-07-25T00:00:00.000000000Z,196018
usdt_eth,2020-07-26T00:00:00.000000000Z,208395
usdt_eth,2020-07-27T00:00:00.000000000Z,247979
usdt_eth,2020-07-28T00:00:00.000000000Z,258922
usdt_eth,2020-07-29T00:00:00.000000000Z,232959
usdt_eth,2020-07-30T00:00:00.000000000Z,233846
usdt_eth,2020-07-31T00:00:00.000000000Z,243403
usdt_eth,2020-08-01T00:00:00.000000000Z,230229
usdt_eth,2020-08-02T00:00:00.000000000Z,227644
usdt_eth,2020-08-03T00:00:00.000000000Z,243154
usdt_eth,2020-08-04T00:00:00.000000000Z,239292
usdt_eth,2020-08-05T00:00:00.000000000Z,251709
usdt_eth,2020-08-06T00:00:00.000000000Z,261433
usdt_eth,2020-08-07T00:00:00.000000000Z,285244
usdt_eth,2020-08-08T00:00:00.000000000Z,242632
usdt_eth,2020-08-09T00:00:00.000000000Z,237786
usdt_eth,2020-08-10T00:00:00.000000000Z,266285
usdt_eth,2020-08-11T00:00:00.000000000Z,255418
usdt_eth,2020-08-12T00:00:00.000000000Z,212529
usdt_eth,2020-08-13T00:00:00.000000000Z,221943
usdt_eth,2020-08-14T00:00:00.000000000Z,211107
usdt_eth,2020-08-15T00:00:00.000000000Z,204390
usdt_eth,2020-08-16T00:00:00.000000000Z,189549
usdt_eth,2020-08-17T00:00:00.000000000Z,223588
usdt_eth,2020-08-18T00:00:00.000000000Z,230314
usdt_eth,2020-08-19T00:00:00.000000000Z,243215
usdt_eth,2020-08-20T00:00:00.000000000Z,208968
usdt_eth,2020-08-21T00:00:00.000000000Z,194905
usdt_eth,2020-08-22T00:00:00.000000000Z,203930
usdt_eth,2020-08-23T00:00:00.000000000Z,231680
usdt_eth,2020-08-24T00:00:00.000000000Z,244604
usdt_eth,2020-08-25T00:00:00.000000000Z,226133
usdt_eth,2020-08-26T00:00:00.000000000Z,235978
usdt_eth,2020-08-27T00:00:00.000000000Z,241823
usdt_eth,2020-08-28T00:00:00.000000000Z,225830
usdt_eth,2020-08-29T00:00:00.000000000Z,209118
usdt_eth,2020-08-30T00:00:00.000000000Z,189022
usdt_eth,2020-08-31T00:00:00.000000000Z,235768
usdt_eth,2020-09-01T00:00:00.000000000Z,210482
usdt_eth,2020-09-02T00:00:00.000000000Z,193034
usdt_eth,2020-09-03T00:00:00.000000000Z,192512
usdt_eth,2020-09-04T00:00:00.000000000Z,199226
usdt_eth,2020-09-05T00:00:00.000000000Z,181417
usdt_eth,2020-09-06T00:00:00.000000000Z,167855
usdt_eth,2020-09-07T00:00:00.000000000Z,196831
usdt_eth,2020-09-08T00:00:00.000000000Z,191623
usdt_eth,2020-09-09T00:00:00.000000000Z,194600
usdt_eth,2020-09-10T00:00:00.000000000Z,202733
usdt_eth,2020-09-11T00:00:00.000000000Z,192141
usdt_eth,2020-09-12T00:00:00.000000000Z,175571
usdt_eth,2020-09-13T00:00:00.000000000Z,188058
usdt_eth,2020-09-14T00:00:00.000000000Z,211813
usdt_eth,2020-09-15T00:00:00.000000000Z,221393
usdt_eth,2020-09-16T00:00:00.000000000Z,211835
usdt_eth,2020-09-17T00:00:00.000000000Z,166960
usdt_eth,2020-09-18T00:00:00.000000000Z,220584
usdt_eth,2020-09-19T00:00:00.000000000Z,198072
usdt_eth,2020-09-20T00:00:00.000000000Z,214512
usdt_eth,2020-09-21T00:00:00.000000000Z,227400
usdt_eth,2020-09-22T00:00:00.000000000Z,210952
usdt_eth,2020-09-23T00:00:00.000000000Z,206794
usdt_eth,2020-09-24T00:00:00.000000000Z,216656
usdt_eth,2020-09-25T00:00:00.000000000Z,211544
usdt_eth,2020-09-26T00:00:00.000000000Z,204669
usdt_eth,2020-09-27T00:00:00.000000000Z,178511
usdt_eth,2020-09-28T00:00:00.000000000Z,217463
usdt_eth,2020-09-29T00:00:00.000000000Z,231355
usdt_eth,2020-09-30T00:00:00.000000000Z,239981
usdt_eth,2020-10-01T00:00:00.000000000Z,182305
usdt_eth,2020-10-02T00:00:00.000000000Z,183438
usdt_eth,2020-10-03T00:00:00.000000000Z,184528
usdt_eth,2020-10-04T00:00:00.000000000Z,175732
usdt_eth,2020-10-05T00:00:00.000000000Z,206145
usdt_eth,2020-10-06T00:00:00.000000000Z,213201
usdt_eth,2020-10-07T00:00:00.000000000Z,218398
usdt_eth,2020-10-08T00:00:00.000000000Z,218336
usdt_eth,2020-10-09T00:00:00.000000000Z,245543
usdt_eth,2020-10-10T00:00:00.000000000Z,246970
usdt_eth,2020-10-11T00:00:00.000000000Z,241104
usdt_eth,2020-10-12T00:00:00.000000000Z,260350
usdt_eth,2020-10-13T00:00:00.000000000Z,271719
usdt_eth,2020-10-14T00:00:00.000000000Z,271792
usdt_eth,2020-10-15T00:00:00.000000000Z,278964
usdt_eth,2020-10-16T00:00:00.000000000Z,267350
usdt_eth,2020-10-17T00:00:00.000000000Z,247091
usdt_eth,2020-10-18T00:00:00.000000000Z,274499
usdt_eth,2020-10-19T00:00:00.000000000Z,293074
usdt_eth,2020-10-20T00:00:00.000000000Z,281884
usdt_eth,2020-10-21T00:00:00.000000000Z,272858
usdt_eth,2020-10-22T00:00:00.000000000Z,285119
usdt_eth,2020-10-23T00:00:00.000000000Z,274302
usdt_eth,2020-10-24T00:00:00.000000000Z,231248
usdt_eth,2020-10-25T00:00:00.000000000Z,221691
usdt_eth,2020-10-26T00:00:00.000000000Z,239048
usdt_eth,2020-10-27T00:00:00.000000000Z,236537
usdt_eth,2020-10-28T00:00:00.000000000Z,249080
usdt_eth,2020-10-29T00:00:00.000000000Z,232950
usdt_eth,2020-10-30T00:00:00.000000000Z,245102
usdt_eth,2020-10-31T00:00:00.000000000Z,217368
usdt_eth,2020-11-01T00:00:00.000000000Z,207540
usdt_eth,2020-11-02T00:00:00.000000000Z,259993
usdt_eth,2020-11-03T00:00:00.000000000Z,250994
usdt_eth,2020-11-04T00:00:00.000000000Z,244064
usdt_eth,2020-11-05T00:00:00.000000000Z,253795
usdt_eth,2020-11-06T00:00:00.000000000Z,268311
usdt_eth,2020-11-07T00:00:00.000000000Z,247005
usdt_eth,2020-11-08T00:00:00.000000000Z,223778
usdt_eth,2020-11-09T00:00:00.000000000Z,286351
usdt_eth,2020-11-10T00:00:00.000000000Z,265963
usdt_eth,2020-11-11T00:00:00.000000000Z,263617
usdt_eth,2020-11-12T00:00:00.000000000Z,277367
usdt_eth,2020-11-13T00:00:00.000000000Z,269619
usdt_eth,2020-11-14T00:00:00.000000000Z,237726
usdt_eth,2020-11-15T00:00:00.000000000Z,225529
usdt_eth,2020-11-16T00:00:00.000000000Z,249111
usdt_eth,2020-11-17T00:00:00.000000000Z,264248
usdt_eth,2020-11-18T00:00:00.000000000Z,218401
usdt_eth,2020-11-19T00:00:00.000000000Z,202812
usdt_eth,2020-11-20T00:00:00.000000000Z,223729
usdt_eth,2020-11-21T00:00:00.000000000Z,202728
usdt_eth,2020-11-22T00:00:00.000000000Z,191381
usdt_eth,2020-11-23T00:00:00.000000000Z,242922
usdt_eth,2020-11-24T00:00:00.000000000Z,234409
usdt_eth,2020-11-25T00:00:00.000000000Z,225531
usdt_eth,2020-11-26T00:00:00.000000000Z,239277
usdt_eth,2020-11-27T00:00:00.000000000Z,220773
usdt_eth,2020-11-28T00:00:00.000000000Z,176719
usdt_eth,2020-11-29T00:00:00.000000000Z,169737
usdt_eth,2020-11-30T00:00:00.000000000Z,233982
usdt_eth,2020-12-01T00:00:00.000000000Z,228225
usdt_eth,2020-12-02T00:00:00.000000000Z,192368
usdt_eth,2020-12-03T00:00:00.000000000Z,187675
usdt_eth,2020-12-04T00:00:00.000000000Z,191494
usdt_eth,2020-12-05T00:00:00.000000000Z,165926
usdt_eth,2020-12-06T00:00:00.000000000Z,162807
usdt_eth,2020-12-07T00:00:00.000000000Z,197007
usdt_eth,2020-12-08T00:00:00.000000000Z,207393
usdt_eth,2020-12-09T00:00:00.000000000Z,223459
usdt_eth,2020-12-10T00:00:00.000000000Z,212712
usdt_eth,2020-12-11T00:00:00.000000000Z,203242
usdt_eth,2020-12-12T00:00:00.000000000Z,186648
usdt_eth,2020-12-13T00:00:00.000000000Z,199979
usdt_eth,2020-12-14T00:00:00.000000000Z,249060
usdt_eth,2020-12-15T00:00:00.000000000Z,266126
usdt_eth,2020-12-16T00:00:00.000000000Z,293753
usdt_eth,2020-12-17T00:00:00.000000000Z,282041
usdt_eth,2020-12-18T00:00:00.000000000Z,262592
usdt_eth,2020-12-19T00:00:00.000000000Z,209433
usdt_eth,2020-12-20T00:00:00.000000000Z,202353
usdt_eth,2020-12-21T00:00:00.000000000Z,227643
usdt_eth,2020-12-22T00:00:00.000000000Z,238818
usdt_eth,2020-12-23T00:00:00.000000000Z,232660
usdt_eth,2020-12-24T00:00:00.000000000Z,232391
usdt_eth,2020-12-25T00:00:00.000000000Z,220571
usdt_eth,2020-12-26T00:00:00.000000000Z,229220
usdt_eth,2020-12-27T00:00:00.000000000Z,222430
usdt_eth,2020-12-28T00:00:00.000000000Z,252522
usdt_eth,2020-12-29T00:00:00.000000000Z,248791
usdt_eth,2020-12-30T00:00:00.000000000Z,248559
usdt_eth,2020-12-31T00:00:00.000000000Z,226107
usdt_eth,2021-01-01T00:00:00.000000000Z,203473
usdt_eth,2021-01-02T00:00:00.000000000Z,220578
usdt_eth,2021-01-03T00:00:00.000000000Z,222172
usdt_eth,2021-01-04T00:00:00.000000000Z,222736
usdt_eth,2021-01-05T00:00:00.000000000Z,238168
usdt_eth,2021-01-06T00:00:00.000000000Z,250351
usdt_eth,2021-01-07T00:00:00.000000000Z,236458
usdt_eth,2021-01-08T00:00:00.000000000Z,226895
usdt_eth,2021-01-09T00:00:00.000000000Z,206685
usdt_eth,2021-01-10T00:00:00.000000000Z,210855
usdt_eth,2021-01-11T00:00:00.000000000Z,244290
usdt_eth,2021-01-12T00:00:00.000000000Z,230890
usdt_eth,2021-01-13T00:00:00.000000000Z,225335
usdt_eth,2021-01-14T00:00:00.000000000Z,236069
usdt_eth,2021-01-15T00:00:00.000000000Z,229380
usdt_eth,2021-01-16T00:00:00.000000000Z,203240
usdt_eth,2021-01-17T00:00:00.000000000Z,192567
usdt_eth,2021-01-18T00:00:00.000000000Z,230493
usdt_eth,2021-01-19T00:00:00.000000000Z,217245
usdt_eth,2021-01-20T00:00:00.000000000Z,221010
usdt_eth,2021-01-21T00:00:00.000000000Z,214850
usdt_eth,2021-01-22T00:00:00.000000000Z,212850
usdt_eth,2021-01-23T00:00:00.000000000Z,185570
usdt_eth,2021-01-24T00:00:00.000000000Z,173917
usdt_eth,2021-01-25T00:00:00.000000000Z,211601
usdt_eth,2021-01-26T00:00:00.000000000Z,213321
usdt_eth,2021-01-27T00:00:00.000000000Z,199500
usdt_eth,2021-01-28T00:00:00.000000000Z,207411
usdt_eth,2021-01-29T00:00:00.000000000Z,231881
usdt_eth,2021-01-30T00:00:00.000000000Z,185715
usdt_eth,2021-01-31T00:00:00.000000000Z,184528
usdt_eth,2021-02-01T00:00:00.000000000Z,210864
usdt_eth,2021-02-02T00:00:00.000000000Z,209388
usdt_eth,2021-02-03T00:00:00.000000000Z,199642
usdt_eth,2021-02-04T00:00:00.000000000Z,195943
usdt_eth,2021-02-05T00:00:00.000000000Z,181253
usdt_eth,2021-02-06T00:00:00.000000000Z,163000
usdt_eth,2021-02-07T00:00:00.000000000Z,164974
usdt_eth,2021-02-08T00:00:00.000000000Z,190178
usdt_eth,2021-02-09T00:00:00.000000000Z,189187
usdt_eth,2021-02-10T00:00:00.000000000Z,180621
usdt_eth,2021-02-11T00:00:00.000000000Z,148963
usdt_eth,2021-02-12T00:00:00.000000000Z,141032
usdt_eth,2021-02-13T00:00:00.000000000Z,125133
usdt_eth,2021-02-14T00:00:00.000000000Z,133443
usdt_eth,2021-02-15T00:00:00.000000000Z,157139
usdt_eth,2021-02-16T00:00:00.000000000Z,143403
usdt_eth,2021-02-17T00:00:00.000000000Z,161685
usdt_eth,2021-02-18T00:00:00.000000000Z,177820
usdt_eth,2021-02-19T00:00:00.000000000Z,181437
usdt_eth,2021-02-20T00:00:00.000000000Z,187702
usdt_eth,2021-02-21T00:00:00.000000000Z,167901
usdt_eth,2021-02-22T00:00:00.000000000Z,184200
usdt_eth,2021-02-23T00:00:00.000000000Z,175979
usdt_eth,2021-02-24T00:00:00.000000000Z,170901
usdt_eth,2021-02-25T00:00:00.000000000Z,157419
usdt_eth,2021-02-26T00:00:00.000000000Z,159534
usdt_eth,2021-02-27T00:00:00.000000000Z,133352
usdt_eth,2021-02-28T00:00:00.000000000Z,148506
usdt_eth,2021-03-01T00:00:00.000000000Z,160753
usdt_eth,2021-03-02T00:00:00.000000000Z,161627
usdt_eth,2021-03-03T00:00:00.000000000Z,156405
usdt_eth,2021-03-04T00:00:00.000000000Z,151175
usdt_eth,2021-03-05T00:00:00.000000000Z,148585
usdt_eth,2021-03-06T00:00:00.000000000Z,131917
usdt_eth,2021-03-07T00:00:00.000000000Z,126147
usdt_eth,2021-03-08T00:00:00.000000000Z,152830
usdt_eth,2021-03-09T00:00:00.000000000Z,163537
usdt_eth,2021-03-10T00:00:00.000000000Z,158668
usdt_eth,2021-03-11T00:00:00.000000000Z,157287
usdt_eth,2021-03-12T00:00:00.000000000Z,164634
usdt_eth,2021-03-13T00:00:00.000000000Z,146250
usdt_eth,2021-03-14T00:00:00.000000000Z,155846
usdt_eth,2021-03-15T00:00:00.000000000Z,162752
usdt_eth,2021-03-16T00:00:00.000000000Z,167516
usdt_eth,2021-03-17T00:00:00.000000000Z,158989
usdt_eth,2021-03-18T00:00:00.000000000Z,161442
usdt_eth,2021-03-19T00:00:00.000000000Z,166531
usdt_eth,2021-03-20T00:00:00.000000000Z,141980
usdt_eth,2021-03-21T00:00:00.000000000Z,138020
usdt_eth,2021-03-22T00:00:00.000000000Z,164514
usdt_eth,2021-03-23T00:00:00.000000000Z,160974
usdt_eth,2021-03-24T00:00:00.000000000Z,160970
usdt_eth,2021-03-25T00:00:00.000000000Z,172210
usdt_eth,2021-03-26T00:00:00.000000000Z,151970
usdt_eth,2021-03-27T00:00:00.000000000Z,136155
usdt_eth,2021-03-28T00:00:00.000000000Z,123400
usdt_eth,2021-03-29T00:00:00.000000000Z,160803
usdt_eth,2021-03-30T00:00:00.000000000Z,158840
usdt_eth,2021-03-31T00:00:00.000000000Z,156302
usdt_eth,2021-04-01T00:00:00.000000000Z,153209
usdt_eth,2021-04-02T00:00:00.000000000Z,168191
usdt_eth,2021-04-03T00:00:00.000000000Z,143248
usdt_eth,2021-04-04T00:00:00.000000000Z,131315
usdt_eth,2021-04-05T00:00:00.000000000Z,153203
usdt_eth,2021-04-06T00:00:00.000000000Z,170976
usdt_eth,2021-04-07T00:00:00.000000000Z,176101
usdt_eth,2021-04-08T00:00:00.000000000Z,166874
usdt_eth,2021-04-09T00:00:00.000000000Z,169086
usdt_eth,2021-04-10T00:00:00.000000000Z,148087
usdt_eth,2021-04-11T00:00:00.000000000Z,146468
usdt_eth,2021-04-12T00:00:00.000000000Z,188360
usdt_eth,2021-04-13T00:00:00.000000000Z,181142
usdt_eth,2021-04-14T00:00:00.000000000Z,206555
usdt_eth,2021-04-15T00:00:00.000000000Z,150677
usdt_eth,2021-04-16T00:00:00.000000000Z,186196
usdt_eth,2021-04-17T00:00:00.000000000Z,160249
usdt_eth,2021-04-18T00:00:00.000000000Z,175556
usdt_eth,2021-04-19T00:00:00.000000000Z,182810
usdt_eth,2021-04-20T00:00:00.000000000Z,183967
usdt_eth,2021-04-21T00:00:00.000000000Z,196108
usdt_eth,2021-04-22T00:00:00.000000000Z,187365
usdt_eth,2021-04-23T00:00:00.000000000Z,195978
usdt_eth,2021-04-24T00:00:00.000000000Z,142703
usdt_eth,2021-04-25T00:00:00.000000000Z,153850
usdt_eth,2021-04-26T00:00:00.000000000Z,173476
usdt_eth,2021-04-27T00:00:00.000000000Z,169006
usdt_eth,2021-04-28T00:00:00.000000000Z,166044
usdt_eth,2021-04-29T00:00:00.000000000Z,187656
usdt_eth,2021-04-30T00:00:00.000000000Z,176260
usdt_eth,2021-05-01T00:00:00.000000000Z,155175
usdt_eth,2021-05-02T00:00:00.000000000Z,139974
usdt_eth,2021-05-03T00:00:00.000000000Z,162141
usdt_eth,2021-05-04T00:00:00.000000000Z,189511
usdt_eth,2021-05-05T00:00:00.000000000Z,199322
usdt_eth,2021-05-06T00:00:00.000000000Z,215488
usdt_eth,2021-05-07T00:00:00.000000000Z,215169
usdt_eth,2021-05-08T00:00:00.000000000Z,198246
usdt_eth,2021-05-09T00:00:00.000000000Z,200475
usdt_eth,2021-05-10T00:00:00.000000000Z,200965
usdt_eth,2021-05-11T00:00:00.000000000Z,190783
usdt_eth,2021-05-12T00:00:00.000000000Z,179666
usdt_eth,2021-05-13T00:00:00.000000000Z,209338
usdt_eth,2021-05-14T00:00:00.000000000Z,193739
usdt_eth,2021-05-15T00:00:00.000000000Z,164201
usdt_eth,2021-05-16T00:00:00.000000000Z,153434
usdt_eth,2021-05-17T00:00:00.000000000Z,188740
usdt_eth,2021-05-18T00:00:00.000000000Z,164237
usdt_eth,2021-05-19T00:00:00.000000000Z,181561
usdt_eth,2021-05-20T00:00:00.000000000Z,184811
usdt_eth,2021-05-21T00:00:00.000000000Z,169294
usdt_eth,2021-05-22T00:00:00.000000000Z,149995
usdt_eth,2021-05-23T00:00:00.000000000Z,159858
usdt_eth,2021-05-24T00:00:00.000000000Z,167703
usdt_eth,2021-05-25T00:00:00.000000000Z,163298
usdt_eth,2021-05-26T00:00:00.000000000Z,166526
usdt_eth,2021-05-27T00:00:00.000000000Z,152460
usdt_eth,2021-05-28T00:00:00.000000000Z,152957
usdt_eth,2021-05-29T00:00:00.000000000Z,137637
usdt_eth,2021-05-30T00:00:00.000000000Z,195070
usdt_eth,2021-05-31T00:00:00.000000000Z,167610
usdt_eth,2021-06-01T00:00:00.000000000Z,166392
usdt_eth,2021-06-02T00:00:00.000000000Z,175539
usdt_eth,2021-06-03T00:00:00.000000000Z,166658
usdt_eth,2021-06-04T00:00:00.000000000Z,179426
usdt_eth,2021-06-05T00:00:00.000000000Z,144369
usdt_eth,2021-06-06T00:00:00.000000000Z,122717
usdt_eth,2021-06-07T00:00:00.000000000Z,164446
usdt_eth,2021-06-08T00:00:00.000000000Z,178122
usdt_eth,2021-06-09T00:00:00.000000000Z,157959
usdt_eth,2021-06-10T00:00:00.000000000Z,152324
usdt_eth,2021-06-11T00:00:00.000000000Z,153946
usdt_eth,2021-06-12T00:00:00.000000000Z,133805
usdt_eth,2021-06-13T00:00:00.000000000Z,129317
usdt_eth,2021-06-14T00:00:00.000000000Z,153852
usdt_eth,2021-06-15T00:00:00.000000000Z,157594
usdt_eth,2021-06-16T00:00:00.000000000Z,156731
usdt_eth,2021-06-17T00:00:00.000000000Z,194595
usdt_eth,2021-06-18T00:00:00.000000000Z,178277
usdt_eth,2021-06-19T00:00:00.000000000Z,135564
usdt_eth,2021-06-20T00:00:00.000000000Z,135183
usdt_eth,2021-06-21T00:00:00.000000000Z,184625
usdt_eth,2021-06-22T00:00:00.000000000Z,195797
usdt_eth,2021-06-23T00:00:00.000000000Z,165595
usdt_eth,2021-06-24T00:00:00.000000000Z,166722
usdt_eth,2021-06-25T00:00:00.000000000Z,179159
usdt_eth,2021-06-26T00:00:00.000000000Z,151876
usdt_eth,2021-06-27T00:00:00.000000000Z,128270
usdt_eth,2021-06-28T00:00:00.000000000Z,157179
usdt_eth,2021-06-29T00:00:00.000000000Z,164616
usdt_eth,2021-06-30T00:00:00.000000000Z,151710
usdt_eth,2021-07-01T00:00:00.000000000Z,154814
usdt_eth,2021-07-02T00:00:00.000000000Z,156670
usdt_eth,2021-07-03T00:00:00.000000000Z,146350
usdt_eth,2021-07-04T00:00:00.000000000Z,132166
usdt_eth,2021-07-05T00:00:00.000000000Z,154094
usdt_eth,2021-07-06T00:00:00.000000000Z,144765
usdt_eth,2021-07-07T00:00:00.000000000Z,149309
usdt_eth,2021-07-08T00:00:00.000000000Z,158032
usdt_eth,2021-07-09T00:00:00.000000000Z,163169
usdt_eth,2021-07-10T00:00:00.000000000Z,132398
usdt_eth,2021-07-11T00:00:00.000000000Z,123898
usdt_eth,2021-07-12T00:00:00.000000000Z,145420
usdt_eth,2021-07-13T00:00:00.000000000Z,136320
usdt_eth,2021-07-14T00:00:00.000000000Z,146533
usdt_eth,2021-07-15T00:00:00.000000000Z,141444
usdt_eth,2021-07-16T00:00:00.000000000Z,137152
usdt_eth,2021-07-17T00:00:00.000000000Z,114894
usdt_eth,2021-07-18T00:00:00.000000000Z,107169
usdt_eth,2021-07-19T00:00:00.000000000Z,138263
usdt_eth,2021-07-20T00:00:00.000000000Z,145040
usdt_eth,2021-07-21T00:00:00.000000000Z,140169
usdt_eth,2021-07-22T00:00:00.000000000Z,122893
usdt_eth,2021-07-23T00:00:00.000000000Z,124678
usdt_eth,2021-07-24T00:00:00.000000000Z,119643
usdt_eth,2021-07-25T00:00:00.000000000Z,106441
usdt_eth,2021-07-26T00:00:00.000000000Z,153357
usdt_eth,2021-07-27T00:00:00.000000000Z,138276
usdt_eth,2021-07-28T00:00:00.000000000Z,133719
usdt_eth,2021-07-29T00:00:00.000000000Z,141728
usdt_eth,2021-07-30T00:00:00.000000000Z,143013
usdt_eth,2021-07-31T00:00:00.000000000Z,119441
usdt_eth,2021-08-01T00:00:00.000000000Z,112710
usdt_eth,2021-08-02T00:00:00.000000000Z,151711
usdt_eth,2021-08-03T00:00:00.000000000Z,130416
usdt_eth,2021-08-04T00:00:00.000000000Z,135818
usdt_eth,2021-08-05T00:00:00.000000000Z,113870
usdt_eth,2021-08-06T00:00:00.000000000Z,130941
usdt_eth,2021-08-07T00:00:00.000000000Z,128310
usdt_eth,2021-08-08T00:00:00.000000000Z,108982
usdt_eth,2021-08-09T00:00:00.000000000Z,127064
usdt_eth,2021-08-10T00:00:00.000000000Z,133649
usdt_eth,2021-08-11T00:00:00.000000000Z,138460
usdt_eth,2021-08-12T00:00:00.000000000Z,131562
usdt_eth,2021-08-13T00:00:00.000000000Z,130357
usdt_eth,2021-08-14T00:00:00.000000000Z,114112
usdt_eth,2021-08-15T00:00:00.000000000Z,105017
usdt_eth,2021-08-16T00:00:00.000000000Z,137497
usdt_eth,2021-08-17T00:00:00.000000000Z,141052
usdt_eth,2021-08-18T00:00:00.000000000Z,135016
usdt_eth,2021-08-19T00:00:00.000000000Z,140523
usdt_eth,2021-08-20T00:00:00.000000000Z,146290
usdt_eth,2021-08-21T00:00:00.000000000Z,120220
usdt_eth,2021-08-22T00:00:00.000000000Z,115788
usdt_eth,2021-08-23T00:00:00.000000000Z,140175
usdt_eth,2021-08-24T00:00:00.000000000Z,134264
usdt_eth,2021-08-25T00:00:00.000000000Z,130416
usdt_eth,2021-08-26T00:00:00.000000000Z,124287
usdt_eth,2021-08-27T00:00:00.000000000Z,114424
usdt_eth,2021-08-28T00:00:00.000000000Z,98118
usdt_eth,2021-08-29T00:00:00.000000000Z,93738
usdt_eth,2021-08-30T00:00:00.000000000Z,121434
usdt_eth,2021-08-31T00:00:00.000000000Z,121533
usdt_eth,2021-09-01T00:00:00.000000000Z,125408
usdt_eth,2021-09-02T00:00:00.000000000Z,133261
usdt_eth,2021-09-03T00:00:00.000000000Z,118958
usdt_eth,2021-09-04T00:00:00.000000000Z,96387
usdt_eth,2021-09-05T00:00:00.000000000Z,95233
usdt_eth,2021-09-06T00:00:00.000000000Z,121301
usdt_eth,2021-09-07T00:00:00.000000000Z,148750
usdt_eth,2021-09-08T00:00:00.000000000Z,137481
usdt_eth,2021-09-09T00:00:00.000000000Z,126051
usdt_eth,2021-09-10T00:00:00.000000000Z,133568
usdt_eth,2021-09-11T00:00:00.000000000Z,113219
usdt_eth,2021-09-12T00:00:00.000000000Z,99300
usdt_eth,2021-09-13T00:00:00.000000000Z,124742
usdt_eth,2021-09-14T00:00:00.000000000Z,124970
usdt_eth,2021-09-15T00:00:00.000000000Z,122240
usdt_eth,2021-09-16T00:00:00.000000000Z,121451
usdt_eth,2021-09-17T00:00:00.000000000Z,130115
usdt_eth,2021-09-18T00:00:00.000000000Z,99511
usdt_eth,2021-09-19T00:00:00.000000000Z,95967
usdt_eth,2021-09-20T00:00:00.000000000Z,132500
usdt_eth,2021-09-21T00:00:00.000000000Z,120622
usdt_eth,2021-09-22T00:00:00.000000000Z,119687
usdt_eth,2021-09-23T00:00:00.000000000Z,111182
usdt_eth,2021-09-24T00:00:00.000000000Z,122672
usdt_eth,2021-09-25T00:00:00.000000000Z,93010
usdt_eth,2021-09-26T00:00:00.000000000Z,96933
usdt_eth,2021-09-27T00:00:00.000000000Z,109703
usdt_eth,2021-09-28T00:00:00.000000000Z,103253
usdt_eth,2021-09-29T00:00:00.000000000Z,108709
usdt_eth,2021-09-30T00:00:00.000000000Z,104689
usdt_eth,2021-10-01T00:00:00.000000000Z,112931
usdt_eth,2021-10-02T00:00:00.000000000Z,92357
usdt_eth,2021-10-03T00:00:00.000000000Z,89259
usdt_eth,2021-10-04T00:00:00.000000000Z,98395
usdt_eth,2021-10-05T00:00:00.000000000Z,112014
usdt_eth,2021-10-06T00:00:00.000000000Z,108398
usdt_eth,2021-10-07T00:00:00.000000000Z,140208
usdt_eth,2021-10-08T00:00:00.000000000Z,121671
usdt_eth,2021-10-09T00:00:00.000000000Z,103499
usdt_eth,2021-10-10T00:00:00.000000000Z,97275
usdt_eth,2021-10-11T00:00:00.000000000Z,136357
usdt_eth,2021-10-12T00:00:00.000000000Z,118369
usdt_eth,2021-10-13T00:00:00.000000000Z,110728
usdt_eth,2021-10-14T00:00:00.000000000Z,112085
usdt_eth,2021-10-15T00:00:00.000000000Z,120495
usdt_eth,2021-10-16T00:00:00.000000000Z,99914
usdt_eth,2021-10-17T00:00:00.000000000Z,89959
usdt_eth,2021-10-18T00:00:00.000000000Z,114225
usdt_eth,2021-10-19T00:00:00.000000000Z,120388
usdt_eth,2021-10-20T00:00:00.000000000Z,124077
usdt_eth,2021-10-21T00:00:00.000000000Z,128418
usdt_eth,2021-10-22T00:00:00.000000000Z,124137
usdt_eth,2021-10-23T00:00:00.000000000Z,95502
usdt_eth,2021-10-24T00:00:00.000000000Z,105124
usdt_eth,2021-10-25T00:00:00.000000000Z,122013
usdt_eth,2021-10-26T00:00:00.000000000Z,130401
usdt_eth,2021-10-27T00:00:00.000000000Z,137120
usdt_eth,2021-10-28T00:00:00.000000000Z,160406
usdt_eth,2021-10-29T00:00:00.000000000Z,162736
usdt_eth,2021-10-30T00:00:00.000000000Z,137762
usdt_eth,2021-10-31T00:00:00.000000000Z,135654
usdt_eth,2021-11-01T00:00:00.000000000Z,144777
usdt_eth,2021-11-02T00:00:00.000000000Z,153241
usdt_eth,2021-11-03T00:00:00.000000000Z,173716
usdt_eth,2021-11-04T00:00:00.000000000Z,156611
usdt_eth,2021-11-05T00:00:00.000000000Z,145570
usdt_eth,2021-11-06T00:00:00.000000000Z,121917
usdt_eth,2021-11-07T00:00:00.000000000Z,123012
usdt_eth,2021-11-08T00:00:00.000000000Z,151172
usdt_eth,2021-11-09T00:00:00.000000000Z,137532
usdt_eth,2021-11-10T00:00:00.000000000Z,148894
usdt_eth,2021-11-11T00:00:00.000000000Z,136182
usdt_eth,2021-11-12T00:00:00.000000000Z,137348
usdt_eth,2021-11-13T00:00:00.000000000Z,121348
usdt_eth,2021-11-14T00:00:00.000000000Z,113919
usdt_eth,2021-11-15T00:00:00.000000000Z,119178
usdt_eth,2021-11-16T00:00:00.000000000Z,151944
usdt_eth,2021-11-17T00:00:00.000000000Z,131133
usdt_eth,2021-11-18T00:00:00.000000000Z,132313
usdt_eth,2021-11-19T00:00:00.000000000Z,124656
usdt_eth,2021-11-20T00:00:00.000000000Z,102079
usdt_eth,2021-11-21T00:00:00.000000000Z,119943
usdt_eth,2021-11-22T00:00:00.000000000Z,117343
usdt_eth,2021-11-23T00:00:00.000000000Z,125171
usdt_eth,2021-11-24T00:00:00.000000000Z,132093
usdt_eth,2021-11-25T00:00:00.000000000Z,130822
usdt_eth,2021-11-26T00:00:00.000000000Z,138748
usdt_eth,2021-11-27T00:00:00.000000000Z,99062
usdt_eth,2021-11-28T00:00:00.000000000Z,96507
usdt_eth,2021-11-29T00:00:00.000000000Z,113800
usdt_eth,2021-11-30T00:00:00.000000000Z,120695
usdt_eth,2021-12-01T00:00:00.000000000Z,124501
usdt_eth,2021-12-02T00:00:00.000000000Z,123867
usdt_eth,2021-12-03T00:00:00.000000000Z,119296
usdt_eth,2021-12-04T00:00:00.000000000Z,148388
usdt_eth,2021-12-05T00:00:00.000000000Z,109814
usdt_eth,2021-12-06T00:00:00.000000000Z,135530
usdt_eth,2021-12-07T00:00:00.000000000Z,123829
usdt_eth,2021-12-08T00:00:00.000000000Z,118170
usdt_eth,2021-12-09T00:00:00.000000000Z,114415
usdt_eth,2021-12-10T00:00:00.000000000Z,116471
usdt_eth,2021-12-11T00:00:00.000000000Z,95685
usdt_eth,2021-12-12T00:00:00.000000000Z,87668
usdt_eth,2021-12-13T00:00:00.000000000Z,114075
usdt_eth,2021-12-14T00:00:00.000000000Z,115518
usdt_eth,2021-12-15T00:00:00.000000000Z,123042
usdt_eth,2021-12-16T00:00:00.000000000Z,106459
usdt_eth,2021-12-17T00:00:00.000000000Z,103606
usdt_eth,2021-12-18T00:00:00.000000000Z,79649
usdt_eth,2021-12-19T00:00:00.000000000Z,75400
usdt_eth,2021-12-20T00:00:00.000000000Z,100680
usdt_eth,2021-12-21T00:00:00.000000000Z,96942
usdt_eth,2021-12-22T00:00:00.000000000Z,101437
usdt_eth,2021-12-23T00:00:00.000000000Z,104034
usdt_eth,2021-12-24T00:00:00.000000000Z,96717
usdt_eth,2021-12-25T00:00:00.000000000Z,75393
usdt_eth,2021-12-26T00:00:00.000000000Z,73999
usdt_eth,2021-12-27T00:00:00.000000000Z,95088
usdt_eth,2021-12-28T00:00:00.000000000Z,102599
usdt_eth,2021-12-29T00:00:00.000000000Z,103977
usdt_eth,2021-12-30T00:00:00.000000000Z,105864
usdt_eth,2021-12-31T00:00:00.000000000Z,92188
usdt_eth,2022-01-01T00:00:00.000000000Z,70375
usdt_eth,2022-01-02T00:00:00.000000000Z,70847
usdt_eth,2022-01-03T00:00:00.000000000Z,96490
usdt_eth,2022-01-04T00:00:00.000000000Z,101661
usdt_eth,2022-01-05T00:00:00.000000000Z,109685
usdt_eth,2022-01-06T00:00:00.000000000Z,100865
usdt_eth,2022-01-07T00:00:00.000000000Z,97737
usdt_eth,2022-01-08T00:00:00.000000000Z,79829
usdt_eth,2022-01-09T00:00:00.000000000Z,63054
usdt_eth,2022-01-10T00:00:00.000000000Z,79416
usdt_eth,2022-01-11T00:00:00.000000000Z,86857
usdt_eth,2022-01-12T00:00:00.000000000Z,86969
usdt_eth,2022-01-13T00:00:00.000000000Z,79595
usdt_eth,2022-01-14T00:00:00.000000000Z,79628
usdt_eth,2022-01-15T00:00:00.000000000Z,63153
usdt_eth,2022-01-16T00:00:00.000000000Z,61238
usdt_eth,2022-01-17T00:00:00.000000000Z,76102
usdt_eth,2022-01-18T00:00:00.000000000Z,80916
usdt_eth,2022-01-19T00:00:00.000000000Z,81548
usdt_eth,2022-01-20T00:00:00.000000000Z,79366
usdt_eth,2022-01-21T00:00:00.000000000Z,101069
usdt_eth,2022-01-22T00:00:00.000000000Z,108395
usdt_eth,2022-01-23T00:00:00.000000000Z,71915
usdt_eth,2022-01-24T00:00:00.000000000Z,93377
usdt_eth,2022-01-25T00:00:00.000000000Z,81782
usdt_eth,2022-01-26T00:00:00.000000000Z,84356
usdt_eth,2022-01-27T00:00:00.000000000Z,78073
usdt_eth,2022-01-28T00:00:00.000000000Z,77798
usdt_eth,2022-01-29T00:00:00.000000000Z,66491
usdt_eth,2022-01-30T00:00:00.000000000Z,57842
usdt_eth,2022-01-31T00:00:00.000000000Z,69202
usdt_eth,2022-02-01T00:00:00.000000000Z,70851
usdt_eth,2022-02-02T00:00:00.000000000Z,65730
usdt_eth,2022-02-03T00:00:00.000000000Z,67347
usdt_eth,2022-02-04T00:00:00.000000000Z,71339
usdt_eth,2022-02-05T00:00:00.000000000Z,68176
usdt_eth,2022-02-06T00:00:00.000000000Z,54228
usdt_eth,2022-02-07T00:00:00.000000000Z,78174
usdt_eth,2022-02-08T00:00:00.000000000Z,80321
usdt_eth,2022-02-09T00:00:00.000000000Z,80226
usdt_eth,2022-02-10T00:00:00.000000000Z,88446
usdt_eth,2022-02-11T00:00:00.000000000Z,90184
usdt_eth,2022-02-12T00:00:00.000000000Z,64398
usdt_eth,2022-02-13T00:00:00.000000000Z,62296
usdt_eth,2022-02-14T00:00:00.000000000Z,78886
usdt_eth,2022-02-15T00:00:00.000000000Z,81849
usdt_eth,2022-02-16T00:00:00.000000000Z,72065
usdt_eth,2022-02-17T00:00:00.000000000Z,75532
usdt_eth,2022-02-18T00:00:00.000000000Z,72638
usdt_eth,2022-02-19T00:00:00.000000000Z,63503
usdt_eth,2022-02-20T00:00:00.000000000Z,62966
usdt_eth,2022-02-21T00:00:00.000000000Z,73325
usdt_eth,2022-02-22T00:00:00.000000000Z,77132
usdt_eth,2022-02-23T00:00:00.000000000Z,74531
usdt_eth,2022-02-24T00:00:00.000000000Z,106659
usdt_eth,2022-02-25T00:00:00.000000000Z,76776
usdt_eth,2022-02-26T00:00:00.000000000Z,62601
usdt_eth,2022-02-27T00:00:00.000000000Z,64703
usdt_eth,2022-02-28T00:00:00.000000000Z,87412
usdt_eth,2022-03-01T00:00:00.000000000Z,92123
usdt_eth,2022-03-02T00:00:00.000000000Z,80989
usdt_eth,2022-03-03T00:00:00.000000000Z,79689
usdt_eth,2022-03-04T00:00:00.000000000Z,83502
usdt_eth,2022-03-05T00:00:00.000000000Z,63096
usdt_eth,2022-03-06T00:00:00.000000000Z,66174
usdt_eth,2022-03-07T00:00:00.000000000Z,92913
usdt_eth,2022-03-08T00:00:00.000000000Z,96083
usdt_eth,2022-03-09T00:00:00.000000000Z,90873
usdt_eth,2022-03-10T00:00:00.000000000Z,87811
usdt_eth,2022-03-11T00:00:00.000000000Z,81687
usdt_eth,2022-03-12T00:00:00.000000000Z,68998
usdt_eth,2022-03-13T00:00:00.000000000Z,65050
usdt_eth,2022-03-14T00:00:00.000000000Z,88789
usdt_eth,2022-03-15T00:00:00.000000000Z,87784
usdt_eth,2022-03-16T00:00:00.000000000Z,115150
usdt_eth,2022-03-17T00:00:00.000000000Z,90825
usdt_eth,2022-03-18T00:00:00.000000000Z,84224
usdt_eth,2022-03-19T00:00:00.000000000Z,100275
usdt_eth,2022-03-20T00:00:00.000000000Z,72496
usdt_eth,2022-03-21T00:00:00.000000000Z,83256
usdt_eth,2022-03-22T00:00:00.000000000Z,93138
usdt_eth,2022-03-23T00:00:00.000000000Z,93558
usdt_eth,2022-03-24T00:00:00.000000000Z,87346
usdt_eth,2022-03-25T00:00:00.000000000Z,88956
usdt_eth,2022-03-26T00:00:00.000000000Z,65525
usdt_eth,2022-03-27T00:00:00.000000000Z,79368
usdt_eth,2022-03-28T00:00:00.000000000Z,102602
usdt_eth,2022-03-29T00:00:00.000000000Z,101717
usdt_eth,2022-03-30T00:00:00.000000000Z,102141
usdt_eth,2022-03-31T00:00:00.000000000Z,105223
usdt_eth,2022-04-01T00:00:00.000000000Z,96940
usdt_eth,2022-04-02T00:00:00.000000000Z,77922
usdt_eth,2022-04-03T00:00:00.000000000Z,69621
usdt_eth,2022-04-04T00:00:00.000000000Z,87296
usdt_eth,2022-04-05T00:00:00.000000000Z,82316
usdt_eth,2022-04-06T00:00:00.000000000Z,93421
usdt_eth,2022-04-07T00:00:00.000000000Z,86057
usdt_eth,2022-04-08T00:00:00.000000000Z,86541
usdt_eth,2022-04-09T00:00:00.000000000Z,69879
usdt_eth,2022-04-10T00:00:00.000000000Z,61414
usdt_eth,2022-04-11T00:00:00.000000000Z,94963
usdt_eth,2022-04-12T00:00:00.000000000Z,89249
usdt_eth,2022-04-13T00:00:00.000000000Z,78151
usdt_eth,2022-04-14T00:00:00.000000000Z,75472
usdt_eth,2022-04-15T00:00:00.000000000Z,80500
usdt_eth,2022-04-16T00:00:00.000000000Z,64918
usdt_eth,2022-04-17T00:00:00.000000000Z,58701
usdt_eth,2022-04-18T00:00:00.000000000Z,82725
usdt_eth,2022-04-19T00:00:00.000000000Z,82668
usdt_eth,2022-04-20T00:00:00.000000000Z,79408
usdt_eth,2022-04-21T00:00:00.000000000Z,81796
usdt_eth,2022-04-22T00:00:00.000000000Z,79917
usdt_eth,2022-04-23T00:00:00.000000000Z,61703
usdt_eth,2022-04-24T00:00:00.000000000Z,58291
usdt_eth,2022-04-25T00:00:00.000000000Z,85285
usdt_eth,2022-04-26T00:00:00.000000000Z,88170
usdt_eth,2022-04-27T00:00:00.000000000Z,82468
usdt_eth,2022-04-28T00:00:00.000000000Z,87395
usdt_eth,2022-04-29T00:00:00.000000000Z,97021
usdt_eth,2022-04-30T00:00:00.000000000Z,84054
usdt_eth,2022-05-01T00:00:00.000000000Z,65251
usdt_eth,2022-05-02T00:00:00.000000000Z,75858
usdt_eth,2022-05-03T00:00:00.000000000Z,75903
usdt_eth,2022-05-04T00:00:00.000000000Z,85319
usdt_eth,2022-05-05T00:00:00.000000000Z,90175
usdt_eth,2022-05-06T00:00:00.000000000Z,88679
usdt_eth,2022-05-07T00:00:00.000000000Z,74177
usdt_eth,2022-05-08T00:00:00.000000000Z,77660
usdt_eth,2022-05-09T00:00:00.000000000Z,118483
usdt_eth,2022-05-10T00:00:00.000000000Z,136247
usdt_eth,2022-05-11T00:00:00.000000000Z,151836
usdt_eth,2022-05-12T00:00:00.000000000Z,182867
usdt_eth,2022-05-13T00:00:00.000000000Z,139866
usdt_eth,2022-05-14T00:00:00.000000000Z,111394
usdt_eth,2022-05-15T00:00:00.000000000Z,86593
usdt_eth,2022-05-16T00:00:00.000000000Z,101286
usdt_eth,2022-05-17T00:00:00.000000000Z,101485
usdt_eth,2022-05-18T00:00:00.000000000Z,103248
usdt_eth,2022-05-19T00:00:00.000000000Z,85276
usdt_eth,2022-05-20T00:00:00.000000000Z,82111
usdt_eth,2022-05-21T00:00:00.000000000Z,62307
usdt_eth,2022-05-22T00:00:00.000000000Z,57918
usdt_eth,2022-05-23T00:00:00.000000000Z,81642
usdt_eth,2022-05-24T00:00:00.000000000Z,79659
usdt_eth,2022-05-25T00:00:00.000000000Z,82845
usdt_eth,2022-05-26T00:00:00.000000000Z,83508
usdt_eth,2022-05-27T00:00:00.000000000Z,81103
usdt_eth,2022-05-28T00:00:00.000000000Z,69255
usdt_eth,2022-05-29T00:00:00.000000000Z,59705
usdt_eth,2022-05-30T00:00:00.000000000Z,79321
usdt_eth,2022-05-31T00:00:00.000000000Z,79577
usdt_eth,2022-06-01T00:00:00.000000000Z,80523
usdt_eth,2022-06-02T00:00:00.000000000Z,70427
usdt_eth,2022-06-03T00:00:00.000000000Z,64852
usdt_eth,2022-06-04T00:00:00.000000000Z,50671
usdt_eth,2022-06-05T00:00:00.000000000Z,48347
usdt_eth,2022-06-06T00:00:00.000000000Z,71290
usdt_eth,2022-06-07T00:00:00.000000000Z,74710
usdt_eth,2022-06-08T00:00:00.000000000Z,66347
usdt_eth,2022-06-09T00:00:00.000000000Z,65983
usdt_eth,2022-06-10T00:00:00.000000000Z,88354
usdt_eth,2022-06-11T00:00:00.000000000Z,71509
usdt_eth,2022-06-12T00:00:00.000000000Z,71894
usdt_eth,2022-06-13T00:00:00.000000000Z,121718
usdt_eth,2022-06-14T00:00:00.000000000Z,104652
usdt_eth,2022-06-15T00:00:00.000000000Z,113979
usdt_eth,2022-06-16T00:00:00.000000000Z,87982
usdt_eth,2022-06-17T00:00:00.000000000Z,92031
usdt_eth,2022-06-18T00:00:00.000000000Z,97851
usdt_eth,2022-06-19T00:00:00.000000000Z,80543
usdt_eth,2022-06-20T00:00:00.000000000Z,84725
usdt_eth,2022-06-21T00:00:00.000000000Z,83936
usdt_eth,2022-06-22T00:00:00.000000000Z,87433
usdt_eth,2022-06-23T00:00:00.000000000Z,78111
usdt_eth,2022-06-24T00:00:00.000000000Z,79457
usdt_eth,2022-06-25T00:00:00.000000000Z,58842
usdt_eth,2022-06-26T00:00:00.000000000Z,52729
usdt_eth,2022-06-27T00:00:00.000000000Z,75116
usdt_eth,2022-06-28T00:00:00.000000000Z,78197
usdt_eth,2022-06-29T00:00:00.000000000Z,78479
usdt_eth,2022-06-30T00:00:00.000000000Z,85128
usdt_eth,2022-07-01T00:00:00.000000000Z,100327
usdt_eth,2022-07-02T00:00:00.000000000Z,74720
usdt_eth,2022-07-03T00:00:00.000000000Z,64953
usdt_eth,2022-07-04T00:00:00.000000000Z,89922
usdt_eth,2022-07-05T00:00:00.000000000Z,98594
usdt_eth,2022-07-06T00:00:00.000000000Z,101621
usdt_eth,2022-07-07T00:00:00.000000000Z,89622
usdt_eth,2022-07-08T00:00:00.000000000Z,88020
usdt_eth,2022-07-09T00:00:00.000000000Z,69461
usdt_eth,2022-07-10T00:00:00.000000000Z,66564
usdt_eth,2022-07-11T00:00:00.000000000Z,84084
usdt_eth,2022-07-12T00:00:00.000000000Z,85300
usdt_eth,2022-07-13T00:00:00.000000000Z,82486
usdt_eth,2022-07-14T00:00:00.000000000Z,82438
usdt_eth,2022-07-15T00:00:00.000000000Z,85597
usdt_eth,2022-07-16T00:00:00.000000000Z,73855
usdt_eth,2022-07-17T00:00:00.000000000Z,61217
usdt_eth,2022-07-18T00:00:00.000000000Z,91512
usdt_eth,2022-07-19T00:00:00.000000000Z,92619
usdt_eth,2022-07-20T00:00:00.000000000Z,93301
usdt_eth,2022-07-21T00:00:00.000000000Z,87430
usdt_eth,2022-07-22T00:00:00.000000000Z,93970
usdt_eth,2022-07-23T00:00:00.000000000Z,79103
usdt_eth,2022-07-24T00:00:00.000000000Z,68834
usdt_eth,2022-07-25T00:00:00.000000000Z,92855
usdt_eth,2022-07-26T00:00:00.000000000Z,131523
usdt_eth,2022-07-27T00:00:00.000000000Z,121396
usdt_eth,2022-07-28T00:00:00.000000000Z,98385
usdt_eth,2022-07-29T00:00:00.000000000Z,99372
usdt_eth,2022-07-30T00:00:00.000000000Z,83123
usdt_eth,2022-07-31T00:00:00.000000000Z,80842
usdt_eth,2022-08-01T00:00:00.000000000Z,108685
usdt_eth,2022-08-02T00:00:00.000000000Z,131696
usdt_eth,2022-08-03T00:00:00.000000000Z,133793
usdt_eth,2022-08-04T00:00:00.000000000Z,103293
usdt_eth,2022-08-05T00:00:00.000000000Z,98848
usdt_eth,2022-08-06T00:00:00.000000000Z,86517
usdt_eth,2022-08-07T00:00:00.000000000Z,84300
usdt_eth,2022-08-08T00:00:00.000000000Z,95544
usdt_eth,2022-08-09T00:00:00.000000000Z,90778
usdt_eth,2022-08-10T00:00:00.000000000Z,92141
usdt_eth,2022-08-11T00:00:00.000000000Z,92299
usdt_eth,2022-08-12T00:00:00.000000000Z,95749
usdt_eth,2022-08-13T00:00:00.000000000Z,83236
usdt_eth,2022-08-14T00:00:00.000000000Z,77768
usdt_eth,2022-08-15T00:00:00.000000000Z,94300
usdt_eth,2022-08-16T00:00:00.000000000Z,91413
usdt_eth,2022-08-17T00:00:00.000000000Z,96883
usdt_eth,2022-08-18T00:00:00.000000000Z,91632
usdt_eth,2022-08-19T00:00:00.000000000Z,106773
usdt_eth,2022-08-20T00:00:00.000000000Z,80623
usdt_eth,2022-08-21T00:00:00.000000000Z,76267
usdt_eth,2022-08-22T00:00:00.000000000Z,89340
usdt_eth,2022-08-23T00:00:00.000000000Z,91863
usdt_eth,2022-08-24T00:00:00.000000000Z,87043
usdt_eth,2022-08-25T00:00:00.000000000Z,85690
usdt_eth,2022-08-26T00:00:00.000000000Z,93602
usdt_eth,2022-08-27T00:00:00.000000000Z,77027
usdt_eth,2022-08-28T00:00:00.000000000Z,66623
usdt_eth,2022-08-29T00:00:00.000000000Z,91043
usdt_eth,2022-08-30T00:00:00.000000000Z,94466
usdt_eth,2022-08-31T00:00:00.000000000Z,94740
usdt_eth,2022-09-01T00:00:00.000000000Z,100119
usdt_eth,2022-09-02T00:00:00.000000000Z,91915
usdt_eth,2022-09-03T00:00:00.000000000Z,73378
usdt_eth,2022-09-04T00:00:00.000000000Z,62057
usdt_eth,2022-09-05T00:00:00.000000000Z,89852
usdt_eth,2022-09-06T00:00:00.000000000Z,99826
usdt_eth,2022-09-07T00:00:00.000000000Z,98304
usdt_eth,2022-09-08T00:00:00.000000000Z,91708
usdt_eth,2022-09-09T00:00:00.000000000Z,97326
usdt_eth,2022-09-10T00:00:00.000000000Z,74560
usdt_eth,2022-09-11T00:00:00.000000000Z,71024
usdt_eth,2022-09-12T00:00:00.000000000Z,90564
usdt_eth,2022-09-13T00:00:00.000000000Z,101992
usdt_eth,2022-09-14T00:00:00.000000000Z,98773
usdt_eth,2022-09-15T00:00:00.000000000Z,89797
usdt_eth,2022-09-16T00:00:00.000000000Z,98912
usdt_eth,2022-09-17T00:00:00.000000000Z,77179
usdt_eth,2022-09-18T00:00:00.000000000Z,78030
usdt_eth,2022-09-19T00:00:00.000000000Z,105981
usdt_eth,2022-09-20T00:00:00.000000000Z,96571
usdt_eth,2022-09-21T00:00:00.000000000Z,104706
usdt_eth,2022-09-22T00:00:00.000000000Z,103857
usdt_eth,2022-09-23T00:00:00.000000000Z,103311
usdt_eth,2022-09-24T00:00:00.000000000Z,80623
usdt_eth,2022-09-25T00:00:00.000000000Z,76025
usdt_eth,2022-09-26T00:00:00.000000000Z,119136
usdt_eth,2022-09-27T00:00:00.000000000Z,178302
usdt_eth,2022-09-28T00:00:00.000000000Z,126995
usdt_eth,2022-09-29T00:00:00.000000000Z,109972
usdt_eth,2022-09-30T00:00:00.000000000Z,119216
usdt_eth,2022-10-01T00:00:00.000000000Z,98851
usdt_eth,2022-10-02T00:00:00.000000000Z,88395
usdt_eth,2022-10-03T00:00:00.000000000Z,118957
usdt_eth,2022-10-04T00:00:00.000000000Z,119862
usdt_eth,2022-10-05T00:00:00.000000000Z,105830
usdt_eth,2022-10-06T00:00:00.000000000Z,113523
usdt_eth,2022-10-07T00:00:00.000000000Z,112387
usdt_eth,2022-10-08T00:00:00.000000000Z,101358
usdt_eth,2022-10-09T00:00:00.000000000Z,72382
usdt_eth,2022-10-10T00:00:00.000000000Z,86715
usdt_eth,2022-10-11T00:00:00.000000000Z,102164
usdt_eth,2022-10-12T00:00:00.000000000Z,96651
usdt_eth,2022-10-13T00:00:00.000000000Z,115724
usdt_eth,2022-10-14T00:00:00.000000000Z,124857
usdt_eth,2022-10-15T00:00:00.000000000Z,89825
usdt_eth,2022-10-16T00:00:00.000000000Z,73301
usdt_eth,2022-10-17T00:00:00.000000000Z,99806
usdt_eth,2022-10-18T00:00:00.000000000Z,99869
usdt_eth,2022-10-19T00:00:00.000000000Z,97862
usdt_eth,2022-10-20T00:00:00.000000000Z,141702
usdt_eth,2022-10-21T00:00:00.000000000Z,120994
usdt_eth,2022-10-22T00:00:00.000000000Z,75234
usdt_eth,2022-10-23T00:00:00.000000000Z,74401
usdt_eth,2022-10-24T00:00:00.000000000Z,104610
usdt_eth,2022-10-25T00:00:00.000000000Z,107142
usdt_eth,2022-10-26T00:00:00.000000000Z,111366
usdt_eth,2022-10-27T00:00:00.000000000Z,109236
usdt_eth,2022-10-28T00:00:00.000000000Z,105656
usdt_eth,2022-10-29T00:00:00.000000000Z,98509
usdt_eth,2022-10-30T00:00:00.000000000Z,91466
usdt_eth,2022-10-31T00:00:00.000000000Z,115127
usdt_eth,2022-11-01T00:00:00.000000000Z,113394
usdt_eth,2022-11-02T00:00:00.000000000Z,117833
usdt_eth,2022-11-03T00:00:00.000000000Z,155250
usdt_eth,2022-11-04T00:00:00.000000000Z,118673
usdt_eth,2022-11-05T00:00:00.000000000Z,97308
usdt_eth,2022-11-06T00:00:00.000000000Z,90810
usdt_eth,2022-11-07T00:00:00.000000000Z,125142
usdt_eth,2022-11-08T00:00:00.000000000Z,167932
usdt_eth,2022-11-09T00:00:00.000000000Z,194097
usdt_eth,2022-11-10T00:00:00.000000000Z,207168
usdt_eth,2022-11-11T00:00:00.000000000Z,149700
usdt_eth,2022-11-12T00:00:00.000000000Z,111937
usdt_eth,2022-11-13T00:00:00.000000000Z,123007
usdt_eth,2022-11-14T00:00:00.000000000Z,140185
usdt_eth,2022-11-15T00:00:00.000000000Z,134847
usdt_eth,2022-11-16T00:00:00.000000000Z,129963
usdt_eth,2022-11-17T00:00:00.000000000Z,128039
usdt_eth,2022-11-18T00:00:00.000000000Z,120647
usdt_eth,2022-11-19T00:00:00.000000000Z,100449
usdt_eth,2022-11-20T00:00:00.000000000Z,103093
usdt_eth,2022-11-21T00:00:00.000000000Z,133975
usdt_eth,2022-11-22T00:00:00.000000000Z,132073
usdt_eth,2022-11-23T00:00:00.000000000Z,119857
usdt_eth,2022-11-24T00:00:00.000000000Z,130680
usdt_eth,2022-11-25T00:00:00.000000000Z,133392
usdt_eth,2022-11-26T00:00:00.000000000Z,94130
usdt_eth,2022-11-27T00:00:00.000000000Z,78087
usdt_eth,2022-11-28T00:00:00.000000000Z,119790
usdt_eth,2022-11-29T00:00:00.000000000Z,148576
usdt_eth,2022-11-30T00:00:00.000000000Z,131908
usdt_eth,2022-12-01T00:00:00.000000000Z,118764
usdt_eth,2022-12-02T00:00:00.000000000Z,118500
usdt_eth,2022-12-03T00:00:00.000000000Z,84851
usdt_eth,2022-12-04T00:00:00.000000000Z,79672
usdt_eth,2022-12-05T00:00:00.000000000Z,109992
usdt_eth,2022-12-06T00:00:00.000000000Z,112156
usdt_eth,2022-12-07T00:00:00.000000000Z,104634
usdt_eth,2022-12-08T00:00:00.000000000Z,102016
usdt_eth,2022-12-09T00:00:00.000000000Z,264747
usdt_eth,2022-12-10T00:00:00.000000000Z,249208
usdt_eth,2022-12-11T00:00:00.000000000Z,108830
usdt_eth,2022-12-12T00:00:00.000000000Z,155820
usdt_eth,2022-12-13T00:00:00.000000000Z,173983
usdt_eth,2022-12-14T00:00:00.000000000Z,159010
usdt_eth,2022-12-15T00:00:00.000000000Z,138672
usdt_eth,2022-12-16T00:00:00.000000000Z,161956
usdt_eth,2022-12-17T00:00:00.000000000Z,112240
usdt_eth,2022-12-18T00:00:00.000000000Z,98163
usdt_eth,2022-12-19T00:00:00.000000000Z,115629
usdt_eth,2022-12-20T00:00:00.000000000Z,119132
usdt_eth,2022-12-21T00:00:00.000000000Z,110568
usdt_eth,2022-12-22T00:00:00.000000000Z,139688
usdt_eth,2022-12-23T00:00:00.000000000Z,130567
usdt_eth,2022-12-24T00:00:00.000000000Z,88343
usdt_eth,2022-12-25T00:00:00.000000000Z,71234
usdt_eth,2022-12-26T00:00:00.000000000Z,97291
usdt_eth,2022-12-27T00:00:00.000000000Z,144406
usdt_eth,2022-12-28T00:00:00.000000000Z,108359
usdt_eth,2022-12-29T00:00:00.000000000Z,105654
usdt_eth,2022-12-30T00:00:00.000000000Z,110092
usdt_eth,2022-12-31T00:00:00.000000000Z,83988
usdt_eth,2023-01-01T00:00:00.000000000Z,62348
usdt_eth,2023-01-02T00:00:00.000000000Z,87378
usdt_eth,2023-01-03T00:00:00.000000000Z,101608
usdt_eth,2023-01-04T00:00:00.000000000Z,118918
usdt_eth,2023-01-05T00:00:00.000000000Z,113254
usdt_eth,2023-01-06T00:00:00.000000000Z,109485
usdt_eth,2023-01-07T00:00:00.000000000Z,85575
usdt_eth,2023-01-08T00:00:00.000000000Z,78145
usdt_eth,2023-01-09T00:00:00.000000000Z,127120
usdt_eth,2023-01-10T00:00:00.000000000Z,126325
usdt_eth,2023-01-11T00:00:00.000000000Z,130330
usdt_eth,2023-01-12T00:00:00.000000000Z,143363
usdt_eth,2023-01-13T00:00:00.000000000Z,130851
usdt_eth,2023-01-14T00:00:00.000000000Z,129115
usdt_eth,2023-01-15T00:00:00.000000000Z,100855
usdt_eth,2023-01-16T00:00:00.000000000Z,132616
usdt_eth,2023-01-17T00:00:00.000000000Z,123215
usdt_eth,2023-01-18T00:00:00.000000000Z,134668
usdt_eth,2023-01-19T00:00:00.000000000Z,118245
usdt_eth,2023-01-20T00:00:00.000000000Z,125811
usdt_eth,2023-01-21T00:00:00.000000000Z,107634
usdt_eth,2023-01-22T00:00:00.000000000Z,95470
usdt_eth,2023-01-23T00:00:00.000000000Z,109834
usdt_eth,2023-01-24T00:00:00.000000000Z,117082
usdt_eth,2023-01-25T00:00:00.000000000Z,118537
usdt_eth,2023-01-26T00:00:00.000000000Z,115297
usdt_eth,2023-01-27T00:00:00.000000000Z,126322
usdt_eth,2023-01-28T00:00:00.000000000Z,97904
usdt_eth,2023-01-29T00:00:00.000000000Z,94626
usdt_eth,2023-01-30T00:00:00.000000000Z,127570
usdt_eth,2023-01-31T00:00:00.000000000Z,123656
usdt_eth,2023-02-01T00:00:00.000000000Z,140388
usdt_eth,2023-02-02T00:00:00.000000000Z,143922
usdt_eth,2023-02-03T00:00:00.000000000Z,127779
usdt_eth,2023-02-04T00:00:00.000000000Z,104701
usdt_eth,2023-02-05T00:00:00.000000000Z,106564
usdt_eth,2023-02-06T00:00:00.000000000Z,131459
usdt_eth,2023-02-07T00:00:00.000000000Z,145538
usdt_eth,2023-02-08T00:00:00.000000000Z,136735
usdt_eth,2023-02-09T00:00:00.000000000Z,137803
usdt_eth,2023-02-10T00:00:00.000000000Z,134256
usdt_eth,2023-02-11T00:00:00.000000000Z,99361
usdt_eth,2023-02-12T00:00:00.000000000Z,96366
usdt_eth,2023-02-13T00:00:00.000000000Z,159342
usdt_eth,2023-02-14T00:00:00.000000000Z,170822
usdt_eth,2023-02-15T00:00:00.000000000Z,144596
usdt_eth,2023-02-16T00:00:00.000000000Z,156114
usdt_eth,2023-02-17T00:00:00.000000000Z,133300
usdt_eth,2023-02-18T00:00:00.000000000Z,100704
usdt_eth,2023-02-19T00:00:00.000000000Z,104517
usdt_eth,2023-02-20T00:00:00.000000000Z,135096
usdt_eth,2023-02-21T00:00:00.000000000Z,150700
usdt_eth,2023-02-22T00:00:00.000000000Z,151913
usdt_eth,2023-02-23T00:00:00.000000000Z,141785
usdt_eth,2023-02-24T00:00:00.000000000Z,131954
usdt_eth,2023-02-25T00:00:00.000000000Z,102375
usdt_eth,2023-02-26T00:00:00.000000000Z,97303
usdt_eth,2023-02-27T00:00:00.000000000Z,131315
usdt_eth,2023-02-28T00:00:00.000000000Z,137850
usdt_eth,2023-03-01T00:00:00.000000000Z,133611
usdt_eth,2023-03-02T00:00:00.000000000Z,130666
usdt_eth,2023-03-03T00:00:00.000000000Z,142207
usdt_eth,2023-03-04T00:00:00.000000000Z,98011
usdt_eth,2023-03-05T00:00:00.000000000Z,93315
usdt_eth,2023-03-06T00:00:00.000000000Z,128856
usdt_eth,2023-03-07T00:00:00.000000000Z,133940
usdt_eth,2023-03-08T00:00:00.000000000Z,129414
usdt_eth,2023-03-09T00:00:00.000000000Z,150908
usdt_eth,2023-03-10T00:00:00.000000000Z,182798
usdt_eth,2023-03-11T00:00:00.000000000Z,248467
usdt_eth,2023-03-12T00:00:00.000000000Z,164343
usdt_eth,2023-03-13T00:00:00.000000000Z,204885
usdt_eth,2023-03-14T00:00:00.000000000Z,201458
usdt_eth,2023-03-15T00:00:00.000000000Z,174044
usdt_eth,2023-03-16T00:00:00.000000000Z,157279
usdt_eth,2023-03-17T00:00:00.000000000Z,181749
usdt_eth,2023-03-18T00:00:00.000000000Z,142056
usdt_eth,2023-03-19T00:00:00.000000000Z,121210
usdt_eth,2023-03-20T00:00:00.000000000Z,176029
usdt_eth,2023-03-21T00:00:00.000000000Z,158573
usdt_eth,2023-03-22T00:00:00.000000000Z,158482
usdt_eth,2023-03-23T00:00:00.000000000Z,165549
usdt_eth,2023-03-24T00:00:00.000000000Z,150464
usdt_eth,2023-03-25T00:00:00.000000000Z,113152
usdt_eth,2023-03-26T00:00:00.000000000Z,107628
usdt_eth,2023-03-27T00:00:00.000000000Z,149369
usdt_eth,2023-03-28T00:00:00.000000000Z,146168
usdt_eth,2023-03-29T00:00:00.000000000Z,141717
usdt_eth,2023-03-30T00:00:00.000000000Z,137518
usdt_eth,2023-03-31T00:00:00.000000000Z,155235
usdt_eth,2023-04-01T00:00:00.000000000Z,108249
usdt_eth,2023-04-02T00:00:00.000000000Z,99342
usdt_eth,2023-04-03T00:00:00.000000000Z,140392
usdt_eth,2023-04-04T00:00:00.000000000Z,138596
usdt_eth,2023-04-05T00:00:00.000000000Z,132784
usdt_eth,2023-04-06T00:00:00.000000000Z,125922
usdt_eth,2023-04-07T00:00:00.000000000Z,116303
usdt_eth,2023-04-08T00:00:00.000000000Z,94054
usdt_eth,2023-04-09T00:00:00.000000000Z,90088
usdt_eth,2023-04-10T00:00:00.000000000Z,124684
usdt_eth,2023-04-11T00:00:00.000000000Z,136800
usdt_eth,2023-04-12T00:00:00.000000000Z,134345
usdt_eth,2023-04-13T00:00:00.000000000Z,130787
usdt_eth,2023-04-14T00:00:00.000000000Z,145374
usdt_eth,2023-04-15T00:00:00.000000000Z,109506
usdt_eth,2023-04-16T00:00:00.000000000Z,95028
usdt_eth,2023-04-17T00:00:00.000000000Z,128725
usdt_eth,2023-04-18T00:00:00.000000000Z,125584
usdt_eth,2023-04-19T00:00:00.000000000Z,128173
usdt_eth,2023-04-20T00:00:00.000000000Z,129228
usdt_eth,2023-04-21T00:00:00.000000000Z,133786
usdt_eth,2023-04-22T00:00:00.000000000Z,91675
usdt_eth,2023-04-23T00:00:00.000000000Z,83549
usdt_eth,2023-04-24T00:00:00.000000000Z,113712
usdt_eth,2023-04-25T00:00:00.000000000Z,119790
usdt_eth,2023-04-26T00:00:00.000000000Z,122319
usdt_eth,2023-04-27T00:00:00.000000000Z,116647
usdt_eth,2023-04-28T00:00:00.000000000Z,115688
usdt_eth,2023-04-29T00:00:00.000000000Z,88461
usdt_eth,2023-04-30T00:00:00.000000000Z,89733
usdt_eth,2023-05-01T00:00:00.000000000Z,115197
usdt_eth,2023-05-02T00:00:00.000000000Z,120122
usdt_eth,2023-05-03T00:00:00.000000000Z,122057
usdt_eth,2023-05-04T00:00:00.000000000Z,120491
usdt_eth,2023-05-05T00:00:00.000000000Z,128887
usdt_eth,2023-05-06T00:00:00.000000000Z,97530
usdt_eth,2023-05-07T00:00:00.000000000Z,83663
usdt_eth,2023-05-08T00:00:00.000000000Z,120896
usdt_eth,2023-05-09T00:00:00.000000000Z,113825
usdt_eth,2023-05-10T00:00:00.000000000Z,111954
usdt_eth,2023-05-11T00:00:00.000000000Z,107873
usdt_eth,2023-05-12T00:00:00.000000000Z,117459
usdt_eth,2023-05-13T00:00:00.000000000Z,86000
usdt_eth,2023-05-14T00:00:00.000000000Z,77562
usdt_eth,2023-05-15T00:00:00.000000000Z,107282
usdt_eth,2023-05-16T00:00:00.000000000Z,109080
usdt_eth,2023-05-17T00:00:00.000000000Z,105265
usdt_eth,2023-05-18T00:00:00.000000000Z,110336
usdt_eth,2023-05-19T00:00:00.000000000Z,112223
usdt_eth,2023-05-20T00:00:00.000000000Z,80610
usdt_eth,2023-05-21T00:00:00.000000000Z,82673
usdt_eth,2023-05-22T00:00:00.000000000Z,110229
usdt_eth,2023-05-23T00:00:00.000000000Z,109771
usdt_eth,2023-05-24T00:00:00.000000000Z,113783
usdt_eth,2023-05-25T00:00:00.000000000Z,116753
usdt_eth,2023-05-26T00:00:00.000000000Z,108314
usdt_eth,2023-05-27T00:00:00.000000000Z,82052
usdt_eth,2023-05-28T00:00:00.000000000Z,76738
usdt_eth,2023-05-29T00:00:00.000000000Z,103211
usdt_eth,2023-05-30T00:00:00.000000000Z,102608
usdt_eth,2023-05-31T00:00:00.000000000Z,114739
usdt_eth,2023-06-01T00:00:00.000000000Z,111363
usdt_eth,2023-06-02T00:00:00.000000000Z,109898
usdt_eth,2023-06-03T00:00:00.000000000Z,85173
usdt_eth,2023-06-04T00:00:00.000000000Z,84112
usdt_eth,2023-06-05T00:00:00.000000000Z,131115
usdt_eth,2023-06-06T00:00:00.000000000Z,135243
usdt_eth,2023-06-07T00:00:00.000000000Z,117991
usdt_eth,2023-06-08T00:00:00.000000000Z,114081
usdt_eth,2023-06-09T00:00:00.000000000Z,114404
usdt_eth,2023-06-10T00:00:00.000000000Z,138058
usdt_eth,2023-06-11T00:00:00.000000000Z,131493
usdt_eth,2023-06-12T00:00:00.000000000Z,118451
usdt_eth,2023-06-13T00:00:00.000000000Z,116624
usdt_eth,2023-06-14T00:00:00.000000000Z,115189
usdt_eth,2023-06-15T00:00:00.000000000Z,141257
usdt_eth,2023-06-16T00:00:00.000000000Z,119817
usdt_eth,2023-06-17T00:00:00.000000000Z,87835
usdt_eth,2023-06-18T00:00:00.000000000Z,75137
usdt_eth,2023-06-19T00:00:00.000000000Z,106161
usdt_eth,2023-06-20T00:00:00.000000000Z,113441
usdt_eth,2023-06-21T00:00:00.000000000Z,127800
usdt_eth,2023-06-22T00:00:00.000000000Z,111233
usdt_eth,2023-06-23T00:00:00.000000000Z,110492
usdt_eth,2023-06-24T00:00:00.000000000Z,82920
usdt_eth,2023-06-25T00:00:00.000000000Z,80902
usdt_eth,2023-06-26T00:00:00.000000000Z,114965
usdt_eth,2023-06-27T00:00:00.000000000Z,111891
usdt_eth,2023-06-28T00:00:00.000000000Z,117397
usdt_eth,2023-06-29T00:00:00.000000000Z,108127
usdt_eth,2023-06-30T00:00:00.000000000Z,137998
usdt_eth,2023-07-01T00:00:00.000000000Z,94477
usdt_eth,2023-07-02T00:00:00.000000000Z,81799
usdt_eth,2023-07-03T00:00:00.000000000Z,118684
usdt_eth,2023-07-04T00:00:00.000000000Z,105753
usdt_eth,2023-07-05T00:00:00.000000000Z,96644
usdt_eth,2023-07-06T00:00:00.000000000Z,111403
usdt_eth,2023-07-07T00:00:00.000000000Z,111511
usdt_eth,2023-07-08T00:00:00.000000000Z,83775
usdt_eth,2023-07-09T00:00:00.000000000Z,76673
usdt_eth,2023-07-10T00:00:00.000000000Z,114325
usdt_eth,2023-07-11T00:00:00.000000000Z,110520
usdt_eth,2023-07-12T00:00:00.000000000Z,104499
usdt_eth,2023-07-13T00:00:00.000000000Z,123385
usdt_eth,2023-07-14T00:00:00.000000000Z,129825
usdt_eth,2023-07-15T00:00:00.000000000Z,89002
usdt_eth,2023-07-16T00:00:00.000000000Z,85329
usdt_eth,2023-07-17T00:00:00.000000000Z,118858
usdt_eth,2023-07-18T00:00:00.000000000Z,111757
usdt_eth,2023-07-19T00:00:00.000000000Z,111035
usdt_eth,2023-07-20T00:00:00.000000000Z,108514
usdt_eth,2023-07-21T00:00:00.000000000Z,103129
usdt_eth,2023-07-22T00:00:00.000000000Z,81470
usdt_eth,2023-07-23T00:00:00.000000000Z,75751
usdt_eth,2023-07-24T00:00:00.000000000Z,108577
usdt_eth,2023-07-25T00:00:00.000000000Z,103911
usdt_eth,2023-07-26T00:00:00.000000000Z,107732
usdt_eth,2023-07-27T00:00:00.000000000Z,100706
usdt_eth,2023-07-28T00:00:00.000000000Z,100108
usdt_eth,2023-07-29T00:00:00.000000000Z,77157
usdt_eth,2023-07-30T00:00:00.000000000Z,77697
usdt_eth,2023-07-31T00:00:00.000000000Z,114747
usdt_eth,2023-08-01T00:00:00.000000000Z,128555
usdt_eth,2023-08-02T00:00:00.000000000Z,117004
usdt_eth,2023-08-03T00:00:00.000000000Z,113360
usdt_eth,2023-08-04T00:00:00.000000000Z,111764
usdt_eth,2023-08-05T00:00:00.000000000Z,87505
usdt_eth,2023-08-06T00:00:00.000000000Z,82935
usdt_eth,2023-08-07T00:00:00.000000000Z,119131
usdt_eth,2023-08-08T00:00:00.000000000Z,124992
usdt_eth,2023-08-09T00:00:00.000000000Z,122106
usdt_eth,2023-08-10T00:00:00.000000000Z,117978
usdt_eth,2023-08-11T00:00:00.000000000Z,107571
usdt_eth,2023-08-12T00:00:00.000000000Z,82168
usdt_eth,2023-08-13T00:00:00.000000000Z,78377
usdt_eth,2023-08-14T00:00:00.000000000Z,109277
usdt_eth,2023-08-15T00:00:00.000000000Z,115582
usdt_eth,2023-08-16T00:00:00.000000000Z,112580
usdt_eth,2023-08-17T00:00:00.000000000Z,129734
usdt_eth,2023-08-18T00:00:00.000000000Z,131086
usdt_eth,2023-08-19T00:00:00.000000000Z,90229
usdt_eth,2023-08-20T00:00:00.000000000Z,78387
usdt_eth,2023-08-21T00:00:00.000000000Z,107753
usdt_eth,2023-08-22T00:00:00.000000000Z,110101
usdt_eth,2023-08-23T00:00:00.000000000Z,112230
usdt_eth,2023-08-24T00:00:00.000000000Z,107675
usdt_eth,2023-08-25T00:00:00.000000000Z,105676
usdt_eth,2023-08-26T00:00:00.000000000Z,82800
usdt_eth,2023-08-27T00:00:00.000000000Z,77298
usdt_eth,2023-08-28T00:00:00.000000000Z,106674
usdt_eth,2023-08-29T00:00:00.000000000Z,114100
usdt_eth,2023-08-30T00:00:00.000000000Z,113281
usdt_eth,2023-08-31T00:00:00.000000000Z,119689
usdt_eth,2023-09-01T00:00:00.000000000Z,126090
usdt_eth,2023-09-02T00:00:00.000000000Z,93059
usdt_eth,2023-09-03T00:00:00.000000000Z,81190
usdt_eth,2023-09-04T00:00:00.000000000Z,118993
usdt_eth,2023-09-05T00:00:00.000000000Z,116661
usdt_eth,2023-09-06T00:00:00.000000000Z,115660
usdt_eth,2023-09-07T00:00:00.000000000Z,112787
usdt_eth,2023-09-08T00:00:00.000000000Z,117553
usdt_eth,2023-09-09T00:00:00.000000000Z,83400
usdt_eth,2023-09-10T00:00:00.000000000Z,85835
usdt_eth,2023-09-11T00:00:00.000000000Z,120053
usdt_eth,2023-09-12T00:00:00.000000000Z,121162
usdt_eth,2023-09-13T00:00:00.000000000Z,111509
usdt_eth,2023-09-14T00:00:00.000000000Z,123483
usdt_eth,2023-09-15T00:00:00.000000000Z,121961
usdt_eth,2023-09-16T00:00:00.000000000Z,89364
usdt_eth,2023-09-17T00:00:00.000000000Z,79020
usdt_eth,2023-09-18T00:00:00.000000000Z,117613
usdt_eth,2023-09-19T00:00:00.000000000Z,120982
usdt_eth,2023-09-20T00:00:00.000000000Z,117427
usdt_eth,2023-09-21T00:00:00.000000000Z,113628
usdt_eth,2023-09-22T00:00:00.000000000Z,117729
usdt_eth,2023-09-23T00:00:00.000000000Z,88561
usdt_eth,2023-09-24T00:00:00.000000000Z,84186
usdt_eth,2023-09-25T00:00:00.000000000Z,119664
usdt_eth,2023-09-26T00:00:00.000000000Z,120805
usdt_eth,2023-09-27T00:00:00.000000000Z,123083
usdt_eth,2023-09-28T00:00:00.000000000Z,129387
usdt_eth,2023-09-29T00:00:00.000000000Z,126174
usdt_eth,2023-09-30T00:00:00.000000000Z,101879
usdt_eth,2023-10-01T00:00:00.000000000Z,101698
usdt_eth,2023-10-02T00:00:00.000000000Z,139732
usdt_eth,2023-10-03T00:00:00.000000000Z,131099
usdt_eth,2023-10-04T00:00:00.000000000Z,127829
usdt_eth,2023-10-05T00:00:00.000000000Z,129268
usdt_eth,2023-10-06T00:00:00.000000000Z,133290
usdt_eth,2023-10-07T00:00:00.000000000Z,115746
usdt_eth,2023-10-08T00:00:00.000000000Z,109579
usdt_eth,2023-10-09T00:00:00.000000000Z,141462
usdt_eth,2023-10-10T00:00:00.000000000Z,132743
usdt_eth,2023-10-11T00:00:00.000000000Z,134435
usdt_eth,2023-10-12T00:00:00.000000000Z,127233
usdt_eth,2023-10-13T00:00:00.000000000Z,125051
usdt_eth,2023-10-14T00:00:00.000000000Z,108198
usdt_eth,2023-10-15T00:00:00.000000000Z,93339
usdt_eth,2023-10-16T00:00:00.000000000Z,137477
usdt_eth,2023-10-17T00:00:00.000000000Z,131275
usdt_eth,2023-10-18T00:00:00.000000000Z,126036
usdt_eth,2023-10-19T00:00:00.000000000Z,134453
usdt_eth,2023-10-20T00:00:00.000000000Z,139794
usdt_eth,2023-10-21T00:00:00.000000000Z,105303
usdt_eth,2023-10-22T00:00:00.000000000Z,105493
usdt_eth,2023-10-23T00:00:00.000000000Z,156248
usdt_eth,2023-10-24T00:00:00.000000000Z,169693
usdt_eth,2023-10-25T00:00:00.000000000Z,143878
usdt_eth,2023-10-26T00:00:00.000000000Z,142321
usdt_eth,2023-10-27T00:00:00.000000000Z,133847
usdt_eth,2023-10-28T00:00:00.000000000Z,105107
usdt_eth,2023-10-29T00:00:00.000000000Z,99180
usdt_eth,2023-10-30T00:00:00.000000000Z,133925
usdt_eth,2023-10-31T00:00:00.000000000Z,147873
usdt_eth,2023-11-01T00:00:00.000000000Z,148064
usdt_eth,2023-11-02T00:00:00.000000000Z,150101
usdt_eth,2023-11-03T00:00:00.000000000Z,143440
usdt_eth,2023-11-04T00:00:00.000000000Z,109463
usdt_eth,2023-11-05T00:00:00.000000000Z,108864
usdt_eth,2023-11-06T00:00:00.000000000Z,139561
usdt_eth,2023-11-07T00:00:00.000000000Z,146327
usdt_eth,2023-11-08T00:00:00.000000000Z,136763
usdt_eth,2023-11-09T00:00:00.000000000Z,161108
usdt_eth,2023-11-10T00:00:00.000000000Z,164347
usdt_eth,2023-11-11T00:00:00.000000000Z,122976
usdt_eth,2023-11-12T00:00:00.000000000Z,110557
usdt_eth,2023-11-13T00:00:00.000000000Z,132949
usdt_eth,2023-11-14T00:00:00.000000000Z,139692
usdt_eth,2023-11-15T00:00:00.000000000Z,145639
usdt_eth,2023-11-16T00:00:00.000000000Z,151766
usdt_eth,2023-11-17T00:00:00.000000000Z,142259
usdt_eth,2023-11-18T00:00:00.000000000Z,116230
usdt_eth,2023-11-19T00:00:00.000000000Z,115617
usdt_eth,2023-11-20T00:00:00.000000000Z,148815
usdt_eth,2023-11-21T00:00:00.000000000Z,160110
usdt_eth,2023-11-22T00:00:00.000000000Z,153715
usdt_eth,2023-11-23T00:00:00.000000000Z,139857
usdt_eth,2023-11-24T00:00:00.000000000Z,145809
usdt_eth,2023-11-25T00:00:00.000000000Z,114722
usdt_eth,2023-11-26T00:00:00.000000000Z,105272
usdt_eth,2023-11-27T00:00:00.000000000Z,138556
usdt_eth,2023-11-28T00:00:00.000000000Z,138549
usdt_eth,2023-11-29T00:00:00.000000000Z,139102
usdt_eth,2023-11-30T00:00:00.000000000Z,139930
usdt_eth,2023-12-01T00:00:00.000000000Z,147093
usdt_eth,2023-12-02T00:00:00.000000000Z,117931
usdt_eth,2023-12-03T00:00:00.000000000Z,113647
usdt_eth,2023-12-04T00:00:00.000000000Z,160691
usdt_eth,2023-12-05T00:00:00.000000000Z,158042
usdt_eth,2023-12-06T00:00:00.000000000Z,151433
usdt_eth,2023-12-07T00:00:00.000000000Z,154903
usdt_eth,2023-12-08T00:00:00.000000000Z,160330
usdt_eth,2023-12-09T00:00:00.000000000Z,135660
usdt_eth,2023-12-10T00:00:00.000000000Z,125776
usdt_eth,2023-12-11T00:00:00.000000000Z,175224
usdt_eth,2023-12-12T00:00:00.000000000Z,145492
usdt_eth,2023-12-13T00:00:00.000000000Z,141971
usdt_eth,2023-12-14T00:00:00.000000000Z,154955
usdt_eth,2023-12-15T00:00:00.000000000Z,150386
usdt_eth,2023-12-16T00:00:00.000000000Z,125047
usdt_eth,2023-12-17T00:00:00.000000000Z,116560
usdt_eth,2023-12-18T00:00:00.000000000Z,146936
usdt_eth,2023-12-19T00:00:00.000000000Z,146078
usdt_eth,2023-12-20T00:00:00.000000000Z,140497
usdt_eth,2023-12-21T00:00:00.000000000Z,149599
usdt_eth,2023-12-22T00:00:00.000000000Z,158230
usdt_eth,2023-12-23T00:00:00.000000000Z,129659
usdt_eth,2023-12-24T00:00:00.000000000Z,121586
usdt_eth,2023-12-25T00:00:00.000000000Z,122315
usdt_eth,2023-12-26T00:00:00.000000000Z,144701
usdt_eth,2023-12-27T00:00:00.000000000Z,151801
usdt_eth,2023-12-28T00:00:00.000000000Z,163522
usdt_eth,2023-12-29T00:00:00.000000000Z,156679
usdt_eth,2023-12-30T00:00:00.000000000Z,126692
usdt_eth,2023-12-31T00:00:00.000000000Z,118379
usdt_eth,2024-01-01T00:00:00.000000000Z,113719
usdt_eth,2024-01-02T00:00:00.000000000Z,162071
usdt_eth,2024-01-03T00:00:00.000000000Z,160773
usdt_eth,2024-01-04T00:00:00.000000000Z,164202
usdt_eth,2024-01-05T00:00:00.000000000Z,157504
usdt_eth,2024-01-06T00:00:00.000000000Z,120281
usdt_eth,2024-01-07T00:00:00.000000000Z,110247
usdt_eth,2024-01-08T00:00:00.000000000Z,168248
usdt_eth,2024-01-09T00:00:00.000000000Z,162112
usdt_eth,2024-01-10T00:00:00.000000000Z,160583
usdt_eth,2024-01-11T00:00:00.000000000Z,171932
usdt_eth,2024-01-12T00:00:00.000000000Z,161586
usdt_eth,2024-01-13T00:00:00.000000000Z,127685
usdt_eth,2024-01-14T00:00:00.000000000Z,111678
usdt_eth,2024-01-15T00:00:00.000000000Z,151017
usdt_eth,2024-01-16T00:00:00.000000000Z,152335
usdt_eth,2024-01-17T00:00:00.000000000Z,139723
usdt_eth,2024-01-18T00:00:00.000000000Z,147510
usdt_eth,2024-01-19T00:00:00.000000000Z,161976
usdt_eth,2024-01-20T00:00:00.000000000Z,117860
usdt_eth,2024-01-21T00:00:00.000000000Z,120712
usdt_eth,2024-01-22T00:00:00.000000000Z,167220
usdt_eth,2024-01-23T00:00:00.000000000Z,175078
usdt_eth,2024-01-24T00:00:00.000000000Z,154609
usdt_eth,2024-01-25T00:00:00.000000000Z,142710
usdt_eth,2024-01-26T00:00:00.000000000Z,152528
usdt_eth,2024-01-27T00:00:00.000000000Z,116105
usdt_eth,2024-01-28T00:00:00.000000000Z,119358
usdt_eth,2024-01-29T00:00:00.000000000Z,164923
usdt_eth,2024-01-30T00:00:00.000000000Z,158596
usdt_eth,2024-01-31T00:00:00.000000000Z,161072
usdt_eth,2024-02-01T00:00:00.000000000Z,151823
usdt_eth,2024-02-02T00:00:00.000000000Z,146498
usdt_eth,2024-02-03T00:00:00.000000000Z,112974
usdt_eth,2024-02-04T00:00:00.000000000Z,108323
usdt_eth,2024-02-05T00:00:00.000000000Z,144560
usdt_eth,2024-02-06T00:00:00.000000000Z,133566
usdt_eth,2024-02-07T00:00:00.000000000Z,133693
usdt_eth,2024-02-08T00:00:00.000000000Z,131816
usdt_eth,2024-02-09T00:00:00.000000000Z,131845
usdt_eth,2024-02-10T00:00:00.000000000Z,104419
usdt_eth,2024-02-11T00:00:00.000000000Z,106298
usdt_eth,2024-02-12T00:00:00.000000000Z,132412
usdt_eth,2024-02-13T00:00:00.000000000Z,145496
usdt_eth,2024-02-14T00:00:00.000000000Z,150434
usdt_eth,2024-02-15T00:00:00.000000000Z,150224
usdt_eth,2024-02-16T00:00:00.000000000Z,154896
usdt_eth,2024-02-17T00:00:00.000000000Z,123753
usdt_eth,2024-02-18T00:00:00.000000000Z,122008
usdt_eth,2024-02-19T00:00:00.000000000Z,157286
usdt_eth,2024-02-20T00:00:00.000000000Z,159337
usdt_eth,2024-02-21T00:00:00.000000000Z,148673
usdt_eth,2024-02-22T00:00:00.000000000Z,145017
usdt_eth,2024-02-23T00:00:00.000000000Z,141469
usdt_eth,2024-02-24T00:00:00.000000000Z,115249
usdt_eth,2024-02-25T00:00:00.000000000Z,115937
usdt_eth,2024-02-26T00:00:00.000000000Z,158825
usdt_eth,2024-02-27T00:00:00.000000000Z,167226
usdt_eth,2024-02-28T00:00:00.000000000Z,175863
usdt_eth,2024-02-29T00:00:00.000000000Z,178534
usdt_eth,2024-03-01T00:00:00.000000000Z,170963
usdt_eth,2024-03-02T00:00:00.000000000Z,145526
usdt_eth,2024-03-03T00:00:00.000000000Z,136140
usdt_eth,2024-03-04T00:00:00.000000000Z,174166
usdt_eth,2024-03-05T00:00:00.000000000Z,183643
usdt_eth,2024-03-06T00:00:00.000000000Z,166968
usdt_eth,2024-03-07T00:00:00.000000000Z,164158
usdt_eth,2024-03-08T00:00:00.000000000Z,157761
usdt_eth,2024-03-09T00:00:00.000000000Z,134281
usdt_eth,2024-03-10T00:00:00.000000000Z,129551
usdt_eth,2024-03-11T00:00:00.000000000Z,162609
usdt_eth,2024-03-12T00:00:00.000000000Z,161854
usdt_eth,2024-03-13T00:00:00.000000000Z,149459
usdt_eth,2024-03-14T00:00:00.000000000Z,160048
usdt_eth,2024-03-15T00:00:00.000000000Z,173519
usdt_eth,2024-03-16T00:00:00.000000000Z,143296
usdt_eth,2024-03-17T00:00:00.000000000Z,136447
usdt_eth,2024-03-18T00:00:00.000000000Z,157795
usdt_eth,2024-03-19T00:00:00.000000000Z,180040
usdt_eth,2024-03-20T00:00:00.000000000Z,176948
usdt_eth,2024-03-21T00:00:00.000000000Z,161026
usdt_eth,2024-03-22T00:00:00.000000000Z,164844
usdt_eth,2024-03-23T00:00:00.000000000Z,137027
usdt_eth,2024-03-24T00:00:00.000000000Z,124955
usdt_eth,2024-03-25T00:00:00.000000000Z,169628
usdt_eth,2024-03-26T00:00:00.000000000Z,178419
usdt_eth,2024-03-27T00:00:00.000000000Z,168143
usdt_eth,2024-03-28T00:00:00.000000000Z,168513
usdt_eth,2024-03-29T00:00:00.000000000Z,152451
usdt_eth,2024-03-30T00:00:00.000000000Z,125904
usdt_eth,2024-03-31T00:00:00.000000000Z,129265
usdt_eth,2024-04-01T00:00:00.000000000Z,162678
usdt_eth,2024-04-02T00:00:00.000000000Z,183101
usdt_eth,2024-04-03T00:00:00.000000000Z,168134
usdt_eth,2024-04-04T00:00:00.000000000Z,169769
usdt_eth,2024-04-05T00:00:00.000000000Z,170626
usdt_eth,2024-04-06T00:00:00.000000000Z,128394
usdt_eth,2024-04-07T00:00:00.000000000Z,122294
usdt_eth,2024-04-08T00:00:00.000000000Z,162163
usdt_eth,2024-04-09T00:00:00.000000000Z,165546
usdt_eth,2024-04-10T00:00:00.000000000Z,169391
usdt_eth,2024-04-11T00:00:00.000000000Z,163790
usdt_eth,2024-04-12T00:00:00.000000000Z,179740
usdt_eth,2024-04-13T00:00:00.000000000Z,165020
usdt_eth,2024-04-14T00:00:00.000000000Z,162525
usdt_eth,2024-04-15T00:00:00.000000000Z,175081
usdt_eth,2024-04-16T00:00:00.000000000Z,179823
usdt_eth,2024-04-17T00:00:00.000000000Z,159465
usdt_eth,2024-04-18T00:00:00.000000000Z,163766
usdt_eth,2024-04-19T00:00:00.000000000Z,172028
usdt_eth,2024-04-20T00:00:00.000000000Z,130526
usdt_eth,2024-04-21T00:00:00.000000000Z,128130
usdt_eth,2024-04-22T00:00:00.000000000Z,160724
usdt_eth,2024-04-23T00:00:00.000000000Z,152230
usdt_eth,2024-04-24T00:00:00.000000000Z,155610
usdt_eth,2024-04-25T00:00:00.000000000Z,164982
usdt_eth,2024-04-26T00:00:00.000000000Z,159182
usdt_eth,2024-04-27T00:00:00.000000000Z,130749
usdt_eth,2024-04-28T00:00:00.000000000Z,123901
usdt_eth,2024-04-29T00:00:00.000000000Z,172391
usdt_eth,2024-04-30T00:00:00.000000000Z,181209
usdt_eth,2024-05-01T00:00:00.000000000Z,178871
usdt_eth,2024-05-02T00:00:00.000000000Z,161216
usdt_eth,2024-05-03T00:00:00.000000000Z,158323
usdt_eth,2024-05-04T00:00:00.000000000Z,123460
usdt_eth,2024-05-05T00:00:00.000000000Z,110877
usdt_eth,2024-05-06T00:00:00.000000000Z,154973
usdt_eth,2024-05-07T00:00:00.000000000Z,162062
usdt_eth,2024-05-08T00:00:00.000000000Z,161082
usdt_eth,2024-05-09T00:00:00.000000000Z,158651
usdt_eth,2024-05-10T00:00:00.000000000Z,158494
usdt_eth,2024-05-11T00:00:00.000000000Z,113948
usdt_eth,2024-05-12T00:00:00.000000000Z,107803
usdt_eth,2024-05-13T00:00:00.000000000Z,154931
usdt_eth,2024-05-14T00:00:00.000000000Z,161897
usdt_eth,2024-05-15T00:00:00.000000000Z,164265
usdt_eth,2024-05-16T00:00:00.000000000Z,164804
usdt_eth,2024-05-17T00:00:00.000000000Z,161675
usdt_eth,2024-05-18T00:00:00.000000000Z,148583
usdt_eth,2024-05-19T00:00:00.000000000Z,129342
usdt_eth,2024-05-20T00:00:00.000000000Z,160565
usdt_eth,2024-05-21T00:00:00.000000000Z,187905
usdt_eth,2024-05-22T00:00:00.000000000Z,168538
usdt_eth,2024-05-23T00:00:00.000000000Z,169172
usdt_eth,2024-05-24T00:00:00.000000000Z,158084
usdt_eth,2024-05-25T00:00:00.000000000Z,130223
usdt_eth,2024-05-26T00:00:00.000000000Z,123912
usdt_eth,2024-05-27T00:00:00.000000000Z,150463
usdt_eth,2024-05-28T00:00:00.000000000Z,153668
usdt_eth,2024-05-29T00:00:00.000000000Z,164299
usdt_eth,2024-05-30T00:00:00.000000000Z,160732
usdt_eth,2024-05-31T00:00:00.000000000Z,164619
usdt_eth,2024-06-01T00:00:00.000000000Z,139992
usdt_eth,2024-06-02T00:00:00.000000000Z,122569
usdt_eth,2024-06-03T00:00:00.000000000Z,165360
usdt_eth,2024-06-04T00:00:00.000000000Z,169915
usdt_eth,2024-06-05T00:00:00.000000000Z,162821
usdt_eth,2024-06-06T00:00:00.000000000Z,151680
usdt_eth,2024-06-07T00:00:00.000000000Z,164386
usdt_eth,2024-06-08T00:00:00.000000000Z,136548
usdt_eth,2024-06-09T00:00:00.000000000Z,120409
usdt_eth,2024-06-10T00:00:00.000000000Z,159751
usdt_eth,2024-06-11T00:00:00.000000000Z,175601
usdt_eth,2024-06-12T00:00:00.000000000Z,167312
usdt_eth,2024-06-13T00:00:00.000000000Z,164324
usdt_eth,2024-06-14T00:00:00.000000000Z,170735
usdt_eth,2024-06-15T00:00:00.000000000Z,131810
usdt_eth,2024-06-16T00:00:00.000000000Z,117985
usdt_eth,2024-06-17T00:00:00.000000000Z,159740
usdt_eth,2024-06-18T00:00:00.000000000Z,173230
usdt_eth,2024-06-19T00:00:00.000000000Z,148621
usdt_eth,2024-06-20T00:00:00.000000000Z,145881
usdt_eth,2024-06-21T00:00:00.000000000Z,158153
usdt_eth,2024-06-22T00:00:00.000000000Z,134859
usdt_eth,2024-06-23T00:00:00.000000000Z,115825
usdt_eth,2024-06-24T00:00:00.000000000Z,175021
usdt_eth,2024-06-25T00:00:00.000000000Z,163004
usdt_eth,2024-06-26T00:00:00.000000000Z,162320
usdt_eth,2024-06-27T00:00:00.000000000Z,148626
usdt_eth,2024-06-28T00:00:00.000000000Z,155275
usdt_eth,2024-06-29T00:00:00.000000000Z,123795
usdt_eth,2024-06-30T00:00:00.000000000Z,128555
usdt_eth,2024-07-01T00:00:00.000000000Z,164345
usdt_eth,2024-07-02T00:00:00.000000000Z,162108
usdt_eth,2024-07-03T00:00:00.000000000Z,157246
usdt_eth,2024-07-04T00:00:00.000000000Z,181563
usdt_eth,2024-07-05T00:00:00.000000000Z,201349
usdt_eth,2024-07-06T00:00:00.000000000Z,138016
usdt_eth,2024-07-07T00:00:00.000000000Z,126716
usdt_eth,2024-07-08T00:00:00.000000000Z,169557
usdt_eth,2024-07-09T00:00:00.000000000Z,154151
usdt_eth,2024-07-10T00:00:00.000000000Z,152403
usdt_eth,2024-07-11T00:00:00.000000000Z,153076
usdt_eth,2024-07-12T00:00:00.000000000Z,153690
usdt_eth,2024-07-13T00:00:00.000000000Z,124694
usdt_eth,2024-07-14T00:00:00.000000000Z,119049
usdt_eth,2024-07-15T00:00:00.000000000Z,160654
usdt_eth,2024-07-16T00:00:00.000000000Z,160641
usdt_eth,2024-07-17T00:00:00.000000000Z,148857
usdt_eth,2024-07-18T00:00:00.000000000Z,142862
usdt_eth,2024-07-19T00:00:00.000000000Z,149963
usdt_eth,2024-07-20T00:00:00.000000000Z,123026
usdt_eth,2024-07-21T00:00:00.000000000Z,115373
usdt_eth,2024-07-22T00:00:00.000000000Z,152345
usdt_eth,2024-07-23T00:00:00.000000000Z,153506
usdt_eth,2024-07-24T00:00:00.000000000Z,147650
usdt_eth,2024-07-25T00:00:00.000000000Z,173860
usdt_eth,2024-07-26T00:00:00.000000000Z,160037
usdt_eth,2024-07-27T00:00:00.000000000Z,125497
usdt_eth,2024-07-28T00:00:00.000000000Z,117789
usdt_eth,2024-07-29T00:00:00.000000000Z,163806
usdt_eth,2024-07-30T00:00:00.000000000Z,150809
usdt_eth,2024-07-31T00:00:00.000000000Z,155128
usdt_eth,2024-08-01T00:00:00.000000000Z,171990
usdt_eth,2024-08-02T00:00:00.000000000Z,175713
usdt_eth,2024-08-03T00:00:00.000000000Z,158456
usdt_eth,2024-08-04T00:00:00.000000000Z,158395
usdt_eth,2024-08-05T00:00:00.000000000Z,253742
usdt_eth,2024-08-06T00:00:00.000000000Z,194830
usdt_eth,2024-08-07T00:00:00.000000000Z,185830
usdt_eth,2024-08-08T00:00:00.000000000Z,176249
usdt_eth,2024-08-09T00:00:00.000000000Z,163947
usdt_eth,2024-08-10T00:00:00.000000000Z,131301
usdt_eth,2024-08-11T00:00:00.000000000Z,127916
usdt_eth,2024-08-12T00:00:00.000000000Z,166238
usdt_eth,2024-08-13T00:00:00.000000000Z,174510
usdt_eth,2024-08-14T00:00:00.000000000Z,168548
usdt_eth,2024-08-15T00:00:00.000000000Z,167793
usdt_eth,2024-08-16T00:00:00.000000000Z,179693
usdt_eth,2024-08-17T00:00:00.000000000Z,133753
usdt_eth,2024-08-18T00:00:00.000000000Z,127791
usdt_eth,2024-08-19T00:00:00.000000000Z,171844
usdt_eth,2024-08-20T00:00:00.000000000Z,189529
usdt_eth,2024-08-21T00:00:00.000000000Z,184669
usdt_eth,2024-08-22T00:00:00.000000000Z,178954
usdt_eth,2024-08-23T00:00:00.000000000Z,207900
usdt_eth,2024-08-24T00:00:00.000000000Z,170511
usdt_eth,2024-08-25T00:00:00.000000000Z,152960
usdt_eth,2024-08-26T00:00:00.000000000Z,195113
usdt_eth,2024-08-27T00:00:00.000000000Z,209433
usdt_eth,2024-08-28T00:00:00.000000000Z,211969
usdt_eth,2024-08-29T00:00:00.000000000Z,214608
usdt_eth,2024-08-30T00:00:00.000000000Z,218186
usdt_eth,2024-08-31T00:00:00.000000000Z,170382
usdt_eth,2024-09-01T00:00:00.000000000Z,176121
usdt_eth,2024-09-02T00:00:00.000000000Z,183660
usdt_eth,2024-09-03T00:00:00.000000000Z,192616
usdt_eth,2024-09-04T00:00:00.000000000Z,192945
usdt_eth,2024-09-05T00:00:00.000000000Z,167871
usdt_eth,2024-09-06T00:00:00.000000000Z,203936
usdt_eth,2024-09-07T00:00:00.000000000Z,197502
usdt_eth,2024-09-08T00:00:00.000000000Z,230665
usdt_eth,2024-09-09T00:00:00.000000000Z,209509
usdt_eth,2024-09-10T00:00:00.000000000Z,172883
usdt_eth,2024-09-11T00:00:00.000000000Z,194291
usdt_eth,2024-09-12T00:00:00.000000000Z,214556
usdt_eth,2024-09-13T00:00:00.000000000Z,244034
usdt_eth,2024-09-14T00:00:00.000000000Z,214628
usdt_eth,2024-09-15T00:00:00.000000000Z,302618
usdt_eth,2024-09-16T00:00:00.000000000Z,203668
usdt_eth,2024-09-17T00:00:00.000000000Z,174615
usdt_eth,2024-09-18T00:00:00.000000000Z,162079
usdt_eth,2024-09-19T00:00:00.000000000Z,158715
usdt_eth,2024-09-20T00:00:00.000000000Z,150795
usdt_eth,2024-09-21T00:00:00.000000000Z,115869
usdt_eth,2024-09-22T00:00:00.000000000Z,116805
usdt_eth,2024-09-23T00:00:00.000000000Z,143817
usdt_eth,2024-09-24T00:00:00.000000000Z,144857
usdt_eth,2024-09-25T00:00:00.000000000Z,143783
usdt_eth,2024-09-26T00:00:00.000000000Z,155825
usdt_eth,2024-09-27T00:00:00.000000000Z,164350
usdt_eth,2024-09-28T00:00:00.000000000Z,146932
usdt_eth,2024-09-29T00:00:00.000000000Z,122392
usdt_eth,2024-09-30T00:00:00.000000000Z,173909
usdt_eth,2024-10-01T00:00:00.000000000Z,176316
usdt_eth,2024-10-02T00:00:00.000000000Z,174033
usdt_eth,2024-10-03T00:00:00.000000000Z,183700
usdt_eth,2024-10-04T00:00:00.000000000Z,179323
usdt_eth,2024-10-05T00:00:00.000000000Z,135103
usdt_eth,2024-10-06T00:00:00.000000000Z,121690
usdt_eth,2024-10-07T00:00:00.000000000Z,154353
usdt_eth,2024-10-08T00:00:00.000000000Z,149032
usdt_eth,2024-10-09T00:00:00.000000000Z,146442
usdt_eth,2024-10-10T00:00:00.000000000Z,166527
usdt_eth,2024-10-11T00:00:00.000000000Z,150616
usdt_eth,2024-10-12T00:00:00.000000000Z,126111
usdt_eth,2024-10-13T00:00:00.000000000Z,116229
usdt_eth,2024-10-14T00:00:00.000000000Z,159588
usdt_eth,2024-10-15T00:00:00.000000000Z,169934
usdt_eth,2024-10-16T00:00:00.000000000Z,163920
usdt_eth,2024-10-17T00:00:00.000000000Z,143960
usdt_eth,2024-10-18T00:00:00.000000000Z,140334
usdt_eth,2024-10-19T00:00:00.000000000Z,114777
usdt_eth,2024-10-20T00:00:00.000000000Z,122645
usdt_eth,2024-10-21T00:00:00.000000000Z,161204
usdt_eth,2024-10-22T00:00:00.000000000Z,160429
usdt_eth,2024-10-23T00:00:00.000000000Z,159041
usdt_eth,2024-10-24T00:00:00.000000000Z,155767
usdt_eth,2024-10-25T00:00:00.000000000Z,180487
usdt_eth,2024-10-26T00:00:00.000000000Z,139299
usdt_eth,2024-10-27T00:00:00.000000000Z,115861
usdt_eth,2024-10-28T00:00:00.000000000Z,157533
usdt_eth,2024-10-29T00:00:00.000000000Z,174946
usdt_eth,2024-10-30T00:00:00.000000000Z,160718
usdt_eth,2024-10-31T00:00:00.000000000Z,168089
usdt_eth,2024-11-01T00:00:00.000000000Z,187905
usdt_eth,2024-11-02T00:00:00.000000000Z,138850
usdt_eth,2024-11-03T00:00:00.000000000Z,142877
usdt_eth,2024-11-04T00:00:00.000000000Z,173935
usdt_eth,2024-11-05T00:00:00.000000000Z,180776
usdt_eth,2024-11-06T00:00:00.000000000Z,203197
usdt_eth,2024-11-07T00:00:00.000000000Z,181366
usdt_eth,2024-11-08T00:00:00.000000000Z,192196
usdt_eth,2024-11-09T00:00:00.000000000Z,147379
usdt_eth,2024-11-10T00:00:00.000000000Z,168486
usdt_eth,2024-11-11T00:00:00.000000000Z,198017
usdt_eth,2024-11-12T00:00:00.000000000Z,205123
usdt_eth,2024-11-13T00:00:00.000000000Z,182039
usdt_eth,2024-11-14T00:00:00.000000000Z,184808
usdt_eth,2024-11-15T00:00:00.000000000Z,187155
usdt_eth,2024-11-16T00:00:00.000000000Z,156387
usdt_eth,2024-11-17T00:00:00.000000000Z,152668
usdt_eth,2024-11-18T00:00:00.000000000Z,188762
usdt_eth,2024-11-19T00:00:00.000000000Z,186361
usdt_eth,2024-11-20T00:00:00.000000000Z,182465
usdt_eth,2024-11-21T00:00:00.000000000Z,203288
usdt_eth,2024-11-22T00:00:00.000000000Z,205356
usdt_eth,2024-11-23T00:00:00.000000000Z,177373
usdt_eth,2024-11-24T00:00:00.000000000Z,163604
usdt_eth,2024-11-25T00:00:00.000000000Z,200131
usdt_eth,2024-11-26T00:00:00.000000000Z,203724
usdt_eth,2024-11-27T00:00:00.000000000Z,197037
usdt_eth,2024-11-28T00:00:00.000000000Z,191069
usdt_eth,2024-11-29T00:00:00.000000000Z,201404
usdt_eth,2024-11-30T00:00:00.000000000Z,178080
usdt_eth,2024-12-01T00:00:00.000000000Z,170791
usdt_eth,2024-12-02T00:00:00.000000000Z,220282
usdt_eth,2024-12-03T00:00:00.000000000Z,216138
usdt_eth,2024-12-04T00:00:00.000000000Z,213336
usdt_eth,2024-12-05T00:00:00.000000000Z,223095
usdt_eth,2024-12-06T00:00:00.000000000Z,207340
usdt_eth,2024-12-07T00:00:00.000000000Z,169958
usdt_eth,2024-12-08T00:00:00.000000000Z,165845
usdt_eth,2024-12-09T00:00:00.000000000Z,202139
usdt_eth,2024-12-10T00:00:00.000000000Z,229074
usdt_eth,2024-12-11T00:00:00.000000000Z,192624
usdt_eth,2024-12-12T00:00:00.000000000Z,192084
usdt_eth,2024-12-13T00:00:00.000000000Z,179936
usdt_eth,2024-12-14T00:00:00.000000000Z,156865
usdt_eth,2024-12-15T00:00:00.000000000Z,149356
usdt_eth,2024-12-16T00:00:00.000000000Z,199314
usdt_eth,2024-12-17T00:00:00.000000000Z,194595
usdt_eth,2024-12-18T00:00:00.000000000Z,191580
usdt_eth,2024-12-19T00:00:00.000000000Z,212281
usdt_eth,2024-12-20T00:00:00.000000000Z,223968
usdt_eth,2024-12-21T00:00:00.000000000Z,175670
usdt_eth,2024-12-22T00:00:00.000000000Z,160095
usdt_eth,2024-12-23T00:00:00.000000000Z,196535
usdt_eth,2024-12-24T00:00:00.000000000Z,178415
usdt_eth,2024-12-25T00:00:00.000000000Z,146621
usdt_eth,2024-12-26T00:00:00.000000000Z,159794
usdt_eth,2024-12-27T00:00:00.000000000Z,184202
usdt_eth,2024-12-28T00:00:00.000000000Z,162498
usdt_eth,2024-12-29T00:00:00.000000000Z,158861
usdt_eth,2024-12-30T00:00:00.000000000Z,193512
usdt_eth,2024-12-31T00:00:00.000000000Z,174018
usdt_eth,2025-01-01T00:00:00.000000000Z,121625
usdt_eth,2025-01-02T00:00:00.000000000Z,149497
usdt_eth,2025-01-03T00:00:00.000000000Z,168518
usdt_eth,2025-01-04T00:00:00.000000000Z,139372
usdt_eth,2025-01-05T00:00:00.000000000Z,131239
usdt_eth,2025-01-06T00:00:00.000000000Z,162750
usdt_eth,2025-01-07T00:00:00.000000000Z,179656
usdt_eth,2025-01-08T00:00:00.000000000Z,185234
usdt_eth,2025-01-09T00:00:00.000000000Z,181618
usdt_eth,2025-01-10T00:00:00.000000000Z,192392
usdt_eth,2025-01-11T00:00:00.000000000Z,150075
usdt_eth,2025-01-12T00:00:00.000000000Z,150396
usdt_eth,2025-01-13T00:00:00.000000000Z,211684
usdt_eth,2025-01-14T00:00:00.000000000Z,181488
usdt_eth,2025-01-15T00:00:00.000000000Z,195458
usdt_eth,2025-01-16T00:00:00.000000000Z,198129
usdt_eth,2025-01-17T00:00:00.000000000Z,184926
usdt_eth,2025-01-18T00:00:00.000000000Z,178866
usdt_eth,2025-01-19T00:00:00.000000000Z,200677
usdt_eth,2025-01-20T00:00:00.000000000Z,227690
usdt_eth,2025-01-21T00:00:00.000000000Z,189539
usdt_eth,2025-01-22T00:00:00.000000000Z,189253
usdt_eth,2025-01-23T00:00:00.000000000Z,186261
usdt_eth,2025-01-24T00:00:00.000000000Z,177822
usdt_eth,2025-01-25T00:00:00.000000000Z,144774
usdt_eth,2025-01-26T00:00:00.000000000Z,157102
usdt_eth,2025-01-27T00:00:00.000000000Z,211065
usdt_eth,2025-01-28T00:00:00.000000000Z,190589
usdt_eth,2025-01-29T00:00:00.000000000Z,189461
usdt_eth,2025-01-30T00:00:00.000000000Z,191487
usdt_eth,2025-01-31T00:00:00.000000000Z,223243
usdt_eth,2025-02-01T00:00:00.000000000Z,201437
usdt_eth,2025-02-02T00:00:00.000000000Z,203926
usdt_eth,2025-02-03T00:00:00.000000000Z,257962
usdt_eth,2025-02-04T00:00:00.000000000Z,282765
usdt_eth,2025-02-05T00:00:00.000000000Z,233775
usdt_eth,2025-02-06T00:00:00.000000000Z,229584
usdt_eth,2025-02-07T00:00:00.000000000Z,234446
usdt_eth,2025-02-08T00:00:00.000000000Z,175867
usdt_eth,2025-02-09T00:00:00.000000000Z,192251
usdt_eth,2025-02-10T00:00:00.000000000Z,263343
usdt_eth,2025-02-11T00:00:00.000000000Z,242995
usdt_eth,2025-02-12T00:00:00.000000000Z,229618
usdt_eth,2025-02-13T00:00:00.000000000Z,221696
usdt_eth,2025-02-14T00:00:00.000000000Z,225468
usdt_eth,2025-02-15T00:00:00.000000000Z,162427
usdt_eth,2025-02-16T00:00:00.000000000Z,153771
usdt_eth,2025-02-17T00:00:00.000000000Z,192054
usdt_eth,2025-02-18T00:00:00.000000000Z,227663
usdt_eth,2025-02-19T00:00:00.000000000Z,209374
usdt_eth,2025-02-20T00:00:00.000000000Z,228665
usdt_eth,2025-02-21T00:00:00.000000000Z,234828
usdt_eth,2025-02-22T00:00:00.000000000Z,209667
usdt_eth,2025-02-23T00:00:00.000000000Z,173278
usdt_eth,2025-02-24T00:00:00.000000000Z,249034
usdt_eth,2025-02-25T00:00:00.000000000Z,302490
usdt_eth,2025-02-26T00:00:00.000000000Z,253205
usdt_eth,2025-02-27T00:00:00.000000000Z,258966
usdt_eth,2025-02-28T00:00:00.000000000Z,299373
usdt_eth,2025-03-01T00:00:00.000000000Z,213537
usdt_eth,2025-03-02T00:00:00.000000000Z,202294
usdt_eth,2025-03-03T00:00:00.000000000Z,286498
usdt_eth,2025-03-04T00:00:00.000000000Z,293505
usdt_eth,2025-03-05T00:00:00.000000000Z,242749
usdt_eth,2025-03-06T00:00:00.000000000Z,261636
usdt_eth,2025-03-07T00:00:00.000000000Z,257297
usdt_eth,2025-03-08T00:00:00.000000000Z,186957
usdt_eth,2025-03-09T00:00:00.000000000Z,198258
usdt_eth,2025-03-10T00:00:00.000000000Z,285490
usdt_eth,2025-03-11T00:00:00.000000000Z,291910
usdt_eth,2025-03-12T00:00:00.000000000Z,254403
usdt_eth,2025-03-13T00:00:00.000000000Z,238095
usdt_eth,2025-03-14T00:00:00.000000000Z,222956
usdt_eth,2025-03-15T00:00:00.000000000Z,177457
usdt_eth,2025-03-16T00:00:00.000000000Z,175763
usdt_eth,2025-03-17T00:00:00.000000000Z,225573
usdt_eth,2025-03-18T00:00:00.000000000Z,219745
usdt_eth,2025-03-19T00:00:00.000000000Z,227805
usdt_eth,2025-03-20T00:00:00.000000000Z,227376
usdt_eth,2025-03-21T00:00:00.000000000Z,216751
usdt_eth,2025-03-22T00:00:00.000000000Z,186307
usdt_eth,2025-03-23T00:00:00.000000000Z,183004
usdt_eth,2025-03-24T00:00:00.000000000Z,254819
usdt_eth,2025-03-25T00:00:00.000000000Z,280229
usdt_eth,2025-03-26T00:00:00.000000000Z,259229
usdt_eth,2025-03-27T00:00:00.000000000Z,264845
usdt_eth,2025-03-28T00:00:00.000000000Z,278357
usdt_eth,2025-03-29T00:00:00.000000000Z,228962
usdt_eth,2025-03-30T00:00:00.000000000Z,206449
usdt_eth,2025-03-31T00:00:00.000000000Z,274587
usdt_eth,2025-04-01T00:00:00.000000000Z,266486
usdt_eth,2025-04-02T00:00:00.000000000Z,279950
usdt_eth,2025-04-03T00:00:00.000000000Z,264785
usdt_eth,2025-04-04T00:00:00.000000000Z,280381
usdt_eth,2025-04-05T00:00:00.000000000Z,190910
usdt_eth,2025-04-06T00:00:00.000000000Z,213015
usdt_eth,2025-04-07T00:00:00.000000000Z,299722
usdt_eth,2025-04-08T00:00:00.000000000Z,288434
usdt_eth,2025-04-09T00:00:00.000000000Z,282953
usdt_eth,2025-04-10T00:00:00.000000000Z,303888
usdt_eth,2025-04-11T00:00:00.000000000Z,271135
usdt_eth,2025-04-12T00:00:00.000000000Z,214927
usdt_eth,2025-04-13T00:00:00.000000000Z,195393
usdt_eth,2025-04-14T00:00:00.000000000Z,246883
usdt_eth,2025-04-15T00:00:00.000000000Z,252058
usdt_eth,2025-04-16T00:00:00.000000000Z,245715
usdt_eth,2025-04-17T00:00:00.000000000Z,229134
usdt_eth,2025-04-18T00:00:00.000000000Z,203885
usdt_eth,2025-04-19T00:00:00.000000000Z,172285
usdt_eth,2025-04-20T00:00:00.000000000Z,166998
usdt_eth,2025-04-21T00:00:00.000000000Z,247063
usdt_eth,2025-04-22T00:00:00.000000000Z,262824
usdt_eth,2025-04-23T00:00:00.000000000Z,273829
usdt_eth,2025-04-24T00:00:00.000000000Z,297389
usdt_eth,2025-04-25T00:00:00.000000000Z,312426
usdt_eth,2025-04-26T00:00:00.000000000Z,226648
usdt_eth,2025-04-27T00:00:00.000000000Z,209184
usdt_eth,2025-04-28T00:00:00.000000000Z,281801
usdt_eth,2025-04-29T00:00:00.000000000Z,279330
usdt_eth,2025-04-30T00:00:00.000000000Z,277202
usdt_eth,2025-05-01T00:00:00.000000000Z,256096
usdt_eth,2025-05-02T00:00:00.000000000Z,246193
usdt_eth,2025-05-03T00:00:00.000000000Z,224069
usdt_eth,2025-05-04T00:00:00.000000000Z,205840
usdt_eth,2025-05-05T00:00:00.000000000Z,254235
usdt_eth,2025-05-06T00:00:00.000000000Z,272640
usdt_eth,2025-05-07T00:00:00.000000000Z,295193
usdt_eth,2025-05-08T00:00:00.000000000Z,269599
usdt_eth,2025-05-09T00:00:00.000000000Z,264516
usdt_eth,2025-05-10T00:00:00.000000000Z,210700
usdt_eth,2025-05-11T00:00:00.000000000Z,189441
usdt_eth,2025-05-12T00:00:00.000000000Z,242772
usdt_eth,2025-05-13T00:00:00.000000000Z,245230
usdt_eth,2025-05-14T00:00:00.000000000Z,244698
usdt_eth,2025-05-15T00:00:00.000000000Z,270805
usdt_eth,2025-05-16T00:00:00.000000000Z,268486
usdt_eth,2025-05-17T00:00:00.000000000Z,265426
usdt_eth,2025-05-18T00:00:00.000000000Z,222863
usdt_eth,2025-05-19T00:00:00.000000000Z,286835
usdt_eth,2025-05-20T00:00:00.000000000Z,288486
usdt_eth,2025-05-21T00:00:00.000000000Z,265798
usdt_eth,2025-05-22T00:00:00.000000000Z,263253
usdt_eth,2025-05-23T00:00:00.000000000Z,256445
usdt_eth,2025-05-24T00:00:00.000000000Z,216329
usdt_eth,2025-05-25T00:00:00.000000000Z,199564
usdt_eth,2025-05-26T00:00:00.000000000Z,231641
usdt_eth,2025-05-27T00:00:00.000000000Z,247742
usdt_eth,2025-05-28T00:00:00.000000000Z,234423
usdt_eth,2025-05-29T00:00:00.000000000Z,234019
usdt_eth,2025-05-30T00:00:00.000000000Z,250662
usdt_eth,2025-05-31T00:00:00.000000000Z,220562
usdt_eth,2025-06-01T00:00:00.000000000Z,224787
usdt_eth,2025-06-02T00:00:00.000000000Z,248770
usdt_eth,2025-06-03T00:00:00.000000000Z,241991
usdt_eth,2025-06-04T00:00:00.000000000Z,233104
usdt_eth,2025-06-05T00:00:00.000000000Z,248737
usdt_eth,2025-06-06T00:00:00.000000000Z,272075
usdt_eth,2025-06-07T00:00:00.000000000Z,258129
usdt_eth,2025-06-08T00:00:00.000000000Z,244120
usdt_eth,2025-06-09T00:00:00.000000000Z,254551
usdt_eth,2025-06-10T00:00:00.000000000Z,269728
usdt_eth,2025-06-11T00:00:00.000000000Z,296530
usdt_eth,2025-06-12T00:00:00.000000000Z,288737
usdt_eth,2025-06-13T00:00:00.000000000Z,295626
usdt_eth,2025-06-14T00:00:00.000000000Z,225613
usdt_eth,2025-06-15T00:00:00.000000000Z,250160
usdt_eth,2025-06-16T00:00:00.000000000Z,270573
usdt_eth,2025-06-17T00:00:00.000000000Z,308963
usdt_eth,2025-06-18T00:00:00.000000000Z,303492
usdt_eth,2025-06-19T00:00:00.000000000Z,258842
usdt_eth,2025-06-20T00:00:00.000000000Z,276640
usdt_eth,2025-06-21T00:00:00.000000000Z,248324
usdt_eth,2025-06-22T00:00:00.000000000Z,255043
usdt_eth,2025-06-23T00:00:00.000000000Z,259870
usdt_eth,2025-06-24T00:00:00.000000000Z,257596
usdt_eth,2025-06-25T00:00:00.000000000Z,220016
usdt_eth,2025-06-26T00:00:00.000000000Z,256057
usdt_eth,2025-06-27T00:00:00.000000000Z,297849
usdt_eth,2025-06-28T00:00:00.000000000Z,219802
usdt_eth,2025-06-29T00:00:00.000000000Z,214425
usdt_eth,2025-06-30T00:00:00.000000000Z,265298
usdt_eth,2025-07-01T00:00:00.000000000Z,297197
usdt_eth,2025-07-02T00:00:00.000000000Z,286723
usdt_eth,2025-07-03T00:00:00.000000000Z,298920
usdt_eth,2025-07-04T00:00:00.000000000Z,263503
usdt_eth,2025-07-05T00:00:00.000000000Z,227400
usdt_eth,2025-07-06T00:00:00.000000000Z,206470
usdt_eth,2025-07-07T00:00:00.000000000Z,253639
usdt_eth,2025-07-08T00:00:00.000000000Z,253069
usdt_eth,2025-07-09T00:00:00.000000000Z,262036
usdt_eth,2025-07-10T00:00:00.000000000Z,267900
usdt_eth,2025-07-11T00:00:00.000000000Z,274334
usdt_eth,2025-07-12T00:00:00.000000000Z,250364
usdt_eth,2025-07-13T00:00:00.000000000Z,229123
usdt_eth,2025-07-14T00:00:00.000000000Z,261581
usdt_eth,2025-07-15T00:00:00.000000000Z,275188
usdt_eth,2025-07-16T00:00:00.000000000Z,265059
usdt_eth,2025-07-17T00:00:00.000000000Z,264272
usdt_eth,2025-07-18T00:00:00.000000000Z,270132
usdt_eth,2025-07-19T00:00:00.000000000Z,228286
usdt_eth,2025-07-20T00:00:00.000000000Z,248944
usdt_eth,2025-07-21T00:00:00.000000000Z,282501
usdt_eth,2025-07-22T00:00:00.000000000Z,311274
usdt_eth,2025-07-23T00:00:00.000000000Z,306691
usdt_eth,2025-07-24T00:00:00.000000000Z,323987
usdt_eth,2025-07-25T00:00:00.000000000Z,317036
usdt_eth,2025-07-26T00:00:00.000000000Z,238620
usdt_eth,2025-07-27T00:00:00.000000000Z,253476
usdt_eth,2025-07-28T00:00:00.000000000Z,320236
usdt_eth,2025-07-29T00:00:00.000000000Z,307061
usdt_eth,2025-07-30T00:00:00.000000000Z,265983
usdt_eth,2025-07-31T00:00:00.000000000Z,286116
usdt_eth,2025-08-01T00:00:00.000000000Z,362432
usdt_eth,2025-08-02T00:00:00.000000000Z,294831
usdt_eth,2025-08-03T00:00:00.000000000Z,261604
usdt_eth,2025-08-04T00:00:00.000000000Z,320960
usdt_eth,2025-08-05T00:00:00.000000000Z,307629
usdt_eth,2025-08-06T00:00:00.000000000Z,317231
usdt_eth,2025-08-07T00:00:00.000000000Z,336619
usdt_eth,2025-08-08T00:00:00.000000000Z,352689
usdt_eth,2025-08-09T00:00:00.000000000Z,301966
usdt_eth,2025-08-10T00:00:00.000000000Z,285494
usdt_eth,2025-08-11T00:00:00.000000000Z,343643
usdt_eth,2025-08-12T00:00:00.000000000Z,349570
usdt_eth,2025-08-13T00:00:00.000000000Z,338635
usdt_eth,2025-08-14T00:00:00.000000000Z,355309
usdt_eth,2025-08-15T00:00:00.000000000Z,407808
usdt_eth,2025-08-16T00:00:00.000000000Z,321228
usdt_eth,2025-08-17T00:00:00.000000000Z,267368
usdt_eth,2025-08-18T00:00:00.000000000Z,383293
usdt_eth,2025-08-19T00:00:00.000000000Z,370200
usdt_eth,2025-08-20T00:00:00.000000000Z,357099
usdt_eth,2025-08-21T00:00:00.000000000Z,381335
usdt_eth,2025-08-22T00:00:00.000000000Z,351688
usdt_eth,2025-08-23T00:00:00.000000000Z,356940
usdt_eth,2025-08-24T00:00:00.000000000Z,328460
usdt_eth,2025-08-25T00:00:00.000000000Z,380521
usdt_eth,2025-08-26T00:00:00.000000000Z,376082
usdt_eth,2025-08-27T00:00:00.000000000Z,332425
usdt_eth,2025-08-28T00:00:00.000000000Z,384985
usdt_eth,2025-08-29T00:00:00.000000000Z,447311
usdt_eth,2025-08-30T00:00:00.000000000Z,322731
usdt_eth,2025-08-31T00:00:00.000000000Z,431292
usdt_eth,2025-09-01T00:00:00.000000000Z,407292
usdt_eth,2025-09-02T00:00:00.000000000Z,437322
usdt_eth,2025-09-03T00:00:00.000000000Z,456442
usdt_eth,2025-09-04T00:00:00.000000000Z,366316
usdt_eth,2025-09-05T00:00:00.000000000Z,409777
usdt_eth,2025-09-06T00:00:00.000000000Z,285017
usdt_eth,2025-09-07T00:00:00.000000000Z,272055
usdt_eth,2025-09-08T00:00:00.000000000Z,350088
usdt_eth,2025-09-09T00:00:00.000000000Z,362446
usdt_eth,2025-09-10T00:00:00.000000000Z,391169
usdt_eth,2025-09-11T00:00:00.000000000Z,394381
usdt_eth,2025-09-12T00:00:00.000000000Z,370743
usdt_eth,2025-09-13T00:00:00.000000000Z,367283
usdt_eth,2025-09-14T00:00:00.000000000Z,313173
usdt_eth,2025-09-15T00:00:00.000000000Z,342506
usdt_eth,2025-09-16T00:00:00.000000000Z,367299
usdt_eth,2025-09-17T00:00:00.000000000Z,426931
usdt_eth,2025-09-18T00:00:00.000000000Z,410434
usdt_eth,2025-09-19T00:00:00.000000000Z,403751
usdt_eth,2025-09-20T00:00:00.000000000Z,442958
usdt_eth,2025-09-21T00:00:00.000000000Z,316903
usdt_eth,2025-09-22T00:00:00.000000000Z,408559
usdt_eth,2025-09-23T00:00:00.000000000Z,377523
usdt_eth,2025-09-24T00:00:00.000000000Z,371536
usdt_eth,2025-09-25T00:00:00.000000000Z,431317
usdt_eth,2025-09-26T00:00:00.000000000Z,416303
usdt_eth,2025-09-27T00:00:00.000000000Z,364638
usdt_eth,2025-09-28T00:00:00.000000000Z,394529
usdt_eth,2025-09-29T00:00:00.000000000Z,408201
usdt_eth,2025-09-30T00:00:00.000000000Z,435388
usdt_eth,2025-10-01T00:00:00.000000000Z,436130
usdt_eth,2025-10-02T00:00:00.000000000Z,408039
usdt_eth,2025-10-03T00:00:00.000000000Z,421487
usdt_eth,2025-10-04T00:00:00.000000000Z,322686
usdt_eth,2025-10-05T00:00:00.000000000Z,360210
usdt_eth,2025-10-06T00:00:00.000000000Z,379402
usdt_eth,2025-10-07T00:00:00.000000000Z,411373
usdt_eth,2025-10-08T00:00:00.000000000Z,444913
usdt_eth,2025-10-09T00:00:00.000000000Z,430028
usdt_eth,2025-10-10T00:00:00.000000000Z,436891
usdt_eth,2025-10-11T00:00:00.000000000Z,419089
usdt_eth,2025-10-12T00:00:00.000000000Z,385752
usdt_eth,2025-10-13T00:00:00.000000000Z,432732
usdt_eth,2025-10-14T00:00:00.000000000Z,421857
usdt_eth,2025-10-15T00:00:00.000000000Z,416971
usdt_eth,2025-10-16T00:00:00.000000000Z,415641
usdt_eth,2025-10-17T00:00:00.000000000Z,410546
usdt_eth,2025-10-18T00:00:00.000000000Z,349682
usdt_eth,2025-10-19T00:00:00.000000000Z,314491
usdt_eth,2025-10-20T00:00:00.000000000Z,360675
usdt_eth,2025-10-21T00:00:00.000000000Z,410777
usdt_eth,2025-10-22T00:00:00.000000000Z,406566
usdt_eth,2025-10-23T00:00:00.000000000Z,516797
usdt_eth,2025-10-24T00:00:00.000000000Z,469206
usdt_eth,2025-10-25T00:00:00.000000000Z,330812
usdt_eth,2025-10-26T00:00:00.000000000Z,340790
usdt_eth,2025-10-27T00:00:00.000000000Z,462510
usdt_eth,2025-10-28T00:00:00.000000000Z,471875
usdt_eth,2025-10-29T00:00:00.000000000Z,455430
usdt_eth,2025-10-30T00:00:00.000000000Z,467457
usdt_eth,2025-10-31T00:00:00.000000000Z,431989
usdt_eth,2025-11-01T00:00:00.000000000Z,362798
usdt_eth,2025-11-02T00:00:00.000000000Z,332301
usdt_eth,2025-11-03T00:00:00.000000000Z,426327
usdt_eth,2025-11-04T00:00:00.000000000Z,444908
usdt_eth,2025-11-05T00:00:00.000000000Z,441886
usdt_eth,2025-11-06T00:00:00.000000000Z,442152
usdt_eth,2025-11-07T00:00:00.000000000Z,446259
usdt_eth,2025-11-08T00:00:00.000000000Z,375546
usdt_eth,2025-11-09T00:00:00.000000000Z,372374
usdt_eth,2025-11-10T00:00:00.000000000Z,413058
usdt_eth,2025-11-11T00:00:00.000000000Z,422754
usdt_eth,2025-11-12T00:00:00.000000000Z,395761
usdt_eth,2025-11-13T00:00:00.000000000Z,433638
usdt_eth,2025-11-14T00:00:00.000000000Z,467745
usdt_eth,2025-11-15T00:00:00.000000000Z,440500
usdt_eth,2025-11-16T00:00:00.000000000Z,418303
usdt_eth,2025-11-17T00:00:00.000000000Z,478492
usdt_eth,2025-11-18T00:00:00.000000000Z,489300
usdt_eth,2025-11-19T00:00:00.000000000Z,503341
usdt_eth,2025-11-20T00:00:00.000000000Z,528381
usdt_eth,2025-11-21T00:00:00.000000000Z,451821
usdt_eth,2025-11-22T00:00:00.000000000Z,379506
usdt_eth,2025-11-23T00:00:00.000000000Z,364470
usdt_eth,2025-11-24T00:00:00.000000000Z,407868
usdt_eth,2025-11-25T00:00:00.000000000Z,473503
usdt_eth,2025-11-26T00:00:00.000000000Z,481072
usdt_eth,2025-11-27T00:00:00.000000000Z,485377
usdt_eth,2025-11-28T00:00:00.000000000Z,501611
usdt_eth,2025-11-29T00:00:00.000000000Z,369399
usdt_eth,2025-11-30T00:00:00.000000000Z,348417
usdt_eth,2025-12-01T00:00:00.000000000Z,568003
usdt_eth,2025-12-02T00:00:00.000000000Z,538500
usdt_eth,2025-12-03T00:00:00.000000000Z,551056
usdt_eth,2025-12-04T00:00:00.000000000Z,543063
usdt_eth,2025-12-05T00:00:00.000000000Z,538706
usdt_eth,2025-12-06T00:00:00.000000000Z,431652
usdt_eth,2025-12-07T00:00:00.000000000Z,328258
usdt_eth,2025-12-08T00:00:00.000000000Z,393368
usdt_eth,2025-12-09T00:00:00.000000000Z,479225
usdt_eth,2025-12-10T00:00:00.000000000Z,528602
usdt_eth,2025-12-11T00:00:00.000000000Z,546990
usdt_eth,2025-12-12T00:00:00.000000000Z,472248
usdt_eth,2025-12-13T00:00:00.000000000Z,428076
usdt_eth,2025-12-14T00:00:00.000000000Z,463088
usdt_eth,2025-12-15T00:00:00.000000000Z,628519
usdt_eth,2025-12-16T00:00:00.000000000Z,630459
usdt_eth,2025-12-17T00:00:00.000000000Z,646934
usdt_eth,2025-12-18T00:00:00.000000000Z,641343
usdt_eth,2025-12-19T00:00:00.000000000Z,628195
usdt_eth,2025-12-20T00:00:00.000000000Z,686898
usdt_eth,2025-12-21T00:00:00.000000000Z,891148
usdt_eth,2025-12-22T00:00:00.000000000Z,728964
usdt_eth,2025-12-23T00:00:00.000000000Z,969753
usdt_eth,2025-12-24T00:00:00.000000000Z,1041342
usdt_eth,2025-12-25T00:00:00.000000000Z,1200906
usdt_eth,2025-12-26T00:00:00.000000000Z,1299591
usdt_eth,2025-12-27T00:00:00.000000000Z,1350907
usdt_eth,2025-12-28T00:00:00.000000000Z,948792
usdt_eth,2025-12-29T00:00:00.000000000Z,1266516
usdt_eth,2025-12-30T00:00:00.000000000Z,1048122
usdt_eth,2025-12-31T00:00:00.000000000Z,1180094
usdt_trx,2020-01-01T00:00:00.000000000Z,2636
usdt_trx,2020-01-02T00:00:00.000000000Z,4698
usdt_trx,2020-01-03T00:00:00.000000000Z,22662
usdt_trx,2020-01-04T00:00:00.000000000Z,34121
usdt_trx,2020-01-05T00:00:00.000000000Z,34113
usdt_trx,2020-01-06T00:00:00.000000000Z,25297
usdt_trx,2020-01-07T00:00:00.000000000Z,15669
usdt_trx,2020-01-08T00:00:00.000000000Z,33742
usdt_trx,2020-01-09T00:00:00.000000000Z,35015
usdt_trx,2020-01-10T00:00:00.000000000Z,35705
usdt_trx,2020-01-11T00:00:00.000000000Z,35154
usdt_trx,2020-01-12T00:00:00.000000000Z,34536
usdt_trx,2020-01-13T00:00:00.000000000Z,35456
usdt_trx,2020-01-14T00:00:00.000000000Z,39276
usdt_trx,2020-01-15T00:00:00.000000000Z,18171
usdt_trx,2020-01-16T00:00:00.000000000Z,35225
usdt_trx,2020-01-17T00:00:00.000000000Z,36222
usdt_trx,2020-01-18T00:00:00.000000000Z,35855
usdt_trx,2020-01-19T00:00:00.000000000Z,36281
usdt_trx,2020-01-20T00:00:00.000000000Z,25439
usdt_trx,2020-01-21T00:00:00.000000000Z,13854
usdt_trx,2020-01-22T00:00:00.000000000Z,23341
usdt_trx,2020-01-23T00:00:00.000000000Z,3336
usdt_trx,2020-01-24T00:00:00.000000000Z,12784
usdt_trx,2020-01-25T00:00:00.000000000Z,32915
usdt_trx,2020-01-26T00:00:00.000000000Z,31332
usdt_trx,2020-01-27T00:00:00.000000000Z,34067
usdt_trx,2020-01-28T00:00:00.000000000Z,36649
usdt_trx,2020-01-29T00:00:00.000000000Z,39414
usdt_trx,2020-01-30T00:00:00.000000000Z,36572
usdt_trx,2020-01-31T00:00:00.000000000Z,26779
usdt_trx,2020-02-01T00:00:00.000000000Z,4101
usdt_trx,2020-02-02T00:00:00.000000000Z,35775
usdt_trx,2020-02-03T00:00:00.000000000Z,26197
usdt_trx,2020-02-04T00:00:00.000000000Z,35254
usdt_trx,2020-02-05T00:00:00.000000000Z,28755
usdt_trx,2020-02-06T00:00:00.000000000Z,7343
usdt_trx,2020-02-07T00:00:00.000000000Z,7263
usdt_trx,2020-02-08T00:00:00.000000000Z,5758
usdt_trx,2020-02-09T00:00:00.000000000Z,37890
usdt_trx,2020-02-10T00:00:00.000000000Z,41062
usdt_trx,2020-02-11T00:00:00.000000000Z,39170
usdt_trx,2020-02-12T00:00:00.000000000Z,18789
usdt_trx,2020-02-13T00:00:00.000000000Z,29168
usdt_trx,2020-02-14T00:00:00.000000000Z,8219
usdt_trx,2020-02-15T00:00:00.000000000Z,7874
usdt_trx,2020-02-16T00:00:00.000000000Z,6952
usdt_trx,2020-02-17T00:00:00.000000000Z,7171
usdt_trx,2020-02-18T00:00:00.000000000Z,7273
usdt_trx,2020-02-19T00:00:00.000000000Z,7099
usdt_trx,2020-02-20T00:00:00.000000000Z,7513
usdt_trx,2020-02-21T00:00:00.000000000Z,6718
usdt_trx,2020-02-22T00:00:00.000000000Z,5502
usdt_trx,2020-02-23T00:00:00.000000000Z,6392
usdt_trx,2020-02-24T00:00:00.000000000Z,7773
usdt_trx,2020-02-25T00:00:00.000000000Z,8062
usdt_trx,2020-02-26T00:00:00.000000000Z,9962
usdt_trx,2020-02-27T00:00:00.000000000Z,7774
usdt_trx,2020-02-28T00:00:00.000000000Z,6511
usdt_trx,2020-02-29T00:00:00.000000000Z,5708
usdt_trx,2020-03-01T00:00:00.000000000Z,5408
usdt_trx,2020-03-02T00:00:00.000000000Z,6912
usdt_trx,2020-03-03T00:00:00.000000000Z,7890
usdt_trx,2020-03-04T00:00:00.000000000Z,8618
usdt_trx,2020-03-05T00:00:00.000000000Z,8396
usdt_trx,2020-03-06T00:00:00.000000000Z,7343
usdt_trx,2020-03-07T00:00:00.000000000Z,7586
usdt_trx,2020-03-08T00:00:00.000000000Z,41773
usdt_trx,2020-03-09T00:00:00.000000000Z,43997
usdt_trx,2020-03-10T00:00:00.000000000Z,39890
usdt_trx,2020-03-11T00:00:00.000000000Z,41534
usdt_trx,2020-03-12T00:00:00.000000000Z,36957
usdt_trx,2020-03-13T00:00:00.000000000Z,42714
usdt_trx,2020-03-14T00:00:00.000000000Z,33204
usdt_trx,2020-03-15T00:00:00.000000000Z,42278
usdt_trx,2020-03-16T00:00:00.000000000Z,49745
usdt_trx,2020-03-17T00:00:00.000000000Z,42727
usdt_trx,2020-03-18T00:00:00.000000000Z,37794
usdt_trx,2020-03-19T00:00:00.000000000Z,39415
usdt_trx,2020-03-20T00:00:00.000000000Z,29530
usdt_trx,2020-03-21T00:00:00.000000000Z,37443
usdt_trx,2020-03-22T00:00:00.000000000Z,17148
usdt_trx,2020-03-23T00:00:00.000000000Z,10922
usdt_trx,2020-03-24T00:00:00.000000000Z,8361
usdt_trx,2020-03-25T00:00:00.000000000Z,9490
usdt_trx,2020-03-26T00:00:00.000000000Z,11658
usdt_trx,2020-03-27T00:00:00.000000000Z,11819
usdt_trx,2020-03-28T00:00:00.000000000Z,33038
usdt_trx,2020-03-29T00:00:00.000000000Z,40620
usdt_trx,2020-03-30T00:00:00.000000000Z,41657
usdt_trx,2020-03-31T00:00:00.000000000Z,39926
usdt_trx,2020-04-01T00:00:00.000000000Z,23847
usdt_trx,2020-04-02T00:00:00.000000000Z,42461
usdt_trx,2020-04-03T00:00:00.000000000Z,30788
usdt_trx,2020-04-04T00:00:00.000000000Z,31208
usdt_trx,2020-04-05T00:00:00.000000000Z,9718
usdt_trx,2020-04-06T00:00:00.000000000Z,12174
usdt_trx,2020-04-07T00:00:00.000000000Z,11176
usdt_trx,2020-04-08T00:00:00.000000000Z,14465
usdt_trx,2020-04-09T00:00:00.000000000Z,11910
usdt_trx,2020-04-10T00:00:00.000000000Z,12150
usdt_trx,2020-04-11T00:00:00.000000000Z,42536
usdt_trx,2020-04-12T00:00:00.000000000Z,33040
usdt_trx,2020-04-13T00:00:00.000000000Z,13095
usdt_trx,2020-04-14T00:00:00.000000000Z,13838
usdt_trx,2020-04-15T00:00:00.000000000Z,15335
usdt_trx,2020-04-16T00:00:00.000000000Z,27458
usdt_trx,2020-04-17T00:00:00.000000000Z,48345
usdt_trx,2020-04-18T00:00:00.000000000Z,47043
usdt_trx,2020-04-19T00:00:00.000000000Z,47083
usdt_trx,2020-04-20T00:00:00.000000000Z,48279
usdt_trx,2020-04-21T00:00:00.000000000Z,46674
usdt_trx,2020-04-22T00:00:00.000000000Z,48319
usdt_trx,2020-04-23T00:00:00.000000000Z,46549
usdt_trx,2020-04-24T00:00:00.000000000Z,31310
usdt_trx,2020-04-25T00:00:00.000000000Z,9513
usdt_trx,2020-04-26T00:00:00.000000000Z,9012
usdt_trx,2020-04-27T00:00:00.000000000Z,13891
usdt_trx,2020-04-28T00:00:00.000000000Z,9956
usdt_trx,2020-04-29T00:00:00.000000000Z,13747
usdt_trx,2020-04-30T00:00:00.000000000Z,15490
usdt_trx,2020-05-01T00:00:00.000000000Z,10172
usdt_trx,2020-05-02T00:00:00.000000000Z,9800
usdt_trx,2020-05-03T00:00:00.000000000Z,10092
usdt_trx,2020-05-04T00:00:00.000000000Z,11435
usdt_trx,2020-05-05T00:00:00.000000000Z,11951
usdt_trx,2020-05-06T00:00:00.000000000Z,14392
usdt_trx,2020-05-07T00:00:00.000000000Z,14316
usdt_trx,2020-05-08T00:00:00.000000000Z,11196
usdt_trx,2020-05-09T00:00:00.000000000Z,10288
usdt_trx,2020-05-10T00:00:00.000000000Z,13247
usdt_trx,2020-05-11T00:00:00.000000000Z,12525
usdt_trx,2020-05-12T00:00:00.000000000Z,11733
usdt_trx,2020-05-13T00:00:00.000000000Z,15833
usdt_trx,2020-05-14T00:00:00.000000000Z,15510
usdt_trx,2020-05-15T00:00:00.000000000Z,12885
usdt_trx,2020-05-16T00:00:00.000000000Z,10751
usdt_trx,2020-05-17T00:00:00.000000000Z,10402
usdt_trx,2020-05-18T00:00:00.000000000Z,11874
usdt_trx,2020-05-19T00:00:00.000000000Z,11805
usdt_trx,2020-05-20T00:00:00.000000000Z,12999
usdt_trx,2020-05-21T00:00:00.000000000Z,16052
usdt_trx,2020-05-22T00:00:00.000000000Z,16027
usdt_trx,2020-05-23T00:00:00.000000000Z,16123
usdt_trx,2020-05-24T00:00:00.000000000Z,15882
usdt_trx,2020-05-25T00:00:00.000000000Z,17183
usdt_trx,2020-05-26T00:00:00.000000000Z,15686
usdt_trx,2020-05-27T00:00:00.000000000Z,16781
usdt_trx,2020-05-28T00:00:00.000000000Z,17084
usdt_trx,2020-05-29T00:00:00.000000000Z,16462
usdt_trx,2020-05-30T00:00:00.000000000Z,17003
usdt_trx,2020-05-31T00:00:00.000000000Z,16373
usdt_trx,2020-06-01T00:00:00.000000000Z,20543
usdt_trx,2020-06-02T00:00:00.000000000Z,22351
usdt_trx,2020-06-03T00:00:00.000000000Z,18966
usdt_trx,2020-06-04T00:00:00.000000000Z,21207
usdt_trx,2020-06-05T00:00:00.000000000Z,21605
usdt_trx,2020-06-06T00:00:00.000000000Z,18663
usdt_trx,2020-06-07T00:00:00.000000000Z,21018
usdt_trx,2020-06-08T00:00:00.000000000Z,26533
usdt_trx,2020-06-09T00:00:00.000000000Z,29450
usdt_trx,2020-06-10T00:00:00.000000000Z,33300
usdt_trx,2020-06-11T00:00:00.000000000Z,29950
usdt_trx,2020-06-12T00:00:00.000000000Z,28477
usdt_trx,2020-06-13T00:00:00.000000000Z,22121
usdt_trx,2020-06-14T00:00:00.000000000Z,22173
usdt_trx,2020-06-15T00:00:00.000000000Z,30943
usdt_trx,2020-06-16T00:00:00.000000000Z,25771
usdt_trx,2020-06-17T00:00:00.000000000Z,25200
usdt_trx,2020-06-18T00:00:00.000000000Z,26017
usdt_trx,2020-06-19T00:00:00.000000000Z,27259
usdt_trx,2020-06-20T00:00:00.000000000Z,34778
usdt_trx,2020-06-21T00:00:00.000000000Z,33569
usdt_trx,2020-06-22T00:00:00.000000000Z,36066
usdt_trx,2020-06-23T00:00:00.000000000Z,32402
usdt_trx,2020-06-24T00:00:00.000000000Z,35922
usdt_trx,2020-06-25T00:00:00.000000000Z,31828
usdt_trx,2020-06-26T00:00:00.000000000Z,30752
usdt_trx,2020-06-27T00:00:00.000000000Z,32559
usdt_trx,2020-06-28T00:00:00.000000000Z,33112
usdt_trx,2020-06-29T00:00:00.000000000Z,31807
usdt_trx,2020-06-30T00:00:00.000000000Z,34094
usdt_trx,2020-07-01T00:00:00.000000000Z,32743
usdt_trx,2020-07-02T00:00:00.000000000Z,39092
usdt_trx,2020-07-03T00:00:00.000000000Z,37577
usdt_trx,2020-07-04T00:00:00.000000000Z,30871
usdt_trx,2020-07-05T00:00:00.000000000Z,30599
usdt_trx,2020-07-06T00:00:00.000000000Z,36228
usdt_trx,2020-07-07T00:00:00.000000000Z,34742
usdt_trx,2020-07-08T00:00:00.000000000Z,37121
usdt_trx,2020-07-09T00:00:00.000000000Z,35655
usdt_trx,2020-07-10T00:00:00.000000000Z,33465
usdt_trx,2020-07-11T00:00:00.000000000Z,31900
usdt_trx,2020-07-12T00:00:00.000000000Z,27780
usdt_trx,2020-07-13T00:00:00.000000000Z,37098
usdt_trx,2020-07-14T00:00:00.000000000Z,33019
usdt_trx,2020-07-15T00:00:00.000000000Z,34430
usdt_trx,2020-07-16T00:00:00.000000000Z,35923
usdt_trx,2020-07-17T00:00:00.000000000Z,37993
usdt_trx,2020-07-18T00:00:00.000000000Z,36075
usdt_trx,2020-07-19T00:00:00.000000000Z,33667
usdt_trx,2020-07-20T00:00:00.000000000Z,43864
usdt_trx,2020-07-21T00:00:00.000000000Z,46262
usdt_trx,2020-07-22T00:00:00.000000000Z,45562
usdt_trx,2020-07-23T00:00:00.000000000Z,52509
usdt_trx,2020-07-24T00:00:00.000000000Z,54375
usdt_trx,2020-07-25T00:00:00.000000000Z,49774
usdt_trx,2020-07-26T00:00:00.000000000Z,45606
usdt_trx,2020-07-27T00:00:00.000000000Z,50845
usdt_trx,2020-07-28T00:00:00.000000000Z,42853
usdt_trx,2020-07-29T00:00:00.000000000Z,58223
usdt_trx,2020-07-30T00:00:00.000000000Z,61890
usdt_trx,2020-07-31T00:00:00.000000000Z,63069
usdt_trx,2020-08-01T00:00:00.000000000Z,83802
usdt_trx,2020-08-02T00:00:00.000000000Z,84400
usdt_trx,2020-08-03T00:00:00.000000000Z,60725
usdt_trx,2020-08-04T00:00:00.000000000Z,57443
usdt_trx,2020-08-05T00:00:00.000000000Z,62147
usdt_trx,2020-08-06T00:00:00.000000000Z,96334
usdt_trx,2020-08-07T00:00:00.000000000Z,98392
usdt_trx,2020-08-08T00:00:00.000000000Z,89429
usdt_trx,2020-08-09T00:00:00.000000000Z,81537
usdt_trx,2020-08-10T00:00:00.000000000Z,101752
usdt_trx,2020-08-11T00:00:00.000000000Z,97411
usdt_trx,2020-08-12T00:00:00.000000000Z,111226
usdt_trx,2020-08-13T00:00:00.000000000Z,117807
usdt_trx,2020-08-14T00:00:00.000000000Z,121767
usdt_trx,2020-08-15T00:00:00.000000000Z,104940
usdt_trx,2020-08-16T00:00:00.000000000Z,112351
usdt_trx,2020-08-17T00:00:00.000000000Z,129207
usdt_trx,2020-08-18T00:00:00.000000000Z,111089
usdt_trx,2020-08-19T00:00:00.000000000Z,84435
usdt_trx,2020-08-20T00:00:00.000000000Z,105614
usdt_trx,2020-08-21T00:00:00.000000000Z,99980
usdt_trx,2020-08-22T00:00:00.000000000Z,107031
usdt_trx,2020-08-23T00:00:00.000000000Z,86904
usdt_trx,2020-08-24T00:00:00.000000000Z,102909
usdt_trx,2020-08-25T00:00:00.000000000Z,96970
usdt_trx,2020-08-26T00:00:00.000000000Z,129129
usdt_trx,2020-08-27T00:00:00.000000000Z,126318
usdt_trx,2020-08-28T00:00:00.000000000Z,103170
usdt_trx,2020-08-29T00:00:00.000000000Z,101449
usdt_trx,2020-08-30T00:00:00.000000000Z,148215
usdt_trx,2020-08-31T00:00:00.000000000Z,142905
usdt_trx,2020-09-01T00:00:00.000000000Z,156468
usdt_trx,2020-09-02T00:00:00.000000000Z,185883
usdt_trx,2020-09-03T00:00:00.000000000Z,247019
usdt_trx,2020-09-04T00:00:00.000000000Z,235444
usdt_trx,2020-09-05T00:00:00.000000000Z,200344
usdt_trx,2020-09-06T00:00:00.000000000Z,161870
usdt_trx,2020-09-07T00:00:00.000000000Z,180751
usdt_trx,2020-09-08T00:00:00.000000000Z,178856
usdt_trx,2020-09-09T00:00:00.000000000Z,180200
usdt_trx,2020-09-10T00:00:00.000000000Z,171181
usdt_trx,2020-09-11T00:00:00.000000000Z,193612
usdt_trx,2020-09-12T00:00:00.000000000Z,169204
usdt_trx,2020-09-13T00:00:00.000000000Z,140451
usdt_trx,2020-09-14T00:00:00.000000000Z,154107
usdt_trx,2020-09-15T00:00:00.000000000Z,189166
usdt_trx,2020-09-16T00:00:00.000000000Z,165895
usdt_trx,2020-09-17T00:00:00.000000000Z,162060
usdt_trx,2020-09-18T00:00:00.000000000Z,169027
usdt_trx,2020-09-19T00:00:00.000000000Z,160066
usdt_trx,2020-09-20T00:00:00.000000000Z,155925
usdt_trx,2020-09-21T00:00:00.000000000Z,161810
usdt_trx,2020-09-22T00:00:00.000000000Z,155793
usdt_trx,2020-09-23T00:00:00.000000000Z,181860
usdt_trx,2020-09-24T00:00:00.000000000Z,167966
usdt_trx,2020-09-25T00:00:00.000000000Z,185776
usdt_trx,2020-09-26T00:00:00.000000000Z,192630
usdt_trx,2020-09-27T00:00:00.000000000Z,164127
usdt_trx,2020-09-28T00:00:00.000000000Z,177312
usdt_trx,2020-09-29T00:00:00.000000000Z,162904
usdt_trx,2020-09-30T00:00:00.000000000Z,158431
usdt_trx,2020-10-01T00:00:00.000000000Z,137166
usdt_trx,2020-10-02T00:00:00.000000000Z,207318
usdt_trx,2020-10-03T00:00:00.000000000Z,129633
usdt_trx,2020-10-04T00:00:00.000000000Z,131752
usdt_trx,2020-10-05T00:00:00.000000000Z,140307
usdt_trx,2020-10-06T00:00:00.000000000Z,114681
usdt_trx,2020-10-07T00:00:00.000000000Z,175019
usdt_trx,2020-10-08T00:00:00.000000000Z,242264
usdt_trx,2020-10-09T00:00:00.000000000Z,194303
usdt_trx,2020-10-10T00:00:00.000000000Z,194107
usdt_trx,2020-10-11T00:00:00.000000000Z,145477
usdt_trx,2020-10-12T00:00:00.000000000Z,161630
usdt_trx,2020-10-13T00:00:00.000000000Z,150643
usdt_trx,2020-10-14T00:00:00.000000000Z,174855
usdt_trx,2020-10-15T00:00:00.000000000Z,177991
usdt_trx,2020-10-16T00:00:00.000000000Z,167708
usdt_trx,2020-10-17T00:00:00.000000000Z,158445
usdt_trx,2020-10-18T00:00:00.000000000Z,122528
usdt_trx,2020-10-19T00:00:00.000000000Z,146013
usdt_trx,2020-10-20T00:00:00.000000000Z,170027
usdt_trx,2020-10-21T00:00:00.000000000Z,268037
usdt_trx,2020-10-22T00:00:00.000000000Z,192632
usdt_trx,2020-10-23T00:00:00.000000000Z,158140
usdt_trx,2020-10-24T00:00:00.000000000Z,155145
usdt_trx,2020-10-25T00:00:00.000000000Z,179445
usdt_trx,2020-10-26T00:00:00.000000000Z,169918
usdt_trx,2020-10-27T00:00:00.000000000Z,160497
usdt_trx,2020-10-28T00:00:00.000000000Z,153633
usdt_trx,2020-10-29T00:00:00.000000000Z,167639
usdt_trx,2020-10-30T00:00:00.000000000Z,158255
usdt_trx,2020-10-31T00:00:00.000000000Z,153286
usdt_trx,2020-11-01T00:00:00.000000000Z,137479
usdt_trx,2020-11-02T00:00:00.000000000Z,173730
usdt_trx,2020-11-03T00:00:00.000000000Z,143736
usdt_trx,2020-11-04T00:00:00.000000000Z,151219
usdt_trx,2020-11-05T00:00:00.000000000Z,166456
usdt_trx,2020-11-06T00:00:00.000000000Z,183319
usdt_trx,2020-11-07T00:00:00.000000000Z,165635
usdt_trx,2020-11-08T00:00:00.000000000Z,131148
usdt_trx,2020-11-09T00:00:00.000000000Z,146493
usdt_trx,2020-11-10T00:00:00.000000000Z,163385
usdt_trx,2020-11-11T00:00:00.000000000Z,156176
usdt_trx,2020-11-12T00:00:00.000000000Z,193279
usdt_trx,2020-11-13T00:00:00.000000000Z,173011
usdt_trx,2020-11-14T00:00:00.000000000Z,134856
usdt_trx,2020-11-15T00:00:00.000000000Z,143559
usdt_trx,2020-11-16T00:00:00.000000000Z,156925
usdt_trx,2020-11-17T00:00:00.000000000Z,162749
usdt_trx,2020-11-18T00:00:00.000000000Z,153993
usdt_trx,2020-11-19T00:00:00.000000000Z,154672
usdt_trx,2020-11-20T00:00:00.000000000Z,149180
usdt_trx,2020-11-21T00:00:00.000000000Z,140345
usdt_trx,2020-11-22T00:00:00.000000000Z,156805
usdt_trx,2020-11-23T00:00:00.000000000Z,182733
usdt_trx,2020-11-24T00:00:00.000000000Z,210312
usdt_trx,2020-11-25T00:00:00.000000000Z,138156
usdt_trx,2020-11-26T00:00:00.000000000Z,173204
usdt_trx,2020-11-27T00:00:00.000000000Z,146016
usdt_trx,2020-11-28T00:00:00.000000000Z,140325
usdt_trx,2020-11-29T00:00:00.000000000Z,123874
usdt_trx,2020-11-30T00:00:00.000000000Z,147480
usdt_trx,2020-12-01T00:00:00.000000000Z,179663
usdt_trx,2020-12-02T00:00:00.000000000Z,141991
usdt_trx,2020-12-03T00:00:00.000000000Z,161816
usdt_trx,2020-12-04T00:00:00.000000000Z,220106
usdt_trx,2020-12-05T00:00:00.000000000Z,170902
usdt_trx,2020-12-06T00:00:00.000000000Z,119994
usdt_trx,2020-12-07T00:00:00.000000000Z,133792
usdt_trx,2020-12-08T00:00:00.000000000Z,146114
usdt_trx,2020-12-09T00:00:00.000000000Z,149724
usdt_trx,2020-12-10T00:00:00.000000000Z,150717
usdt_trx,2020-12-11T00:00:00.000000000Z,141444
usdt_trx,2020-12-12T00:00:00.000000000Z,137419
usdt_trx,2020-12-13T00:00:00.000000000Z,133204
usdt_trx,2020-12-14T00:00:00.000000000Z,148968
usdt_trx,2020-12-15T00:00:00.000000000Z,147872
usdt_trx,2020-12-16T00:00:00.000000000Z,167380
usdt_trx,2020-12-17T00:00:00.000000000Z,240146
usdt_trx,2020-12-18T00:00:00.000000000Z,199048
usdt_trx,2020-12-19T00:00:00.000000000Z,194671
usdt_trx,2020-12-20T00:00:00.000000000Z,187024
usdt_trx,2020-12-21T00:00:00.000000000Z,192226
usdt_trx,2020-12-22T00:00:00.000000000Z,187429
usdt_trx,2020-12-23T00:00:00.000000000Z,210760
usdt_trx,2020-12-24T00:00:00.000000000Z,221908
usdt_trx,2020-12-25T00:00:00.000000000Z,215848
usdt_trx,2020-12-26T00:00:00.000000000Z,225706
usdt_trx,2020-12-27T00:00:00.000000000Z,200330
usdt_trx,2020-12-28T00:00:00.000000000Z,235954
usdt_trx,2020-12-29T00:00:00.000000000Z,268628
usdt_trx,2020-12-30T00:00:00.000000000Z,228672
usdt_trx,2020-12-31T00:00:00.000000000Z,239118
usdt_trx,2021-01-01T00:00:00.000000000Z,205961
usdt_trx,2021-01-02T00:00:00.000000000Z,218860
usdt_trx,2021-01-03T00:00:00.000000000Z,226025
usdt_trx,2021-01-04T00:00:00.000000000Z,269464
usdt_trx,2021-01-05T00:00:00.000000000Z,254246
usdt_trx,2021-01-06T00:00:00.000000000Z,268368
usdt_trx,2021-01-07T00:00:00.000000000Z,288894
usdt_trx,2021-01-08T00:00:00.000000000Z,298882
usdt_trx,2021-01-09T00:00:00.000000000Z,273001
usdt_trx,2021-01-10T00:00:00.000000000Z,299243
usdt_trx,2021-01-11T00:00:00.000000000Z,277422
usdt_trx,2021-01-12T00:00:00.000000000Z,231470
usdt_trx,2021-01-13T00:00:00.000000000Z,262240
usdt_trx,2021-01-14T00:00:00.000000000Z,260929
usdt_trx,2021-01-15T00:00:00.000000000Z,243526
usdt_trx,2021-01-16T00:00:00.000000000Z,240469
usdt_trx,2021-01-17T00:00:00.000000000Z,244827
usdt_trx,2021-01-18T00:00:00.000000000Z,276567
usdt_trx,2021-01-19T00:00:00.000000000Z,302375
usdt_trx,2021-01-20T00:00:00.000000000Z,315178
usdt_trx,2021-01-21T00:00:00.000000000Z,318803
usdt_trx,2021-01-22T00:00:00.000000000Z,287099
usdt_trx,2021-01-23T00:00:00.000000000Z,249320
usdt_trx,2021-01-24T00:00:00.000000000Z,281703
usdt_trx,2021-01-25T00:00:00.000000000Z,314176
usdt_trx,2021-01-26T00:00:00.000000000Z,265605
usdt_trx,2021-01-27T00:00:00.000000000Z,272431
usdt_trx,2021-01-28T00:00:00.000000000Z,314627
usdt_trx,2021-01-29T00:00:00.000000000Z,406288
usdt_trx,2021-01-30T00:00:00.000000000Z,329783
usdt_trx,2021-01-31T00:00:00.000000000Z,349938
usdt_trx,2021-02-01T00:00:00.000000000Z,341349
usdt_trx,2021-02-02T00:00:00.000000000Z,330819
usdt_trx,2021-02-03T00:00:00.000000000Z,352003
usdt_trx,2021-02-04T00:00:00.000000000Z,370483
usdt_trx,2021-02-05T00:00:00.000000000Z,401110
usdt_trx,2021-02-06T00:00:00.000000000Z,392425
usdt_trx,2021-02-07T00:00:00.000000000Z,386263
usdt_trx,2021-02-08T00:00:00.000000000Z,451598
usdt_trx,2021-02-09T00:00:00.000000000Z,500350
usdt_trx,2021-02-10T00:00:00.000000000Z,507453
usdt_trx,2021-02-11T00:00:00.000000000Z,414557
usdt_trx,2021-02-12T00:00:00.000000000Z,349405
usdt_trx,2021-02-13T00:00:00.000000000Z,370692
usdt_trx,2021-02-14T00:00:00.000000000Z,360704
usdt_trx,2021-02-15T00:00:00.000000000Z,425035
usdt_trx,2021-02-16T00:00:00.000000000Z,411028
usdt_trx,2021-02-17T00:00:00.000000000Z,424916
usdt_trx,2021-02-18T00:00:00.000000000Z,571889
usdt_trx,2021-02-19T00:00:00.000000000Z,530561
usdt_trx,2021-02-20T00:00:00.000000000Z,546962
usdt_trx,2021-02-21T00:00:00.000000000Z,511476
usdt_trx,2021-02-22T00:00:00.000000000Z,576529
usdt_trx,2021-02-23T00:00:00.000000000Z,563386
usdt_trx,2021-02-24T00:00:00.000000000Z,541348
usdt_trx,2021-02-25T00:00:00.000000000Z,535173
usdt_trx,2021-02-26T00:00:00.000000000Z,484664
usdt_trx,2021-02-27T00:00:00.000000000Z,467818
usdt_trx,2021-02-28T00:00:00.000000000Z,503835
usdt_trx,2021-03-01T00:00:00.000000000Z,614271
usdt_trx,2021-03-02T00:00:00.000000000Z,403530
usdt_trx,2021-03-03T00:00:00.000000000Z,425429
usdt_trx,2021-03-04T00:00:00.000000000Z,393432
usdt_trx,2021-03-05T00:00:00.000000000Z,374298
usdt_trx,2021-03-06T00:00:00.000000000Z,329550
usdt_trx,2021-03-07T00:00:00.000000000Z,358163
usdt_trx,2021-03-08T00:00:00.000000000Z,396360
usdt_trx,2021-03-09T00:00:00.000000000Z,456685
usdt_trx,2021-03-10T00:00:00.000000000Z,456155
usdt_trx,2021-03-11T00:00:00.000000000Z,512411
usdt_trx,2021-03-12T00:00:00.000000000Z,449986
usdt_trx,2021-03-13T00:00:00.000000000Z,447272
usdt_trx,2021-03-14T00:00:00.000000000Z,431036
usdt_trx,2021-03-15T00:00:00.000000000Z,517709
usdt_trx,2021-03-16T00:00:00.000000000Z,498696
usdt_trx,2021-03-17T00:00:00.000000000Z,471037
usdt_trx,2021-03-18T00:00:00.000000000Z,833355
usdt_trx,2021-03-19T00:00:00.000000000Z,704904
usdt_trx,2021-03-20T00:00:00.000000000Z,534861
usdt_trx,2021-03-21T00:00:00.000000000Z,498910
usdt_trx,2021-03-22T00:00:00.000000000Z,555153
usdt_trx,2021-03-23T00:00:00.000000000Z,490947
usdt_trx,2021-03-24T00:00:00.000000000Z,543072
usdt_trx,2021-03-25T00:00:00.000000000Z,478050
usdt_trx,2021-03-26T00:00:00.000000000Z,499498
usdt_trx,2021-03-27T00:00:00.000000000Z,461450
usdt_trx,2021-03-28T00:00:00.000000000Z,439463
usdt_trx,2021-03-29T00:00:00.000000000Z,537359
usdt_trx,2021-03-30T00:00:00.000000000Z,1499635
usdt_trx,2021-03-31T00:00:00.000000000Z,1183488
usdt_trx,2021-04-01T00:00:00.000000000Z,826878
usdt_trx,2021-04-02T00:00:00.000000000Z,761647
usdt_trx,2021-04-03T00:00:00.000000000Z,801879
usdt_trx,2021-04-04T00:00:00.000000000Z,640475
usdt_trx,2021-04-05T00:00:00.000000000Z,738329
usdt_trx,2021-04-06T00:00:00.000000000Z,708092
usdt_trx,2021-04-07T00:00:00.000000000Z,653677
usdt_trx,2021-04-08T00:00:00.000000000Z,593472
usdt_trx,2021-04-09T00:00:00.000000000Z,564907
usdt_trx,2021-04-10T00:00:00.000000000Z,532173
usdt_trx,2021-04-11T00:00:00.000000000Z,527375
usdt_trx,2021-04-12T00:00:00.000000000Z,641259
usdt_trx,2021-04-13T00:00:00.000000000Z,616092
usdt_trx,2021-04-14T00:00:00.000000000Z,637275
usdt_trx,2021-04-15T00:00:00.000000000Z,679206
usdt_trx,2021-04-16T00:00:00.000000000Z,711597
usdt_trx,2021-04-17T00:00:00.000000000Z,767498
usdt_trx,2021-04-18T00:00:00.000000000Z,667528
usdt_trx,2021-04-19T00:00:00.000000000Z,749551
usdt_trx,2021-04-20T00:00:00.000000000Z,774022
usdt_trx,2021-04-21T00:00:00.000000000Z,703706
usdt_trx,2021-04-22T00:00:00.000000000Z,582818
usdt_trx,2021-04-23T00:00:00.000000000Z,638703
usdt_trx,2021-04-24T00:00:00.000000000Z,457136
usdt_trx,2021-04-25T00:00:00.000000000Z,437956
usdt_trx,2021-04-26T00:00:00.000000000Z,578917
usdt_trx,2021-04-27T00:00:00.000000000Z,570912
usdt_trx,2021-04-28T00:00:00.000000000Z,533824
usdt_trx,2021-04-29T00:00:00.000000000Z,539193
usdt_trx,2021-04-30T00:00:00.000000000Z,599340
usdt_trx,2021-05-01T00:00:00.000000000Z,499803
usdt_trx,2021-05-02T00:00:00.000000000Z,463903
usdt_trx,2021-05-03T00:00:00.000000000Z,566899
usdt_trx,2021-05-04T00:00:00.000000000Z,634962
usdt_trx,2021-05-05T00:00:00.000000000Z,640361
usdt_trx,2021-05-06T00:00:00.000000000Z,706307
usdt_trx,2021-05-07T00:00:00.000000000Z,785541
usdt_trx,2021-05-08T00:00:00.000000000Z,943655
usdt_trx,2021-05-09T00:00:00.000000000Z,849833
usdt_trx,2021-05-10T00:00:00.000000000Z,1328981
usdt_trx,2021-05-11T00:00:00.000000000Z,1285229
usdt_trx,2021-05-12T00:00:00.000000000Z,1122523
usdt_trx,2021-05-13T00:00:00.000000000Z,920034
usdt_trx,2021-05-14T00:00:00.000000000Z,949590
usdt_trx,2021-05-15T00:00:00.000000000Z,751759
usdt_trx,2021-05-16T00:00:00.000000000Z,690584
usdt_trx,2021-05-17T00:00:00.000000000Z,750555
usdt_trx,2021-05-18T00:00:00.000000000Z,745710
usdt_trx,2021-05-19T00:00:00.000000000Z,901502
usdt_trx,2021-05-20T00:00:00.000000000Z,736106
usdt_trx,2021-05-21T00:00:00.000000000Z,713618
usdt_trx,2021-05-22T00:00:00.000000000Z,521389
usdt_trx,2021-05-23T00:00:00.000000000Z,563156
usdt_trx,2021-05-24T00:00:00.000000000Z,824071
usdt_trx,2021-05-25T00:00:00.000000000Z,551011
usdt_trx,2021-05-26T00:00:00.000000000Z,573162
usdt_trx,2021-05-27T00:00:00.000000000Z,493637
usdt_trx,2021-05-28T00:00:00.000000000Z,573550
usdt_trx,2021-05-29T00:00:00.000000000Z,773316
usdt_trx,2021-05-30T00:00:00.000000000Z,1023128
usdt_trx,2021-05-31T00:00:00.000000000Z,506513
usdt_trx,2021-06-01T00:00:00.000000000Z,562982
usdt_trx,2021-06-02T00:00:00.000000000Z,609733
usdt_trx,2021-06-03T00:00:00.000000000Z,635011
usdt_trx,2021-06-04T00:00:00.000000000Z,654181
usdt_trx,2021-06-05T00:00:00.000000000Z,519213
usdt_trx,2021-06-06T00:00:00.000000000Z,453512
usdt_trx,2021-06-07T00:00:00.000000000Z,571438
usdt_trx,2021-06-08T00:00:00.000000000Z,638465
usdt_trx,2021-06-09T00:00:00.000000000Z,654063
usdt_trx,2021-06-10T00:00:00.000000000Z,638161
usdt_trx,2021-06-11T00:00:00.000000000Z,759312
usdt_trx,2021-06-12T00:00:00.000000000Z,596023
usdt_trx,2021-06-13T00:00:00.000000000Z,430612
usdt_trx,2021-06-14T00:00:00.000000000Z,483402
usdt_trx,2021-06-15T00:00:00.000000000Z,543040
usdt_trx,2021-06-16T00:00:00.000000000Z,525696
usdt_trx,2021-06-17T00:00:00.000000000Z,551672
usdt_trx,2021-06-18T00:00:00.000000000Z,598360
usdt_trx,2021-06-19T00:00:00.000000000Z,488484
usdt_trx,2021-06-20T00:00:00.000000000Z,484914
usdt_trx,2021-06-21T00:00:00.000000000Z,600510
usdt_trx,2021-06-22T00:00:00.000000000Z,701045
usdt_trx,2021-06-23T00:00:00.000000000Z,538103
usdt_trx,2021-06-24T00:00:00.000000000Z,553558
usdt_trx,2021-06-25T00:00:00.000000000Z,589351
usdt_trx,2021-06-26T00:00:00.000000000Z,499541
usdt_trx,2021-06-27T00:00:00.000000000Z,467711
usdt_trx,2021-06-28T00:00:00.000000000Z,575109
usdt_trx,2021-06-29T00:00:00.000000000Z,654558
usdt_trx,2021-06-30T00:00:00.000000000Z,738011
usdt_trx,2021-07-01T00:00:00.000000000Z,2406870
usdt_trx,2021-07-02T00:00:00.000000000Z,1186036
usdt_trx,2021-07-03T00:00:00.000000000Z,468922
usdt_trx,2021-07-04T00:00:00.000000000Z,680609
usdt_trx,2021-07-05T00:00:00.000000000Z,597184
usdt_trx,2021-07-06T00:00:00.000000000Z,754561
usdt_trx,2021-07-07T00:00:00.000000000Z,701156
usdt_trx,2021-07-08T00:00:00.000000000Z,548791
usdt_trx,2021-07-09T00:00:00.000000000Z,595029
usdt_trx,2021-07-10T00:00:00.000000000Z,489946
usdt_trx,2021-07-11T00:00:00.000000000Z,456193
usdt_trx,2021-07-12T00:00:00.000000000Z,509753
usdt_trx,2021-07-13T00:00:00.000000000Z,479221
usdt_trx,2021-07-14T00:00:00.000000000Z,496343
usdt_trx,2021-07-15T00:00:00.000000000Z,562922
usdt_trx,2021-07-16T00:00:00.000000000Z,608742
usdt_trx,2021-07-17T00:00:00.000000000Z,440774
usdt_trx,2021-07-18T00:00:00.000000000Z,440327
usdt_trx,2021-07-19T00:00:00.000000000Z,487383
usdt_trx,2021-07-20T00:00:00.000000000Z,484564
usdt_trx,2021-07-21T00:00:00.000000000Z,495567
usdt_trx,2021-07-22T00:00:00.000000000Z,471575
usdt_trx,2021-07-23T00:00:00.000000000Z,504325
usdt_trx,2021-07-24T00:00:00.000000000Z,483682
usdt_trx,2021-07-25T00:00:00.000000000Z,544311
usdt_trx,2021-07-26T00:00:00.000000000Z,633797
usdt_trx,2021-07-27T00:00:00.000000000Z,559787
usdt_trx,2021-07-28T00:00:00.000000000Z,569873
usdt_trx,2021-07-29T00:00:00.000000000Z,608351
usdt_trx,2021-07-30T00:00:00.000000000Z,830206
usdt_trx,2021-07-31T00:00:00.000000000Z,566387
usdt_trx,2021-08-01T00:00:00.000000000Z,547315
usdt_trx,2021-08-02T00:00:00.000000000Z,632512
usdt_trx,2021-08-03T00:00:00.000000000Z,763435
usdt_trx,2021-08-04T00:00:00.000000000Z,654500
usdt_trx,2021-08-05T00:00:00.000000000Z,668815
usdt_trx,2021-08-06T00:00:00.000000000Z,788843
usdt_trx,2021-08-07T00:00:00.000000000Z,707948
usdt_trx,2021-08-08T00:00:00.000000000Z,642713
usdt_trx,2021-08-09T00:00:00.000000000Z,775829
usdt_trx,2021-08-10T00:00:00.000000000Z,727312
usdt_trx,2021-08-11T00:00:00.000000000Z,805023
usdt_trx,2021-08-12T00:00:00.000000000Z,766793
usdt_trx,2021-08-13T00:00:00.000000000Z,746970
usdt_trx,2021-08-14T00:00:00.000000000Z,790005
usdt_trx,2021-08-15T00:00:00.000000000Z,814215
usdt_trx,2021-08-16T00:00:00.000000000Z,818806
usdt_trx,2021-08-17T00:00:00.000000000Z,669042
usdt_trx,2021-08-18T00:00:00.000000000Z,650814
usdt_trx,2021-08-19T00:00:00.000000000Z,722872
usdt_trx,2021-08-20T00:00:00.000000000Z,800636
usdt_trx,2021-08-21T00:00:00.000000000Z,648684
usdt_trx,2021-08-22T00:00:00.000000000Z,676054
usdt_trx,2021-08-23T00:00:00.000000000Z,806439
usdt_trx,2021-08-24T00:00:00.000000000Z,733177
usdt_trx,2021-08-25T00:00:00.000000000Z,718678
usdt_trx,2021-08-26T00:00:00.000000000Z,678949
usdt_trx,2021-08-27T00:00:00.000000000Z,710924
usdt_trx,2021-08-28T00:00:00.000000000Z,624196
usdt_trx,2021-08-29T00:00:00.000000000Z,644526
usdt_trx,2021-08-30T00:00:00.000000000Z,746347
usdt_trx,2021-08-31T00:00:00.000000000Z,723460
usdt_trx,2021-09-01T00:00:00.000000000Z,728152
usdt_trx,2021-09-02T00:00:00.000000000Z,764844
usdt_trx,2021-09-03T00:00:00.000000000Z,800893
usdt_trx,2021-09-04T00:00:00.000000000Z,747814
usdt_trx,2021-09-05T00:00:00.000000000Z,749862
usdt_trx,2021-09-06T00:00:00.000000000Z,923021
usdt_trx,2021-09-07T00:00:00.000000000Z,934690
usdt_trx,2021-09-08T00:00:00.000000000Z,850057
usdt_trx,2021-09-09T00:00:00.000000000Z,765259
usdt_trx,2021-09-10T00:00:00.000000000Z,790799
usdt_trx,2021-09-11T00:00:00.000000000Z,674332
usdt_trx,2021-09-12T00:00:00.000000000Z,702510
usdt_trx,2021-09-13T00:00:00.000000000Z,860732
usdt_trx,2021-09-14T00:00:00.000000000Z,751130
usdt_trx,2021-09-15T00:00:00.000000000Z,750358
usdt_trx,2021-09-16T00:00:00.000000000Z,797060
usdt_trx,2021-09-17T00:00:00.000000000Z,731914
usdt_trx,2021-09-18T00:00:00.000000000Z,646531
usdt_trx,2021-09-19T00:00:00.000000000Z,618770
usdt_trx,2021-09-20T00:00:00.000000000Z,887462
usdt_trx,2021-09-21T00:00:00.000000000Z,680191
usdt_trx,2021-09-22T00:00:00.000000000Z,730462
usdt_trx,2021-09-23T00:00:00.000000000Z,730877
usdt_trx,2021-09-24T00:00:00.000000000Z,853438
usdt_trx,2021-09-25T00:00:00.000000000Z,656489
usdt_trx,2021-09-26T00:00:00.000000000Z,732270
usdt_trx,2021-09-27T00:00:00.000000000Z,675913
usdt_trx,2021-09-28T00:00:00.000000000Z,688596
usdt_trx,2021-09-29T00:00:00.000000000Z,654123
usdt_trx,2021-09-30T00:00:00.000000000Z,730519
usdt_trx,2021-10-01T00:00:00.000000000Z,692587
usdt_trx,2021-10-02T00:00:00.000000000Z,659206
usdt_trx,2021-10-03T00:00:00.000000000Z,627606
usdt_trx,2021-10-04T00:00:00.000000000Z,771486
usdt_trx,2021-10-05T00:00:00.000000000Z,789264
usdt_trx,2021-10-06T00:00:00.000000000Z,842237
usdt_trx,2021-10-07T00:00:00.000000000Z,918718
usdt_trx,2021-10-08T00:00:00.000000000Z,856909
usdt_trx,2021-10-09T00:00:00.000000000Z,796326
usdt_trx,2021-10-10T00:00:00.000000000Z,754352
usdt_trx,2021-10-11T00:00:00.000000000Z,876935
usdt_trx,2021-10-12T00:00:00.000000000Z,870992
usdt_trx,2021-10-13T00:00:00.000000000Z,880913
usdt_trx,2021-10-14T00:00:00.000000000Z,902147
usdt_trx,2021-10-15T00:00:00.000000000Z,910527
usdt_trx,2021-10-16T00:00:00.000000000Z,819680
usdt_trx,2021-10-17T00:00:00.000000000Z,748306
usdt_trx,2021-10-18T00:00:00.000000000Z,908340
usdt_trx,2021-10-19T00:00:00.000000000Z,894668
usdt_trx,2021-10-20T00:00:00.000000000Z,929452
usdt_trx,2021-10-21T00:00:00.000000000Z,966269
usdt_trx,2021-10-22T00:00:00.000000000Z,994469
usdt_trx,2021-10-23T00:00:00.000000000Z,820048
usdt_trx,2021-10-24T00:00:00.000000000Z,827848
usdt_trx,2021-10-25T00:00:00.000000000Z,996337
usdt_trx,2021-10-26T00:00:00.000000000Z,1010763
usdt_trx,2021-10-27T00:00:00.000000000Z,1087057
usdt_trx,2021-10-28T00:00:00.000000000Z,1103244
usdt_trx,2021-10-29T00:00:00.000000000Z,1159579
usdt_trx,2021-10-30T00:00:00.000000000Z,1091742
usdt_trx,2021-10-31T00:00:00.000000000Z,1026766
usdt_trx,2021-11-01T00:00:00.000000000Z,1425522
usdt_trx,2021-11-02T00:00:00.000000000Z,1267612
usdt_trx,2021-11-03T00:00:00.000000000Z,1172987
usdt_trx,2021-11-04T00:00:00.000000000Z,1170539
usdt_trx,2021-11-05T00:00:00.000000000Z,1170723
usdt_trx,2021-11-06T00:00:00.000000000Z,911714
usdt_trx,2021-11-07T00:00:00.000000000Z,910219
usdt_trx,2021-11-08T00:00:00.000000000Z,1110257
usdt_trx,2021-11-09T00:00:00.000000000Z,1149122
usdt_trx,2021-11-10T00:00:00.000000000Z,1126957
usdt_trx,2021-11-11T00:00:00.000000000Z,1068445
usdt_trx,2021-11-12T00:00:00.000000000Z,1064192
usdt_trx,2021-11-13T00:00:00.000000000Z,911435
usdt_trx,2021-11-14T00:00:00.000000000Z,888112
usdt_trx,2021-11-15T00:00:00.000000000Z,1353306
usdt_trx,2021-11-16T00:00:00.000000000Z,1208969
usdt_trx,2021-11-17T00:00:00.000000000Z,1017180
usdt_trx,2021-11-18T00:00:00.000000000Z,1076725
usdt_trx,2021-11-19T00:00:00.000000000Z,1074728
usdt_trx,2021-11-20T00:00:00.000000000Z,886096
usdt_trx,2021-11-21T00:00:00.000000000Z,896367
usdt_trx,2021-11-22T00:00:00.000000000Z,1034518
usdt_trx,2021-11-23T00:00:00.000000000Z,1022526
usdt_trx,2021-11-24T00:00:00.000000000Z,1101057
usdt_trx,2021-11-25T00:00:00.000000000Z,1206338
usdt_trx,2021-11-26T00:00:00.000000000Z,1161275
usdt_trx,2021-11-27T00:00:00.000000000Z,935007
usdt_trx,2021-11-28T00:00:00.000000000Z,861004
usdt_trx,2021-11-29T00:00:00.000000000Z,1048369
usdt_trx,2021-11-30T00:00:00.000000000Z,1179773
usdt_trx,2021-12-01T00:00:00.000000000Z,1194217
usdt_trx,2021-12-02T00:00:00.000000000Z,1032860
usdt_trx,2021-12-03T00:00:00.000000000Z,1250000
usdt_trx,2021-12-04T00:00:00.000000000Z,1160336
usdt_trx,2021-12-05T00:00:00.000000000Z,880716
usdt_trx,2021-12-06T00:00:00.000000000Z,1062803
usdt_trx,2021-12-07T00:00:00.000000000Z,1062072
usdt_trx,2021-12-08T00:00:00.000000000Z,976897
usdt_trx,2021-12-09T00:00:00.000000000Z,948802
usdt_trx,2021-12-10T00:00:00.000000000Z,978126
usdt_trx,2021-12-11T00:00:00.000000000Z,806484
usdt_trx,2021-12-12T00:00:00.000000000Z,834867
usdt_trx,2021-12-13T00:00:00.000000000Z,987719
usdt_trx,2021-12-14T00:00:00.000000000Z,1004413
usdt_trx,2021-12-15T00:00:00.000000000Z,999109
usdt_trx,2021-12-16T00:00:00.000000000Z,905070
usdt_trx,2021-12-17T00:00:00.000000000Z,905835
usdt_trx,2021-12-18T00:00:00.000000000Z,796338
usdt_trx,2021-12-19T00:00:00.000000000Z,742779
usdt_trx,2021-12-20T00:00:00.000000000Z,959167
usdt_trx,2021-12-21T00:00:00.000000000Z,966042
usdt_trx,2021-12-22T00:00:00.000000000Z,949530
usdt_trx,2021-12-23T00:00:00.000000000Z,932102
usdt_trx,2021-12-24T00:00:00.000000000Z,1219444
usdt_trx,2021-12-25T00:00:00.000000000Z,744069
usdt_trx,2021-12-26T00:00:00.000000000Z,740525
usdt_trx,2021-12-27T00:00:00.000000000Z,881088
usdt_trx,2021-12-28T00:00:00.000000000Z,903774
usdt_trx,2021-12-29T00:00:00.000000000Z,925034
usdt_trx,2021-12-30T00:00:00.000000000Z,940543
usdt_trx,2021-12-31T00:00:00.000000000Z,837400
usdt_trx,2022-01-01T00:00:00.000000000Z,673999
usdt_trx,2022-01-02T00:00:00.000000000Z,743588
usdt_trx,2022-01-03T00:00:00.000000000Z,864010
usdt_trx,2022-01-04T00:00:00.000000000Z,930423
usdt_trx,2022-01-05T00:00:00.000000000Z,1001970
usdt_trx,2022-01-06T00:00:00.000000000Z,931882
usdt_trx,2022-01-07T00:00:00.000000000Z,938569
usdt_trx,2022-01-08T00:00:00.000000000Z,825651
usdt_trx,2022-01-09T00:00:00.000000000Z,795256
usdt_trx,2022-01-10T00:00:00.000000000Z,956146
usdt_trx,2022-01-11T00:00:00.000000000Z,944282
usdt_trx,2022-01-12T00:00:00.000000000Z,1003432
usdt_trx,2022-01-13T00:00:00.000000000Z,907177
usdt_trx,2022-01-14T00:00:00.000000000Z,898184
usdt_trx,2022-01-15T00:00:00.000000000Z,888721
usdt_trx,2022-01-16T00:00:00.000000000Z,852266
usdt_trx,2022-01-17T00:00:00.000000000Z,1044407
usdt_trx,2022-01-18T00:00:00.000000000Z,1050144
usdt_trx,2022-01-19T00:00:00.000000000Z,993562
usdt_trx,2022-01-20T00:00:00.000000000Z,987619
usdt_trx,2022-01-21T00:00:00.000000000Z,1035598
usdt_trx,2022-01-22T00:00:00.000000000Z,1054935
usdt_trx,2022-01-23T00:00:00.000000000Z,826629
usdt_trx,2022-01-24T00:00:00.000000000Z,1001053
usdt_trx,2022-01-25T00:00:00.000000000Z,1101545
usdt_trx,2022-01-26T00:00:00.000000000Z,1098965
usdt_trx,2022-01-27T00:00:00.000000000Z,926410
usdt_trx,2022-01-28T00:00:00.000000000Z,923990
usdt_trx,2022-01-29T00:00:00.000000000Z,830434
usdt_trx,2022-01-30T00:00:00.000000000Z,766173
usdt_trx,2022-01-31T00:00:00.000000000Z,850946
usdt_trx,2022-02-01T00:00:00.000000000Z,780171
usdt_trx,2022-02-02T00:00:00.000000000Z,800013
usdt_trx,2022-02-03T00:00:00.000000000Z,782055
usdt_trx,2022-02-04T00:00:00.000000000Z,860676
usdt_trx,2022-02-05T00:00:00.000000000Z,886097
usdt_trx,2022-02-06T00:00:00.000000000Z,871801
usdt_trx,2022-02-07T00:00:00.000000000Z,1045701
usdt_trx,2022-02-08T00:00:00.000000000Z,1031267
usdt_trx,2022-02-09T00:00:00.000000000Z,1061001
usdt_trx,2022-02-10T00:00:00.000000000Z,1029564
usdt_trx,2022-02-11T00:00:00.000000000Z,1018521
usdt_trx,2022-02-12T00:00:00.000000000Z,916804
usdt_trx,2022-02-13T00:00:00.000000000Z,885512
usdt_trx,2022-02-14T00:00:00.000000000Z,1004364
usdt_trx,2022-02-15T00:00:00.000000000Z,1106392
usdt_trx,2022-02-16T00:00:00.000000000Z,1049150
usdt_trx,2022-02-17T00:00:00.000000000Z,1078819
usdt_trx,2022-02-18T00:00:00.000000000Z,1026760
usdt_trx,2022-02-19T00:00:00.000000000Z,973082
usdt_trx,2022-02-20T00:00:00.000000000Z,955480
usdt_trx,2022-02-21T00:00:00.000000000Z,1036660
usdt_trx,2022-02-22T00:00:00.000000000Z,1096998
usdt_trx,2022-02-23T00:00:00.000000000Z,998725
usdt_trx,2022-02-24T00:00:00.000000000Z,1141074
usdt_trx,2022-02-25T00:00:00.000000000Z,1065826
usdt_trx,2022-02-26T00:00:00.000000000Z,969862
usdt_trx,2022-02-27T00:00:00.000000000Z,934893
usdt_trx,2022-02-28T00:00:00.000000000Z,1102396
usdt_trx,2022-03-01T00:00:00.000000000Z,1059797
usdt_trx,2022-03-02T00:00:00.000000000Z,1055053
usdt_trx,2022-03-03T00:00:00.000000000Z,1034751
usdt_trx,2022-03-04T00:00:00.000000000Z,1006181
usdt_trx,2022-03-05T00:00:00.000000000Z,969166
usdt_trx,2022-03-06T00:00:00.000000000Z,943985
usdt_trx,2022-03-07T00:00:00.000000000Z,1042768
usdt_trx,2022-03-08T00:00:00.000000000Z,1024161
usdt_trx,2022-03-09T00:00:00.000000000Z,1019786
usdt_trx,2022-03-10T00:00:00.000000000Z,962235
usdt_trx,2022-03-11T00:00:00.000000000Z,919492
usdt_trx,2022-03-12T00:00:00.000000000Z,840638
usdt_trx,2022-03-13T00:00:00.000000000Z,831869
usdt_trx,2022-03-14T00:00:00.000000000Z,998258
usdt_trx,2022-03-15T00:00:00.000000000Z,949645
usdt_trx,2022-03-16T00:00:00.000000000Z,975147
usdt_trx,2022-03-17T00:00:00.000000000Z,977338
usdt_trx,2022-03-18T00:00:00.000000000Z,973529
usdt_trx,2022-03-19T00:00:00.000000000Z,906712
usdt_trx,2022-03-20T00:00:00.000000000Z,880558
usdt_trx,2022-03-21T00:00:00.000000000Z,1000540
usdt_trx,2022-03-22T00:00:00.000000000Z,1008751
usdt_trx,2022-03-23T00:00:00.000000000Z,984793
usdt_trx,2022-03-24T00:00:00.000000000Z,1052634
usdt_trx,2022-03-25T00:00:00.000000000Z,1051002
usdt_trx,2022-03-26T00:00:00.000000000Z,929434
usdt_trx,2022-03-27T00:00:00.000000000Z,941567
usdt_trx,2022-03-28T00:00:00.000000000Z,1151666
usdt_trx,2022-03-29T00:00:00.000000000Z,1142499
usdt_trx,2022-03-30T00:00:00.000000000Z,1159689
usdt_trx,2022-03-31T00:00:00.000000000Z,1214433
usdt_trx,2022-04-01T00:00:00.000000000Z,1140493
usdt_trx,2022-04-02T00:00:00.000000000Z,1049175
usdt_trx,2022-04-03T00:00:00.000000000Z,1006961
usdt_trx,2022-04-04T00:00:00.000000000Z,1172293
usdt_trx,2022-04-05T00:00:00.000000000Z,1156712
usdt_trx,2022-04-06T00:00:00.000000000Z,1194822
usdt_trx,2022-04-07T00:00:00.000000000Z,1155165
usdt_trx,2022-04-08T00:00:00.000000000Z,1118834
usdt_trx,2022-04-09T00:00:00.000000000Z,1076723
usdt_trx,2022-04-10T00:00:00.000000000Z,1047796
usdt_trx,2022-04-11T00:00:00.000000000Z,1254935
usdt_trx,2022-04-12T00:00:00.000000000Z,1183558
usdt_trx,2022-04-13T00:00:00.000000000Z,1178320
usdt_trx,2022-04-14T00:00:00.000000000Z,1119143
usdt_trx,2022-04-15T00:00:00.000000000Z,1228235
usdt_trx,2022-04-16T00:00:00.000000000Z,1064436
usdt_trx,2022-04-17T00:00:00.000000000Z,1015144
usdt_trx,2022-04-18T00:00:00.000000000Z,1257238
usdt_trx,2022-04-19T00:00:00.000000000Z,1309373
usdt_trx,2022-04-20T00:00:00.000000000Z,1487993
usdt_trx,2022-04-21T00:00:00.000000000Z,1372619
usdt_trx,2022-04-22T00:00:00.000000000Z,1303006
usdt_trx,2022-04-23T00:00:00.000000000Z,1123888
usdt_trx,2022-04-24T00:00:00.000000000Z,1113019
usdt_trx,2022-04-25T00:00:00.000000000Z,1367814
usdt_trx,2022-04-26T00:00:00.000000000Z,1342383
usdt_trx,2022-04-27T00:00:00.000000000Z,1327042
usdt_trx,2022-04-28T00:00:00.000000000Z,1363484
usdt_trx,2022-04-29T00:00:00.000000000Z,1416362
usdt_trx,2022-04-30T00:00:00.000000000Z,1330489
usdt_trx,2022-05-01T00:00:00.000000000Z,1253554
usdt_trx,2022-05-02T00:00:00.000000000Z,1292315
usdt_trx,2022-05-03T00:00:00.000000000Z,1247704
usdt_trx,2022-05-04T00:00:00.000000000Z,1324887
usdt_trx,2022-05-05T00:00:00.000000000Z,1498516
usdt_trx,2022-05-06T00:00:00.000000000Z,1387936
usdt_trx,2022-05-07T00:00:00.000000000Z,1334420
usdt_trx,2022-05-08T00:00:00.000000000Z,1207994
usdt_trx,2022-05-09T00:00:00.000000000Z,1618644
usdt_trx,2022-05-10T00:00:00.000000000Z,1586191
usdt_trx,2022-05-11T00:00:00.000000000Z,1795641
usdt_trx,2022-05-12T00:00:00.000000000Z,1886666
usdt_trx,2022-05-13T00:00:00.000000000Z,1617963
usdt_trx,2022-05-14T00:00:00.000000000Z,1478222
usdt_trx,2022-05-15T00:00:00.000000000Z,1316032
usdt_trx,2022-05-16T00:00:00.000000000Z,1332160
usdt_trx,2022-05-17T00:00:00.000000000Z,1264247
usdt_trx,2022-05-18T00:00:00.000000000Z,1252836
usdt_trx,2022-05-19T00:00:00.000000000Z,1241044
usdt_trx,2022-05-20T00:00:00.000000000Z,1233878
usdt_trx,2022-05-21T00:00:00.000000000Z,1116621
usdt_trx,2022-05-22T00:00:00.000000000Z,1051630
usdt_trx,2022-05-23T00:00:00.000000000Z,1302431
usdt_trx,2022-05-24T00:00:00.000000000Z,1275007
usdt_trx,2022-05-25T00:00:00.000000000Z,1251967
usdt_trx,2022-05-26T00:00:00.000000000Z,1310545
usdt_trx,2022-05-27T00:00:00.000000000Z,1295669
usdt_trx,2022-05-28T00:00:00.000000000Z,1116296
usdt_trx,2022-05-29T00:00:00.000000000Z,1075505
usdt_trx,2022-05-30T00:00:00.000000000Z,1385796
usdt_trx,2022-05-31T00:00:00.000000000Z,1375325
usdt_trx,2022-06-01T00:00:00.000000000Z,1303517
usdt_trx,2022-06-02T00:00:00.000000000Z,1265302
usdt_trx,2022-06-03T00:00:00.000000000Z,1188427
usdt_trx,2022-06-04T00:00:00.000000000Z,1055981
usdt_trx,2022-06-05T00:00:00.000000000Z,1020867
usdt_trx,2022-06-06T00:00:00.000000000Z,1313656
usdt_trx,2022-06-07T00:00:00.000000000Z,1286042
usdt_trx,2022-06-08T00:00:00.000000000Z,1282873
usdt_trx,2022-06-09T00:00:00.000000000Z,1346167
usdt_trx,2022-06-10T00:00:00.000000000Z,1363446
usdt_trx,2022-06-11T00:00:00.000000000Z,1240819
usdt_trx,2022-06-12T00:00:00.000000000Z,1237120
usdt_trx,2022-06-13T00:00:00.000000000Z,1589782
usdt_trx,2022-06-14T00:00:00.000000000Z,1453604
usdt_trx,2022-06-15T00:00:00.000000000Z,1496381
usdt_trx,2022-06-16T00:00:00.000000000Z,1329937
usdt_trx,2022-06-17T00:00:00.000000000Z,1260230
usdt_trx,2022-06-18T00:00:00.000000000Z,1156653
usdt_trx,2022-06-19T00:00:00.000000000Z,1125441
usdt_trx,2022-06-20T00:00:00.000000000Z,1352538
usdt_trx,2022-06-21T00:00:00.000000000Z,1351337
usdt_trx,2022-06-22T00:00:00.000000000Z,1316940
usdt_trx,2022-06-23T00:00:00.000000000Z,1289859
usdt_trx,2022-06-24T00:00:00.000000000Z,1353888
usdt_trx,2022-06-25T00:00:00.000000000Z,1234141
usdt_trx,2022-06-26T00:00:00.000000000Z,1109922
usdt_trx,2022-06-27T00:00:00.000000000Z,1330525
usdt_trx,2022-06-28T00:00:00.000000000Z,1387744
usdt_trx,2022-06-29T00:00:00.000000000Z,1231105
usdt_trx,2022-06-30T00:00:00.000000000Z,1268369
usdt_trx,2022-07-01T00:00:00.000000000Z,1224847
usdt_trx,2022-07-02T00:00:00.000000000Z,1135099
usdt_trx,2022-07-03T00:00:00.000000000Z,1007700
usdt_trx,2022-07-04T00:00:00.000000000Z,1259173
usdt_trx,2022-07-05T00:00:00.000000000Z,1225453
usdt_trx,2022-07-06T00:00:00.000000000Z,1236042
usdt_trx,2022-07-07T00:00:00.000000000Z,1199915
usdt_trx,2022-07-08T00:00:00.000000000Z,1141600
usdt_trx,2022-07-09T00:00:00.000000000Z,1014553
usdt_trx,2022-07-10T00:00:00.000000000Z,961430
usdt_trx,2022-07-11T00:00:00.000000000Z,1207216
usdt_trx,2022-07-12T00:00:00.000000000Z,1188438
usdt_trx,2022-07-13T00:00:00.000000000Z,1228471
usdt_trx,2022-07-14T00:00:00.000000000Z,1169055
usdt_trx,2022-07-15T00:00:00.000000000Z,1199318
usdt_trx,2022-07-16T00:00:00.000000000Z,1087515
usdt_trx,2022-07-17T00:00:00.000000000Z,1034525
usdt_trx,2022-07-18T00:00:00.000000000Z,1309849
usdt_trx,2022-07-19T00:00:00.000000000Z,1307629
usdt_trx,2022-07-20T00:00:00.000000000Z,1266455
usdt_trx,2022-07-21T00:00:00.000000000Z,1245674
usdt_trx,2022-07-22T00:00:00.000000000Z,1232442
usdt_trx,2022-07-23T00:00:00.000000000Z,1157015
usdt_trx,2022-07-24T00:00:00.000000000Z,1089760
usdt_trx,2022-07-25T00:00:00.000000000Z,1341823
usdt_trx,2022-07-26T00:00:00.000000000Z,1331961
usdt_trx,2022-07-27T00:00:00.000000000Z,1273954
usdt_trx,2022-07-28T00:00:00.000000000Z,1245868
usdt_trx,2022-07-29T00:00:00.000000000Z,1222938
usdt_trx,2022-07-30T00:00:00.000000000Z,1091867
usdt_trx,2022-07-31T00:00:00.000000000Z,1083318
usdt_trx,2022-08-01T00:00:00.000000000Z,1274635
usdt_trx,2022-08-02T00:00:00.000000000Z,1259558
usdt_trx,2022-08-03T00:00:00.000000000Z,1266427
usdt_trx,2022-08-04T00:00:00.000000000Z,1192994
usdt_trx,2022-08-05T00:00:00.000000000Z,1266285
usdt_trx,2022-08-06T00:00:00.000000000Z,1108360
usdt_trx,2022-08-07T00:00:00.000000000Z,1028349
usdt_trx,2022-08-08T00:00:00.000000000Z,1271943
usdt_trx,2022-08-09T00:00:00.000000000Z,1262652
usdt_trx,2022-08-10T00:00:00.000000000Z,1313431
usdt_trx,2022-08-11T00:00:00.000000000Z,1272466
usdt_trx,2022-08-12T00:00:00.000000000Z,1258584
usdt_trx,2022-08-13T00:00:00.000000000Z,1129093
usdt_trx,2022-08-14T00:00:00.000000000Z,1113368
usdt_trx,2022-08-15T00:00:00.000000000Z,1293415
usdt_trx,2022-08-16T00:00:00.000000000Z,1209245
usdt_trx,2022-08-17T00:00:00.000000000Z,1360214
usdt_trx,2022-08-18T00:00:00.000000000Z,1269959
usdt_trx,2022-08-19T00:00:00.000000000Z,1289279
usdt_trx,2022-08-20T00:00:00.000000000Z,1082114
usdt_trx,2022-08-21T00:00:00.000000000Z,1005067
usdt_trx,2022-08-22T00:00:00.000000000Z,1267167
usdt_trx,2022-08-23T00:00:00.000000000Z,1219856
usdt_trx,2022-08-24T00:00:00.000000000Z,1218662
usdt_trx,2022-08-25T00:00:00.000000000Z,1240848
usdt_trx,2022-08-26T00:00:00.000000000Z,1246574
usdt_trx,2022-08-27T00:00:00.000000000Z,1138642
usdt_trx,2022-08-28T00:00:00.000000000Z,1031547
usdt_trx,2022-08-29T00:00:00.000000000Z,1261881
usdt_trx,2022-08-30T00:00:00.000000000Z,1272921
usdt_trx,2022-08-31T00:00:00.000000000Z,1291029
usdt_trx,2022-09-01T00:00:00.000000000Z,1265045
usdt_trx,2022-09-02T00:00:00.000000000Z,1252905
usdt_trx,2022-09-03T00:00:00.000000000Z,1105226
usdt_trx,2022-09-04T00:00:00.000000000Z,1042008
usdt_trx,2022-09-05T00:00:00.000000000Z,1297725
usdt_trx,2022-09-06T00:00:00.000000000Z,1333620
usdt_trx,2022-09-07T00:00:00.000000000Z,1278109
usdt_trx,2022-09-08T00:00:00.000000000Z,1260552
usdt_trx,2022-09-09T00:00:00.000000000Z,1255827
usdt_trx,2022-09-10T00:00:00.000000000Z,1021498
usdt_trx,2022-09-11T00:00:00.000000000Z,995007
usdt_trx,2022-09-12T00:00:00.000000000Z,1199443
usdt_trx,2022-09-13T00:00:00.000000000Z,1257851
usdt_trx,2022-09-14T00:00:00.000000000Z,1237768
usdt_trx,2022-09-15T00:00:00.000000000Z,1255485
usdt_trx,2022-09-16T00:00:00.000000000Z,1402438
usdt_trx,2022-09-17T00:00:00.000000000Z,1087019
usdt_trx,2022-09-18T00:00:00.000000000Z,1068307
usdt_trx,2022-09-19T00:00:00.000000000Z,1301717
usdt_trx,2022-09-20T00:00:00.000000000Z,1287675
usdt_trx,2022-09-21T00:00:00.000000000Z,1278902
usdt_trx,2022-09-22T00:00:00.000000000Z,1232136
usdt_trx,2022-09-23T00:00:00.000000000Z,1263409
usdt_trx,2022-09-24T00:00:00.000000000Z,1095195
usdt_trx,2022-09-25T00:00:00.000000000Z,1008560
usdt_trx,2022-09-26T00:00:00.000000000Z,1320753
usdt_trx,2022-09-27T00:00:00.000000000Z,1827827
usdt_trx,2022-09-28T00:00:00.000000000Z,1384993
usdt_trx,2022-09-29T00:00:00.000000000Z,1264943
usdt_trx,2022-09-30T00:00:00.000000000Z,1316224
usdt_trx,2022-10-01T00:00:00.000000000Z,1105143
usdt_trx,2022-10-02T00:00:00.000000000Z,1032105
usdt_trx,2022-10-03T00:00:00.000000000Z,1214769
usdt_trx,2022-10-04T00:00:00.000000000Z,1281734
usdt_trx,2022-10-05T00:00:00.000000000Z,1234941
usdt_trx,2022-10-06T00:00:00.000000000Z,1267853
usdt_trx,2022-10-07T00:00:00.000000000Z,1291716
usdt_trx,2022-10-08T00:00:00.000000000Z,1289726
usdt_trx,2022-10-09T00:00:00.000000000Z,1202926
usdt_trx,2022-10-10T00:00:00.000000000Z,1510729
usdt_trx,2022-10-11T00:00:00.000000000Z,1527954
usdt_trx,2022-10-12T00:00:00.000000000Z,1511572
usdt_trx,2022-10-13T00:00:00.000000000Z,1613700
usdt_trx,2022-10-14T00:00:00.000000000Z,1617113
usdt_trx,2022-10-15T00:00:00.000000000Z,1469292
usdt_trx,2022-10-16T00:00:00.000000000Z,1387035
usdt_trx,2022-10-17T00:00:00.000000000Z,1700806
usdt_trx,2022-10-18T00:00:00.000000000Z,1704793
usdt_trx,2022-10-19T00:00:00.000000000Z,1653104
usdt_trx,2022-10-20T00:00:00.000000000Z,1674292
usdt_trx,2022-10-21T00:00:00.000000000Z,1946263
usdt_trx,2022-10-22T00:00:00.000000000Z,1498656
usdt_trx,2022-10-23T00:00:00.000000000Z,1496772
usdt_trx,2022-10-24T00:00:00.000000000Z,1811085
usdt_trx,2022-10-25T00:00:00.000000000Z,1768254
usdt_trx,2022-10-26T00:00:00.000000000Z,1872241
usdt_trx,2022-10-27T00:00:00.000000000Z,1859887
usdt_trx,2022-10-28T00:00:00.000000000Z,1847150
usdt_trx,2022-10-29T00:00:00.000000000Z,1671755
usdt_trx,2022-10-30T00:00:00.000000000Z,1572586
usdt_trx,2022-10-31T00:00:00.000000000Z,1948947
usdt_trx,2022-11-01T00:00:00.000000000Z,1892764
usdt_trx,2022-11-02T00:00:00.000000000Z,1811096
usdt_trx,2022-11-03T00:00:00.000000000Z,1858154
usdt_trx,2022-11-04T00:00:00.000000000Z,1761985
usdt_trx,2022-11-05T00:00:00.000000000Z,1694062
usdt_trx,2022-11-06T00:00:00.000000000Z,1666512
usdt_trx,2022-11-07T00:00:00.000000000Z,2002274
usdt_trx,2022-11-08T00:00:00.000000000Z,2056636
usdt_trx,2022-11-09T00:00:00.000000000Z,2167783
usdt_trx,2022-11-10T00:00:00.000000000Z,2120847
usdt_trx,2022-11-11T00:00:00.000000000Z,1919394
usdt_trx,2022-11-12T00:00:00.000000000Z,1683719
usdt_trx,2022-11-13T00:00:00.000000000Z,1670143
usdt_trx,2022-11-14T00:00:00.000000000Z,1947090
usdt_trx,2022-11-15T00:00:00.000000000Z,2135609
usdt_trx,2022-11-16T00:00:00.000000000Z,2283182
usdt_trx,2022-11-17T00:00:00.000000000Z,2433945
usdt_trx,2022-11-18T00:00:00.000000000Z,1955269
usdt_trx,2022-11-19T00:00:00.000000000Z,1981949
usdt_trx,2022-11-20T00:00:00.000000000Z,1849943
usdt_trx,2022-11-21T00:00:00.000000000Z,1984880
usdt_trx,2022-11-22T00:00:00.000000000Z,1903445
usdt_trx,2022-11-23T00:00:00.000000000Z,1781278
usdt_trx,2022-11-24T00:00:00.000000000Z,1761992
usdt_trx,2022-11-25T00:00:00.000000000Z,1580892
usdt_trx,2022-11-26T00:00:00.000000000Z,1203933
usdt_trx,2022-11-27T00:00:00.000000000Z,1123581
usdt_trx,2022-11-28T00:00:00.000000000Z,1368676
usdt_trx,2022-11-29T00:00:00.000000000Z,1527053
usdt_trx,2022-11-30T00:00:00.000000000Z,1329128
usdt_trx,2022-12-01T00:00:00.000000000Z,1378265
usdt_trx,2022-12-02T00:00:00.000000000Z,1323986
usdt_trx,2022-12-03T00:00:00.000000000Z,1131696
usdt_trx,2022-12-04T00:00:00.000000000Z,1022333
usdt_trx,2022-12-05T00:00:00.000000000Z,1443923
usdt_trx,2022-12-06T00:00:00.000000000Z,1294310
usdt_trx,2022-12-07T00:00:00.000000000Z,1210934
usdt_trx,2022-12-08T00:00:00.000000000Z,1652375
usdt_trx,2022-12-09T00:00:00.000000000Z,1476500
usdt_trx,2022-12-10T00:00:00.000000000Z,3228258
usdt_trx,2022-12-11T00:00:00.000000000Z,1247910
usdt_trx,2022-12-12T00:00:00.000000000Z,1785639
usdt_trx,2022-12-13T00:00:00.000000000Z,1567580
usdt_trx,2022-12-14T00:00:00.000000000Z,1794434
usdt_trx,2022-12-15T00:00:00.000000000Z,1448311
usdt_trx,2022-12-16T00:00:00.000000000Z,1438910
usdt_trx,2022-12-17T00:00:00.000000000Z,1343680
usdt_trx,2022-12-18T00:00:00.000000000Z,1032046
usdt_trx,2022-12-19T00:00:00.000000000Z,1500888
usdt_trx,2022-12-20T00:00:00.000000000Z,1481019
usdt_trx,2022-12-21T00:00:00.000000000Z,1421078
usdt_trx,2022-12-22T00:00:00.000000000Z,1359545
usdt_trx,2022-12-23T00:00:00.000000000Z,1346239
usdt_trx,2022-12-24T00:00:00.000000000Z,1103192
usdt_trx,2022-12-25T00:00:00.000000000Z,1005926
usdt_trx,2022-12-26T00:00:00.000000000Z,1296625
usdt_trx,2022-12-27T00:00:00.000000000Z,1269173
usdt_trx,2022-12-28T00:00:00.000000000Z,1316581
usdt_trx,2022-12-29T00:00:00.000000000Z,1294925
usdt_trx,2022-12-30T00:00:00.000000000Z,1311122
usdt_trx,2022-12-31T00:00:00.000000000Z,1159689
usdt_trx,2023-01-01T00:00:00.000000000Z,1019577
usdt_trx,2023-01-02T00:00:00.000000000Z,1296856
usdt_trx,2023-01-03T00:00:00.000000000Z,1385348
usdt_trx,2023-01-04T00:00:00.000000000Z,1494427
usdt_trx,2023-01-05T00:00:00.000000000Z,1506185
usdt_trx,2023-01-06T00:00:00.000000000Z,1582083
usdt_trx,2023-01-07T00:00:00.000000000Z,1383496
usdt_trx,2023-01-08T00:00:00.000000000Z,1439682
usdt_trx,2023-01-09T00:00:00.000000000Z,1943051
usdt_trx,2023-01-10T00:00:00.000000000Z,1749027
usdt_trx,2023-01-11T00:00:00.000000000Z,1643721
usdt_trx,2023-01-12T00:00:00.000000000Z,1791432
usdt_trx,2023-01-13T00:00:00.000000000Z,1863683
usdt_trx,2023-01-14T00:00:00.000000000Z,1710220
usdt_trx,2023-01-15T00:00:00.000000000Z,1799084
usdt_trx,2023-01-16T00:00:00.000000000Z,2252370
usdt_trx,2023-01-17T00:00:00.000000000Z,2057853
usdt_trx,2023-01-18T00:00:00.000000000Z,1908851
usdt_trx,2023-01-19T00:00:00.000000000Z,1809153
usdt_trx,2023-01-20T00:00:00.000000000Z,1588924
usdt_trx,2023-01-21T00:00:00.000000000Z,1238836
usdt_trx,2023-01-22T00:00:00.000000000Z,1123189
usdt_trx,2023-01-23T00:00:00.000000000Z,1411897
usdt_trx,2023-01-24T00:00:00.000000000Z,1384783
usdt_trx,2023-01-25T00:00:00.000000000Z,1435308
usdt_trx,2023-01-26T00:00:00.000000000Z,1475927
usdt_trx,2023-01-27T00:00:00.000000000Z,1511635
usdt_trx,2023-01-28T00:00:00.000000000Z,1376635
usdt_trx,2023-01-29T00:00:00.000000000Z,1524829
usdt_trx,2023-01-30T00:00:00.000000000Z,1858406
usdt_trx,2023-01-31T00:00:00.000000000Z,1926862
usdt_trx,2023-02-01T00:00:00.000000000Z,1864590
usdt_trx,2023-02-02T00:00:00.000000000Z,2046219
usdt_trx,2023-02-03T00:00:00.000000000Z,1897284
usdt_trx,2023-02-04T00:00:00.000000000Z,1747480
usdt_trx,2023-02-05T00:00:00.000000000Z,1545975
usdt_trx,2023-02-06T00:00:00.000000000Z,1630819
usdt_trx,2023-02-07T00:00:00.000000000Z,1604154
usdt_trx,2023-02-08T00:00:00.000000000Z,1726838
usdt_trx,2023-02-09T00:00:00.000000000Z,1657623
usdt_trx,2023-02-10T00:00:00.000000000Z,1542836
usdt_trx,2023-02-11T00:00:00.000000000Z,1464085
usdt_trx,2023-02-12T00:00:00.000000000Z,1255799
usdt_trx,2023-02-13T00:00:00.000000000Z,1601138
usdt_trx,2023-02-14T00:00:00.000000000Z,1561085
usdt_trx,2023-02-15T00:00:00.000000000Z,1603905
usdt_trx,2023-02-16T00:00:00.000000000Z,1649612
usdt_trx,2023-02-17T00:00:00.000000000Z,1660734
usdt_trx,2023-02-18T00:00:00.000000000Z,1472087
usdt_trx,2023-02-19T00:00:00.000000000Z,1402343
usdt_trx,2023-02-20T00:00:00.000000000Z,1757800
usdt_trx,2023-02-21T00:00:00.000000000Z,1698263
usdt_trx,2023-02-22T00:00:00.000000000Z,1637602
usdt_trx,2023-02-23T00:00:00.000000000Z,1659360
usdt_trx,2023-02-24T00:00:00.000000000Z,1615778
usdt_trx,2023-02-25T00:00:00.000000000Z,1407468
usdt_trx,2023-02-26T00:00:00.000000000Z,1355267
usdt_trx,2023-02-27T00:00:00.000000000Z,1676459
usdt_trx,2023-02-28T00:00:00.000000000Z,1664836
usdt_trx,2023-03-01T00:00:00.000000000Z,1701266
usdt_trx,2023-03-02T00:00:00.000000000Z,1599853
usdt_trx,2023-03-03T00:00:00.000000000Z,1591098
usdt_trx,2023-03-04T00:00:00.000000000Z,1384670
usdt_trx,2023-03-05T00:00:00.000000000Z,1304533
usdt_trx,2023-03-06T00:00:00.000000000Z,1622782
usdt_trx,2023-03-07T00:00:00.000000000Z,1652495
usdt_trx,2023-03-08T00:00:00.000000000Z,1613350
usdt_trx,2023-03-09T00:00:00.000000000Z,1674757
usdt_trx,2023-03-10T00:00:00.000000000Z,1743766
usdt_trx,2023-03-11T00:00:00.000000000Z,1460173
usdt_trx,2023-03-12T00:00:00.000000000Z,1286873
usdt_trx,2023-03-13T00:00:00.000000000Z,1750425
usdt_trx,2023-03-14T00:00:00.000000000Z,1683580
usdt_trx,2023-03-15T00:00:00.000000000Z,1657696
usdt_trx,2023-03-16T00:00:00.000000000Z,1629938
usdt_trx,2023-03-17T00:00:00.000000000Z,1681270
usdt_trx,2023-03-18T00:00:00.000000000Z,1463041
usdt_trx,2023-03-19T00:00:00.000000000Z,1368862
usdt_trx,2023-03-20T00:00:00.000000000Z,1781204
usdt_trx,2023-03-21T00:00:00.000000000Z,1683776
usdt_trx,2023-03-22T00:00:00.000000000Z,1707817
usdt_trx,2023-03-23T00:00:00.000000000Z,1760102
usdt_trx,2023-03-24T00:00:00.000000000Z,1683675
usdt_trx,2023-03-25T00:00:00.000000000Z,1480237
usdt_trx,2023-03-26T00:00:00.000000000Z,1404100
usdt_trx,2023-03-27T00:00:00.000000000Z,1854263
usdt_trx,2023-03-28T00:00:00.000000000Z,1888146
usdt_trx,2023-03-29T00:00:00.000000000Z,1869089
usdt_trx,2023-03-30T00:00:00.000000000Z,1813268
usdt_trx,2023-03-31T00:00:00.000000000Z,1817504
usdt_trx,2023-04-01T00:00:00.000000000Z,1563114
usdt_trx,2023-04-02T00:00:00.000000000Z,1553149
usdt_trx,2023-04-03T00:00:00.000000000Z,1980772
usdt_trx,2023-04-04T00:00:00.000000000Z,1930289
usdt_trx,2023-04-05T00:00:00.000000000Z,1872291
usdt_trx,2023-04-06T00:00:00.000000000Z,1885056
usdt_trx,2023-04-07T00:00:00.000000000Z,1813938
usdt_trx,2023-04-08T00:00:00.000000000Z,1671272
usdt_trx,2023-04-09T00:00:00.000000000Z,1553721
usdt_trx,2023-04-10T00:00:00.000000000Z,2046225
usdt_trx,2023-04-11T00:00:00.000000000Z,1993777
usdt_trx,2023-04-12T00:00:00.000000000Z,1942001
usdt_trx,2023-04-13T00:00:00.000000000Z,1922081
usdt_trx,2023-04-14T00:00:00.000000000Z,1900916
usdt_trx,2023-04-15T00:00:00.000000000Z,1546677
usdt_trx,2023-04-16T00:00:00.000000000Z,1413261
usdt_trx,2023-04-17T00:00:00.000000000Z,2090842
usdt_trx,2023-04-18T00:00:00.000000000Z,1937338
usdt_trx,2023-04-19T00:00:00.000000000Z,2056335
usdt_trx,2023-04-20T00:00:00.000000000Z,1949856
usdt_trx,2023-04-21T00:00:00.000000000Z,1819890
usdt_trx,2023-04-22T00:00:00.000000000Z,1424022
usdt_trx,2023-04-23T00:00:00.000000000Z,1380913
usdt_trx,2023-04-24T00:00:00.000000000Z,1867136
usdt_trx,2023-04-25T00:00:00.000000000Z,2013655
usdt_trx,2023-04-26T00:00:00.000000000Z,2010403
usdt_trx,2023-04-27T00:00:00.000000000Z,1942147
usdt_trx,2023-04-28T00:00:00.000000000Z,1983001
usdt_trx,2023-04-29T00:00:00.000000000Z,1650596
usdt_trx,2023-04-30T00:00:00.000000000Z,1562314
usdt_trx,2023-05-01T00:00:00.000000000Z,1954885
usdt_trx,2023-05-02T00:00:00.000000000Z,1999276
usdt_trx,2023-05-03T00:00:00.000000000Z,2027164
usdt_trx,2023-05-04T00:00:00.000000000Z,2001047
usdt_trx,2023-05-05T00:00:00.000000000Z,2105405
usdt_trx,2023-05-06T00:00:00.000000000Z,1758639
usdt_trx,2023-05-07T00:00:00.000000000Z,1635878
usdt_trx,2023-05-08T00:00:00.000000000Z,2038027
usdt_trx,2023-05-09T00:00:00.000000000Z,1918143
usdt_trx,2023-05-10T00:00:00.000000000Z,1968064
usdt_trx,2023-05-11T00:00:00.000000000Z,1968966
usdt_trx,2023-05-12T00:00:00.000000000Z,1970946
usdt_trx,2023-05-13T00:00:00.000000000Z,1674666
usdt_trx,2023-05-14T00:00:00.000000000Z,1636906
usdt_trx,2023-05-15T00:00:00.000000000Z,2086502
usdt_trx,2023-05-16T00:00:00.000000000Z,2076227
usdt_trx,2023-05-17T00:00:00.000000000Z,2026988
usdt_trx,2023-05-18T00:00:00.000000000Z,1965082
usdt_trx,2023-05-19T00:00:00.000000000Z,1919631
usdt_trx,2023-05-20T00:00:00.000000000Z,1662523
usdt_trx,2023-05-21T00:00:00.000000000Z,1475377
usdt_trx,2023-05-22T00:00:00.000000000Z,1704554
usdt_trx,2023-05-23T00:00:00.000000000Z,1705743
usdt_trx,2023-05-24T00:00:00.000000000Z,1795436
usdt_trx,2023-05-25T00:00:00.000000000Z,1703210
usdt_trx,2023-05-26T00:00:00.000000000Z,1691249
usdt_trx,2023-05-27T00:00:00.000000000Z,1581354
usdt_trx,2023-05-28T00:00:00.000000000Z,1493210
usdt_trx,2023-05-29T00:00:00.000000000Z,1928603
usdt_trx,2023-05-30T00:00:00.000000000Z,1973858
usdt_trx,2023-05-31T00:00:00.000000000Z,2017327
usdt_trx,2023-06-01T00:00:00.000000000Z,1998262
usdt_trx,2023-06-02T00:00:00.000000000Z,2011556
usdt_trx,2023-06-03T00:00:00.000000000Z,1788695
usdt_trx,2023-06-04T00:00:00.000000000Z,1383718
usdt_trx,2023-06-05T00:00:00.000000000Z,1780679
usdt_trx,2023-06-06T00:00:00.000000000Z,1749364
usdt_trx,2023-06-07T00:00:00.000000000Z,1964483
usdt_trx,2023-06-08T00:00:00.000000000Z,1886139
usdt_trx,2023-06-09T00:00:00.000000000Z,1742465
usdt_trx,2023-06-10T00:00:00.000000000Z,1791335
usdt_trx,2023-06-11T00:00:00.000000000Z,1498605
usdt_trx,2023-06-12T00:00:00.000000000Z,1827065
usdt_trx,2023-06-13T00:00:00.000000000Z,1832813
usdt_trx,2023-06-14T00:00:00.000000000Z,1738361
usdt_trx,2023-06-15T00:00:00.000000000Z,1936393
usdt_trx,2023-06-16T00:00:00.000000000Z,1699023
usdt_trx,2023-06-17T00:00:00.000000000Z,1355547
usdt_trx,2023-06-18T00:00:00.000000000Z,1251966
usdt_trx,2023-06-19T00:00:00.000000000Z,1562581
usdt_trx,2023-06-20T00:00:00.000000000Z,1702810
usdt_trx,2023-06-21T00:00:00.000000000Z,1673728
usdt_trx,2023-06-22T00:00:00.000000000Z,1459082
usdt_trx,2023-06-23T00:00:00.000000000Z,1477800
usdt_trx,2023-06-24T00:00:00.000000000Z,1252634
usdt_trx,2023-06-25T00:00:00.000000000Z,1243965
usdt_trx,2023-06-26T00:00:00.000000000Z,1579099
usdt_trx,2023-06-27T00:00:00.000000000Z,1541867
usdt_trx,2023-06-28T00:00:00.000000000Z,1540146
usdt_trx,2023-06-29T00:00:00.000000000Z,1500023
usdt_trx,2023-06-30T00:00:00.000000000Z,1665568
usdt_trx,2023-07-01T00:00:00.000000000Z,1310182
usdt_trx,2023-07-02T00:00:00.000000000Z,1244767
usdt_trx,2023-07-03T00:00:00.000000000Z,1665499
usdt_trx,2023-07-04T00:00:00.000000000Z,1626749
usdt_trx,2023-07-05T00:00:00.000000000Z,1627479
usdt_trx,2023-07-06T00:00:00.000000000Z,1591843
usdt_trx,2023-07-07T00:00:00.000000000Z,1601915
usdt_trx,2023-07-08T00:00:00.000000000Z,1318657
usdt_trx,2023-07-09T00:00:00.000000000Z,1292044
usdt_trx,2023-07-10T00:00:00.000000000Z,1721920
usdt_trx,2023-07-11T00:00:00.000000000Z,1627753
usdt_trx,2023-07-12T00:00:00.000000000Z,1606905
usdt_trx,2023-07-13T00:00:00.000000000Z,1611457
usdt_trx,2023-07-14T00:00:00.000000000Z,1733722
usdt_trx,2023-07-15T00:00:00.000000000Z,1524060
usdt_trx,2023-07-16T00:00:00.000000000Z,1512742
usdt_trx,2023-07-17T00:00:00.000000000Z,1748463
usdt_trx,2023-07-18T00:00:00.000000000Z,1806758
usdt_trx,2023-07-19T00:00:00.000000000Z,1710314
usdt_trx,2023-07-20T00:00:00.000000000Z,1715529
usdt_trx,2023-07-21T00:00:00.000000000Z,1772065
usdt_trx,2023-07-22T00:00:00.000000000Z,1399285
usdt_trx,2023-07-23T00:00:00.000000000Z,1280263
usdt_trx,2023-07-24T00:00:00.000000000Z,1757842
usdt_trx,2023-07-25T00:00:00.000000000Z,1757846
usdt_trx,2023-07-26T00:00:00.000000000Z,1765363
usdt_trx,2023-07-27T00:00:00.000000000Z,1702383
usdt_trx,2023-07-28T00:00:00.000000000Z,1651034
usdt_trx,2023-07-29T00:00:00.000000000Z,1389915
usdt_trx,2023-07-30T00:00:00.000000000Z,1368057
usdt_trx,2023-07-31T00:00:00.000000000Z,1912621
usdt_trx,2023-08-01T00:00:00.000000000Z,1926832
usdt_trx,2023-08-02T00:00:00.000000000Z,1887680
usdt_trx,2023-08-03T00:00:00.000000000Z,1836500
usdt_trx,2023-08-04T00:00:00.000000000Z,1834204
usdt_trx,2023-08-05T00:00:00.000000000Z,1416682
usdt_trx,2023-08-06T00:00:00.000000000Z,1385577
usdt_trx,2023-08-07T00:00:00.000000000Z,1991473
usdt_trx,2023-08-08T00:00:00.000000000Z,1888632
usdt_trx,2023-08-09T00:00:00.000000000Z,1815380
usdt_trx,2023-08-10T00:00:00.000000000Z,1813292
usdt_trx,2023-08-11T00:00:00.000000000Z,1674524
usdt_trx,2023-08-12T00:00:00.000000000Z,1431707
usdt_trx,2023-08-13T00:00:00.000000000Z,1362903
usdt_trx,2023-08-14T00:00:00.000000000Z,1823335
usdt_trx,2023-08-15T00:00:00.000000000Z,1825057
usdt_trx,2023-08-16T00:00:00.000000000Z,1805798
usdt_trx,2023-08-17T00:00:00.000000000Z,1805876
usdt_trx,2023-08-18T00:00:00.000000000Z,1792391
usdt_trx,2023-08-19T00:00:00.000000000Z,1488113
usdt_trx,2023-08-20T00:00:00.000000000Z,1364464
usdt_trx,2023-08-21T00:00:00.000000000Z,1730416
usdt_trx,2023-08-22T00:00:00.000000000Z,1722499
usdt_trx,2023-08-23T00:00:00.000000000Z,1742838
usdt_trx,2023-08-24T00:00:00.000000000Z,1724853
usdt_trx,2023-08-25T00:00:00.000000000Z,1768128
usdt_trx,2023-08-26T00:00:00.000000000Z,1450617
usdt_trx,2023-08-27T00:00:00.000000000Z,1414123
usdt_trx,2023-08-28T00:00:00.000000000Z,1821564
usdt_trx,2023-08-29T00:00:00.000000000Z,1957689
usdt_trx,2023-08-30T00:00:00.000000000Z,1895261
usdt_trx,2023-08-31T00:00:00.000000000Z,1948159
usdt_trx,2023-09-01T00:00:00.000000000Z,1945728
usdt_trx,2023-09-02T00:00:00.000000000Z,1663591
usdt_trx,2023-09-03T00:00:00.000000000Z,1575080
usdt_trx,2023-09-04T00:00:00.000000000Z,1873319
usdt_trx,2023-09-05T00:00:00.000000000Z,1981912
usdt_trx,2023-09-06T00:00:00.000000000Z,1921799
usdt_trx,2023-09-07T00:00:00.000000000Z,1931521
usdt_trx,2023-09-08T00:00:00.000000000Z,1908273
usdt_trx,2023-09-09T00:00:00.000000000Z,1685694
usdt_trx,2023-09-10T00:00:00.000000000Z,1554330
usdt_trx,2023-09-11T00:00:00.000000000Z,1977080
usdt_trx,2023-09-12T00:00:00.000000000Z,1885653
usdt_trx,2023-09-13T00:00:00.000000000Z,1925110
usdt_trx,2023-09-14T00:00:00.000000000Z,2003695
usdt_trx,2023-09-15T00:00:00.000000000Z,1965781
usdt_trx,2023-09-16T00:00:00.000000000Z,1639004
usdt_trx,2023-09-17T00:00:00.000000000Z,1601861
usdt_trx,2023-09-18T00:00:00.000000000Z,1989646
usdt_trx,2023-09-19T00:00:00.000000000Z,1973610
usdt_trx,2023-09-20T00:00:00.000000000Z,1959851
usdt_trx,2023-09-21T00:00:00.000000000Z,2027534
usdt_trx,2023-09-22T00:00:00.000000000Z,1870382
usdt_trx,2023-09-23T00:00:00.000000000Z,1637362
usdt_trx,2023-09-24T00:00:00.000000000Z,1636468
usdt_trx,2023-09-25T00:00:00.000000000Z,2052801
usdt_trx,2023-09-26T00:00:00.000000000Z,2080550
usdt_trx,2023-09-27T00:00:00.000000000Z,1978605
usdt_trx,2023-09-28T00:00:00.000000000Z,2143467
usdt_trx,2023-09-29T00:00:00.000000000Z,1860023
usdt_trx,2023-09-30T00:00:00.000000000Z,1827350
usdt_trx,2023-10-01T00:00:00.000000000Z,1736603
usdt_trx,2023-10-02T00:00:00.000000000Z,1950361
usdt_trx,2023-10-03T00:00:00.000000000Z,1869805
usdt_trx,2023-10-04T00:00:00.000000000Z,1862281
usdt_trx,2023-10-05T00:00:00.000000000Z,1872182
usdt_trx,2023-10-06T00:00:00.000000000Z,1910613
usdt_trx,2023-10-07T00:00:00.000000000Z,1723330
usdt_trx,2023-10-08T00:00:00.000000000Z,1620537
usdt_trx,2023-10-09T00:00:00.000000000Z,1970117
usdt_trx,2023-10-10T00:00:00.000000000Z,1925163
usdt_trx,2023-10-11T00:00:00.000000000Z,1909483
usdt_trx,2023-10-12T00:00:00.000000000Z,1907386
usdt_trx,2023-10-13T00:00:00.000000000Z,1941185
usdt_trx,2023-10-14T00:00:00.000000000Z,1654529
usdt_trx,2023-10-15T00:00:00.000000000Z,1673164
usdt_trx,2023-10-16T00:00:00.000000000Z,2050316
usdt_trx,2023-10-17T00:00:00.000000000Z,1985100
usdt_trx,2023-10-18T00:00:00.000000000Z,1896305
usdt_trx,2023-10-19T00:00:00.000000000Z,1871205
usdt_trx,2023-10-20T00:00:00.000000000Z,1946660
usdt_trx,2023-10-21T00:00:00.000000000Z,1715201
usdt_trx,2023-10-22T00:00:00.000000000Z,1636422
usdt_trx,2023-10-23T00:00:00.000000000Z,1985888
usdt_trx,2023-10-24T00:00:00.000000000Z,2040251
usdt_trx,2023-10-25T00:00:00.000000000Z,2013147
usdt_trx,2023-10-26T00:00:00.000000000Z,1957164
usdt_trx,2023-10-27T00:00:00.000000000Z,1946091
usdt_trx,2023-10-28T00:00:00.000000000Z,1746049
usdt_trx,2023-10-29T00:00:00.000000000Z,1709827
usdt_trx,2023-10-30T00:00:00.000000000Z,2093149
usdt_trx,2023-10-31T00:00:00.000000000Z,2181339
usdt_trx,2023-11-01T00:00:00.000000000Z,2212768
usdt_trx,2023-11-02T00:00:00.000000000Z,2073027
usdt_trx,2023-11-03T00:00:00.000000000Z,2123798
usdt_trx,2023-11-04T00:00:00.000000000Z,1774524
usdt_trx,2023-11-05T00:00:00.000000000Z,1659259
usdt_trx,2023-11-06T00:00:00.000000000Z,1802830
usdt_trx,2023-11-07T00:00:00.000000000Z,1840661
usdt_trx,2023-11-08T00:00:00.000000000Z,1791486
usdt_trx,2023-11-09T00:00:00.000000000Z,1877411
usdt_trx,2023-11-10T00:00:00.000000000Z,1856587
usdt_trx,2023-11-11T00:00:00.000000000Z,1633850
usdt_trx,2023-11-12T00:00:00.000000000Z,1486159
usdt_trx,2023-11-13T00:00:00.000000000Z,1825439
usdt_trx,2023-11-14T00:00:00.000000000Z,1796252
usdt_trx,2023-11-15T00:00:00.000000000Z,1904436
usdt_trx,2023-11-16T00:00:00.000000000Z,1847648
usdt_trx,2023-11-17T00:00:00.000000000Z,1794289
usdt_trx,2023-11-18T00:00:00.000000000Z,1529408
usdt_trx,2023-11-19T00:00:00.000000000Z,1525036
usdt_trx,2023-11-20T00:00:00.000000000Z,2001547
usdt_trx,2023-11-21T00:00:00.000000000Z,2016972
usdt_trx,2023-11-22T00:00:00.000000000Z,1884527
usdt_trx,2023-11-23T00:00:00.000000000Z,1707181
usdt_trx,2023-11-24T00:00:00.000000000Z,1678454
usdt_trx,2023-11-25T00:00:00.000000000Z,1488279
usdt_trx,2023-11-26T00:00:00.000000000Z,1413371
usdt_trx,2023-11-27T00:00:00.000000000Z,1770349
usdt_trx,2023-11-28T00:00:00.000000000Z,1755055
usdt_trx,2023-11-29T00:00:00.000000000Z,1748832
usdt_trx,2023-11-30T00:00:00.000000000Z,1788099
usdt_trx,2023-12-01T00:00:00.000000000Z,1836856
usdt_trx,2023-12-02T00:00:00.000000000Z,1534137
usdt_trx,2023-12-03T00:00:00.000000000Z,1478853
usdt_trx,2023-12-04T00:00:00.000000000Z,1925328
usdt_trx,2023-12-05T00:00:00.000000000Z,1903343
usdt_trx,2023-12-06T00:00:00.000000000Z,1855377
usdt_trx,2023-12-07T00:00:00.000000000Z,1842881
usdt_trx,2023-12-08T00:00:00.000000000Z,1826149
usdt_trx,2023-12-09T00:00:00.000000000Z,1578488
usdt_trx,2023-12-10T00:00:00.000000000Z,1478660
usdt_trx,2023-12-11T00:00:00.000000000Z,1851222
usdt_trx,2023-12-12T00:00:00.000000000Z,1801544
usdt_trx,2023-12-13T00:00:00.000000000Z,1769150
usdt_trx,2023-12-14T00:00:00.000000000Z,1808676
usdt_trx,2023-12-15T00:00:00.000000000Z,1870357
usdt_trx,2023-12-16T00:00:00.000000000Z,1543074
usdt_trx,2023-12-17T00:00:00.000000000Z,1458535
usdt_trx,2023-12-18T00:00:00.000000000Z,1886896
usdt_trx,2023-12-19T00:00:00.000000000Z,1802771
usdt_trx,2023-12-20T00:00:00.000000000Z,1829722
usdt_trx,2023-12-21T00:00:00.000000000Z,1720659
usdt_trx,2023-12-22T00:00:00.000000000Z,1719436
usdt_trx,2023-12-23T00:00:00.000000000Z,1521375
usdt_trx,2023-12-24T00:00:00.000000000Z,1449266
usdt_trx,2023-12-25T00:00:00.000000000Z,1631337
usdt_trx,2023-12-26T00:00:00.000000000Z,1702758
usdt_trx,2023-12-27T00:00:00.000000000Z,1730321
usdt_trx,2023-12-28T00:00:00.000000000Z,1759667
usdt_trx,2023-12-29T00:00:00.000000000Z,1760998
usdt_trx,2023-12-30T00:00:00.000000000Z,1460328
usdt_trx,2023-12-31T00:00:00.000000000Z,1326552
usdt_trx,2024-01-01T00:00:00.000000000Z,1344395
usdt_trx,2024-01-02T00:00:00.000000000Z,1624753
usdt_trx,2024-01-03T00:00:00.000000000Z,1753317
usdt_trx,2024-01-04T00:00:00.000000000Z,1651603
usdt_trx,2024-01-05T00:00:00.000000000Z,1642478
usdt_trx,2024-01-06T00:00:00.000000000Z,1454035
usdt_trx,2024-01-07T00:00:00.000000000Z,1371310
usdt_trx,2024-01-08T00:00:00.000000000Z,1748361
usdt_trx,2024-01-09T00:00:00.000000000Z,1746702
usdt_trx,2024-01-10T00:00:00.000000000Z,1806835
usdt_trx,2024-01-11T00:00:00.000000000Z,1840255
usdt_trx,2024-01-12T00:00:00.000000000Z,1767393
usdt_trx,2024-01-13T00:00:00.000000000Z,1487605
usdt_trx,2024-01-14T00:00:00.000000000Z,1411814
usdt_trx,2024-01-15T00:00:00.000000000Z,1830820
usdt_trx,2024-01-16T00:00:00.000000000Z,1741252
usdt_trx,2024-01-17T00:00:00.000000000Z,1716107
usdt_trx,2024-01-18T00:00:00.000000000Z,1715794
usdt_trx,2024-01-19T00:00:00.000000000Z,1733075
usdt_trx,2024-01-20T00:00:00.000000000Z,1487419
usdt_trx,2024-01-21T00:00:00.000000000Z,1408802
usdt_trx,2024-01-22T00:00:00.000000000Z,1742311
usdt_trx,2024-01-23T00:00:00.000000000Z,1715639
usdt_trx,2024-01-24T00:00:00.000000000Z,1668109
usdt_trx,2024-01-25T00:00:00.000000000Z,1658779
usdt_trx,2024-01-26T00:00:00.000000000Z,1643545
usdt_trx,2024-01-27T00:00:00.000000000Z,1459811
usdt_trx,2024-01-28T00:00:00.000000000Z,1365643
usdt_trx,2024-01-29T00:00:00.000000000Z,1700747
usdt_trx,2024-01-30T00:00:00.000000000Z,1716021
usdt_trx,2024-01-31T00:00:00.000000000Z,1808252
usdt_trx,2024-02-01T00:00:00.000000000Z,1748247
usdt_trx,2024-02-02T00:00:00.000000000Z,1690587
usdt_trx,2024-02-03T00:00:00.000000000Z,1466122
usdt_trx,2024-02-04T00:00:00.000000000Z,1384579
usdt_trx,2024-02-05T00:00:00.000000000Z,1741766
usdt_trx,2024-02-06T00:00:00.000000000Z,1665047
usdt_trx,2024-02-07T00:00:00.000000000Z,1620791
usdt_trx,2024-02-08T00:00:00.000000000Z,1573317
usdt_trx,2024-02-09T00:00:00.000000000Z,1470427
usdt_trx,2024-02-10T00:00:00.000000000Z,1209179
usdt_trx,2024-02-11T00:00:00.000000000Z,1158182
usdt_trx,2024-02-12T00:00:00.000000000Z,1474841
usdt_trx,2024-02-13T00:00:00.000000000Z,1526315
usdt_trx,2024-02-14T00:00:00.000000000Z,1580625
usdt_trx,2024-02-15T00:00:00.000000000Z,1672184
usdt_trx,2024-02-16T00:00:00.000000000Z,1658155
usdt_trx,2024-02-17T00:00:00.000000000Z,1486401
usdt_trx,2024-02-18T00:00:00.000000000Z,1473114
usdt_trx,2024-02-19T00:00:00.000000000Z,1828088
usdt_trx,2024-02-20T00:00:00.000000000Z,1879006
usdt_trx,2024-02-21T00:00:00.000000000Z,1738056
usdt_trx,2024-02-22T00:00:00.000000000Z,1742677
usdt_trx,2024-02-23T00:00:00.000000000Z,1669775
usdt_trx,2024-02-24T00:00:00.000000000Z,1460276
usdt_trx,2024-02-25T00:00:00.000000000Z,1460052
usdt_trx,2024-02-26T00:00:00.000000000Z,1830909
usdt_trx,2024-02-27T00:00:00.000000000Z,1882838
usdt_trx,2024-02-28T00:00:00.000000000Z,2035055
usdt_trx,2024-02-29T00:00:00.000000000Z,2054327
usdt_trx,2024-03-01T00:00:00.000000000Z,2045387
usdt_trx,2024-03-02T00:00:00.000000000Z,1823211
usdt_trx,2024-03-03T00:00:00.000000000Z,1686083
usdt_trx,2024-03-04T00:00:00.000000000Z,2078014
usdt_trx,2024-03-05T00:00:00.000000000Z,2255083
usdt_trx,2024-03-06T00:00:00.000000000Z,2070402
usdt_trx,2024-03-07T00:00:00.000000000Z,2033092
usdt_trx,2024-03-08T00:00:00.000000000Z,1973764
usdt_trx,2024-03-09T00:00:00.000000000Z,1779157
usdt_trx,2024-03-10T00:00:00.000000000Z,1707756
usdt_trx,2024-03-11T00:00:00.000000000Z,2085215
usdt_trx,2024-03-12T00:00:00.000000000Z,2030678
usdt_trx,2024-03-13T00:00:00.000000000Z,2028858
usdt_trx,2024-03-14T00:00:00.000000000Z,2029483
usdt_trx,2024-03-15T00:00:00.000000000Z,2098811
usdt_trx,2024-03-16T00:00:00.000000000Z,1824211
usdt_trx,2024-03-17T00:00:00.000000000Z,1721952
usdt_trx,2024-03-18T00:00:00.000000000Z,2029001
usdt_trx,2024-03-19T00:00:00.000000000Z,2098439
usdt_trx,2024-03-20T00:00:00.000000000Z,2036327
usdt_trx,2024-03-21T00:00:00.000000000Z,1985496
usdt_trx,2024-03-22T00:00:00.000000000Z,1992967
usdt_trx,2024-03-23T00:00:00.000000000Z,1723022
usdt_trx,2024-03-24T00:00:00.000000000Z,1651468
usdt_trx,2024-03-25T00:00:00.000000000Z,2089708
usdt_trx,2024-03-26T00:00:00.000000000Z,2060438
usdt_trx,2024-03-27T00:00:00.000000000Z,1997332
usdt_trx,2024-03-28T00:00:00.000000000Z,1934256
usdt_trx,2024-03-29T00:00:00.000000000Z,1827144
usdt_trx,2024-03-30T00:00:00.000000000Z,1641286
usdt_trx,2024-03-31T00:00:00.000000000Z,1615163
usdt_trx,2024-04-01T00:00:00.000000000Z,2016187
usdt_trx,2024-04-02T00:00:00.000000000Z,2080493
usdt_trx,2024-04-03T00:00:00.000000000Z,1999617
usdt_trx,2024-04-04T00:00:00.000000000Z,1910021
usdt_trx,2024-04-05T00:00:00.000000000Z,1939932
usdt_trx,2024-04-06T00:00:00.000000000Z,1662458
usdt_trx,2024-04-07T00:00:00.000000000Z,1636001
usdt_trx,2024-04-08T00:00:00.000000000Z,2025734
usdt_trx,2024-04-09T00:00:00.000000000Z,2024970
usdt_trx,2024-04-10T00:00:00.000000000Z,1956228
usdt_trx,2024-04-11T00:00:00.000000000Z,1930476
usdt_trx,2024-04-12T00:00:00.000000000Z,2074451
usdt_trx,2024-04-13T00:00:00.000000000Z,1855754
usdt_trx,2024-04-14T00:00:00.000000000Z,1666251
usdt_trx,2024-04-15T00:00:00.000000000Z,2074855
usdt_trx,2024-04-16T00:00:00.000000000Z,2029062
usdt_trx,2024-04-17T00:00:00.000000000Z,1991186
usdt_trx,2024-04-18T00:00:00.000000000Z,1938492
usdt_trx,2024-04-19T00:00:00.000000000Z,1959845
usdt_trx,2024-04-20T00:00:00.000000000Z,1687580
usdt_trx,2024-04-21T00:00:00.000000000Z,1564260
usdt_trx,2024-04-22T00:00:00.000000000Z,1938007
usdt_trx,2024-04-23T00:00:00.000000000Z,1972593
usdt_trx,2024-04-24T00:00:00.000000000Z,1996156
usdt_trx,2024-04-25T00:00:00.000000000Z,1928943
usdt_trx,2024-04-26T00:00:00.000000000Z,1865064
usdt_trx,2024-04-27T00:00:00.000000000Z,1656891
usdt_trx,2024-04-28T00:00:00.000000000Z,1584721
usdt_trx,2024-04-29T00:00:00.000000000Z,1933745
usdt_trx,2024-04-30T00:00:00.000000000Z,2025073
usdt_trx,2024-05-01T00:00:00.000000000Z,1905600
usdt_trx,2024-05-02T00:00:00.000000000Z,1905240
usdt_trx,2024-05-03T00:00:00.000000000Z,1905299
usdt_trx,2024-05-04T00:00:00.000000000Z,1656764
usdt_trx,2024-05-05T00:00:00.000000000Z,1585290
usdt_trx,2024-05-06T00:00:00.000000000Z,1997133
usdt_trx,2024-05-07T00:00:00.000000000Z,2005095
usdt_trx,2024-05-08T00:00:00.000000000Z,1982731
usdt_trx,2024-05-09T00:00:00.000000000Z,1900524
usdt_trx,2024-05-10T00:00:00.000000000Z,2231868
usdt_trx,2024-05-11T00:00:00.000000000Z,1754577
usdt_trx,2024-05-12T00:00:00.000000000Z,1616618
usdt_trx,2024-05-13T00:00:00.000000000Z,2004653
usdt_trx,2024-05-14T00:00:00.000000000Z,2044176
usdt_trx,2024-05-15T00:00:00.000000000Z,2218980
usdt_trx,2024-05-16T00:00:00.000000000Z,2236238
usdt_trx,2024-05-17T00:00:00.000000000Z,2224682
usdt_trx,2024-05-18T00:00:00.000000000Z,1887715
usdt_trx,2024-05-19T00:00:00.000000000Z,1773423
usdt_trx,2024-05-20T00:00:00.000000000Z,2211313
usdt_trx,2024-05-21T00:00:00.000000000Z,2297722
usdt_trx,2024-05-22T00:00:00.000000000Z,2143111
usdt_trx,2024-05-23T00:00:00.000000000Z,2124854
usdt_trx,2024-05-24T00:00:00.000000000Z,2094138
usdt_trx,2024-05-25T00:00:00.000000000Z,1810724
usdt_trx,2024-05-26T00:00:00.000000000Z,1715379
usdt_trx,2024-05-27T00:00:00.000000000Z,2109209
usdt_trx,2024-05-28T00:00:00.000000000Z,2089063
usdt_trx,2024-05-29T00:00:00.000000000Z,2163893
usdt_trx,2024-05-30T00:00:00.000000000Z,2153546
usdt_trx,2024-05-31T00:00:00.000000000Z,2258800
usdt_trx,2024-06-01T00:00:00.000000000Z,2037867
usdt_trx,2024-06-02T00:00:00.000000000Z,1884545
usdt_trx,2024-06-03T00:00:00.000000000Z,2329289
usdt_trx,2024-06-04T00:00:00.000000000Z,2143909
usdt_trx,2024-06-05T00:00:00.000000000Z,2208528
usdt_trx,2024-06-06T00:00:00.000000000Z,2201307
usdt_trx,2024-06-07T00:00:00.000000000Z,2378822
usdt_trx,2024-06-08T00:00:00.000000000Z,2043289
usdt_trx,2024-06-09T00:00:00.000000000Z,1867521
usdt_trx,2024-06-10T00:00:00.000000000Z,2151236
usdt_trx,2024-06-11T00:00:00.000000000Z,2383257
usdt_trx,2024-06-12T00:00:00.000000000Z,2267289
usdt_trx,2024-06-13T00:00:00.000000000Z,2167958
usdt_trx,2024-06-14T00:00:00.000000000Z,2252184
usdt_trx,2024-06-15T00:00:00.000000000Z,2014821
usdt_trx,2024-06-16T00:00:00.000000000Z,1862980
usdt_trx,2024-06-17T00:00:00.000000000Z,2287708
usdt_trx,2024-06-18T00:00:00.000000000Z,2290869
usdt_trx,2024-06-19T00:00:00.000000000Z,2100400
usdt_trx,2024-06-20T00:00:00.000000000Z,2202635
usdt_trx,2024-06-21T00:00:00.000000000Z,2129592
usdt_trx,2024-06-22T00:00:00.000000000Z,1785838
usdt_trx,2024-06-23T00:00:00.000000000Z,1689706
usdt_trx,2024-06-24T00:00:00.000000000Z,2220701
usdt_trx,2024-06-25T00:00:00.000000000Z,2219384
usdt_trx,2024-06-26T00:00:00.000000000Z,2173658
usdt_trx,2024-06-27T00:00:00.000000000Z,2116669
usdt_trx,2024-06-28T00:00:00.000000000Z,2124543
usdt_trx,2024-06-29T00:00:00.000000000Z,1829203
usdt_trx,2024-06-30T00:00:00.000000000Z,1833369
usdt_trx,2024-07-01T00:00:00.000000000Z,2342966
usdt_trx,2024-07-02T00:00:00.000000000Z,2181496
usdt_trx,2024-07-03T00:00:00.000000000Z,2201549
usdt_trx,2024-07-04T00:00:00.000000000Z,2190559
usdt_trx,2024-07-05T00:00:00.000000000Z,2339392
usdt_trx,2024-07-06T00:00:00.000000000Z,1835547
usdt_trx,2024-07-07T00:00:00.000000000Z,1719818
usdt_trx,2024-07-08T00:00:00.000000000Z,2212327
usdt_trx,2024-07-09T00:00:00.000000000Z,2105154
usdt_trx,2024-07-10T00:00:00.000000000Z,2210975
usdt_trx,2024-07-11T00:00:00.000000000Z,2161162
usdt_trx,2024-07-12T00:00:00.000000000Z,2128274
usdt_trx,2024-07-13T00:00:00.000000000Z,1898409
usdt_trx,2024-07-14T00:00:00.000000000Z,1877231
usdt_trx,2024-07-15T00:00:00.000000000Z,2279715
usdt_trx,2024-07-16T00:00:00.000000000Z,2206200
usdt_trx,2024-07-17T00:00:00.000000000Z,2204527
usdt_trx,2024-07-18T00:00:00.000000000Z,2133559
usdt_trx,2024-07-19T00:00:00.000000000Z,2163310
usdt_trx,2024-07-20T00:00:00.000000000Z,1855711
usdt_trx,2024-07-21T00:00:00.000000000Z,1785287
usdt_trx,2024-07-22T00:00:00.000000000Z,2202770
usdt_trx,2024-07-23T00:00:00.000000000Z,2076403
usdt_trx,2024-07-24T00:00:00.000000000Z,2005742
usdt_trx,2024-07-25T00:00:00.000000000Z,2107491
usdt_trx,2024-07-26T00:00:00.000000000Z,2019082
usdt_trx,2024-07-27T00:00:00.000000000Z,1719433
usdt_trx,2024-07-28T00:00:00.000000000Z,1635983
usdt_trx,2024-07-29T00:00:00.000000000Z,2177845
usdt_trx,2024-07-30T00:00:00.000000000Z,2097134
usdt_trx,2024-07-31T00:00:00.000000000Z,2210664
usdt_trx,2024-08-01T00:00:00.000000000Z,2237546
usdt_trx,2024-08-02T00:00:00.000000000Z,2173192
usdt_trx,2024-08-03T00:00:00.000000000Z,1856028
usdt_trx,2024-08-04T00:00:00.000000000Z,1775990
usdt_trx,2024-08-05T00:00:00.000000000Z,2501726
usdt_trx,2024-08-06T00:00:00.000000000Z,2174098
usdt_trx,2024-08-07T00:00:00.000000000Z,2053298
usdt_trx,2024-08-08T00:00:00.000000000Z,2095085
usdt_trx,2024-08-09T00:00:00.000000000Z,2066713
usdt_trx,2024-08-10T00:00:00.000000000Z,1773952
usdt_trx,2024-08-11T00:00:00.000000000Z,1714790
usdt_trx,2024-08-12T00:00:00.000000000Z,2194224
usdt_trx,2024-08-13T00:00:00.000000000Z,2247895
usdt_trx,2024-08-14T00:00:00.000000000Z,2112588
usdt_trx,2024-08-15T00:00:00.000000000Z,2182676
usdt_trx,2024-08-16T00:00:00.000000000Z,2046547
usdt_trx,2024-08-17T00:00:00.000000000Z,1775026
usdt_trx,2024-08-18T00:00:00.000000000Z,1723434
usdt_trx,2024-08-19T00:00:00.000000000Z,2061752
usdt_trx,2024-08-20T00:00:00.000000000Z,2082465
usdt_trx,2024-08-21T00:00:00.000000000Z,1986629
usdt_trx,2024-08-22T00:00:00.000000000Z,1919066
usdt_trx,2024-08-23T00:00:00.000000000Z,1918026
usdt_trx,2024-08-24T00:00:00.000000000Z,1672790
usdt_trx,2024-08-25T00:00:00.000000000Z,1618325
usdt_trx,2024-08-26T00:00:00.000000000Z,2163742
usdt_trx,2024-08-27T00:00:00.000000000Z,2178339
usdt_trx,2024-08-28T00:00:00.000000000Z,2082853
usdt_trx,2024-08-29T00:00:00.000000000Z,1977026
usdt_trx,2024-08-30T00:00:00.000000000Z,1994256
usdt_trx,2024-08-31T00:00:00.000000000Z,1744609
usdt_trx,2024-09-01T00:00:00.000000000Z,1701746
usdt_trx,2024-09-02T00:00:00.000000000Z,2104824
usdt_trx,2024-09-03T00:00:00.000000000Z,2130777
usdt_trx,2024-09-04T00:00:00.000000000Z,2107925
usdt_trx,2024-09-05T00:00:00.000000000Z,2153492
usdt_trx,2024-09-06T00:00:00.000000000Z,2195542
usdt_trx,2024-09-07T00:00:00.000000000Z,1812440
usdt_trx,2024-09-08T00:00:00.000000000Z,1716602
usdt_trx,2024-09-09T00:00:00.000000000Z,2170288
usdt_trx,2024-09-10T00:00:00.000000000Z,2178045
usdt_trx,2024-09-11T00:00:00.000000000Z,2111629
usdt_trx,2024-09-12T00:00:00.000000000Z,2137420
usdt_trx,2024-09-13T00:00:00.000000000Z,2183075
usdt_trx,2024-09-14T00:00:00.000000000Z,1905774
usdt_trx,2024-09-15T00:00:00.000000000Z,1895070
usdt_trx,2024-09-16T00:00:00.000000000Z,2248804
usdt_trx,2024-09-17T00:00:00.000000000Z,2233372
usdt_trx,2024-09-18T00:00:00.000000000Z,2377021
usdt_trx,2024-09-19T00:00:00.000000000Z,2500921
usdt_trx,2024-09-20T00:00:00.000000000Z,2372357
usdt_trx,2024-09-21T00:00:00.000000000Z,1957347
usdt_trx,2024-09-22T00:00:00.000000000Z,1831973
usdt_trx,2024-09-23T00:00:00.000000000Z,2423609
usdt_trx,2024-09-24T00:00:00.000000000Z,2425461
usdt_trx,2024-09-25T00:00:00.000000000Z,2303106
usdt_trx,2024-09-26T00:00:00.000000000Z,2380108
usdt_trx,2024-09-27T00:00:00.000000000Z,2292270
usdt_trx,2024-09-28T00:00:00.000000000Z,1913886
usdt_trx,2024-09-29T00:00:00.000000000Z,1890422
usdt_trx,2024-09-30T00:00:00.000000000Z,2435395
usdt_trx,2024-10-01T00:00:00.000000000Z,2372760
usdt_trx,2024-10-02T00:00:00.000000000Z,2232085
usdt_trx,2024-10-03T00:00:00.000000000Z,2191822
usdt_trx,2024-10-04T00:00:00.000000000Z,2209540
usdt_trx,2024-10-05T00:00:00.000000000Z,1926012
usdt_trx,2024-10-06T00:00:00.000000000Z,1835617
usdt_trx,2024-10-07T00:00:00.000000000Z,2338824
usdt_trx,2024-10-08T00:00:00.000000000Z,2343920
usdt_trx,2024-10-09T00:00:00.000000000Z,2281316
usdt_trx,2024-10-10T00:00:00.000000000Z,2330230
usdt_trx,2024-10-11T00:00:00.000000000Z,2221790
usdt_trx,2024-10-12T00:00:00.000000000Z,1868171
usdt_trx,2024-10-13T00:00:00.000000000Z,1774663
usdt_trx,2024-10-14T00:00:00.000000000Z,2365696
usdt_trx,2024-10-15T00:00:00.000000000Z,2481428
usdt_trx,2024-10-16T00:00:00.000000000Z,2396051
usdt_trx,2024-10-17T00:00:00.000000000Z,2268229
usdt_trx,2024-10-18T00:00:00.000000000Z,2273660
usdt_trx,2024-10-19T00:00:00.000000000Z,1925864
usdt_trx,2024-10-20T00:00:00.000000000Z,1835273
usdt_trx,2024-10-21T00:00:00.000000000Z,2279142
usdt_trx,2024-10-22T00:00:00.000000000Z,2177450
usdt_trx,2024-10-23T00:00:00.000000000Z,2253848
usdt_trx,2024-10-24T00:00:00.000000000Z,3233866
usdt_trx,2024-10-25T00:00:00.000000000Z,2989539
usdt_trx,2024-10-26T00:00:00.000000000Z,2786524
usdt_trx,2024-10-27T00:00:00.000000000Z,1862448
usdt_trx,2024-10-28T00:00:00.000000000Z,2322686
usdt_trx,2024-10-29T00:00:00.000000000Z,2365985
usdt_trx,2024-10-30T00:00:00.000000000Z,2304984
usdt_trx,2024-10-31T00:00:00.000000000Z,2370640
usdt_trx,2024-11-01T00:00:00.000000000Z,2390074
usdt_trx,2024-11-02T00:00:00.000000000Z,1987317
usdt_trx,2024-11-03T00:00:00.000000000Z,1867111
usdt_trx,2024-11-04T00:00:00.000000000Z,2349477
usdt_trx,2024-11-05T00:00:00.000000000Z,2404362
usdt_trx,2024-11-06T00:00:00.000000000Z,2486872
usdt_trx,2024-11-07T00:00:00.000000000Z,2434849
usdt_trx,2024-11-08T00:00:00.000000000Z,2375615
usdt_trx,2024-11-09T00:00:00.000000000Z,2001765
usdt_trx,2024-11-10T00:00:00.000000000Z,2034086
usdt_trx,2024-11-11T00:00:00.000000000Z,2596662
usdt_trx,2024-11-12T00:00:00.000000000Z,2608972
usdt_trx,2024-11-13T00:00:00.000000000Z,2477304
usdt_trx,2024-11-14T00:00:00.000000000Z,2457077
usdt_trx,2024-11-15T00:00:00.000000000Z,2525570
usdt_trx,2024-11-16T00:00:00.000000000Z,2087190
usdt_trx,2024-11-17T00:00:00.000000000Z,1882658
usdt_trx,2024-11-18T00:00:00.000000000Z,2458026
usdt_trx,2024-11-19T00:00:00.000000000Z,2451456
usdt_trx,2024-11-20T00:00:00.000000000Z,2382298
usdt_trx,2024-11-21T00:00:00.000000000Z,2381288
usdt_trx,2024-11-22T00:00:00.000000000Z,2389942
usdt_trx,2024-11-23T00:00:00.000000000Z,2068003
usdt_trx,2024-11-24T00:00:00.000000000Z,1893808
usdt_trx,2024-11-25T00:00:00.000000000Z,2490674
usdt_trx,2024-11-26T00:00:00.000000000Z,2487349
usdt_trx,2024-11-27T00:00:00.000000000Z,2340004
usdt_trx,2024-11-28T00:00:00.000000000Z,2294826
usdt_trx,2024-11-29T00:00:00.000000000Z,2466305
usdt_trx,2024-11-30T00:00:00.000000000Z,2173196
usdt_trx,2024-12-01T00:00:00.000000000Z,2053805
usdt_trx,2024-12-02T00:00:00.000000000Z,2655106
usdt_trx,2024-12-03T00:00:00.000000000Z,2645457
usdt_trx,2024-12-04T00:00:00.000000000Z,2415281
usdt_trx,2024-12-05T00:00:00.000000000Z,2439939
usdt_trx,2024-12-06T00:00:00.000000000Z,2329492
usdt_trx,2024-12-07T00:00:00.000000000Z,1902174
usdt_trx,2024-12-08T00:00:00.000000000Z,1790100
usdt_trx,2024-12-09T00:00:00.000000000Z,2380499
usdt_trx,2024-12-10T00:00:00.000000000Z,2439135
usdt_trx,2024-12-11T00:00:00.000000000Z,2247950
usdt_trx,2024-12-12T00:00:00.000000000Z,2205077
usdt_trx,2024-12-13T00:00:00.000000000Z,2148182
usdt_trx,2024-12-14T00:00:00.000000000Z,1830776
usdt_trx,2024-12-15T00:00:00.000000000Z,1803161
usdt_trx,2024-12-16T00:00:00.000000000Z,2346063
usdt_trx,2024-12-17T00:00:00.000000000Z,2261357
usdt_trx,2024-12-18T00:00:00.000000000Z,2245646
usdt_trx,2024-12-19T00:00:00.000000000Z,2292966
usdt_trx,2024-12-20T00:00:00.000000000Z,2337567
usdt_trx,2024-12-21T00:00:00.000000000Z,1891170
usdt_trx,2024-12-22T00:00:00.000000000Z,1748105
usdt_trx,2024-12-23T00:00:00.000000000Z,2145115
usdt_trx,2024-12-24T00:00:00.000000000Z,2044848
usdt_trx,2024-12-25T00:00:00.000000000Z,1862521
usdt_trx,2024-12-26T00:00:00.000000000Z,1964554
usdt_trx,2024-12-27T00:00:00.000000000Z,2012853
usdt_trx,2024-12-28T00:00:00.000000000Z,1725495
usdt_trx,2024-12-29T00:00:00.000000000Z,1637369
usdt_trx,2024-12-30T00:00:00.000000000Z,2061781
usdt_trx,2024-12-31T00:00:00.000000000Z,1888033
usdt_trx,2025-01-01T00:00:00.000000000Z,1587935
usdt_trx,2025-01-02T00:00:00.000000000Z,1948670
usdt_trx,2025-01-03T00:00:00.000000000Z,1991205
usdt_trx,2025-01-04T00:00:00.000000000Z,1741115
usdt_trx,2025-01-05T00:00:00.000000000Z,1682064
usdt_trx,2025-01-06T00:00:00.000000000Z,2148900
usdt_trx,2025-01-07T00:00:00.000000000Z,2104112
usdt_trx,2025-01-08T00:00:00.000000000Z,2105681
usdt_trx,2025-01-09T00:00:00.000000000Z,2070048
usdt_trx,2025-01-10T00:00:00.000000000Z,2121050
usdt_trx,2025-01-11T00:00:00.000000000Z,1741043
usdt_trx,2025-01-12T00:00:00.000000000Z,1650351
usdt_trx,2025-01-13T00:00:00.000000000Z,2176442
usdt_trx,2025-01-14T00:00:00.000000000Z,2069786
usdt_trx,2025-01-15T00:00:00.000000000Z,2234953
usdt_trx,2025-01-16T00:00:00.000000000Z,2189780
usdt_trx,2025-01-17T00:00:00.000000000Z,2120252
usdt_trx,2025-01-18T00:00:00.000000000Z,1975089
usdt_trx,2025-01-19T00:00:00.000000000Z,2085900
usdt_trx,2025-01-20T00:00:00.000000000Z,2518482
usdt_trx,2025-01-21T00:00:00.000000000Z,2226952
usdt_trx,2025-01-22T00:00:00.000000000Z,2142424
usdt_trx,2025-01-23T00:00:00.000000000Z,2096154
usdt_trx,2025-01-24T00:00:00.000000000Z,2062392
usdt_trx,2025-01-25T00:00:00.000000000Z,1746879
usdt_trx,2025-01-26T00:00:00.000000000Z,1600423
usdt_trx,2025-01-27T00:00:00.000000000Z,2088484
usdt_trx,2025-01-28T00:00:00.000000000Z,1692461
usdt_trx,2025-01-29T00:00:00.000000000Z,1566922
usdt_trx,2025-01-30T00:00:00.000000000Z,1626629
usdt_trx,2025-01-31T00:00:00.000000000Z,1748826
usdt_trx,2025-02-01T00:00:00.000000000Z,1598597
usdt_trx,2025-02-02T00:00:00.000000000Z,1668092
usdt_trx,2025-02-03T00:00:00.000000000Z,2220941
usdt_trx,2025-02-04T00:00:00.000000000Z,1971575
usdt_trx,2025-02-05T00:00:00.000000000Z,2008583
usdt_trx,2025-02-06T00:00:00.000000000Z,1989145
usdt_trx,2025-02-07T00:00:00.000000000Z,2007363
usdt_trx,2025-02-08T00:00:00.000000000Z,1707596
usdt_trx,2025-02-09T00:00:00.000000000Z,1626306
usdt_trx,2025-02-10T00:00:00.000000000Z,2124494
usdt_trx,2025-02-11T00:00:00.000000000Z,2089944
usdt_trx,2025-02-12T00:00:00.000000000Z,2026930
usdt_trx,2025-02-13T00:00:00.000000000Z,2011037
usdt_trx,2025-02-14T00:00:00.000000000Z,2050189
usdt_trx,2025-02-15T00:00:00.000000000Z,1812345
usdt_trx,2025-02-16T00:00:00.000000000Z,1696313
usdt_trx,2025-02-17T00:00:00.000000000Z,2119094
usdt_trx,2025-02-18T00:00:00.000000000Z,2106583
usdt_trx,2025-02-19T00:00:00.000000000Z,2045600
usdt_trx,2025-02-20T00:00:00.000000000Z,2200602
usdt_trx,2025-02-21T00:00:00.000000000Z,2152423
usdt_trx,2025-02-22T00:00:00.000000000Z,1811840
usdt_trx,2025-02-23T00:00:00.000000000Z,1677734
usdt_trx,2025-02-24T00:00:00.000000000Z,2209141
usdt_trx,2025-02-25T00:00:00.000000000Z,2334057
usdt_trx,2025-02-26T00:00:00.000000000Z,2190706
usdt_trx,2025-02-27T00:00:00.000000000Z,2176868
usdt_trx,2025-02-28T00:00:00.000000000Z,2384691
usdt_trx,2025-03-01T00:00:00.000000000Z,1953340
usdt_trx,2025-03-02T00:00:00.000000000Z,1894505
usdt_trx,2025-03-03T00:00:00.000000000Z,2353685
usdt_trx,2025-03-04T00:00:00.000000000Z,2345167
usdt_trx,2025-03-05T00:00:00.000000000Z,2297384
usdt_trx,2025-03-06T00:00:00.000000000Z,2246868
usdt_trx,2025-03-07T00:00:00.000000000Z,2294439
usdt_trx,2025-03-08T00:00:00.000000000Z,1909755
usdt_trx,2025-03-09T00:00:00.000000000Z,1834817
usdt_trx,2025-03-10T00:00:00.000000000Z,2402100
usdt_trx,2025-03-11T00:00:00.000000000Z,2339276
usdt_trx,2025-03-12T00:00:00.000000000Z,2199529
usdt_trx,2025-03-13T00:00:00.000000000Z,2176062
usdt_trx,2025-03-14T00:00:00.000000000Z,2172349
usdt_trx,2025-03-15T00:00:00.000000000Z,1912415
usdt_trx,2025-03-16T00:00:00.000000000Z,1839429
usdt_trx,2025-03-17T00:00:00.000000000Z,2283223
usdt_trx,2025-03-18T00:00:00.000000000Z,2298329
usdt_trx,2025-03-19T00:00:00.000000000Z,2223452
usdt_trx,2025-03-20T00:00:00.000000000Z,2230280
usdt_trx,2025-03-21T00:00:00.000000000Z,2199549
usdt_trx,2025-03-22T00:00:00.000000000Z,1849814
usdt_trx,2025-03-23T00:00:00.000000000Z,1758376
usdt_trx,2025-03-24T00:00:00.000000000Z,2240698
usdt_trx,2025-03-25T00:00:00.000000000Z,2258299
usdt_trx,2025-03-26T00:00:00.000000000Z,2218505
usdt_trx,2025-03-27T00:00:00.000000000Z,2266900
usdt_trx,2025-03-28T00:00:00.000000000Z,2265134
usdt_trx,2025-03-29T00:00:00.000000000Z,1932162
usdt_trx,2025-03-30T00:00:00.000000000Z,1781981
usdt_trx,2025-03-31T00:00:00.000000000Z,2297894
usdt_trx,2025-04-01T00:00:00.000000000Z,2358273
usdt_trx,2025-04-02T00:00:00.000000000Z,2321422
usdt_trx,2025-04-03T00:00:00.000000000Z,2316275
usdt_trx,2025-04-04T00:00:00.000000000Z,2200341
usdt_trx,2025-04-05T00:00:00.000000000Z,1916860
usdt_trx,2025-04-06T00:00:00.000000000Z,1923777
usdt_trx,2025-04-07T00:00:00.000000000Z,2562386
usdt_trx,2025-04-08T00:00:00.000000000Z,2382499
usdt_trx,2025-04-09T00:00:00.000000000Z,2424745
usdt_trx,2025-04-10T00:00:00.000000000Z,2397661
usdt_trx,2025-04-11T00:00:00.000000000Z,2322821
usdt_trx,2025-04-12T00:00:00.000000000Z,1921350
usdt_trx,2025-04-13T00:00:00.000000000Z,1826248
usdt_trx,2025-04-14T00:00:00.000000000Z,2281584
usdt_trx,2025-04-15T00:00:00.000000000Z,2435782
usdt_trx,2025-04-16T00:00:00.000000000Z,2396505
usdt_trx,2025-04-17T00:00:00.000000000Z,2257334
usdt_trx,2025-04-18T00:00:00.000000000Z,2088982
usdt_trx,2025-04-19T00:00:00.000000000Z,1866824
usdt_trx,2025-04-20T00:00:00.000000000Z,1809959
usdt_trx,2025-04-21T00:00:00.000000000Z,2232576
usdt_trx,2025-04-22T00:00:00.000000000Z,2263293
usdt_trx,2025-04-23T00:00:00.000000000Z,2189748
usdt_trx,2025-04-24T00:00:00.000000000Z,2103374
usdt_trx,2025-04-25T00:00:00.000000000Z,2157856
usdt_trx,2025-04-26T00:00:00.000000000Z,1859989
usdt_trx,2025-04-27T00:00:00.000000000Z,1800269
usdt_trx,2025-04-28T00:00:00.000000000Z,2236345
usdt_trx,2025-04-29T00:00:00.000000000Z,2241191
usdt_trx,2025-04-30T00:00:00.000000000Z,2370432
usdt_trx,2025-05-01T00:00:00.000000000Z,2160318
usdt_trx,2025-05-02T00:00:00.000000000Z,2171836
usdt_trx,2025-05-03T00:00:00.000000000Z,1917139
usdt_trx,2025-05-04T00:00:00.000000000Z,1838507
usdt_trx,2025-05-05T00:00:00.000000000Z,2317085
usdt_trx,2025-05-06T00:00:00.000000000Z,2369066
usdt_trx,2025-05-07T00:00:00.000000000Z,2352208
usdt_trx,2025-05-08T00:00:00.000000000Z,2389597
usdt_trx,2025-05-09T00:00:00.000000000Z,2310891
usdt_trx,2025-05-10T00:00:00.000000000Z,2027407
usdt_trx,2025-05-11T00:00:00.000000000Z,1930556
usdt_trx,2025-05-12T00:00:00.000000000Z,2445790
usdt_trx,2025-05-13T00:00:00.000000000Z,1433315
usdt_trx,2025-05-14T00:00:00.000000000Z,2443923
usdt_trx,2025-05-15T00:00:00.000000000Z,2543709
usdt_trx,2025-05-16T00:00:00.000000000Z,2375472
usdt_trx,2025-05-17T00:00:00.000000000Z,2027453
usdt_trx,2025-05-18T00:00:00.000000000Z,1947850
usdt_trx,2025-05-19T00:00:00.000000000Z,2375218
usdt_trx,2025-05-20T00:00:00.000000000Z,2433528
usdt_trx,2025-05-21T00:00:00.000000000Z,2386236
usdt_trx,2025-05-22T00:00:00.000000000Z,2371643
usdt_trx,2025-05-23T00:00:00.000000000Z,2379464
usdt_trx,2025-05-24T00:00:00.000000000Z,1988997
usdt_trx,2025-05-25T00:00:00.000000000Z,1958632
usdt_trx,2025-05-26T00:00:00.000000000Z,2382918
usdt_trx,2025-05-27T00:00:00.000000000Z,2386490
usdt_trx,2025-05-28T00:00:00.000000000Z,2360117
usdt_trx,2025-05-29T00:00:00.000000000Z,2364522
usdt_trx,2025-05-30T00:00:00.000000000Z,2396458
usdt_trx,2025-05-31T00:00:00.000000000Z,2076265
usdt_trx,2025-06-01T00:00:00.000000000Z,1978160
usdt_trx,2025-06-02T00:00:00.000000000Z,2387321
usdt_trx,2025-06-03T00:00:00.000000000Z,2378504
usdt_trx,2025-06-04T00:00:00.000000000Z,2375229
usdt_trx,2025-06-05T00:00:00.000000000Z,2417336
usdt_trx,2025-06-06T00:00:00.000000000Z,2266399
usdt_trx,2025-06-07T00:00:00.000000000Z,1926486
usdt_trx,2025-06-08T00:00:00.000000000Z,1860412
usdt_trx,2025-06-09T00:00:00.000000000Z,2354763
usdt_trx,2025-06-10T00:00:00.000000000Z,2497054
usdt_trx,2025-06-11T00:00:00.000000000Z,2405718
usdt_trx,2025-06-12T00:00:00.000000000Z,2346647
usdt_trx,2025-06-13T00:00:00.000000000Z,2340297
usdt_trx,2025-06-14T00:00:00.000000000Z,1987078
usdt_trx,2025-06-15T00:00:00.000000000Z,2005417
usdt_trx,2025-06-16T00:00:00.000000000Z,2465550
usdt_trx,2025-06-17T00:00:00.000000000Z,2423359
usdt_trx,2025-06-18T00:00:00.000000000Z,2450993
usdt_trx,2025-06-19T00:00:00.000000000Z,2231762
usdt_trx,2025-06-20T00:00:00.000000000Z,2278625
usdt_trx,2025-06-21T00:00:00.000000000Z,2005904
usdt_trx,2025-06-22T00:00:00.000000000Z,1933141
usdt_trx,2025-06-23T00:00:00.000000000Z,2359909
usdt_trx,2025-06-24T00:00:00.000000000Z,2316863
usdt_trx,2025-06-25T00:00:00.000000000Z,2258383
usdt_trx,2025-06-26T00:00:00.000000000Z,2235407
usdt_trx,2025-06-27T00:00:00.000000000Z,2190710
usdt_trx,2025-06-28T00:00:00.000000000Z,1887347
usdt_trx,2025-06-29T00:00:00.000000000Z,1812054
usdt_trx,2025-06-30T00:00:00.000000000Z,2420708
usdt_trx,2025-07-01T00:00:00.000000000Z,2491319
usdt_trx,2025-07-02T00:00:00.000000000Z,2402761
usdt_trx,2025-07-03T00:00:00.000000000Z,2324783
usdt_trx,2025-07-04T00:00:00.000000000Z,2257547
usdt_trx,2025-07-05T00:00:00.000000000Z,1931575
usdt_trx,2025-07-06T00:00:00.000000000Z,1829086
usdt_trx,2025-07-07T00:00:00.000000000Z,2406164
usdt_trx,2025-07-08T00:00:00.000000000Z,2315952
usdt_trx,2025-07-09T00:00:00.000000000Z,2358436
usdt_trx,2025-07-10T00:00:00.000000000Z,2420058
usdt_trx,2025-07-11T00:00:00.000000000Z,2353213
usdt_trx,2025-07-12T00:00:00.000000000Z,1967513
usdt_trx,2025-07-13T00:00:00.000000000Z,1857552
usdt_trx,2025-07-14T00:00:00.000000000Z,2371744
usdt_trx,2025-07-15T00:00:00.000000000Z,2487296
usdt_trx,2025-07-16T00:00:00.000000000Z,2440976
usdt_trx,2025-07-17T00:00:00.000000000Z,2362535
usdt_trx,2025-07-18T00:00:00.000000000Z,2344689
usdt_trx,2025-07-19T00:00:00.000000000Z,1928748
usdt_trx,2025-07-20T00:00:00.000000000Z,1884912
usdt_trx,2025-07-21T00:00:00.000000000Z,2338158
usdt_trx,2025-07-22T00:00:00.000000000Z,2322801
usdt_trx,2025-07-23T00:00:00.000000000Z,2303397
usdt_trx,2025-07-24T00:00:00.000000000Z,2265760
usdt_trx,2025-07-25T00:00:00.000000000Z,2264367
usdt_trx,2025-07-26T00:00:00.000000000Z,1915556
usdt_trx,2025-07-27T00:00:00.000000000Z,1835535
usdt_trx,2025-07-28T00:00:00.000000000Z,2270595
usdt_trx,2025-07-29T00:00:00.000000000Z,2269315
usdt_trx,2025-07-30T00:00:00.000000000Z,2301077
usdt_trx,2025-07-31T00:00:00.000000000Z,2373908
usdt_trx,2025-08-01T00:00:00.000000000Z,2467516
usdt_trx,2025-08-02T00:00:00.000000000Z,2030502
usdt_trx,2025-08-03T00:00:00.000000000Z,1883201
usdt_trx,2025-08-04T00:00:00.000000000Z,2345563
usdt_trx,2025-08-05T00:00:00.000000000Z,2393936
usdt_trx,2025-08-06T00:00:00.000000000Z,2317103
usdt_trx,2025-08-07T00:00:00.000000000Z,2295407
usdt_trx,2025-08-08T00:00:00.000000000Z,2324618
usdt_trx,2025-08-09T00:00:00.000000000Z,1989128
usdt_trx,2025-08-10T00:00:00.000000000Z,1919847
usdt_trx,2025-08-11T00:00:00.000000000Z,2439404
usdt_trx,2025-08-12T00:00:00.000000000Z,2377124
usdt_trx,2025-08-13T00:00:00.000000000Z,2322139
usdt_trx,2025-08-14T00:00:00.000000000Z,2418419
usdt_trx,2025-08-15T00:00:00.000000000Z,2432655
usdt_trx,2025-08-16T00:00:00.000000000Z,2043322
usdt_trx,2025-08-17T00:00:00.000000000Z,1908184
usdt_trx,2025-08-18T00:00:00.000000000Z,2390081
usdt_trx,2025-08-19T00:00:00.000000000Z,2387433
usdt_trx,2025-08-20T00:00:00.000000000Z,2423384
usdt_trx,2025-08-21T00:00:00.000000000Z,2256213
usdt_trx,2025-08-22T00:00:00.000000000Z,2317167
usdt_trx,2025-08-23T00:00:00.000000000Z,1982125
usdt_trx,2025-08-24T00:00:00.000000000Z,1887629
usdt_trx,2025-08-25T00:00:00.000000000Z,2407484
usdt_trx,2025-08-26T00:00:00.000000000Z,2368667
usdt_trx,2025-08-27T00:00:00.000000000Z,2300347
usdt_trx,2025-08-28T00:00:00.000000000Z,2306285
usdt_trx,2025-08-29T00:00:00.000000000Z,2360104
usdt_trx,2025-08-30T00:00:00.000000000Z,2002922
usdt_trx,2025-08-31T00:00:00.000000000Z,1985815
usdt_trx,2025-09-01T00:00:00.000000000Z,2543764
usdt_trx,2025-09-02T00:00:00.000000000Z,2516761
usdt_trx,2025-09-03T00:00:00.000000000Z,2413247
usdt_trx,2025-09-04T00:00:00.000000000Z,2405748
usdt_trx,2025-09-05T00:00:00.000000000Z,2456904
usdt_trx,2025-09-06T00:00:00.000000000Z,2015552
usdt_trx,2025-09-07T00:00:00.000000000Z,1922104
usdt_trx,2025-09-08T00:00:00.000000000Z,2508900
usdt_trx,2025-09-09T00:00:00.000000000Z,2551481
usdt_trx,2025-09-10T00:00:00.000000000Z,2488064
usdt_trx,2025-09-11T00:00:00.000000000Z,2411978
usdt_trx,2025-09-12T00:00:00.000000000Z,2473727
usdt_trx,2025-09-13T00:00:00.000000000Z,2148971
usdt_trx,2025-09-14T00:00:00.000000000Z,2066913
usdt_trx,2025-09-15T00:00:00.000000000Z,2662973
usdt_trx,2025-09-16T00:00:00.000000000Z,2610185
usdt_trx,2025-09-17T00:00:00.000000000Z,2552375
usdt_trx,2025-09-18T00:00:00.000000000Z,2466003
usdt_trx,2025-09-19T00:00:00.000000000Z,2440735
usdt_trx,2025-09-20T00:00:00.000000000Z,2112805
usdt_trx,2025-09-21T00:00:00.000000000Z,1984463
usdt_trx,2025-09-22T00:00:00.000000000Z,2550049
usdt_trx,2025-09-23T00:00:00.000000000Z,2489296
usdt_trx,2025-09-24T00:00:00.000000000Z,2404378
usdt_trx,2025-09-25T00:00:00.000000000Z,2549789
usdt_trx,2025-09-26T00:00:00.000000000Z,2466166
usdt_trx,2025-09-27T00:00:00.000000000Z,2038371
usdt_trx,2025-09-28T00:00:00.000000000Z,1969405
usdt_trx,2025-09-29T00:00:00.000000000Z,2479875
usdt_trx,2025-09-30T00:00:00.000000000Z,2691629
usdt_trx,2025-10-01T00:00:00.000000000Z,2663557
usdt_trx,2025-10-02T00:00:00.000000000Z,2535796
usdt_trx,2025-10-03T00:00:00.000000000Z,2475318
usdt_trx,2025-10-04T00:00:00.000000000Z,2067822
usdt_trx,2025-10-05T00:00:00.000000000Z,2014469
usdt_trx,2025-10-06T00:00:00.000000000Z,2440792
usdt_trx,2025-10-07T00:00:00.000000000Z,2525863
usdt_trx,2025-10-08T00:00:00.000000000Z,2483349
usdt_trx,2025-10-09T00:00:00.000000000Z,2565785
usdt_trx,2025-10-10T00:00:00.000000000Z,2760019
usdt_trx,2025-10-11T00:00:00.000000000Z,2337459
usdt_trx,2025-10-12T00:00:00.000000000Z,2092805
usdt_trx,2025-10-13T00:00:00.000000000Z,2539249
usdt_trx,2025-10-14T00:00:00.000000000Z,2688668
usdt_trx,2025-10-15T00:00:00.000000000Z,2774051
usdt_trx,2025-10-16T00:00:00.000000000Z,2669990
usdt_trx,2025-10-17T00:00:00.000000000Z,2684771
usdt_trx,2025-10-18T00:00:00.000000000Z,2177483
usdt_trx,2025-10-19T00:00:00.000000000Z,2057322
usdt_trx,2025-10-20T00:00:00.000000000Z,2565173
usdt_trx,2025-10-21T00:00:00.000000000Z,2646220
usdt_trx,2025-10-22T00:00:00.000000000Z,2569840
usdt_trx,2025-10-23T00:00:00.000000000Z,2442399
usdt_trx,2025-10-24T00:00:00.000000000Z,2453666
usdt_trx,2025-10-25T00:00:00.000000000Z,2108557
usdt_trx,2025-10-26T00:00:00.000000000Z,2006232
usdt_trx,2025-10-27T00:00:00.000000000Z,2579490
usdt_trx,2025-10-28T00:00:00.000000000Z,2594338
usdt_trx,2025-10-29T00:00:00.000000000Z,2566608
usdt_trx,2025-10-30T00:00:00.000000000Z,2587228
usdt_trx,2025-10-31T00:00:00.000000000Z,2633614
usdt_trx,2025-11-01T00:00:00.000000000Z,2298564
usdt_trx,2025-11-02T00:00:00.000000000Z,2112829
usdt_trx,2025-11-03T00:00:00.000000000Z,2697683
usdt_trx,2025-11-04T00:00:00.000000000Z,2753318
usdt_trx,2025-11-05T00:00:00.000000000Z,2691787
usdt_trx,2025-11-06T00:00:00.000000000Z,2573476
usdt_trx,2025-11-07T00:00:00.000000000Z,2584403
usdt_trx,2025-11-08T00:00:00.000000000Z,2188653
usdt_trx,2025-11-09T00:00:00.000000000Z,2079755
usdt_trx,2025-11-10T00:00:00.000000000Z,2692033
usdt_trx,2025-11-11T00:00:00.000000000Z,2690820
usdt_trx,2025-11-12T00:00:00.000000000Z,2613078
usdt_trx,2025-11-13T00:00:00.000000000Z,2629988
usdt_trx,2025-11-14T00:00:00.000000000Z,2700083
usdt_trx,2025-11-15T00:00:00.000000000Z,2307893
usdt_trx,2025-11-16T00:00:00.000000000Z,2206224
usdt_trx,2025-11-17T00:00:00.000000000Z,2679711
usdt_trx,2025-11-18T00:00:00.000000000Z,2535329
usdt_trx,2025-11-19T00:00:00.000000000Z,2552179
usdt_trx,2025-11-20T00:00:00.000000000Z,2595306
usdt_trx,2025-11-21T00:00:00.000000000Z,2649236
usdt_trx,2025-11-22T00:00:00.000000000Z,2154099
usdt_trx,2025-11-23T00:00:00.000000000Z,2045106
usdt_trx,2025-11-24T00:00:00.000000000Z,2513118
usdt_trx,2025-11-25T00:00:00.000000000Z,2606314
usdt_trx,2025-11-26T00:00:00.000000000Z,2518841
usdt_trx,2025-11-27T00:00:00.000000000Z,2525367
usdt_trx,2025-11-28T00:00:00.000000000Z,2574568
usdt_trx,2025-11-29T00:00:00.000000000Z,2222617
usdt_trx,2025-11-30T00:00:00.000000000Z,2198086
usdt_trx,2025-12-01T00:00:00.000000000Z,2890665
usdt_trx,2025-12-02T00:00:00.000000000Z,2776908
usdt_trx,2025-12-03T00:00:00.000000000Z,2712267
usdt_trx,2025-12-04T00:00:00.000000000Z,2625660
usdt_trx,2025-12-05T00:00:00.000000000Z,2709680
usdt_trx,2025-12-06T00:00:00.000000000Z,2272965
usdt_trx,2025-12-07T00:00:00.000000000Z,2109424
usdt_trx,2025-12-08T00:00:00.000000000Z,2661189
usdt_trx,2025-12-09T00:00:00.000000000Z,2678401
usdt_trx,2025-12-10T00:00:00.000000000Z,2649266
usdt_trx,2025-12-11T00:00:00.000000000Z,2592924
usdt_trx,2025-12-12T00:00:00.000000000Z,2580901
usdt_trx,2025-12-13T00:00:00.000000000Z,2223269
usdt_trx,2025-12-14T00:00:00.000000000Z,2137484
usdt_trx,2025-12-15T00:00:00.000000000Z,2876568
usdt_trx,2025-12-16T00:00:00.000000000Z,2782589
usdt_trx,2025-12-17T00:00:00.000000000Z,2683171
usdt_trx,2025-12-18T00:00:00.000000000Z,2579724
usdt_trx,2025-12-19T00:00:00.000000000Z,2561917
usdt_trx,2025-12-20T00:00:00.000000000Z,2273620
usdt_trx,2025-12-21T00:00:00.000000000Z,2066785
usdt_trx,2025-12-22T00:00:00.000000000Z,2618375
usdt_trx,2025-12-23T00:00:00.000000000Z,2570869
usdt_trx,2025-12-24T00:00:00.000000000Z,2411724
usdt_trx,2025-12-25T00:00:00.000000000Z,2184702
usdt_trx,2025-12-26T00:00:00.000000000Z,2448799
usdt_trx,2025-12-27T00:00:00.000000000Z,2160907
usdt_trx,2025-12-28T00:00:00.000000000Z,2051448
usdt_trx,2025-12-29T00:00:00.000000000Z,2680297
usdt_trx,2025-12-30T00:00:00.000000000Z,2674699
usdt_trx,2025-12-31T00:00:00.000000000Z,2529600
