asset,time,TxTfrCnt
usdt_trx,2025-09-23T00:00:00.000000000Z,2489296
usdt_trx,2025-09-24T00:00:00.000000000Z,2404378
usdt_trx,2025-09-25T00:00:00.000000000Z,2549789
usdt_trx,2025-09-26T00:00:00.000000000Z,2466166
usdt_trx,2025-09-27T00:00:00.000000000Z,2038371
usdt_trx,2025-09-28T00:00:00.000000000Z,1969405
usdt_trx,2025-09-29T00:00:00.000000000Z,2479875
usdt_trx,2025-09-30T00:00:00.000000000Z,2691629
usdt_trx,2025-10-01T00:00:00.000000000Z,2663557
usdt_trx,2025-10-02T00:00:00.000000000Z,2535796
usdt_trx,2025-10-03T00:00:00.000000000Z,2475318
usdt_trx,2025-10-04T00:00:00.000000000Z,2067822
usdt_trx,2025-10-05T00:00:00.000000000Z,2014469
usdt_trx,2025-10-06T00:00:00.000000000Z,2440792
usdt_trx,2025-10-07T00:00:00.000000000Z,2525863
usdt_trx,2025-10-08T00:00:00.000000000Z,2483349
usdt_trx,2025-10-09T00:00:00.000000000Z,2565785
usdt_trx,2025-10-10T00:00:00.000000000Z,2760019
usdt_trx,2025-10-11T00:00:00.000000000Z,2337459
usdt_trx,2025-10-12T00:00:00.000000000Z,2092805
usdt_trx,2025-10-13T00:00:00.000000000Z,2539249
usdt_trx,2025-10-14T00:00:00.000000000Z,2688668
usdt_trx,2025-10-15T00:00:00.000000000Z,2774051
usdt_trx,2025-10-16T00:00:00.000000000Z,2669990
usdt_trx,2025-10-17T00:00:00.000000000Z,2684771
usdt_trx,2025-10-18T00:00:00.000000000Z,2177483
usdt_trx,2025-10-19T00:00:00.000000000Z,2057322
usdt_trx,2025-10-20T00:00:00.000000000Z,2565173
usdt_trx,2025-10-21T00:00:00.000000000Z,2646220
usdt_trx,2025-10-22T00:00:00.000000000Z,2569840
usdt_trx,2025-10-23T00:00:00.000000000Z,2442399
usdt_trx,2025-10-24T00:00:00.000000000Z,2453666
usdt_trx,2025-10-25T00:00:00.000000000Z,2108557
usdt_trx,2025-10-26T00:00:00.000000000Z,2006232
usdt_trx,2025-10-27T00:00:00.000000000Z,2579490
usdt_trx,2025-10-28T00:00:00.000000000Z,2594338
usdt_trx,2025-10-29T00:00:00.000000000Z,2566608
usdt_trx,2025-10-30T00:00:00.000000000Z,2587228
usdt_trx,2025-10-31T00:00:00.000000000Z,2633614
usdt_trx,2025-11-01T00:00:00.000000000Z,2298564
usdt_trx,2025-11-02T00:00:00.000000000Z,2112829
usdt_trx,2025-11-03T00:00:00.000000000Z,2697683
usdt_trx,2025-11-04T00:00:00.000000000Z,2753318
usdt_trx,2025-11-05T00:00:00.000000000Z,2691787
usdt_trx,2025-11-06T00:00:00.000000000Z,2573476
usdt_trx,2025-11-07T00:00:00.000000000Z,2584403
usdt_trx,2025-11-08T00:00:00.000000000Z,2188653
usdt_trx,2025-11-09T00:00:00.000000000Z,2079755
usdt_trx,2025-11-10T00:00:00.000000000Z,2692033
usdt_trx,2025-11-11T00:00:00.000000000Z,2690820
usdt_trx,2025-11-12T00:00:00.000000000Z,2613078
usdt_trx,2025-11-13T00:00:00.000000000Z,2629988
usdt_trx,2025-11-14T00:00:00.000000000Z,2700083
usdt_trx,2025-11-15T00:00:00.000000000Z,2307893
usdt_trx,2025-11-16T00:00:00.000000000Z,2206224
usdt_trx,2025-11-17T00:00:00.000000000Z,2679711
usdt_trx,2025-11-18T00:00:00.000000000Z,2535329
usdt_trx,2025-11-19T00:00:00.000000000Z,2552179
usdt_trx,2025-11-20T00:00:00.000000000Z,2595306
usdt_trx,2025-11-21T00:00:00.000000000Z,2649236
usdt_trx,2025-11-22T00:00:00.000000000Z,2154099
usdt_trx,2025-11-23T00:00:00.000000000Z,2045106
usdt_trx,2025-11-24T00:00:00.000000000Z,2513118
usdt_trx,2025-11-25T00:00:00.000000000Z,2606314
usdt_trx,2025-11-26T00:00:00.000000000Z,2518841
usdt_trx,2025-11-27T00:00:00.000000000Z,2525367
usdt_trx,2025-11-28T00:00:00.000000000Z,2574568
usdt_trx,2025-11-29T00:00:00.000000000Z,2222617
usdt_trx,2025-11-30T00:00:00.000000000Z,2198086
usdt_trx,2025-12-01T00:00:00.000000000Z,2890665
usdt_trx,2025-12-02T00:00:00.000000000Z,2776908
usdt_trx,2025-12-03T00:00:00.000000000Z,2712267
usdt_trx,2025-12-04T00:00:00.000000000Z,2625660
usdt_trx,2025-12-05T00:00:00.000000000Z,2709680
usdt_trx,2025-12-06T00:00:00.000000000Z,2272965
usdt_trx,2025-12-07T00:00:00.000000000Z,2109424
usdt_trx,2025-12-08T00:00:00.000000000Z,2661189
usdt_trx,2025-12-09T00:00:00.000000000Z,2678401
usdt_trx,2025-12-10T00:00:00.000000000Z,2649266
usdt_trx,2025-12-11T00:00:00.000000000Z,2592924
usdt_trx,2025-12-12T00:00:00.000000000Z,2580901
usdt_trx,2025-12-13T00:00:00.000000000Z,2223269
usdt_trx,2025-12-14T00:00:00.000000000Z,2137484
usdt_trx,2025-12-15T00:00:00.000000000Z,2876568
usdt_trx,2025-12-16T00:00:00.000000000Z,2782589
usdt_trx,2025-12-17T00:00:00.000000000Z,2683171
usdt_trx,2025-12-18T00:00:00.000000000Z,2579724
usdt_trx,2025-12-19T00:00:00.000000000Z,2561917
usdt_trx,2025-12-20T00:00:00.000000000Z,2273620
usdt_trx,2025-12-21T00:00:00.000000000Z,2066785
usdt_trx,2025-12-22T00:00:00.000000000Z,2618375
usdt_trx,2025-12-23T00:00:00.000000000Z,2570869
usdt_trx,2025-12-24T00:00:00.000000000Z,2411724
usdt_trx,2025-12-25T00:00:00.000000000Z,2184702
usdt_trx,2025-12-26T00:00:00.000000000Z,2448799
usdt_trx,2025-12-27T00:00:00.000000000Z,2160907
usdt_trx,2025-12-28T00:00:00.000000000Z,2051448
usdt_trx,2025-12-29T00:00:00.000000000Z,2680297
usdt_trx,2025-12-30T00:00:00.000000000Z,2674699
usdt_trx,2025-12-31T00:00:00.000000000Z,2529600
usdt_trx,2025-06-15T00:00:00.000000000Z,2005417
usdt_trx,2025-06-16T00:00:00.000000000Z,2465550
usdt_trx,2025-06-17T00:00:00.000000000Z,2423359
usdt_trx,2025-06-18T00:00:00.000000000Z,2450993
usdt_trx,2025-06-19T00:00:00.000000000Z,2231762
usdt_trx,2025-06-20T00:00:00.000000000Z,2278625
usdt_trx,2025-06-21T00:00:00.000000000Z,2005904
usdt_trx,2025-06-22T00:00:00.000000000Z,1933141
usdt_trx,2025-06-23T00:00:00.000000000Z,2359909
usdt_trx,2025-06-24T00:00:00.000000000Z,2316863
usdt_trx,2025-06-25T00:00:00.000000000Z,2258383
usdt_trx,2025-06-26T00:00:00.000000000Z,2235407
usdt_trx,2025-06-27T00:00:00.000000000Z,2190710
usdt_trx,2025-06-28T00:00:00.000000000Z,1887347
usdt_trx,2025-06-29T00:00:00.000000000Z,1812054
usdt_trx,2025-06-30T00:00:00.000000000Z,2420708
usdt_trx,2025-07-01T00:00:00.000000000Z,2491319
usdt_trx,2025-07-02T00:00:00.000000000Z,2402761
usdt_trx,2025-07-03T00:00:00.000000000Z,2324783
usdt_trx,2025-07-04T00:00:00.000000000Z,2257547
usdt_trx,2025-07-05T00:00:00.000000000Z,1931575
usdt_trx,2025-07-06T00:00:00.000000000Z,1829086
usdt_trx,2025-07-07T00:00:00.000000000Z,2406164
usdt_trx,2025-07-08T00:00:00.000000000Z,2315952
usdt_trx,2025-07-09T00:00:00.000000000Z,2358436
usdt_trx,2025-07-10T00:00:00.000000000Z,2420058
usdt_trx,2025-07-11T00:00:00.000000000Z,2353213
usdt_trx,2025-07-12T00:00:00.000000000Z,1967513
usdt_trx,2025-07-13T00:00:00.000000000Z,1857552
usdt_trx,2025-07-14T00:00:00.000000000Z,2371744
usdt_trx,2025-07-15T00:00:00.000000000Z,2487296
usdt_trx,2025-07-16T00:00:00.000000000Z,2440976
usdt_trx,2025-07-17T00:00:00.000000000Z,2362535
usdt_trx,2025-07-18T00:00:00.000000000Z,2344689
usdt_trx,2025-07-19T00:00:00.000000000Z,1928748
usdt_trx,2025-07-20T00:00:00.000000000Z,1884912
usdt_trx,2025-07-21T00:00:00.000000000Z,2338158
usdt_trx,2025-07-22T00:00:00.000000000Z,2322801
usdt_trx,2025-07-23T00:00:00.000000000Z,2303397
usdt_trx,2025-07-24T00:00:00.000000000Z,2265760
usdt_trx,2025-07-25T00:00:00.000000000Z,2264367
usdt_trx,2025-07-26T00:00:00.000000000Z,1915556
usdt_trx,2025-07-27T00:00:00.000000000Z,1835535
usdt_trx,2025-07-28T00:00:00.000000000Z,2270595
usdt_trx,2025-07-29T00:00:00.000000000Z,2269315
usdt_trx,2025-07-30T00:00:00.000000000Z,2301077
usdt_trx,2025-07-31T00:00:00.000000000Z,2373908
usdt_trx,2025-08-01T00:00:00.000000000Z,2467516
usdt_trx,2025-08-02T00:00:00.000000000Z,2030502
usdt_trx,2025-08-03T00:00:00.000000000Z,1883201
usdt_trx,2025-08-04T00:00:00.000000000Z,2345563
usdt_trx,2025-08-05T00:00:00.000000000Z,2393936
usdt_trx,2025-08-06T00:00:00.000000000Z,2317103
usdt_trx,2025-08-07T00:00:00.000000000Z,2295407
usdt_trx,2025-08-08T00:00:00.000000000Z,2324618
usdt_trx,2025-08-09T00:00:00.000000000Z,1989128
usdt_trx,2025-08-10T00:00:00.000000000Z,1919847
usdt_trx,2025-08-11T00:00:00.000000000Z,2439404
usdt_trx,2025-08-12T00:00:00.000000000Z,2377124
usdt_trx,2025-08-13T00:00:00.000000000Z,2322139
usdt_trx,2025-08-14T00:00:00.000000000Z,2418419
usdt_trx,2025-08-15T00:00:00.000000000Z,2432655
usdt_trx,2025-08-16T00:00:00.000000000Z,2043322
usdt_trx,2025-08-17T00:00:00.000000000Z,1908184
usdt_trx,2025-08-18T00:00:00.000000000Z,2390081
usdt_trx,2025-08-19T00:00:00.000000000Z,2387433
usdt_trx,2025-08-20T00:00:00.000000000Z,2423384
usdt_trx,2025-08-21T00:00:00.000000000Z,2256213
usdt_trx,2025-08-22T00:00:00.000000000Z,2317167
usdt_trx,2025-08-23T00:00:00.000000000Z,1982125
usdt_trx,2025-08-24T00:00:00.000000000Z,1887629
usdt_trx,2025-08-25T00:00:00.000000000Z,2407484
usdt_trx,2025-08-26T00:00:00.000000000Z,2368667
usdt_trx,2025-08-27T00:00:00.000000000Z,2300347
usdt_trx,2025-08-28T00:00:00.000000000Z,2306285
usdt_trx,2025-08-29T00:00:00.000000000Z,2360104
usdt_trx,2025-08-30T00:00:00.000000000Z,2002922
usdt_trx,2025-08-31T00:00:00.000000000Z,1985815
usdt_trx,2025-09-01T00:00:00.000000000Z,2543764
usdt_trx,2025-09-02T00:00:00.000000000Z,2516761
usdt_trx,2025-09-03T00:00:00.000000000Z,2413247
usdt_trx,2025-09-04T00:00:00.000000000Z,2405748
usdt_trx,2025-09-05T00:00:00.000000000Z,2456904
usdt_trx,2025-09-06T00:00:00.000000000Z,2015552
usdt_trx,2025-09-07T00:00:00.000000000Z,1922104
usdt_trx,2025-09-08T00:00:00.000000000Z,2508900
usdt_trx,2025-09-09T00:00:00.000000000Z,2551481
usdt_trx,2025-09-10T00:00:00.000000000Z,2488064
usdt_trx,2025-09-11T00:00:00.000000000Z,2411978
usdt_trx,2025-09-12T00:00:00.000000000Z,2473727
usdt_trx,2025-09-13T00:00:00.000000000Z,2148971
usdt_trx,2025-09-14T00:00:00.000000000Z,2066913
usdt_trx,2025-09-15T00:00:00.000000000Z,2662973
usdt_trx,2025-09-16T00:00:00.000000000Z,2610185
usdt_trx,2025-09-17T00:00:00.000000000Z,2552375
usdt_trx,2025-09-18T00:00:00.000000000Z,2466003
usdt_trx,2025-09-19T00:00:00.000000000Z,2440735
usdt_trx,2025-09-20T00:00:00.000000000Z,2112805
usdt_trx,2025-09-21T00:00:00.000000000Z,1984463
usdt_trx,2025-09-22T00:00:00.000000000Z,2550049
usdt_trx,2025-03-07T00:00:00.000000000Z,2294439
usdt_trx,2025-03-08T00:00:00.000000000Z,1909755
usdt_trx,2025-03-09T00:00:00.000000000Z,1834817
usdt_trx,2025-03-10T00:00:00.000000000Z,2402100
usdt_trx,2025-03-11T00:00:00.000000000Z,2339276
usdt_trx,2025-03-12T00:00:00.000000000Z,2199529
usdt_trx,2025-03-13T00:00:00.000000000Z,2176062
usdt_trx,2025-03-14T00:00:00.000000000Z,2172349
usdt_trx,2025-03-15T00:00:00.000000000Z,1912415
usdt_trx,2025-03-16T00:00:00.000000000Z,1839429
usdt_trx,2025-03-17T00:00:00.000000000Z,2283223
usdt_trx,2025-03-18T00:00:00.000000000Z,2298329
usdt_trx,2025-03-19T00:00:00.000000000Z,2223452
usdt_trx,2025-03-20T00:00:00.000000000Z,2230280
usdt_trx,2025-03-21T00:00:00.000000000Z,2199549
usdt_trx,2025-03-22T00:00:00.000000000Z,1849814
usdt_trx,2025-03-23T00:00:00.000000000Z,1758376
usdt_trx,2025-03-24T00:00:00.000000000Z,2240698
usdt_trx,2025-03-25T00:00:00.000000000Z,2258299
usdt_trx,2025-03-26T00:00:00.000000000Z,2218505
usdt_trx,2025-03-27T00:00:00.000000000Z,2266900
usdt_trx,2025-03-28T00:00:00.000000000Z,2265134
usdt_trx,2025-03-29T00:00:00.000000000Z,1932162
usdt_trx,2025-03-30T00:00:00.000000000Z,1781981
usdt_trx,2025-03-31T00:00:00.000000000Z,2297894
usdt_trx,2025-04-01T00:00:00.000000000Z,2358273
usdt_trx,2025-04-02T00:00:00.000000000Z,2321422
usdt_trx,2025-04-03T00:00:00.000000000Z,2316275
usdt_trx,2025-04-04T00:00:00.000000000Z,2200341
usdt_trx,2025-04-05T00:00:00.000000000Z,1916860
usdt_trx,2025-04-06T00:00:00.000000000Z,1923777
usdt_trx,2025-04-07T00:00:00.000000000Z,2562386
usdt_trx,2025-04-08T00:00:00.000000000Z,2382499
usdt_trx,2025-04-09T00:00:00.000000000Z,2424745
usdt_trx,2025-04-10T00:00:00.000000000Z,2397661
usdt_trx,2025-04-11T00:00:00.000000000Z,2322821
usdt_trx,2025-04-12T00:00:00.000000000Z,1921350
usdt_trx,2025-04-13T00:00:00.000000000Z,1826248
usdt_trx,2025-04-14T00:00:00.000000000Z,2281584
usdt_trx,2025-04-15T00:00:00.000000000Z,2435782
usdt_trx,2025-04-16T00:00:00.000000000Z,2396505
usdt_trx,2025-04-17T00:00:00.000000000Z,2257334
usdt_trx,2025-04-18T00:00:00.000000000Z,2088982
usdt_trx,2025-04-19T00:00:00.000000000Z,1866824
usdt_trx,2025-04-20T00:00:00.000000000Z,1809959
usdt_trx,2025-04-21T00:00:00.000000000Z,2232576
usdt_trx,2025-04-22T00:00:00.000000000Z,2263293
usdt_trx,2025-04-23T00:00:00.000000000Z,2189748
usdt_trx,2025-04-24T00:00:00.000000000Z,2103374
usdt_trx,2025-04-25T00:00:00.000000000Z,2157856
usdt_trx,2025-04-26T00:00:00.000000000Z,1859989
usdt_trx,2025-04-27T00:00:00.000000000Z,1800269
usdt_trx,2025-04-28T00:00:00.000000000Z,2236345
usdt_trx,2025-04-29T00:00:00.000000000Z,2241191
usdt_trx,2025-04-30T00:00:00.000000000Z,2370432
usdt_trx,2025-05-01T00:00:00.000000000Z,2160318
usdt_trx,2025-05-02T00:00:00.000000000Z,2171836
usdt_trx,2025-05-03T00:00:00.000000000Z,1917139
usdt_trx,2025-05-04T00:00:00.000000000Z,1838507
usdt_trx,2025-05-05T00:00:00.000000000Z,2317085
usdt_trx,2025-05-06T00:00:00.000000000Z,2369066
usdt_trx,2025-05-07T00:00:00.000000000Z,2352208
usdt_trx,2025-05-08T00:00:00.000000000Z,2389597
usdt_trx,2025-05-09T00:00:00.000000000Z,2310891
usdt_trx,2025-05-10T00:00:00.000000000Z,2027407
usdt_trx,2025-05-11T00:00:00.000000000Z,1930556
usdt_trx,2025-05-12T00:00:00.000000000Z,2445790
usdt_trx,2025-05-13T00:00:00.000000000Z,1433315
usdt_trx,2025-05-14T00:00:00.000000000Z,2443923
usdt_trx,2025-05-15T00:00:00.000000000Z,2543709
usdt_trx,2025-05-16T00:00:00.000000000Z,2375472
usdt_trx,2025-05-17T00:00:00.000000000Z,2027453
usdt_trx,2025-05-18T00:00:00.000000000Z,1947850
usdt_trx,2025-05-19T00:00:00.000000000Z,2375218
usdt_trx,2025-05-20T00:00:00.000000000Z,2433528
usdt_trx,2025-05-21T00:00:00.000000000Z,2386236
usdt_trx,2025-05-22T00:00:00.000000000Z,2371643
usdt_trx,2025-05-23T00:00:00.000000000Z,2379464
usdt_trx,2025-05-24T00:00:00.000000000Z,1988997
usdt_trx,2025-05-25T00:00:00.000000000Z,1958632
usdt_trx,2025-05-26T00:00:00.000000000Z,2382918
usdt_trx,2025-05-27T00:00:00.000000000Z,2386490
usdt_trx,2025-05-28T00:00:00.000000000Z,2360117
usdt_trx,2025-05-29T00:00:00.000000000Z,2364522
usdt_trx,2025-05-30T00:00:00.000000000Z,2396458
usdt_trx,2025-05-31T00:00:00.000000000Z,2076265
usdt_trx,2025-06-01T00:00:00.000000000Z,1978160
usdt_trx,2025-06-02T00:00:00.000000000Z,2387321
usdt_trx,2025-06-03T00:00:00.000000000Z,2378504
usdt_trx,2025-06-04T00:00:00.000000000Z,2375229
usdt_trx,2025-06-05T00:00:00.000000000Z,2417336
usdt_trx,2025-06-06T00:00:00.000000000Z,2266399
usdt_trx,2025-06-07T00:00:00.000000000Z,1926486
usdt_trx,2025-06-08T00:00:00.000000000Z,1860412
usdt_trx,2025-06-09T00:00:00.000000000Z,2354763
usdt_trx,2025-06-10T00:00:00.000000000Z,2497054
usdt_trx,2025-06-11T00:00:00.000000000Z,2405718
usdt_trx,2025-06-12T00:00:00.000000000Z,2346647
usdt_trx,2025-06-13T00:00:00.000000000Z,2340297
usdt_trx,2025-06-14T00:00:00.000000000Z,1987078
usdt_trx,2024-11-27T00:00:00.000000000Z,2340004
usdt_trx,2024-11-28T00:00:00.000000000Z,2294826
usdt_trx,2024-11-29T00:00:00.000000000Z,2466305
usdt_trx,2024-11-30T00:00:00.000000000Z,2173196
usdt_trx,2024-12-01T00:00:00.000000000Z,2053805
usdt_trx,2024-12-02T00:00:00.000000000Z,2655106
usdt_trx,2024-12-03T00:00:00.000000000Z,2645457
usdt_trx,2024-12-04T00:00:00.000000000Z,2415281
usdt_trx,2024-12-05T00:00:00.000000000Z,2439939
usdt_trx,2024-12-06T00:00:00.000000000Z,2329492
usdt_trx,2024-12-07T00:00:00.000000000Z,1902174
usdt_trx,2024-12-08T00:00:00.000000000Z,1790100
usdt_trx,2024-12-09T00:00:00.000000000Z,2380499
usdt_trx,2024-12-10T00:00:00.000000000Z,2439135
usdt_trx,2024-12-11T00:00:00.000000000Z,2247950
usdt_trx,2024-12-12T00:00:00.000000000Z,2205077
usdt_trx,2024-12-13T00:00:00.000000000Z,2148182
usdt_trx,2024-12-14T00:00:00.000000000Z,1830776
usdt_trx,2024-12-15T00:00:00.000000000Z,1803161
usdt_trx,2024-12-16T00:00:00.000000000Z,2346063
usdt_trx,2024-12-17T00:00:00.000000000Z,2261357
usdt_trx,2024-12-18T00:00:00.000000000Z,2245646
usdt_trx,2024-12-19T00:00:00.000000000Z,2292966
usdt_trx,2024-12-20T00:00:00.000000000Z,2337567
usdt_trx,2024-12-21T00:00:00.000000000Z,1891170
usdt_trx,2024-12-22T00:00:00.000000000Z,1748105
usdt_trx,2024-12-23T00:00:00.000000000Z,2145115
usdt_trx,2024-12-24T00:00:00.000000000Z,2044848
usdt_trx,2024-12-25T00:00:00.000000000Z,1862521
usdt_trx,2024-12-26T00:00:00.000000000Z,1964554
usdt_trx,2024-12-27T00:00:00.000000000Z,2012853
usdt_trx,2024-12-28T00:00:00.000000000Z,1725495
usdt_trx,2024-12-29T00:00:00.000000000Z,1637369
usdt_trx,2024-12-30T00:00:00.000000000Z,2061781
usdt_trx,2024-12-31T00:00:00.000000000Z,1888033
usdt_trx,2025-01-01T00:00:00.000000000Z,1587935
usdt_trx,2025-01-02T00:00:00.000000000Z,1948670
usdt_trx,2025-01-03T00:00:00.000000000Z,1991205
usdt_trx,2025-01-04T00:00:00.000000000Z,1741115
usdt_trx,2025-01-05T00:00:00.000000000Z,1682064
usdt_trx,2025-01-06T00:00:00.000000000Z,2148900
usdt_trx,2025-01-07T00:00:00.000000000Z,2104112
usdt_trx,2025-01-08T00:00:00.000000000Z,2105681
usdt_trx,2025-01-09T00:00:00.000000000Z,2070048
usdt_trx,2025-01-10T00:00:00.000000000Z,2121050
usdt_trx,2025-01-11T00:00:00.000000000Z,1741043
usdt_trx,2025-01-12T00:00:00.000000000Z,1650351
usdt_trx,2025-01-13T00:00:00.000000000Z,2176442
usdt_trx,2025-01-14T00:00:00.000000000Z,2069786
usdt_trx,2025-01-15T00:00:00.000000000Z,2234953
usdt_trx,2025-01-16T00:00:00.000000000Z,2189780
usdt_trx,2025-01-17T00:00:00.000000000Z,2120252
usdt_trx,2025-01-18T00:00:00.000000000Z,1975089
usdt_trx,2025-01-19T00:00:00.000000000Z,2085900
usdt_trx,2025-01-20T00:00:00.000000000Z,2518482
usdt_trx,2025-01-21T00:00:00.000000000Z,2226952
usdt_trx,2025-01-22T00:00:00.000000000Z,2142424
usdt_trx,2025-01-23T00:00:00.000000000Z,2096154
usdt_trx,2025-01-24T00:00:00.000000000Z,2062392
usdt_trx,2025-01-25T00:00:00.000000000Z,1746879
usdt_trx,2025-01-26T00:00:00.000000000Z,1600423
usdt_trx,2025-01-27T00:00:00.000000000Z,2088484
usdt_trx,2025-01-28T00:00:00.000000000Z,1692461
usdt_trx,2025-01-29T00:00:00.000000000Z,1566922
usdt_trx,2025-01-30T00:00:00.000000000Z,1626629
usdt_trx,2025-01-31T00:00:00.000000000Z,1748826
usdt_trx,2025-02-01T00:00:00.000000000Z,1598597
usdt_trx,2025-02-02T00:00:00.000000000Z,1668092
usdt_trx,2025-02-03T00:00:00.000000000Z,2220941
usdt_trx,2025-02-04T00:00:00.000000000Z,1971575
usdt_trx,2025-02-05T00:00:00.000000000Z,2008583
usdt_trx,2025-02-06T00:00:00.000000000Z,1989145
usdt_trx,2025-02-07T00:00:00.000000000Z,2007363
usdt_trx,2025-02-08T00:00:00.000000000Z,1707596
usdt_trx,2025-02-09T00:00:00.000000000Z,1626306
usdt_trx,2025-02-10T00:00:00.000000000Z,2124494
usdt_trx,2025-02-11T00:00:00.000000000Z,2089944
usdt_trx,2025-02-12T00:00:00.000000000Z,2026930
usdt_trx,2025-02-13T00:00:00.000000000Z,2011037
usdt_trx,2025-02-14T00:00:00.000000000Z,2050189
usdt_trx,2025-02-15T00:00:00.000000000Z,1812345
usdt_trx,2025-02-16T00:00:00.000000000Z,1696313
usdt_trx,2025-02-17T00:00:00.000000000Z,2119094
usdt_trx,2025-02-18T00:00:00.000000000Z,2106583
usdt_trx,2025-02-19T00:00:00.000000000Z,2045600
usdt_trx,2025-02-20T00:00:00.000000000Z,2200602
usdt_trx,2025-02-21T00:00:00.000000000Z,2152423
usdt_trx,2025-02-22T00:00:00.000000000Z,1811840
usdt_trx,2025-02-23T00:00:00.000000000Z,1677734
usdt_trx,2025-02-24T00:00:00.000000000Z,2209141
usdt_trx,2025-02-25T00:00:00.000000000Z,2334057
usdt_trx,2025-02-26T00:00:00.000000000Z,2190706
usdt_trx,2025-02-27T00:00:00.000000000Z,2176868
usdt_trx,2025-02-28T00:00:00.000000000Z,2384691
usdt_trx,2025-03-01T00:00:00.000000000Z,1953340
usdt_trx,2025-03-02T00:00:00.000000000Z,1894505
usdt_trx,2025-03-03T00:00:00.000000000Z,2353685
usdt_trx,2025-03-04T00:00:00.000000000Z,2345167
usdt_trx,2025-03-05T00:00:00.000000000Z,2297384
usdt_trx,2025-03-06T00:00:00.000000000Z,2246868
usdt_trx,2024-08-19T00:00:00.000000000Z,2061752
usdt_trx,2024-08-20T00:00:00.000000000Z,2082465
usdt_trx,2024-08-21T00:00:00.000000000Z,1986629
usdt_trx,2024-08-22T00:00:00.000000000Z,1919066
usdt_trx,2024-08-23T00:00:00.000000000Z,1918026
usdt_trx,2024-08-24T00:00:00.000000000Z,1672790
usdt_trx,2024-08-25T00:00:00.000000000Z,1618325
usdt_trx,2024-08-26T00:00:00.000000000Z,2163742
usdt_trx,2024-08-27T00:00:00.000000000Z,2178339
usdt_trx,2024-08-28T00:00:00.000000000Z,2082853
usdt_trx,2024-08-29T00:00:00.000000000Z,1977026
usdt_trx,2024-08-30T00:00:00.000000000Z,1994256
usdt_trx,2024-08-31T00:00:00.000000000Z,1744609
usdt_trx,2024-09-01T00:00:00.000000000Z,1701746
usdt_trx,2024-09-02T00:00:00.000000000Z,2104824
usdt_trx,2024-09-03T00:00:00.000000000Z,2130777
usdt_trx,2024-09-04T00:00:00.000000000Z,2107925
usdt_trx,2024-09-05T00:00:00.000000000Z,2153492
usdt_trx,2024-09-06T00:00:00.000000000Z,2195542
usdt_trx,2024-09-07T00:00:00.000000000Z,1812440
usdt_trx,2024-09-08T00:00:00.000000000Z,1716602
usdt_trx,2024-09-09T00:00:00.000000000Z,2170288
usdt_trx,2024-09-10T00:00:00.000000000Z,2178045
usdt_trx,2024-09-11T00:00:00.000000000Z,2111629
usdt_trx,2024-09-12T00:00:00.000000000Z,2137420
usdt_trx,2024-09-13T00:00:00.000000000Z,2183075
usdt_trx,2024-09-14T00:00:00.000000000Z,1905774
usdt_trx,2024-09-15T00:00:00.000000000Z,1895070
usdt_trx,2024-09-16T00:00:00.000000000Z,2248804
usdt_trx,2024-09-17T00:00:00.000000000Z,2233372
usdt_trx,2024-09-18T00:00:00.000000000Z,2377021
usdt_trx,2024-09-19T00:00:00.000000000Z,2500921
usdt_trx,2024-09-20T00:00:00.000000000Z,2372357
usdt_trx,2024-09-21T00:00:00.000000000Z,1957347
usdt_trx,2024-09-22T00:00:00.000000000Z,1831973
usdt_trx,2024-09-23T00:00:00.000000000Z,2423609
usdt_trx,2024-09-24T00:00:00.000000000Z,2425461
usdt_trx,2024-09-25T00:00:00.000000000Z,2303106
usdt_trx,2024-09-26T00:00:00.000000000Z,2380108
usdt_trx,2024-09-27T00:00:00.000000000Z,2292270
usdt_trx,2024-09-28T00:00:00.000000000Z,1913886
usdt_trx,2024-09-29T00:00:00.000000000Z,1890422
usdt_trx,2024-09-30T00:00:00.000000000Z,2435395
usdt_trx,2024-10-01T00:00:00.000000000Z,2372760
usdt_trx,2024-10-02T00:00:00.000000000Z,2232085
usdt_trx,2024-10-03T00:00:00.000000000Z,2191822
usdt_trx,2024-10-04T00:00:00.000000000Z,2209540
usdt_trx,2024-10-05T00:00:00.000000000Z,1926012
usdt_trx,2024-10-06T00:00:00.000000000Z,1835617
usdt_trx,2024-10-07T00:00:00.000000000Z,2338824
usdt_trx,2024-10-08T00:00:00.000000000Z,2343920
usdt_trx,2024-10-09T00:00:00.000000000Z,2281316
usdt_trx,2024-10-10T00:00:00.000000000Z,2330230
usdt_trx,2024-10-11T00:00:00.000000000Z,2221790
usdt_trx,2024-10-12T00:00:00.000000000Z,1868171
usdt_trx,2024-10-13T00:00:00.000000000Z,1774663
usdt_trx,2024-10-14T00:00:00.000000000Z,2365696
usdt_trx,2024-10-15T00:00:00.000000000Z,2481428
usdt_trx,2024-10-16T00:00:00.000000000Z,2396051
usdt_trx,2024-10-17T00:00:00.000000000Z,2268229
usdt_trx,2024-10-18T00:00:00.000000000Z,2273660
usdt_trx,2024-10-19T00:00:00.000000000Z,1925864
usdt_trx,2024-10-20T00:00:00.000000000Z,1835273
usdt_trx,2024-10-21T00:00:00.000000000Z,2279142
usdt_trx,2024-10-22T00:00:00.000000000Z,2177450
usdt_trx,2024-10-23T00:00:00.000000000Z,2253848
usdt_trx,2024-10-24T00:00:00.000000000Z,3233866
usdt_trx,2024-10-25T00:00:00.000000000Z,2989539
usdt_trx,2024-10-26T00:00:00.000000000Z,2786524
usdt_trx,2024-10-27T00:00:00.000000000Z,1862448
usdt_trx,2024-10-28T00:00:00.000000000Z,2322686
usdt_trx,2024-10-29T00:00:00.000000000Z,2365985
usdt_trx,2024-10-30T00:00:00.000000000Z,2304984
usdt_trx,2024-10-31T00:00:00.000000000Z,2370640
usdt_trx,2024-11-01T00:00:00.000000000Z,2390074
usdt_trx,2024-11-02T00:00:00.000000000Z,1987317
usdt_trx,2024-11-03T00:00:00.000000000Z,1867111
usdt_trx,2024-11-04T00:00:00.000000000Z,2349477
usdt_trx,2024-11-05T00:00:00.000000000Z,2404362
usdt_trx,2024-11-06T00:00:00.000000000Z,2486872
usdt_trx,2024-11-07T00:00:00.000000000Z,2434849
usdt_trx,2024-11-08T00:00:00.000000000Z,2375615
usdt_trx,2024-11-09T00:00:00.000000000Z,2001765
usdt_trx,2024-11-10T00:00:00.000000000Z,2034086
usdt_trx,2024-11-11T00:00:00.000000000Z,2596662
usdt_trx,2024-11-12T00:00:00.000000000Z,2608972
usdt_trx,2024-11-13T00:00:00.000000000Z,2477304
usdt_trx,2024-11-14T00:00:00.000000000Z,2457077
usdt_trx,2024-11-15T00:00:00.000000000Z,2525570
usdt_trx,2024-11-16T00:00:00.000000000Z,2087190
usdt_trx,2024-11-17T00:00:00.000000000Z,1882658
usdt_trx,2024-11-18T00:00:00.000000000Z,2458026
usdt_trx,2024-11-19T00:00:00.000000000Z,2451456
usdt_trx,2024-11-20T00:00:00.000000000Z,2382298
usdt_trx,2024-11-21T00:00:00.000000000Z,2381288
usdt_trx,2024-11-22T00:00:00.000000000Z,2389942
usdt_trx,2024-11-23T00:00:00.000000000Z,2068003
usdt_trx,2024-11-24T00:00:00.000000000Z,1893808
usdt_trx,2024-11-25T00:00:00.000000000Z,2490674
usdt_trx,2024-11-26T00:00:00.000000000Z,2487349
usdt_trx,2024-05-11T00:00:00.000000000Z,1754577
usdt_trx,2024-05-12T00:00:00.000000000Z,1616618
usdt_trx,2024-05-13T00:00:00.000000000Z,2004653
usdt_trx,2024-05-14T00:00:00.000000000Z,2044176
usdt_trx,2024-05-15T00:00:00.000000000Z,2218980
usdt_trx,2024-05-16T00:00:00.000000000Z,2236238
usdt_trx,2024-05-17T00:00:00.000000000Z,2224682
usdt_trx,2024-05-18T00:00:00.000000000Z,1887715
usdt_trx,2024-05-19T00:00:00.000000000Z,1773423
usdt_trx,2024-05-20T00:00:00.000000000Z,2211313
usdt_trx,2024-05-21T00:00:00.000000000Z,2297722
usdt_trx,2024-05-22T00:00:00.000000000Z,2143111
usdt_trx,2024-05-23T00:00:00.000000000Z,2124854
usdt_trx,2024-05-24T00:00:00.000000000Z,2094138
usdt_trx,2024-05-25T00:00:00.000000000Z,1810724
usdt_trx,2024-05-26T00:00:00.000000000Z,1715379
usdt_trx,2024-05-27T00:00:00.000000000Z,2109209
usdt_trx,2024-05-28T00:00:00.000000000Z,2089063
usdt_trx,2024-05-29T00:00:00.000000000Z,2163893
usdt_trx,2024-05-30T00:00:00.000000000Z,2153546
usdt_trx,2024-05-31T00:00:00.000000000Z,2258800
usdt_trx,2024-06-01T00:00:00.000000000Z,2037867
usdt_trx,2024-06-02T00:00:00.000000000Z,1884545
usdt_trx,2024-06-03T00:00:00.000000000Z,2329289
usdt_trx,2024-06-04T00:00:00.000000000Z,2143909
usdt_trx,2024-06-05T00:00:00.000000000Z,2208528
usdt_trx,2024-06-06T00:00:00.000000000Z,2201307
usdt_trx,2024-06-07T00:00:00.000000000Z,2378822
usdt_trx,2024-06-08T00:00:00.000000000Z,2043289
usdt_trx,2024-06-09T00:00:00.000000000Z,1867521
usdt_trx,2024-06-10T00:00:00.000000000Z,2151236
usdt_trx,2024-06-11T00:00:00.000000000Z,2383257
usdt_trx,2024-06-12T00:00:00.000000000Z,2267289
usdt_trx,2024-06-13T00:00:00.000000000Z,2167958
usdt_trx,2024-06-14T00:00:00.000000000Z,2252184
usdt_trx,2024-06-15T00:00:00.000000000Z,2014821
usdt_trx,2024-06-16T00:00:00.000000000Z,1862980
usdt_trx,2024-06-17T00:00:00.000000000Z,2287708
usdt_trx,2024-06-18T00:00:00.000000000Z,2290869
usdt_trx,2024-06-19T00:00:00.000000000Z,2100400
usdt_trx,2024-06-20T00:00:00.000000000Z,2202635
usdt_trx,2024-06-21T00:00:00.000000000Z,2129592
usdt_trx,2024-06-22T00:00:00.000000000Z,1785838
usdt_trx,2024-06-23T00:00:00.000000000Z,1689706
usdt_trx,2024-06-24T00:00:00.000000000Z,2220701
usdt_trx,2024-06-25T00:00:00.000000000Z,2219384
usdt_trx,2024-06-26T00:00:00.000000000Z,2173658
usdt_trx,2024-06-27T00:00:00.000000000Z,2116669
usdt_trx,2024-06-28T00:00:00.000000000Z,2124543
usdt_trx,2024-06-29T00:00:00.000000000Z,1829203
usdt_trx,2024-06-30T00:00:00.000000000Z,1833369
usdt_trx,2024-07-01T00:00:00.000000000Z,2342966
usdt_trx,2024-07-02T00:00:00.000000000Z,2181496
usdt_trx,2024-07-03T00:00:00.000000000Z,2201549
usdt_trx,2024-07-04T00:00:00.000000000Z,2190559
usdt_trx,2024-07-05T00:00:00.000000000Z,2339392
usdt_trx,2024-07-06T00:00:00.000000000Z,1835547
usdt_trx,2024-07-07T00:00:00.000000000Z,1719818
usdt_trx,2024-07-08T00:00:00.000000000Z,2212327
usdt_trx,2024-07-09T00:00:00.000000000Z,2105154
usdt_trx,2024-07-10T00:00:00.000000000Z,2210975
usdt_trx,2024-07-11T00:00:00.000000000Z,2161162
usdt_trx,2024-07-12T00:00:00.000000000Z,2128274
usdt_trx,2024-07-13T00:00:00.000000000Z,1898409
usdt_trx,2024-07-14T00:00:00.000000000Z,1877231
usdt_trx,2024-07-15T00:00:00.000000000Z,2279715
usdt_trx,2024-07-16T00:00:00.000000000Z,2206200
usdt_trx,2024-07-17T00:00:00.000000000Z,2204527
usdt_trx,2024-07-18T00:00:00.000000000Z,2133559
usdt_trx,2024-07-19T00:00:00.000000000Z,2163310
usdt_trx,2024-07-20T00:00:00.000000000Z,1855711
usdt_trx,2024-07-21T00:00:00.000000000Z,1785287
usdt_trx,2024-07-22T00:00:00.000000000Z,2202770
usdt_trx,2024-07-23T00:00:00.000000000Z,2076403
usdt_trx,2024-07-24T00:00:00.000000000Z,2005742
usdt_trx,2024-07-25T00:00:00.000000000Z,2107491
usdt_trx,2024-07-26T00:00:00.000000000Z,2019082
usdt_trx,2024-07-27T00:00:00.000000000Z,1719433
usdt_trx,2024-07-28T00:00:00.000000000Z,1635983
usdt_trx,2024-07-29T00:00:00.000000000Z,2177845
usdt_trx,2024-07-30T00:00:00.000000000Z,2097134
usdt_trx,2024-07-31T00:00:00.000000000Z,2210664
usdt_trx,2024-08-01T00:00:00.000000000Z,2237546
usdt_trx,2024-08-02T00:00:00.000000000Z,2173192
usdt_trx,2024-08-03T00:00:00.000000000Z,1856028
usdt_trx,2024-08-04T00:00:00.000000000Z,1775990
usdt_trx,2024-08-05T00:00:00.000000000Z,2501726
usdt_trx,2024-08-06T00:00:00.000000000Z,2174098
usdt_trx,2024-08-07T00:00:00.000000000Z,2053298
usdt_trx,2024-08-08T00:00:00.000000000Z,2095085
usdt_trx,2024-08-09T00:00:00.000000000Z,2066713
usdt_trx,2024-08-10T00:00:00.000000000Z,1773952
usdt_trx,2024-08-11T00:00:00.000000000Z,1714790
usdt_trx,2024-08-12T00:00:00.000000000Z,2194224
usdt_trx,2024-08-13T00:00:00.000000000Z,2247895
usdt_trx,2024-08-14T00:00:00.000000000Z,2112588
usdt_trx,2024-08-15T00:00:00.000000000Z,2182676
usdt_trx,2024-08-16T00:00:00.000000000Z,2046547
usdt_trx,2024-08-17T00:00:00.000000000Z,1775026
usdt_trx,2024-08-18T00:00:00.000000000Z,1723434
usdt_trx,2024-02-01T00:00:00.000000000Z,1748247
usdt_trx,2024-02-02T00:00:00.000000000Z,1690587
usdt_trx,2024-02-03T00:00:00.000000000Z,1466122
usdt_trx,2024-02-04T00:00:00.000000000Z,1384579
usdt_trx,2024-02-05T00:00:00.000000000Z,1741766
usdt_trx,2024-02-06T00:00:00.000000000Z,1665047
usdt_trx,2024-02-07T00:00:00.000000000Z,1620791
usdt_trx,2024-02-08T00:00:00.000000000Z,1573317
usdt_trx,2024-02-09T00:00:00.000000000Z,1470427
usdt_trx,2024-02-10T00:00:00.000000000Z,1209179
usdt_trx,2024-02-11T00:00:00.000000000Z,1158182
usdt_trx,2024-02-12T00:00:00.000000000Z,1474841
usdt_trx,2024-02-13T00:00:00.000000000Z,1526315
usdt_trx,2024-02-14T00:00:00.000000000Z,1580625
usdt_trx,2024-02-15T00:00:00.000000000Z,1672184
usdt_trx,2024-02-16T00:00:00.000000000Z,1658155
usdt_trx,2024-02-17T00:00:00.000000000Z,1486401
usdt_trx,2024-02-18T00:00:00.000000000Z,1473114
usdt_trx,2024-02-19T00:00:00.000000000Z,1828088
usdt_trx,2024-02-20T00:00:00.000000000Z,1879006
usdt_trx,2024-02-21T00:00:00.000000000Z,1738056
usdt_trx,2024-02-22T00:00:00.000000000Z,1742677
usdt_trx,2024-02-23T00:00:00.000000000Z,1669775
usdt_trx,2024-02-24T00:00:00.000000000Z,1460276
usdt_trx,2024-02-25T00:00:00.000000000Z,1460052
usdt_trx,2024-02-26T00:00:00.000000000Z,1830909
usdt_trx,2024-02-27T00:00:00.000000000Z,1882838
usdt_trx,2024-02-28T00:00:00.000000000Z,2035055
usdt_trx,2024-02-29T00:00:00.000000000Z,2054327
usdt_trx,2024-03-01T00:00:00.000000000Z,2045387
usdt_trx,2024-03-02T00:00:00.000000000Z,1823211
usdt_trx,2024-03-03T00:00:00.000000000Z,1686083
usdt_trx,2024-03-04T00:00:00.000000000Z,2078014
usdt_trx,2024-03-05T00:00:00.000000000Z,2255083
usdt_trx,2024-03-06T00:00:00.000000000Z,2070402
usdt_trx,2024-03-07T00:00:00.000000000Z,2033092
usdt_trx,2024-03-08T00:00:00.000000000Z,1973764
usdt_trx,2024-03-09T00:00:00.000000000Z,1779157
usdt_trx,2024-03-10T00:00:00.000000000Z,1707756
usdt_trx,2024-03-11T00:00:00.000000000Z,2085215
usdt_trx,2024-03-12T00:00:00.000000000Z,2030678
usdt_trx,2024-03-13T00:00:00.000000000Z,2028858
usdt_trx,2024-03-14T00:00:00.000000000Z,2029483
usdt_trx,2024-03-15T00:00:00.000000000Z,2098811
usdt_trx,2024-03-16T00:00:00.000000000Z,1824211
usdt_trx,2024-03-17T00:00:00.000000000Z,1721952
usdt_trx,2024-03-18T00:00:00.000000000Z,2029001
usdt_trx,2024-03-19T00:00:00.000000000Z,2098439
usdt_trx,2024-03-20T00:00:00.000000000Z,2036327
usdt_trx,2024-03-21T00:00:00.000000000Z,1985496
usdt_trx,2024-03-22T00:00:00.000000000Z,1992967
usdt_trx,2024-03-23T00:00:00.000000000Z,1723022
usdt_trx,2024-03-24T00:00:00.000000000Z,1651468
usdt_trx,2024-03-25T00:00:00.000000000Z,2089708
usdt_trx,2024-03-26T00:00:00.000000000Z,2060438
usdt_trx,2024-03-27T00:00:00.000000000Z,1997332
usdt_trx,2024-03-28T00:00:00.000000000Z,1934256
usdt_trx,2024-03-29T00:00:00.000000000Z,1827144
usdt_trx,2024-03-30T00:00:00.000000000Z,1641286
usdt_trx,2024-03-31T00:00:00.000000000Z,1615163
usdt_trx,2024-04-01T00:00:00.000000000Z,2016187
usdt_trx,2024-04-02T00:00:00.000000000Z,2080493
usdt_trx,2024-04-03T00:00:00.000000000Z,1999617
usdt_trx,2024-04-04T00:00:00.000000000Z,1910021
usdt_trx,2024-04-05T00:00:00.000000000Z,1939932
usdt_trx,2024-04-06T00:00:00.000000000Z,1662458
usdt_trx,2024-04-07T00:00:00.000000000Z,1636001
usdt_trx,2024-04-08T00:00:00.000000000Z,2025734
usdt_trx,2024-04-09T00:00:00.000000000Z,2024970
usdt_trx,2024-04-10T00:00:00.000000000Z,1956228
usdt_trx,2024-04-11T00:00:00.000000000Z,1930476
usdt_trx,2024-04-12T00:00:00.000000000Z,2074451
usdt_trx,2024-04-13T00:00:00.000000000Z,1855754
usdt_trx,2024-04-14T00:00:00.000000000Z,1666251
usdt_trx,2024-04-15T00:00:00.000000000Z,2074855
usdt_trx,2024-04-16T00:00:00.000000000Z,2029062
usdt_trx,2024-04-17T00:00:00.000000000Z,1991186
usdt_trx,2024-04-18T00:00:00.000000000Z,1938492
usdt_trx,2024-04-19T00:00:00.000000000Z,1959845
usdt_trx,2024-04-20T00:00:00.000000000Z,1687580
usdt_trx,2024-04-21T00:00:00.000000000Z,1564260
usdt_trx,2024-04-22T00:00:00.000000000Z,1938007
usdt_trx,2024-04-23T00:00:00.000000000Z,1972593
usdt_trx,2024-04-24T00:00:00.000000000Z,1996156
usdt_trx,2024-04-25T00:00:00.000000000Z,1928943
usdt_trx,2024-04-26T00:00:00.000000000Z,1865064
usdt_trx,2024-04-27T00:00:00.000000000Z,1656891
usdt_trx,2024-04-28T00:00:00.000000000Z,1584721
usdt_trx,2024-04-29T00:00:00.000000000Z,1933745
usdt_trx,2024-04-30T00:00:00.000000000Z,2025073
usdt_trx,2024-05-01T00:00:00.000000000Z,1905600
usdt_trx,2024-05-02T00:00:00.000000000Z,1905240
usdt_trx,2024-05-03T00:00:00.000000000Z,1905299
usdt_trx,2024-05-04T00:00:00.000000000Z,1656764
usdt_trx,2024-05-05T00:00:00.000000000Z,1585290
usdt_trx,2024-05-06T00:00:00.000000000Z,1997133
usdt_trx,2024-05-07T00:00:00.000000000Z,2005095
usdt_trx,2024-05-08T00:00:00.000000000Z,1982731
usdt_trx,2024-05-09T00:00:00.000000000Z,1900524
usdt_trx,2024-05-10T00:00:00.000000000Z,2231868
usdt_trx,2023-10-24T00:00:00.000000000Z,2040251
usdt_trx,2023-10-25T00:00:00.000000000Z,2013147
usdt_trx,2023-10-26T00:00:00.000000000Z,1957164
usdt_trx,2023-10-27T00:00:00.000000000Z,1946091
usdt_trx,2023-10-28T00:00:00.000000000Z,1746049
usdt_trx,2023-10-29T00:00:00.000000000Z,1709827
usdt_trx,2023-10-30T00:00:00.000000000Z,2093149
usdt_trx,2023-10-31T00:00:00.000000000Z,2181339
usdt_trx,2023-11-01T00:00:00.000000000Z,2212768
usdt_trx,2023-11-02T00:00:00.000000000Z,2073027
usdt_trx,2023-11-03T00:00:00.000000000Z,2123798
usdt_trx,2023-11-04T00:00:00.000000000Z,1774524
usdt_trx,2023-11-05T00:00:00.000000000Z,1659259
usdt_trx,2023-11-06T00:00:00.000000000Z,1802830
usdt_trx,2023-11-07T00:00:00.000000000Z,1840661
usdt_trx,2023-11-08T00:00:00.000000000Z,1791486
usdt_trx,2023-11-09T00:00:00.000000000Z,1877411
usdt_trx,2023-11-10T00:00:00.000000000Z,1856587
usdt_trx,2023-11-11T00:00:00.000000000Z,1633850
usdt_trx,2023-11-12T00:00:00.000000000Z,1486159
usdt_trx,2023-11-13T00:00:00.000000000Z,1825439
usdt_trx,2023-11-14T00:00:00.000000000Z,1796252
usdt_trx,2023-11-15T00:00:00.000000000Z,1904436
usdt_trx,2023-11-16T00:00:00.000000000Z,1847648
usdt_trx,2023-11-17T00:00:00.000000000Z,1794289
usdt_trx,2023-11-18T00:00:00.000000000Z,1529408
usdt_trx,2023-11-19T00:00:00.000000000Z,1525036
usdt_trx,2023-11-20T00:00:00.000000000Z,2001547
usdt_trx,2023-11-21T00:00:00.000000000Z,2016972
usdt_trx,2023-11-22T00:00:00.000000000Z,1884527
usdt_trx,2023-11-23T00:00:00.000000000Z,1707181
usdt_trx,2023-11-24T00:00:00.000000000Z,1678454
usdt_trx,2023-11-25T00:00:00.000000000Z,1488279
usdt_trx,2023-11-26T00:00:00.000000000Z,1413371
usdt_trx,2023-11-27T00:00:00.000000000Z,1770349
usdt_trx,2023-11-28T00:00:00.000000000Z,1755055
usdt_trx,2023-11-29T00:00:00.000000000Z,1748832
usdt_trx,2023-11-30T00:00:00.000000000Z,1788099
usdt_trx,2023-12-01T00:00:00.000000000Z,1836856
usdt_trx,2023-12-02T00:00:00.000000000Z,1534137
usdt_trx,2023-12-03T00:00:00.000000000Z,1478853
usdt_trx,2023-12-04T00:00:00.000000000Z,1925328
usdt_trx,2023-12-05T00:00:00.000000000Z,1903343
usdt_trx,2023-12-06T00:00:00.000000000Z,1855377
usdt_trx,2023-12-07T00:00:00.000000000Z,1842881
usdt_trx,2023-12-08T00:00:00.000000000Z,1826149
usdt_trx,2023-12-09T00:00:00.000000000Z,1578488
usdt_trx,2023-12-10T00:00:00.000000000Z,1478660
usdt_trx,2023-12-11T00:00:00.000000000Z,1851222
usdt_trx,2023-12-12T00:00:00.000000000Z,1801544
usdt_trx,2023-12-13T00:00:00.000000000Z,1769150
usdt_trx,2023-12-14T00:00:00.000000000Z,1808676
usdt_trx,2023-12-15T00:00:00.000000000Z,1870357
usdt_trx,2023-12-16T00:00:00.000000000Z,1543074
usdt_trx,2023-12-17T00:00:00.000000000Z,1458535
usdt_trx,2023-12-18T00:00:00.000000000Z,1886896
usdt_trx,2023-12-19T00:00:00.000000000Z,1802771
usdt_trx,2023-12-20T00:00:00.000000000Z,1829722
usdt_trx,2023-12-21T00:00:00.000000000Z,1720659
usdt_trx,2023-12-22T00:00:00.000000000Z,1719436
usdt_trx,2023-12-23T00:00:00.000000000Z,1521375
usdt_trx,2023-12-24T00:00:00.000000000Z,1449266
usdt_trx,2023-12-25T00:00:00.000000000Z,1631337
usdt_trx,2023-12-26T00:00:00.000000000Z,1702758
usdt_trx,2023-12-27T00:00:00.000000000Z,1730321
usdt_trx,2023-12-28T00:00:00.000000000Z,1759667
usdt_trx,2023-12-29T00:00:00.000000000Z,1760998
usdt_trx,2023-12-30T00:00:00.000000000Z,1460328
usdt_trx,2023-12-31T00:00:00.000000000Z,1326552
usdt_trx,2024-01-01T00:00:00.000000000Z,1344395
usdt_trx,2024-01-02T00:00:00.000000000Z,1624753
usdt_trx,2024-01-03T00:00:00.000000000Z,1753317
usdt_trx,2024-01-04T00:00:00.000000000Z,1651603
usdt_trx,2024-01-05T00:00:00.000000000Z,1642478
usdt_trx,2024-01-06T00:00:00.000000000Z,1454035
usdt_trx,2024-01-07T00:00:00.000000000Z,1371310
usdt_trx,2024-01-08T00:00:00.000000000Z,1748361
usdt_trx,2024-01-09T00:00:00.000000000Z,1746702
usdt_trx,2024-01-10T00:00:00.000000000Z,1806835
usdt_trx,2024-01-11T00:00:00.000000000Z,1840255
usdt_trx,2024-01-12T00:00:00.000000000Z,1767393
usdt_trx,2024-01-13T00:00:00.000000000Z,1487605
usdt_trx,2024-01-14T00:00:00.000000000Z,1411814
usdt_trx,2024-01-15T00:00:00.000000000Z,1830820
usdt_trx,2024-01-16T00:00:00.000000000Z,1741252
usdt_trx,2024-01-17T00:00:00.000000000Z,1716107
usdt_trx,2024-01-18T00:00:00.000000000Z,1715794
usdt_trx,2024-01-19T00:00:00.000000000Z,1733075
usdt_trx,2024-01-20T00:00:00.000000000Z,1487419
usdt_trx,2024-01-21T00:00:00.000000000Z,1408802
usdt_trx,2024-01-22T00:00:00.000000000Z,1742311
usdt_trx,2024-01-23T00:00:00.000000000Z,1715639
usdt_trx,2024-01-24T00:00:00.000000000Z,1668109
usdt_trx,2024-01-25T00:00:00.000000000Z,1658779
usdt_trx,2024-01-26T00:00:00.000000000Z,1643545
usdt_trx,2024-01-27T00:00:00.000000000Z,1459811
usdt_trx,2024-01-28T00:00:00.000000000Z,1365643
usdt_trx,2024-01-29T00:00:00.000000000Z,1700747
usdt_trx,2024-01-30T00:00:00.000000000Z,1716021
usdt_trx,2024-01-31T00:00:00.000000000Z,1808252
usdt_trx,2023-07-16T00:00:00.000000000Z,1512742
usdt_trx,2023-07-17T00:00:00.000000000Z,1748463
usdt_trx,2023-07-18T00:00:00.000000000Z,1806758
usdt_trx,2023-07-19T00:00:00.000000000Z,1710314
usdt_trx,2023-07-20T00:00:00.000000000Z,1715529
usdt_trx,2023-07-21T00:00:00.000000000Z,1772065
usdt_trx,2023-07-22T00:00:00.000000000Z,1399285
usdt_trx,2023-07-23T00:00:00.000000000Z,1280263
usdt_trx,2023-07-24T00:00:00.000000000Z,1757842
usdt_trx,2023-07-25T00:00:00.000000000Z,1757846
usdt_trx,2023-07-26T00:00:00.000000000Z,1765363
usdt_trx,2023-07-27T00:00:00.000000000Z,1702383
usdt_trx,2023-07-28T00:00:00.000000000Z,1651034
usdt_trx,2023-07-29T00:00:00.000000000Z,1389915
usdt_trx,2023-07-30T00:00:00.000000000Z,1368057
usdt_trx,2023-07-31T00:00:00.000000000Z,1912621
usdt_trx,2023-08-01T00:00:00.000000000Z,1926832
usdt_trx,2023-08-02T00:00:00.000000000Z,1887680
usdt_trx,2023-08-03T00:00:00.000000000Z,1836500
usdt_trx,2023-08-04T00:00:00.000000000Z,1834204
usdt_trx,2023-08-05T00:00:00.000000000Z,1416682
usdt_trx,2023-08-06T00:00:00.000000000Z,1385577
usdt_trx,2023-08-07T00:00:00.000000000Z,1991473
usdt_trx,2023-08-08T00:00:00.000000000Z,1888632
usdt_trx,2023-08-09T00:00:00.000000000Z,1815380
usdt_trx,2023-08-10T00:00:00.000000000Z,1813292
usdt_trx,2023-08-11T00:00:00.000000000Z,1674524
usdt_trx,2023-08-12T00:00:00.000000000Z,1431707
usdt_trx,2023-08-13T00:00:00.000000000Z,1362903
usdt_trx,2023-08-14T00:00:00.000000000Z,1823335
usdt_trx,2023-08-15T00:00:00.000000000Z,1825057
usdt_trx,2023-08-16T00:00:00.000000000Z,1805798
usdt_trx,2023-08-17T00:00:00.000000000Z,1805876
usdt_trx,2023-08-18T00:00:00.000000000Z,1792391
usdt_trx,2023-08-19T00:00:00.000000000Z,1488113
usdt_trx,2023-08-20T00:00:00.000000000Z,1364464
usdt_trx,2023-08-21T00:00:00.000000000Z,1730416
usdt_trx,2023-08-22T00:00:00.000000000Z,1722499
usdt_trx,2023-08-23T00:00:00.000000000Z,1742838
usdt_trx,2023-08-24T00:00:00.000000000Z,1724853
usdt_trx,2023-08-25T00:00:00.000000000Z,1768128
usdt_trx,2023-08-26T00:00:00.000000000Z,1450617
usdt_trx,2023-08-27T00:00:00.000000000Z,1414123
usdt_trx,2023-08-28T00:00:00.000000000Z,1821564
usdt_trx,2023-08-29T00:00:00.000000000Z,1957689
usdt_trx,2023-08-30T00:00:00.000000000Z,1895261
usdt_trx,2023-08-31T00:00:00.000000000Z,1948159
usdt_trx,2023-09-01T00:00:00.000000000Z,1945728
usdt_trx,2023-09-02T00:00:00.000000000Z,1663591
usdt_trx,2023-09-03T00:00:00.000000000Z,1575080
usdt_trx,2023-09-04T00:00:00.000000000Z,1873319
usdt_trx,2023-09-05T00:00:00.000000000Z,1981912
usdt_trx,2023-09-06T00:00:00.000000000Z,1921799
usdt_trx,2023-09-07T00:00:00.000000000Z,1931521
usdt_trx,2023-09-08T00:00:00.000000000Z,1908273
usdt_trx,2023-09-09T00:00:00.000000000Z,1685694
usdt_trx,2023-09-10T00:00:00.000000000Z,1554330
usdt_trx,2023-09-11T00:00:00.000000000Z,1977080
usdt_trx,2023-09-12T00:00:00.000000000Z,1885653
usdt_trx,2023-09-13T00:00:00.000000000Z,1925110
usdt_trx,2023-09-14T00:00:00.000000000Z,2003695
usdt_trx,2023-09-15T00:00:00.000000000Z,1965781
usdt_trx,2023-09-16T00:00:00.000000000Z,1639004
usdt_trx,2023-09-17T00:00:00.000000000Z,1601861
usdt_trx,2023-09-18T00:00:00.000000000Z,1989646
usdt_trx,2023-09-19T00:00:00.000000000Z,1973610
usdt_trx,2023-09-20T00:00:00.000000000Z,1959851
usdt_trx,2023-09-21T00:00:00.000000000Z,2027534
usdt_trx,2023-09-22T00:00:00.000000000Z,1870382
usdt_trx,2023-09-23T00:00:00.000000000Z,1637362
usdt_trx,2023-09-24T00:00:00.000000000Z,1636468
usdt_trx,2023-09-25T00:00:00.000000000Z,2052801
usdt_trx,2023-09-26T00:00:00.000000000Z,2080550
usdt_trx,2023-09-27T00:00:00.000000000Z,1978605
usdt_trx,2023-09-28T00:00:00.000000000Z,2143467
usdt_trx,2023-09-29T00:00:00.000000000Z,1860023
usdt_trx,2023-09-30T00:00:00.000000000Z,1827350
usdt_trx,2023-10-01T00:00:00.000000000Z,1736603
usdt_trx,2023-10-02T00:00:00.000000000Z,1950361
usdt_trx,2023-10-03T00:00:00.000000000Z,1869805
usdt_trx,2023-10-04T00:00:00.000000000Z,1862281
usdt_trx,2023-10-05T00:00:00.000000000Z,1872182
usdt_trx,2023-10-06T00:00:00.000000000Z,1910613
usdt_trx,2023-10-07T00:00:00.000000000Z,1723330
usdt_trx,2023-10-08T00:00:00.000000000Z,1620537
usdt_trx,2023-10-09T00:00:00.000000000Z,1970117
usdt_trx,2023-10-10T00:00:00.000000000Z,1925163
usdt_trx,2023-10-11T00:00:00.000000000Z,1909483
usdt_trx,2023-10-12T00:00:00.000000000Z,1907386
usdt_trx,2023-10-13T00:00:00.000000000Z,1941185
usdt_trx,2023-10-14T00:00:00.000000000Z,1654529
usdt_trx,2023-10-15T00:00:00.000000000Z,1673164
usdt_trx,2023-10-16T00:00:00.000000000Z,2050316
usdt_trx,2023-10-17T00:00:00.000000000Z,1985100
usdt_trx,2023-10-18T00:00:00.000000000Z,1896305
usdt_trx,2023-10-19T00:00:00.000000000Z,1871205
usdt_trx,2023-10-20T00:00:00.000000000Z,1946660
usdt_trx,2023-10-21T00:00:00.000000000Z,1715201
usdt_trx,2023-10-22T00:00:00.000000000Z,1636422
usdt_trx,2023-10-23T00:00:00.000000000Z,1985888
usdt_trx,2023-04-07T00:00:00.000000000Z,1813938
usdt_trx,2023-04-08T00:00:00.000000000Z,1671272
usdt_trx,2023-04-09T00:00:00.000000000Z,1553721
usdt_trx,2023-04-10T00:00:00.000000000Z,2046225
usdt_trx,2023-04-11T00:00:00.000000000Z,1993777
usdt_trx,2023-04-12T00:00:00.000000000Z,1942001
usdt_trx,2023-04-13T00:00:00.000000000Z,1922081
usdt_trx,2023-04-14T00:00:00.000000000Z,1900916
usdt_trx,2023-04-15T00:00:00.000000000Z,1546677
usdt_trx,2023-04-16T00:00:00.000000000Z,1413261
usdt_trx,2023-04-17T00:00:00.000000000Z,2090842
usdt_trx,2023-04-18T00:00:00.000000000Z,1937338
usdt_trx,2023-04-19T00:00:00.000000000Z,2056335
usdt_trx,2023-04-20T00:00:00.000000000Z,1949856
usdt_trx,2023-04-21T00:00:00.000000000Z,1819890
usdt_trx,2023-04-22T00:00:00.000000000Z,1424022
usdt_trx,2023-04-23T00:00:00.000000000Z,1380913
usdt_trx,2023-04-24T00:00:00.000000000Z,1867136
usdt_trx,2023-04-25T00:00:00.000000000Z,2013655
usdt_trx,2023-04-26T00:00:00.000000000Z,2010403
usdt_trx,2023-04-27T00:00:00.000000000Z,1942147
usdt_trx,2023-04-28T00:00:00.000000000Z,1983001
usdt_trx,2023-04-29T00:00:00.000000000Z,1650596
usdt_trx,2023-04-30T00:00:00.000000000Z,1562314
usdt_trx,2023-05-01T00:00:00.000000000Z,1954885
usdt_trx,2023-05-02T00:00:00.000000000Z,1999276
usdt_trx,2023-05-03T00:00:00.000000000Z,2027164
usdt_trx,2023-05-04T00:00:00.000000000Z,2001047
usdt_trx,2023-05-05T00:00:00.000000000Z,2105405
usdt_trx,2023-05-06T00:00:00.000000000Z,1758639
usdt_trx,2023-05-07T00:00:00.000000000Z,1635878
usdt_trx,2023-05-08T00:00:00.000000000Z,2038027
usdt_trx,2023-05-09T00:00:00.000000000Z,1918143
usdt_trx,2023-05-10T00:00:00.000000000Z,1968064
usdt_trx,2023-05-11T00:00:00.000000000Z,1968966
usdt_trx,2023-05-12T00:00:00.000000000Z,1970946
usdt_trx,2023-05-13T00:00:00.000000000Z,1674666
usdt_trx,2023-05-14T00:00:00.000000000Z,1636906
usdt_trx,2023-05-15T00:00:00.000000000Z,2086502
usdt_trx,2023-05-16T00:00:00.000000000Z,2076227
usdt_trx,2023-05-17T00:00:00.000000000Z,2026988
usdt_trx,2023-05-18T00:00:00.000000000Z,1965082
usdt_trx,2023-05-19T00:00:00.000000000Z,1919631
usdt_trx,2023-05-20T00:00:00.000000000Z,1662523
usdt_trx,2023-05-21T00:00:00.000000000Z,1475377
usdt_trx,2023-05-22T00:00:00.000000000Z,1704554
usdt_trx,2023-05-23T00:00:00.000000000Z,1705743
usdt_trx,2023-05-24T00:00:00.000000000Z,1795436
usdt_trx,2023-05-25T00:00:00.000000000Z,1703210
usdt_trx,2023-05-26T00:00:00.000000000Z,1691249
usdt_trx,2023-05-27T00:00:00.000000000Z,1581354
usdt_trx,2023-05-28T00:00:00.000000000Z,1493210
usdt_trx,2023-05-29T00:00:00.000000000Z,1928603
usdt_trx,2023-05-30T00:00:00.000000000Z,1973858
usdt_trx,2023-05-31T00:00:00.000000000Z,2017327
usdt_trx,2023-06-01T00:00:00.000000000Z,1998262
usdt_trx,2023-06-02T00:00:00.000000000Z,2011556
usdt_trx,2023-06-03T00:00:00.000000000Z,1788695
usdt_trx,2023-06-04T00:00:00.000000000Z,1383718
usdt_trx,2023-06-05T00:00:00.000000000Z,1780679
usdt_trx,2023-06-06T00:00:00.000000000Z,1749364
usdt_trx,2023-06-07T00:00:00.000000000Z,1964483
usdt_trx,2023-06-08T00:00:00.000000000Z,1886139
usdt_trx,2023-06-09T00:00:00.000000000Z,1742465
usdt_trx,2023-06-10T00:00:00.000000000Z,1791335
usdt_trx,2023-06-11T00:00:00.000000000Z,1498605
usdt_trx,2023-06-12T00:00:00.000000000Z,1827065
usdt_trx,2023-06-13T00:00:00.000000000Z,1832813
usdt_trx,2023-06-14T00:00:00.000000000Z,1738361
usdt_trx,2023-06-15T00:00:00.000000000Z,1936393
usdt_trx,2023-06-16T00:00:00.000000000Z,1699023
usdt_trx,2023-06-17T00:00:00.000000000Z,1355547
usdt_trx,2023-06-18T00:00:00.000000000Z,1251966
usdt_trx,2023-06-19T00:00:00.000000000Z,1562581
usdt_trx,2023-06-20T00:00:00.000000000Z,1702810
usdt_trx,2023-06-21T00:00:00.000000000Z,1673728
usdt_trx,2023-06-22T00:00:00.000000000Z,1459082
usdt_trx,2023-06-23T00:00:00.000000000Z,1477800
usdt_trx,2023-06-24T00:00:00.000000000Z,1252634
usdt_trx,2023-06-25T00:00:00.000000000Z,1243965
usdt_trx,2023-06-26T00:00:00.000000000Z,1579099
usdt_trx,2023-06-27T00:00:00.000000000Z,1541867
usdt_trx,2023-06-28T00:00:00.000000000Z,1540146
usdt_trx,2023-06-29T00:00:00.000000000Z,1500023
usdt_trx,2023-06-30T00:00:00.000000000Z,1665568
usdt_trx,2023-07-01T00:00:00.000000000Z,1310182
usdt_trx,2023-07-02T00:00:00.000000000Z,1244767
usdt_trx,2023-07-03T00:00:00.000000000Z,1665499
usdt_trx,2023-07-04T00:00:00.000000000Z,1626749
usdt_trx,2023-07-05T00:00:00.000000000Z,1627479
usdt_trx,2023-07-06T00:00:00.000000000Z,1591843
usdt_trx,2023-07-07T00:00:00.000000000Z,1601915
usdt_trx,2023-07-08T00:00:00.000000000Z,1318657
usdt_trx,2023-07-09T00:00:00.000000000Z,1292044
usdt_trx,2023-07-10T00:00:00.000000000Z,1721920
usdt_trx,2023-07-11T00:00:00.000000000Z,1627753
usdt_trx,2023-07-12T00:00:00.000000000Z,1606905
usdt_trx,2023-07-13T00:00:00.000000000Z,1611457
usdt_trx,2023-07-14T00:00:00.000000000Z,1733722
usdt_trx,2023-07-15T00:00:00.000000000Z,1524060
usdt_trx,2022-12-28T00:00:00.000000000Z,1316581
usdt_trx,2022-12-29T00:00:00.000000000Z,1294925
usdt_trx,2022-12-30T00:00:00.000000000Z,1311122
usdt_trx,2022-12-31T00:00:00.000000000Z,1159689
usdt_trx,2023-01-01T00:00:00.000000000Z,1019577
usdt_trx,2023-01-02T00:00:00.000000000Z,1296856
usdt_trx,2023-01-03T00:00:00.000000000Z,1385348
usdt_trx,2023-01-04T00:00:00.000000000Z,1494427
usdt_trx,2023-01-05T00:00:00.000000000Z,1506185
usdt_trx,2023-01-06T00:00:00.000000000Z,1582083
usdt_trx,2023-01-07T00:00:00.000000000Z,1383496
usdt_trx,2023-01-08T00:00:00.000000000Z,1439682
usdt_trx,2023-01-09T00:00:00.000000000Z,1943051
usdt_trx,2023-01-10T00:00:00.000000000Z,1749027
usdt_trx,2023-01-11T00:00:00.000000000Z,1643721
usdt_trx,2023-01-12T00:00:00.000000000Z,1791432
usdt_trx,2023-01-13T00:00:00.000000000Z,1863683
usdt_trx,2023-01-14T00:00:00.000000000Z,1710220
usdt_trx,2023-01-15T00:00:00.000000000Z,1799084
usdt_trx,2023-01-16T00:00:00.000000000Z,2252370
usdt_trx,2023-01-17T00:00:00.000000000Z,2057853
usdt_trx,2023-01-18T00:00:00.000000000Z,1908851
usdt_trx,2023-01-19T00:00:00.000000000Z,1809153
usdt_trx,2023-01-20T00:00:00.000000000Z,1588924
usdt_trx,2023-01-21T00:00:00.000000000Z,1238836
usdt_trx,2023-01-22T00:00:00.000000000Z,1123189
usdt_trx,2023-01-23T00:00:00.000000000Z,1411897
usdt_trx,2023-01-24T00:00:00.000000000Z,1384783
usdt_trx,2023-01-25T00:00:00.000000000Z,1435308
usdt_trx,2023-01-26T00:00:00.000000000Z,1475927
usdt_trx,2023-01-27T00:00:00.000000000Z,1511635
usdt_trx,2023-01-28T00:00:00.000000000Z,1376635
usdt_trx,2023-01-29T00:00:00.000000000Z,1524829
usdt_trx,2023-01-30T00:00:00.000000000Z,1858406
usdt_trx,2023-01-31T00:00:00.000000000Z,1926862
usdt_trx,2023-02-01T00:00:00.000000000Z,1864590
usdt_trx,2023-02-02T00:00:00.000000000Z,2046219
usdt_trx,2023-02-03T00:00:00.000000000Z,1897284
usdt_trx,2023-02-04T00:00:00.000000000Z,1747480
usdt_trx,2023-02-05T00:00:00.000000000Z,1545975
usdt_trx,2023-02-06T00:00:00.000000000Z,1630819
usdt_trx,2023-02-07T00:00:00.000000000Z,1604154
usdt_trx,2023-02-08T00:00:00.000000000Z,1726838
usdt_trx,2023-02-09T00:00:00.000000000Z,1657623
usdt_trx,2023-02-10T00:00:00.000000000Z,1542836
usdt_trx,2023-02-11T00:00:00.000000000Z,1464085
usdt_trx,2023-02-12T00:00:00.000000000Z,1255799
usdt_trx,2023-02-13T00:00:00.000000000Z,1601138
usdt_trx,2023-02-14T00:00:00.000000000Z,1561085
usdt_trx,2023-02-15T00:00:00.000000000Z,1603905
usdt_trx,2023-02-16T00:00:00.000000000Z,1649612
usdt_trx,2023-02-17T00:00:00.000000000Z,1660734
usdt_trx,2023-02-18T00:00:00.000000000Z,1472087
usdt_trx,2023-02-19T00:00:00.000000000Z,1402343
usdt_trx,2023-02-20T00:00:00.000000000Z,1757800
usdt_trx,2023-02-21T00:00:00.000000000Z,1698263
usdt_trx,2023-02-22T00:00:00.000000000Z,1637602
usdt_trx,2023-02-23T00:00:00.000000000Z,1659360
usdt_trx,2023-02-24T00:00:00.000000000Z,1615778
usdt_trx,2023-02-25T00:00:00.000000000Z,1407468
usdt_trx,2023-02-26T00:00:00.000000000Z,1355267
usdt_trx,2023-02-27T00:00:00.000000000Z,1676459
usdt_trx,2023-02-28T00:00:00.000000000Z,1664836
usdt_trx,2023-03-01T00:00:00.000000000Z,1701266
usdt_trx,2023-03-02T00:00:00.000000000Z,1599853
usdt_trx,2023-03-03T00:00:00.000000000Z,1591098
usdt_trx,2023-03-04T00:00:00.000000000Z,1384670
usdt_trx,2023-03-05T00:00:00.000000000Z,1304533
usdt_trx,2023-03-06T00:00:00.000000000Z,1622782
usdt_trx,2023-03-07T00:00:00.000000000Z,1652495
usdt_trx,2023-03-08T00:00:00.000000000Z,1613350
usdt_trx,2023-03-09T00:00:00.000000000Z,1674757
usdt_trx,2023-03-10T00:00:00.000000000Z,1743766
usdt_trx,2023-03-11T00:00:00.000000000Z,1460173
usdt_trx,2023-03-12T00:00:00.000000000Z,1286873
usdt_trx,2023-03-13T00:00:00.000000000Z,1750425
usdt_trx,2023-03-14T00:00:00.000000000Z,1683580
usdt_trx,2023-03-15T00:00:00.000000000Z,1657696
usdt_trx,2023-03-16T00:00:00.000000000Z,1629938
usdt_trx,2023-03-17T00:00:00.000000000Z,1681270
usdt_trx,2023-03-18T00:00:00.000000000Z,1463041
usdt_trx,2023-03-19T00:00:00.000000000Z,1368862
usdt_trx,2023-03-20T00:00:00.000000000Z,1781204
usdt_trx,2023-03-21T00:00:00.000000000Z,1683776
usdt_trx,2023-03-22T00:00:00.000000000Z,1707817
usdt_trx,2023-03-23T00:00:00.000000000Z,1760102
usdt_trx,2023-03-24T00:00:00.000000000Z,1683675
usdt_trx,2023-03-25T00:00:00.000000000Z,1480237
usdt_trx,2023-03-26T00:00:00.000000000Z,1404100
usdt_trx,2023-03-27T00:00:00.000000000Z,1854263
usdt_trx,2023-03-28T00:00:00.000000000Z,1888146
usdt_trx,2023-03-29T00:00:00.000000000Z,1869089
usdt_trx,2023-03-30T00:00:00.000000000Z,1813268
usdt_trx,2023-03-31T00:00:00.000000000Z,1817504
usdt_trx,2023-04-01T00:00:00.000000000Z,1563114
usdt_trx,2023-04-02T00:00:00.000000000Z,1553149
usdt_trx,2023-04-03T00:00:00.000000000Z,1980772
usdt_trx,2023-04-04T00:00:00.000000000Z,1930289
usdt_trx,2023-04-05T00:00:00.000000000Z,1872291
usdt_trx,2023-04-06T00:00:00.000000000Z,1885056
usdt_trx,2022-09-19T00:00:00.000000000Z,1301717
usdt_trx,2022-09-20T00:00:00.000000000Z,1287675
usdt_trx,2022-09-21T00:00:00.000000000Z,1278902
usdt_trx,2022-09-22T00:00:00.000000000Z,1232136
usdt_trx,2022-09-23T00:00:00.000000000Z,1263409
usdt_trx,2022-09-24T00:00:00.000000000Z,1095195
usdt_trx,2022-09-25T00:00:00.000000000Z,1008560
usdt_trx,2022-09-26T00:00:00.000000000Z,1320753
usdt_trx,2022-09-27T00:00:00.000000000Z,1827827
usdt_trx,2022-09-28T00:00:00.000000000Z,1384993
usdt_trx,2022-09-29T00:00:00.000000000Z,1264943
usdt_trx,2022-09-30T00:00:00.000000000Z,1316224
usdt_trx,2022-10-01T00:00:00.000000000Z,1105143
usdt_trx,2022-10-02T00:00:00.000000000Z,1032105
usdt_trx,2022-10-03T00:00:00.000000000Z,1214769
usdt_trx,2022-10-04T00:00:00.000000000Z,1281734
usdt_trx,2022-10-05T00:00:00.000000000Z,1234941
usdt_trx,2022-10-06T00:00:00.000000000Z,1267853
usdt_trx,2022-10-07T00:00:00.000000000Z,1291716
usdt_trx,2022-10-08T00:00:00.000000000Z,1289726
usdt_trx,2022-10-09T00:00:00.000000000Z,1202926
usdt_trx,2022-10-10T00:00:00.000000000Z,1510729
usdt_trx,2022-10-11T00:00:00.000000000Z,1527954
usdt_trx,2022-10-12T00:00:00.000000000Z,1511572
usdt_trx,2022-10-13T00:00:00.000000000Z,1613700
usdt_trx,2022-10-14T00:00:00.000000000Z,1617113
usdt_trx,2022-10-15T00:00:00.000000000Z,1469292
usdt_trx,2022-10-16T00:00:00.000000000Z,1387035
usdt_trx,2022-10-17T00:00:00.000000000Z,1700806
usdt_trx,2022-10-18T00:00:00.000000000Z,1704793
usdt_trx,2022-10-19T00:00:00.000000000Z,1653104
usdt_trx,2022-10-20T00:00:00.000000000Z,1674292
usdt_trx,2022-10-21T00:00:00.000000000Z,1946263
usdt_trx,2022-10-22T00:00:00.000000000Z,1498656
usdt_trx,2022-10-23T00:00:00.000000000Z,1496772
usdt_trx,2022-10-24T00:00:00.000000000Z,1811085
usdt_trx,2022-10-25T00:00:00.000000000Z,1768254
usdt_trx,2022-10-26T00:00:00.000000000Z,1872241
usdt_trx,2022-10-27T00:00:00.000000000Z,1859887
usdt_trx,2022-10-28T00:00:00.000000000Z,1847150
usdt_trx,2022-10-29T00:00:00.000000000Z,1671755
usdt_trx,2022-10-30T00:00:00.000000000Z,1572586
usdt_trx,2022-10-31T00:00:00.000000000Z,1948947
usdt_trx,2022-11-01T00:00:00.000000000Z,1892764
usdt_trx,2022-11-02T00:00:00.000000000Z,1811096
usdt_trx,2022-11-03T00:00:00.000000000Z,1858154
usdt_trx,2022-11-04T00:00:00.000000000Z,1761985
usdt_trx,2022-11-05T00:00:00.000000000Z,1694062
usdt_trx,2022-11-06T00:00:00.000000000Z,1666512
usdt_trx,2022-11-07T00:00:00.000000000Z,2002274
usdt_trx,2022-11-08T00:00:00.000000000Z,2056636
usdt_trx,2022-11-09T00:00:00.000000000Z,2167783
usdt_trx,2022-11-10T00:00:00.000000000Z,2120847
usdt_trx,2022-11-11T00:00:00.000000000Z,1919394
usdt_trx,2022-11-12T00:00:00.000000000Z,1683719
usdt_trx,2022-11-13T00:00:00.000000000Z,1670143
usdt_trx,2022-11-14T00:00:00.000000000Z,1947090
usdt_trx,2022-11-15T00:00:00.000000000Z,2135609
usdt_trx,2022-11-16T00:00:00.000000000Z,2283182
usdt_trx,2022-11-17T00:00:00.000000000Z,2433945
usdt_trx,2022-11-18T00:00:00.000000000Z,1955269
usdt_trx,2022-11-19T00:00:00.000000000Z,1981949
usdt_trx,2022-11-20T00:00:00.000000000Z,1849943
usdt_trx,2022-11-21T00:00:00.000000000Z,1984880
usdt_trx,2022-11-22T00:00:00.000000000Z,1903445
usdt_trx,2022-11-23T00:00:00.000000000Z,1781278
usdt_trx,2022-11-24T00:00:00.000000000Z,1761992
usdt_trx,2022-11-25T00:00:00.000000000Z,1580892
usdt_trx,2022-11-26T00:00:00.000000000Z,1203933
usdt_trx,2022-11-27T00:00:00.000000000Z,1123581
usdt_trx,2022-11-28T00:00:00.000000000Z,1368676
usdt_trx,2022-11-29T00:00:00.000000000Z,1527053
usdt_trx,2022-11-30T00:00:00.000000000Z,1329128
usdt_trx,2022-12-01T00:00:00.000000000Z,1378265
usdt_trx,2022-12-02T00:00:00.000000000Z,1323986
usdt_trx,2022-12-03T00:00:00.000000000Z,1131696
usdt_trx,2022-12-04T00:00:00.000000000Z,1022333
usdt_trx,2022-12-05T00:00:00.000000000Z,1443923
usdt_trx,2022-12-06T00:00:00.000000000Z,1294310
usdt_trx,2022-12-07T00:00:00.000000000Z,1210934
usdt_trx,2022-12-08T00:00:00.000000000Z,1652375
usdt_trx,2022-12-09T00:00:00.000000000Z,1476500
usdt_trx,2022-12-10T00:00:00.000000000Z,3228258
usdt_trx,2022-12-11T00:00:00.000000000Z,1247910
usdt_trx,2022-12-12T00:00:00.000000000Z,1785639
usdt_trx,2022-12-13T00:00:00.000000000Z,1567580
usdt_trx,2022-12-14T00:00:00.000000000Z,1794434
usdt_trx,2022-12-15T00:00:00.000000000Z,1448311
usdt_trx,2022-12-16T00:00:00.000000000Z,1438910
usdt_trx,2022-12-17T00:00:00.000000000Z,1343680
usdt_trx,2022-12-18T00:00:00.000000000Z,1032046
usdt_trx,2022-12-19T00:00:00.000000000Z,1500888
usdt_trx,2022-12-20T00:00:00.000000000Z,1481019
usdt_trx,2022-12-21T00:00:00.000000000Z,1421078
usdt_trx,2022-12-22T00:00:00.000000000Z,1359545
usdt_trx,2022-12-23T00:00:00.000000000Z,1346239
usdt_trx,2022-12-24T00:00:00.000000000Z,1103192
usdt_trx,2022-12-25T00:00:00.000000000Z,1005926
usdt_trx,2022-12-26T00:00:00.000000000Z,1296625
usdt_trx,2022-12-27T00:00:00.000000000Z,1269173
usdt_trx,2022-06-11T00:00:00.000000000Z,1240819
usdt_trx,2022-06-12T00:00:00.000000000Z,1237120
usdt_trx,2022-06-13T00:00:00.000000000Z,1589782
usdt_trx,2022-06-14T00:00:00.000000000Z,1453604
usdt_trx,2022-06-15T00:00:00.000000000Z,1496381
usdt_trx,2022-06-16T00:00:00.000000000Z,1329937
usdt_trx,2022-06-17T00:00:00.000000000Z,1260230
usdt_trx,2022-06-18T00:00:00.000000000Z,1156653
usdt_trx,2022-06-19T00:00:00.000000000Z,1125441
usdt_trx,2022-06-20T00:00:00.000000000Z,1352538
usdt_trx,2022-06-21T00:00:00.000000000Z,1351337
usdt_trx,2022-06-22T00:00:00.000000000Z,1316940
usdt_trx,2022-06-23T00:00:00.000000000Z,1289859
usdt_trx,2022-06-24T00:00:00.000000000Z,1353888
usdt_trx,2022-06-25T00:00:00.000000000Z,1234141
usdt_trx,2022-06-26T00:00:00.000000000Z,1109922
usdt_trx,2022-06-27T00:00:00.000000000Z,1330525
usdt_trx,2022-06-28T00:00:00.000000000Z,1387744
usdt_trx,2022-06-29T00:00:00.000000000Z,1231105
usdt_trx,2022-06-30T00:00:00.000000000Z,1268369
usdt_trx,2022-07-01T00:00:00.000000000Z,1224847
usdt_trx,2022-07-02T00:00:00.000000000Z,1135099
usdt_trx,2022-07-03T00:00:00.000000000Z,1007700
usdt_trx,2022-07-04T00:00:00.000000000Z,1259173
usdt_trx,2022-07-05T00:00:00.000000000Z,1225453
usdt_trx,2022-07-06T00:00:00.000000000Z,1236042
usdt_trx,2022-07-07T00:00:00.000000000Z,1199915
usdt_trx,2022-07-08T00:00:00.000000000Z,1141600
usdt_trx,2022-07-09T00:00:00.000000000Z,1014553
usdt_trx,2022-07-10T00:00:00.000000000Z,961430
usdt_trx,2022-07-11T00:00:00.000000000Z,1207216
usdt_trx,2022-07-12T00:00:00.000000000Z,1188438
usdt_trx,2022-07-13T00:00:00.000000000Z,1228471
usdt_trx,2022-07-14T00:00:00.000000000Z,1169055
usdt_trx,2022-07-15T00:00:00.000000000Z,1199318
usdt_trx,2022-07-16T00:00:00.000000000Z,1087515
usdt_trx,2022-07-17T00:00:00.000000000Z,1034525
usdt_trx,2022-07-18T00:00:00.000000000Z,1309849
usdt_trx,2022-07-19T00:00:00.000000000Z,1307629
usdt_trx,2022-07-20T00:00:00.000000000Z,1266455
usdt_trx,2022-07-21T00:00:00.000000000Z,1245674
usdt_trx,2022-07-22T00:00:00.000000000Z,1232442
usdt_trx,2022-07-23T00:00:00.000000000Z,1157015
usdt_trx,2022-07-24T00:00:00.000000000Z,1089760
usdt_trx,2022-07-25T00:00:00.000000000Z,1341823
usdt_trx,2022-07-26T00:00:00.000000000Z,1331961
usdt_trx,2022-07-27T00:00:00.000000000Z,1273954
usdt_trx,2022-07-28T00:00:00.000000000Z,1245868
usdt_trx,2022-07-29T00:00:00.000000000Z,1222938
usdt_trx,2022-07-30T00:00:00.000000000Z,1091867
usdt_trx,2022-07-31T00:00:00.000000000Z,1083318
usdt_trx,2022-08-01T00:00:00.000000000Z,1274635
usdt_trx,2022-08-02T00:00:00.000000000Z,1259558
usdt_trx,2022-08-03T00:00:00.000000000Z,1266427
usdt_trx,2022-08-04T00:00:00.000000000Z,1192994
usdt_trx,2022-08-05T00:00:00.000000000Z,1266285
usdt_trx,2022-08-06T00:00:00.000000000Z,1108360
usdt_trx,2022-08-07T00:00:00.000000000Z,1028349
usdt_trx,2022-08-08T00:00:00.000000000Z,1271943
usdt_trx,2022-08-09T00:00:00.000000000Z,1262652
usdt_trx,2022-08-10T00:00:00.000000000Z,1313431
usdt_trx,2022-08-11T00:00:00.000000000Z,1272466
usdt_trx,2022-08-12T00:00:00.000000000Z,1258584
usdt_trx,2022-08-13T00:00:00.000000000Z,1129093
usdt_trx,2022-08-14T00:00:00.000000000Z,1113368
usdt_trx,2022-08-15T00:00:00.000000000Z,1293415
usdt_trx,2022-08-16T00:00:00.000000000Z,1209245
usdt_trx,2022-08-17T00:00:00.000000000Z,1360214
usdt_trx,2022-08-18T00:00:00.000000000Z,1269959
usdt_trx,2022-08-19T00:00:00.000000000Z,1289279
usdt_trx,2022-08-20T00:00:00.000000000Z,1082114
usdt_trx,2022-08-21T00:00:00.000000000Z,1005067
usdt_trx,2022-08-22T00:00:00.000000000Z,1267167
usdt_trx,2022-08-23T00:00:00.000000000Z,1219856
usdt_trx,2022-08-24T00:00:00.000000000Z,1218662
usdt_trx,2022-08-25T00:00:00.000000000Z,1240848
usdt_trx,2022-08-26T00:00:00.000000000Z,1246574
usdt_trx,2022-08-27T00:00:00.000000000Z,1138642
usdt_trx,2022-08-28T00:00:00.000000000Z,1031547
usdt_trx,2022-08-29T00:00:00.000000000Z,1261881
usdt_trx,2022-08-30T00:00:00.000000000Z,1272921
usdt_trx,2022-08-31T00:00:00.000000000Z,1291029
usdt_trx,2022-09-01T00:00:00.000000000Z,1265045
usdt_trx,2022-09-02T00:00:00.000000000Z,1252905
usdt_trx,2022-09-03T00:00:00.000000000Z,1105226
usdt_trx,2022-09-04T00:00:00.000000000Z,1042008
usdt_trx,2022-09-05T00:00:00.000000000Z,1297725
usdt_trx,2022-09-06T00:00:00.000000000Z,1333620
usdt_trx,2022-09-07T00:00:00.000000000Z,1278109
usdt_trx,2022-09-08T00:00:00.000000000Z,1260552
usdt_trx,2022-09-09T00:00:00.000000000Z,1255827
usdt_trx,2022-09-10T00:00:00.000000000Z,1021498
usdt_trx,2022-09-11T00:00:00.000000000Z,995007
usdt_trx,2022-09-12T00:00:00.000000000Z,1199443
usdt_trx,2022-09-13T00:00:00.000000000Z,1257851
usdt_trx,2022-09-14T00:00:00.000000000Z,1237768
usdt_trx,2022-09-15T00:00:00.000000000Z,1255485
usdt_trx,2022-09-16T00:00:00.000000000Z,1402438
usdt_trx,2022-09-17T00:00:00.000000000Z,1087019
usdt_trx,2022-09-18T00:00:00.000000000Z,1068307
usdt_trx,2022-03-03T00:00:00.000000000Z,1034751
usdt_trx,2022-03-04T00:00:00.000000000Z,1006181
usdt_trx,2022-03-05T00:00:00.000000000Z,969166
usdt_trx,2022-03-06T00:00:00.000000000Z,943985
usdt_trx,2022-03-07T00:00:00.000000000Z,1042768
usdt_trx,2022-03-08T00:00:00.000000000Z,1024161
usdt_trx,2022-03-09T00:00:00.000000000Z,1019786
usdt_trx,2022-03-10T00:00:00.000000000Z,962235
usdt_trx,2022-03-11T00:00:00.000000000Z,919492
usdt_trx,2022-03-12T00:00:00.000000000Z,840638
usdt_trx,2022-03-13T00:00:00.000000000Z,831869
usdt_trx,2022-03-14T00:00:00.000000000Z,998258
usdt_trx,2022-03-15T00:00:00.000000000Z,949645
usdt_trx,2022-03-16T00:00:00.000000000Z,975147
usdt_trx,2022-03-17T00:00:00.000000000Z,977338
usdt_trx,2022-03-18T00:00:00.000000000Z,973529
usdt_trx,2022-03-19T00:00:00.000000000Z,906712
usdt_trx,2022-03-20T00:00:00.000000000Z,880558
usdt_trx,2022-03-21T00:00:00.000000000Z,1000540
usdt_trx,2022-03-22T00:00:00.000000000Z,1008751
usdt_trx,2022-03-23T00:00:00.000000000Z,984793
usdt_trx,2022-03-24T00:00:00.000000000Z,1052634
usdt_trx,2022-03-25T00:00:00.000000000Z,1051002
usdt_trx,2022-03-26T00:00:00.000000000Z,929434
usdt_trx,2022-03-27T00:00:00.000000000Z,941567
usdt_trx,2022-03-28T00:00:00.000000000Z,1151666
usdt_trx,2022-03-29T00:00:00.000000000Z,1142499
usdt_trx,2022-03-30T00:00:00.000000000Z,1159689
usdt_trx,2022-03-31T00:00:00.000000000Z,1214433
usdt_trx,2022-04-01T00:00:00.000000000Z,1140493
usdt_trx,2022-04-02T00:00:00.000000000Z,1049175
usdt_trx,2022-04-03T00:00:00.000000000Z,1006961
usdt_trx,2022-04-04T00:00:00.000000000Z,1172293
usdt_trx,2022-04-05T00:00:00.000000000Z,1156712
usdt_trx,2022-04-06T00:00:00.000000000Z,1194822
usdt_trx,2022-04-07T00:00:00.000000000Z,1155165
usdt_trx,2022-04-08T00:00:00.000000000Z,1118834
usdt_trx,2022-04-09T00:00:00.000000000Z,1076723
usdt_trx,2022-04-10T00:00:00.000000000Z,1047796
usdt_trx,2022-04-11T00:00:00.000000000Z,1254935
usdt_trx,2022-04-12T00:00:00.000000000Z,1183558
usdt_trx,2022-04-13T00:00:00.000000000Z,1178320
usdt_trx,2022-04-14T00:00:00.000000000Z,1119143
usdt_trx,2022-04-15T00:00:00.000000000Z,1228235
usdt_trx,2022-04-16T00:00:00.000000000Z,1064436
usdt_trx,2022-04-17T00:00:00.000000000Z,1015144
usdt_trx,2022-04-18T00:00:00.000000000Z,1257238
usdt_trx,2022-04-19T00:00:00.000000000Z,1309373
usdt_trx,2022-04-20T00:00:00.000000000Z,1487993
usdt_trx,2022-04-21T00:00:00.000000000Z,1372619
usdt_trx,2022-04-22T00:00:00.000000000Z,1303006
usdt_trx,2022-04-23T00:00:00.000000000Z,1123888
usdt_trx,2022-04-24T00:00:00.000000000Z,1113019
usdt_trx,2022-04-25T00:00:00.000000000Z,1367814
usdt_trx,2022-04-26T00:00:00.000000000Z,1342383
usdt_trx,2022-04-27T00:00:00.000000000Z,1327042
usdt_trx,2022-04-28T00:00:00.000000000Z,1363484
usdt_trx,2022-04-29T00:00:00.000000000Z,1416362
usdt_trx,2022-04-30T00:00:00.000000000Z,1330489
usdt_trx,2022-05-01T00:00:00.000000000Z,1253554
usdt_trx,2022-05-02T00:00:00.000000000Z,1292315
usdt_trx,2022-05-03T00:00:00.000000000Z,1247704
usdt_trx,2022-05-04T00:00:00.000000000Z,1324887
usdt_trx,2022-05-05T00:00:00.000000000Z,1498516
usdt_trx,2022-05-06T00:00:00.000000000Z,1387936
usdt_trx,2022-05-07T00:00:00.000000000Z,1334420
usdt_trx,2022-05-08T00:00:00.000000000Z,1207994
usdt_trx,2022-05-09T00:00:00.000000000Z,1618644
usdt_trx,2022-05-10T00:00:00.000000000Z,1586191
usdt_trx,2022-05-11T00:00:00.000000000Z,1795641
usdt_trx,2022-05-12T00:00:00.000000000Z,1886666
usdt_trx,2022-05-13T00:00:00.000000000Z,1617963
usdt_trx,2022-05-14T00:00:00.000000000Z,1478222
usdt_trx,2022-05-15T00:00:00.000000000Z,1316032
usdt_trx,2022-05-16T00:00:00.000000000Z,1332160
usdt_trx,2022-05-17T00:00:00.000000000Z,1264247
usdt_trx,2022-05-18T00:00:00.000000000Z,1252836
usdt_trx,2022-05-19T00:00:00.000000000Z,1241044
usdt_trx,2022-05-20T00:00:00.000000000Z,1233878
usdt_trx,2022-05-21T00:00:00.000000000Z,1116621
usdt_trx,2022-05-22T00:00:00.000000000Z,1051630
usdt_trx,2022-05-23T00:00:00.000000000Z,1302431
usdt_trx,2022-05-24T00:00:00.000000000Z,1275007
usdt_trx,2022-05-25T00:00:00.000000000Z,1251967
usdt_trx,2022-05-26T00:00:00.000000000Z,1310545
usdt_trx,2022-05-27T00:00:00.000000000Z,1295669
usdt_trx,2022-05-28T00:00:00.000000000Z,1116296
usdt_trx,2022-05-29T00:00:00.000000000Z,1075505
usdt_trx,2022-05-30T00:00:00.000000000Z,1385796
usdt_trx,2022-05-31T00:00:00.000000000Z,1375325
usdt_trx,2022-06-01T00:00:00.000000000Z,1303517
usdt_trx,2022-06-02T00:00:00.000000000Z,1265302
usdt_trx,2022-06-03T00:00:00.000000000Z,1188427
usdt_trx,2022-06-04T00:00:00.000000000Z,1055981
usdt_trx,2022-06-05T00:00:00.000000000Z,1020867
usdt_trx,2022-06-06T00:00:00.000000000Z,1313656
usdt_trx,2022-06-07T00:00:00.000000000Z,1286042
usdt_trx,2022-06-08T00:00:00.000000000Z,1282873
usdt_trx,2022-06-09T00:00:00.000000000Z,1346167
usdt_trx,2022-06-10T00:00:00.000000000Z,1363446
usdt_trx,2021-11-23T00:00:00.000000000Z,1022526
usdt_trx,2021-11-24T00:00:00.000000000Z,1101057
usdt_trx,2021-11-25T00:00:00.000000000Z,1206338
usdt_trx,2021-11-26T00:00:00.000000000Z,1161275
usdt_trx,2021-11-27T00:00:00.000000000Z,935007
usdt_trx,2021-11-28T00:00:00.000000000Z,861004
usdt_trx,2021-11-29T00:00:00.000000000Z,1048369
usdt_trx,2021-11-30T00:00:00.000000000Z,1179773
usdt_trx,2021-12-01T00:00:00.000000000Z,1194217
usdt_trx,2021-12-02T00:00:00.000000000Z,1032860
usdt_trx,2021-12-03T00:00:00.000000000Z,1250000
usdt_trx,2021-12-04T00:00:00.000000000Z,1160336
usdt_trx,2021-12-05T00:00:00.000000000Z,880716
usdt_trx,2021-12-06T00:00:00.000000000Z,1062803
usdt_trx,2021-12-07T00:00:00.000000000Z,1062072
usdt_trx,2021-12-08T00:00:00.000000000Z,976897
usdt_trx,2021-12-09T00:00:00.000000000Z,948802
usdt_trx,2021-12-10T00:00:00.000000000Z,978126
usdt_trx,2021-12-11T00:00:00.000000000Z,806484
usdt_trx,2021-12-12T00:00:00.000000000Z,834867
usdt_trx,2021-12-13T00:00:00.000000000Z,987719
usdt_trx,2021-12-14T00:00:00.000000000Z,1004413
usdt_trx,2021-12-15T00:00:00.000000000Z,999109
usdt_trx,2021-12-16T00:00:00.000000000Z,905070
usdt_trx,2021-12-17T00:00:00.000000000Z,905835
usdt_trx,2021-12-18T00:00:00.000000000Z,796338
usdt_trx,2021-12-19T00:00:00.000000000Z,742779
usdt_trx,2021-12-20T00:00:00.000000000Z,959167
usdt_trx,2021-12-21T00:00:00.000000000Z,966042
usdt_trx,2021-12-22T00:00:00.000000000Z,949530
usdt_trx,2021-12-23T00:00:00.000000000Z,932102
usdt_trx,2021-12-24T00:00:00.000000000Z,1219444
usdt_trx,2021-12-25T00:00:00.000000000Z,744069
usdt_trx,2021-12-26T00:00:00.000000000Z,740525
usdt_trx,2021-12-27T00:00:00.000000000Z,881088
usdt_trx,2021-12-28T00:00:00.000000000Z,903774
usdt_trx,2021-12-29T00:00:00.000000000Z,925034
usdt_trx,2021-12-30T00:00:00.000000000Z,940543
usdt_trx,2021-12-31T00:00:00.000000000Z,837400
usdt_trx,2022-01-01T00:00:00.000000000Z,673999
usdt_trx,2022-01-02T00:00:00.000000000Z,743588
usdt_trx,2022-01-03T00:00:00.000000000Z,864010
usdt_trx,2022-01-04T00:00:00.000000000Z,930423
usdt_trx,2022-01-05T00:00:00.000000000Z,1001970
usdt_trx,2022-01-06T00:00:00.000000000Z,931882
usdt_trx,2022-01-07T00:00:00.000000000Z,938569
usdt_trx,2022-01-08T00:00:00.000000000Z,825651
usdt_trx,2022-01-09T00:00:00.000000000Z,795256
usdt_trx,2022-01-10T00:00:00.000000000Z,956146
usdt_trx,2022-01-11T00:00:00.000000000Z,944282
usdt_trx,2022-01-12T00:00:00.000000000Z,1003432
usdt_trx,2022-01-13T00:00:00.000000000Z,907177
usdt_trx,2022-01-14T00:00:00.000000000Z,898184
usdt_trx,2022-01-15T00:00:00.000000000Z,888721
usdt_trx,2022-01-16T00:00:00.000000000Z,852266
usdt_trx,2022-01-17T00:00:00.000000000Z,1044407
usdt_trx,2022-01-18T00:00:00.000000000Z,1050144
usdt_trx,2022-01-19T00:00:00.000000000Z,993562
usdt_trx,2022-01-20T00:00:00.000000000Z,987619
usdt_trx,2022-01-21T00:00:00.000000000Z,1035598
usdt_trx,2022-01-22T00:00:00.000000000Z,1054935
usdt_trx,2022-01-23T00:00:00.000000000Z,826629
usdt_trx,2022-01-24T00:00:00.000000000Z,1001053
usdt_trx,2022-01-25T00:00:00.000000000Z,1101545
usdt_trx,2022-01-26T00:00:00.000000000Z,1098965
usdt_trx,2022-01-27T00:00:00.000000000Z,926410
usdt_trx,2022-01-28T00:00:00.000000000Z,923990
usdt_trx,2022-01-29T00:00:00.000000000Z,830434
usdt_trx,2022-01-30T00:00:00.000000000Z,766173
usdt_trx,2022-01-31T00:00:00.000000000Z,850946
usdt_trx,2022-02-01T00:00:00.000000000Z,780171
usdt_trx,2022-02-02T00:00:00.000000000Z,800013
usdt_trx,2022-02-03T00:00:00.000000000Z,782055
usdt_trx,2022-02-04T00:00:00.000000000Z,860676
usdt_trx,2022-02-05T00:00:00.000000000Z,886097
usdt_trx,2022-02-06T00:00:00.000000000Z,871801
usdt_trx,2022-02-07T00:00:00.000000000Z,1045701
usdt_trx,2022-02-08T00:00:00.000000000Z,1031267
usdt_trx,2022-02-09T00:00:00.000000000Z,1061001
usdt_trx,2022-02-10T00:00:00.000000000Z,1029564
usdt_trx,2022-02-11T00:00:00.000000000Z,1018521
usdt_trx,2022-02-12T00:00:00.000000000Z,916804
usdt_trx,2022-02-13T00:00:00.000000000Z,885512
usdt_trx,2022-02-14T00:00:00.000000000Z,1004364
usdt_trx,2022-02-15T00:00:00.000000000Z,1106392
usdt_trx,2022-02-16T00:00:00.000000000Z,1049150
usdt_trx,2022-02-17T00:00:00.000000000Z,1078819
usdt_trx,2022-02-18T00:00:00.000000000Z,1026760
usdt_trx,2022-02-19T00:00:00.000000000Z,973082
usdt_trx,2022-02-20T00:00:00.000000000Z,955480
usdt_trx,2022-02-21T00:00:00.000000000Z,1036660
usdt_trx,2022-02-22T00:00:00.000000000Z,1096998
usdt_trx,2022-02-23T00:00:00.000000000Z,998725
usdt_trx,2022-02-24T00:00:00.000000000Z,1141074
usdt_trx,2022-02-25T00:00:00.000000000Z,1065826
usdt_trx,2022-02-26T00:00:00.000000000Z,969862
usdt_trx,2022-02-27T00:00:00.000000000Z,934893
usdt_trx,2022-02-28T00:00:00.000000000Z,1102396
usdt_trx,2022-03-01T00:00:00.000000000Z,1059797
usdt_trx,2022-03-02T00:00:00.000000000Z,1055053
usdt_trx,2021-08-15T00:00:00.000000000Z,814215
usdt_trx,2021-08-16T00:00:00.000000000Z,818806
usdt_trx,2021-08-17T00:00:00.000000000Z,669042
usdt_trx,2021-08-18T00:00:00.000000000Z,650814
usdt_trx,2021-08-19T00:00:00.000000000Z,722872
usdt_trx,2021-08-20T00:00:00.000000000Z,800636
usdt_trx,2021-08-21T00:00:00.000000000Z,648684
usdt_trx,2021-08-22T00:00:00.000000000Z,676054
usdt_trx,2021-08-23T00:00:00.000000000Z,806439
usdt_trx,2021-08-24T00:00:00.000000000Z,733177
usdt_trx,2021-08-25T00:00:00.000000000Z,718678
usdt_trx,2021-08-26T00:00:00.000000000Z,678949
usdt_trx,2021-08-27T00:00:00.000000000Z,710924
usdt_trx,2021-08-28T00:00:00.000000000Z,624196
usdt_trx,2021-08-29T00:00:00.000000000Z,644526
usdt_trx,2021-08-30T00:00:00.000000000Z,746347
usdt_trx,2021-08-31T00:00:00.000000000Z,723460
usdt_trx,2021-09-01T00:00:00.000000000Z,728152
usdt_trx,2021-09-02T00:00:00.000000000Z,764844
usdt_trx,2021-09-03T00:00:00.000000000Z,800893
usdt_trx,2021-09-04T00:00:00.000000000Z,747814
usdt_trx,2021-09-05T00:00:00.000000000Z,749862
usdt_trx,2021-09-06T00:00:00.000000000Z,923021
usdt_trx,2021-09-07T00:00:00.000000000Z,934690
usdt_trx,2021-09-08T00:00:00.000000000Z,850057
usdt_trx,2021-09-09T00:00:00.000000000Z,765259
usdt_trx,2021-09-10T00:00:00.000000000Z,790799
usdt_trx,2021-09-11T00:00:00.000000000Z,674332
usdt_trx,2021-09-12T00:00:00.000000000Z,702510
usdt_trx,2021-09-13T00:00:00.000000000Z,860732
usdt_trx,2021-09-14T00:00:00.000000000Z,751130
usdt_trx,2021-09-15T00:00:00.000000000Z,750358
usdt_trx,2021-09-16T00:00:00.000000000Z,797060
usdt_trx,2021-09-17T00:00:00.000000000Z,731914
usdt_trx,2021-09-18T00:00:00.000000000Z,646531
usdt_trx,2021-09-19T00:00:00.000000000Z,618770
usdt_trx,2021-09-20T00:00:00.000000000Z,887462
usdt_trx,2021-09-21T00:00:00.000000000Z,680191
usdt_trx,2021-09-22T00:00:00.000000000Z,730462
usdt_trx,2021-09-23T00:00:00.000000000Z,730877
usdt_trx,2021-09-24T00:00:00.000000000Z,853438
usdt_trx,2021-09-25T00:00:00.000000000Z,656489
usdt_trx,2021-09-26T00:00:00.000000000Z,732270
usdt_trx,2021-09-27T00:00:00.000000000Z,675913
usdt_trx,2021-09-28T00:00:00.000000000Z,688596
usdt_trx,2021-09-29T00:00:00.000000000Z,654123
usdt_trx,2021-09-30T00:00:00.000000000Z,730519
usdt_trx,2021-10-01T00:00:00.000000000Z,692587
usdt_trx,2021-10-02T00:00:00.000000000Z,659206
usdt_trx,2021-10-03T00:00:00.000000000Z,627606
usdt_trx,2021-10-04T00:00:00.000000000Z,771486
usdt_trx,2021-10-05T00:00:00.000000000Z,789264
usdt_trx,2021-10-06T00:00:00.000000000Z,842237
usdt_trx,2021-10-07T00:00:00.000000000Z,918718
usdt_trx,2021-10-08T00:00:00.000000000Z,856909
usdt_trx,2021-10-09T00:00:00.000000000Z,796326
usdt_trx,2021-10-10T00:00:00.000000000Z,754352
usdt_trx,2021-10-11T00:00:00.000000000Z,876935
usdt_trx,2021-10-12T00:00:00.000000000Z,870992
usdt_trx,2021-10-13T00:00:00.000000000Z,880913
usdt_trx,2021-10-14T00:00:00.000000000Z,902147
usdt_trx,2021-10-15T00:00:00.000000000Z,910527
usdt_trx,2021-10-16T00:00:00.000000000Z,819680
usdt_trx,2021-10-17T00:00:00.000000000Z,748306
usdt_trx,2021-10-18T00:00:00.000000000Z,908340
usdt_trx,2021-10-19T00:00:00.000000000Z,894668
usdt_trx,2021-10-20T00:00:00.000000000Z,929452
usdt_trx,2021-10-21T00:00:00.000000000Z,966269
usdt_trx,2021-10-22T00:00:00.000000000Z,994469
usdt_trx,2021-10-23T00:00:00.000000000Z,820048
usdt_trx,2021-10-24T00:00:00.000000000Z,827848
usdt_trx,2021-10-25T00:00:00.000000000Z,996337
usdt_trx,2021-10-26T00:00:00.000000000Z,1010763
usdt_trx,2021-10-27T00:00:00.000000000Z,1087057
usdt_trx,2021-10-28T00:00:00.000000000Z,1103244
usdt_trx,2021-10-29T00:00:00.000000000Z,1159579
usdt_trx,2021-10-30T00:00:00.000000000Z,1091742
usdt_trx,2021-10-31T00:00:00.000000000Z,1026766
usdt_trx,2021-11-01T00:00:00.000000000Z,1425522
usdt_trx,2021-11-02T00:00:00.000000000Z,1267612
usdt_trx,2021-11-03T00:00:00.000000000Z,1172987
usdt_trx,2021-11-04T00:00:00.000000000Z,1170539
usdt_trx,2021-11-05T00:00:00.000000000Z,1170723
usdt_trx,2021-11-06T00:00:00.000000000Z,911714
usdt_trx,2021-11-07T00:00:00.000000000Z,910219
usdt_trx,2021-11-08T00:00:00.000000000Z,1110257
usdt_trx,2021-11-09T00:00:00.000000000Z,1149122
usdt_trx,2021-11-10T00:00:00.000000000Z,1126957
usdt_trx,2021-11-11T00:00:00.000000000Z,1068445
usdt_trx,2021-11-12T00:00:00.000000000Z,1064192
usdt_trx,2021-11-13T00:00:00.000000000Z,911435
usdt_trx,2021-11-14T00:00:00.000000000Z,888112
usdt_trx,2021-11-15T00:00:00.000000000Z,1353306
usdt_trx,2021-11-16T00:00:00.000000000Z,1208969
usdt_trx,2021-11-17T00:00:00.000000000Z,1017180
usdt_trx,2021-11-18T00:00:00.000000000Z,1076725
usdt_trx,2021-11-19T00:00:00.000000000Z,1074728
usdt_trx,2021-11-20T00:00:00.000000000Z,886096
usdt_trx,2021-11-21T00:00:00.000000000Z,896367
usdt_trx,2021-11-22T00:00:00.000000000Z,1034518
usdt_trx,2021-05-07T00:00:00.000000000Z,785541
usdt_trx,2021-05-08T00:00:00.000000000Z,943655
usdt_trx,2021-05-09T00:00:00.000000000Z,849833
usdt_trx,2021-05-10T00:00:00.000000000Z,1328981
usdt_trx,2021-05-11T00:00:00.000000000Z,1285229
usdt_trx,2021-05-12T00:00:00.000000000Z,1122523
usdt_trx,2021-05-13T00:00:00.000000000Z,920034
usdt_trx,2021-05-14T00:00:00.000000000Z,949590
usdt_trx,2021-05-15T00:00:00.000000000Z,751759
usdt_trx,2021-05-16T00:00:00.000000000Z,690584
usdt_trx,2021-05-17T00:00:00.000000000Z,750555
usdt_trx,2021-05-18T00:00:00.000000000Z,745710
usdt_trx,2021-05-19T00:00:00.000000000Z,901502
usdt_trx,2021-05-20T00:00:00.000000000Z,736106
usdt_trx,2021-05-21T00:00:00.000000000Z,713618
usdt_trx,2021-05-22T00:00:00.000000000Z,521389
usdt_trx,2021-05-23T00:00:00.000000000Z,563156
usdt_trx,2021-05-24T00:00:00.000000000Z,824071
usdt_trx,2021-05-25T00:00:00.000000000Z,551011
usdt_trx,2021-05-26T00:00:00.000000000Z,573162
usdt_trx,2021-05-27T00:00:00.000000000Z,493637
usdt_trx,2021-05-28T00:00:00.000000000Z,573550
usdt_trx,2021-05-29T00:00:00.000000000Z,773316
usdt_trx,2021-05-30T00:00:00.000000000Z,1023128
usdt_trx,2021-05-31T00:00:00.000000000Z,506513
usdt_trx,2021-06-01T00:00:00.000000000Z,562982
usdt_trx,2021-06-02T00:00:00.000000000Z,609733
usdt_trx,2021-06-03T00:00:00.000000000Z,635011
usdt_trx,2021-06-04T00:00:00.000000000Z,654181
usdt_trx,2021-06-05T00:00:00.000000000Z,519213
usdt_trx,2021-06-06T00:00:00.000000000Z,453512
usdt_trx,2021-06-07T00:00:00.000000000Z,571438
usdt_trx,2021-06-08T00:00:00.000000000Z,638465
usdt_trx,2021-06-09T00:00:00.000000000Z,654063
usdt_trx,2021-06-10T00:00:00.000000000Z,638161
usdt_trx,2021-06-11T00:00:00.000000000Z,759312
usdt_trx,2021-06-12T00:00:00.000000000Z,596023
usdt_trx,2021-06-13T00:00:00.000000000Z,430612
usdt_trx,2021-06-14T00:00:00.000000000Z,483402
usdt_trx,2021-06-15T00:00:00.000000000Z,543040
usdt_trx,2021-06-16T00:00:00.000000000Z,525696
usdt_trx,2021-06-17T00:00:00.000000000Z,551672
usdt_trx,2021-06-18T00:00:00.000000000Z,598360
usdt_trx,2021-06-19T00:00:00.000000000Z,488484
usdt_trx,2021-06-20T00:00:00.000000000Z,484914
usdt_trx,2021-06-21T00:00:00.000000000Z,600510
usdt_trx,2021-06-22T00:00:00.000000000Z,701045
usdt_trx,2021-06-23T00:00:00.000000000Z,538103
usdt_trx,2021-06-24T00:00:00.000000000Z,553558
usdt_trx,2021-06-25T00:00:00.000000000Z,589351
usdt_trx,2021-06-26T00:00:00.000000000Z,499541
usdt_trx,2021-06-27T00:00:00.000000000Z,467711
usdt_trx,2021-06-28T00:00:00.000000000Z,575109
usdt_trx,2021-06-29T00:00:00.000000000Z,654558
usdt_trx,2021-06-30T00:00:00.000000000Z,738011
usdt_trx,2021-07-01T00:00:00.000000000Z,2406870
usdt_trx,2021-07-02T00:00:00.000000000Z,1186036
usdt_trx,2021-07-03T00:00:00.000000000Z,468922
usdt_trx,2021-07-04T00:00:00.000000000Z,680609
usdt_trx,2021-07-05T00:00:00.000000000Z,597184
usdt_trx,2021-07-06T00:00:00.000000000Z,754561
usdt_trx,2021-07-07T00:00:00.000000000Z,701156
usdt_trx,2021-07-08T00:00:00.000000000Z,548791
usdt_trx,2021-07-09T00:00:00.000000000Z,595029
usdt_trx,2021-07-10T00:00:00.000000000Z,489946
usdt_trx,2021-07-11T00:00:00.000000000Z,456193
usdt_trx,2021-07-12T00:00:00.000000000Z,509753
usdt_trx,2021-07-13T00:00:00.000000000Z,479221
usdt_trx,2021-07-14T00:00:00.000000000Z,496343
usdt_trx,2021-07-15T00:00:00.000000000Z,562922
usdt_trx,2021-07-16T00:00:00.000000000Z,608742
usdt_trx,2021-07-17T00:00:00.000000000Z,440774
usdt_trx,2021-07-18T00:00:00.000000000Z,440327
usdt_trx,2021-07-19T00:00:00.000000000Z,487383
usdt_trx,2021-07-20T00:00:00.000000000Z,484564
usdt_trx,2021-07-21T00:00:00.000000000Z,495567
usdt_trx,2021-07-22T00:00:00.000000000Z,471575
usdt_trx,2021-07-23T00:00:00.000000000Z,504325
usdt_trx,2021-07-24T00:00:00.000000000Z,483682
usdt_trx,2021-07-25T00:00:00.000000000Z,544311
usdt_trx,2021-07-26T00:00:00.000000000Z,633797
usdt_trx,2021-07-27T00:00:00.000000000Z,559787
usdt_trx,2021-07-28T00:00:00.000000000Z,569873
usdt_trx,2021-07-29T00:00:00.000000000Z,608351
usdt_trx,2021-07-30T00:00:00.000000000Z,830206
usdt_trx,2021-07-31T00:00:00.000000000Z,566387
usdt_trx,2021-08-01T00:00:00.000000000Z,547315
usdt_trx,2021-08-02T00:00:00.000000000Z,632512
usdt_trx,2021-08-03T00:00:00.000000000Z,763435
usdt_trx,2021-08-04T00:00:00.000000000Z,654500
usdt_trx,2021-08-05T00:00:00.000000000Z,668815
usdt_trx,2021-08-06T00:00:00.000000000Z,788843
usdt_trx,2021-08-07T00:00:00.000000000Z,707948
usdt_trx,2021-08-08T00:00:00.000000000Z,642713
usdt_trx,2021-08-09T00:00:00.000000000Z,775829
usdt_trx,2021-08-10T00:00:00.000000000Z,727312
usdt_trx,2021-08-11T00:00:00.000000000Z,805023
usdt_trx,2021-08-12T00:00:00.000000000Z,766793
usdt_trx,2021-08-13T00:00:00.000000000Z,746970
usdt_trx,2021-08-14T00:00:00.000000000Z,790005
usdt_trx,2021-01-27T00:00:00.000000000Z,272431
usdt_trx,2021-01-28T00:00:00.000000000Z,314627
usdt_trx,2021-01-29T00:00:00.000000000Z,406288
usdt_trx,2021-01-30T00:00:00.000000000Z,329783
usdt_trx,2021-01-31T00:00:00.000000000Z,349938
usdt_trx,2021-02-01T00:00:00.000000000Z,341349
usdt_trx,2021-02-02T00:00:00.000000000Z,330819
usdt_trx,2021-02-03T00:00:00.000000000Z,352003
usdt_trx,2021-02-04T00:00:00.000000000Z,370483
usdt_trx,2021-02-05T00:00:00.000000000Z,401110
usdt_trx,2021-02-06T00:00:00.000000000Z,392425
usdt_trx,2021-02-07T00:00:00.000000000Z,386263
usdt_trx,2021-02-08T00:00:00.000000000Z,451598
usdt_trx,2021-02-09T00:00:00.000000000Z,500350
usdt_trx,2021-02-10T00:00:00.000000000Z,507453
usdt_trx,2021-02-11T00:00:00.000000000Z,414557
usdt_trx,2021-02-12T00:00:00.000000000Z,349405
usdt_trx,2021-02-13T00:00:00.000000000Z,370692
usdt_trx,2021-02-14T00:00:00.000000000Z,360704
usdt_trx,2021-02-15T00:00:00.000000000Z,425035
usdt_trx,2021-02-16T00:00:00.000000000Z,411028
usdt_trx,2021-02-17T00:00:00.000000000Z,424916
usdt_trx,2021-02-18T00:00:00.000000000Z,571889
usdt_trx,2021-02-19T00:00:00.000000000Z,530561
usdt_trx,2021-02-20T00:00:00.000000000Z,546962
usdt_trx,2021-02-21T00:00:00.000000000Z,511476
usdt_trx,2021-02-22T00:00:00.000000000Z,576529
usdt_trx,2021-02-23T00:00:00.000000000Z,563386
usdt_trx,2021-02-24T00:00:00.000000000Z,541348
usdt_trx,2021-02-25T00:00:00.000000000Z,535173
usdt_trx,2021-02-26T00:00:00.000000000Z,484664
usdt_trx,2021-02-27T00:00:00.000000000Z,467818
usdt_trx,2021-02-28T00:00:00.000000000Z,503835
usdt_trx,2021-03-01T00:00:00.000000000Z,614271
usdt_trx,2021-03-02T00:00:00.000000000Z,403530
usdt_trx,2021-03-03T00:00:00.000000000Z,425429
usdt_trx,2021-03-04T00:00:00.000000000Z,393432
usdt_trx,2021-03-05T00:00:00.000000000Z,374298
usdt_trx,2021-03-06T00:00:00.000000000Z,329550
usdt_trx,2021-03-07T00:00:00.000000000Z,358163
usdt_trx,2021-03-08T00:00:00.000000000Z,396360
usdt_trx,2021-03-09T00:00:00.000000000Z,456685
usdt_trx,2021-03-10T00:00:00.000000000Z,456155
usdt_trx,2021-03-11T00:00:00.000000000Z,512411
usdt_trx,2021-03-12T00:00:00.000000000Z,449986
usdt_trx,2021-03-13T00:00:00.000000000Z,447272
usdt_trx,2021-03-14T00:00:00.000000000Z,431036
usdt_trx,2021-03-15T00:00:00.000000000Z,517709
usdt_trx,2021-03-16T00:00:00.000000000Z,498696
usdt_trx,2021-03-17T00:00:00.000000000Z,471037
usdt_trx,2021-03-18T00:00:00.000000000Z,833355
usdt_trx,2021-03-19T00:00:00.000000000Z,704904
usdt_trx,2021-03-20T00:00:00.000000000Z,534861
usdt_trx,2021-03-21T00:00:00.000000000Z,498910
usdt_trx,2021-03-22T00:00:00.000000000Z,555153
usdt_trx,2021-03-23T00:00:00.000000000Z,490947
usdt_trx,2021-03-24T00:00:00.000000000Z,543072
usdt_trx,2021-03-25T00:00:00.000000000Z,478050
usdt_trx,2021-03-26T00:00:00.000000000Z,499498
usdt_trx,2021-03-27T00:00:00.000000000Z,461450
usdt_trx,2021-03-28T00:00:00.000000000Z,439463
usdt_trx,2021-03-29T00:00:00.000000000Z,537359
usdt_trx,2021-03-30T00:00:00.000000000Z,1499635
usdt_trx,2021-03-31T00:00:00.000000000Z,1183488
usdt_trx,2021-04-01T00:00:00.000000000Z,826878
usdt_trx,2021-04-02T00:00:00.000000000Z,761647
usdt_trx,2021-04-03T00:00:00.000000000Z,801879
usdt_trx,2021-04-04T00:00:00.000000000Z,640475
usdt_trx,2021-04-05T00:00:00.000000000Z,738329
usdt_trx,2021-04-06T00:00:00.000000000Z,708092
usdt_trx,2021-04-07T00:00:00.000000000Z,653677
usdt_trx,2021-04-08T00:00:00.000000000Z,593472
usdt_trx,2021-04-09T00:00:00.000000000Z,564907
usdt_trx,2021-04-10T00:00:00.000000000Z,532173
usdt_trx,2021-04-11T00:00:00.000000000Z,527375
usdt_trx,2021-04-12T00:00:00.000000000Z,641259
usdt_trx,2021-04-13T00:00:00.000000000Z,616092
usdt_trx,2021-04-14T00:00:00.000000000Z,637275
usdt_trx,2021-04-15T00:00:00.000000000Z,679206
usdt_trx,2021-04-16T00:00:00.000000000Z,711597
usdt_trx,2021-04-17T00:00:00.000000000Z,767498
usdt_trx,2021-04-18T00:00:00.000000000Z,667528
usdt_trx,2021-04-19T00:00:00.000000000Z,749551
usdt_trx,2021-04-20T00:00:00.000000000Z,774022
usdt_trx,2021-04-21T00:00:00.000000000Z,703706
usdt_trx,2021-04-22T00:00:00.000000000Z,582818
usdt_trx,2021-04-23T00:00:00.000000000Z,638703
usdt_trx,2021-04-24T00:00:00.000000000Z,457136
usdt_trx,2021-04-25T00:00:00.000000000Z,437956
usdt_trx,2021-04-26T00:00:00.000000000Z,578917
usdt_trx,2021-04-27T00:00:00.000000000Z,570912
usdt_trx,2021-04-28T00:00:00.000000000Z,533824
usdt_trx,2021-04-29T00:00:00.000000000Z,539193
usdt_trx,2021-04-30T00:00:00.000000000Z,599340
usdt_trx,2021-05-01T00:00:00.000000000Z,499803
usdt_trx,2021-05-02T00:00:00.000000000Z,463903
usdt_trx,2021-05-03T00:00:00.000000000Z,566899
usdt_trx,2021-05-04T00:00:00.000000000Z,634962
usdt_trx,2021-05-05T00:00:00.000000000Z,640361
usdt_trx,2021-05-06T00:00:00.000000000Z,706307
usdt_trx,2020-10-19T00:00:00.000000000Z,146013
usdt_trx,2020-10-20T00:00:00.000000000Z,170027
usdt_trx,2020-10-21T00:00:00.000000000Z,268037
usdt_trx,2020-10-22T00:00:00.000000000Z,192632
usdt_trx,2020-10-23T00:00:00.000000000Z,158140
usdt_trx,2020-10-24T00:00:00.000000000Z,155145
usdt_trx,2020-10-25T00:00:00.000000000Z,179445
usdt_trx,2020-10-26T00:00:00.000000000Z,169918
usdt_trx,2020-10-27T00:00:00.000000000Z,160497
usdt_trx,2020-10-28T00:00:00.000000000Z,153633
usdt_trx,2020-10-29T00:00:00.000000000Z,167639
usdt_trx,2020-10-30T00:00:00.000000000Z,158255
usdt_trx,2020-10-31T00:00:00.000000000Z,153286
usdt_trx,2020-11-01T00:00:00.000000000Z,137479
usdt_trx,2020-11-02T00:00:00.000000000Z,173730
usdt_trx,2020-11-03T00:00:00.000000000Z,143736
usdt_trx,2020-11-04T00:00:00.000000000Z,151219
usdt_trx,2020-11-05T00:00:00.000000000Z,166456
usdt_trx,2020-11-06T00:00:00.000000000Z,183319
usdt_trx,2020-11-07T00:00:00.000000000Z,165635
usdt_trx,2020-11-08T00:00:00.000000000Z,131148
usdt_trx,2020-11-09T00:00:00.000000000Z,146493
usdt_trx,2020-11-10T00:00:00.000000000Z,163385
usdt_trx,2020-11-11T00:00:00.000000000Z,156176
usdt_trx,2020-11-12T00:00:00.000000000Z,193279
usdt_trx,2020-11-13T00:00:00.000000000Z,173011
usdt_trx,2020-11-14T00:00:00.000000000Z,134856
usdt_trx,2020-11-15T00:00:00.000000000Z,143559
usdt_trx,2020-11-16T00:00:00.000000000Z,156925
usdt_trx,2020-11-17T00:00:00.000000000Z,162749
usdt_trx,2020-11-18T00:00:00.000000000Z,153993
usdt_trx,2020-11-19T00:00:00.000000000Z,154672
usdt_trx,2020-11-20T00:00:00.000000000Z,149180
usdt_trx,2020-11-21T00:00:00.000000000Z,140345
usdt_trx,2020-11-22T00:00:00.000000000Z,156805
usdt_trx,2020-11-23T00:00:00.000000000Z,182733
usdt_trx,2020-11-24T00:00:00.000000000Z,210312
usdt_trx,2020-11-25T00:00:00.000000000Z,138156
usdt_trx,2020-11-26T00:00:00.000000000Z,173204
usdt_trx,2020-11-27T00:00:00.000000000Z,146016
usdt_trx,2020-11-28T00:00:00.000000000Z,140325
usdt_trx,2020-11-29T00:00:00.000000000Z,123874
usdt_trx,2020-11-30T00:00:00.000000000Z,147480
usdt_trx,2020-12-01T00:00:00.000000000Z,179663
usdt_trx,2020-12-02T00:00:00.000000000Z,141991
usdt_trx,2020-12-03T00:00:00.000000000Z,161816
usdt_trx,2020-12-04T00:00:00.000000000Z,220106
usdt_trx,2020-12-05T00:00:00.000000000Z,170902
usdt_trx,2020-12-06T00:00:00.000000000Z,119994
usdt_trx,2020-12-07T00:00:00.000000000Z,133792
usdt_trx,2020-12-08T00:00:00.000000000Z,146114
usdt_trx,2020-12-09T00:00:00.000000000Z,149724
usdt_trx,2020-12-10T00:00:00.000000000Z,150717
usdt_trx,2020-12-11T00:00:00.000000000Z,141444
usdt_trx,2020-12-12T00:00:00.000000000Z,137419
usdt_trx,2020-12-13T00:00:00.000000000Z,133204
usdt_trx,2020-12-14T00:00:00.000000000Z,148968
usdt_trx,2020-12-15T00:00:00.000000000Z,147872
usdt_trx,2020-12-16T00:00:00.000000000Z,167380
usdt_trx,2020-12-17T00:00:00.000000000Z,240146
usdt_trx,2020-12-18T00:00:00.000000000Z,199048
usdt_trx,2020-12-19T00:00:00.000000000Z,194671
usdt_trx,2020-12-20T00:00:00.000000000Z,187024
usdt_trx,2020-12-21T00:00:00.000000000Z,192226
usdt_trx,2020-12-22T00:00:00.000000000Z,187429
usdt_trx,2020-12-23T00:00:00.000000000Z,210760
usdt_trx,2020-12-24T00:00:00.000000000Z,221908
usdt_trx,2020-12-25T00:00:00.000000000Z,215848
usdt_trx,2020-12-26T00:00:00.000000000Z,225706
usdt_trx,2020-12-27T00:00:00.000000000Z,200330
usdt_trx,2020-12-28T00:00:00.000000000Z,235954
usdt_trx,2020-12-29T00:00:00.000000000Z,268628
usdt_trx,2020-12-30T00:00:00.000000000Z,228672
usdt_trx,2020-12-31T00:00:00.000000000Z,239118
usdt_trx,2021-01-01T00:00:00.000000000Z,205961
usdt_trx,2021-01-02T00:00:00.000000000Z,218860
usdt_trx,2021-01-03T00:00:00.000000000Z,226025
usdt_trx,2021-01-04T00:00:00.000000000Z,269464
usdt_trx,2021-01-05T00:00:00.000000000Z,254246
usdt_trx,2021-01-06T00:00:00.000000000Z,268368
usdt_trx,2021-01-07T00:00:00.000000000Z,288894
usdt_trx,2021-01-08T00:00:00.000000000Z,298882
usdt_trx,2021-01-09T00:00:00.000000000Z,273001
usdt_trx,2021-01-10T00:00:00.000000000Z,299243
usdt_trx,2021-01-11T00:00:00.000000000Z,277422
usdt_trx,2021-01-12T00:00:00.000000000Z,231470
usdt_trx,2021-01-13T00:00:00.000000000Z,262240
usdt_trx,2021-01-14T00:00:00.000000000Z,260929
usdt_trx,2021-01-15T00:00:00.000000000Z,243526
usdt_trx,2021-01-16T00:00:00.000000000Z,240469
usdt_trx,2021-01-17T00:00:00.000000000Z,244827
usdt_trx,2021-01-18T00:00:00.000000000Z,276567
usdt_trx,2021-01-19T00:00:00.000000000Z,302375
usdt_trx,2021-01-20T00:00:00.000000000Z,315178
usdt_trx,2021-01-21T00:00:00.000000000Z,318803
usdt_trx,2021-01-22T00:00:00.000000000Z,287099
usdt_trx,2021-01-23T00:00:00.000000000Z,249320
usdt_trx,2021-01-24T00:00:00.000000000Z,281703
usdt_trx,2021-01-25T00:00:00.000000000Z,314176
usdt_trx,2021-01-26T00:00:00.000000000Z,265605
usdt_trx,2020-07-11T00:00:00.000000000Z,31900
usdt_trx,2020-07-12T00:00:00.000000000Z,27780
usdt_trx,2020-07-13T00:00:00.000000000Z,37098
usdt_trx,2020-07-14T00:00:00.000000000Z,33019
usdt_trx,2020-07-15T00:00:00.000000000Z,34430
usdt_trx,2020-07-16T00:00:00.000000000Z,35923
usdt_trx,2020-07-17T00:00:00.000000000Z,37993
usdt_trx,2020-07-18T00:00:00.000000000Z,36075
usdt_trx,2020-07-19T00:00:00.000000000Z,33667
usdt_trx,2020-07-20T00:00:00.000000000Z,43864
usdt_trx,2020-07-21T00:00:00.000000000Z,46262
usdt_trx,2020-07-22T00:00:00.000000000Z,45562
usdt_trx,2020-07-23T00:00:00.000000000Z,52509
usdt_trx,2020-07-24T00:00:00.000000000Z,54375
usdt_trx,2020-07-25T00:00:00.000000000Z,49774
usdt_trx,2020-07-26T00:00:00.000000000Z,45606
usdt_trx,2020-07-27T00:00:00.000000000Z,50845
usdt_trx,2020-07-28T00:00:00.000000000Z,42853
usdt_trx,2020-07-29T00:00:00.000000000Z,58223
usdt_trx,2020-07-30T00:00:00.000000000Z,61890
usdt_trx,2020-07-31T00:00:00.000000000Z,63069
usdt_trx,2020-08-01T00:00:00.000000000Z,83802
usdt_trx,2020-08-02T00:00:00.000000000Z,84400
usdt_trx,2020-08-03T00:00:00.000000000Z,60725
usdt_trx,2020-08-04T00:00:00.000000000Z,57443
usdt_trx,2020-08-05T00:00:00.000000000Z,62147
usdt_trx,2020-08-06T00:00:00.000000000Z,96334
usdt_trx,2020-08-07T00:00:00.000000000Z,98392
usdt_trx,2020-08-08T00:00:00.000000000Z,89429
usdt_trx,2020-08-09T00:00:00.000000000Z,81537
usdt_trx,2020-08-10T00:00:00.000000000Z,101752
usdt_trx,2020-08-11T00:00:00.000000000Z,97411
usdt_trx,2020-08-12T00:00:00.000000000Z,111226
usdt_trx,2020-08-13T00:00:00.000000000Z,117807
usdt_trx,2020-08-14T00:00:00.000000000Z,121767
usdt_trx,2020-08-15T00:00:00.000000000Z,104940
usdt_trx,2020-08-16T00:00:00.000000000Z,112351
usdt_trx,2020-08-17T00:00:00.000000000Z,129207
usdt_trx,2020-08-18T00:00:00.000000000Z,111089
usdt_trx,2020-08-19T00:00:00.000000000Z,84435
usdt_trx,2020-08-20T00:00:00.000000000Z,105614
usdt_trx,2020-08-21T00:00:00.000000000Z,99980
usdt_trx,2020-08-22T00:00:00.000000000Z,107031
usdt_trx,2020-08-23T00:00:00.000000000Z,86904
usdt_trx,2020-08-24T00:00:00.000000000Z,102909
usdt_trx,2020-08-25T00:00:00.000000000Z,96970
usdt_trx,2020-08-26T00:00:00.000000000Z,129129
usdt_trx,2020-08-27T00:00:00.000000000Z,126318
usdt_trx,2020-08-28T00:00:00.000000000Z,103170
usdt_trx,2020-08-29T00:00:00.000000000Z,101449
usdt_trx,2020-08-30T00:00:00.000000000Z,148215
usdt_trx,2020-08-31T00:00:00.000000000Z,142905
usdt_trx,2020-09-01T00:00:00.000000000Z,156468
usdt_trx,2020-09-02T00:00:00.000000000Z,185883
usdt_trx,2020-09-03T00:00:00.000000000Z,247019
usdt_trx,2020-09-04T00:00:00.000000000Z,235444
usdt_trx,2020-09-05T00:00:00.000000000Z,200344
usdt_trx,2020-09-06T00:00:00.000000000Z,161870
usdt_trx,2020-09-07T00:00:00.000000000Z,180751
usdt_trx,2020-09-08T00:00:00.000000000Z,178856
usdt_trx,2020-09-09T00:00:00.000000000Z,180200
usdt_trx,2020-09-10T00:00:00.000000000Z,171181
usdt_trx,2020-09-11T00:00:00.000000000Z,193612
usdt_trx,2020-09-12T00:00:00.000000000Z,169204
usdt_trx,2020-09-13T00:00:00.000000000Z,140451
usdt_trx,2020-09-14T00:00:00.000000000Z,154107
usdt_trx,2020-09-15T00:00:00.000000000Z,189166
usdt_trx,2020-09-16T00:00:00.000000000Z,165895
usdt_trx,2020-09-17T00:00:00.000000000Z,162060
usdt_trx,2020-09-18T00:00:00.000000000Z,169027
usdt_trx,2020-09-19T00:00:00.000000000Z,160066
usdt_trx,2020-09-20T00:00:00.000000000Z,155925
usdt_trx,2020-09-21T00:00:00.000000000Z,161810
usdt_trx,2020-09-22T00:00:00.000000000Z,155793
usdt_trx,2020-09-23T00:00:00.000000000Z,181860
usdt_trx,2020-09-24T00:00:00.000000000Z,167966
usdt_trx,2020-09-25T00:00:00.000000000Z,185776
usdt_trx,2020-09-26T00:00:00.000000000Z,192630
usdt_trx,2020-09-27T00:00:00.000000000Z,164127
usdt_trx,2020-09-28T00:00:00.000000000Z,177312
usdt_trx,2020-09-29T00:00:00.000000000Z,162904
usdt_trx,2020-09-30T00:00:00.000000000Z,158431
usdt_trx,2020-10-01T00:00:00.000000000Z,137166
usdt_trx,2020-10-02T00:00:00.000000000Z,207318
usdt_trx,2020-10-03T00:00:00.000000000Z,129633
usdt_trx,2020-10-04T00:00:00.000000000Z,131752
usdt_trx,2020-10-05T00:00:00.000000000Z,140307
usdt_trx,2020-10-06T00:00:00.000000000Z,114681
usdt_trx,2020-10-07T00:00:00.000000000Z,175019
usdt_trx,2020-10-08T00:00:00.000000000Z,242264
usdt_trx,2020-10-09T00:00:00.000000000Z,194303
usdt_trx,2020-10-10T00:00:00.000000000Z,194107
usdt_trx,2020-10-11T00:00:00.000000000Z,145477
usdt_trx,2020-10-12T00:00:00.000000000Z,161630
usdt_trx,2020-10-13T00:00:00.000000000Z,150643
usdt_trx,2020-10-14T00:00:00.000000000Z,174855
usdt_trx,2020-10-15T00:00:00.000000000Z,177991
usdt_trx,2020-10-16T00:00:00.000000000Z,167708
usdt_trx,2020-10-17T00:00:00.000000000Z,158445
usdt_trx,2020-10-18T00:00:00.000000000Z,122528
usdt_trx,2020-04-02T00:00:00.000000000Z,42461
usdt_trx,2020-04-03T00:00:00.000000000Z,30788
usdt_trx,2020-04-04T00:00:00.000000000Z,31208
usdt_trx,2020-04-05T00:00:00.000000000Z,9718
usdt_trx,2020-04-06T00:00:00.000000000Z,12174
usdt_trx,2020-04-07T00:00:00.000000000Z,11176
usdt_trx,2020-04-08T00:00:00.000000000Z,14465
usdt_trx,2020-04-09T00:00:00.000000000Z,11910
usdt_trx,2020-04-10T00:00:00.000000000Z,12150
usdt_trx,2020-04-11T00:00:00.000000000Z,42536
usdt_trx,2020-04-12T00:00:00.000000000Z,33040
usdt_trx,2020-04-13T00:00:00.000000000Z,13095
usdt_trx,2020-04-14T00:00:00.000000000Z,13838
usdt_trx,2020-04-15T00:00:00.000000000Z,15335
usdt_trx,2020-04-16T00:00:00.000000000Z,27458
usdt_trx,2020-04-17T00:00:00.000000000Z,48345
usdt_trx,2020-04-18T00:00:00.000000000Z,47043
usdt_trx,2020-04-19T00:00:00.000000000Z,47083
usdt_trx,2020-04-20T00:00:00.000000000Z,48279
usdt_trx,2020-04-21T00:00:00.000000000Z,46674
usdt_trx,2020-04-22T00:00:00.000000000Z,48319
usdt_trx,2020-04-23T00:00:00.000000000Z,46549
usdt_trx,2020-04-24T00:00:00.000000000Z,31310
usdt_trx,2020-04-25T00:00:00.000000000Z,9513
usdt_trx,2020-04-26T00:00:00.000000000Z,9012
usdt_trx,2020-04-27T00:00:00.000000000Z,13891
usdt_trx,2020-04-28T00:00:00.000000000Z,9956
usdt_trx,2020-04-29T00:00:00.000000000Z,13747
usdt_trx,2020-04-30T00:00:00.000000000Z,15490
usdt_trx,2020-05-01T00:00:00.000000000Z,10172
usdt_trx,2020-05-02T00:00:00.000000000Z,9800
usdt_trx,2020-05-03T00:00:00.000000000Z,10092
usdt_trx,2020-05-04T00:00:00.000000000Z,11435
usdt_trx,2020-05-05T00:00:00.000000000Z,11951
usdt_trx,2020-05-06T00:00:00.000000000Z,14392
usdt_trx,2020-05-07T00:00:00.000000000Z,14316
usdt_trx,2020-05-08T00:00:00.000000000Z,11196
usdt_trx,2020-05-09T00:00:00.000000000Z,10288
usdt_trx,2020-05-10T00:00:00.000000000Z,13247
usdt_trx,2020-05-11T00:00:00.000000000Z,12525
usdt_trx,2020-05-12T00:00:00.000000000Z,11733
usdt_trx,2020-05-13T00:00:00.000000000Z,15833
usdt_trx,2020-05-14T00:00:00.000000000Z,15510
usdt_trx,2020-05-15T00:00:00.000000000Z,12885
usdt_trx,2020-05-16T00:00:00.000000000Z,10751
usdt_trx,2020-05-17T00:00:00.000000000Z,10402
usdt_trx,2020-05-18T00:00:00.000000000Z,11874
usdt_trx,2020-05-19T00:00:00.000000000Z,11805
usdt_trx,2020-05-20T00:00:00.000000000Z,12999
usdt_trx,2020-05-21T00:00:00.000000000Z,16052
usdt_trx,2020-05-22T00:00:00.000000000Z,16027
usdt_trx,2020-05-23T00:00:00.000000000Z,16123
usdt_trx,2020-05-24T00:00:00.000000000Z,15882
usdt_trx,2020-05-25T00:00:00.000000000Z,17183
usdt_trx,2020-05-26T00:00:00.000000000Z,15686
usdt_trx,2020-05-27T00:00:00.000000000Z,16781
usdt_trx,2020-05-28T00:00:00.000000000Z,17084
usdt_trx,2020-05-29T00:00:00.000000000Z,16462
usdt_trx,2020-05-30T00:00:00.000000000Z,17003
usdt_trx,2020-05-31T00:00:00.000000000Z,16373
usdt_trx,2020-06-01T00:00:00.000000000Z,20543
usdt_trx,2020-06-02T00:00:00.000000000Z,22351
usdt_trx,2020-06-03T00:00:00.000000000Z,18966
usdt_trx,2020-06-04T00:00:00.000000000Z,21207
usdt_trx,2020-06-05T00:00:00.000000000Z,21605
usdt_trx,2020-06-06T00:00:00.000000000Z,18663
usdt_trx,2020-06-07T00:00:00.000000000Z,21018
usdt_trx,2020-06-08T00:00:00.000000000Z,26533
usdt_trx,2020-06-09T00:00:00.000000000Z,29450
usdt_trx,2020-06-10T00:00:00.000000000Z,33300
usdt_trx,2020-06-11T00:00:00.000000000Z,29950
usdt_trx,2020-06-12T00:00:00.000000000Z,28477
usdt_trx,2020-06-13T00:00:00.000000000Z,22121
usdt_trx,2020-06-14T00:00:00.000000000Z,22173
usdt_trx,2020-06-15T00:00:00.000000000Z,30943
usdt_trx,2020-06-16T00:00:00.000000000Z,25771
usdt_trx,2020-06-17T00:00:00.000000000Z,25200
usdt_trx,2020-06-18T00:00:00.000000000Z,26017
usdt_trx,2020-06-19T00:00:00.000000000Z,27259
usdt_trx,2020-06-20T00:00:00.000000000Z,34778
usdt_trx,2020-06-21T00:00:00.000000000Z,33569
usdt_trx,2020-06-22T00:00:00.000000000Z,36066
usdt_trx,2020-06-23T00:00:00.000000000Z,32402
usdt_trx,2020-06-24T00:00:00.000000000Z,35922
usdt_trx,2020-06-25T00:00:00.000000000Z,31828
usdt_trx,2020-06-26T00:00:00.000000000Z,30752
usdt_trx,2020-06-27T00:00:00.000000000Z,32559
usdt_trx,2020-06-28T00:00:00.000000000Z,33112
usdt_trx,2020-06-29T00:00:00.000000000Z,31807
usdt_trx,2020-06-30T00:00:00.000000000Z,34094
usdt_trx,2020-07-01T00:00:00.000000000Z,32743
usdt_trx,2020-07-02T00:00:00.000000000Z,39092
usdt_trx,2020-07-03T00:00:00.000000000Z,37577
usdt_trx,2020-07-04T00:00:00.000000000Z,30871
usdt_trx,2020-07-05T00:00:00.000000000Z,30599
usdt_trx,2020-07-06T00:00:00.000000000Z,36228
usdt_trx,2020-07-07T00:00:00.000000000Z,34742
usdt_trx,2020-07-08T00:00:00.000000000Z,37121
usdt_trx,2020-07-09T00:00:00.000000000Z,35655
usdt_trx,2020-07-10T00:00:00.000000000Z,33465
usdt_eth,2025-12-24T00:00:00.000000000Z,1041342
usdt_eth,2025-12-25T00:00:00.000000000Z,1200906
usdt_eth,2025-12-26T00:00:00.000000000Z,1299591
usdt_eth,2025-12-27T00:00:00.000000000Z,1350907
usdt_eth,2025-12-28T00:00:00.000000000Z,948792
usdt_eth,2025-12-29T00:00:00.000000000Z,1266516
usdt_eth,2025-12-30T00:00:00.000000000Z,1048122
usdt_eth,2025-12-31T00:00:00.000000000Z,1180094
usdt_trx,2020-01-01T00:00:00.000000000Z,2636
usdt_trx,2020-01-02T00:00:00.000000000Z,4698
usdt_trx,2020-01-03T00:00:00.000000000Z,22662
usdt_trx,2020-01-04T00:00:00.000000000Z,34121
usdt_trx,2020-01-05T00:00:00.000000000Z,34113
usdt_trx,2020-01-06T00:00:00.000000000Z,25297
usdt_trx,2020-01-07T00:00:00.000000000Z,15669
usdt_trx,2020-01-08T00:00:00.000000000Z,33742
usdt_trx,2020-01-09T00:00:00.000000000Z,35015
usdt_trx,2020-01-10T00:00:00.000000000Z,35705
usdt_trx,2020-01-11T00:00:00.000000000Z,35154
usdt_trx,2020-01-12T00:00:00.000000000Z,34536
usdt_trx,2020-01-13T00:00:00.000000000Z,35456
usdt_trx,2020-01-14T00:00:00.000000000Z,39276
usdt_trx,2020-01-15T00:00:00.000000000Z,18171
usdt_trx,2020-01-16T00:00:00.000000000Z,35225
usdt_trx,2020-01-17T00:00:00.000000000Z,36222
usdt_trx,2020-01-18T00:00:00.000000000Z,35855
usdt_trx,2020-01-19T00:00:00.000000000Z,36281
usdt_trx,2020-01-20T00:00:00.000000000Z,25439
usdt_trx,2020-01-21T00:00:00.000000000Z,13854
usdt_trx,2020-01-22T00:00:00.000000000Z,23341
usdt_trx,2020-01-23T00:00:00.000000000Z,3336
usdt_trx,2020-01-24T00:00:00.000000000Z,12784
usdt_trx,2020-01-25T00:00:00.000000000Z,32915
usdt_trx,2020-01-26T00:00:00.000000000Z,31332
usdt_trx,2020-01-27T00:00:00.000000000Z,34067
usdt_trx,2020-01-28T00:00:00.000000000Z,36649
usdt_trx,2020-01-29T00:00:00.000000000Z,39414
usdt_trx,2020-01-30T00:00:00.000000000Z,36572
usdt_trx,2020-01-31T00:00:00.000000000Z,26779
usdt_trx,2020-02-01T00:00:00.000000000Z,4101
usdt_trx,2020-02-02T00:00:00.000000000Z,35775
usdt_trx,2020-02-03T00:00:00.000000000Z,26197
usdt_trx,2020-02-04T00:00:00.000000000Z,35254
usdt_trx,2020-02-05T00:00:00.000000000Z,28755
usdt_trx,2020-02-06T00:00:00.000000000Z,7343
usdt_trx,2020-02-07T00:00:00.000000000Z,7263
usdt_trx,2020-02-08T00:00:00.000000000Z,5758
usdt_trx,2020-02-09T00:00:00.000000000Z,37890
usdt_trx,2020-02-10T00:00:00.000000000Z,41062
usdt_trx,2020-02-11T00:00:00.000000000Z,39170
usdt_trx,2020-02-12T00:00:00.000000000Z,18789
usdt_trx,2020-02-13T00:00:00.000000000Z,29168
usdt_trx,2020-02-14T00:00:00.000000000Z,8219
usdt_trx,2020-02-15T00:00:00.000000000Z,7874
usdt_trx,2020-02-16T00:00:00.000000000Z,6952
usdt_trx,2020-02-17T00:00:00.000000000Z,7171
usdt_trx,2020-02-18T00:00:00.000000000Z,7273
usdt_trx,2020-02-19T00:00:00.000000000Z,7099
usdt_trx,2020-02-20T00:00:00.000000000Z,7513
usdt_trx,2020-02-21T00:00:00.000000000Z,6718
usdt_trx,2020-02-22T00:00:00.000000000Z,5502
usdt_trx,2020-02-23T00:00:00.000000000Z,6392
usdt_trx,2020-02-24T00:00:00.000000000Z,7773
usdt_trx,2020-02-25T00:00:00.000000000Z,8062
usdt_trx,2020-02-26T00:00:00.000000000Z,9962
usdt_trx,2020-02-27T00:00:00.000000000Z,7774
usdt_trx,2020-02-28T00:00:00.000000000Z,6511
usdt_trx,2020-02-29T00:00:00.000000000Z,5708
usdt_trx,2020-03-01T00:00:00.000000000Z,5408
usdt_trx,2020-03-02T00:00:00.000000000Z,6912
usdt_trx,2020-03-03T00:00:00.000000000Z,7890
usdt_trx,2020-03-04T00:00:00.000000000Z,8618
usdt_trx,2020-03-05T00:00:00.000000000Z,8396
usdt_trx,2020-03-06T00:00:00.000000000Z,7343
usdt_trx,2020-03-07T00:00:00.000000000Z,7586
usdt_trx,2020-03-08T00:00:00.000000000Z,41773
usdt_trx,2020-03-09T00:00:00.000000000Z,43997
usdt_trx,2020-03-10T00:00:00.000000000Z,39890
usdt_trx,2020-03-11T00:00:00.000000000Z,41534
usdt_trx,2020-03-12T00:00:00.000000000Z,36957
usdt_trx,2020-03-13T00:00:00.000000000Z,42714
usdt_trx,2020-03-14T00:00:00.000000000Z,33204
usdt_trx,2020-03-15T00:00:00.000000000Z,42278
usdt_trx,2020-03-16T00:00:00.000000000Z,49745
usdt_trx,2020-03-17T00:00:00.000000000Z,42727
usdt_trx,2020-03-18T00:00:00.000000000Z,37794
usdt_trx,2020-03-19T00:00:00.000000000Z,39415
usdt_trx,2020-03-20T00:00:00.000000000Z,29530
usdt_trx,2020-03-21T00:00:00.000000000Z,37443
usdt_trx,2020-03-22T00:00:00.000000000Z,17148
usdt_trx,2020-03-23T00:00:00.000000000Z,10922
usdt_trx,2020-03-24T00:00:00.000000000Z,8361
usdt_trx,2020-03-25T00:00:00.000000000Z,9490
usdt_trx,2020-03-26T00:00:00.000000000Z,11658
usdt_trx,2020-03-27T00:00:00.000000000Z,11819
usdt_trx,2020-03-28T00:00:00.000000000Z,33038
usdt_trx,2020-03-29T00:00:00.000000000Z,40620
usdt_trx,2020-03-30T00:00:00.000000000Z,41657
usdt_trx,2020-03-31T00:00:00.000000000Z,39926
usdt_trx,2020-04-01T00:00:00.000000000Z,23847
usdt_eth,2025-09-15T00:00:00.000000000Z,342506
usdt_eth,2025-09-16T00:00:00.000000000Z,367299
usdt_eth,2025-09-17T00:00:00.000000000Z,426931
usdt_eth,2025-09-18T00:00:00.000000000Z,410434
usdt_eth,2025-09-19T00:00:00.000000000Z,403751
usdt_eth,2025-09-20T00:00:00.000000000Z,442958
usdt_eth,2025-09-21T00:00:00.000000000Z,316903
usdt_eth,2025-09-22T00:00:00.000000000Z,408559
usdt_eth,2025-09-23T00:00:00.000000000Z,377523
usdt_eth,2025-09-24T00:00:00.000000000Z,371536
usdt_eth,2025-09-25T00:00:00.000000000Z,431317
usdt_eth,2025-09-26T00:00:00.000000000Z,416303
usdt_eth,2025-09-27T00:00:00.000000000Z,364638
usdt_eth,2025-09-28T00:00:00.000000000Z,394529
usdt_eth,2025-09-29T00:00:00.000000000Z,408201
usdt_eth,2025-09-30T00:00:00.000000000Z,435388
usdt_eth,2025-10-01T00:00:00.000000000Z,436130
usdt_eth,2025-10-02T00:00:00.000000000Z,408039
usdt_eth,2025-10-03T00:00:00.000000000Z,421487
usdt_eth,2025-10-04T00:00:00.000000000Z,322686
usdt_eth,2025-10-05T00:00:00.000000000Z,360210
usdt_eth,2025-10-06T00:00:00.000000000Z,379402
usdt_eth,2025-10-07T00:00:00.000000000Z,411373
usdt_eth,2025-10-08T00:00:00.000000000Z,444913
usdt_eth,2025-10-09T00:00:00.000000000Z,430028
usdt_eth,2025-10-10T00:00:00.000000000Z,436891
usdt_eth,2025-10-11T00:00:00.000000000Z,419089
usdt_eth,2025-10-12T00:00:00.000000000Z,385752
usdt_eth,2025-10-13T00:00:00.000000000Z,432732
usdt_eth,2025-10-14T00:00:00.000000000Z,421857
usdt_eth,2025-10-15T00:00:00.000000000Z,416971
usdt_eth,2025-10-16T00:00:00.000000000Z,415641
usdt_eth,2025-10-17T00:00:00.000000000Z,410546
usdt_eth,2025-10-18T00:00:00.000000000Z,349682
usdt_eth,2025-10-19T00:00:00.000000000Z,314491
usdt_eth,2025-10-20T00:00:00.000000000Z,360675
usdt_eth,2025-10-21T00:00:00.000000000Z,410777
usdt_eth,2025-10-22T00:00:00.000000000Z,406566
usdt_eth,2025-10-23T00:00:00.000000000Z,516797
usdt_eth,2025-10-24T00:00:00.000000000Z,469206
usdt_eth,2025-10-25T00:00:00.000000000Z,330812
usdt_eth,2025-10-26T00:00:00.000000000Z,340790
usdt_eth,2025-10-27T00:00:00.000000000Z,462510
usdt_eth,2025-10-28T00:00:00.000000000Z,471875
usdt_eth,2025-10-29T00:00:00.000000000Z,455430
usdt_eth,2025-10-30T00:00:00.000000000Z,467457
usdt_eth,2025-10-31T00:00:00.000000000Z,431989
usdt_eth,2025-11-01T00:00:00.000000000Z,362798
usdt_eth,2025-11-02T00:00:00.000000000Z,332301
usdt_eth,2025-11-03T00:00:00.000000000Z,426327
usdt_eth,2025-11-04T00:00:00.000000000Z,444908
usdt_eth,2025-11-05T00:00:00.000000000Z,441886
usdt_eth,2025-11-06T00:00:00.000000000Z,442152
usdt_eth,2025-11-07T00:00:00.000000000Z,446259
usdt_eth,2025-11-08T00:00:00.000000000Z,375546
usdt_eth,2025-11-09T00:00:00.000000000Z,372374
usdt_eth,2025-11-10T00:00:00.000000000Z,413058
usdt_eth,2025-11-11T00:00:00.000000000Z,422754
usdt_eth,2025-11-12T00:00:00.000000000Z,395761
usdt_eth,2025-11-13T00:00:00.000000000Z,433638
usdt_eth,2025-11-14T00:00:00.000000000Z,467745
usdt_eth,2025-11-15T00:00:00.000000000Z,440500
usdt_eth,2025-11-16T00:00:00.000000000Z,418303
usdt_eth,2025-11-17T00:00:00.000000000Z,478492
usdt_eth,2025-11-18T00:00:00.000000000Z,489300
usdt_eth,2025-11-19T00:00:00.000000000Z,503341
usdt_eth,2025-11-20T00:00:00.000000000Z,528381
usdt_eth,2025-11-21T00:00:00.000000000Z,451821
usdt_eth,2025-11-22T00:00:00.000000000Z,379506
usdt_eth,2025-11-23T00:00:00.000000000Z,364470
usdt_eth,2025-11-24T00:00:00.000000000Z,407868
usdt_eth,2025-11-25T00:00:00.000000000Z,473503
usdt_eth,2025-11-26T00:00:00.000000000Z,481072
usdt_eth,2025-11-27T00:00:00.000000000Z,485377
usdt_eth,2025-11-28T00:00:00.000000000Z,501611
usdt_eth,2025-11-29T00:00:00.000000000Z,369399
usdt_eth,2025-11-30T00:00:00.000000000Z,348417
usdt_eth,2025-12-01T00:00:00.000000000Z,568003
usdt_eth,2025-12-02T00:00:00.000000000Z,538500
usdt_eth,2025-12-03T00:00:00.000000000Z,551056
usdt_eth,2025-12-04T00:00:00.000000000Z,543063
usdt_eth,2025-12-05T00:00:00.000000000Z,538706
usdt_eth,2025-12-06T00:00:00.000000000Z,431652
usdt_eth,2025-12-07T00:00:00.000000000Z,328258
usdt_eth,2025-12-08T00:00:00.000000000Z,393368
usdt_eth,2025-12-09T00:00:00.000000000Z,479225
usdt_eth,2025-12-10T00:00:00.000000000Z,528602
usdt_eth,2025-12-11T00:00:00.000000000Z,546990
usdt_eth,2025-12-12T00:00:00.000000000Z,472248
usdt_eth,2025-12-13T00:00:00.000000000Z,428076
usdt_eth,2025-12-14T00:00:00.000000000Z,463088
usdt_eth,2025-12-15T00:00:00.000000000Z,628519
usdt_eth,2025-12-16T00:00:00.000000000Z,630459
usdt_eth,2025-12-17T00:00:00.000000000Z,646934
usdt_eth,2025-12-18T00:00:00.000000000Z,641343
usdt_eth,2025-12-19T00:00:00.000000000Z,628195
usdt_eth,2025-12-20T00:00:00.000000000Z,686898
usdt_eth,2025-12-21T00:00:00.000000000Z,891148
usdt_eth,2025-12-22T00:00:00.000000000Z,728964
usdt_eth,2025-12-23T00:00:00.000000000Z,969753
usdt_eth,2025-06-07T00:00:00.000000000Z,258129
usdt_eth,2025-06-08T00:00:00.000000000Z,244120
usdt_eth,2025-06-09T00:00:00.000000000Z,254551
usdt_eth,2025-06-10T00:00:00.000000000Z,269728
usdt_eth,2025-06-11T00:00:00.000000000Z,296530
usdt_eth,2025-06-12T00:00:00.000000000Z,288737
usdt_eth,2025-06-13T00:00:00.000000000Z,295626
usdt_eth,2025-06-14T00:00:00.000000000Z,225613
usdt_eth,2025-06-15T00:00:00.000000000Z,250160
usdt_eth,2025-06-16T00:00:00.000000000Z,270573
usdt_eth,2025-06-17T00:00:00.000000000Z,308963
usdt_eth,2025-06-18T00:00:00.000000000Z,303492
usdt_eth,2025-06-19T00:00:00.000000000Z,258842
usdt_eth,2025-06-20T00:00:00.000000000Z,276640
usdt_eth,2025-06-21T00:00:00.000000000Z,248324
usdt_eth,2025-06-22T00:00:00.000000000Z,255043
usdt_eth,2025-06-23T00:00:00.000000000Z,259870
usdt_eth,2025-06-24T00:00:00.000000000Z,257596
usdt_eth,2025-06-25T00:00:00.000000000Z,220016
usdt_eth,2025-06-26T00:00:00.000000000Z,256057
usdt_eth,2025-06-27T00:00:00.000000000Z,297849
usdt_eth,2025-06-28T00:00:00.000000000Z,219802
usdt_eth,2025-06-29T00:00:00.000000000Z,214425
usdt_eth,2025-06-30T00:00:00.000000000Z,265298
usdt_eth,2025-07-01T00:00:00.000000000Z,297197
usdt_eth,2025-07-02T00:00:00.000000000Z,286723
usdt_eth,2025-07-03T00:00:00.000000000Z,298920
usdt_eth,2025-07-04T00:00:00.000000000Z,263503
usdt_eth,2025-07-05T00:00:00.000000000Z,227400
usdt_eth,2025-07-06T00:00:00.000000000Z,206470
usdt_eth,2025-07-07T00:00:00.000000000Z,253639
usdt_eth,2025-07-08T00:00:00.000000000Z,253069
usdt_eth,2025-07-09T00:00:00.000000000Z,262036
usdt_eth,2025-07-10T00:00:00.000000000Z,267900
usdt_eth,2025-07-11T00:00:00.000000000Z,274334
usdt_eth,2025-07-12T00:00:00.000000000Z,250364
usdt_eth,2025-07-13T00:00:00.000000000Z,229123
usdt_eth,2025-07-14T00:00:00.000000000Z,261581
usdt_eth,2025-07-15T00:00:00.000000000Z,275188
usdt_eth,2025-07-16T00:00:00.000000000Z,265059
usdt_eth,2025-07-17T00:00:00.000000000Z,264272
usdt_eth,2025-07-18T00:00:00.000000000Z,270132
usdt_eth,2025-07-19T00:00:00.000000000Z,228286
usdt_eth,2025-07-20T00:00:00.000000000Z,248944
usdt_eth,2025-07-21T00:00:00.000000000Z,282501
usdt_eth,2025-07-22T00:00:00.000000000Z,311274
usdt_eth,2025-07-23T00:00:00.000000000Z,306691
usdt_eth,2025-07-24T00:00:00.000000000Z,323987
usdt_eth,2025-07-25T00:00:00.000000000Z,317036
usdt_eth,2025-07-26T00:00:00.000000000Z,238620
usdt_eth,2025-07-27T00:00:00.000000000Z,253476
usdt_eth,2025-07-28T00:00:00.000000000Z,320236
usdt_eth,2025-07-29T00:00:00.000000000Z,307061
usdt_eth,2025-07-30T00:00:00.000000000Z,265983
usdt_eth,2025-07-31T00:00:00.000000000Z,286116
usdt_eth,2025-08-01T00:00:00.000000000Z,362432
usdt_eth,2025-08-02T00:00:00.000000000Z,294831
usdt_eth,2025-08-03T00:00:00.000000000Z,261604
usdt_eth,2025-08-04T00:00:00.000000000Z,320960
usdt_eth,2025-08-05T00:00:00.000000000Z,307629
usdt_eth,2025-08-06T00:00:00.000000000Z,317231
usdt_eth,2025-08-07T00:00:00.000000000Z,336619
usdt_eth,2025-08-08T00:00:00.000000000Z,352689
usdt_eth,2025-08-09T00:00:00.000000000Z,301966
usdt_eth,2025-08-10T00:00:00.000000000Z,285494
usdt_eth,2025-08-11T00:00:00.000000000Z,343643
usdt_eth,2025-08-12T00:00:00.000000000Z,349570
usdt_eth,2025-08-13T00:00:00.000000000Z,338635
usdt_eth,2025-08-14T00:00:00.000000000Z,355309
usdt_eth,2025-08-15T00:00:00.000000000Z,407808
usdt_eth,2025-08-16T00:00:00.000000000Z,321228
usdt_eth,2025-08-17T00:00:00.000000000Z,267368
usdt_eth,2025-08-18T00:00:00.000000000Z,383293
usdt_eth,2025-08-19T00:00:00.000000000Z,370200
usdt_eth,2025-08-20T00:00:00.000000000Z,357099
usdt_eth,2025-08-21T00:00:00.000000000Z,381335
usdt_eth,2025-08-22T00:00:00.000000000Z,351688
usdt_eth,2025-08-23T00:00:00.000000000Z,356940
usdt_eth,2025-08-24T00:00:00.000000000Z,328460
usdt_eth,2025-08-25T00:00:00.000000000Z,380521
usdt_eth,2025-08-26T00:00:00.000000000Z,376082
usdt_eth,2025-08-27T00:00:00.000000000Z,332425
usdt_eth,2025-08-28T00:00:00.000000000Z,384985
usdt_eth,2025-08-29T00:00:00.000000000Z,447311
usdt_eth,2025-08-30T00:00:00.000000000Z,322731
usdt_eth,2025-08-31T00:00:00.000000000Z,431292
usdt_eth,2025-09-01T00:00:00.000000000Z,407292
usdt_eth,2025-09-02T00:00:00.000000000Z,437322
usdt_eth,2025-09-03T00:00:00.000000000Z,456442
usdt_eth,2025-09-04T00:00:00.000000000Z,366316
usdt_eth,2025-09-05T00:00:00.000000000Z,409777
usdt_eth,2025-09-06T00:00:00.000000000Z,285017
usdt_eth,2025-09-07T00:00:00.000000000Z,272055
usdt_eth,2025-09-08T00:00:00.000000000Z,350088
usdt_eth,2025-09-09T00:00:00.000000000Z,362446
usdt_eth,2025-09-10T00:00:00.000000000Z,391169
usdt_eth,2025-09-11T00:00:00.000000000Z,394381
usdt_eth,2025-09-12T00:00:00.000000000Z,370743
usdt_eth,2025-09-13T00:00:00.000000000Z,367283
usdt_eth,2025-09-14T00:00:00.000000000Z,313173
usdt_eth,2025-02-27T00:00:00.000000000Z,258966
usdt_eth,2025-02-28T00:00:00.000000000Z,299373
usdt_eth,2025-03-01T00:00:00.000000000Z,213537
usdt_eth,2025-03-02T00:00:00.000000000Z,202294
usdt_eth,2025-03-03T00:00:00.000000000Z,286498
usdt_eth,2025-03-04T00:00:00.000000000Z,293505
usdt_eth,2025-03-05T00:00:00.000000000Z,242749
usdt_eth,2025-03-06T00:00:00.000000000Z,261636
usdt_eth,2025-03-07T00:00:00.000000000Z,257297
usdt_eth,2025-03-08T00:00:00.000000000Z,186957
usdt_eth,2025-03-09T00:00:00.000000000Z,198258
usdt_eth,2025-03-10T00:00:00.000000000Z,285490
usdt_eth,2025-03-11T00:00:00.000000000Z,291910
usdt_eth,2025-03-12T00:00:00.000000000Z,254403
usdt_eth,2025-03-13T00:00:00.000000000Z,238095
usdt_eth,2025-03-14T00:00:00.000000000Z,222956
usdt_eth,2025-03-15T00:00:00.000000000Z,177457
usdt_eth,2025-03-16T00:00:00.000000000Z,175763
usdt_eth,2025-03-17T00:00:00.000000000Z,225573
usdt_eth,2025-03-18T00:00:00.000000000Z,219745
usdt_eth,2025-03-19T00:00:00.000000000Z,227805
usdt_eth,2025-03-20T00:00:00.000000000Z,227376
usdt_eth,2025-03-21T00:00:00.000000000Z,216751
usdt_eth,2025-03-22T00:00:00.000000000Z,186307
usdt_eth,2025-03-23T00:00:00.000000000Z,183004
usdt_eth,2025-03-24T00:00:00.000000000Z,254819
usdt_eth,2025-03-25T00:00:00.000000000Z,280229
usdt_eth,2025-03-26T00:00:00.000000000Z,259229
usdt_eth,2025-03-27T00:00:00.000000000Z,264845
usdt_eth,2025-03-28T00:00:00.000000000Z,278357
usdt_eth,2025-03-29T00:00:00.000000000Z,228962
usdt_eth,2025-03-30T00:00:00.000000000Z,206449
usdt_eth,2025-03-31T00:00:00.000000000Z,274587
usdt_eth,2025-04-01T00:00:00.000000000Z,266486
usdt_eth,2025-04-02T00:00:00.000000000Z,279950
usdt_eth,2025-04-03T00:00:00.000000000Z,264785
usdt_eth,2025-04-04T00:00:00.000000000Z,280381
usdt_eth,2025-04-05T00:00:00.000000000Z,190910
usdt_eth,2025-04-06T00:00:00.000000000Z,213015
usdt_eth,2025-04-07T00:00:00.000000000Z,299722
usdt_eth,2025-04-08T00:00:00.000000000Z,288434
usdt_eth,2025-04-09T00:00:00.000000000Z,282953
usdt_eth,2025-04-10T00:00:00.000000000Z,303888
usdt_eth,2025-04-11T00:00:00.000000000Z,271135
usdt_eth,2025-04-12T00:00:00.000000000Z,214927
usdt_eth,2025-04-13T00:00:00.000000000Z,195393
usdt_eth,2025-04-14T00:00:00.000000000Z,246883
usdt_eth,2025-04-15T00:00:00.000000000Z,252058
usdt_eth,2025-04-16T00:00:00.000000000Z,245715
usdt_eth,2025-04-17T00:00:00.000000000Z,229134
usdt_eth,2025-04-18T00:00:00.000000000Z,203885
usdt_eth,2025-04-19T00:00:00.000000000Z,172285
usdt_eth,2025-04-20T00:00:00.000000000Z,166998
usdt_eth,2025-04-21T00:00:00.000000000Z,247063
usdt_eth,2025-04-22T00:00:00.000000000Z,262824
usdt_eth,2025-04-23T00:00:00.000000000Z,273829
usdt_eth,2025-04-24T00:00:00.000000000Z,297389
usdt_eth,2025-04-25T00:00:00.000000000Z,312426
usdt_eth,2025-04-26T00:00:00.000000000Z,226648
usdt_eth,2025-04-27T00:00:00.000000000Z,209184
usdt_eth,2025-04-28T00:00:00.000000000Z,281801
usdt_eth,2025-04-29T00:00:00.000000000Z,279330
usdt_eth,2025-04-30T00:00:00.000000000Z,277202
usdt_eth,2025-05-01T00:00:00.000000000Z,256096
usdt_eth,2025-05-02T00:00:00.000000000Z,246193
usdt_eth,2025-05-03T00:00:00.000000000Z,224069
usdt_eth,2025-05-04T00:00:00.000000000Z,205840
usdt_eth,2025-05-05T00:00:00.000000000Z,254235
usdt_eth,2025-05-06T00:00:00.000000000Z,272640
usdt_eth,2025-05-07T00:00:00.000000000Z,295193
usdt_eth,2025-05-08T00:00:00.000000000Z,269599
usdt_eth,2025-05-09T00:00:00.000000000Z,264516
usdt_eth,2025-05-10T00:00:00.000000000Z,210700
usdt_eth,2025-05-11T00:00:00.000000000Z,189441
usdt_eth,2025-05-12T00:00:00.000000000Z,242772
usdt_eth,2025-05-13T00:00:00.000000000Z,245230
usdt_eth,2025-05-14T00:00:00.000000000Z,244698
usdt_eth,2025-05-15T00:00:00.000000000Z,270805
usdt_eth,2025-05-16T00:00:00.000000000Z,268486
usdt_eth,2025-05-17T00:00:00.000000000Z,265426
usdt_eth,2025-05-18T00:00:00.000000000Z,222863
usdt_eth,2025-05-19T00:00:00.000000000Z,286835
usdt_eth,2025-05-20T00:00:00.000000000Z,288486
usdt_eth,2025-05-21T00:00:00.000000000Z,265798
usdt_eth,2025-05-22T00:00:00.000000000Z,263253
usdt_eth,2025-05-23T00:00:00.000000000Z,256445
usdt_eth,2025-05-24T00:00:00.000000000Z,216329
usdt_eth,2025-05-25T00:00:00.000000000Z,199564
usdt_eth,2025-05-26T00:00:00.000000000Z,231641
usdt_eth,2025-05-27T00:00:00.000000000Z,247742
usdt_eth,2025-05-28T00:00:00.000000000Z,234423
usdt_eth,2025-05-29T00:00:00.000000000Z,234019
usdt_eth,2025-05-30T00:00:00.000000000Z,250662
usdt_eth,2025-05-31T00:00:00.000000000Z,220562
usdt_eth,2025-06-01T00:00:00.000000000Z,224787
usdt_eth,2025-06-02T00:00:00.000000000Z,248770
usdt_eth,2025-06-03T00:00:00.000000000Z,241991
usdt_eth,2025-06-04T00:00:00.000000000Z,233104
usdt_eth,2025-06-05T00:00:00.000000000Z,248737
usdt_eth,2025-06-06T00:00:00.000000000Z,272075
usdt_eth,2024-11-19T00:00:00.000000000Z,186361
usdt_eth,2024-11-20T00:00:00.000000000Z,182465
usdt_eth,2024-11-21T00:00:00.000000000Z,203288
usdt_eth,2024-11-22T00:00:00.000000000Z,205356
usdt_eth,2024-11-23T00:00:00.000000000Z,177373
usdt_eth,2024-11-24T00:00:00.000000000Z,163604
usdt_eth,2024-11-25T00:00:00.000000000Z,200131
usdt_eth,2024-11-26T00:00:00.000000000Z,203724
usdt_eth,2024-11-27T00:00:00.000000000Z,197037
usdt_eth,2024-11-28T00:00:00.000000000Z,191069
usdt_eth,2024-11-29T00:00:00.000000000Z,201404
usdt_eth,2024-11-30T00:00:00.000000000Z,178080
usdt_eth,2024-12-01T00:00:00.000000000Z,170791
usdt_eth,2024-12-02T00:00:00.000000000Z,220282
usdt_eth,2024-12-03T00:00:00.000000000Z,216138
usdt_eth,2024-12-04T00:00:00.000000000Z,213336
usdt_eth,2024-12-05T00:00:00.000000000Z,223095
usdt_eth,2024-12-06T00:00:00.000000000Z,207340
usdt_eth,2024-12-07T00:00:00.000000000Z,169958
usdt_eth,2024-12-08T00:00:00.000000000Z,165845
usdt_eth,2024-12-09T00:00:00.000000000Z,202139
usdt_eth,2024-12-10T00:00:00.000000000Z,229074
usdt_eth,2024-12-11T00:00:00.000000000Z,192624
usdt_eth,2024-12-12T00:00:00.000000000Z,192084
usdt_eth,2024-12-13T00:00:00.000000000Z,179936
usdt_eth,2024-12-14T00:00:00.000000000Z,156865
usdt_eth,2024-12-15T00:00:00.000000000Z,149356
usdt_eth,2024-12-16T00:00:00.000000000Z,199314
usdt_eth,2024-12-17T00:00:00.000000000Z,194595
usdt_eth,2024-12-18T00:00:00.000000000Z,191580
usdt_eth,2024-12-19T00:00:00.000000000Z,212281
usdt_eth,2024-12-20T00:00:00.000000000Z,223968
usdt_eth,2024-12-21T00:00:00.000000000Z,175670
usdt_eth,2024-12-22T00:00:00.000000000Z,160095
usdt_eth,2024-12-23T00:00:00.000000000Z,196535
usdt_eth,2024-12-24T00:00:00.000000000Z,178415
usdt_eth,2024-12-25T00:00:00.000000000Z,146621
usdt_eth,2024-12-26T00:00:00.000000000Z,159794
usdt_eth,2024-12-27T00:00:00.000000000Z,184202
usdt_eth,2024-12-28T00:00:00.000000000Z,162498
usdt_eth,2024-12-29T00:00:00.000000000Z,158861
usdt_eth,2024-12-30T00:00:00.000000000Z,193512
usdt_eth,2024-12-31T00:00:00.000000000Z,174018
usdt_eth,2025-01-01T00:00:00.000000000Z,121625
usdt_eth,2025-01-02T00:00:00.000000000Z,149497
usdt_eth,2025-01-03T00:00:00.000000000Z,168518
usdt_eth,2025-01-04T00:00:00.000000000Z,139372
usdt_eth,2025-01-05T00:00:00.000000000Z,131239
usdt_eth,2025-01-06T00:00:00.000000000Z,162750
usdt_eth,2025-01-07T00:00:00.000000000Z,179656
usdt_eth,2025-01-08T00:00:00.000000000Z,185234
usdt_eth,2025-01-09T00:00:00.000000000Z,181618
usdt_eth,2025-01-10T00:00:00.000000000Z,192392
usdt_eth,2025-01-11T00:00:00.000000000Z,150075
usdt_eth,2025-01-12T00:00:00.000000000Z,150396
usdt_eth,2025-01-13T00:00:00.000000000Z,211684
usdt_eth,2025-01-14T00:00:00.000000000Z,181488
usdt_eth,2025-01-15T00:00:00.000000000Z,195458
usdt_eth,2025-01-16T00:00:00.000000000Z,198129
usdt_eth,2025-01-17T00:00:00.000000000Z,184926
usdt_eth,2025-01-18T00:00:00.000000000Z,178866
usdt_eth,2025-01-19T00:00:00.000000000Z,200677
usdt_eth,2025-01-20T00:00:00.000000000Z,227690
usdt_eth,2025-01-21T00:00:00.000000000Z,189539
usdt_eth,2025-01-22T00:00:00.000000000Z,189253
usdt_eth,2025-01-23T00:00:00.000000000Z,186261
usdt_eth,2025-01-24T00:00:00.000000000Z,177822
usdt_eth,2025-01-25T00:00:00.000000000Z,144774
usdt_eth,2025-01-26T00:00:00.000000000Z,157102
usdt_eth,2025-01-27T00:00:00.000000000Z,211065
usdt_eth,2025-01-28T00:00:00.000000000Z,190589
usdt_eth,2025-01-29T00:00:00.000000000Z,189461
usdt_eth,2025-01-30T00:00:00.000000000Z,191487
usdt_eth,2025-01-31T00:00:00.000000000Z,223243
usdt_eth,2025-02-01T00:00:00.000000000Z,201437
usdt_eth,2025-02-02T00:00:00.000000000Z,203926
usdt_eth,2025-02-03T00:00:00.000000000Z,257962
usdt_eth,2025-02-04T00:00:00.000000000Z,282765
usdt_eth,2025-02-05T00:00:00.000000000Z,233775
usdt_eth,2025-02-06T00:00:00.000000000Z,229584
usdt_eth,2025-02-07T00:00:00.000000000Z,234446
usdt_eth,2025-02-08T00:00:00.000000000Z,175867
usdt_eth,2025-02-09T00:00:00.000000000Z,192251
usdt_eth,2025-02-10T00:00:00.000000000Z,263343
usdt_eth,2025-02-11T00:00:00.000000000Z,242995
usdt_eth,2025-02-12T00:00:00.000000000Z,229618
usdt_eth,2025-02-13T00:00:00.000000000Z,221696
usdt_eth,2025-02-14T00:00:00.000000000Z,225468
usdt_eth,2025-02-15T00:00:00.000000000Z,162427
usdt_eth,2025-02-16T00:00:00.000000000Z,153771
usdt_eth,2025-02-17T00:00:00.000000000Z,192054
usdt_eth,2025-02-18T00:00:00.000000000Z,227663
usdt_eth,2025-02-19T00:00:00.000000000Z,209374
usdt_eth,2025-02-20T00:00:00.000000000Z,228665
usdt_eth,2025-02-21T00:00:00.000000000Z,234828
usdt_eth,2025-02-22T00:00:00.000000000Z,209667
usdt_eth,2025-02-23T00:00:00.000000000Z,173278
usdt_eth,2025-02-24T00:00:00.000000000Z,249034
usdt_eth,2025-02-25T00:00:00.000000000Z,302490
usdt_eth,2025-02-26T00:00:00.000000000Z,253205
usdt_eth,2024-08-11T00:00:00.000000000Z,127916
usdt_eth,2024-08-12T00:00:00.000000000Z,166238
usdt_eth,2024-08-13T00:00:00.000000000Z,174510
usdt_eth,2024-08-14T00:00:00.000000000Z,168548
usdt_eth,2024-08-15T00:00:00.000000000Z,167793
usdt_eth,2024-08-16T00:00:00.000000000Z,179693
usdt_eth,2024-08-17T00:00:00.000000000Z,133753
usdt_eth,2024-08-18T00:00:00.000000000Z,127791
usdt_eth,2024-08-19T00:00:00.000000000Z,171844
usdt_eth,2024-08-20T00:00:00.000000000Z,189529
usdt_eth,2024-08-21T00:00:00.000000000Z,184669
usdt_eth,2024-08-22T00:00:00.000000000Z,178954
usdt_eth,2024-08-23T00:00:00.000000000Z,207900
usdt_eth,2024-08-24T00:00:00.000000000Z,170511
usdt_eth,2024-08-25T00:00:00.000000000Z,152960
usdt_eth,2024-08-26T00:00:00.000000000Z,195113
usdt_eth,2024-08-27T00:00:00.000000000Z,209433
usdt_eth,2024-08-28T00:00:00.000000000Z,211969
usdt_eth,2024-08-29T00:00:00.000000000Z,214608
usdt_eth,2024-08-30T00:00:00.000000000Z,218186
usdt_eth,2024-08-31T00:00:00.000000000Z,170382
usdt_eth,2024-09-01T00:00:00.000000000Z,176121
usdt_eth,2024-09-02T00:00:00.000000000Z,183660
usdt_eth,2024-09-03T00:00:00.000000000Z,192616
usdt_eth,2024-09-04T00:00:00.000000000Z,192945
usdt_eth,2024-09-05T00:00:00.000000000Z,167871
usdt_eth,2024-09-06T00:00:00.000000000Z,203936
usdt_eth,2024-09-07T00:00:00.000000000Z,197502
usdt_eth,2024-09-08T00:00:00.000000000Z,230665
usdt_eth,2024-09-09T00:00:00.000000000Z,209509
usdt_eth,2024-09-10T00:00:00.000000000Z,172883
usdt_eth,2024-09-11T00:00:00.000000000Z,194291
usdt_eth,2024-09-12T00:00:00.000000000Z,214556
usdt_eth,2024-09-13T00:00:00.000000000Z,244034
usdt_eth,2024-09-14T00:00:00.000000000Z,214628
usdt_eth,2024-09-15T00:00:00.000000000Z,302618
usdt_eth,2024-09-16T00:00:00.000000000Z,203668
usdt_eth,2024-09-17T00:00:00.000000000Z,174615
usdt_eth,2024-09-18T00:00:00.000000000Z,162079
usdt_eth,2024-09-19T00:00:00.000000000Z,158715
usdt_eth,2024-09-20T00:00:00.000000000Z,150795
usdt_eth,2024-09-21T00:00:00.000000000Z,115869
usdt_eth,2024-09-22T00:00:00.000000000Z,116805
usdt_eth,2024-09-23T00:00:00.000000000Z,143817
usdt_eth,2024-09-24T00:00:00.000000000Z,144857
usdt_eth,2024-09-25T00:00:00.000000000Z,143783
usdt_eth,2024-09-26T00:00:00.000000000Z,155825
usdt_eth,2024-09-27T00:00:00.000000000Z,164350
usdt_eth,2024-09-28T00:00:00.000000000Z,146932
usdt_eth,2024-09-29T00:00:00.000000000Z,122392
usdt_eth,2024-09-30T00:00:00.000000000Z,173909
usdt_eth,2024-10-01T00:00:00.000000000Z,176316
usdt_eth,2024-10-02T00:00:00.000000000Z,174033
usdt_eth,2024-10-03T00:00:00.000000000Z,183700
usdt_eth,2024-10-04T00:00:00.000000000Z,179323
usdt_eth,2024-10-05T00:00:00.000000000Z,135103
usdt_eth,2024-10-06T00:00:00.000000000Z,121690
usdt_eth,2024-10-07T00:00:00.000000000Z,154353
usdt_eth,2024-10-08T00:00:00.000000000Z,149032
usdt_eth,2024-10-09T00:00:00.000000000Z,146442
usdt_eth,2024-10-10T00:00:00.000000000Z,166527
usdt_eth,2024-10-11T00:00:00.000000000Z,150616
usdt_eth,2024-10-12T00:00:00.000000000Z,126111
usdt_eth,2024-10-13T00:00:00.000000000Z,116229
usdt_eth,2024-10-14T00:00:00.000000000Z,159588
usdt_eth,2024-10-15T00:00:00.000000000Z,169934
usdt_eth,2024-10-16T00:00:00.000000000Z,163920
usdt_eth,2024-10-17T00:00:00.000000000Z,143960
usdt_eth,2024-10-18T00:00:00.000000000Z,140334
usdt_eth,2024-10-19T00:00:00.000000000Z,114777
usdt_eth,2024-10-20T00:00:00.000000000Z,122645
usdt_eth,2024-10-21T00:00:00.000000000Z,161204
usdt_eth,2024-10-22T00:00:00.000000000Z,160429
usdt_eth,2024-10-23T00:00:00.000000000Z,159041
usdt_eth,2024-10-24T00:00:00.000000000Z,155767
usdt_eth,2024-10-25T00:00:00.000000000Z,180487
usdt_eth,2024-10-26T00:00:00.000000000Z,139299
usdt_eth,2024-10-27T00:00:00.000000000Z,115861
usdt_eth,2024-10-28T00:00:00.000000000Z,157533
usdt_eth,2024-10-29T00:00:00.000000000Z,174946
usdt_eth,2024-10-30T00:00:00.000000000Z,160718
usdt_eth,2024-10-31T00:00:00.000000000Z,168089
usdt_eth,2024-11-01T00:00:00.000000000Z,187905
usdt_eth,2024-11-02T00:00:00.000000000Z,138850
usdt_eth,2024-11-03T00:00:00.000000000Z,142877
usdt_eth,2024-11-04T00:00:00.000000000Z,173935
usdt_eth,2024-11-05T00:00:00.000000000Z,180776
usdt_eth,2024-11-06T00:00:00.000000000Z,203197
usdt_eth,2024-11-07T00:00:00.000000000Z,181366
usdt_eth,2024-11-08T00:00:00.000000000Z,192196
usdt_eth,2024-11-09T00:00:00.000000000Z,147379
usdt_eth,2024-11-10T00:00:00.000000000Z,168486
usdt_eth,2024-11-11T00:00:00.000000000Z,198017
usdt_eth,2024-11-12T00:00:00.000000000Z,205123
usdt_eth,2024-11-13T00:00:00.000000000Z,182039
usdt_eth,2024-11-14T00:00:00.000000000Z,184808
usdt_eth,2024-11-15T00:00:00.000000000Z,187155
usdt_eth,2024-11-16T00:00:00.000000000Z,156387
usdt_eth,2024-11-17T00:00:00.000000000Z,152668
usdt_eth,2024-11-18T00:00:00.000000000Z,188762
usdt_eth,2024-05-03T00:00:00.000000000Z,158323
usdt_eth,2024-05-04T00:00:00.000000000Z,123460
usdt_eth,2024-05-05T00:00:00.000000000Z,110877
usdt_eth,2024-05-06T00:00:00.000000000Z,154973
usdt_eth,2024-05-07T00:00:00.000000000Z,162062
usdt_eth,2024-05-08T00:00:00.000000000Z,161082
usdt_eth,2024-05-09T00:00:00.000000000Z,158651
usdt_eth,2024-05-10T00:00:00.000000000Z,158494
usdt_eth,2024-05-11T00:00:00.000000000Z,113948
usdt_eth,2024-05-12T00:00:00.000000000Z,107803
usdt_eth,2024-05-13T00:00:00.000000000Z,154931
usdt_eth,2024-05-14T00:00:00.000000000Z,161897
usdt_eth,2024-05-15T00:00:00.000000000Z,164265
usdt_eth,2024-05-16T00:00:00.000000000Z,164804
usdt_eth,2024-05-17T00:00:00.000000000Z,161675
usdt_eth,2024-05-18T00:00:00.000000000Z,148583
usdt_eth,2024-05-19T00:00:00.000000000Z,129342
usdt_eth,2024-05-20T00:00:00.000000000Z,160565
usdt_eth,2024-05-21T00:00:00.000000000Z,187905
usdt_eth,2024-05-22T00:00:00.000000000Z,168538
usdt_eth,2024-05-23T00:00:00.000000000Z,169172
usdt_eth,2024-05-24T00:00:00.000000000Z,158084
usdt_eth,2024-05-25T00:00:00.000000000Z,130223
usdt_eth,2024-05-26T00:00:00.000000000Z,123912
usdt_eth,2024-05-27T00:00:00.000000000Z,150463
usdt_eth,2024-05-28T00:00:00.000000000Z,153668
usdt_eth,2024-05-29T00:00:00.000000000Z,164299
usdt_eth,2024-05-30T00:00:00.000000000Z,160732
usdt_eth,2024-05-31T00:00:00.000000000Z,164619
usdt_eth,2024-06-01T00:00:00.000000000Z,139992
usdt_eth,2024-06-02T00:00:00.000000000Z,122569
usdt_eth,2024-06-03T00:00:00.000000000Z,165360
usdt_eth,2024-06-04T00:00:00.000000000Z,169915
usdt_eth,2024-06-05T00:00:00.000000000Z,162821
usdt_eth,2024-06-06T00:00:00.000000000Z,151680
usdt_eth,2024-06-07T00:00:00.000000000Z,164386
usdt_eth,2024-06-08T00:00:00.000000000Z,136548
usdt_eth,2024-06-09T00:00:00.000000000Z,120409
usdt_eth,2024-06-10T00:00:00.000000000Z,159751
usdt_eth,2024-06-11T00:00:00.000000000Z,175601
usdt_eth,2024-06-12T00:00:00.000000000Z,167312
usdt_eth,2024-06-13T00:00:00.000000000Z,164324
usdt_eth,2024-06-14T00:00:00.000000000Z,170735
usdt_eth,2024-06-15T00:00:00.000000000Z,131810
usdt_eth,2024-06-16T00:00:00.000000000Z,117985
usdt_eth,2024-06-17T00:00:00.000000000Z,159740
usdt_eth,2024-06-18T00:00:00.000000000Z,173230
usdt_eth,2024-06-19T00:00:00.000000000Z,148621
usdt_eth,2024-06-20T00:00:00.000000000Z,145881
usdt_eth,2024-06-21T00:00:00.000000000Z,158153
usdt_eth,2024-06-22T00:00:00.000000000Z,134859
usdt_eth,2024-06-23T00:00:00.000000000Z,115825
usdt_eth,2024-06-24T00:00:00.000000000Z,175021
usdt_eth,2024-06-25T00:00:00.000000000Z,163004
usdt_eth,2024-06-26T00:00:00.000000000Z,162320
usdt_eth,2024-06-27T00:00:00.000000000Z,148626
usdt_eth,2024-06-28T00:00:00.000000000Z,155275
usdt_eth,2024-06-29T00:00:00.000000000Z,123795
usdt_eth,2024-06-30T00:00:00.000000000Z,128555
usdt_eth,2024-07-01T00:00:00.000000000Z,164345
usdt_eth,2024-07-02T00:00:00.000000000Z,162108
usdt_eth,2024-07-03T00:00:00.000000000Z,157246
usdt_eth,2024-07-04T00:00:00.000000000Z,181563
usdt_eth,2024-07-05T00:00:00.000000000Z,201349
usdt_eth,2024-07-06T00:00:00.000000000Z,138016
usdt_eth,2024-07-07T00:00:00.000000000Z,126716
usdt_eth,2024-07-08T00:00:00.000000000Z,169557
usdt_eth,2024-07-09T00:00:00.000000000Z,154151
usdt_eth,2024-07-10T00:00:00.000000000Z,152403
usdt_eth,2024-07-11T00:00:00.000000000Z,153076
usdt_eth,2024-07-12T00:00:00.000000000Z,153690
usdt_eth,2024-07-13T00:00:00.000000000Z,124694
usdt_eth,2024-07-14T00:00:00.000000000Z,119049
usdt_eth,2024-07-15T00:00:00.000000000Z,160654
usdt_eth,2024-07-16T00:00:00.000000000Z,160641
usdt_eth,2024-07-17T00:00:00.000000000Z,148857
usdt_eth,2024-07-18T00:00:00.000000000Z,142862
usdt_eth,2024-07-19T00:00:00.000000000Z,149963
usdt_eth,2024-07-20T00:00:00.000000000Z,123026
usdt_eth,2024-07-21T00:00:00.000000000Z,115373
usdt_eth,2024-07-22T00:00:00.000000000Z,152345
usdt_eth,2024-07-23T00:00:00.000000000Z,153506
usdt_eth,2024-07-24T00:00:00.000000000Z,147650
usdt_eth,2024-07-25T00:00:00.000000000Z,173860
usdt_eth,2024-07-26T00:00:00.000000000Z,160037
usdt_eth,2024-07-27T00:00:00.000000000Z,125497
usdt_eth,2024-07-28T00:00:00.000000000Z,117789
usdt_eth,2024-07-29T00:00:00.000000000Z,163806
usdt_eth,2024-07-30T00:00:00.000000000Z,150809
usdt_eth,2024-07-31T00:00:00.000000000Z,155128
usdt_eth,2024-08-01T00:00:00.000000000Z,171990
usdt_eth,2024-08-02T00:00:00.000000000Z,175713
usdt_eth,2024-08-03T00:00:00.000000000Z,158456
usdt_eth,2024-08-04T00:00:00.000000000Z,158395
usdt_eth,2024-08-05T00:00:00.000000000Z,253742
usdt_eth,2024-08-06T00:00:00.000000000Z,194830
usdt_eth,2024-08-07T00:00:00.000000000Z,185830
usdt_eth,2024-08-08T00:00:00.000000000Z,176249
usdt_eth,2024-08-09T00:00:00.000000000Z,163947
usdt_eth,2024-08-10T00:00:00.000000000Z,131301
usdt_eth,2024-01-24T00:00:00.000000000Z,154609
usdt_eth,2024-01-25T00:00:00.000000000Z,142710
usdt_eth,2024-01-26T00:00:00.000000000Z,152528
usdt_eth,2024-01-27T00:00:00.000000000Z,116105
usdt_eth,2024-01-28T00:00:00.000000000Z,119358
usdt_eth,2024-01-29T00:00:00.000000000Z,164923
usdt_eth,2024-01-30T00:00:00.000000000Z,158596
usdt_eth,2024-01-31T00:00:00.000000000Z,161072
usdt_eth,2024-02-01T00:00:00.000000000Z,151823
usdt_eth,2024-02-02T00:00:00.000000000Z,146498
usdt_eth,2024-02-03T00:00:00.000000000Z,112974
usdt_eth,2024-02-04T00:00:00.000000000Z,108323
usdt_eth,2024-02-05T00:00:00.000000000Z,144560
usdt_eth,2024-02-06T00:00:00.000000000Z,133566
usdt_eth,2024-02-07T00:00:00.000000000Z,133693
usdt_eth,2024-02-08T00:00:00.000000000Z,131816
usdt_eth,2024-02-09T00:00:00.000000000Z,131845
usdt_eth,2024-02-10T00:00:00.000000000Z,104419
usdt_eth,2024-02-11T00:00:00.000000000Z,106298
usdt_eth,2024-02-12T00:00:00.000000000Z,132412
usdt_eth,2024-02-13T00:00:00.000000000Z,145496
usdt_eth,2024-02-14T00:00:00.000000000Z,150434
usdt_eth,2024-02-15T00:00:00.000000000Z,150224
usdt_eth,2024-02-16T00:00:00.000000000Z,154896
usdt_eth,2024-02-17T00:00:00.000000000Z,123753
usdt_eth,2024-02-18T00:00:00.000000000Z,122008
usdt_eth,2024-02-19T00:00:00.000000000Z,157286
usdt_eth,2024-02-20T00:00:00.000000000Z,159337
usdt_eth,2024-02-21T00:00:00.000000000Z,148673
usdt_eth,2024-02-22T00:00:00.000000000Z,145017
usdt_eth,2024-02-23T00:00:00.000000000Z,141469
usdt_eth,2024-02-24T00:00:00.000000000Z,115249
usdt_eth,2024-02-25T00:00:00.000000000Z,115937
usdt_eth,2024-02-26T00:00:00.000000000Z,158825
usdt_eth,2024-02-27T00:00:00.000000000Z,167226
usdt_eth,2024-02-28T00:00:00.000000000Z,175863
usdt_eth,2024-02-29T00:00:00.000000000Z,178534
usdt_eth,2024-03-01T00:00:00.000000000Z,170963
usdt_eth,2024-03-02T00:00:00.000000000Z,145526
usdt_eth,2024-03-03T00:00:00.000000000Z,136140
usdt_eth,2024-03-04T00:00:00.000000000Z,174166
usdt_eth,2024-03-05T00:00:00.000000000Z,183643
usdt_eth,2024-03-06T00:00:00.000000000Z,166968
usdt_eth,2024-03-07T00:00:00.000000000Z,164158
usdt_eth,2024-03-08T00:00:00.000000000Z,157761
usdt_eth,2024-03-09T00:00:00.000000000Z,134281
usdt_eth,2024-03-10T00:00:00.000000000Z,129551
usdt_eth,2024-03-11T00:00:00.000000000Z,162609
usdt_eth,2024-03-12T00:00:00.000000000Z,161854
usdt_eth,2024-03-13T00:00:00.000000000Z,149459
usdt_eth,2024-03-14T00:00:00.000000000Z,160048
usdt_eth,2024-03-15T00:00:00.000000000Z,173519
usdt_eth,2024-03-16T00:00:00.000000000Z,143296
usdt_eth,2024-03-17T00:00:00.000000000Z,136447
usdt_eth,2024-03-18T00:00:00.000000000Z,157795
usdt_eth,2024-03-19T00:00:00.000000000Z,180040
usdt_eth,2024-03-20T00:00:00.000000000Z,176948
usdt_eth,2024-03-21T00:00:00.000000000Z,161026
usdt_eth,2024-03-22T00:00:00.000000000Z,164844
usdt_eth,2024-03-23T00:00:00.000000000Z,137027
usdt_eth,2024-03-24T00:00:00.000000000Z,124955
usdt_eth,2024-03-25T00:00:00.000000000Z,169628
usdt_eth,2024-03-26T00:00:00.000000000Z,178419
usdt_eth,2024-03-27T00:00:00.000000000Z,168143
usdt_eth,2024-03-28T00:00:00.000000000Z,168513
usdt_eth,2024-03-29T00:00:00.000000000Z,152451
usdt_eth,2024-03-30T00:00:00.000000000Z,125904
usdt_eth,2024-03-31T00:00:00.000000000Z,129265
usdt_eth,2024-04-01T00:00:00.000000000Z,162678
usdt_eth,2024-04-02T00:00:00.000000000Z,183101
usdt_eth,2024-04-03T00:00:00.000000000Z,168134
usdt_eth,2024-04-04T00:00:00.000000000Z,169769
usdt_eth,2024-04-05T00:00:00.000000000Z,170626
usdt_eth,2024-04-06T00:00:00.000000000Z,128394
usdt_eth,2024-04-07T00:00:00.000000000Z,122294
usdt_eth,2024-04-08T00:00:00.000000000Z,162163
usdt_eth,2024-04-09T00:00:00.000000000Z,165546
usdt_eth,2024-04-10T00:00:00.000000000Z,169391
usdt_eth,2024-04-11T00:00:00.000000000Z,163790
usdt_eth,2024-04-12T00:00:00.000000000Z,179740
usdt_eth,2024-04-13T00:00:00.000000000Z,165020
usdt_eth,2024-04-14T00:00:00.000000000Z,162525
usdt_eth,2024-04-15T00:00:00.000000000Z,175081
usdt_eth,2024-04-16T00:00:00.000000000Z,179823
usdt_eth,2024-04-17T00:00:00.000000000Z,159465
usdt_eth,2024-04-18T00:00:00.000000000Z,163766
usdt_eth,2024-04-19T00:00:00.000000000Z,172028
usdt_eth,2024-04-20T00:00:00.000000000Z,130526
usdt_eth,2024-04-21T00:00:00.000000000Z,128130
usdt_eth,2024-04-22T00:00:00.000000000Z,160724
usdt_eth,2024-04-23T00:00:00.000000000Z,152230
usdt_eth,2024-04-24T00:00:00.000000000Z,155610
usdt_eth,2024-04-25T00:00:00.000000000Z,164982
usdt_eth,2024-04-26T00:00:00.000000000Z,159182
usdt_eth,2024-04-27T00:00:00.000000000Z,130749
usdt_eth,2024-04-28T00:00:00.000000000Z,123901
usdt_eth,2024-04-29T00:00:00.000000000Z,172391
usdt_eth,2024-04-30T00:00:00.000000000Z,181209
usdt_eth,2024-05-01T00:00:00.000000000Z,178871
usdt_eth,2024-05-02T00:00:00.000000000Z,161216
usdt_eth,2023-10-16T00:00:00.000000000Z,137477
usdt_eth,2023-10-17T00:00:00.000000000Z,131275
usdt_eth,2023-10-18T00:00:00.000000000Z,126036
usdt_eth,2023-10-19T00:00:00.000000000Z,134453
usdt_eth,2023-10-20T00:00:00.000000000Z,139794
usdt_eth,2023-10-21T00:00:00.000000000Z,105303
usdt_eth,2023-10-22T00:00:00.000000000Z,105493
usdt_eth,2023-10-23T00:00:00.000000000Z,156248
usdt_eth,2023-10-24T00:00:00.000000000Z,169693
usdt_eth,2023-10-25T00:00:00.000000000Z,143878
usdt_eth,2023-10-26T00:00:00.000000000Z,142321
usdt_eth,2023-10-27T00:00:00.000000000Z,133847
usdt_eth,2023-10-28T00:00:00.000000000Z,105107
usdt_eth,2023-10-29T00:00:00.000000000Z,99180
usdt_eth,2023-10-30T00:00:00.000000000Z,133925
usdt_eth,2023-10-31T00:00:00.000000000Z,147873
usdt_eth,2023-11-01T00:00:00.000000000Z,148064
usdt_eth,2023-11-02T00:00:00.000000000Z,150101
usdt_eth,2023-11-03T00:00:00.000000000Z,143440
usdt_eth,2023-11-04T00:00:00.000000000Z,109463
usdt_eth,2023-11-05T00:00:00.000000000Z,108864
usdt_eth,2023-11-06T00:00:00.000000000Z,139561
usdt_eth,2023-11-07T00:00:00.000000000Z,146327
usdt_eth,2023-11-08T00:00:00.000000000Z,136763
usdt_eth,2023-11-09T00:00:00.000000000Z,161108
usdt_eth,2023-11-10T00:00:00.000000000Z,164347
usdt_eth,2023-11-11T00:00:00.000000000Z,122976
usdt_eth,2023-11-12T00:00:00.000000000Z,110557
usdt_eth,2023-11-13T00:00:00.000000000Z,132949
usdt_eth,2023-11-14T00:00:00.000000000Z,139692
usdt_eth,2023-11-15T00:00:00.000000000Z,145639
usdt_eth,2023-11-16T00:00:00.000000000Z,151766
usdt_eth,2023-11-17T00:00:00.000000000Z,142259
usdt_eth,2023-11-18T00:00:00.000000000Z,116230
usdt_eth,2023-11-19T00:00:00.000000000Z,115617
usdt_eth,2023-11-20T00:00:00.000000000Z,148815
usdt_eth,2023-11-21T00:00:00.000000000Z,160110
usdt_eth,2023-11-22T00:00:00.000000000Z,153715
usdt_eth,2023-11-23T00:00:00.000000000Z,139857
usdt_eth,2023-11-24T00:00:00.000000000Z,145809
usdt_eth,2023-11-25T00:00:00.000000000Z,114722
usdt_eth,2023-11-26T00:00:00.000000000Z,105272
usdt_eth,2023-11-27T00:00:00.000000000Z,138556
usdt_eth,2023-11-28T00:00:00.000000000Z,138549
usdt_eth,2023-11-29T00:00:00.000000000Z,139102
usdt_eth,2023-11-30T00:00:00.000000000Z,139930
usdt_eth,2023-12-01T00:00:00.000000000Z,147093
usdt_eth,2023-12-02T00:00:00.000000000Z,117931
usdt_eth,2023-12-03T00:00:00.000000000Z,113647
usdt_eth,2023-12-04T00:00:00.000000000Z,160691
usdt_eth,2023-12-05T00:00:00.000000000Z,158042
usdt_eth,2023-12-06T00:00:00.000000000Z,151433
usdt_eth,2023-12-07T00:00:00.000000000Z,154903
usdt_eth,2023-12-08T00:00:00.000000000Z,160330
usdt_eth,2023-12-09T00:00:00.000000000Z,135660
usdt_eth,2023-12-10T00:00:00.000000000Z,125776
usdt_eth,2023-12-11T00:00:00.000000000Z,175224
usdt_eth,2023-12-12T00:00:00.000000000Z,145492
usdt_eth,2023-12-13T00:00:00.000000000Z,141971
usdt_eth,2023-12-14T00:00:00.000000000Z,154955
usdt_eth,2023-12-15T00:00:00.000000000Z,150386
usdt_eth,2023-12-16T00:00:00.000000000Z,125047
usdt_eth,2023-12-17T00:00:00.000000000Z,116560
usdt_eth,2023-12-18T00:00:00.000000000Z,146936
usdt_eth,2023-12-19T00:00:00.000000000Z,146078
usdt_eth,2023-12-20T00:00:00.000000000Z,140497
usdt_eth,2023-12-21T00:00:00.000000000Z,149599
usdt_eth,2023-12-22T00:00:00.000000000Z,158230
usdt_eth,2023-12-23T00:00:00.000000000Z,129659
usdt_eth,2023-12-24T00:00:00.000000000Z,121586
usdt_eth,2023-12-25T00:00:00.000000000Z,122315
usdt_eth,2023-12-26T00:00:00.000000000Z,144701
usdt_eth,2023-12-27T00:00:00.000000000Z,151801
usdt_eth,2023-12-28T00:00:00.000000000Z,163522
usdt_eth,2023-12-29T00:00:00.000000000Z,156679
usdt_eth,2023-12-30T00:00:00.000000000Z,126692
usdt_eth,2023-12-31T00:00:00.000000000Z,118379
usdt_eth,2024-01-01T00:00:00.000000000Z,113719
usdt_eth,2024-01-02T00:00:00.000000000Z,162071
usdt_eth,2024-01-03T00:00:00.000000000Z,160773
usdt_eth,2024-01-04T00:00:00.000000000Z,164202
usdt_eth,2024-01-05T00:00:00.000000000Z,157504
usdt_eth,2024-01-06T00:00:00.000000000Z,120281
usdt_eth,2024-01-07T00:00:00.000000000Z,110247
usdt_eth,2024-01-08T00:00:00.000000000Z,168248
usdt_eth,2024-01-09T00:00:00.000000000Z,162112
usdt_eth,2024-01-10T00:00:00.000000000Z,160583
usdt_eth,2024-01-11T00:00:00.000000000Z,171932
usdt_eth,2024-01-12T00:00:00.000000000Z,161586
usdt_eth,2024-01-13T00:00:00.000000000Z,127685
usdt_eth,2024-01-14T00:00:00.000000000Z,111678
usdt_eth,2024-01-15T00:00:00.000000000Z,151017
usdt_eth,2024-01-16T00:00:00.000000000Z,152335
usdt_eth,2024-01-17T00:00:00.000000000Z,139723
usdt_eth,2024-01-18T00:00:00.000000000Z,147510
usdt_eth,2024-01-19T00:00:00.000000000Z,161976
usdt_eth,2024-01-20T00:00:00.000000000Z,117860
usdt_eth,2024-01-21T00:00:00.000000000Z,120712
usdt_eth,2024-01-22T00:00:00.000000000Z,167220
usdt_eth,2024-01-23T00:00:00.000000000Z,175078
usdt_eth,2023-07-08T00:00:00.000000000Z,83775
usdt_eth,2023-07-09T00:00:00.000000000Z,76673
usdt_eth,2023-07-10T00:00:00.000000000Z,114325
usdt_eth,2023-07-11T00:00:00.000000000Z,110520
usdt_eth,2023-07-12T00:00:00.000000000Z,104499
usdt_eth,2023-07-13T00:00:00.000000000Z,123385
usdt_eth,2023-07-14T00:00:00.000000000Z,129825
usdt_eth,2023-07-15T00:00:00.000000000Z,89002
usdt_eth,2023-07-16T00:00:00.000000000Z,85329
usdt_eth,2023-07-17T00:00:00.000000000Z,118858
usdt_eth,2023-07-18T00:00:00.000000000Z,111757
usdt_eth,2023-07-19T00:00:00.000000000Z,111035
usdt_eth,2023-07-20T00:00:00.000000000Z,108514
usdt_eth,2023-07-21T00:00:00.000000000Z,103129
usdt_eth,2023-07-22T00:00:00.000000000Z,81470
usdt_eth,2023-07-23T00:00:00.000000000Z,75751
usdt_eth,2023-07-24T00:00:00.000000000Z,108577
usdt_eth,2023-07-25T00:00:00.000000000Z,103911
usdt_eth,2023-07-26T00:00:00.000000000Z,107732
usdt_eth,2023-07-27T00:00:00.000000000Z,100706
usdt_eth,2023-07-28T00:00:00.000000000Z,100108
usdt_eth,2023-07-29T00:00:00.000000000Z,77157
usdt_eth,2023-07-30T00:00:00.000000000Z,77697
usdt_eth,2023-07-31T00:00:00.000000000Z,114747
usdt_eth,2023-08-01T00:00:00.000000000Z,128555
usdt_eth,2023-08-02T00:00:00.000000000Z,117004
usdt_eth,2023-08-03T00:00:00.000000000Z,113360
usdt_eth,2023-08-04T00:00:00.000000000Z,111764
usdt_eth,2023-08-05T00:00:00.000000000Z,87505
usdt_eth,2023-08-06T00:00:00.000000000Z,82935
usdt_eth,2023-08-07T00:00:00.000000000Z,119131
usdt_eth,2023-08-08T00:00:00.000000000Z,124992
usdt_eth,2023-08-09T00:00:00.000000000Z,122106
usdt_eth,2023-08-10T00:00:00.000000000Z,117978
usdt_eth,2023-08-11T00:00:00.000000000Z,107571
usdt_eth,2023-08-12T00:00:00.000000000Z,82168
usdt_eth,2023-08-13T00:00:00.000000000Z,78377
usdt_eth,2023-08-14T00:00:00.000000000Z,109277
usdt_eth,2023-08-15T00:00:00.000000000Z,115582
usdt_eth,2023-08-16T00:00:00.000000000Z,112580
usdt_eth,2023-08-17T00:00:00.000000000Z,129734
usdt_eth,2023-08-18T00:00:00.000000000Z,131086
usdt_eth,2023-08-19T00:00:00.000000000Z,90229
usdt_eth,2023-08-20T00:00:00.000000000Z,78387
usdt_eth,2023-08-21T00:00:00.000000000Z,107753
usdt_eth,2023-08-22T00:00:00.000000000Z,110101
usdt_eth,2023-08-23T00:00:00.000000000Z,112230
usdt_eth,2023-08-24T00:00:00.000000000Z,107675
usdt_eth,2023-08-25T00:00:00.000000000Z,105676
usdt_eth,2023-08-26T00:00:00.000000000Z,82800
usdt_eth,2023-08-27T00:00:00.000000000Z,77298
usdt_eth,2023-08-28T00:00:00.000000000Z,106674
usdt_eth,2023-08-29T00:00:00.000000000Z,114100
usdt_eth,2023-08-30T00:00:00.000000000Z,113281
usdt_eth,2023-08-31T00:00:00.000000000Z,119689
usdt_eth,2023-09-01T00:00:00.000000000Z,126090
usdt_eth,2023-09-02T00:00:00.000000000Z,93059
usdt_eth,2023-09-03T00:00:00.000000000Z,81190
usdt_eth,2023-09-04T00:00:00.000000000Z,118993
usdt_eth,2023-09-05T00:00:00.000000000Z,116661
usdt_eth,2023-09-06T00:00:00.000000000Z,115660
usdt_eth,2023-09-07T00:00:00.000000000Z,112787
usdt_eth,2023-09-08T00:00:00.000000000Z,117553
usdt_eth,2023-09-09T00:00:00.000000000Z,83400
usdt_eth,2023-09-10T00:00:00.000000000Z,85835
usdt_eth,2023-09-11T00:00:00.000000000Z,120053
usdt_eth,2023-09-12T00:00:00.000000000Z,121162
usdt_eth,2023-09-13T00:00:00.000000000Z,111509
usdt_eth,2023-09-14T00:00:00.000000000Z,123483
usdt_eth,2023-09-15T00:00:00.000000000Z,121961
usdt_eth,2023-09-16T00:00:00.000000000Z,89364
usdt_eth,2023-09-17T00:00:00.000000000Z,79020
usdt_eth,2023-09-18T00:00:00.000000000Z,117613
usdt_eth,2023-09-19T00:00:00.000000000Z,120982
usdt_eth,2023-09-20T00:00:00.000000000Z,117427
usdt_eth,2023-09-21T00:00:00.000000000Z,113628
usdt_eth,2023-09-22T00:00:00.000000000Z,117729
usdt_eth,2023-09-23T00:00:00.000000000Z,88561
usdt_eth,2023-09-24T00:00:00.000000000Z,84186
usdt_eth,2023-09-25T00:00:00.000000000Z,119664
usdt_eth,2023-09-26T00:00:00.000000000Z,120805
usdt_eth,2023-09-27T00:00:00.000000000Z,123083
usdt_eth,2023-09-28T00:00:00.000000000Z,129387
usdt_eth,2023-09-29T00:00:00.000000000Z,126174
usdt_eth,2023-09-30T00:00:00.000000000Z,101879
usdt_eth,2023-10-01T00:00:00.000000000Z,101698
usdt_eth,2023-10-02T00:00:00.000000000Z,139732
usdt_eth,2023-10-03T00:00:00.000000000Z,131099
usdt_eth,2023-10-04T00:00:00.000000000Z,127829
usdt_eth,2023-10-05T00:00:00.000000000Z,129268
usdt_eth,2023-10-06T00:00:00.000000000Z,133290
usdt_eth,2023-10-07T00:00:00.000000000Z,115746
usdt_eth,2023-10-08T00:00:00.000000000Z,109579
usdt_eth,2023-10-09T00:00:00.000000000Z,141462
usdt_eth,2023-10-10T00:00:00.000000000Z,132743
usdt_eth,2023-10-11T00:00:00.000000000Z,134435
usdt_eth,2023-10-12T00:00:00.000000000Z,127233
usdt_eth,2023-10-13T00:00:00.000000000Z,125051
usdt_eth,2023-10-14T00:00:00.000000000Z,108198
usdt_eth,2023-10-15T00:00:00.000000000Z,93339
usdt_eth,2023-03-30T00:00:00.000000000Z,137518
usdt_eth,2023-03-31T00:00:00.000000000Z,155235
usdt_eth,2023-04-01T00:00:00.000000000Z,108249
usdt_eth,2023-04-02T00:00:00.000000000Z,99342
usdt_eth,2023-04-03T00:00:00.000000000Z,140392
usdt_eth,2023-04-04T00:00:00.000000000Z,138596
usdt_eth,2023-04-05T00:00:00.000000000Z,132784
usdt_eth,2023-04-06T00:00:00.000000000Z,125922
usdt_eth,2023-04-07T00:00:00.000000000Z,116303
usdt_eth,2023-04-08T00:00:00.000000000Z,94054
usdt_eth,2023-04-09T00:00:00.000000000Z,90088
usdt_eth,2023-04-10T00:00:00.000000000Z,124684
usdt_eth,2023-04-11T00:00:00.000000000Z,136800
usdt_eth,2023-04-12T00:00:00.000000000Z,134345
usdt_eth,2023-04-13T00:00:00.000000000Z,130787
usdt_eth,2023-04-14T00:00:00.000000000Z,145374
usdt_eth,2023-04-15T00:00:00.000000000Z,109506
usdt_eth,2023-04-16T00:00:00.000000000Z,95028
usdt_eth,2023-04-17T00:00:00.000000000Z,128725
usdt_eth,2023-04-18T00:00:00.000000000Z,125584
usdt_eth,2023-04-19T00:00:00.000000000Z,128173
usdt_eth,2023-04-20T00:00:00.000000000Z,129228
usdt_eth,2023-04-21T00:00:00.000000000Z,133786
usdt_eth,2023-04-22T00:00:00.000000000Z,91675
usdt_eth,2023-04-23T00:00:00.000000000Z,83549
usdt_eth,2023-04-24T00:00:00.000000000Z,113712
usdt_eth,2023-04-25T00:00:00.000000000Z,119790
usdt_eth,2023-04-26T00:00:00.000000000Z,122319
usdt_eth,2023-04-27T00:00:00.000000000Z,116647
usdt_eth,2023-04-28T00:00:00.000000000Z,115688
usdt_eth,2023-04-29T00:00:00.000000000Z,88461
usdt_eth,2023-04-30T00:00:00.000000000Z,89733
usdt_eth,2023-05-01T00:00:00.000000000Z,115197
usdt_eth,2023-05-02T00:00:00.000000000Z,120122
usdt_eth,2023-05-03T00:00:00.000000000Z,122057
usdt_eth,2023-05-04T00:00:00.000000000Z,120491
usdt_eth,2023-05-05T00:00:00.000000000Z,128887
usdt_eth,2023-05-06T00:00:00.000000000Z,97530
usdt_eth,2023-05-07T00:00:00.000000000Z,83663
usdt_eth,2023-05-08T00:00:00.000000000Z,120896
usdt_eth,2023-05-09T00:00:00.000000000Z,113825
usdt_eth,2023-05-10T00:00:00.000000000Z,111954
usdt_eth,2023-05-11T00:00:00.000000000Z,107873
usdt_eth,2023-05-12T00:00:00.000000000Z,117459
usdt_eth,2023-05-13T00:00:00.000000000Z,86000
usdt_eth,2023-05-14T00:00:00.000000000Z,77562
usdt_eth,2023-05-15T00:00:00.000000000Z,107282
usdt_eth,2023-05-16T00:00:00.000000000Z,109080
usdt_eth,2023-05-17T00:00:00.000000000Z,105265
usdt_eth,2023-05-18T00:00:00.000000000Z,110336
usdt_eth,2023-05-19T00:00:00.000000000Z,112223
usdt_eth,2023-05-20T00:00:00.000000000Z,80610
usdt_eth,2023-05-21T00:00:00.000000000Z,82673
usdt_eth,2023-05-22T00:00:00.000000000Z,110229
usdt_eth,2023-05-23T00:00:00.000000000Z,109771
usdt_eth,2023-05-24T00:00:00.000000000Z,113783
usdt_eth,2023-05-25T00:00:00.000000000Z,116753
usdt_eth,2023-05-26T00:00:00.000000000Z,108314
usdt_eth,2023-05-27T00:00:00.000000000Z,82052
usdt_eth,2023-05-28T00:00:00.000000000Z,76738
usdt_eth,2023-05-29T00:00:00.000000000Z,103211
usdt_eth,2023-05-30T00:00:00.000000000Z,102608
usdt_eth,2023-05-31T00:00:00.000000000Z,114739
usdt_eth,2023-06-01T00:00:00.000000000Z,111363
usdt_eth,2023-06-02T00:00:00.000000000Z,109898
usdt_eth,2023-06-03T00:00:00.000000000Z,85173
usdt_eth,2023-06-04T00:00:00.000000000Z,84112
usdt_eth,2023-06-05T00:00:00.000000000Z,131115
usdt_eth,2023-06-06T00:00:00.000000000Z,135243
usdt_eth,2023-06-07T00:00:00.000000000Z,117991
usdt_eth,2023-06-08T00:00:00.000000000Z,114081
usdt_eth,2023-06-09T00:00:00.000000000Z,114404
usdt_eth,2023-06-10T00:00:00.000000000Z,138058
usdt_eth,2023-06-11T00:00:00.000000000Z,131493
usdt_eth,2023-06-12T00:00:00.000000000Z,118451
usdt_eth,2023-06-13T00:00:00.000000000Z,116624
usdt_eth,2023-06-14T00:00:00.000000000Z,115189
usdt_eth,2023-06-15T00:00:00.000000000Z,141257
usdt_eth,2023-06-16T00:00:00.000000000Z,119817
usdt_eth,2023-06-17T00:00:00.000000000Z,87835
usdt_eth,2023-06-18T00:00:00.000000000Z,75137
usdt_eth,2023-06-19T00:00:00.000000000Z,106161
usdt_eth,2023-06-20T00:00:00.000000000Z,113441
usdt_eth,2023-06-21T00:00:00.000000000Z,127800
usdt_eth,2023-06-22T00:00:00.000000000Z,111233
usdt_eth,2023-06-23T00:00:00.000000000Z,110492
usdt_eth,2023-06-24T00:00:00.000000000Z,82920
usdt_eth,2023-06-25T00:00:00.000000000Z,80902
usdt_eth,2023-06-26T00:00:00.000000000Z,114965
usdt_eth,2023-06-27T00:00:00.000000000Z,111891
usdt_eth,2023-06-28T00:00:00.000000000Z,117397
usdt_eth,2023-06-29T00:00:00.000000000Z,108127
usdt_eth,2023-06-30T00:00:00.000000000Z,137998
usdt_eth,2023-07-01T00:00:00.000000000Z,94477
usdt_eth,2023-07-02T00:00:00.000000000Z,81799
usdt_eth,2023-07-03T00:00:00.000000000Z,118684
usdt_eth,2023-07-04T00:00:00.000000000Z,105753
usdt_eth,2023-07-05T00:00:00.000000000Z,96644
usdt_eth,2023-07-06T00:00:00.000000000Z,111403
usdt_eth,2023-07-07T00:00:00.000000000Z,111511
usdt_eth,2022-12-20T00:00:00.000000000Z,119132
usdt_eth,2022-12-21T00:00:00.000000000Z,110568
usdt_eth,2022-12-22T00:00:00.000000000Z,139688
usdt_eth,2022-12-23T00:00:00.000000000Z,130567
usdt_eth,2022-12-24T00:00:00.000000000Z,88343
usdt_eth,2022-12-25T00:00:00.000000000Z,71234
usdt_eth,2022-12-26T00:00:00.000000000Z,97291
usdt_eth,2022-12-27T00:00:00.000000000Z,144406
usdt_eth,2022-12-28T00:00:00.000000000Z,108359
usdt_eth,2022-12-29T00:00:00.000000000Z,105654
usdt_eth,2022-12-30T00:00:00.000000000Z,110092
usdt_eth,2022-12-31T00:00:00.000000000Z,83988
usdt_eth,2023-01-01T00:00:00.000000000Z,62348
usdt_eth,2023-01-02T00:00:00.000000000Z,87378
usdt_eth,2023-01-03T00:00:00.000000000Z,101608
usdt_eth,2023-01-04T00:00:00.000000000Z,118918
usdt_eth,2023-01-05T00:00:00.000000000Z,113254
usdt_eth,2023-01-06T00:00:00.000000000Z,109485
usdt_eth,2023-01-07T00:00:00.000000000Z,85575
usdt_eth,2023-01-08T00:00:00.000000000Z,78145
usdt_eth,2023-01-09T00:00:00.000000000Z,127120
usdt_eth,2023-01-10T00:00:00.000000000Z,126325
usdt_eth,2023-01-11T00:00:00.000000000Z,130330
usdt_eth,2023-01-12T00:00:00.000000000Z,143363
usdt_eth,2023-01-13T00:00:00.000000000Z,130851
usdt_eth,2023-01-14T00:00:00.000000000Z,129115
usdt_eth,2023-01-15T00:00:00.000000000Z,100855
usdt_eth,2023-01-16T00:00:00.000000000Z,132616
usdt_eth,2023-01-17T00:00:00.000000000Z,123215
usdt_eth,2023-01-18T00:00:00.000000000Z,134668
usdt_eth,2023-01-19T00:00:00.000000000Z,118245
usdt_eth,2023-01-20T00:00:00.000000000Z,125811
usdt_eth,2023-01-21T00:00:00.000000000Z,107634
usdt_eth,2023-01-22T00:00:00.000000000Z,95470
usdt_eth,2023-01-23T00:00:00.000000000Z,109834
usdt_eth,2023-01-24T00:00:00.000000000Z,117082
usdt_eth,2023-01-25T00:00:00.000000000Z,118537
usdt_eth,2023-01-26T00:00:00.000000000Z,115297
usdt_eth,2023-01-27T00:00:00.000000000Z,126322
usdt_eth,2023-01-28T00:00:00.000000000Z,97904
usdt_eth,2023-01-29T00:00:00.000000000Z,94626
usdt_eth,2023-01-30T00:00:00.000000000Z,127570
usdt_eth,2023-01-31T00:00:00.000000000Z,123656
usdt_eth,2023-02-01T00:00:00.000000000Z,140388
usdt_eth,2023-02-02T00:00:00.000000000Z,143922
usdt_eth,2023-02-03T00:00:00.000000000Z,127779
usdt_eth,2023-02-04T00:00:00.000000000Z,104701
usdt_eth,2023-02-05T00:00:00.000000000Z,106564
usdt_eth,2023-02-06T00:00:00.000000000Z,131459
usdt_eth,2023-02-07T00:00:00.000000000Z,145538
usdt_eth,2023-02-08T00:00:00.000000000Z,136735
usdt_eth,2023-02-09T00:00:00.000000000Z,137803
usdt_eth,2023-02-10T00:00:00.000000000Z,134256
usdt_eth,2023-02-11T00:00:00.000000000Z,99361
usdt_eth,2023-02-12T00:00:00.000000000Z,96366
usdt_eth,2023-02-13T00:00:00.000000000Z,159342
usdt_eth,2023-02-14T00:00:00.000000000Z,170822
usdt_eth,2023-02-15T00:00:00.000000000Z,144596
usdt_eth,2023-02-16T00:00:00.000000000Z,156114
usdt_eth,2023-02-17T00:00:00.000000000Z,133300
usdt_eth,2023-02-18T00:00:00.000000000Z,100704
usdt_eth,2023-02-19T00:00:00.000000000Z,104517
usdt_eth,2023-02-20T00:00:00.000000000Z,135096
usdt_eth,2023-02-21T00:00:00.000000000Z,150700
usdt_eth,2023-02-22T00:00:00.000000000Z,151913
usdt_eth,2023-02-23T00:00:00.000000000Z,141785
usdt_eth,2023-02-24T00:00:00.000000000Z,131954
usdt_eth,2023-02-25T00:00:00.000000000Z,102375
usdt_eth,2023-02-26T00:00:00.000000000Z,97303
usdt_eth,2023-02-27T00:00:00.000000000Z,131315
usdt_eth,2023-02-28T00:00:00.000000000Z,137850
usdt_eth,2023-03-01T00:00:00.000000000Z,133611
usdt_eth,2023-03-02T00:00:00.000000000Z,130666
usdt_eth,2023-03-03T00:00:00.000000000Z,142207
usdt_eth,2023-03-04T00:00:00.000000000Z,98011
usdt_eth,2023-03-05T00:00:00.000000000Z,93315
usdt_eth,2023-03-06T00:00:00.000000000Z,128856
usdt_eth,2023-03-07T00:00:00.000000000Z,133940
usdt_eth,2023-03-08T00:00:00.000000000Z,129414
usdt_eth,2023-03-09T00:00:00.000000000Z,150908
usdt_eth,2023-03-10T00:00:00.000000000Z,182798
usdt_eth,2023-03-11T00:00:00.000000000Z,248467
usdt_eth,2023-03-12T00:00:00.000000000Z,164343
usdt_eth,2023-03-13T00:00:00.000000000Z,204885
usdt_eth,2023-03-14T00:00:00.000000000Z,201458
usdt_eth,2023-03-15T00:00:00.000000000Z,174044
usdt_eth,2023-03-16T00:00:00.000000000Z,157279
usdt_eth,2023-03-17T00:00:00.000000000Z,181749
usdt_eth,2023-03-18T00:00:00.000000000Z,142056
usdt_eth,2023-03-19T00:00:00.000000000Z,121210
usdt_eth,2023-03-20T00:00:00.000000000Z,176029
usdt_eth,2023-03-21T00:00:00.000000000Z,158573
usdt_eth,2023-03-22T00:00:00.000000000Z,158482
usdt_eth,2023-03-23T00:00:00.000000000Z,165549
usdt_eth,2023-03-24T00:00:00.000000000Z,150464
usdt_eth,2023-03-25T00:00:00.000000000Z,113152
usdt_eth,2023-03-26T00:00:00.000000000Z,107628
usdt_eth,2023-03-27T00:00:00.000000000Z,149369
usdt_eth,2023-03-28T00:00:00.000000000Z,146168
usdt_eth,2023-03-29T00:00:00.000000000Z,141717
usdt_eth,2022-09-11T00:00:00.000000000Z,71024
usdt_eth,2022-09-12T00:00:00.000000000Z,90564
usdt_eth,2022-09-13T00:00:00.000000000Z,101992
usdt_eth,2022-09-14T00:00:00.000000000Z,98773
usdt_eth,2022-09-15T00:00:00.000000000Z,89797
usdt_eth,2022-09-16T00:00:00.000000000Z,98912
usdt_eth,2022-09-17T00:00:00.000000000Z,77179
usdt_eth,2022-09-18T00:00:00.000000000Z,78030
usdt_eth,2022-09-19T00:00:00.000000000Z,105981
usdt_eth,2022-09-20T00:00:00.000000000Z,96571
usdt_eth,2022-09-21T00:00:00.000000000Z,104706
usdt_eth,2022-09-22T00:00:00.000000000Z,103857
usdt_eth,2022-09-23T00:00:00.000000000Z,103311
usdt_eth,2022-09-24T00:00:00.000000000Z,80623
usdt_eth,2022-09-25T00:00:00.000000000Z,76025
usdt_eth,2022-09-26T00:00:00.000000000Z,119136
usdt_eth,2022-09-27T00:00:00.000000000Z,178302
usdt_eth,2022-09-28T00:00:00.000000000Z,126995
usdt_eth,2022-09-29T00:00:00.000000000Z,109972
usdt_eth,2022-09-30T00:00:00.000000000Z,119216
usdt_eth,2022-10-01T00:00:00.000000000Z,98851
usdt_eth,2022-10-02T00:00:00.000000000Z,88395
usdt_eth,2022-10-03T00:00:00.000000000Z,118957
usdt_eth,2022-10-04T00:00:00.000000000Z,119862
usdt_eth,2022-10-05T00:00:00.000000000Z,105830
usdt_eth,2022-10-06T00:00:00.000000000Z,113523
usdt_eth,2022-10-07T00:00:00.000000000Z,112387
usdt_eth,2022-10-08T00:00:00.000000000Z,101358
usdt_eth,2022-10-09T00:00:00.000000000Z,72382
usdt_eth,2022-10-10T00:00:00.000000000Z,86715
usdt_eth,2022-10-11T00:00:00.000000000Z,102164
usdt_eth,2022-10-12T00:00:00.000000000Z,96651
usdt_eth,2022-10-13T00:00:00.000000000Z,115724
usdt_eth,2022-10-14T00:00:00.000000000Z,124857
usdt_eth,2022-10-15T00:00:00.000000000Z,89825
usdt_eth,2022-10-16T00:00:00.000000000Z,73301
usdt_eth,2022-10-17T00:00:00.000000000Z,99806
usdt_eth,2022-10-18T00:00:00.000000000Z,99869
usdt_eth,2022-10-19T00:00:00.000000000Z,97862
usdt_eth,2022-10-20T00:00:00.000000000Z,141702
usdt_eth,2022-10-21T00:00:00.000000000Z,120994
usdt_eth,2022-10-22T00:00:00.000000000Z,75234
usdt_eth,2022-10-23T00:00:00.000000000Z,74401
usdt_eth,2022-10-24T00:00:00.000000000Z,104610
usdt_eth,2022-10-25T00:00:00.000000000Z,107142
usdt_eth,2022-10-26T00:00:00.000000000Z,111366
usdt_eth,2022-10-27T00:00:00.000000000Z,109236
usdt_eth,2022-10-28T00:00:00.000000000Z,105656
usdt_eth,2022-10-29T00:00:00.000000000Z,98509
usdt_eth,2022-10-30T00:00:00.000000000Z,91466
usdt_eth,2022-10-31T00:00:00.000000000Z,115127
usdt_eth,2022-11-01T00:00:00.000000000Z,113394
usdt_eth,2022-11-02T00:00:00.000000000Z,117833
usdt_eth,2022-11-03T00:00:00.000000000Z,155250
usdt_eth,2022-11-04T00:00:00.000000000Z,118673
usdt_eth,2022-11-05T00:00:00.000000000Z,97308
usdt_eth,2022-11-06T00:00:00.000000000Z,90810
usdt_eth,2022-11-07T00:00:00.000000000Z,125142
usdt_eth,2022-11-08T00:00:00.000000000Z,167932
usdt_eth,2022-11-09T00:00:00.000000000Z,194097
usdt_eth,2022-11-10T00:00:00.000000000Z,207168
usdt_eth,2022-11-11T00:00:00.000000000Z,149700
usdt_eth,2022-11-12T00:00:00.000000000Z,111937
usdt_eth,2022-11-13T00:00:00.000000000Z,123007
usdt_eth,2022-11-14T00:00:00.000000000Z,140185
usdt_eth,2022-11-15T00:00:00.000000000Z,134847
usdt_eth,2022-11-16T00:00:00.000000000Z,129963
usdt_eth,2022-11-17T00:00:00.000000000Z,128039
usdt_eth,2022-11-18T00:00:00.000000000Z,120647
usdt_eth,2022-11-19T00:00:00.000000000Z,100449
usdt_eth,2022-11-20T00:00:00.000000000Z,103093
usdt_eth,2022-11-21T00:00:00.000000000Z,133975
usdt_eth,2022-11-22T00:00:00.000000000Z,132073
usdt_eth,2022-11-23T00:00:00.000000000Z,119857
usdt_eth,2022-11-24T00:00:00.000000000Z,130680
usdt_eth,2022-11-25T00:00:00.000000000Z,133392
usdt_eth,2022-11-26T00:00:00.000000000Z,94130
usdt_eth,2022-11-27T00:00:00.000000000Z,78087
usdt_eth,2022-11-28T00:00:00.000000000Z,119790
usdt_eth,2022-11-29T00:00:00.000000000Z,148576
usdt_eth,2022-11-30T00:00:00.000000000Z,131908
usdt_eth,2022-12-01T00:00:00.000000000Z,118764
usdt_eth,2022-12-02T00:00:00.000000000Z,118500
usdt_eth,2022-12-03T00:00:00.000000000Z,84851
usdt_eth,2022-12-04T00:00:00.000000000Z,79672
usdt_eth,2022-12-05T00:00:00.000000000Z,109992
usdt_eth,2022-12-06T00:00:00.000000000Z,112156
usdt_eth,2022-12-07T00:00:00.000000000Z,104634
usdt_eth,2022-12-08T00:00:00.000000000Z,102016
usdt_eth,2022-12-09T00:00:00.000000000Z,264747
usdt_eth,2022-12-10T00:00:00.000000000Z,249208
usdt_eth,2022-12-11T00:00:00.000000000Z,108830
usdt_eth,2022-12-12T00:00:00.000000000Z,155820
usdt_eth,2022-12-13T00:00:00.000000000Z,173983
usdt_eth,2022-12-14T00:00:00.000000000Z,159010
usdt_eth,2022-12-15T00:00:00.000000000Z,138672
usdt_eth,2022-12-16T00:00:00.000000000Z,161956
usdt_eth,2022-12-17T00:00:00.000000000Z,112240
usdt_eth,2022-12-18T00:00:00.000000000Z,98163
usdt_eth,2022-12-19T00:00:00.000000000Z,115629
usdt_eth,2022-06-03T00:00:00.000000000Z,64852
usdt_eth,2022-06-04T00:00:00.000000000Z,50671
usdt_eth,2022-06-05T00:00:00.000000000Z,48347
usdt_eth,2022-06-06T00:00:00.000000000Z,71290
usdt_eth,2022-06-07T00:00:00.000000000Z,74710
usdt_eth,2022-06-08T00:00:00.000000000Z,66347
usdt_eth,2022-06-09T00:00:00.000000000Z,65983
usdt_eth,2022-06-10T00:00:00.000000000Z,88354
usdt_eth,2022-06-11T00:00:00.000000000Z,71509
usdt_eth,2022-06-12T00:00:00.000000000Z,71894
usdt_eth,2022-06-13T00:00:00.000000000Z,121718
usdt_eth,2022-06-14T00:00:00.000000000Z,104652
usdt_eth,2022-06-15T00:00:00.000000000Z,113979
usdt_eth,2022-06-16T00:00:00.000000000Z,87982
usdt_eth,2022-06-17T00:00:00.000000000Z,92031
usdt_eth,2022-06-18T00:00:00.000000000Z,97851
usdt_eth,2022-06-19T00:00:00.000000000Z,80543
usdt_eth,2022-06-20T00:00:00.000000000Z,84725
usdt_eth,2022-06-21T00:00:00.000000000Z,83936
usdt_eth,2022-06-22T00:00:00.000000000Z,87433
usdt_eth,2022-06-23T00:00:00.000000000Z,78111
usdt_eth,2022-06-24T00:00:00.000000000Z,79457
usdt_eth,2022-06-25T00:00:00.000000000Z,58842
usdt_eth,2022-06-26T00:00:00.000000000Z,52729
usdt_eth,2022-06-27T00:00:00.000000000Z,75116
usdt_eth,2022-06-28T00:00:00.000000000Z,78197
usdt_eth,2022-06-29T00:00:00.000000000Z,78479
usdt_eth,2022-06-30T00:00:00.000000000Z,85128
usdt_eth,2022-07-01T00:00:00.000000000Z,100327
usdt_eth,2022-07-02T00:00:00.000000000Z,74720
usdt_eth,2022-07-03T00:00:00.000000000Z,64953
usdt_eth,2022-07-04T00:00:00.000000000Z,89922
usdt_eth,2022-07-05T00:00:00.000000000Z,98594
usdt_eth,2022-07-06T00:00:00.000000000Z,101621
usdt_eth,2022-07-07T00:00:00.000000000Z,89622
usdt_eth,2022-07-08T00:00:00.000000000Z,88020
usdt_eth,2022-07-09T00:00:00.000000000Z,69461
usdt_eth,2022-07-10T00:00:00.000000000Z,66564
usdt_eth,2022-07-11T00:00:00.000000000Z,84084
usdt_eth,2022-07-12T00:00:00.000000000Z,85300
usdt_eth,2022-07-13T00:00:00.000000000Z,82486
usdt_eth,2022-07-14T00:00:00.000000000Z,82438
usdt_eth,2022-07-15T00:00:00.000000000Z,85597
usdt_eth,2022-07-16T00:00:00.000000000Z,73855
usdt_eth,2022-07-17T00:00:00.000000000Z,61217
usdt_eth,2022-07-18T00:00:00.000000000Z,91512
usdt_eth,2022-07-19T00:00:00.000000000Z,92619
usdt_eth,2022-07-20T00:00:00.000000000Z,93301
usdt_eth,2022-07-21T00:00:00.000000000Z,87430
usdt_eth,2022-07-22T00:00:00.000000000Z,93970
usdt_eth,2022-07-23T00:00:00.000000000Z,79103
usdt_eth,2022-07-24T00:00:00.000000000Z,68834
usdt_eth,2022-07-25T00:00:00.000000000Z,92855
usdt_eth,2022-07-26T00:00:00.000000000Z,131523
usdt_eth,2022-07-27T00:00:00.000000000Z,121396
usdt_eth,2022-07-28T00:00:00.000000000Z,98385
usdt_eth,2022-07-29T00:00:00.000000000Z,99372
usdt_eth,2022-07-30T00:00:00.000000000Z,83123
usdt_eth,2022-07-31T00:00:00.000000000Z,80842
usdt_eth,2022-08-01T00:00:00.000000000Z,108685
usdt_eth,2022-08-02T00:00:00.000000000Z,131696
usdt_eth,2022-08-03T00:00:00.000000000Z,133793
usdt_eth,2022-08-04T00:00:00.000000000Z,103293
usdt_eth,2022-08-05T00:00:00.000000000Z,98848
usdt_eth,2022-08-06T00:00:00.000000000Z,86517
usdt_eth,2022-08-07T00:00:00.000000000Z,84300
usdt_eth,2022-08-08T00:00:00.000000000Z,95544
usdt_eth,2022-08-09T00:00:00.000000000Z,90778
usdt_eth,2022-08-10T00:00:00.000000000Z,92141
usdt_eth,2022-08-11T00:00:00.000000000Z,92299
usdt_eth,2022-08-12T00:00:00.000000000Z,95749
usdt_eth,2022-08-13T00:00:00.000000000Z,83236
usdt_eth,2022-08-14T00:00:00.000000000Z,77768
usdt_eth,2022-08-15T00:00:00.000000000Z,94300
usdt_eth,2022-08-16T00:00:00.000000000Z,91413
usdt_eth,2022-08-17T00:00:00.000000000Z,96883
usdt_eth,2022-08-18T00:00:00.000000000Z,91632
usdt_eth,2022-08-19T00:00:00.000000000Z,106773
usdt_eth,2022-08-20T00:00:00.000000000Z,80623
usdt_eth,2022-08-21T00:00:00.000000000Z,76267
usdt_eth,2022-08-22T00:00:00.000000000Z,89340
usdt_eth,2022-08-23T00:00:00.000000000Z,91863
usdt_eth,2022-08-24T00:00:00.000000000Z,87043
usdt_eth,2022-08-25T00:00:00.000000000Z,85690
usdt_eth,2022-08-26T00:00:00.000000000Z,93602
usdt_eth,2022-08-27T00:00:00.000000000Z,77027
usdt_eth,2022-08-28T00:00:00.000000000Z,66623
usdt_eth,2022-08-29T00:00:00.000000000Z,91043
usdt_eth,2022-08-30T00:00:00.000000000Z,94466
usdt_eth,2022-08-31T00:00:00.000000000Z,94740
usdt_eth,2022-09-01T00:00:00.000000000Z,100119
usdt_eth,2022-09-02T00:00:00.000000000Z,91915
usdt_eth,2022-09-03T00:00:00.000000000Z,73378
usdt_eth,2022-09-04T00:00:00.000000000Z,62057
usdt_eth,2022-09-05T00:00:00.000000000Z,89852
usdt_eth,2022-09-06T00:00:00.000000000Z,99826
usdt_eth,2022-09-07T00:00:00.000000000Z,98304
usdt_eth,2022-09-08T00:00:00.000000000Z,91708
usdt_eth,2022-09-09T00:00:00.000000000Z,97326
usdt_eth,2022-09-10T00:00:00.000000000Z,74560
usdt_eth,2022-02-23T00:00:00.000000000Z,74531
usdt_eth,2022-02-24T00:00:00.000000000Z,106659
usdt_eth,2022-02-25T00:00:00.000000000Z,76776
usdt_eth,2022-02-26T00:00:00.000000000Z,62601
usdt_eth,2022-02-27T00:00:00.000000000Z,64703
usdt_eth,2022-02-28T00:00:00.000000000Z,87412
usdt_eth,2022-03-01T00:00:00.000000000Z,92123
usdt_eth,2022-03-02T00:00:00.000000000Z,80989
usdt_eth,2022-03-03T00:00:00.000000000Z,79689
usdt_eth,2022-03-04T00:00:00.000000000Z,83502
usdt_eth,2022-03-05T00:00:00.000000000Z,63096
usdt_eth,2022-03-06T00:00:00.000000000Z,66174
usdt_eth,2022-03-07T00:00:00.000000000Z,92913
usdt_eth,2022-03-08T00:00:00.000000000Z,96083
usdt_eth,2022-03-09T00:00:00.000000000Z,90873
usdt_eth,2022-03-10T00:00:00.000000000Z,87811
usdt_eth,2022-03-11T00:00:00.000000000Z,81687
usdt_eth,2022-03-12T00:00:00.000000000Z,68998
usdt_eth,2022-03-13T00:00:00.000000000Z,65050
usdt_eth,2022-03-14T00:00:00.000000000Z,88789
usdt_eth,2022-03-15T00:00:00.000000000Z,87784
usdt_eth,2022-03-16T00:00:00.000000000Z,115150
usdt_eth,2022-03-17T00:00:00.000000000Z,90825
usdt_eth,2022-03-18T00:00:00.000000000Z,84224
usdt_eth,2022-03-19T00:00:00.000000000Z,100275
usdt_eth,2022-03-20T00:00:00.000000000Z,72496
usdt_eth,2022-03-21T00:00:00.000000000Z,83256
usdt_eth,2022-03-22T00:00:00.000000000Z,93138
usdt_eth,2022-03-23T00:00:00.000000000Z,93558
usdt_eth,2022-03-24T00:00:00.000000000Z,87346
usdt_eth,2022-03-25T00:00:00.000000000Z,88956
usdt_eth,2022-03-26T00:00:00.000000000Z,65525
usdt_eth,2022-03-27T00:00:00.000000000Z,79368
usdt_eth,2022-03-28T00:00:00.000000000Z,102602
usdt_eth,2022-03-29T00:00:00.000000000Z,101717
usdt_eth,2022-03-30T00:00:00.000000000Z,102141
usdt_eth,2022-03-31T00:00:00.000000000Z,105223
usdt_eth,2022-04-01T00:00:00.000000000Z,96940
usdt_eth,2022-04-02T00:00:00.000000000Z,77922
usdt_eth,2022-04-03T00:00:00.000000000Z,69621
usdt_eth,2022-04-04T00:00:00.000000000Z,87296
usdt_eth,2022-04-05T00:00:00.000000000Z,82316
usdt_eth,2022-04-06T00:00:00.000000000Z,93421
usdt_eth,2022-04-07T00:00:00.000000000Z,86057
usdt_eth,2022-04-08T00:00:00.000000000Z,86541
usdt_eth,2022-04-09T00:00:00.000000000Z,69879
usdt_eth,2022-04-10T00:00:00.000000000Z,61414
usdt_eth,2022-04-11T00:00:00.000000000Z,94963
usdt_eth,2022-04-12T00:00:00.000000000Z,89249
usdt_eth,2022-04-13T00:00:00.000000000Z,78151
usdt_eth,2022-04-14T00:00:00.000000000Z,75472
usdt_eth,2022-04-15T00:00:00.000000000Z,80500
usdt_eth,2022-04-16T00:00:00.000000000Z,64918
usdt_eth,2022-04-17T00:00:00.000000000Z,58701
usdt_eth,2022-04-18T00:00:00.000000000Z,82725
usdt_eth,2022-04-19T00:00:00.000000000Z,82668
usdt_eth,2022-04-20T00:00:00.000000000Z,79408
usdt_eth,2022-04-21T00:00:00.000000000Z,81796
usdt_eth,2022-04-22T00:00:00.000000000Z,79917
usdt_eth,2022-04-23T00:00:00.000000000Z,61703
usdt_eth,2022-04-24T00:00:00.000000000Z,58291
usdt_eth,2022-04-25T00:00:00.000000000Z,85285
usdt_eth,2022-04-26T00:00:00.000000000Z,88170
usdt_eth,2022-04-27T00:00:00.000000000Z,82468
usdt_eth,2022-04-28T00:00:00.000000000Z,87395
usdt_eth,2022-04-29T00:00:00.000000000Z,97021
usdt_eth,2022-04-30T00:00:00.000000000Z,84054
usdt_eth,2022-05-01T00:00:00.000000000Z,65251
usdt_eth,2022-05-02T00:00:00.000000000Z,75858
usdt_eth,2022-05-03T00:00:00.000000000Z,75903
usdt_eth,2022-05-04T00:00:00.000000000Z,85319
usdt_eth,2022-05-05T00:00:00.000000000Z,90175
usdt_eth,2022-05-06T00:00:00.000000000Z,88679
usdt_eth,2022-05-07T00:00:00.000000000Z,74177
usdt_eth,2022-05-08T00:00:00.000000000Z,77660
usdt_eth,2022-05-09T00:00:00.000000000Z,118483
usdt_eth,2022-05-10T00:00:00.000000000Z,136247
usdt_eth,2022-05-11T00:00:00.000000000Z,151836
usdt_eth,2022-05-12T00:00:00.000000000Z,182867
usdt_eth,2022-05-13T00:00:00.000000000Z,139866
usdt_eth,2022-05-14T00:00:00.000000000Z,111394
usdt_eth,2022-05-15T00:00:00.000000000Z,86593
usdt_eth,2022-05-16T00:00:00.000000000Z,101286
usdt_eth,2022-05-17T00:00:00.000000000Z,101485
usdt_eth,2022-05-18T00:00:00.000000000Z,103248
usdt_eth,2022-05-19T00:00:00.000000000Z,85276
usdt_eth,2022-05-20T00:00:00.000000000Z,82111
usdt_eth,2022-05-21T00:00:00.000000000Z,62307
usdt_eth,2022-05-22T00:00:00.000000000Z,57918
usdt_eth,2022-05-23T00:00:00.000000000Z,81642
usdt_eth,2022-05-24T00:00:00.000000000Z,79659
usdt_eth,2022-05-25T00:00:00.000000000Z,82845
usdt_eth,2022-05-26T00:00:00.000000000Z,83508
usdt_eth,2022-05-27T00:00:00.000000000Z,81103
usdt_eth,2022-05-28T00:00:00.000000000Z,69255
usdt_eth,2022-05-29T00:00:00.000000000Z,59705
usdt_eth,2022-05-30T00:00:00.000000000Z,79321
usdt_eth,2022-05-31T00:00:00.000000000Z,79577
usdt_eth,2022-06-01T00:00:00.000000000Z,80523
usdt_eth,2022-06-02T00:00:00.000000000Z,70427
usdt_eth,2021-11-15T00:00:00.000000000Z,119178
usdt_eth,2021-11-16T00:00:00.000000000Z,151944
usdt_eth,2021-11-17T00:00:00.000000000Z,131133
usdt_eth,2021-11-18T00:00:00.000000000Z,132313
usdt_eth,2021-11-19T00:00:00.000000000Z,124656
usdt_eth,2021-11-20T00:00:00.000000000Z,102079
usdt_eth,2021-11-21T00:00:00.000000000Z,119943
usdt_eth,2021-11-22T00:00:00.000000000Z,117343
usdt_eth,2021-11-23T00:00:00.000000000Z,125171
usdt_eth,2021-11-24T00:00:00.000000000Z,132093
usdt_eth,2021-11-25T00:00:00.000000000Z,130822
usdt_eth,2021-11-26T00:00:00.000000000Z,138748
usdt_eth,2021-11-27T00:00:00.000000000Z,99062
usdt_eth,2021-11-28T00:00:00.000000000Z,96507
usdt_eth,2021-11-29T00:00:00.000000000Z,113800
usdt_eth,2021-11-30T00:00:00.000000000Z,120695
usdt_eth,2021-12-01T00:00:00.000000000Z,124501
usdt_eth,2021-12-02T00:00:00.000000000Z,123867
usdt_eth,2021-12-03T00:00:00.000000000Z,119296
usdt_eth,2021-12-04T00:00:00.000000000Z,148388
usdt_eth,2021-12-05T00:00:00.000000000Z,109814
usdt_eth,2021-12-06T00:00:00.000000000Z,135530
usdt_eth,2021-12-07T00:00:00.000000000Z,123829
usdt_eth,2021-12-08T00:00:00.000000000Z,118170
usdt_eth,2021-12-09T00:00:00.000000000Z,114415
usdt_eth,2021-12-10T00:00:00.000000000Z,116471
usdt_eth,2021-12-11T00:00:00.000000000Z,95685
usdt_eth,2021-12-12T00:00:00.000000000Z,87668
usdt_eth,2021-12-13T00:00:00.000000000Z,114075
usdt_eth,2021-12-14T00:00:00.000000000Z,115518
usdt_eth,2021-12-15T00:00:00.000000000Z,123042
usdt_eth,2021-12-16T00:00:00.000000000Z,106459
usdt_eth,2021-12-17T00:00:00.000000000Z,103606
usdt_eth,2021-12-18T00:00:00.000000000Z,79649
usdt_eth,2021-12-19T00:00:00.000000000Z,75400
usdt_eth,2021-12-20T00:00:00.000000000Z,100680
usdt_eth,2021-12-21T00:00:00.000000000Z,96942
usdt_eth,2021-12-22T00:00:00.000000000Z,101437
usdt_eth,2021-12-23T00:00:00.000000000Z,104034
usdt_eth,2021-12-24T00:00:00.000000000Z,96717
usdt_eth,2021-12-25T00:00:00.000000000Z,75393
usdt_eth,2021-12-26T00:00:00.000000000Z,73999
usdt_eth,2021-12-27T00:00:00.000000000Z,95088
usdt_eth,2021-12-28T00:00:00.000000000Z,102599
usdt_eth,2021-12-29T00:00:00.000000000Z,103977
usdt_eth,2021-12-30T00:00:00.000000000Z,105864
usdt_eth,2021-12-31T00:00:00.000000000Z,92188
usdt_eth,2022-01-01T00:00:00.000000000Z,70375
usdt_eth,2022-01-02T00:00:00.000000000Z,70847
usdt_eth,2022-01-03T00:00:00.000000000Z,96490
usdt_eth,2022-01-04T00:00:00.000000000Z,101661
usdt_eth,2022-01-05T00:00:00.000000000Z,109685
usdt_eth,2022-01-06T00:00:00.000000000Z,100865
usdt_eth,2022-01-07T00:00:00.000000000Z,97737
usdt_eth,2022-01-08T00:00:00.000000000Z,79829
usdt_eth,2022-01-09T00:00:00.000000000Z,63054
usdt_eth,2022-01-10T00:00:00.000000000Z,79416
usdt_eth,2022-01-11T00:00:00.000000000Z,86857
usdt_eth,2022-01-12T00:00:00.000000000Z,86969
usdt_eth,2022-01-13T00:00:00.000000000Z,79595
usdt_eth,2022-01-14T00:00:00.000000000Z,79628
usdt_eth,2022-01-15T00:00:00.000000000Z,63153
usdt_eth,2022-01-16T00:00:00.000000000Z,61238
usdt_eth,2022-01-17T00:00:00.000000000Z,76102
usdt_eth,2022-01-18T00:00:00.000000000Z,80916
usdt_eth,2022-01-19T00:00:00.000000000Z,81548
usdt_eth,2022-01-20T00:00:00.000000000Z,79366
usdt_eth,2022-01-21T00:00:00.000000000Z,101069
usdt_eth,2022-01-22T00:00:00.000000000Z,108395
usdt_eth,2022-01-23T00:00:00.000000000Z,71915
usdt_eth,2022-01-24T00:00:00.000000000Z,93377
usdt_eth,2022-01-25T00:00:00.000000000Z,81782
usdt_eth,2022-01-26T00:00:00.000000000Z,84356
usdt_eth,2022-01-27T00:00:00.000000000Z,78073
usdt_eth,2022-01-28T00:00:00.000000000Z,77798
usdt_eth,2022-01-29T00:00:00.000000000Z,66491
usdt_eth,2022-01-30T00:00:00.000000000Z,57842
usdt_eth,2022-01-31T00:00:00.000000000Z,69202
usdt_eth,2022-02-01T00:00:00.000000000Z,70851
usdt_eth,2022-02-02T00:00:00.000000000Z,65730
usdt_eth,2022-02-03T00:00:00.000000000Z,67347
usdt_eth,2022-02-04T00:00:00.000000000Z,71339
usdt_eth,2022-02-05T00:00:00.000000000Z,68176
usdt_eth,2022-02-06T00:00:00.000000000Z,54228
usdt_eth,2022-02-07T00:00:00.000000000Z,78174
usdt_eth,2022-02-08T00:00:00.000000000Z,80321
usdt_eth,2022-02-09T00:00:00.000000000Z,80226
usdt_eth,2022-02-10T00:00:00.000000000Z,88446
usdt_eth,2022-02-11T00:00:00.000000000Z,90184
usdt_eth,2022-02-12T00:00:00.000000000Z,64398
usdt_eth,2022-02-13T00:00:00.000000000Z,62296
usdt_eth,2022-02-14T00:00:00.000000000Z,78886
usdt_eth,2022-02-15T00:00:00.000000000Z,81849
usdt_eth,2022-02-16T00:00:00.000000000Z,72065
usdt_eth,2022-02-17T00:00:00.000000000Z,75532
usdt_eth,2022-02-18T00:00:00.000000000Z,72638
usdt_eth,2022-02-19T00:00:00.000000000Z,63503
usdt_eth,2022-02-20T00:00:00.000000000Z,62966
usdt_eth,2022-02-21T00:00:00.000000000Z,73325
usdt_eth,2022-02-22T00:00:00.000000000Z,77132
usdt_eth,2021-08-07T00:00:00.000000000Z,128310
usdt_eth,2021-08-08T00:00:00.000000000Z,108982
usdt_eth,2021-08-09T00:00:00.000000000Z,127064
usdt_eth,2021-08-10T00:00:00.000000000Z,133649
usdt_eth,2021-08-11T00:00:00.000000000Z,138460
usdt_eth,2021-08-12T00:00:00.000000000Z,131562
usdt_eth,2021-08-13T00:00:00.000000000Z,130357
usdt_eth,2021-08-14T00:00:00.000000000Z,114112
usdt_eth,2021-08-15T00:00:00.000000000Z,105017
usdt_eth,2021-08-16T00:00:00.000000000Z,137497
usdt_eth,2021-08-17T00:00:00.000000000Z,141052
usdt_eth,2021-08-18T00:00:00.000000000Z,135016
usdt_eth,2021-08-19T00:00:00.000000000Z,140523
usdt_eth,2021-08-20T00:00:00.000000000Z,146290
usdt_eth,2021-08-21T00:00:00.000000000Z,120220
usdt_eth,2021-08-22T00:00:00.000000000Z,115788
usdt_eth,2021-08-23T00:00:00.000000000Z,140175
usdt_eth,2021-08-24T00:00:00.000000000Z,134264
usdt_eth,2021-08-25T00:00:00.000000000Z,130416
usdt_eth,2021-08-26T00:00:00.000000000Z,124287
usdt_eth,2021-08-27T00:00:00.000000000Z,114424
usdt_eth,2021-08-28T00:00:00.000000000Z,98118
usdt_eth,2021-08-29T00:00:00.000000000Z,93738
usdt_eth,2021-08-30T00:00:00.000000000Z,121434
usdt_eth,2021-08-31T00:00:00.000000000Z,121533
usdt_eth,2021-09-01T00:00:00.000000000Z,125408
usdt_eth,2021-09-02T00:00:00.000000000Z,133261
usdt_eth,2021-09-03T00:00:00.000000000Z,118958
usdt_eth,2021-09-04T00:00:00.000000000Z,96387
usdt_eth,2021-09-05T00:00:00.000000000Z,95233
usdt_eth,2021-09-06T00:00:00.000000000Z,121301
usdt_eth,2021-09-07T00:00:00.000000000Z,148750
usdt_eth,2021-09-08T00:00:00.000000000Z,137481
usdt_eth,2021-09-09T00:00:00.000000000Z,126051
usdt_eth,2021-09-10T00:00:00.000000000Z,133568
usdt_eth,2021-09-11T00:00:00.000000000Z,113219
usdt_eth,2021-09-12T00:00:00.000000000Z,99300
usdt_eth,2021-09-13T00:00:00.000000000Z,124742
usdt_eth,2021-09-14T00:00:00.000000000Z,124970
usdt_eth,2021-09-15T00:00:00.000000000Z,122240
usdt_eth,2021-09-16T00:00:00.000000000Z,121451
usdt_eth,2021-09-17T00:00:00.000000000Z,130115
usdt_eth,2021-09-18T00:00:00.000000000Z,99511
usdt_eth,2021-09-19T00:00:00.000000000Z,95967
usdt_eth,2021-09-20T00:00:00.000000000Z,132500
usdt_eth,2021-09-21T00:00:00.000000000Z,120622
usdt_eth,2021-09-22T00:00:00.000000000Z,119687
usdt_eth,2021-09-23T00:00:00.000000000Z,111182
usdt_eth,2021-09-24T00:00:00.000000000Z,122672
usdt_eth,2021-09-25T00:00:00.000000000Z,93010
usdt_eth,2021-09-26T00:00:00.000000000Z,96933
usdt_eth,2021-09-27T00:00:00.000000000Z,109703
usdt_eth,2021-09-28T00:00:00.000000000Z,103253
usdt_eth,2021-09-29T00:00:00.000000000Z,108709
usdt_eth,2021-09-30T00:00:00.000000000Z,104689
usdt_eth,2021-10-01T00:00:00.000000000Z,112931
usdt_eth,2021-10-02T00:00:00.000000000Z,92357
usdt_eth,2021-10-03T00:00:00.000000000Z,89259
usdt_eth,2021-10-04T00:00:00.000000000Z,98395
usdt_eth,2021-10-05T00:00:00.000000000Z,112014
usdt_eth,2021-10-06T00:00:00.000000000Z,108398
usdt_eth,2021-10-07T00:00:00.000000000Z,140208
usdt_eth,2021-10-08T00:00:00.000000000Z,121671
usdt_eth,2021-10-09T00:00:00.000000000Z,103499
usdt_eth,2021-10-10T00:00:00.000000000Z,97275
usdt_eth,2021-10-11T00:00:00.000000000Z,136357
usdt_eth,2021-10-12T00:00:00.000000000Z,118369
usdt_eth,2021-10-13T00:00:00.000000000Z,110728
usdt_eth,2021-10-14T00:00:00.000000000Z,112085
usdt_eth,2021-10-15T00:00:00.000000000Z,120495
usdt_eth,2021-10-16T00:00:00.000000000Z,99914
usdt_eth,2021-10-17T00:00:00.000000000Z,89959
usdt_eth,2021-10-18T00:00:00.000000000Z,114225
usdt_eth,2021-10-19T00:00:00.000000000Z,120388
usdt_eth,2021-10-20T00:00:00.000000000Z,124077
usdt_eth,2021-10-21T00:00:00.000000000Z,128418
usdt_eth,2021-10-22T00:00:00.000000000Z,124137
usdt_eth,2021-10-23T00:00:00.000000000Z,95502
usdt_eth,2021-10-24T00:00:00.000000000Z,105124
usdt_eth,2021-10-25T00:00:00.000000000Z,122013
usdt_eth,2021-10-26T00:00:00.000000000Z,130401
usdt_eth,2021-10-27T00:00:00.000000000Z,137120
usdt_eth,2021-10-28T00:00:00.000000000Z,160406
usdt_eth,2021-10-29T00:00:00.000000000Z,162736
usdt_eth,2021-10-30T00:00:00.000000000Z,137762
usdt_eth,2021-10-31T00:00:00.000000000Z,135654
usdt_eth,2021-11-01T00:00:00.000000000Z,144777
usdt_eth,2021-11-02T00:00:00.000000000Z,153241
usdt_eth,2021-11-03T00:00:00.000000000Z,173716
usdt_eth,2021-11-04T00:00:00.000000000Z,156611
usdt_eth,2021-11-05T00:00:00.000000000Z,145570
usdt_eth,2021-11-06T00:00:00.000000000Z,121917
usdt_eth,2021-11-07T00:00:00.000000000Z,123012
usdt_eth,2021-11-08T00:00:00.000000000Z,151172
usdt_eth,2021-11-09T00:00:00.000000000Z,137532
usdt_eth,2021-11-10T00:00:00.000000000Z,148894
usdt_eth,2021-11-11T00:00:00.000000000Z,136182
usdt_eth,2021-11-12T00:00:00.000000000Z,137348
usdt_eth,2021-11-13T00:00:00.000000000Z,121348
usdt_eth,2021-11-14T00:00:00.000000000Z,113919
usdt_eth,2021-04-29T00:00:00.000000000Z,187656
usdt_eth,2021-04-30T00:00:00.000000000Z,176260
usdt_eth,2021-05-01T00:00:00.000000000Z,155175
usdt_eth,2021-05-02T00:00:00.000000000Z,139974
usdt_eth,2021-05-03T00:00:00.000000000Z,162141
usdt_eth,2021-05-04T00:00:00.000000000Z,189511
usdt_eth,2021-05-05T00:00:00.000000000Z,199322
usdt_eth,2021-05-06T00:00:00.000000000Z,215488
usdt_eth,2021-05-07T00:00:00.000000000Z,215169
usdt_eth,2021-05-08T00:00:00.000000000Z,198246
usdt_eth,2021-05-09T00:00:00.000000000Z,200475
usdt_eth,2021-05-10T00:00:00.000000000Z,200965
usdt_eth,2021-05-11T00:00:00.000000000Z,190783
usdt_eth,2021-05-12T00:00:00.000000000Z,179666
usdt_eth,2021-05-13T00:00:00.000000000Z,209338
usdt_eth,2021-05-14T00:00:00.000000000Z,193739
usdt_eth,2021-05-15T00:00:00.000000000Z,164201
usdt_eth,2021-05-16T00:00:00.000000000Z,153434
usdt_eth,2021-05-17T00:00:00.000000000Z,188740
usdt_eth,2021-05-18T00:00:00.000000000Z,164237
usdt_eth,2021-05-19T00:00:00.000000000Z,181561
usdt_eth,2021-05-20T00:00:00.000000000Z,184811
usdt_eth,2021-05-21T00:00:00.000000000Z,169294
usdt_eth,2021-05-22T00:00:00.000000000Z,149995
usdt_eth,2021-05-23T00:00:00.000000000Z,159858
usdt_eth,2021-05-24T00:00:00.000000000Z,167703
usdt_eth,2021-05-25T00:00:00.000000000Z,163298
usdt_eth,2021-05-26T00:00:00.000000000Z,166526
usdt_eth,2021-05-27T00:00:00.000000000Z,152460
usdt_eth,2021-05-28T00:00:00.000000000Z,152957
usdt_eth,2021-05-29T00:00:00.000000000Z,137637
usdt_eth,2021-05-30T00:00:00.000000000Z,195070
usdt_eth,2021-05-31T00:00:00.000000000Z,167610
usdt_eth,2021-06-01T00:00:00.000000000Z,166392
usdt_eth,2021-06-02T00:00:00.000000000Z,175539
usdt_eth,2021-06-03T00:00:00.000000000Z,166658
usdt_eth,2021-06-04T00:00:00.000000000Z,179426
usdt_eth,2021-06-05T00:00:00.000000000Z,144369
usdt_eth,2021-06-06T00:00:00.000000000Z,122717
usdt_eth,2021-06-07T00:00:00.000000000Z,164446
usdt_eth,2021-06-08T00:00:00.000000000Z,178122
usdt_eth,2021-06-09T00:00:00.000000000Z,157959
usdt_eth,2021-06-10T00:00:00.000000000Z,152324
usdt_eth,2021-06-11T00:00:00.000000000Z,153946
usdt_eth,2021-06-12T00:00:00.000000000Z,133805
usdt_eth,2021-06-13T00:00:00.000000000Z,129317
usdt_eth,2021-06-14T00:00:00.000000000Z,153852
usdt_eth,2021-06-15T00:00:00.000000000Z,157594
usdt_eth,2021-06-16T00:00:00.000000000Z,156731
usdt_eth,2021-06-17T00:00:00.000000000Z,194595
usdt_eth,2021-06-18T00:00:00.000000000Z,178277
usdt_eth,2021-06-19T00:00:00.000000000Z,135564
usdt_eth,2021-06-20T00:00:00.000000000Z,135183
usdt_eth,2021-06-21T00:00:00.000000000Z,184625
usdt_eth,2021-06-22T00:00:00.000000000Z,195797
usdt_eth,2021-06-23T00:00:00.000000000Z,165595
usdt_eth,2021-06-24T00:00:00.000000000Z,166722
usdt_eth,2021-06-25T00:00:00.000000000Z,179159
usdt_eth,2021-06-26T00:00:00.000000000Z,151876
usdt_eth,2021-06-27T00:00:00.000000000Z,128270
usdt_eth,2021-06-28T00:00:00.000000000Z,157179
usdt_eth,2021-06-29T00:00:00.000000000Z,164616
usdt_eth,2021-06-30T00:00:00.000000000Z,151710
usdt_eth,2021-07-01T00:00:00.000000000Z,154814
usdt_eth,2021-07-02T00:00:00.000000000Z,156670
usdt_eth,2021-07-03T00:00:00.000000000Z,146350
usdt_eth,2021-07-04T00:00:00.000000000Z,132166
usdt_eth,2021-07-05T00:00:00.000000000Z,154094
usdt_eth,2021-07-06T00:00:00.000000000Z,144765
usdt_eth,2021-07-07T00:00:00.000000000Z,149309
usdt_eth,2021-07-08T00:00:00.000000000Z,158032
usdt_eth,2021-07-09T00:00:00.000000000Z,163169
usdt_eth,2021-07-10T00:00:00.000000000Z,132398
usdt_eth,2021-07-11T00:00:00.000000000Z,123898
usdt_eth,2021-07-12T00:00:00.000000000Z,145420
usdt_eth,2021-07-13T00:00:00.000000000Z,136320
usdt_eth,2021-07-14T00:00:00.000000000Z,146533
usdt_eth,2021-07-15T00:00:00.000000000Z,141444
usdt_eth,2021-07-16T00:00:00.000000000Z,137152
usdt_eth,2021-07-17T00:00:00.000000000Z,114894
usdt_eth,2021-07-18T00:00:00.000000000Z,107169
usdt_eth,2021-07-19T00:00:00.000000000Z,138263
usdt_eth,2021-07-20T00:00:00.000000000Z,145040
usdt_eth,2021-07-21T00:00:00.000000000Z,140169
usdt_eth,2021-07-22T00:00:00.000000000Z,122893
usdt_eth,2021-07-23T00:00:00.000000000Z,124678
usdt_eth,2021-07-24T00:00:00.000000000Z,119643
usdt_eth,2021-07-25T00:00:00.000000000Z,106441
usdt_eth,2021-07-26T00:00:00.000000000Z,153357
usdt_eth,2021-07-27T00:00:00.000000000Z,138276
usdt_eth,2021-07-28T00:00:00.000000000Z,133719
usdt_eth,2021-07-29T00:00:00.000000000Z,141728
usdt_eth,2021-07-30T00:00:00.000000000Z,143013
usdt_eth,2021-07-31T00:00:00.000000000Z,119441
usdt_eth,2021-08-01T00:00:00.000000000Z,112710
usdt_eth,2021-08-02T00:00:00.000000000Z,151711
usdt_eth,2021-08-03T00:00:00.000000000Z,130416
usdt_eth,2021-08-04T00:00:00.000000000Z,135818
usdt_eth,2021-08-05T00:00:00.000000000Z,113870
usdt_eth,2021-08-06T00:00:00.000000000Z,130941
usdt_eth,2021-01-19T00:00:00.000000000Z,217245
usdt_eth,2021-01-20T00:00:00.000000000Z,221010
usdt_eth,2021-01-21T00:00:00.000000000Z,214850
usdt_eth,2021-01-22T00:00:00.000000000Z,212850
usdt_eth,2021-01-23T00:00:00.000000000Z,185570
usdt_eth,2021-01-24T00:00:00.000000000Z,173917
usdt_eth,2021-01-25T00:00:00.000000000Z,211601
usdt_eth,2021-01-26T00:00:00.000000000Z,213321
usdt_eth,2021-01-27T00:00:00.000000000Z,199500
usdt_eth,2021-01-28T00:00:00.000000000Z,207411
usdt_eth,2021-01-29T00:00:00.000000000Z,231881
usdt_eth,2021-01-30T00:00:00.000000000Z,185715
usdt_eth,2021-01-31T00:00:00.000000000Z,184528
usdt_eth,2021-02-01T00:00:00.000000000Z,210864
usdt_eth,2021-02-02T00:00:00.000000000Z,209388
usdt_eth,2021-02-03T00:00:00.000000000Z,199642
usdt_eth,2021-02-04T00:00:00.000000000Z,195943
usdt_eth,2021-02-05T00:00:00.000000000Z,181253
usdt_eth,2021-02-06T00:00:00.000000000Z,163000
usdt_eth,2021-02-07T00:00:00.000000000Z,164974
usdt_eth,2021-02-08T00:00:00.000000000Z,190178
usdt_eth,2021-02-09T00:00:00.000000000Z,189187
usdt_eth,2021-02-10T00:00:00.000000000Z,180621
usdt_eth,2021-02-11T00:00:00.000000000Z,148963
usdt_eth,2021-02-12T00:00:00.000000000Z,141032
usdt_eth,2021-02-13T00:00:00.000000000Z,125133
usdt_eth,2021-02-14T00:00:00.000000000Z,133443
usdt_eth,2021-02-15T00:00:00.000000000Z,157139
usdt_eth,2021-02-16T00:00:00.000000000Z,143403
usdt_eth,2021-02-17T00:00:00.000000000Z,161685
usdt_eth,2021-02-18T00:00:00.000000000Z,177820
usdt_eth,2021-02-19T00:00:00.000000000Z,181437
usdt_eth,2021-02-20T00:00:00.000000000Z,187702
usdt_eth,2021-02-21T00:00:00.000000000Z,167901
usdt_eth,2021-02-22T00:00:00.000000000Z,184200
usdt_eth,2021-02-23T00:00:00.000000000Z,175979
usdt_eth,2021-02-24T00:00:00.000000000Z,170901
usdt_eth,2021-02-25T00:00:00.000000000Z,157419
usdt_eth,2021-02-26T00:00:00.000000000Z,159534
usdt_eth,2021-02-27T00:00:00.000000000Z,133352
usdt_eth,2021-02-28T00:00:00.000000000Z,148506
usdt_eth,2021-03-01T00:00:00.000000000Z,160753
usdt_eth,2021-03-02T00:00:00.000000000Z,161627
usdt_eth,2021-03-03T00:00:00.000000000Z,156405
usdt_eth,2021-03-04T00:00:00.000000000Z,151175
usdt_eth,2021-03-05T00:00:00.000000000Z,148585
usdt_eth,2021-03-06T00:00:00.000000000Z,131917
usdt_eth,2021-03-07T00:00:00.000000000Z,126147
usdt_eth,2021-03-08T00:00:00.000000000Z,152830
usdt_eth,2021-03-09T00:00:00.000000000Z,163537
usdt_eth,2021-03-10T00:00:00.000000000Z,158668
usdt_eth,2021-03-11T00:00:00.000000000Z,157287
usdt_eth,2021-03-12T00:00:00.000000000Z,164634
usdt_eth,2021-03-13T00:00:00.000000000Z,146250
usdt_eth,2021-03-14T00:00:00.000000000Z,155846
usdt_eth,2021-03-15T00:00:00.000000000Z,162752
usdt_eth,2021-03-16T00:00:00.000000000Z,167516
usdt_eth,2021-03-17T00:00:00.000000000Z,158989
usdt_eth,2021-03-18T00:00:00.000000000Z,161442
usdt_eth,2021-03-19T00:00:00.000000000Z,166531
usdt_eth,2021-03-20T00:00:00.000000000Z,141980
usdt_eth,2021-03-21T00:00:00.000000000Z,138020
usdt_eth,2021-03-22T00:00:00.000000000Z,164514
usdt_eth,2021-03-23T00:00:00.000000000Z,160974
usdt_eth,2021-03-24T00:00:00.000000000Z,160970
usdt_eth,2021-03-25T00:00:00.000000000Z,172210
usdt_eth,2021-03-26T00:00:00.000000000Z,151970
usdt_eth,2021-03-27T00:00:00.000000000Z,136155
usdt_eth,2021-03-28T00:00:00.000000000Z,123400
usdt_eth,2021-03-29T00:00:00.000000000Z,160803
usdt_eth,2021-03-30T00:00:00.000000000Z,158840
usdt_eth,2021-03-31T00:00:00.000000000Z,156302
usdt_eth,2021-04-01T00:00:00.000000000Z,153209
usdt_eth,2021-04-02T00:00:00.000000000Z,168191
usdt_eth,2021-04-03T00:00:00.000000000Z,143248
usdt_eth,2021-04-04T00:00:00.000000000Z,131315
usdt_eth,2021-04-05T00:00:00.000000000Z,153203
usdt_eth,2021-04-06T00:00:00.000000000Z,170976
usdt_eth,2021-04-07T00:00:00.000000000Z,176101
usdt_eth,2021-04-08T00:00:00.000000000Z,166874
usdt_eth,2021-04-09T00:00:00.000000000Z,169086
usdt_eth,2021-04-10T00:00:00.000000000Z,148087
usdt_eth,2021-04-11T00:00:00.000000000Z,146468
usdt_eth,2021-04-12T00:00:00.000000000Z,188360
usdt_eth,2021-04-13T00:00:00.000000000Z,181142
usdt_eth,2021-04-14T00:00:00.000000000Z,206555
usdt_eth,2021-04-15T00:00:00.000000000Z,150677
usdt_eth,2021-04-16T00:00:00.000000000Z,186196
usdt_eth,2021-04-17T00:00:00.000000000Z,160249
usdt_eth,2021-04-18T00:00:00.000000000Z,175556
usdt_eth,2021-04-19T00:00:00.000000000Z,182810
usdt_eth,2021-04-20T00:00:00.000000000Z,183967
usdt_eth,2021-04-21T00:00:00.000000000Z,196108
usdt_eth,2021-04-22T00:00:00.000000000Z,187365
usdt_eth,2021-04-23T00:00:00.000000000Z,195978
usdt_eth,2021-04-24T00:00:00.000000000Z,142703
usdt_eth,2021-04-25T00:00:00.000000000Z,153850
usdt_eth,2021-04-26T00:00:00.000000000Z,173476
usdt_eth,2021-04-27T00:00:00.000000000Z,169006
usdt_eth,2021-04-28T00:00:00.000000000Z,166044
usdt_eth,2020-10-11T00:00:00.000000000Z,241104
usdt_eth,2020-10-12T00:00:00.000000000Z,260350
usdt_eth,2020-10-13T00:00:00.000000000Z,271719
usdt_eth,2020-10-14T00:00:00.000000000Z,271792
usdt_eth,2020-10-15T00:00:00.000000000Z,278964
usdt_eth,2020-10-16T00:00:00.000000000Z,267350
usdt_eth,2020-10-17T00:00:00.000000000Z,247091
usdt_eth,2020-10-18T00:00:00.000000000Z,274499
usdt_eth,2020-10-19T00:00:00.000000000Z,293074
usdt_eth,2020-10-20T00:00:00.000000000Z,281884
usdt_eth,2020-10-21T00:00:00.000000000Z,272858
usdt_eth,2020-10-22T00:00:00.000000000Z,285119
usdt_eth,2020-10-23T00:00:00.000000000Z,274302
usdt_eth,2020-10-24T00:00:00.000000000Z,231248
usdt_eth,2020-10-25T00:00:00.000000000Z,221691
usdt_eth,2020-10-26T00:00:00.000000000Z,239048
usdt_eth,2020-10-27T00:00:00.000000000Z,236537
usdt_eth,2020-10-28T00:00:00.000000000Z,249080
usdt_eth,2020-10-29T00:00:00.000000000Z,232950
usdt_eth,2020-10-30T00:00:00.000000000Z,245102
usdt_eth,2020-10-31T00:00:00.000000000Z,217368
usdt_eth,2020-11-01T00:00:00.000000000Z,207540
usdt_eth,2020-11-02T00:00:00.000000000Z,259993
usdt_eth,2020-11-03T00:00:00.000000000Z,250994
usdt_eth,2020-11-04T00:00:00.000000000Z,244064
usdt_eth,2020-11-05T00:00:00.000000000Z,253795
usdt_eth,2020-11-06T00:00:00.000000000Z,268311
usdt_eth,2020-11-07T00:00:00.000000000Z,247005
usdt_eth,2020-11-08T00:00:00.000000000Z,223778
usdt_eth,2020-11-09T00:00:00.000000000Z,286351
usdt_eth,2020-11-10T00:00:00.000000000Z,265963
usdt_eth,2020-11-11T00:00:00.000000000Z,263617
usdt_eth,2020-11-12T00:00:00.000000000Z,277367
usdt_eth,2020-11-13T00:00:00.000000000Z,269619
usdt_eth,2020-11-14T00:00:00.000000000Z,237726
usdt_eth,2020-11-15T00:00:00.000000000Z,225529
usdt_eth,2020-11-16T00:00:00.000000000Z,249111
usdt_eth,2020-11-17T00:00:00.000000000Z,264248
usdt_eth,2020-11-18T00:00:00.000000000Z,218401
usdt_eth,2020-11-19T00:00:00.000000000Z,202812
usdt_eth,2020-11-20T00:00:00.000000000Z,223729
usdt_eth,2020-11-21T00:00:00.000000000Z,202728
usdt_eth,2020-11-22T00:00:00.000000000Z,191381
usdt_eth,2020-11-23T00:00:00.000000000Z,242922
usdt_eth,2020-11-24T00:00:00.000000000Z,234409
usdt_eth,2020-11-25T00:00:00.000000000Z,225531
usdt_eth,2020-11-26T00:00:00.000000000Z,239277
usdt_eth,2020-11-27T00:00:00.000000000Z,220773
usdt_eth,2020-11-28T00:00:00.000000000Z,176719
usdt_eth,2020-11-29T00:00:00.000000000Z,169737
usdt_eth,2020-11-30T00:00:00.000000000Z,233982
usdt_eth,2020-12-01T00:00:00.000000000Z,228225
usdt_eth,2020-12-02T00:00:00.000000000Z,192368
usdt_eth,2020-12-03T00:00:00.000000000Z,187675
usdt_eth,2020-12-04T00:00:00.000000000Z,191494
usdt_eth,2020-12-05T00:00:00.000000000Z,165926
usdt_eth,2020-12-06T00:00:00.000000000Z,162807
usdt_eth,2020-12-07T00:00:00.000000000Z,197007
usdt_eth,2020-12-08T00:00:00.000000000Z,207393
usdt_eth,2020-12-09T00:00:00.000000000Z,223459
usdt_eth,2020-12-10T00:00:00.000000000Z,212712
usdt_eth,2020-12-11T00:00:00.000000000Z,203242
usdt_eth,2020-12-12T00:00:00.000000000Z,186648
usdt_eth,2020-12-13T00:00:00.000000000Z,199979
usdt_eth,2020-12-14T00:00:00.000000000Z,249060
usdt_eth,2020-12-15T00:00:00.000000000Z,266126
usdt_eth,2020-12-16T00:00:00.000000000Z,293753
usdt_eth,2020-12-17T00:00:00.000000000Z,282041
usdt_eth,2020-12-18T00:00:00.000000000Z,262592
usdt_eth,2020-12-19T00:00:00.000000000Z,209433
usdt_eth,2020-12-20T00:00:00.000000000Z,202353
usdt_eth,2020-12-21T00:00:00.000000000Z,227643
usdt_eth,2020-12-22T00:00:00.000000000Z,238818
usdt_eth,2020-12-23T00:00:00.000000000Z,232660
usdt_eth,2020-12-24T00:00:00.000000000Z,232391
usdt_eth,2020-12-25T00:00:00.000000000Z,220571
usdt_eth,2020-12-26T00:00:00.000000000Z,229220
usdt_eth,2020-12-27T00:00:00.000000000Z,222430
usdt_eth,2020-12-28T00:00:00.000000000Z,252522
usdt_eth,2020-12-29T00:00:00.000000000Z,248791
usdt_eth,2020-12-30T00:00:00.000000000Z,248559
usdt_eth,2020-12-31T00:00:00.000000000Z,226107
usdt_eth,2021-01-01T00:00:00.000000000Z,203473
usdt_eth,2021-01-02T00:00:00.000000000Z,220578
usdt_eth,2021-01-03T00:00:00.000000000Z,222172
usdt_eth,2021-01-04T00:00:00.000000000Z,222736
usdt_eth,2021-01-05T00:00:00.000000000Z,238168
usdt_eth,2021-01-06T00:00:00.000000000Z,250351
usdt_eth,2021-01-07T00:00:00.000000000Z,236458
usdt_eth,2021-01-08T00:00:00.000000000Z,226895
usdt_eth,2021-01-09T00:00:00.000000000Z,206685
usdt_eth,2021-01-10T00:00:00.000000000Z,210855
usdt_eth,2021-01-11T00:00:00.000000000Z,244290
usdt_eth,2021-01-12T00:00:00.000000000Z,230890
usdt_eth,2021-01-13T00:00:00.000000000Z,225335
usdt_eth,2021-01-14T00:00:00.000000000Z,236069
usdt_eth,2021-01-15T00:00:00.000000000Z,229380
usdt_eth,2021-01-16T00:00:00.000000000Z,203240
usdt_eth,2021-01-17T00:00:00.000000000Z,192567
usdt_eth,2021-01-18T00:00:00.000000000Z,230493
usdt_eth,2020-07-03T00:00:00.000000000Z,210893
usdt_eth,2020-07-04T00:00:00.000000000Z,189180
usdt_eth,2020-07-05T00:00:00.000000000Z,175622
usdt_eth,2020-07-06T00:00:00.000000000Z,222995
usdt_eth,2020-07-07T00:00:00.000000000Z,227080
usdt_eth,2020-07-08T00:00:00.000000000Z,239995
usdt_eth,2020-07-09T00:00:00.000000000Z,229368
usdt_eth,2020-07-10T00:00:00.000000000Z,214398
usdt_eth,2020-07-11T00:00:00.000000000Z,196993
usdt_eth,2020-07-12T00:00:00.000000000Z,209266
usdt_eth,2020-07-13T00:00:00.000000000Z,247049
usdt_eth,2020-07-14T00:00:00.000000000Z,232993
usdt_eth,2020-07-15T00:00:00.000000000Z,238153
usdt_eth,2020-07-16T00:00:00.000000000Z,225275
usdt_eth,2020-07-17T00:00:00.000000000Z,217209
usdt_eth,2020-07-18T00:00:00.000000000Z,195777
usdt_eth,2020-07-19T00:00:00.000000000Z,186451
usdt_eth,2020-07-20T00:00:00.000000000Z,225672
usdt_eth,2020-07-21T00:00:00.000000000Z,221127
usdt_eth,2020-07-22T00:00:00.000000000Z,220668
usdt_eth,2020-07-23T00:00:00.000000000Z,218773
usdt_eth,2020-07-24T00:00:00.000000000Z,221635
usdt_eth,2020-07-25T00:00:00.000000000Z,196018
usdt_eth,2020-07-26T00:00:00.000000000Z,208395
usdt_eth,2020-07-27T00:00:00.000000000Z,247979
usdt_eth,2020-07-28T00:00:00.000000000Z,258922
usdt_eth,2020-07-29T00:00:00.000000000Z,232959
usdt_eth,2020-07-30T00:00:00.000000000Z,233846
usdt_eth,2020-07-31T00:00:00.000000000Z,243403
usdt_eth,2020-08-01T00:00:00.000000000Z,230229
usdt_eth,2020-08-02T00:00:00.000000000Z,227644
usdt_eth,2020-08-03T00:00:00.000000000Z,243154
usdt_eth,2020-08-04T00:00:00.000000000Z,239292
usdt_eth,2020-08-05T00:00:00.000000000Z,251709
usdt_eth,2020-08-06T00:00:00.000000000Z,261433
usdt_eth,2020-08-07T00:00:00.000000000Z,285244
usdt_eth,2020-08-08T00:00:00.000000000Z,242632
usdt_eth,2020-08-09T00:00:00.000000000Z,237786
usdt_eth,2020-08-10T00:00:00.000000000Z,266285
usdt_eth,2020-08-11T00:00:00.000000000Z,255418
usdt_eth,2020-08-12T00:00:00.000000000Z,212529
usdt_eth,2020-08-13T00:00:00.000000000Z,221943
usdt_eth,2020-08-14T00:00:00.000000000Z,211107
usdt_eth,2020-08-15T00:00:00.000000000Z,204390
usdt_eth,2020-08-16T00:00:00.000000000Z,189549
usdt_eth,2020-08-17T00:00:00.000000000Z,223588
usdt_eth,2020-08-18T00:00:00.000000000Z,230314
usdt_eth,2020-08-19T00:00:00.000000000Z,243215
usdt_eth,2020-08-20T00:00:00.000000000Z,208968
usdt_eth,2020-08-21T00:00:00.000000000Z,194905
usdt_eth,2020-08-22T00:00:00.000000000Z,203930
usdt_eth,2020-08-23T00:00:00.000000000Z,231680
usdt_eth,2020-08-24T00:00:00.000000000Z,244604
usdt_eth,2020-08-25T00:00:00.000000000Z,226133
usdt_eth,2020-08-26T00:00:00.000000000Z,235978
usdt_eth,2020-08-27T00:00:00.000000000Z,241823
usdt_eth,2020-08-28T00:00:00.000000000Z,225830
usdt_eth,2020-08-29T00:00:00.000000000Z,209118
usdt_eth,2020-08-30T00:00:00.000000000Z,189022
usdt_eth,2020-08-31T00:00:00.000000000Z,235768
usdt_eth,2020-09-01T00:00:00.000000000Z,210482
usdt_eth,2020-09-02T00:00:00.000000000Z,193034
usdt_eth,2020-09-03T00:00:00.000000000Z,192512
usdt_eth,2020-09-04T00:00:00.000000000Z,199226
usdt_eth,2020-09-05T00:00:00.000000000Z,181417
usdt_eth,2020-09-06T00:00:00.000000000Z,167855
usdt_eth,2020-09-07T00:00:00.000000000Z,196831
usdt_eth,2020-09-08T00:00:00.000000000Z,191623
usdt_eth,2020-09-09T00:00:00.000000000Z,194600
usdt_eth,2020-09-10T00:00:00.000000000Z,202733
usdt_eth,2020-09-11T00:00:00.000000000Z,192141
usdt_eth,2020-09-12T00:00:00.000000000Z,175571
usdt_eth,2020-09-13T00:00:00.000000000Z,188058
usdt_eth,2020-09-14T00:00:00.000000000Z,211813
usdt_eth,2020-09-15T00:00:00.000000000Z,221393
usdt_eth,2020-09-16T00:00:00.000000000Z,211835
usdt_eth,2020-09-17T00:00:00.000000000Z,166960
usdt_eth,2020-09-18T00:00:00.000000000Z,220584
usdt_eth,2020-09-19T00:00:00.000000000Z,198072
usdt_eth,2020-09-20T00:00:00.000000000Z,214512
usdt_eth,2020-09-21T00:00:00.000000000Z,227400
usdt_eth,2020-09-22T00:00:00.000000000Z,210952
usdt_eth,2020-09-23T00:00:00.000000000Z,206794
usdt_eth,2020-09-24T00:00:00.000000000Z,216656
usdt_eth,2020-09-25T00:00:00.000000000Z,211544
usdt_eth,2020-09-26T00:00:00.000000000Z,204669
usdt_eth,2020-09-27T00:00:00.000000000Z,178511
usdt_eth,2020-09-28T00:00:00.000000000Z,217463
usdt_eth,2020-09-29T00:00:00.000000000Z,231355
usdt_eth,2020-09-30T00:00:00.000000000Z,239981
usdt_eth,2020-10-01T00:00:00.000000000Z,182305
usdt_eth,2020-10-02T00:00:00.000000000Z,183438
usdt_eth,2020-10-03T00:00:00.000000000Z,184528
usdt_eth,2020-10-04T00:00:00.000000000Z,175732
usdt_eth,2020-10-05T00:00:00.000000000Z,206145
usdt_eth,2020-10-06T00:00:00.000000000Z,213201
usdt_eth,2020-10-07T00:00:00.000000000Z,218398
usdt_eth,2020-10-08T00:00:00.000000000Z,218336
usdt_eth,2020-10-09T00:00:00.000000000Z,245543
usdt_eth,2020-10-10T00:00:00.000000000Z,246970
usdt_eth,2020-03-25T00:00:00.000000000Z,111643
usdt_eth,2020-03-26T00:00:00.000000000Z,118893
usdt_eth,2020-03-27T00:00:00.000000000Z,116654
usdt_eth,2020-03-28T00:00:00.000000000Z,104460
usdt_eth,2020-03-29T00:00:00.000000000Z,98524
usdt_eth,2020-03-30T00:00:00.000000000Z,118636
usdt_eth,2020-03-31T00:00:00.000000000Z,136270
usdt_eth,2020-04-01T00:00:00.000000000Z,127887
usdt_eth,2020-04-02T00:00:00.000000000Z,132747
usdt_eth,2020-04-03T00:00:00.000000000Z,127830
usdt_eth,2020-04-04T00:00:00.000000000Z,93708
usdt_eth,2020-04-05T00:00:00.000000000Z,98616
usdt_eth,2020-04-06T00:00:00.000000000Z,140330
usdt_eth,2020-04-07T00:00:00.000000000Z,150961
usdt_eth,2020-04-08T00:00:00.000000000Z,145300
usdt_eth,2020-04-09T00:00:00.000000000Z,137624
usdt_eth,2020-04-10T00:00:00.000000000Z,141794
usdt_eth,2020-04-11T00:00:00.000000000Z,123713
usdt_eth,2020-04-12T00:00:00.000000000Z,117474
usdt_eth,2020-04-13T00:00:00.000000000Z,140961
usdt_eth,2020-04-14T00:00:00.000000000Z,153659
usdt_eth,2020-04-15T00:00:00.000000000Z,141643
usdt_eth,2020-04-16T00:00:00.000000000Z,150554
usdt_eth,2020-04-17T00:00:00.000000000Z,147400
usdt_eth,2020-04-18T00:00:00.000000000Z,127077
usdt_eth,2020-04-19T00:00:00.000000000Z,127212
usdt_eth,2020-04-20T00:00:00.000000000Z,159130
usdt_eth,2020-04-21T00:00:00.000000000Z,157867
usdt_eth,2020-04-22T00:00:00.000000000Z,157767
usdt_eth,2020-04-23T00:00:00.000000000Z,157611
usdt_eth,2020-04-24T00:00:00.000000000Z,165141
usdt_eth,2020-04-25T00:00:00.000000000Z,134973
usdt_eth,2020-04-26T00:00:00.000000000Z,144278
usdt_eth,2020-04-27T00:00:00.000000000Z,166331
usdt_eth,2020-04-28T00:00:00.000000000Z,172031
usdt_eth,2020-04-29T00:00:00.000000000Z,180444
usdt_eth,2020-04-30T00:00:00.000000000Z,188055
usdt_eth,2020-05-01T00:00:00.000000000Z,152256
usdt_eth,2020-05-02T00:00:00.000000000Z,128345
usdt_eth,2020-05-03T00:00:00.000000000Z,126238
usdt_eth,2020-05-04T00:00:00.000000000Z,146264
usdt_eth,2020-05-05T00:00:00.000000000Z,151315
usdt_eth,2020-05-06T00:00:00.000000000Z,167805
usdt_eth,2020-05-07T00:00:00.000000000Z,166030
usdt_eth,2020-05-08T00:00:00.000000000Z,162493
usdt_eth,2020-05-09T00:00:00.000000000Z,175165
usdt_eth,2020-05-10T00:00:00.000000000Z,165698
usdt_eth,2020-05-11T00:00:00.000000000Z,188200
usdt_eth,2020-05-12T00:00:00.000000000Z,167169
usdt_eth,2020-05-13T00:00:00.000000000Z,171804
usdt_eth,2020-05-14T00:00:00.000000000Z,175468
usdt_eth,2020-05-15T00:00:00.000000000Z,179433
usdt_eth,2020-05-16T00:00:00.000000000Z,156307
usdt_eth,2020-05-17T00:00:00.000000000Z,152360
usdt_eth,2020-05-18T00:00:00.000000000Z,185431
usdt_eth,2020-05-19T00:00:00.000000000Z,176683
usdt_eth,2020-05-20T00:00:00.000000000Z,188810
usdt_eth,2020-05-21T00:00:00.000000000Z,199964
usdt_eth,2020-05-22T00:00:00.000000000Z,207735
usdt_eth,2020-05-23T00:00:00.000000000Z,174744
usdt_eth,2020-05-24T00:00:00.000000000Z,168308
usdt_eth,2020-05-25T00:00:00.000000000Z,207942
usdt_eth,2020-05-26T00:00:00.000000000Z,198386
usdt_eth,2020-05-27T00:00:00.000000000Z,196957
usdt_eth,2020-05-28T00:00:00.000000000Z,199689
usdt_eth,2020-05-29T00:00:00.000000000Z,207040
usdt_eth,2020-05-30T00:00:00.000000000Z,201906
usdt_eth,2020-05-31T00:00:00.000000000Z,188399
usdt_eth,2020-06-01T00:00:00.000000000Z,220361
usdt_eth,2020-06-02T00:00:00.000000000Z,235226
usdt_eth,2020-06-03T00:00:00.000000000Z,201245
usdt_eth,2020-06-04T00:00:00.000000000Z,205921
usdt_eth,2020-06-05T00:00:00.000000000Z,196844
usdt_eth,2020-06-06T00:00:00.000000000Z,282293
usdt_eth,2020-06-07T00:00:00.000000000Z,284240
usdt_eth,2020-06-08T00:00:00.000000000Z,242593
usdt_eth,2020-06-09T00:00:00.000000000Z,215487
usdt_eth,2020-06-10T00:00:00.000000000Z,211785
usdt_eth,2020-06-11T00:00:00.000000000Z,207716
usdt_eth,2020-06-12T00:00:00.000000000Z,216704
usdt_eth,2020-06-13T00:00:00.000000000Z,193169
usdt_eth,2020-06-14T00:00:00.000000000Z,169440
usdt_eth,2020-06-15T00:00:00.000000000Z,221378
usdt_eth,2020-06-16T00:00:00.000000000Z,222083
usdt_eth,2020-06-17T00:00:00.000000000Z,210943
usdt_eth,2020-06-18T00:00:00.000000000Z,228423
usdt_eth,2020-06-19T00:00:00.000000000Z,231505
usdt_eth,2020-06-20T00:00:00.000000000Z,216857
usdt_eth,2020-06-21T00:00:00.000000000Z,240819
usdt_eth,2020-06-22T00:00:00.000000000Z,279889
usdt_eth,2020-06-23T00:00:00.000000000Z,322966
usdt_eth,2020-06-24T00:00:00.000000000Z,230916
usdt_eth,2020-06-25T00:00:00.000000000Z,223236
usdt_eth,2020-06-26T00:00:00.000000000Z,220123
usdt_eth,2020-06-27T00:00:00.000000000Z,210925
usdt_eth,2020-06-28T00:00:00.000000000Z,201258
usdt_eth,2020-06-29T00:00:00.000000000Z,204898
usdt_eth,2020-06-30T00:00:00.000000000Z,256058
usdt_eth,2020-07-01T00:00:00.000000000Z,222052
usdt_eth,2020-07-02T00:00:00.000000000Z,218821
usdc_eth,2025-12-16T00:00:00.000000000Z,472956
usdc_eth,2025-12-17T00:00:00.000000000Z,471197
usdc_eth,2025-12-18T00:00:00.000000000Z,458348
usdc_eth,2025-12-19T00:00:00.000000000Z,459075
usdc_eth,2025-12-20T00:00:00.000000000Z,414400
usdc_eth,2025-12-21T00:00:00.000000000Z,518083
usdc_eth,2025-12-22T00:00:00.000000000Z,500568
usdc_eth,2025-12-23T00:00:00.000000000Z,589458
usdc_eth,2025-12-24T00:00:00.000000000Z,575115
usdc_eth,2025-12-25T00:00:00.000000000Z,610920
usdc_eth,2025-12-26T00:00:00.000000000Z,671708
usdc_eth,2025-12-27T00:00:00.000000000Z,707436
usdc_eth,2025-12-28T00:00:00.000000000Z,547673
usdc_eth,2025-12-29T00:00:00.000000000Z,781804
usdc_eth,2025-12-30T00:00:00.000000000Z,728915
usdc_eth,2025-12-31T00:00:00.000000000Z,858675
usdt_eth,2020-01-01T00:00:00.000000000Z,49565
usdt_eth,2020-01-02T00:00:00.000000000Z,55983
usdt_eth,2020-01-03T00:00:00.000000000Z,76401
usdt_eth,2020-01-04T00:00:00.000000000Z,61771
usdt_eth,2020-01-05T00:00:00.000000000Z,61912
usdt_eth,2020-01-06T00:00:00.000000000Z,71962
usdt_eth,2020-01-07T00:00:00.000000000Z,66421
usdt_eth,2020-01-08T00:00:00.000000000Z,74934
usdt_eth,2020-01-09T00:00:00.000000000Z,70478
usdt_eth,2020-01-10T00:00:00.000000000Z,68867
usdt_eth,2020-01-11T00:00:00.000000000Z,64207
usdt_eth,2020-01-12T00:00:00.000000000Z,55682
usdt_eth,2020-01-13T00:00:00.000000000Z,63896
usdt_eth,2020-01-14T00:00:00.000000000Z,78218
usdt_eth,2020-01-15T00:00:00.000000000Z,85125
usdt_eth,2020-01-16T00:00:00.000000000Z,95751
usdt_eth,2020-01-17T00:00:00.000000000Z,76731
usdt_eth,2020-01-18T00:00:00.000000000Z,75677
usdt_eth,2020-01-19T00:00:00.000000000Z,75910
usdt_eth,2020-01-20T00:00:00.000000000Z,70465
usdt_eth,2020-01-21T00:00:00.000000000Z,64790
usdt_eth,2020-01-22T00:00:00.000000000Z,54637
usdt_eth,2020-01-23T00:00:00.000000000Z,53799
usdt_eth,2020-01-24T00:00:00.000000000Z,42243
usdt_eth,2020-01-25T00:00:00.000000000Z,28957
usdt_eth,2020-01-26T00:00:00.000000000Z,29236
usdt_eth,2020-01-27T00:00:00.000000000Z,43158
usdt_eth,2020-01-28T00:00:00.000000000Z,45893
usdt_eth,2020-01-29T00:00:00.000000000Z,51944
usdt_eth,2020-01-30T00:00:00.000000000Z,58723
usdt_eth,2020-01-31T00:00:00.000000000Z,60632
usdt_eth,2020-02-01T00:00:00.000000000Z,53529
usdt_eth,2020-02-02T00:00:00.000000000Z,54630
usdt_eth,2020-02-03T00:00:00.000000000Z,79893
usdt_eth,2020-02-04T00:00:00.000000000Z,71013
usdt_eth,2020-02-05T00:00:00.000000000Z,77693
usdt_eth,2020-02-06T00:00:00.000000000Z,83521
usdt_eth,2020-02-07T00:00:00.000000000Z,89672
usdt_eth,2020-02-08T00:00:00.000000000Z,87264
usdt_eth,2020-02-09T00:00:00.000000000Z,96160
usdt_eth,2020-02-10T00:00:00.000000000Z,99645
usdt_eth,2020-02-11T00:00:00.000000000Z,92925
usdt_eth,2020-02-12T00:00:00.000000000Z,110027
usdt_eth,2020-02-13T00:00:00.000000000Z,102655
usdt_eth,2020-02-14T00:00:00.000000000Z,98541
usdt_eth,2020-02-15T00:00:00.000000000Z,97931
usdt_eth,2020-02-16T00:00:00.000000000Z,79338
usdt_eth,2020-02-17T00:00:00.000000000Z,97952
usdt_eth,2020-02-18T00:00:00.000000000Z,94422
usdt_eth,2020-02-19T00:00:00.000000000Z,89594
usdt_eth,2020-02-20T00:00:00.000000000Z,94376
usdt_eth,2020-02-21T00:00:00.000000000Z,96168
usdt_eth,2020-02-22T00:00:00.000000000Z,73911
usdt_eth,2020-02-23T00:00:00.000000000Z,80500
usdt_eth,2020-02-24T00:00:00.000000000Z,114833
usdt_eth,2020-02-25T00:00:00.000000000Z,96865
usdt_eth,2020-02-26T00:00:00.000000000Z,105300
usdt_eth,2020-02-27T00:00:00.000000000Z,98964
usdt_eth,2020-02-28T00:00:00.000000000Z,105455
usdt_eth,2020-02-29T00:00:00.000000000Z,92109
usdt_eth,2020-03-01T00:00:00.000000000Z,83165
usdt_eth,2020-03-02T00:00:00.000000000Z,110027
usdt_eth,2020-03-03T00:00:00.000000000Z,100932
usdt_eth,2020-03-04T00:00:00.000000000Z,100941
usdt_eth,2020-03-05T00:00:00.000000000Z,114489
usdt_eth,2020-03-06T00:00:00.000000000Z,102299
usdt_eth,2020-03-07T00:00:00.000000000Z,93213
usdt_eth,2020-03-08T00:00:00.000000000Z,94442
usdt_eth,2020-03-09T00:00:00.000000000Z,126769
usdt_eth,2020-03-10T00:00:00.000000000Z,117242
usdt_eth,2020-03-11T00:00:00.000000000Z,116081
usdt_eth,2020-03-12T00:00:00.000000000Z,116417
usdt_eth,2020-03-13T00:00:00.000000000Z,148478
usdt_eth,2020-03-14T00:00:00.000000000Z,90700
usdt_eth,2020-03-15T00:00:00.000000000Z,87762
usdt_eth,2020-03-16T00:00:00.000000000Z,135203
usdt_eth,2020-03-17T00:00:00.000000000Z,135840
usdt_eth,2020-03-18T00:00:00.000000000Z,120271
usdt_eth,2020-03-19T00:00:00.000000000Z,128783
usdt_eth,2020-03-20T00:00:00.000000000Z,128685
usdt_eth,2020-03-21T00:00:00.000000000Z,107240
usdt_eth,2020-03-22T00:00:00.000000000Z,109433
usdt_eth,2020-03-23T00:00:00.000000000Z,120778
usdt_eth,2020-03-24T00:00:00.000000000Z,114284
usdc_eth,2025-09-07T00:00:00.000000000Z,230649
usdc_eth,2025-09-08T00:00:00.000000000Z,312236
usdc_eth,2025-09-09T00:00:00.000000000Z,322197
usdc_eth,2025-09-10T00:00:00.000000000Z,337734
usdc_eth,2025-09-11T00:00:00.000000000Z,348169
usdc_eth,2025-09-12T00:00:00.000000000Z,357224
usdc_eth,2025-09-13T00:00:00.000000000Z,317663
usdc_eth,2025-09-14T00:00:00.000000000Z,287523
usdc_eth,2025-09-15T00:00:00.000000000Z,327467
usdc_eth,2025-09-16T00:00:00.000000000Z,317082
usdc_eth,2025-09-17T00:00:00.000000000Z,354756
usdc_eth,2025-09-18T00:00:00.000000000Z,345003
usdc_eth,2025-09-19T00:00:00.000000000Z,362147
usdc_eth,2025-09-20T00:00:00.000000000Z,386504
usdc_eth,2025-09-21T00:00:00.000000000Z,284894
usdc_eth,2025-09-22T00:00:00.000000000Z,378394
usdc_eth,2025-09-23T00:00:00.000000000Z,354071
usdc_eth,2025-09-24T00:00:00.000000000Z,340136
usdc_eth,2025-09-25T00:00:00.000000000Z,399733
usdc_eth,2025-09-26T00:00:00.000000000Z,372888
usdc_eth,2025-09-27T00:00:00.000000000Z,288591
usdc_eth,2025-09-28T00:00:00.000000000Z,288150
usdc_eth,2025-09-29T00:00:00.000000000Z,430027
usdc_eth,2025-09-30T00:00:00.000000000Z,427317
usdc_eth,2025-10-01T00:00:00.000000000Z,450953
usdc_eth,2025-10-02T00:00:00.000000000Z,438826
usdc_eth,2025-10-03T00:00:00.000000000Z,387747
usdc_eth,2025-10-04T00:00:00.000000000Z,294832
usdc_eth,2025-10-05T00:00:00.000000000Z,320548
usdc_eth,2025-10-06T00:00:00.000000000Z,346501
usdc_eth,2025-10-07T00:00:00.000000000Z,374592
usdc_eth,2025-10-08T00:00:00.000000000Z,394909
usdc_eth,2025-10-09T00:00:00.000000000Z,383595
usdc_eth,2025-10-10T00:00:00.000000000Z,385832
usdc_eth,2025-10-11T00:00:00.000000000Z,388267
usdc_eth,2025-10-12T00:00:00.000000000Z,344543
usdc_eth,2025-10-13T00:00:00.000000000Z,376050
usdc_eth,2025-10-14T00:00:00.000000000Z,392585
usdc_eth,2025-10-15T00:00:00.000000000Z,369879
usdc_eth,2025-10-16T00:00:00.000000000Z,360704
usdc_eth,2025-10-17T00:00:00.000000000Z,369995
usdc_eth,2025-10-18T00:00:00.000000000Z,282320
usdc_eth,2025-10-19T00:00:00.000000000Z,273210
usdc_eth,2025-10-20T00:00:00.000000000Z,310701
usdc_eth,2025-10-21T00:00:00.000000000Z,360363
usdc_eth,2025-10-22T00:00:00.000000000Z,359028
usdc_eth,2025-10-23T00:00:00.000000000Z,384985
usdc_eth,2025-10-24T00:00:00.000000000Z,387721
usdc_eth,2025-10-25T00:00:00.000000000Z,271472
usdc_eth,2025-10-26T00:00:00.000000000Z,271748
usdc_eth,2025-10-27T00:00:00.000000000Z,364316
usdc_eth,2025-10-28T00:00:00.000000000Z,387213
usdc_eth,2025-10-29T00:00:00.000000000Z,370059
usdc_eth,2025-10-30T00:00:00.000000000Z,382594
usdc_eth,2025-10-31T00:00:00.000000000Z,395004
usdc_eth,2025-11-01T00:00:00.000000000Z,303083
usdc_eth,2025-11-02T00:00:00.000000000Z,280301
usdc_eth,2025-11-03T00:00:00.000000000Z,414156
usdc_eth,2025-11-04T00:00:00.000000000Z,429841
usdc_eth,2025-11-05T00:00:00.000000000Z,426025
usdc_eth,2025-11-06T00:00:00.000000000Z,471753
usdc_eth,2025-11-07T00:00:00.000000000Z,483862
usdc_eth,2025-11-08T00:00:00.000000000Z,312117
usdc_eth,2025-11-09T00:00:00.000000000Z,297314
usdc_eth,2025-11-10T00:00:00.000000000Z,440221
usdc_eth,2025-11-11T00:00:00.000000000Z,436389
usdc_eth,2025-11-12T00:00:00.000000000Z,415794
usdc_eth,2025-11-13T00:00:00.000000000Z,429265
usdc_eth,2025-11-14T00:00:00.000000000Z,447020
usdc_eth,2025-11-15T00:00:00.000000000Z,352786
usdc_eth,2025-11-16T00:00:00.000000000Z,348756
usdc_eth,2025-11-17T00:00:00.000000000Z,434879
usdc_eth,2025-11-18T00:00:00.000000000Z,460176
usdc_eth,2025-11-19T00:00:00.000000000Z,432351
usdc_eth,2025-11-20T00:00:00.000000000Z,424301
usdc_eth,2025-11-21T00:00:00.000000000Z,463572
usdc_eth,2025-11-22T00:00:00.000000000Z,330437
usdc_eth,2025-11-23T00:00:00.000000000Z,318477
usdc_eth,2025-11-24T00:00:00.000000000Z,436389
usdc_eth,2025-11-25T00:00:00.000000000Z,484759
usdc_eth,2025-11-26T00:00:00.000000000Z,487070
usdc_eth,2025-11-27T00:00:00.000000000Z,395477
usdc_eth,2025-11-28T00:00:00.000000000Z,446772
usdc_eth,2025-11-29T00:00:00.000000000Z,596273
usdc_eth,2025-11-30T00:00:00.000000000Z,294347
usdc_eth,2025-12-01T00:00:00.000000000Z,497162
usdc_eth,2025-12-02T00:00:00.000000000Z,460379
usdc_eth,2025-12-03T00:00:00.000000000Z,482267
usdc_eth,2025-12-04T00:00:00.000000000Z,454167
usdc_eth,2025-12-05T00:00:00.000000000Z,465016
usdc_eth,2025-12-06T00:00:00.000000000Z,331213
usdc_eth,2025-12-07T00:00:00.000000000Z,240217
usdc_eth,2025-12-08T00:00:00.000000000Z,303664
usdc_eth,2025-12-09T00:00:00.000000000Z,382538
usdc_eth,2025-12-10T00:00:00.000000000Z,412821
usdc_eth,2025-12-11T00:00:00.000000000Z,418940
usdc_eth,2025-12-12T00:00:00.000000000Z,372054
usdc_eth,2025-12-13T00:00:00.000000000Z,314564
usdc_eth,2025-12-14T00:00:00.000000000Z,317341
usdc_eth,2025-12-15T00:00:00.000000000Z,464756
usdc_eth,2025-05-30T00:00:00.000000000Z,234811
usdc_eth,2025-05-31T00:00:00.000000000Z,205256
usdc_eth,2025-06-01T00:00:00.000000000Z,236808
usdc_eth,2025-06-02T00:00:00.000000000Z,246286
usdc_eth,2025-06-03T00:00:00.000000000Z,218973
usdc_eth,2025-06-04T00:00:00.000000000Z,207410
usdc_eth,2025-06-05T00:00:00.000000000Z,235146
usdc_eth,2025-06-06T00:00:00.000000000Z,250875
usdc_eth,2025-06-07T00:00:00.000000000Z,216363
usdc_eth,2025-06-08T00:00:00.000000000Z,214998
usdc_eth,2025-06-09T00:00:00.000000000Z,237264
usdc_eth,2025-06-10T00:00:00.000000000Z,250891
usdc_eth,2025-06-11T00:00:00.000000000Z,246580
usdc_eth,2025-06-12T00:00:00.000000000Z,240067
usdc_eth,2025-06-13T00:00:00.000000000Z,261884
usdc_eth,2025-06-14T00:00:00.000000000Z,190735
usdc_eth,2025-06-15T00:00:00.000000000Z,193079
usdc_eth,2025-06-16T00:00:00.000000000Z,240106
usdc_eth,2025-06-17T00:00:00.000000000Z,267670
usdc_eth,2025-06-18T00:00:00.000000000Z,251611
usdc_eth,2025-06-19T00:00:00.000000000Z,220507
usdc_eth,2025-06-20T00:00:00.000000000Z,236974
usdc_eth,2025-06-21T00:00:00.000000000Z,216319
usdc_eth,2025-06-22T00:00:00.000000000Z,237167
usdc_eth,2025-06-23T00:00:00.000000000Z,231413
usdc_eth,2025-06-24T00:00:00.000000000Z,217086
usdc_eth,2025-06-25T00:00:00.000000000Z,197584
usdc_eth,2025-06-26T00:00:00.000000000Z,218380
usdc_eth,2025-06-27T00:00:00.000000000Z,239277
usdc_eth,2025-06-28T00:00:00.000000000Z,177535
usdc_eth,2025-06-29T00:00:00.000000000Z,181044
usdc_eth,2025-06-30T00:00:00.000000000Z,225703
usdc_eth,2025-07-01T00:00:00.000000000Z,255031
usdc_eth,2025-07-02T00:00:00.000000000Z,251829
usdc_eth,2025-07-03T00:00:00.000000000Z,252923
usdc_eth,2025-07-04T00:00:00.000000000Z,242217
usdc_eth,2025-07-05T00:00:00.000000000Z,196130
usdc_eth,2025-07-06T00:00:00.000000000Z,178336
usdc_eth,2025-07-07T00:00:00.000000000Z,224261
usdc_eth,2025-07-08T00:00:00.000000000Z,227549
usdc_eth,2025-07-09T00:00:00.000000000Z,242993
usdc_eth,2025-07-10T00:00:00.000000000Z,247493
usdc_eth,2025-07-11T00:00:00.000000000Z,259031
usdc_eth,2025-07-12T00:00:00.000000000Z,229826
usdc_eth,2025-07-13T00:00:00.000000000Z,206058
usdc_eth,2025-07-14T00:00:00.000000000Z,242993
usdc_eth,2025-07-15T00:00:00.000000000Z,249316
usdc_eth,2025-07-16T00:00:00.000000000Z,248303
usdc_eth,2025-07-17T00:00:00.000000000Z,238378
usdc_eth,2025-07-18T00:00:00.000000000Z,252951
usdc_eth,2025-07-19T00:00:00.000000000Z,205699
usdc_eth,2025-07-20T00:00:00.000000000Z,235176
usdc_eth,2025-07-21T00:00:00.000000000Z,282168
usdc_eth,2025-07-22T00:00:00.000000000Z,297843
usdc_eth,2025-07-23T00:00:00.000000000Z,294866
usdc_eth,2025-07-24T00:00:00.000000000Z,299577
usdc_eth,2025-07-25T00:00:00.000000000Z,313455
usdc_eth,2025-07-26T00:00:00.000000000Z,223869
usdc_eth,2025-07-27T00:00:00.000000000Z,239873
usdc_eth,2025-07-28T00:00:00.000000000Z,297874
usdc_eth,2025-07-29T00:00:00.000000000Z,277810
usdc_eth,2025-07-30T00:00:00.000000000Z,235252
usdc_eth,2025-07-31T00:00:00.000000000Z,255029
usdc_eth,2025-08-01T00:00:00.000000000Z,332021
usdc_eth,2025-08-02T00:00:00.000000000Z,261539
usdc_eth,2025-08-03T00:00:00.000000000Z,220043
usdc_eth,2025-08-04T00:00:00.000000000Z,280135
usdc_eth,2025-08-05T00:00:00.000000000Z,279305
usdc_eth,2025-08-06T00:00:00.000000000Z,283397
usdc_eth,2025-08-07T00:00:00.000000000Z,295054
usdc_eth,2025-08-08T00:00:00.000000000Z,308335
usdc_eth,2025-08-09T00:00:00.000000000Z,304267
usdc_eth,2025-08-10T00:00:00.000000000Z,267400
usdc_eth,2025-08-11T00:00:00.000000000Z,319835
usdc_eth,2025-08-12T00:00:00.000000000Z,324989
usdc_eth,2025-08-13T00:00:00.000000000Z,335917
usdc_eth,2025-08-14T00:00:00.000000000Z,338121
usdc_eth,2025-08-15T00:00:00.000000000Z,341385
usdc_eth,2025-08-16T00:00:00.000000000Z,259013
usdc_eth,2025-08-17T00:00:00.000000000Z,248274
usdc_eth,2025-08-18T00:00:00.000000000Z,335704
usdc_eth,2025-08-19T00:00:00.000000000Z,340496
usdc_eth,2025-08-20T00:00:00.000000000Z,325117
usdc_eth,2025-08-21T00:00:00.000000000Z,330232
usdc_eth,2025-08-22T00:00:00.000000000Z,338529
usdc_eth,2025-08-23T00:00:00.000000000Z,304984
usdc_eth,2025-08-24T00:00:00.000000000Z,305244
usdc_eth,2025-08-25T00:00:00.000000000Z,352598
usdc_eth,2025-08-26T00:00:00.000000000Z,337766
usdc_eth,2025-08-27T00:00:00.000000000Z,309398
usdc_eth,2025-08-28T00:00:00.000000000Z,337389
usdc_eth,2025-08-29T00:00:00.000000000Z,375029
usdc_eth,2025-08-30T00:00:00.000000000Z,261321
usdc_eth,2025-08-31T00:00:00.000000000Z,342533
usdc_eth,2025-09-01T00:00:00.000000000Z,361261
usdc_eth,2025-09-02T00:00:00.000000000Z,374211
usdc_eth,2025-09-03T00:00:00.000000000Z,368610
usdc_eth,2025-09-04T00:00:00.000000000Z,331600
usdc_eth,2025-09-05T00:00:00.000000000Z,358388
usdc_eth,2025-09-06T00:00:00.000000000Z,235380
usdc_eth,2025-02-19T00:00:00.000000000Z,168190
usdc_eth,2025-02-20T00:00:00.000000000Z,175093
usdc_eth,2025-02-21T00:00:00.000000000Z,190350
usdc_eth,2025-02-22T00:00:00.000000000Z,150563
usdc_eth,2025-02-23T00:00:00.000000000Z,135476
usdc_eth,2025-02-24T00:00:00.000000000Z,197920
usdc_eth,2025-02-25T00:00:00.000000000Z,252820
usdc_eth,2025-02-26T00:00:00.000000000Z,201887
usdc_eth,2025-02-27T00:00:00.000000000Z,199776
usdc_eth,2025-02-28T00:00:00.000000000Z,246456
usdc_eth,2025-03-01T00:00:00.000000000Z,167454
usdc_eth,2025-03-02T00:00:00.000000000Z,171037
usdc_eth,2025-03-03T00:00:00.000000000Z,223291
usdc_eth,2025-03-04T00:00:00.000000000Z,239950
usdc_eth,2025-03-05T00:00:00.000000000Z,195517
usdc_eth,2025-03-06T00:00:00.000000000Z,217717
usdc_eth,2025-03-07T00:00:00.000000000Z,217760
usdc_eth,2025-03-08T00:00:00.000000000Z,160150
usdc_eth,2025-03-09T00:00:00.000000000Z,175499
usdc_eth,2025-03-10T00:00:00.000000000Z,230155
usdc_eth,2025-03-11T00:00:00.000000000Z,242089
usdc_eth,2025-03-12T00:00:00.000000000Z,208095
usdc_eth,2025-03-13T00:00:00.000000000Z,188289
usdc_eth,2025-03-14T00:00:00.000000000Z,179347
usdc_eth,2025-03-15T00:00:00.000000000Z,138104
usdc_eth,2025-03-16T00:00:00.000000000Z,141098
usdc_eth,2025-03-17T00:00:00.000000000Z,178076
usdc_eth,2025-03-18T00:00:00.000000000Z,174845
usdc_eth,2025-03-19T00:00:00.000000000Z,187666
usdc_eth,2025-03-20T00:00:00.000000000Z,183289
usdc_eth,2025-03-21T00:00:00.000000000Z,176697
usdc_eth,2025-03-22T00:00:00.000000000Z,136344
usdc_eth,2025-03-23T00:00:00.000000000Z,133125
usdc_eth,2025-03-24T00:00:00.000000000Z,194823
usdc_eth,2025-03-25T00:00:00.000000000Z,201738
usdc_eth,2025-03-26T00:00:00.000000000Z,197201
usdc_eth,2025-03-27T00:00:00.000000000Z,195860
usdc_eth,2025-03-28T00:00:00.000000000Z,221906
usdc_eth,2025-03-29T00:00:00.000000000Z,176824
usdc_eth,2025-03-30T00:00:00.000000000Z,157678
usdc_eth,2025-03-31T00:00:00.000000000Z,218817
usdc_eth,2025-04-01T00:00:00.000000000Z,213344
usdc_eth,2025-04-02T00:00:00.000000000Z,229088
usdc_eth,2025-04-03T00:00:00.000000000Z,221139
usdc_eth,2025-04-04T00:00:00.000000000Z,227353
usdc_eth,2025-04-05T00:00:00.000000000Z,147757
usdc_eth,2025-04-06T00:00:00.000000000Z,191929
usdc_eth,2025-04-07T00:00:00.000000000Z,272856
usdc_eth,2025-04-08T00:00:00.000000000Z,241716
usdc_eth,2025-04-09T00:00:00.000000000Z,252175
usdc_eth,2025-04-10T00:00:00.000000000Z,227760
usdc_eth,2025-04-11T00:00:00.000000000Z,233742
usdc_eth,2025-04-12T00:00:00.000000000Z,188469
usdc_eth,2025-04-13T00:00:00.000000000Z,171411
usdc_eth,2025-04-14T00:00:00.000000000Z,207284
usdc_eth,2025-04-15T00:00:00.000000000Z,212883
usdc_eth,2025-04-16T00:00:00.000000000Z,210635
usdc_eth,2025-04-17T00:00:00.000000000Z,194729
usdc_eth,2025-04-18T00:00:00.000000000Z,170854
usdc_eth,2025-04-19T00:00:00.000000000Z,138338
usdc_eth,2025-04-20T00:00:00.000000000Z,136018
usdc_eth,2025-04-21T00:00:00.000000000Z,203685
usdc_eth,2025-04-22T00:00:00.000000000Z,225369
usdc_eth,2025-04-23T00:00:00.000000000Z,235868
usdc_eth,2025-04-24T00:00:00.000000000Z,243149
usdc_eth,2025-04-25T00:00:00.000000000Z,257527
usdc_eth,2025-04-26T00:00:00.000000000Z,178566
usdc_eth,2025-04-27T00:00:00.000000000Z,167094
usdc_eth,2025-04-28T00:00:00.000000000Z,226068
usdc_eth,2025-04-29T00:00:00.000000000Z,227360
usdc_eth,2025-04-30T00:00:00.000000000Z,228042
usdc_eth,2025-05-01T00:00:00.000000000Z,219991
usdc_eth,2025-05-02T00:00:00.000000000Z,211421
usdc_eth,2025-05-03T00:00:00.000000000Z,167877
usdc_eth,2025-05-04T00:00:00.000000000Z,166973
usdc_eth,2025-05-05T00:00:00.000000000Z,218296
usdc_eth,2025-05-06T00:00:00.000000000Z,226812
usdc_eth,2025-05-07T00:00:00.000000000Z,228445
usdc_eth,2025-05-08T00:00:00.000000000Z,238136
usdc_eth,2025-05-09T00:00:00.000000000Z,239443
usdc_eth,2025-05-10T00:00:00.000000000Z,187888
usdc_eth,2025-05-11T00:00:00.000000000Z,177267
usdc_eth,2025-05-12T00:00:00.000000000Z,217119
usdc_eth,2025-05-13T00:00:00.000000000Z,222825
usdc_eth,2025-05-14T00:00:00.000000000Z,217533
usdc_eth,2025-05-15T00:00:00.000000000Z,233066
usdc_eth,2025-05-16T00:00:00.000000000Z,227680
usdc_eth,2025-05-17T00:00:00.000000000Z,219990
usdc_eth,2025-05-18T00:00:00.000000000Z,195804
usdc_eth,2025-05-19T00:00:00.000000000Z,245451
usdc_eth,2025-05-20T00:00:00.000000000Z,244237
usdc_eth,2025-05-21T00:00:00.000000000Z,231171
usdc_eth,2025-05-22T00:00:00.000000000Z,233314
usdc_eth,2025-05-23T00:00:00.000000000Z,243804
usdc_eth,2025-05-24T00:00:00.000000000Z,194509
usdc_eth,2025-05-25T00:00:00.000000000Z,182964
usdc_eth,2025-05-26T00:00:00.000000000Z,208550
usdc_eth,2025-05-27T00:00:00.000000000Z,224721
usdc_eth,2025-05-28T00:00:00.000000000Z,223770
usdc_eth,2025-05-29T00:00:00.000000000Z,226138
usdc_eth,2024-11-11T00:00:00.000000000Z,109133
usdc_eth,2024-11-12T00:00:00.000000000Z,112595
usdc_eth,2024-11-13T00:00:00.000000000Z,102099
usdc_eth,2024-11-14T00:00:00.000000000Z,105211
usdc_eth,2024-11-15T00:00:00.000000000Z,102466
usdc_eth,2024-11-16T00:00:00.000000000Z,93322
usdc_eth,2024-11-17T00:00:00.000000000Z,91566
usdc_eth,2024-11-18T00:00:00.000000000Z,103423
usdc_eth,2024-11-19T00:00:00.000000000Z,100015
usdc_eth,2024-11-20T00:00:00.000000000Z,110848
usdc_eth,2024-11-21T00:00:00.000000000Z,117732
usdc_eth,2024-11-22T00:00:00.000000000Z,113426
usdc_eth,2024-11-23T00:00:00.000000000Z,98920
usdc_eth,2024-11-24T00:00:00.000000000Z,97887
usdc_eth,2024-11-25T00:00:00.000000000Z,111361
usdc_eth,2024-11-26T00:00:00.000000000Z,115479
usdc_eth,2024-11-27T00:00:00.000000000Z,113366
usdc_eth,2024-11-28T00:00:00.000000000Z,106106
usdc_eth,2024-11-29T00:00:00.000000000Z,118496
usdc_eth,2024-11-30T00:00:00.000000000Z,108164
usdc_eth,2024-12-01T00:00:00.000000000Z,102073
usdc_eth,2024-12-02T00:00:00.000000000Z,120997
usdc_eth,2024-12-03T00:00:00.000000000Z,119293
usdc_eth,2024-12-04T00:00:00.000000000Z,121132
usdc_eth,2024-12-05T00:00:00.000000000Z,132318
usdc_eth,2024-12-06T00:00:00.000000000Z,116500
usdc_eth,2024-12-07T00:00:00.000000000Z,96494
usdc_eth,2024-12-08T00:00:00.000000000Z,94546
usdc_eth,2024-12-09T00:00:00.000000000Z,114278
usdc_eth,2024-12-10T00:00:00.000000000Z,112180
usdc_eth,2024-12-11T00:00:00.000000000Z,103541
usdc_eth,2024-12-12T00:00:00.000000000Z,104452
usdc_eth,2024-12-13T00:00:00.000000000Z,102063
usdc_eth,2024-12-14T00:00:00.000000000Z,99569
usdc_eth,2024-12-15T00:00:00.000000000Z,96748
usdc_eth,2024-12-16T00:00:00.000000000Z,115321
usdc_eth,2024-12-17T00:00:00.000000000Z,114387
usdc_eth,2024-12-18T00:00:00.000000000Z,128548
usdc_eth,2024-12-19T00:00:00.000000000Z,141859
usdc_eth,2024-12-20T00:00:00.000000000Z,146223
usdc_eth,2024-12-21T00:00:00.000000000Z,114288
usdc_eth,2024-12-22T00:00:00.000000000Z,104869
usdc_eth,2024-12-23T00:00:00.000000000Z,123214
usdc_eth,2024-12-24T00:00:00.000000000Z,108988
usdc_eth,2024-12-25T00:00:00.000000000Z,93355
usdc_eth,2024-12-26T00:00:00.000000000Z,103984
usdc_eth,2024-12-27T00:00:00.000000000Z,117004
usdc_eth,2024-12-28T00:00:00.000000000Z,105097
usdc_eth,2024-12-29T00:00:00.000000000Z,112603
usdc_eth,2024-12-30T00:00:00.000000000Z,136430
usdc_eth,2024-12-31T00:00:00.000000000Z,127944
usdc_eth,2025-01-01T00:00:00.000000000Z,89423
usdc_eth,2025-01-02T00:00:00.000000000Z,105908
usdc_eth,2025-01-03T00:00:00.000000000Z,119302
usdc_eth,2025-01-04T00:00:00.000000000Z,103112
usdc_eth,2025-01-05T00:00:00.000000000Z,100061
usdc_eth,2025-01-06T00:00:00.000000000Z,112926
usdc_eth,2025-01-07T00:00:00.000000000Z,127844
usdc_eth,2025-01-08T00:00:00.000000000Z,139203
usdc_eth,2025-01-09T00:00:00.000000000Z,140377
usdc_eth,2025-01-10T00:00:00.000000000Z,143178
usdc_eth,2025-01-11T00:00:00.000000000Z,109898
usdc_eth,2025-01-12T00:00:00.000000000Z,111688
usdc_eth,2025-01-13T00:00:00.000000000Z,152453
usdc_eth,2025-01-14T00:00:00.000000000Z,128099
usdc_eth,2025-01-15T00:00:00.000000000Z,133231
usdc_eth,2025-01-16T00:00:00.000000000Z,131033
usdc_eth,2025-01-17T00:00:00.000000000Z,131510
usdc_eth,2025-01-18T00:00:00.000000000Z,158515
usdc_eth,2025-01-19T00:00:00.000000000Z,165047
usdc_eth,2025-01-20T00:00:00.000000000Z,173717
usdc_eth,2025-01-21T00:00:00.000000000Z,149224
usdc_eth,2025-01-22T00:00:00.000000000Z,142236
usdc_eth,2025-01-23T00:00:00.000000000Z,146372
usdc_eth,2025-01-24T00:00:00.000000000Z,135294
usdc_eth,2025-01-25T00:00:00.000000000Z,115007
usdc_eth,2025-01-26T00:00:00.000000000Z,125561
usdc_eth,2025-01-27T00:00:00.000000000Z,164652
usdc_eth,2025-01-28T00:00:00.000000000Z,145982
usdc_eth,2025-01-29T00:00:00.000000000Z,157663
usdc_eth,2025-01-30T00:00:00.000000000Z,155272
usdc_eth,2025-01-31T00:00:00.000000000Z,171899
usdc_eth,2025-02-01T00:00:00.000000000Z,161769
usdc_eth,2025-02-02T00:00:00.000000000Z,183800
usdc_eth,2025-02-03T00:00:00.000000000Z,206187
usdc_eth,2025-02-04T00:00:00.000000000Z,228535
usdc_eth,2025-02-05T00:00:00.000000000Z,183193
usdc_eth,2025-02-06T00:00:00.000000000Z,187003
usdc_eth,2025-02-07T00:00:00.000000000Z,190913
usdc_eth,2025-02-08T00:00:00.000000000Z,145985
usdc_eth,2025-02-09T00:00:00.000000000Z,156688
usdc_eth,2025-02-10T00:00:00.000000000Z,197675
usdc_eth,2025-02-11T00:00:00.000000000Z,225859
usdc_eth,2025-02-12T00:00:00.000000000Z,183456
usdc_eth,2025-02-13T00:00:00.000000000Z,181061
usdc_eth,2025-02-14T00:00:00.000000000Z,181922
usdc_eth,2025-02-15T00:00:00.000000000Z,130871
usdc_eth,2025-02-16T00:00:00.000000000Z,127297
usdc_eth,2025-02-17T00:00:00.000000000Z,147511
usdc_eth,2025-02-18T00:00:00.000000000Z,187262
usdc_eth,2024-08-03T00:00:00.000000000Z,102295
usdc_eth,2024-08-04T00:00:00.000000000Z,96960
usdc_eth,2024-08-05T00:00:00.000000000Z,161830
usdc_eth,2024-08-06T00:00:00.000000000Z,112705
usdc_eth,2024-08-07T00:00:00.000000000Z,106985
usdc_eth,2024-08-08T00:00:00.000000000Z,98719
usdc_eth,2024-08-09T00:00:00.000000000Z,89860
usdc_eth,2024-08-10T00:00:00.000000000Z,72987
usdc_eth,2024-08-11T00:00:00.000000000Z,75821
usdc_eth,2024-08-12T00:00:00.000000000Z,90819
usdc_eth,2024-08-13T00:00:00.000000000Z,89591
usdc_eth,2024-08-14T00:00:00.000000000Z,84004
usdc_eth,2024-08-15T00:00:00.000000000Z,82970
usdc_eth,2024-08-16T00:00:00.000000000Z,91325
usdc_eth,2024-08-17T00:00:00.000000000Z,64262
usdc_eth,2024-08-18T00:00:00.000000000Z,66606
usdc_eth,2024-08-19T00:00:00.000000000Z,83287
usdc_eth,2024-08-20T00:00:00.000000000Z,102164
usdc_eth,2024-08-21T00:00:00.000000000Z,91307
usdc_eth,2024-08-22T00:00:00.000000000Z,89688
usdc_eth,2024-08-23T00:00:00.000000000Z,105909
usdc_eth,2024-08-24T00:00:00.000000000Z,92230
usdc_eth,2024-08-25T00:00:00.000000000Z,80632
usdc_eth,2024-08-26T00:00:00.000000000Z,93266
usdc_eth,2024-08-27T00:00:00.000000000Z,104403
usdc_eth,2024-08-28T00:00:00.000000000Z,108509
usdc_eth,2024-08-29T00:00:00.000000000Z,102223
usdc_eth,2024-08-30T00:00:00.000000000Z,115376
usdc_eth,2024-08-31T00:00:00.000000000Z,80881
usdc_eth,2024-09-01T00:00:00.000000000Z,93700
usdc_eth,2024-09-02T00:00:00.000000000Z,87589
usdc_eth,2024-09-03T00:00:00.000000000Z,100208
usdc_eth,2024-09-04T00:00:00.000000000Z,104232
usdc_eth,2024-09-05T00:00:00.000000000Z,86870
usdc_eth,2024-09-06T00:00:00.000000000Z,110501
usdc_eth,2024-09-07T00:00:00.000000000Z,98696
usdc_eth,2024-09-08T00:00:00.000000000Z,101707
usdc_eth,2024-09-09T00:00:00.000000000Z,100320
usdc_eth,2024-09-10T00:00:00.000000000Z,90080
usdc_eth,2024-09-11T00:00:00.000000000Z,99234
usdc_eth,2024-09-12T00:00:00.000000000Z,96915
usdc_eth,2024-09-13T00:00:00.000000000Z,110044
usdc_eth,2024-09-14T00:00:00.000000000Z,96849
usdc_eth,2024-09-15T00:00:00.000000000Z,117164
usdc_eth,2024-09-16T00:00:00.000000000Z,92953
usdc_eth,2024-09-17T00:00:00.000000000Z,84899
usdc_eth,2024-09-18T00:00:00.000000000Z,79004
usdc_eth,2024-09-19T00:00:00.000000000Z,79066
usdc_eth,2024-09-20T00:00:00.000000000Z,74335
usdc_eth,2024-09-21T00:00:00.000000000Z,57526
usdc_eth,2024-09-22T00:00:00.000000000Z,57675
usdc_eth,2024-09-23T00:00:00.000000000Z,72905
usdc_eth,2024-09-24T00:00:00.000000000Z,68629
usdc_eth,2024-09-25T00:00:00.000000000Z,68935
usdc_eth,2024-09-26T00:00:00.000000000Z,74938
usdc_eth,2024-09-27T00:00:00.000000000Z,84097
usdc_eth,2024-09-28T00:00:00.000000000Z,77169
usdc_eth,2024-09-29T00:00:00.000000000Z,69377
usdc_eth,2024-09-30T00:00:00.000000000Z,92643
usdc_eth,2024-10-01T00:00:00.000000000Z,104067
usdc_eth,2024-10-02T00:00:00.000000000Z,92746
usdc_eth,2024-10-03T00:00:00.000000000Z,97383
usdc_eth,2024-10-04T00:00:00.000000000Z,98264
usdc_eth,2024-10-05T00:00:00.000000000Z,74377
usdc_eth,2024-10-06T00:00:00.000000000Z,65390
usdc_eth,2024-10-07T00:00:00.000000000Z,85240
usdc_eth,2024-10-08T00:00:00.000000000Z,76392
usdc_eth,2024-10-09T00:00:00.000000000Z,77046
usdc_eth,2024-10-10T00:00:00.000000000Z,87760
usdc_eth,2024-10-11T00:00:00.000000000Z,77635
usdc_eth,2024-10-12T00:00:00.000000000Z,79444
usdc_eth,2024-10-13T00:00:00.000000000Z,75383
usdc_eth,2024-10-14T00:00:00.000000000Z,85706
usdc_eth,2024-10-15T00:00:00.000000000Z,90452
usdc_eth,2024-10-16T00:00:00.000000000Z,83452
usdc_eth,2024-10-17T00:00:00.000000000Z,73667
usdc_eth,2024-10-18T00:00:00.000000000Z,67649
usdc_eth,2024-10-19T00:00:00.000000000Z,61889
usdc_eth,2024-10-20T00:00:00.000000000Z,66210
usdc_eth,2024-10-21T00:00:00.000000000Z,84674
usdc_eth,2024-10-22T00:00:00.000000000Z,82186
usdc_eth,2024-10-23T00:00:00.000000000Z,86139
usdc_eth,2024-10-24T00:00:00.000000000Z,85882
usdc_eth,2024-10-25T00:00:00.000000000Z,102841
usdc_eth,2024-10-26T00:00:00.000000000Z,77862
usdc_eth,2024-10-27T00:00:00.000000000Z,64464
usdc_eth,2024-10-28T00:00:00.000000000Z,85322
usdc_eth,2024-10-29T00:00:00.000000000Z,98292
usdc_eth,2024-10-30T00:00:00.000000000Z,85572
usdc_eth,2024-10-31T00:00:00.000000000Z,95115
usdc_eth,2024-11-01T00:00:00.000000000Z,101045
usdc_eth,2024-11-02T00:00:00.000000000Z,75418
usdc_eth,2024-11-03T00:00:00.000000000Z,99131
usdc_eth,2024-11-04T00:00:00.000000000Z,101911
usdc_eth,2024-11-05T00:00:00.000000000Z,114332
usdc_eth,2024-11-06T00:00:00.000000000Z,126955
usdc_eth,2024-11-07T00:00:00.000000000Z,106310
usdc_eth,2024-11-08T00:00:00.000000000Z,99612
usdc_eth,2024-11-09T00:00:00.000000000Z,88069
usdc_eth,2024-11-10T00:00:00.000000000Z,99285
usdc_eth,2024-04-25T00:00:00.000000000Z,75920
usdc_eth,2024-04-26T00:00:00.000000000Z,76348
usdc_eth,2024-04-27T00:00:00.000000000Z,67922
usdc_eth,2024-04-28T00:00:00.000000000Z,59024
usdc_eth,2024-04-29T00:00:00.000000000Z,75140
usdc_eth,2024-04-30T00:00:00.000000000Z,89823
usdc_eth,2024-05-01T00:00:00.000000000Z,95869
usdc_eth,2024-05-02T00:00:00.000000000Z,82104
usdc_eth,2024-05-03T00:00:00.000000000Z,84174
usdc_eth,2024-05-04T00:00:00.000000000Z,65957
usdc_eth,2024-05-05T00:00:00.000000000Z,61571
usdc_eth,2024-05-06T00:00:00.000000000Z,96126
usdc_eth,2024-05-07T00:00:00.000000000Z,94477
usdc_eth,2024-05-08T00:00:00.000000000Z,82841
usdc_eth,2024-05-09T00:00:00.000000000Z,85730
usdc_eth,2024-05-10T00:00:00.000000000Z,84765
usdc_eth,2024-05-11T00:00:00.000000000Z,58527
usdc_eth,2024-05-12T00:00:00.000000000Z,62500
usdc_eth,2024-05-13T00:00:00.000000000Z,87859
usdc_eth,2024-05-14T00:00:00.000000000Z,82071
usdc_eth,2024-05-15T00:00:00.000000000Z,92117
usdc_eth,2024-05-16T00:00:00.000000000Z,108132
usdc_eth,2024-05-17T00:00:00.000000000Z,99023
usdc_eth,2024-05-18T00:00:00.000000000Z,76586
usdc_eth,2024-05-19T00:00:00.000000000Z,69744
usdc_eth,2024-05-20T00:00:00.000000000Z,97805
usdc_eth,2024-05-21T00:00:00.000000000Z,113694
usdc_eth,2024-05-22T00:00:00.000000000Z,94944
usdc_eth,2024-05-23T00:00:00.000000000Z,96741
usdc_eth,2024-05-24T00:00:00.000000000Z,87112
usdc_eth,2024-05-25T00:00:00.000000000Z,74539
usdc_eth,2024-05-26T00:00:00.000000000Z,71653
usdc_eth,2024-05-27T00:00:00.000000000Z,74164
usdc_eth,2024-05-28T00:00:00.000000000Z,76867
usdc_eth,2024-05-29T00:00:00.000000000Z,80263
usdc_eth,2024-05-30T00:00:00.000000000Z,79352
usdc_eth,2024-05-31T00:00:00.000000000Z,78498
usdc_eth,2024-06-01T00:00:00.000000000Z,64256
usdc_eth,2024-06-02T00:00:00.000000000Z,60689
usdc_eth,2024-06-03T00:00:00.000000000Z,73784
usdc_eth,2024-06-04T00:00:00.000000000Z,75616
usdc_eth,2024-06-05T00:00:00.000000000Z,73834
usdc_eth,2024-06-06T00:00:00.000000000Z,66495
usdc_eth,2024-06-07T00:00:00.000000000Z,75969
usdc_eth,2024-06-08T00:00:00.000000000Z,64246
usdc_eth,2024-06-09T00:00:00.000000000Z,59424
usdc_eth,2024-06-10T00:00:00.000000000Z,74641
usdc_eth,2024-06-11T00:00:00.000000000Z,82772
usdc_eth,2024-06-12T00:00:00.000000000Z,75640
usdc_eth,2024-06-13T00:00:00.000000000Z,78677
usdc_eth,2024-06-14T00:00:00.000000000Z,79592
usdc_eth,2024-06-15T00:00:00.000000000Z,61919
usdc_eth,2024-06-16T00:00:00.000000000Z,59452
usdc_eth,2024-06-17T00:00:00.000000000Z,84032
usdc_eth,2024-06-18T00:00:00.000000000Z,102605
usdc_eth,2024-06-19T00:00:00.000000000Z,74610
usdc_eth,2024-06-20T00:00:00.000000000Z,75268
usdc_eth,2024-06-21T00:00:00.000000000Z,80235
usdc_eth,2024-06-22T00:00:00.000000000Z,65316
usdc_eth,2024-06-23T00:00:00.000000000Z,71704
usdc_eth,2024-06-24T00:00:00.000000000Z,103171
usdc_eth,2024-06-25T00:00:00.000000000Z,95863
usdc_eth,2024-06-26T00:00:00.000000000Z,75446
usdc_eth,2024-06-27T00:00:00.000000000Z,73485
usdc_eth,2024-06-28T00:00:00.000000000Z,91087
usdc_eth,2024-06-29T00:00:00.000000000Z,74500
usdc_eth,2024-06-30T00:00:00.000000000Z,73396
usdc_eth,2024-07-01T00:00:00.000000000Z,83944
usdc_eth,2024-07-02T00:00:00.000000000Z,80153
usdc_eth,2024-07-03T00:00:00.000000000Z,83013
usdc_eth,2024-07-04T00:00:00.000000000Z,92921
usdc_eth,2024-07-05T00:00:00.000000000Z,113762
usdc_eth,2024-07-06T00:00:00.000000000Z,75817
usdc_eth,2024-07-07T00:00:00.000000000Z,73792
usdc_eth,2024-07-08T00:00:00.000000000Z,97452
usdc_eth,2024-07-09T00:00:00.000000000Z,81953
usdc_eth,2024-07-10T00:00:00.000000000Z,78584
usdc_eth,2024-07-11T00:00:00.000000000Z,83670
usdc_eth,2024-07-12T00:00:00.000000000Z,85089
usdc_eth,2024-07-13T00:00:00.000000000Z,65853
usdc_eth,2024-07-14T00:00:00.000000000Z,66523
usdc_eth,2024-07-15T00:00:00.000000000Z,86396
usdc_eth,2024-07-16T00:00:00.000000000Z,82877
usdc_eth,2024-07-17T00:00:00.000000000Z,74369
usdc_eth,2024-07-18T00:00:00.000000000Z,70822
usdc_eth,2024-07-19T00:00:00.000000000Z,78818
usdc_eth,2024-07-20T00:00:00.000000000Z,67307
usdc_eth,2024-07-21T00:00:00.000000000Z,66690
usdc_eth,2024-07-22T00:00:00.000000000Z,77551
usdc_eth,2024-07-23T00:00:00.000000000Z,86417
usdc_eth,2024-07-24T00:00:00.000000000Z,79097
usdc_eth,2024-07-25T00:00:00.000000000Z,96345
usdc_eth,2024-07-26T00:00:00.000000000Z,85881
usdc_eth,2024-07-27T00:00:00.000000000Z,71894
usdc_eth,2024-07-28T00:00:00.000000000Z,66332
usdc_eth,2024-07-29T00:00:00.000000000Z,90780
usdc_eth,2024-07-30T00:00:00.000000000Z,78889
usdc_eth,2024-07-31T00:00:00.000000000Z,83549
usdc_eth,2024-08-01T00:00:00.000000000Z,90979
usdc_eth,2024-08-02T00:00:00.000000000Z,99152
usdc_eth,2024-01-16T00:00:00.000000000Z,57357
usdc_eth,2024-01-17T00:00:00.000000000Z,56475
usdc_eth,2024-01-18T00:00:00.000000000Z,65083
usdc_eth,2024-01-19T00:00:00.000000000Z,76142
usdc_eth,2024-01-20T00:00:00.000000000Z,56140
usdc_eth,2024-01-21T00:00:00.000000000Z,56271
usdc_eth,2024-01-22T00:00:00.000000000Z,82041
usdc_eth,2024-01-23T00:00:00.000000000Z,87532
usdc_eth,2024-01-24T00:00:00.000000000Z,70403
usdc_eth,2024-01-25T00:00:00.000000000Z,65807
usdc_eth,2024-01-26T00:00:00.000000000Z,65399
usdc_eth,2024-01-27T00:00:00.000000000Z,53703
usdc_eth,2024-01-28T00:00:00.000000000Z,53614
usdc_eth,2024-01-29T00:00:00.000000000Z,65826
usdc_eth,2024-01-30T00:00:00.000000000Z,65070
usdc_eth,2024-01-31T00:00:00.000000000Z,74895
usdc_eth,2024-02-01T00:00:00.000000000Z,67674
usdc_eth,2024-02-02T00:00:00.000000000Z,70872
usdc_eth,2024-02-03T00:00:00.000000000Z,48749
usdc_eth,2024-02-04T00:00:00.000000000Z,50872
usdc_eth,2024-02-05T00:00:00.000000000Z,66503
usdc_eth,2024-02-06T00:00:00.000000000Z,57046
usdc_eth,2024-02-07T00:00:00.000000000Z,56823
usdc_eth,2024-02-08T00:00:00.000000000Z,53059
usdc_eth,2024-02-09T00:00:00.000000000Z,50558
usdc_eth,2024-02-10T00:00:00.000000000Z,47916
usdc_eth,2024-02-11T00:00:00.000000000Z,49586
usdc_eth,2024-02-12T00:00:00.000000000Z,54676
usdc_eth,2024-02-13T00:00:00.000000000Z,64376
usdc_eth,2024-02-14T00:00:00.000000000Z,69966
usdc_eth,2024-02-15T00:00:00.000000000Z,68818
usdc_eth,2024-02-16T00:00:00.000000000Z,68668
usdc_eth,2024-02-17T00:00:00.000000000Z,56597
usdc_eth,2024-02-18T00:00:00.000000000Z,55905
usdc_eth,2024-02-19T00:00:00.000000000Z,70242
usdc_eth,2024-02-20T00:00:00.000000000Z,72832
usdc_eth,2024-02-21T00:00:00.000000000Z,63267
usdc_eth,2024-02-22T00:00:00.000000000Z,59096
usdc_eth,2024-02-23T00:00:00.000000000Z,61288
usdc_eth,2024-02-24T00:00:00.000000000Z,50646
usdc_eth,2024-02-25T00:00:00.000000000Z,54937
usdc_eth,2024-02-26T00:00:00.000000000Z,68635
usdc_eth,2024-02-27T00:00:00.000000000Z,73361
usdc_eth,2024-02-28T00:00:00.000000000Z,79505
usdc_eth,2024-02-29T00:00:00.000000000Z,78264
usdc_eth,2024-03-01T00:00:00.000000000Z,76477
usdc_eth,2024-03-02T00:00:00.000000000Z,61474
usdc_eth,2024-03-03T00:00:00.000000000Z,64242
usdc_eth,2024-03-04T00:00:00.000000000Z,75767
usdc_eth,2024-03-05T00:00:00.000000000Z,84386
usdc_eth,2024-03-06T00:00:00.000000000Z,77518
usdc_eth,2024-03-07T00:00:00.000000000Z,72136
usdc_eth,2024-03-08T00:00:00.000000000Z,70095
usdc_eth,2024-03-09T00:00:00.000000000Z,60142
usdc_eth,2024-03-10T00:00:00.000000000Z,61525
usdc_eth,2024-03-11T00:00:00.000000000Z,75169
usdc_eth,2024-03-12T00:00:00.000000000Z,74504
usdc_eth,2024-03-13T00:00:00.000000000Z,73553
usdc_eth,2024-03-14T00:00:00.000000000Z,81424
usdc_eth,2024-03-15T00:00:00.000000000Z,92767
usdc_eth,2024-03-16T00:00:00.000000000Z,74586
usdc_eth,2024-03-17T00:00:00.000000000Z,71854
usdc_eth,2024-03-18T00:00:00.000000000Z,77772
usdc_eth,2024-03-19T00:00:00.000000000Z,93815
usdc_eth,2024-03-20T00:00:00.000000000Z,87859
usdc_eth,2024-03-21T00:00:00.000000000Z,73591
usdc_eth,2024-03-22T00:00:00.000000000Z,73565
usdc_eth,2024-03-23T00:00:00.000000000Z,59782
usdc_eth,2024-03-24T00:00:00.000000000Z,59756
usdc_eth,2024-03-25T00:00:00.000000000Z,76970
usdc_eth,2024-03-26T00:00:00.000000000Z,75394
usdc_eth,2024-03-27T00:00:00.000000000Z,74526
usdc_eth,2024-03-28T00:00:00.000000000Z,74089
usdc_eth,2024-03-29T00:00:00.000000000Z,73526
usdc_eth,2024-03-30T00:00:00.000000000Z,62324
usdc_eth,2024-03-31T00:00:00.000000000Z,61579
usdc_eth,2024-04-01T00:00:00.000000000Z,77285
usdc_eth,2024-04-02T00:00:00.000000000Z,94235
usdc_eth,2024-04-03T00:00:00.000000000Z,77470
usdc_eth,2024-04-04T00:00:00.000000000Z,81323
usdc_eth,2024-04-05T00:00:00.000000000Z,79058
usdc_eth,2024-04-06T00:00:00.000000000Z,60016
usdc_eth,2024-04-07T00:00:00.000000000Z,58872
usdc_eth,2024-04-08T00:00:00.000000000Z,75594
usdc_eth,2024-04-09T00:00:00.000000000Z,76387
usdc_eth,2024-04-10T00:00:00.000000000Z,80291
usdc_eth,2024-04-11T00:00:00.000000000Z,77708
usdc_eth,2024-04-12T00:00:00.000000000Z,89153
usdc_eth,2024-04-13T00:00:00.000000000Z,93305
usdc_eth,2024-04-14T00:00:00.000000000Z,93176
usdc_eth,2024-04-15T00:00:00.000000000Z,92136
usdc_eth,2024-04-16T00:00:00.000000000Z,91900
usdc_eth,2024-04-17T00:00:00.000000000Z,78740
usdc_eth,2024-04-18T00:00:00.000000000Z,83003
usdc_eth,2024-04-19T00:00:00.000000000Z,91285
usdc_eth,2024-04-20T00:00:00.000000000Z,66328
usdc_eth,2024-04-21T00:00:00.000000000Z,64967
usdc_eth,2024-04-22T00:00:00.000000000Z,77078
usdc_eth,2024-04-23T00:00:00.000000000Z,74037
usdc_eth,2024-04-24T00:00:00.000000000Z,76832
usdc_eth,2023-10-08T00:00:00.000000000Z,36323
usdc_eth,2023-10-09T00:00:00.000000000Z,51002
usdc_eth,2023-10-10T00:00:00.000000000Z,48151
usdc_eth,2023-10-11T00:00:00.000000000Z,52944
usdc_eth,2023-10-12T00:00:00.000000000Z,54792
usdc_eth,2023-10-13T00:00:00.000000000Z,51631
usdc_eth,2023-10-14T00:00:00.000000000Z,42336
usdc_eth,2023-10-15T00:00:00.000000000Z,39701
usdc_eth,2023-10-16T00:00:00.000000000Z,60839
usdc_eth,2023-10-17T00:00:00.000000000Z,54083
usdc_eth,2023-10-18T00:00:00.000000000Z,53731
usdc_eth,2023-10-19T00:00:00.000000000Z,53291
usdc_eth,2023-10-20T00:00:00.000000000Z,57502
usdc_eth,2023-10-21T00:00:00.000000000Z,48878
usdc_eth,2023-10-22T00:00:00.000000000Z,49146
usdc_eth,2023-10-23T00:00:00.000000000Z,70349
usdc_eth,2023-10-24T00:00:00.000000000Z,80065
usdc_eth,2023-10-25T00:00:00.000000000Z,70225
usdc_eth,2023-10-26T00:00:00.000000000Z,65023
usdc_eth,2023-10-27T00:00:00.000000000Z,58118
usdc_eth,2023-10-28T00:00:00.000000000Z,44873
usdc_eth,2023-10-29T00:00:00.000000000Z,42870
usdc_eth,2023-10-30T00:00:00.000000000Z,56930
usdc_eth,2023-10-31T00:00:00.000000000Z,61422
usdc_eth,2023-11-01T00:00:00.000000000Z,64038
usdc_eth,2023-11-02T00:00:00.000000000Z,65891
usdc_eth,2023-11-03T00:00:00.000000000Z,58310
usdc_eth,2023-11-04T00:00:00.000000000Z,46933
usdc_eth,2023-11-05T00:00:00.000000000Z,51228
usdc_eth,2023-11-06T00:00:00.000000000Z,55155
usdc_eth,2023-11-07T00:00:00.000000000Z,59878
usdc_eth,2023-11-08T00:00:00.000000000Z,53475
usdc_eth,2023-11-09T00:00:00.000000000Z,73792
usdc_eth,2023-11-10T00:00:00.000000000Z,66843
usdc_eth,2023-11-11T00:00:00.000000000Z,54747
usdc_eth,2023-11-12T00:00:00.000000000Z,48848
usdc_eth,2023-11-13T00:00:00.000000000Z,55546
usdc_eth,2023-11-14T00:00:00.000000000Z,58789
usdc_eth,2023-11-15T00:00:00.000000000Z,61404
usdc_eth,2023-11-16T00:00:00.000000000Z,63310
usdc_eth,2023-11-17T00:00:00.000000000Z,59656
usdc_eth,2023-11-18T00:00:00.000000000Z,49418
usdc_eth,2023-11-19T00:00:00.000000000Z,48557
usdc_eth,2023-11-20T00:00:00.000000000Z,59004
usdc_eth,2023-11-21T00:00:00.000000000Z,68425
usdc_eth,2023-11-22T00:00:00.000000000Z,60799
usdc_eth,2023-11-23T00:00:00.000000000Z,49636
usdc_eth,2023-11-24T00:00:00.000000000Z,54185
usdc_eth,2023-11-25T00:00:00.000000000Z,44894
usdc_eth,2023-11-26T00:00:00.000000000Z,44469
usdc_eth,2023-11-27T00:00:00.000000000Z,55683
usdc_eth,2023-11-28T00:00:00.000000000Z,55241
usdc_eth,2023-11-29T00:00:00.000000000Z,54405
usdc_eth,2023-11-30T00:00:00.000000000Z,54449
usdc_eth,2023-12-01T00:00:00.000000000Z,59493
usdc_eth,2023-12-02T00:00:00.000000000Z,50769
usdc_eth,2023-12-03T00:00:00.000000000Z,50271
usdc_eth,2023-12-04T00:00:00.000000000Z,70200
usdc_eth,2023-12-05T00:00:00.000000000Z,65934
usdc_eth,2023-12-06T00:00:00.000000000Z,64375
usdc_eth,2023-12-07T00:00:00.000000000Z,65750
usdc_eth,2023-12-08T00:00:00.000000000Z,72370
usdc_eth,2023-12-09T00:00:00.000000000Z,62951
usdc_eth,2023-12-10T00:00:00.000000000Z,56116
usdc_eth,2023-12-11T00:00:00.000000000Z,77554
usdc_eth,2023-12-12T00:00:00.000000000Z,63071
usdc_eth,2023-12-13T00:00:00.000000000Z,60182
usdc_eth,2023-12-14T00:00:00.000000000Z,64487
usdc_eth,2023-12-15T00:00:00.000000000Z,67874
usdc_eth,2023-12-16T00:00:00.000000000Z,51154
usdc_eth,2023-12-17T00:00:00.000000000Z,49782
usdc_eth,2023-12-18T00:00:00.000000000Z,66934
usdc_eth,2023-12-19T00:00:00.000000000Z,59290
usdc_eth,2023-12-20T00:00:00.000000000Z,59978
usdc_eth,2023-12-21T00:00:00.000000000Z,72872
usdc_eth,2023-12-22T00:00:00.000000000Z,77981
usdc_eth,2023-12-23T00:00:00.000000000Z,64009
usdc_eth,2023-12-24T00:00:00.000000000Z,66011
usdc_eth,2023-12-25T00:00:00.000000000Z,63279
usdc_eth,2023-12-26T00:00:00.000000000Z,72659
usdc_eth,2023-12-27T00:00:00.000000000Z,69711
usdc_eth,2023-12-28T00:00:00.000000000Z,75452
usdc_eth,2023-12-29T00:00:00.000000000Z,73382
usdc_eth,2023-12-30T00:00:00.000000000Z,59718
usdc_eth,2023-12-31T00:00:00.000000000Z,62108
usdc_eth,2024-01-01T00:00:00.000000000Z,64430
usdc_eth,2024-01-02T00:00:00.000000000Z,80874
usdc_eth,2024-01-03T00:00:00.000000000Z,78823
usdc_eth,2024-01-04T00:00:00.000000000Z,75093
usdc_eth,2024-01-05T00:00:00.000000000Z,71805
usdc_eth,2024-01-06T00:00:00.000000000Z,54763
usdc_eth,2024-01-07T00:00:00.000000000Z,44737
usdc_eth,2024-01-08T00:00:00.000000000Z,76674
usdc_eth,2024-01-09T00:00:00.000000000Z,77676
usdc_eth,2024-01-10T00:00:00.000000000Z,74012
usdc_eth,2024-01-11T00:00:00.000000000Z,80640
usdc_eth,2024-01-12T00:00:00.000000000Z,79689
usdc_eth,2024-01-13T00:00:00.000000000Z,58886
usdc_eth,2024-01-14T00:00:00.000000000Z,49484
usdc_eth,2024-01-15T00:00:00.000000000Z,61917
usdc_eth,2023-06-30T00:00:00.000000000Z,63877
usdc_eth,2023-07-01T00:00:00.000000000Z,45327
usdc_eth,2023-07-02T00:00:00.000000000Z,39755
usdc_eth,2023-07-03T00:00:00.000000000Z,57621
usdc_eth,2023-07-04T00:00:00.000000000Z,47663
usdc_eth,2023-07-05T00:00:00.000000000Z,41395
usdc_eth,2023-07-06T00:00:00.000000000Z,47336
usdc_eth,2023-07-07T00:00:00.000000000Z,54341
usdc_eth,2023-07-08T00:00:00.000000000Z,43971
usdc_eth,2023-07-09T00:00:00.000000000Z,40858
usdc_eth,2023-07-10T00:00:00.000000000Z,51111
usdc_eth,2023-07-11T00:00:00.000000000Z,46427
usdc_eth,2023-07-12T00:00:00.000000000Z,46751
usdc_eth,2023-07-13T00:00:00.000000000Z,56974
usdc_eth,2023-07-14T00:00:00.000000000Z,61773
usdc_eth,2023-07-15T00:00:00.000000000Z,40454
usdc_eth,2023-07-16T00:00:00.000000000Z,38105
usdc_eth,2023-07-17T00:00:00.000000000Z,49396
usdc_eth,2023-07-18T00:00:00.000000000Z,46064
usdc_eth,2023-07-19T00:00:00.000000000Z,46430
usdc_eth,2023-07-20T00:00:00.000000000Z,48873
usdc_eth,2023-07-21T00:00:00.000000000Z,60093
usdc_eth,2023-07-22T00:00:00.000000000Z,55298
usdc_eth,2023-07-23T00:00:00.000000000Z,35774
usdc_eth,2023-07-24T00:00:00.000000000Z,48326
usdc_eth,2023-07-25T00:00:00.000000000Z,41376
usdc_eth,2023-07-26T00:00:00.000000000Z,49057
usdc_eth,2023-07-27T00:00:00.000000000Z,38762
usdc_eth,2023-07-28T00:00:00.000000000Z,36361
usdc_eth,2023-07-29T00:00:00.000000000Z,29599
usdc_eth,2023-07-30T00:00:00.000000000Z,36571
usdc_eth,2023-07-31T00:00:00.000000000Z,64238
usdc_eth,2023-08-01T00:00:00.000000000Z,57641
usdc_eth,2023-08-02T00:00:00.000000000Z,47121
usdc_eth,2023-08-03T00:00:00.000000000Z,44843
usdc_eth,2023-08-04T00:00:00.000000000Z,43477
usdc_eth,2023-08-05T00:00:00.000000000Z,31189
usdc_eth,2023-08-06T00:00:00.000000000Z,33015
usdc_eth,2023-08-07T00:00:00.000000000Z,42719
usdc_eth,2023-08-08T00:00:00.000000000Z,48331
usdc_eth,2023-08-09T00:00:00.000000000Z,43649
usdc_eth,2023-08-10T00:00:00.000000000Z,41144
usdc_eth,2023-08-11T00:00:00.000000000Z,40136
usdc_eth,2023-08-12T00:00:00.000000000Z,31871
usdc_eth,2023-08-13T00:00:00.000000000Z,33048
usdc_eth,2023-08-14T00:00:00.000000000Z,42449
usdc_eth,2023-08-15T00:00:00.000000000Z,44801
usdc_eth,2023-08-16T00:00:00.000000000Z,45033
usdc_eth,2023-08-17T00:00:00.000000000Z,59701
usdc_eth,2023-08-18T00:00:00.000000000Z,58798
usdc_eth,2023-08-19T00:00:00.000000000Z,39537
usdc_eth,2023-08-20T00:00:00.000000000Z,32196
usdc_eth,2023-08-21T00:00:00.000000000Z,42486
usdc_eth,2023-08-22T00:00:00.000000000Z,47526
usdc_eth,2023-08-23T00:00:00.000000000Z,44669
usdc_eth,2023-08-24T00:00:00.000000000Z,41361
usdc_eth,2023-08-25T00:00:00.000000000Z,41831
usdc_eth,2023-08-26T00:00:00.000000000Z,31778
usdc_eth,2023-08-27T00:00:00.000000000Z,41343
usdc_eth,2023-08-28T00:00:00.000000000Z,38852
usdc_eth,2023-08-29T00:00:00.000000000Z,46404
usdc_eth,2023-08-30T00:00:00.000000000Z,40545
usdc_eth,2023-08-31T00:00:00.000000000Z,48144
usdc_eth,2023-09-01T00:00:00.000000000Z,50711
usdc_eth,2023-09-02T00:00:00.000000000Z,34652
usdc_eth,2023-09-03T00:00:00.000000000Z,30940
usdc_eth,2023-09-04T00:00:00.000000000Z,40155
usdc_eth,2023-09-05T00:00:00.000000000Z,43983
usdc_eth,2023-09-06T00:00:00.000000000Z,42235
usdc_eth,2023-09-07T00:00:00.000000000Z,39380
usdc_eth,2023-09-08T00:00:00.000000000Z,42245
usdc_eth,2023-09-09T00:00:00.000000000Z,29751
usdc_eth,2023-09-10T00:00:00.000000000Z,33342
usdc_eth,2023-09-11T00:00:00.000000000Z,49220
usdc_eth,2023-09-12T00:00:00.000000000Z,47604
usdc_eth,2023-09-13T00:00:00.000000000Z,40814
usdc_eth,2023-09-14T00:00:00.000000000Z,40622
usdc_eth,2023-09-15T00:00:00.000000000Z,43527
usdc_eth,2023-09-16T00:00:00.000000000Z,35742
usdc_eth,2023-09-17T00:00:00.000000000Z,31543
usdc_eth,2023-09-18T00:00:00.000000000Z,44478
usdc_eth,2023-09-19T00:00:00.000000000Z,44356
usdc_eth,2023-09-20T00:00:00.000000000Z,41707
usdc_eth,2023-09-21T00:00:00.000000000Z,44544
usdc_eth,2023-09-22T00:00:00.000000000Z,43956
usdc_eth,2023-09-23T00:00:00.000000000Z,32164
usdc_eth,2023-09-24T00:00:00.000000000Z,34819
usdc_eth,2023-09-25T00:00:00.000000000Z,45403
usdc_eth,2023-09-26T00:00:00.000000000Z,42354
usdc_eth,2023-09-27T00:00:00.000000000Z,44983
usdc_eth,2023-09-28T00:00:00.000000000Z,48448
usdc_eth,2023-09-29T00:00:00.000000000Z,51122
usdc_eth,2023-09-30T00:00:00.000000000Z,39858
usdc_eth,2023-10-01T00:00:00.000000000Z,41360
usdc_eth,2023-10-02T00:00:00.000000000Z,58468
usdc_eth,2023-10-03T00:00:00.000000000Z,49088
usdc_eth,2023-10-04T00:00:00.000000000Z,53073
usdc_eth,2023-10-05T00:00:00.000000000Z,52054
usdc_eth,2023-10-06T00:00:00.000000000Z,52568
usdc_eth,2023-10-07T00:00:00.000000000Z,36899
usdc_eth,2023-03-22T00:00:00.000000000Z,75163
usdc_eth,2023-03-23T00:00:00.000000000Z,76471
usdc_eth,2023-03-24T00:00:00.000000000Z,72061
usdc_eth,2023-03-25T00:00:00.000000000Z,58256
usdc_eth,2023-03-26T00:00:00.000000000Z,66471
usdc_eth,2023-03-27T00:00:00.000000000Z,79817
usdc_eth,2023-03-28T00:00:00.000000000Z,76964
usdc_eth,2023-03-29T00:00:00.000000000Z,65672
usdc_eth,2023-03-30T00:00:00.000000000Z,62503
usdc_eth,2023-03-31T00:00:00.000000000Z,67799
usdc_eth,2023-04-01T00:00:00.000000000Z,54322
usdc_eth,2023-04-02T00:00:00.000000000Z,48472
usdc_eth,2023-04-03T00:00:00.000000000Z,64025
usdc_eth,2023-04-04T00:00:00.000000000Z,59644
usdc_eth,2023-04-05T00:00:00.000000000Z,59791
usdc_eth,2023-04-06T00:00:00.000000000Z,57485
usdc_eth,2023-04-07T00:00:00.000000000Z,57087
usdc_eth,2023-04-08T00:00:00.000000000Z,44796
usdc_eth,2023-04-09T00:00:00.000000000Z,41194
usdc_eth,2023-04-10T00:00:00.000000000Z,54663
usdc_eth,2023-04-11T00:00:00.000000000Z,61674
usdc_eth,2023-04-12T00:00:00.000000000Z,58372
usdc_eth,2023-04-13T00:00:00.000000000Z,54215
usdc_eth,2023-04-14T00:00:00.000000000Z,69578
usdc_eth,2023-04-15T00:00:00.000000000Z,46956
usdc_eth,2023-04-16T00:00:00.000000000Z,44196
usdc_eth,2023-04-17T00:00:00.000000000Z,55748
usdc_eth,2023-04-18T00:00:00.000000000Z,51478
usdc_eth,2023-04-19T00:00:00.000000000Z,53486
usdc_eth,2023-04-20T00:00:00.000000000Z,51205
usdc_eth,2023-04-21T00:00:00.000000000Z,64109
usdc_eth,2023-04-22T00:00:00.000000000Z,37930
usdc_eth,2023-04-23T00:00:00.000000000Z,34301
usdc_eth,2023-04-24T00:00:00.000000000Z,44482
usdc_eth,2023-04-25T00:00:00.000000000Z,48483
usdc_eth,2023-04-26T00:00:00.000000000Z,55320
usdc_eth,2023-04-27T00:00:00.000000000Z,48422
usdc_eth,2023-04-28T00:00:00.000000000Z,44802
usdc_eth,2023-04-29T00:00:00.000000000Z,35470
usdc_eth,2023-04-30T00:00:00.000000000Z,40415
usdc_eth,2023-05-01T00:00:00.000000000Z,53634
usdc_eth,2023-05-02T00:00:00.000000000Z,49093
usdc_eth,2023-05-03T00:00:00.000000000Z,46829
usdc_eth,2023-05-04T00:00:00.000000000Z,45440
usdc_eth,2023-05-05T00:00:00.000000000Z,44716
usdc_eth,2023-05-06T00:00:00.000000000Z,36589
usdc_eth,2023-05-07T00:00:00.000000000Z,29394
usdc_eth,2023-05-08T00:00:00.000000000Z,49183
usdc_eth,2023-05-09T00:00:00.000000000Z,41379
usdc_eth,2023-05-10T00:00:00.000000000Z,40623
usdc_eth,2023-05-11T00:00:00.000000000Z,42086
usdc_eth,2023-05-12T00:00:00.000000000Z,45532
usdc_eth,2023-05-13T00:00:00.000000000Z,44254
usdc_eth,2023-05-14T00:00:00.000000000Z,29997
usdc_eth,2023-05-15T00:00:00.000000000Z,38538
usdc_eth,2023-05-16T00:00:00.000000000Z,42987
usdc_eth,2023-05-17T00:00:00.000000000Z,48803
usdc_eth,2023-05-18T00:00:00.000000000Z,42949
usdc_eth,2023-05-19T00:00:00.000000000Z,41263
usdc_eth,2023-05-20T00:00:00.000000000Z,31503
usdc_eth,2023-05-21T00:00:00.000000000Z,34922
usdc_eth,2023-05-22T00:00:00.000000000Z,44970
usdc_eth,2023-05-23T00:00:00.000000000Z,42867
usdc_eth,2023-05-24T00:00:00.000000000Z,46784
usdc_eth,2023-05-25T00:00:00.000000000Z,43211
usdc_eth,2023-05-26T00:00:00.000000000Z,40931
usdc_eth,2023-05-27T00:00:00.000000000Z,30799
usdc_eth,2023-05-28T00:00:00.000000000Z,32008
usdc_eth,2023-05-29T00:00:00.000000000Z,37053
usdc_eth,2023-05-30T00:00:00.000000000Z,45706
usdc_eth,2023-05-31T00:00:00.000000000Z,44332
usdc_eth,2023-06-01T00:00:00.000000000Z,40130
usdc_eth,2023-06-02T00:00:00.000000000Z,42546
usdc_eth,2023-06-03T00:00:00.000000000Z,30825
usdc_eth,2023-06-04T00:00:00.000000000Z,29192
usdc_eth,2023-06-05T00:00:00.000000000Z,48048
usdc_eth,2023-06-06T00:00:00.000000000Z,46373
usdc_eth,2023-06-07T00:00:00.000000000Z,43957
usdc_eth,2023-06-08T00:00:00.000000000Z,56534
usdc_eth,2023-06-09T00:00:00.000000000Z,44285
usdc_eth,2023-06-10T00:00:00.000000000Z,86814
usdc_eth,2023-06-11T00:00:00.000000000Z,40967
usdc_eth,2023-06-12T00:00:00.000000000Z,46966
usdc_eth,2023-06-13T00:00:00.000000000Z,47523
usdc_eth,2023-06-14T00:00:00.000000000Z,51900
usdc_eth,2023-06-15T00:00:00.000000000Z,66374
usdc_eth,2023-06-16T00:00:00.000000000Z,49159
usdc_eth,2023-06-17T00:00:00.000000000Z,34558
usdc_eth,2023-06-18T00:00:00.000000000Z,27857
usdc_eth,2023-06-19T00:00:00.000000000Z,37174
usdc_eth,2023-06-20T00:00:00.000000000Z,46550
usdc_eth,2023-06-21T00:00:00.000000000Z,57722
usdc_eth,2023-06-22T00:00:00.000000000Z,50280
usdc_eth,2023-06-23T00:00:00.000000000Z,47105
usdc_eth,2023-06-24T00:00:00.000000000Z,35860
usdc_eth,2023-06-25T00:00:00.000000000Z,37127
usdc_eth,2023-06-26T00:00:00.000000000Z,47092
usdc_eth,2023-06-27T00:00:00.000000000Z,53158
usdc_eth,2023-06-28T00:00:00.000000000Z,53662
usdc_eth,2023-06-29T00:00:00.000000000Z,45982
usdc_eth,2022-12-12T00:00:00.000000000Z,70444
usdc_eth,2022-12-13T00:00:00.000000000Z,90277
usdc_eth,2022-12-14T00:00:00.000000000Z,71461
usdc_eth,2022-12-15T00:00:00.000000000Z,69719
usdc_eth,2022-12-16T00:00:00.000000000Z,83826
usdc_eth,2022-12-17T00:00:00.000000000Z,65872
usdc_eth,2022-12-18T00:00:00.000000000Z,45219
usdc_eth,2022-12-19T00:00:00.000000000Z,66703
usdc_eth,2022-12-20T00:00:00.000000000Z,69129
usdc_eth,2022-12-21T00:00:00.000000000Z,63364
usdc_eth,2022-12-22T00:00:00.000000000Z,61745
usdc_eth,2022-12-23T00:00:00.000000000Z,60980
usdc_eth,2022-12-24T00:00:00.000000000Z,45004
usdc_eth,2022-12-25T00:00:00.000000000Z,37767
usdc_eth,2022-12-26T00:00:00.000000000Z,53402
usdc_eth,2022-12-27T00:00:00.000000000Z,58154
usdc_eth,2022-12-28T00:00:00.000000000Z,63514
usdc_eth,2022-12-29T00:00:00.000000000Z,66643
usdc_eth,2022-12-30T00:00:00.000000000Z,65911
usdc_eth,2022-12-31T00:00:00.000000000Z,57172
usdc_eth,2023-01-01T00:00:00.000000000Z,42543
usdc_eth,2023-01-02T00:00:00.000000000Z,54334
usdc_eth,2023-01-03T00:00:00.000000000Z,59474
usdc_eth,2023-01-04T00:00:00.000000000Z,68902
usdc_eth,2023-01-05T00:00:00.000000000Z,61260
usdc_eth,2023-01-06T00:00:00.000000000Z,63274
usdc_eth,2023-01-07T00:00:00.000000000Z,51462
usdc_eth,2023-01-08T00:00:00.000000000Z,47047
usdc_eth,2023-01-09T00:00:00.000000000Z,76898
usdc_eth,2023-01-10T00:00:00.000000000Z,67924
usdc_eth,2023-01-11T00:00:00.000000000Z,69392
usdc_eth,2023-01-12T00:00:00.000000000Z,87531
usdc_eth,2023-01-13T00:00:00.000000000Z,76946
usdc_eth,2023-01-14T00:00:00.000000000Z,91526
usdc_eth,2023-01-15T00:00:00.000000000Z,66128
usdc_eth,2023-01-16T00:00:00.000000000Z,81132
usdc_eth,2023-01-17T00:00:00.000000000Z,72092
usdc_eth,2023-01-18T00:00:00.000000000Z,82053
usdc_eth,2023-01-19T00:00:00.000000000Z,69495
usdc_eth,2023-01-20T00:00:00.000000000Z,81808
usdc_eth,2023-01-21T00:00:00.000000000Z,73323
usdc_eth,2023-01-22T00:00:00.000000000Z,65562
usdc_eth,2023-01-23T00:00:00.000000000Z,70215
usdc_eth,2023-01-24T00:00:00.000000000Z,72954
usdc_eth,2023-01-25T00:00:00.000000000Z,78015
usdc_eth,2023-01-26T00:00:00.000000000Z,70994
usdc_eth,2023-01-27T00:00:00.000000000Z,76241
usdc_eth,2023-01-28T00:00:00.000000000Z,56888
usdc_eth,2023-01-29T00:00:00.000000000Z,59743
usdc_eth,2023-01-30T00:00:00.000000000Z,79463
usdc_eth,2023-01-31T00:00:00.000000000Z,73560
usdc_eth,2023-02-01T00:00:00.000000000Z,89833
usdc_eth,2023-02-02T00:00:00.000000000Z,103081
usdc_eth,2023-02-03T00:00:00.000000000Z,78368
usdc_eth,2023-02-04T00:00:00.000000000Z,69488
usdc_eth,2023-02-05T00:00:00.000000000Z,66760
usdc_eth,2023-02-06T00:00:00.000000000Z,78321
usdc_eth,2023-02-07T00:00:00.000000000Z,88872
usdc_eth,2023-02-08T00:00:00.000000000Z,83834
usdc_eth,2023-02-09T00:00:00.000000000Z,89421
usdc_eth,2023-02-10T00:00:00.000000000Z,82998
usdc_eth,2023-02-11T00:00:00.000000000Z,58828
usdc_eth,2023-02-12T00:00:00.000000000Z,61390
usdc_eth,2023-02-13T00:00:00.000000000Z,90619
usdc_eth,2023-02-14T00:00:00.000000000Z,90876
usdc_eth,2023-02-15T00:00:00.000000000Z,93698
usdc_eth,2023-02-16T00:00:00.000000000Z,97665
usdc_eth,2023-02-17T00:00:00.000000000Z,78492
usdc_eth,2023-02-18T00:00:00.000000000Z,65873
usdc_eth,2023-02-19T00:00:00.000000000Z,74059
usdc_eth,2023-02-20T00:00:00.000000000Z,78954
usdc_eth,2023-02-21T00:00:00.000000000Z,83021
usdc_eth,2023-02-22T00:00:00.000000000Z,80854
usdc_eth,2023-02-23T00:00:00.000000000Z,68948
usdc_eth,2023-02-24T00:00:00.000000000Z,72601
usdc_eth,2023-02-25T00:00:00.000000000Z,57767
usdc_eth,2023-02-26T00:00:00.000000000Z,54820
usdc_eth,2023-02-27T00:00:00.000000000Z,72523
usdc_eth,2023-02-28T00:00:00.000000000Z,74406
usdc_eth,2023-03-01T00:00:00.000000000Z,82558
usdc_eth,2023-03-02T00:00:00.000000000Z,78717
usdc_eth,2023-03-03T00:00:00.000000000Z,80395
usdc_eth,2023-03-04T00:00:00.000000000Z,52153
usdc_eth,2023-03-05T00:00:00.000000000Z,49302
usdc_eth,2023-03-06T00:00:00.000000000Z,61357
usdc_eth,2023-03-07T00:00:00.000000000Z,70009
usdc_eth,2023-03-08T00:00:00.000000000Z,67063
usdc_eth,2023-03-09T00:00:00.000000000Z,84396
usdc_eth,2023-03-10T00:00:00.000000000Z,139872
usdc_eth,2023-03-11T00:00:00.000000000Z,303257
usdc_eth,2023-03-12T00:00:00.000000000Z,114412
usdc_eth,2023-03-13T00:00:00.000000000Z,107176
usdc_eth,2023-03-14T00:00:00.000000000Z,89832
usdc_eth,2023-03-15T00:00:00.000000000Z,74768
usdc_eth,2023-03-16T00:00:00.000000000Z,65152
usdc_eth,2023-03-17T00:00:00.000000000Z,73208
usdc_eth,2023-03-18T00:00:00.000000000Z,65844
usdc_eth,2023-03-19T00:00:00.000000000Z,59542
usdc_eth,2023-03-20T00:00:00.000000000Z,70913
usdc_eth,2023-03-21T00:00:00.000000000Z,72141
usdc_eth,2022-09-03T00:00:00.000000000Z,57115
usdc_eth,2022-09-04T00:00:00.000000000Z,58148
usdc_eth,2022-09-05T00:00:00.000000000Z,66404
usdc_eth,2022-09-06T00:00:00.000000000Z,82155
usdc_eth,2022-09-07T00:00:00.000000000Z,74629
usdc_eth,2022-09-08T00:00:00.000000000Z,66586
usdc_eth,2022-09-09T00:00:00.000000000Z,69934
usdc_eth,2022-09-10T00:00:00.000000000Z,60722
usdc_eth,2022-09-11T00:00:00.000000000Z,58925
usdc_eth,2022-09-12T00:00:00.000000000Z,64807
usdc_eth,2022-09-13T00:00:00.000000000Z,83698
usdc_eth,2022-09-14T00:00:00.000000000Z,77972
usdc_eth,2022-09-15T00:00:00.000000000Z,85284
usdc_eth,2022-09-16T00:00:00.000000000Z,76322
usdc_eth,2022-09-17T00:00:00.000000000Z,61570
usdc_eth,2022-09-18T00:00:00.000000000Z,74151
usdc_eth,2022-09-19T00:00:00.000000000Z,90908
usdc_eth,2022-09-20T00:00:00.000000000Z,84386
usdc_eth,2022-09-21T00:00:00.000000000Z,83551
usdc_eth,2022-09-22T00:00:00.000000000Z,81731
usdc_eth,2022-09-23T00:00:00.000000000Z,86411
usdc_eth,2022-09-24T00:00:00.000000000Z,67822
usdc_eth,2022-09-25T00:00:00.000000000Z,65523
usdc_eth,2022-09-26T00:00:00.000000000Z,80706
usdc_eth,2022-09-27T00:00:00.000000000Z,81081
usdc_eth,2022-09-28T00:00:00.000000000Z,76668
usdc_eth,2022-09-29T00:00:00.000000000Z,74442
usdc_eth,2022-09-30T00:00:00.000000000Z,73763
usdc_eth,2022-10-01T00:00:00.000000000Z,64163
usdc_eth,2022-10-02T00:00:00.000000000Z,63485
usdc_eth,2022-10-03T00:00:00.000000000Z,64112
usdc_eth,2022-10-04T00:00:00.000000000Z,69899
usdc_eth,2022-10-05T00:00:00.000000000Z,64564
usdc_eth,2022-10-06T00:00:00.000000000Z,65819
usdc_eth,2022-10-07T00:00:00.000000000Z,61232
usdc_eth,2022-10-08T00:00:00.000000000Z,48943
usdc_eth,2022-10-09T00:00:00.000000000Z,40703
usdc_eth,2022-10-10T00:00:00.000000000Z,55476
usdc_eth,2022-10-11T00:00:00.000000000Z,61866
usdc_eth,2022-10-12T00:00:00.000000000Z,58189
usdc_eth,2022-10-13T00:00:00.000000000Z,70827
usdc_eth,2022-10-14T00:00:00.000000000Z,59215
usdc_eth,2022-10-15T00:00:00.000000000Z,42174
usdc_eth,2022-10-16T00:00:00.000000000Z,45562
usdc_eth,2022-10-17T00:00:00.000000000Z,70889
usdc_eth,2022-10-18T00:00:00.000000000Z,59720
usdc_eth,2022-10-19T00:00:00.000000000Z,54863
usdc_eth,2022-10-20T00:00:00.000000000Z,54284
usdc_eth,2022-10-21T00:00:00.000000000Z,53767
usdc_eth,2022-10-22T00:00:00.000000000Z,42771
usdc_eth,2022-10-23T00:00:00.000000000Z,48369
usdc_eth,2022-10-24T00:00:00.000000000Z,62755
usdc_eth,2022-10-25T00:00:00.000000000Z,71191
usdc_eth,2022-10-26T00:00:00.000000000Z,81598
usdc_eth,2022-10-27T00:00:00.000000000Z,77537
usdc_eth,2022-10-28T00:00:00.000000000Z,69887
usdc_eth,2022-10-29T00:00:00.000000000Z,71634
usdc_eth,2022-10-30T00:00:00.000000000Z,64180
usdc_eth,2022-10-31T00:00:00.000000000Z,82565
usdc_eth,2022-11-01T00:00:00.000000000Z,76227
usdc_eth,2022-11-02T00:00:00.000000000Z,83098
usdc_eth,2022-11-03T00:00:00.000000000Z,72495
usdc_eth,2022-11-04T00:00:00.000000000Z,81515
usdc_eth,2022-11-05T00:00:00.000000000Z,61990
usdc_eth,2022-11-06T00:00:00.000000000Z,72654
usdc_eth,2022-11-07T00:00:00.000000000Z,90762
usdc_eth,2022-11-08T00:00:00.000000000Z,129488
usdc_eth,2022-11-09T00:00:00.000000000Z,189596
usdc_eth,2022-11-10T00:00:00.000000000Z,162660
usdc_eth,2022-11-11T00:00:00.000000000Z,116690
usdc_eth,2022-11-12T00:00:00.000000000Z,85665
usdc_eth,2022-11-13T00:00:00.000000000Z,100832
usdc_eth,2022-11-14T00:00:00.000000000Z,128930
usdc_eth,2022-11-15T00:00:00.000000000Z,106430
usdc_eth,2022-11-16T00:00:00.000000000Z,90772
usdc_eth,2022-11-17T00:00:00.000000000Z,88418
usdc_eth,2022-11-18T00:00:00.000000000Z,77171
usdc_eth,2022-11-19T00:00:00.000000000Z,70762
usdc_eth,2022-11-20T00:00:00.000000000Z,93137
usdc_eth,2022-11-21T00:00:00.000000000Z,112700
usdc_eth,2022-11-22T00:00:00.000000000Z,100895
usdc_eth,2022-11-23T00:00:00.000000000Z,85588
usdc_eth,2022-11-24T00:00:00.000000000Z,84461
usdc_eth,2022-11-25T00:00:00.000000000Z,71756
usdc_eth,2022-11-26T00:00:00.000000000Z,68140
usdc_eth,2022-11-27T00:00:00.000000000Z,66018
usdc_eth,2022-11-28T00:00:00.000000000Z,83535
usdc_eth,2022-11-29T00:00:00.000000000Z,78671
usdc_eth,2022-11-30T00:00:00.000000000Z,102443
usdc_eth,2022-12-01T00:00:00.000000000Z,83520
usdc_eth,2022-12-02T00:00:00.000000000Z,74211
usdc_eth,2022-12-03T00:00:00.000000000Z,59414
usdc_eth,2022-12-04T00:00:00.000000000Z,58755
usdc_eth,2022-12-05T00:00:00.000000000Z,72246
usdc_eth,2022-12-06T00:00:00.000000000Z,64345
usdc_eth,2022-12-07T00:00:00.000000000Z,65122
usdc_eth,2022-12-08T00:00:00.000000000Z,64145
usdc_eth,2022-12-09T00:00:00.000000000Z,53726
usdc_eth,2022-12-10T00:00:00.000000000Z,43058
usdc_eth,2022-12-11T00:00:00.000000000Z,44408
usdc_eth,2022-05-26T00:00:00.000000000Z,65505
usdc_eth,2022-05-27T00:00:00.000000000Z,72530
usdc_eth,2022-05-28T00:00:00.000000000Z,50964
usdc_eth,2022-05-29T00:00:00.000000000Z,44988
usdc_eth,2022-05-30T00:00:00.000000000Z,60914
usdc_eth,2022-05-31T00:00:00.000000000Z,62596
usdc_eth,2022-06-01T00:00:00.000000000Z,64626
usdc_eth,2022-06-02T00:00:00.000000000Z,52820
usdc_eth,2022-06-03T00:00:00.000000000Z,53050
usdc_eth,2022-06-04T00:00:00.000000000Z,40819
usdc_eth,2022-06-05T00:00:00.000000000Z,39616
usdc_eth,2022-06-06T00:00:00.000000000Z,53946
usdc_eth,2022-06-07T00:00:00.000000000Z,60620
usdc_eth,2022-06-08T00:00:00.000000000Z,44501
usdc_eth,2022-06-09T00:00:00.000000000Z,46762
usdc_eth,2022-06-10T00:00:00.000000000Z,62228
usdc_eth,2022-06-11T00:00:00.000000000Z,68992
usdc_eth,2022-06-12T00:00:00.000000000Z,79207
usdc_eth,2022-06-13T00:00:00.000000000Z,142218
usdc_eth,2022-06-14T00:00:00.000000000Z,106782
usdc_eth,2022-06-15T00:00:00.000000000Z,112758
usdc_eth,2022-06-16T00:00:00.000000000Z,84212
usdc_eth,2022-06-17T00:00:00.000000000Z,80708
usdc_eth,2022-06-18T00:00:00.000000000Z,100654
usdc_eth,2022-06-19T00:00:00.000000000Z,79431
usdc_eth,2022-06-20T00:00:00.000000000Z,73513
usdc_eth,2022-06-21T00:00:00.000000000Z,68638
usdc_eth,2022-06-22T00:00:00.000000000Z,63841
usdc_eth,2022-06-23T00:00:00.000000000Z,58651
usdc_eth,2022-06-24T00:00:00.000000000Z,63195
usdc_eth,2022-06-25T00:00:00.000000000Z,49229
usdc_eth,2022-06-26T00:00:00.000000000Z,44807
usdc_eth,2022-06-27T00:00:00.000000000Z,57376
usdc_eth,2022-06-28T00:00:00.000000000Z,65479
usdc_eth,2022-06-29T00:00:00.000000000Z,65541
usdc_eth,2022-06-30T00:00:00.000000000Z,74342
usdc_eth,2022-07-01T00:00:00.000000000Z,82289
usdc_eth,2022-07-02T00:00:00.000000000Z,66631
usdc_eth,2022-07-03T00:00:00.000000000Z,53228
usdc_eth,2022-07-04T00:00:00.000000000Z,65719
usdc_eth,2022-07-05T00:00:00.000000000Z,67246
usdc_eth,2022-07-06T00:00:00.000000000Z,65336
usdc_eth,2022-07-07T00:00:00.000000000Z,64225
usdc_eth,2022-07-08T00:00:00.000000000Z,65260
usdc_eth,2022-07-09T00:00:00.000000000Z,50022
usdc_eth,2022-07-10T00:00:00.000000000Z,50270
usdc_eth,2022-07-11T00:00:00.000000000Z,59451
usdc_eth,2022-07-12T00:00:00.000000000Z,64254
usdc_eth,2022-07-13T00:00:00.000000000Z,63750
usdc_eth,2022-07-14T00:00:00.000000000Z,60764
usdc_eth,2022-07-15T00:00:00.000000000Z,64533
usdc_eth,2022-07-16T00:00:00.000000000Z,62868
usdc_eth,2022-07-17T00:00:00.000000000Z,54127
usdc_eth,2022-07-18T00:00:00.000000000Z,102488
usdc_eth,2022-07-19T00:00:00.000000000Z,91456
usdc_eth,2022-07-20T00:00:00.000000000Z,89469
usdc_eth,2022-07-21T00:00:00.000000000Z,80466
usdc_eth,2022-07-22T00:00:00.000000000Z,77374
usdc_eth,2022-07-23T00:00:00.000000000Z,61881
usdc_eth,2022-07-24T00:00:00.000000000Z,59968
usdc_eth,2022-07-25T00:00:00.000000000Z,76709
usdc_eth,2022-07-26T00:00:00.000000000Z,78326
usdc_eth,2022-07-27T00:00:00.000000000Z,84120
usdc_eth,2022-07-28T00:00:00.000000000Z,95169
usdc_eth,2022-07-29T00:00:00.000000000Z,88269
usdc_eth,2022-07-30T00:00:00.000000000Z,78833
usdc_eth,2022-07-31T00:00:00.000000000Z,67100
usdc_eth,2022-08-01T00:00:00.000000000Z,112180
usdc_eth,2022-08-02T00:00:00.000000000Z,82363
usdc_eth,2022-08-03T00:00:00.000000000Z,77553
usdc_eth,2022-08-04T00:00:00.000000000Z,71102
usdc_eth,2022-08-05T00:00:00.000000000Z,74811
usdc_eth,2022-08-06T00:00:00.000000000Z,62958
usdc_eth,2022-08-07T00:00:00.000000000Z,57144
usdc_eth,2022-08-08T00:00:00.000000000Z,83663
usdc_eth,2022-08-09T00:00:00.000000000Z,74515
usdc_eth,2022-08-10T00:00:00.000000000Z,75204
usdc_eth,2022-08-11T00:00:00.000000000Z,76044
usdc_eth,2022-08-12T00:00:00.000000000Z,66499
usdc_eth,2022-08-13T00:00:00.000000000Z,71675
usdc_eth,2022-08-14T00:00:00.000000000Z,72418
usdc_eth,2022-08-15T00:00:00.000000000Z,78420
usdc_eth,2022-08-16T00:00:00.000000000Z,73939
usdc_eth,2022-08-17T00:00:00.000000000Z,74489
usdc_eth,2022-08-18T00:00:00.000000000Z,64644
usdc_eth,2022-08-19T00:00:00.000000000Z,94820
usdc_eth,2022-08-20T00:00:00.000000000Z,71777
usdc_eth,2022-08-21T00:00:00.000000000Z,64090
usdc_eth,2022-08-22T00:00:00.000000000Z,71956
usdc_eth,2022-08-23T00:00:00.000000000Z,69792
usdc_eth,2022-08-24T00:00:00.000000000Z,64747
usdc_eth,2022-08-25T00:00:00.000000000Z,64180
usdc_eth,2022-08-26T00:00:00.000000000Z,79858
usdc_eth,2022-08-27T00:00:00.000000000Z,70163
usdc_eth,2022-08-28T00:00:00.000000000Z,64705
usdc_eth,2022-08-29T00:00:00.000000000Z,75691
usdc_eth,2022-08-30T00:00:00.000000000Z,74420
usdc_eth,2022-08-31T00:00:00.000000000Z,75401
usdc_eth,2022-09-01T00:00:00.000000000Z,111024
usdc_eth,2022-09-02T00:00:00.000000000Z,75824
usdc_eth,2022-02-15T00:00:00.000000000Z,54133
usdc_eth,2022-02-16T00:00:00.000000000Z,48227
usdc_eth,2022-02-17T00:00:00.000000000Z,52384
usdc_eth,2022-02-18T00:00:00.000000000Z,47900
usdc_eth,2022-02-19T00:00:00.000000000Z,40108
usdc_eth,2022-02-20T00:00:00.000000000Z,47786
usdc_eth,2022-02-21T00:00:00.000000000Z,49625
usdc_eth,2022-02-22T00:00:00.000000000Z,55712
usdc_eth,2022-02-23T00:00:00.000000000Z,52655
usdc_eth,2022-02-24T00:00:00.000000000Z,92218
usdc_eth,2022-02-25T00:00:00.000000000Z,59535
usdc_eth,2022-02-26T00:00:00.000000000Z,47030
usdc_eth,2022-02-27T00:00:00.000000000Z,48063
usdc_eth,2022-02-28T00:00:00.000000000Z,61411
usdc_eth,2022-03-01T00:00:00.000000000Z,67699
usdc_eth,2022-03-02T00:00:00.000000000Z,59040
usdc_eth,2022-03-03T00:00:00.000000000Z,57165
usdc_eth,2022-03-04T00:00:00.000000000Z,59494
usdc_eth,2022-03-05T00:00:00.000000000Z,45674
usdc_eth,2022-03-06T00:00:00.000000000Z,50181
usdc_eth,2022-03-07T00:00:00.000000000Z,65511
usdc_eth,2022-03-08T00:00:00.000000000Z,57076
usdc_eth,2022-03-09T00:00:00.000000000Z,61832
usdc_eth,2022-03-10T00:00:00.000000000Z,57095
usdc_eth,2022-03-11T00:00:00.000000000Z,58462
usdc_eth,2022-03-12T00:00:00.000000000Z,47928
usdc_eth,2022-03-13T00:00:00.000000000Z,43312
usdc_eth,2022-03-14T00:00:00.000000000Z,57560
usdc_eth,2022-03-15T00:00:00.000000000Z,58596
usdc_eth,2022-03-16T00:00:00.000000000Z,59707
usdc_eth,2022-03-17T00:00:00.000000000Z,58321
usdc_eth,2022-03-18T00:00:00.000000000Z,66158
usdc_eth,2022-03-19T00:00:00.000000000Z,50333
usdc_eth,2022-03-20T00:00:00.000000000Z,47730
usdc_eth,2022-03-21T00:00:00.000000000Z,51660
usdc_eth,2022-03-22T00:00:00.000000000Z,60641
usdc_eth,2022-03-23T00:00:00.000000000Z,57530
usdc_eth,2022-03-24T00:00:00.000000000Z,62363
usdc_eth,2022-03-25T00:00:00.000000000Z,63048
usdc_eth,2022-03-26T00:00:00.000000000Z,48237
usdc_eth,2022-03-27T00:00:00.000000000Z,48372
usdc_eth,2022-03-28T00:00:00.000000000Z,66894
usdc_eth,2022-03-29T00:00:00.000000000Z,81088
usdc_eth,2022-03-30T00:00:00.000000000Z,61638
usdc_eth,2022-03-31T00:00:00.000000000Z,61077
usdc_eth,2022-04-01T00:00:00.000000000Z,63956
usdc_eth,2022-04-02T00:00:00.000000000Z,54234
usdc_eth,2022-04-03T00:00:00.000000000Z,45483
usdc_eth,2022-04-04T00:00:00.000000000Z,57273
usdc_eth,2022-04-05T00:00:00.000000000Z,51919
usdc_eth,2022-04-06T00:00:00.000000000Z,60688
usdc_eth,2022-04-07T00:00:00.000000000Z,55945
usdc_eth,2022-04-08T00:00:00.000000000Z,52443
usdc_eth,2022-04-09T00:00:00.000000000Z,41459
usdc_eth,2022-04-10T00:00:00.000000000Z,40827
usdc_eth,2022-04-11T00:00:00.000000000Z,66772
usdc_eth,2022-04-12T00:00:00.000000000Z,60762
usdc_eth,2022-04-13T00:00:00.000000000Z,52311
usdc_eth,2022-04-14T00:00:00.000000000Z,49951
usdc_eth,2022-04-15T00:00:00.000000000Z,47117
usdc_eth,2022-04-16T00:00:00.000000000Z,38367
usdc_eth,2022-04-17T00:00:00.000000000Z,46610
usdc_eth,2022-04-18T00:00:00.000000000Z,59113
usdc_eth,2022-04-19T00:00:00.000000000Z,56436
usdc_eth,2022-04-20T00:00:00.000000000Z,51810
usdc_eth,2022-04-21T00:00:00.000000000Z,57001
usdc_eth,2022-04-22T00:00:00.000000000Z,50751
usdc_eth,2022-04-23T00:00:00.000000000Z,44069
usdc_eth,2022-04-24T00:00:00.000000000Z,38176
usdc_eth,2022-04-25T00:00:00.000000000Z,55337
usdc_eth,2022-04-26T00:00:00.000000000Z,53769
usdc_eth,2022-04-27T00:00:00.000000000Z,51207
usdc_eth,2022-04-28T00:00:00.000000000Z,57011
usdc_eth,2022-04-29T00:00:00.000000000Z,63384
usdc_eth,2022-04-30T00:00:00.000000000Z,59193
usdc_eth,2022-05-01T00:00:00.000000000Z,45602
usdc_eth,2022-05-02T00:00:00.000000000Z,55192
usdc_eth,2022-05-03T00:00:00.000000000Z,50081
usdc_eth,2022-05-04T00:00:00.000000000Z,56140
usdc_eth,2022-05-05T00:00:00.000000000Z,88357
usdc_eth,2022-05-06T00:00:00.000000000Z,60992
usdc_eth,2022-05-07T00:00:00.000000000Z,50307
usdc_eth,2022-05-08T00:00:00.000000000Z,72227
usdc_eth,2022-05-09T00:00:00.000000000Z,103537
usdc_eth,2022-05-10T00:00:00.000000000Z,102128
usdc_eth,2022-05-11T00:00:00.000000000Z,132332
usdc_eth,2022-05-12T00:00:00.000000000Z,155444
usdc_eth,2022-05-13T00:00:00.000000000Z,103737
usdc_eth,2022-05-14T00:00:00.000000000Z,75722
usdc_eth,2022-05-15T00:00:00.000000000Z,68748
usdc_eth,2022-05-16T00:00:00.000000000Z,78775
usdc_eth,2022-05-17T00:00:00.000000000Z,66266
usdc_eth,2022-05-18T00:00:00.000000000Z,73616
usdc_eth,2022-05-19T00:00:00.000000000Z,68407
usdc_eth,2022-05-20T00:00:00.000000000Z,59930
usdc_eth,2022-05-21T00:00:00.000000000Z,44708
usdc_eth,2022-05-22T00:00:00.000000000Z,48235
usdc_eth,2022-05-23T00:00:00.000000000Z,69101
usdc_eth,2022-05-24T00:00:00.000000000Z,60457
usdc_eth,2022-05-25T00:00:00.000000000Z,53955
usdc_eth,2021-11-07T00:00:00.000000000Z,56595
usdc_eth,2021-11-08T00:00:00.000000000Z,66486
usdc_eth,2021-11-09T00:00:00.000000000Z,66279
usdc_eth,2021-11-10T00:00:00.000000000Z,70459
usdc_eth,2021-11-11T00:00:00.000000000Z,61816
usdc_eth,2021-11-12T00:00:00.000000000Z,60261
usdc_eth,2021-11-13T00:00:00.000000000Z,49966
usdc_eth,2021-11-14T00:00:00.000000000Z,51676
usdc_eth,2021-11-15T00:00:00.000000000Z,71152
usdc_eth,2021-11-16T00:00:00.000000000Z,85728
usdc_eth,2021-11-17T00:00:00.000000000Z,66308
usdc_eth,2021-11-18T00:00:00.000000000Z,68595
usdc_eth,2021-11-19T00:00:00.000000000Z,62199
usdc_eth,2021-11-20T00:00:00.000000000Z,53826
usdc_eth,2021-11-21T00:00:00.000000000Z,53407
usdc_eth,2021-11-22T00:00:00.000000000Z,57420
usdc_eth,2021-11-23T00:00:00.000000000Z,61707
usdc_eth,2021-11-24T00:00:00.000000000Z,62624
usdc_eth,2021-11-25T00:00:00.000000000Z,59372
usdc_eth,2021-11-26T00:00:00.000000000Z,80664
usdc_eth,2021-11-27T00:00:00.000000000Z,56865
usdc_eth,2021-11-28T00:00:00.000000000Z,52327
usdc_eth,2021-11-29T00:00:00.000000000Z,58531
usdc_eth,2021-11-30T00:00:00.000000000Z,62969
usdc_eth,2021-12-01T00:00:00.000000000Z,67505
usdc_eth,2021-12-02T00:00:00.000000000Z,66039
usdc_eth,2021-12-03T00:00:00.000000000Z,69046
usdc_eth,2021-12-04T00:00:00.000000000Z,87576
usdc_eth,2021-12-05T00:00:00.000000000Z,60416
usdc_eth,2021-12-06T00:00:00.000000000Z,80298
usdc_eth,2021-12-07T00:00:00.000000000Z,67226
usdc_eth,2021-12-08T00:00:00.000000000Z,67074
usdc_eth,2021-12-09T00:00:00.000000000Z,69495
usdc_eth,2021-12-10T00:00:00.000000000Z,69739
usdc_eth,2021-12-11T00:00:00.000000000Z,54435
usdc_eth,2021-12-12T00:00:00.000000000Z,49541
usdc_eth,2021-12-13T00:00:00.000000000Z,65723
usdc_eth,2021-12-14T00:00:00.000000000Z,74395
usdc_eth,2021-12-15T00:00:00.000000000Z,63138
usdc_eth,2021-12-16T00:00:00.000000000Z,57284
usdc_eth,2021-12-17T00:00:00.000000000Z,70452
usdc_eth,2021-12-18T00:00:00.000000000Z,56735
usdc_eth,2021-12-19T00:00:00.000000000Z,54077
usdc_eth,2021-12-20T00:00:00.000000000Z,68687
usdc_eth,2021-12-21T00:00:00.000000000Z,77509
usdc_eth,2021-12-22T00:00:00.000000000Z,64987
usdc_eth,2021-12-23T00:00:00.000000000Z,60301
usdc_eth,2021-12-24T00:00:00.000000000Z,61560
usdc_eth,2021-12-25T00:00:00.000000000Z,43373
usdc_eth,2021-12-26T00:00:00.000000000Z,48624
usdc_eth,2021-12-27T00:00:00.000000000Z,55949
usdc_eth,2021-12-28T00:00:00.000000000Z,58062
usdc_eth,2021-12-29T00:00:00.000000000Z,57243
usdc_eth,2021-12-30T00:00:00.000000000Z,63737
usdc_eth,2021-12-31T00:00:00.000000000Z,61685
usdc_eth,2022-01-01T00:00:00.000000000Z,48095
usdc_eth,2022-01-02T00:00:00.000000000Z,41465
usdc_eth,2022-01-03T00:00:00.000000000Z,56119
usdc_eth,2022-01-04T00:00:00.000000000Z,57230
usdc_eth,2022-01-05T00:00:00.000000000Z,67941
usdc_eth,2022-01-06T00:00:00.000000000Z,65569
usdc_eth,2022-01-07T00:00:00.000000000Z,66969
usdc_eth,2022-01-08T00:00:00.000000000Z,53913
usdc_eth,2022-01-09T00:00:00.000000000Z,40625
usdc_eth,2022-01-10T00:00:00.000000000Z,50365
usdc_eth,2022-01-11T00:00:00.000000000Z,50564
usdc_eth,2022-01-12T00:00:00.000000000Z,52037
usdc_eth,2022-01-13T00:00:00.000000000Z,48044
usdc_eth,2022-01-14T00:00:00.000000000Z,49830
usdc_eth,2022-01-15T00:00:00.000000000Z,41987
usdc_eth,2022-01-16T00:00:00.000000000Z,38479
usdc_eth,2022-01-17T00:00:00.000000000Z,49593
usdc_eth,2022-01-18T00:00:00.000000000Z,52596
usdc_eth,2022-01-19T00:00:00.000000000Z,51335
usdc_eth,2022-01-20T00:00:00.000000000Z,54089
usdc_eth,2022-01-21T00:00:00.000000000Z,80981
usdc_eth,2022-01-22T00:00:00.000000000Z,93629
usdc_eth,2022-01-23T00:00:00.000000000Z,60675
usdc_eth,2022-01-24T00:00:00.000000000Z,82601
usdc_eth,2022-01-25T00:00:00.000000000Z,59467
usdc_eth,2022-01-26T00:00:00.000000000Z,61709
usdc_eth,2022-01-27T00:00:00.000000000Z,59761
usdc_eth,2022-01-28T00:00:00.000000000Z,56993
usdc_eth,2022-01-29T00:00:00.000000000Z,44776
usdc_eth,2022-01-30T00:00:00.000000000Z,41213
usdc_eth,2022-01-31T00:00:00.000000000Z,52738
usdc_eth,2022-02-01T00:00:00.000000000Z,51281
usdc_eth,2022-02-02T00:00:00.000000000Z,45767
usdc_eth,2022-02-03T00:00:00.000000000Z,47710
usdc_eth,2022-02-04T00:00:00.000000000Z,51102
usdc_eth,2022-02-05T00:00:00.000000000Z,45905
usdc_eth,2022-02-06T00:00:00.000000000Z,38754
usdc_eth,2022-02-07T00:00:00.000000000Z,51680
usdc_eth,2022-02-08T00:00:00.000000000Z,52926
usdc_eth,2022-02-09T00:00:00.000000000Z,53449
usdc_eth,2022-02-10T00:00:00.000000000Z,53114
usdc_eth,2022-02-11T00:00:00.000000000Z,57797
usdc_eth,2022-02-12T00:00:00.000000000Z,43719
usdc_eth,2022-02-13T00:00:00.000000000Z,40311
usdc_eth,2022-02-14T00:00:00.000000000Z,49564
usdc_eth,2021-07-30T00:00:00.000000000Z,69149
usdc_eth,2021-07-31T00:00:00.000000000Z,63696
usdc_eth,2021-08-01T00:00:00.000000000Z,59374
usdc_eth,2021-08-02T00:00:00.000000000Z,64562
usdc_eth,2021-08-03T00:00:00.000000000Z,66033
usdc_eth,2021-08-04T00:00:00.000000000Z,71025
usdc_eth,2021-08-05T00:00:00.000000000Z,59038
usdc_eth,2021-08-06T00:00:00.000000000Z,65048
usdc_eth,2021-08-07T00:00:00.000000000Z,63658
usdc_eth,2021-08-08T00:00:00.000000000Z,61194
usdc_eth,2021-08-09T00:00:00.000000000Z,65733
usdc_eth,2021-08-10T00:00:00.000000000Z,60483
usdc_eth,2021-08-11T00:00:00.000000000Z,64165
usdc_eth,2021-08-12T00:00:00.000000000Z,76636
usdc_eth,2021-08-13T00:00:00.000000000Z,59736
usdc_eth,2021-08-14T00:00:00.000000000Z,54040
usdc_eth,2021-08-15T00:00:00.000000000Z,51606
usdc_eth,2021-08-16T00:00:00.000000000Z,62790
usdc_eth,2021-08-17T00:00:00.000000000Z,65163
usdc_eth,2021-08-18T00:00:00.000000000Z,68110
usdc_eth,2021-08-19T00:00:00.000000000Z,73629
usdc_eth,2021-08-20T00:00:00.000000000Z,68724
usdc_eth,2021-08-21T00:00:00.000000000Z,57594
usdc_eth,2021-08-22T00:00:00.000000000Z,57606
usdc_eth,2021-08-23T00:00:00.000000000Z,62253
usdc_eth,2021-08-24T00:00:00.000000000Z,62937
usdc_eth,2021-08-25T00:00:00.000000000Z,55883
usdc_eth,2021-08-26T00:00:00.000000000Z,54563
usdc_eth,2021-08-27T00:00:00.000000000Z,48672
usdc_eth,2021-08-28T00:00:00.000000000Z,46462
usdc_eth,2021-08-29T00:00:00.000000000Z,44407
usdc_eth,2021-08-30T00:00:00.000000000Z,59065
usdc_eth,2021-08-31T00:00:00.000000000Z,61092
usdc_eth,2021-09-01T00:00:00.000000000Z,60257
usdc_eth,2021-09-02T00:00:00.000000000Z,65891
usdc_eth,2021-09-03T00:00:00.000000000Z,57372
usdc_eth,2021-09-04T00:00:00.000000000Z,46631
usdc_eth,2021-09-05T00:00:00.000000000Z,43236
usdc_eth,2021-09-06T00:00:00.000000000Z,55172
usdc_eth,2021-09-07T00:00:00.000000000Z,75399
usdc_eth,2021-09-08T00:00:00.000000000Z,71239
usdc_eth,2021-09-09T00:00:00.000000000Z,69174
usdc_eth,2021-09-10T00:00:00.000000000Z,80836
usdc_eth,2021-09-11T00:00:00.000000000Z,65339
usdc_eth,2021-09-12T00:00:00.000000000Z,61308
usdc_eth,2021-09-13T00:00:00.000000000Z,68458
usdc_eth,2021-09-14T00:00:00.000000000Z,67466
usdc_eth,2021-09-15T00:00:00.000000000Z,72471
usdc_eth,2021-09-16T00:00:00.000000000Z,66010
usdc_eth,2021-09-17T00:00:00.000000000Z,61564
usdc_eth,2021-09-18T00:00:00.000000000Z,56092
usdc_eth,2021-09-19T00:00:00.000000000Z,51917
usdc_eth,2021-09-20T00:00:00.000000000Z,80761
usdc_eth,2021-09-21T00:00:00.000000000Z,72606
usdc_eth,2021-09-22T00:00:00.000000000Z,68270
usdc_eth,2021-09-23T00:00:00.000000000Z,56285
usdc_eth,2021-09-24T00:00:00.000000000Z,61862
usdc_eth,2021-09-25T00:00:00.000000000Z,51918
usdc_eth,2021-09-26T00:00:00.000000000Z,48303
usdc_eth,2021-09-27T00:00:00.000000000Z,54201
usdc_eth,2021-09-28T00:00:00.000000000Z,58442
usdc_eth,2021-09-29T00:00:00.000000000Z,64608
usdc_eth,2021-09-30T00:00:00.000000000Z,58050
usdc_eth,2021-10-01T00:00:00.000000000Z,69367
usdc_eth,2021-10-02T00:00:00.000000000Z,58933
usdc_eth,2021-10-03T00:00:00.000000000Z,50063
usdc_eth,2021-10-04T00:00:00.000000000Z,57644
usdc_eth,2021-10-05T00:00:00.000000000Z,60017
usdc_eth,2021-10-06T00:00:00.000000000Z,58372
usdc_eth,2021-10-07T00:00:00.000000000Z,58965
usdc_eth,2021-10-08T00:00:00.000000000Z,56515
usdc_eth,2021-10-09T00:00:00.000000000Z,55422
usdc_eth,2021-10-10T00:00:00.000000000Z,56849
usdc_eth,2021-10-11T00:00:00.000000000Z,55940
usdc_eth,2021-10-12T00:00:00.000000000Z,61819
usdc_eth,2021-10-13T00:00:00.000000000Z,62204
usdc_eth,2021-10-14T00:00:00.000000000Z,63543
usdc_eth,2021-10-15T00:00:00.000000000Z,68537
usdc_eth,2021-10-16T00:00:00.000000000Z,58015
usdc_eth,2021-10-17T00:00:00.000000000Z,57615
usdc_eth,2021-10-18T00:00:00.000000000Z,68419
usdc_eth,2021-10-19T00:00:00.000000000Z,66048
usdc_eth,2021-10-20T00:00:00.000000000Z,72029
usdc_eth,2021-10-21T00:00:00.000000000Z,70357
usdc_eth,2021-10-22T00:00:00.000000000Z,60207
usdc_eth,2021-10-23T00:00:00.000000000Z,50272
usdc_eth,2021-10-24T00:00:00.000000000Z,50321
usdc_eth,2021-10-25T00:00:00.000000000Z,60105
usdc_eth,2021-10-26T00:00:00.000000000Z,59657
usdc_eth,2021-10-27T00:00:00.000000000Z,61386
usdc_eth,2021-10-28T00:00:00.000000000Z,62446
usdc_eth,2021-10-29T00:00:00.000000000Z,64989
usdc_eth,2021-10-30T00:00:00.000000000Z,51863
usdc_eth,2021-10-31T00:00:00.000000000Z,48285
usdc_eth,2021-11-01T00:00:00.000000000Z,57546
usdc_eth,2021-11-02T00:00:00.000000000Z,66575
usdc_eth,2021-11-03T00:00:00.000000000Z,67218
usdc_eth,2021-11-04T00:00:00.000000000Z,66065
usdc_eth,2021-11-05T00:00:00.000000000Z,62233
usdc_eth,2021-11-06T00:00:00.000000000Z,58891
usdc_eth,2021-04-21T00:00:00.000000000Z,73341
usdc_eth,2021-04-22T00:00:00.000000000Z,78864
usdc_eth,2021-04-23T00:00:00.000000000Z,90955
usdc_eth,2021-04-24T00:00:00.000000000Z,60771
usdc_eth,2021-04-25T00:00:00.000000000Z,62641
usdc_eth,2021-04-26T00:00:00.000000000Z,75473
usdc_eth,2021-04-27T00:00:00.000000000Z,71381
usdc_eth,2021-04-28T00:00:00.000000000Z,72900
usdc_eth,2021-04-29T00:00:00.000000000Z,85716
usdc_eth,2021-04-30T00:00:00.000000000Z,76350
usdc_eth,2021-05-01T00:00:00.000000000Z,65835
usdc_eth,2021-05-02T00:00:00.000000000Z,61641
usdc_eth,2021-05-03T00:00:00.000000000Z,76803
usdc_eth,2021-05-04T00:00:00.000000000Z,81882
usdc_eth,2021-05-05T00:00:00.000000000Z,75559
usdc_eth,2021-05-06T00:00:00.000000000Z,75226
usdc_eth,2021-05-07T00:00:00.000000000Z,79427
usdc_eth,2021-05-08T00:00:00.000000000Z,53781
usdc_eth,2021-05-09T00:00:00.000000000Z,65134
usdc_eth,2021-05-10T00:00:00.000000000Z,60836
usdc_eth,2021-05-11T00:00:00.000000000Z,49288
usdc_eth,2021-05-12T00:00:00.000000000Z,56130
usdc_eth,2021-05-13T00:00:00.000000000Z,87338
usdc_eth,2021-05-14T00:00:00.000000000Z,63129
usdc_eth,2021-05-15T00:00:00.000000000Z,61194
usdc_eth,2021-05-16T00:00:00.000000000Z,62173
usdc_eth,2021-05-17T00:00:00.000000000Z,76189
usdc_eth,2021-05-18T00:00:00.000000000Z,66873
usdc_eth,2021-05-19T00:00:00.000000000Z,107246
usdc_eth,2021-05-20T00:00:00.000000000Z,89637
usdc_eth,2021-05-21T00:00:00.000000000Z,86134
usdc_eth,2021-05-22T00:00:00.000000000Z,76643
usdc_eth,2021-05-23T00:00:00.000000000Z,93528
usdc_eth,2021-05-24T00:00:00.000000000Z,86950
usdc_eth,2021-05-25T00:00:00.000000000Z,75557
usdc_eth,2021-05-26T00:00:00.000000000Z,79967
usdc_eth,2021-05-27T00:00:00.000000000Z,71558
usdc_eth,2021-05-28T00:00:00.000000000Z,77616
usdc_eth,2021-05-29T00:00:00.000000000Z,68516
usdc_eth,2021-05-30T00:00:00.000000000Z,60561
usdc_eth,2021-05-31T00:00:00.000000000Z,63450
usdc_eth,2021-06-01T00:00:00.000000000Z,63816
usdc_eth,2021-06-02T00:00:00.000000000Z,68408
usdc_eth,2021-06-03T00:00:00.000000000Z,69221
usdc_eth,2021-06-04T00:00:00.000000000Z,74989
usdc_eth,2021-06-05T00:00:00.000000000Z,56491
usdc_eth,2021-06-06T00:00:00.000000000Z,48643
usdc_eth,2021-06-07T00:00:00.000000000Z,70406
usdc_eth,2021-06-08T00:00:00.000000000Z,85756
usdc_eth,2021-06-09T00:00:00.000000000Z,71666
usdc_eth,2021-06-10T00:00:00.000000000Z,70955
usdc_eth,2021-06-11T00:00:00.000000000Z,75692
usdc_eth,2021-06-12T00:00:00.000000000Z,67229
usdc_eth,2021-06-13T00:00:00.000000000Z,60512
usdc_eth,2021-06-14T00:00:00.000000000Z,81154
usdc_eth,2021-06-15T00:00:00.000000000Z,78208
usdc_eth,2021-06-16T00:00:00.000000000Z,76949
usdc_eth,2021-06-17T00:00:00.000000000Z,78147
usdc_eth,2021-06-18T00:00:00.000000000Z,83010
usdc_eth,2021-06-19T00:00:00.000000000Z,63163
usdc_eth,2021-06-20T00:00:00.000000000Z,66293
usdc_eth,2021-06-21T00:00:00.000000000Z,91659
usdc_eth,2021-06-22T00:00:00.000000000Z,98168
usdc_eth,2021-06-23T00:00:00.000000000Z,78956
usdc_eth,2021-06-24T00:00:00.000000000Z,70469
usdc_eth,2021-06-25T00:00:00.000000000Z,73722
usdc_eth,2021-06-26T00:00:00.000000000Z,69831
usdc_eth,2021-06-27T00:00:00.000000000Z,60935
usdc_eth,2021-06-28T00:00:00.000000000Z,69918
usdc_eth,2021-06-29T00:00:00.000000000Z,80624
usdc_eth,2021-06-30T00:00:00.000000000Z,64970
usdc_eth,2021-07-01T00:00:00.000000000Z,63791
usdc_eth,2021-07-02T00:00:00.000000000Z,66908
usdc_eth,2021-07-03T00:00:00.000000000Z,58212
usdc_eth,2021-07-04T00:00:00.000000000Z,69767
usdc_eth,2021-07-05T00:00:00.000000000Z,63569
usdc_eth,2021-07-06T00:00:00.000000000Z,56493
usdc_eth,2021-07-07T00:00:00.000000000Z,54183
usdc_eth,2021-07-08T00:00:00.000000000Z,62719
usdc_eth,2021-07-09T00:00:00.000000000Z,62032
usdc_eth,2021-07-10T00:00:00.000000000Z,57838
usdc_eth,2021-07-11T00:00:00.000000000Z,53236
usdc_eth,2021-07-12T00:00:00.000000000Z,60256
usdc_eth,2021-07-13T00:00:00.000000000Z,75864
usdc_eth,2021-07-14T00:00:00.000000000Z,81628
usdc_eth,2021-07-15T00:00:00.000000000Z,71823
usdc_eth,2021-07-16T00:00:00.000000000Z,67923
usdc_eth,2021-07-17T00:00:00.000000000Z,60148
usdc_eth,2021-07-18T00:00:00.000000000Z,54787
usdc_eth,2021-07-19T00:00:00.000000000Z,70036
usdc_eth,2021-07-20T00:00:00.000000000Z,83884
usdc_eth,2021-07-21T00:00:00.000000000Z,76932
usdc_eth,2021-07-22T00:00:00.000000000Z,63818
usdc_eth,2021-07-23T00:00:00.000000000Z,65710
usdc_eth,2021-07-24T00:00:00.000000000Z,63219
usdc_eth,2021-07-25T00:00:00.000000000Z,55833
usdc_eth,2021-07-26T00:00:00.000000000Z,86537
usdc_eth,2021-07-27T00:00:00.000000000Z,73592
usdc_eth,2021-07-28T00:00:00.000000000Z,69061
usdc_eth,2021-07-29T00:00:00.000000000Z,66103
usdc_eth,2021-01-11T00:00:00.000000000Z,58444
usdc_eth,2021-01-12T00:00:00.000000000Z,50326
usdc_eth,2021-01-13T00:00:00.000000000Z,47993
usdc_eth,2021-01-14T00:00:00.000000000Z,53815
usdc_eth,2021-01-15T00:00:00.000000000Z,52212
usdc_eth,2021-01-16T00:00:00.000000000Z,48739
usdc_eth,2021-01-17T00:00:00.000000000Z,49615
usdc_eth,2021-01-18T00:00:00.000000000Z,47886
usdc_eth,2021-01-19T00:00:00.000000000Z,50173
usdc_eth,2021-01-20T00:00:00.000000000Z,50941
usdc_eth,2021-01-21T00:00:00.000000000Z,50365
usdc_eth,2021-01-22T00:00:00.000000000Z,54456
usdc_eth,2021-01-23T00:00:00.000000000Z,43149
usdc_eth,2021-01-24T00:00:00.000000000Z,41093
usdc_eth,2021-01-25T00:00:00.000000000Z,48669
usdc_eth,2021-01-26T00:00:00.000000000Z,54721
usdc_eth,2021-01-27T00:00:00.000000000Z,51974
usdc_eth,2021-01-28T00:00:00.000000000Z,53382
usdc_eth,2021-01-29T00:00:00.000000000Z,60703
usdc_eth,2021-01-30T00:00:00.000000000Z,45907
usdc_eth,2021-01-31T00:00:00.000000000Z,44208
usdc_eth,2021-02-01T00:00:00.000000000Z,47369
usdc_eth,2021-02-02T00:00:00.000000000Z,48819
usdc_eth,2021-02-03T00:00:00.000000000Z,52272
usdc_eth,2021-02-04T00:00:00.000000000Z,55290
usdc_eth,2021-02-05T00:00:00.000000000Z,52226
usdc_eth,2021-02-06T00:00:00.000000000Z,55647
usdc_eth,2021-02-07T00:00:00.000000000Z,49013
usdc_eth,2021-02-08T00:00:00.000000000Z,47802
usdc_eth,2021-02-09T00:00:00.000000000Z,50297
usdc_eth,2021-02-10T00:00:00.000000000Z,54462
usdc_eth,2021-02-11T00:00:00.000000000Z,53948
usdc_eth,2021-02-12T00:00:00.000000000Z,58405
usdc_eth,2021-02-13T00:00:00.000000000Z,59084
usdc_eth,2021-02-14T00:00:00.000000000Z,49095
usdc_eth,2021-02-15T00:00:00.000000000Z,46865
usdc_eth,2021-02-16T00:00:00.000000000Z,55204
usdc_eth,2021-02-17T00:00:00.000000000Z,52103
usdc_eth,2021-02-18T00:00:00.000000000Z,52893
usdc_eth,2021-02-19T00:00:00.000000000Z,56144
usdc_eth,2021-02-20T00:00:00.000000000Z,59493
usdc_eth,2021-02-21T00:00:00.000000000Z,51502
usdc_eth,2021-02-22T00:00:00.000000000Z,57807
usdc_eth,2021-02-23T00:00:00.000000000Z,66369
usdc_eth,2021-02-24T00:00:00.000000000Z,64595
usdc_eth,2021-02-25T00:00:00.000000000Z,56277
usdc_eth,2021-02-26T00:00:00.000000000Z,64602
usdc_eth,2021-02-27T00:00:00.000000000Z,56084
usdc_eth,2021-02-28T00:00:00.000000000Z,57255
usdc_eth,2021-03-01T00:00:00.000000000Z,53530
usdc_eth,2021-03-02T00:00:00.000000000Z,50692
usdc_eth,2021-03-03T00:00:00.000000000Z,54962
usdc_eth,2021-03-04T00:00:00.000000000Z,53405
usdc_eth,2021-03-05T00:00:00.000000000Z,58019
usdc_eth,2021-03-06T00:00:00.000000000Z,43923
usdc_eth,2021-03-07T00:00:00.000000000Z,44009
usdc_eth,2021-03-08T00:00:00.000000000Z,45955
usdc_eth,2021-03-09T00:00:00.000000000Z,53473
usdc_eth,2021-03-10T00:00:00.000000000Z,49709
usdc_eth,2021-03-11T00:00:00.000000000Z,51083
usdc_eth,2021-03-12T00:00:00.000000000Z,55186
usdc_eth,2021-03-13T00:00:00.000000000Z,48137
usdc_eth,2021-03-14T00:00:00.000000000Z,40595
usdc_eth,2021-03-15T00:00:00.000000000Z,48503
usdc_eth,2021-03-16T00:00:00.000000000Z,55102
usdc_eth,2021-03-17T00:00:00.000000000Z,49891
usdc_eth,2021-03-18T00:00:00.000000000Z,47615
usdc_eth,2021-03-19T00:00:00.000000000Z,52245
usdc_eth,2021-03-20T00:00:00.000000000Z,46439
usdc_eth,2021-03-21T00:00:00.000000000Z,52352
usdc_eth,2021-03-22T00:00:00.000000000Z,74132
usdc_eth,2021-03-23T00:00:00.000000000Z,60160
usdc_eth,2021-03-24T00:00:00.000000000Z,64344
usdc_eth,2021-03-25T00:00:00.000000000Z,68916
usdc_eth,2021-03-26T00:00:00.000000000Z,54553
usdc_eth,2021-03-27T00:00:00.000000000Z,49600
usdc_eth,2021-03-28T00:00:00.000000000Z,45084
usdc_eth,2021-03-29T00:00:00.000000000Z,54914
usdc_eth,2021-03-30T00:00:00.000000000Z,52734
usdc_eth,2021-03-31T00:00:00.000000000Z,53971
usdc_eth,2021-04-01T00:00:00.000000000Z,53596
usdc_eth,2021-04-02T00:00:00.000000000Z,60871
usdc_eth,2021-04-03T00:00:00.000000000Z,48527
usdc_eth,2021-04-04T00:00:00.000000000Z,41226
usdc_eth,2021-04-05T00:00:00.000000000Z,45922
usdc_eth,2021-04-06T00:00:00.000000000Z,58030
usdc_eth,2021-04-07T00:00:00.000000000Z,55706
usdc_eth,2021-04-08T00:00:00.000000000Z,57491
usdc_eth,2021-04-09T00:00:00.000000000Z,53605
usdc_eth,2021-04-10T00:00:00.000000000Z,59699
usdc_eth,2021-04-11T00:00:00.000000000Z,58314
usdc_eth,2021-04-12T00:00:00.000000000Z,70511
usdc_eth,2021-04-13T00:00:00.000000000Z,78041
usdc_eth,2021-04-14T00:00:00.000000000Z,78493
usdc_eth,2021-04-15T00:00:00.000000000Z,59050
usdc_eth,2021-04-16T00:00:00.000000000Z,81083
usdc_eth,2021-04-17T00:00:00.000000000Z,61749
usdc_eth,2021-04-18T00:00:00.000000000Z,75029
usdc_eth,2021-04-19T00:00:00.000000000Z,63441
usdc_eth,2021-04-20T00:00:00.000000000Z,71491
usdc_eth,2020-10-03T00:00:00.000000000Z,25561
usdc_eth,2020-10-04T00:00:00.000000000Z,25940
usdc_eth,2020-10-05T00:00:00.000000000Z,31158
usdc_eth,2020-10-06T00:00:00.000000000Z,33698
usdc_eth,2020-10-07T00:00:00.000000000Z,29735
usdc_eth,2020-10-08T00:00:00.000000000Z,28424
usdc_eth,2020-10-09T00:00:00.000000000Z,28664
usdc_eth,2020-10-10T00:00:00.000000000Z,22925
usdc_eth,2020-10-11T00:00:00.000000000Z,22477
usdc_eth,2020-10-12T00:00:00.000000000Z,25690
usdc_eth,2020-10-13T00:00:00.000000000Z,28545
usdc_eth,2020-10-14T00:00:00.000000000Z,26074
usdc_eth,2020-10-15T00:00:00.000000000Z,60088
usdc_eth,2020-10-16T00:00:00.000000000Z,50820
usdc_eth,2020-10-17T00:00:00.000000000Z,40859
usdc_eth,2020-10-18T00:00:00.000000000Z,23808
usdc_eth,2020-10-19T00:00:00.000000000Z,30032
usdc_eth,2020-10-20T00:00:00.000000000Z,39980
usdc_eth,2020-10-21T00:00:00.000000000Z,52953
usdc_eth,2020-10-22T00:00:00.000000000Z,52704
usdc_eth,2020-10-23T00:00:00.000000000Z,45488
usdc_eth,2020-10-24T00:00:00.000000000Z,37938
usdc_eth,2020-10-25T00:00:00.000000000Z,34931
usdc_eth,2020-10-26T00:00:00.000000000Z,51939
usdc_eth,2020-10-27T00:00:00.000000000Z,43392
usdc_eth,2020-10-28T00:00:00.000000000Z,45550
usdc_eth,2020-10-29T00:00:00.000000000Z,50761
usdc_eth,2020-10-30T00:00:00.000000000Z,50268
usdc_eth,2020-10-31T00:00:00.000000000Z,49849
usdc_eth,2020-11-01T00:00:00.000000000Z,45093
usdc_eth,2020-11-02T00:00:00.000000000Z,51364
usdc_eth,2020-11-03T00:00:00.000000000Z,57298
usdc_eth,2020-11-04T00:00:00.000000000Z,52444
usdc_eth,2020-11-05T00:00:00.000000000Z,50792
usdc_eth,2020-11-06T00:00:00.000000000Z,52613
usdc_eth,2020-11-07T00:00:00.000000000Z,54156
usdc_eth,2020-11-08T00:00:00.000000000Z,51768
usdc_eth,2020-11-09T00:00:00.000000000Z,59845
usdc_eth,2020-11-10T00:00:00.000000000Z,46718
usdc_eth,2020-11-11T00:00:00.000000000Z,44380
usdc_eth,2020-11-12T00:00:00.000000000Z,45846
usdc_eth,2020-11-13T00:00:00.000000000Z,45744
usdc_eth,2020-11-14T00:00:00.000000000Z,46196
usdc_eth,2020-11-15T00:00:00.000000000Z,41556
usdc_eth,2020-11-16T00:00:00.000000000Z,46541
usdc_eth,2020-11-17T00:00:00.000000000Z,57480
usdc_eth,2020-11-18T00:00:00.000000000Z,54873
usdc_eth,2020-11-19T00:00:00.000000000Z,51281
usdc_eth,2020-11-20T00:00:00.000000000Z,60084
usdc_eth,2020-11-21T00:00:00.000000000Z,64553
usdc_eth,2020-11-22T00:00:00.000000000Z,62360
usdc_eth,2020-11-23T00:00:00.000000000Z,58832
usdc_eth,2020-11-24T00:00:00.000000000Z,64245
usdc_eth,2020-11-25T00:00:00.000000000Z,63894
usdc_eth,2020-11-26T00:00:00.000000000Z,60936
usdc_eth,2020-11-27T00:00:00.000000000Z,40886
usdc_eth,2020-11-28T00:00:00.000000000Z,51397
usdc_eth,2020-11-29T00:00:00.000000000Z,44340
usdc_eth,2020-11-30T00:00:00.000000000Z,63100
usdc_eth,2020-12-01T00:00:00.000000000Z,53913
usdc_eth,2020-12-02T00:00:00.000000000Z,33806
usdc_eth,2020-12-03T00:00:00.000000000Z,35655
usdc_eth,2020-12-04T00:00:00.000000000Z,35653
usdc_eth,2020-12-05T00:00:00.000000000Z,30578
usdc_eth,2020-12-06T00:00:00.000000000Z,28958
usdc_eth,2020-12-07T00:00:00.000000000Z,32440
usdc_eth,2020-12-08T00:00:00.000000000Z,37101
usdc_eth,2020-12-09T00:00:00.000000000Z,36100
usdc_eth,2020-12-10T00:00:00.000000000Z,33005
usdc_eth,2020-12-11T00:00:00.000000000Z,44774
usdc_eth,2020-12-12T00:00:00.000000000Z,71095
usdc_eth,2020-12-13T00:00:00.000000000Z,70717
usdc_eth,2020-12-14T00:00:00.000000000Z,59975
usdc_eth,2020-12-15T00:00:00.000000000Z,62178
usdc_eth,2020-12-16T00:00:00.000000000Z,56107
usdc_eth,2020-12-17T00:00:00.000000000Z,66768
usdc_eth,2020-12-18T00:00:00.000000000Z,43606
usdc_eth,2020-12-19T00:00:00.000000000Z,43270
usdc_eth,2020-12-20T00:00:00.000000000Z,42845
usdc_eth,2020-12-21T00:00:00.000000000Z,45032
usdc_eth,2020-12-22T00:00:00.000000000Z,53484
usdc_eth,2020-12-23T00:00:00.000000000Z,48640
usdc_eth,2020-12-24T00:00:00.000000000Z,44332
usdc_eth,2020-12-25T00:00:00.000000000Z,46186
usdc_eth,2020-12-26T00:00:00.000000000Z,48632
usdc_eth,2020-12-27T00:00:00.000000000Z,50054
usdc_eth,2020-12-28T00:00:00.000000000Z,46144
usdc_eth,2020-12-29T00:00:00.000000000Z,51375
usdc_eth,2020-12-30T00:00:00.000000000Z,48332
usdc_eth,2020-12-31T00:00:00.000000000Z,48611
usdc_eth,2021-01-01T00:00:00.000000000Z,49531
usdc_eth,2021-01-02T00:00:00.000000000Z,54162
usdc_eth,2021-01-03T00:00:00.000000000Z,50282
usdc_eth,2021-01-04T00:00:00.000000000Z,51546
usdc_eth,2021-01-05T00:00:00.000000000Z,50742
usdc_eth,2021-01-06T00:00:00.000000000Z,52809
usdc_eth,2021-01-07T00:00:00.000000000Z,51165
usdc_eth,2021-01-08T00:00:00.000000000Z,52911
usdc_eth,2021-01-09T00:00:00.000000000Z,51819
usdc_eth,2021-01-10T00:00:00.000000000Z,52689
usdc_eth,2020-06-25T00:00:00.000000000Z,15169
usdc_eth,2020-06-26T00:00:00.000000000Z,20255
usdc_eth,2020-06-27T00:00:00.000000000Z,19084
usdc_eth,2020-06-28T00:00:00.000000000Z,12941
usdc_eth,2020-06-29T00:00:00.000000000Z,15412
usdc_eth,2020-06-30T00:00:00.000000000Z,14143
usdc_eth,2020-07-01T00:00:00.000000000Z,15694
usdc_eth,2020-07-02T00:00:00.000000000Z,21339
usdc_eth,2020-07-03T00:00:00.000000000Z,18371
usdc_eth,2020-07-04T00:00:00.000000000Z,16496
usdc_eth,2020-07-05T00:00:00.000000000Z,11983
usdc_eth,2020-07-06T00:00:00.000000000Z,15486
usdc_eth,2020-07-07T00:00:00.000000000Z,16538
usdc_eth,2020-07-08T00:00:00.000000000Z,22350
usdc_eth,2020-07-09T00:00:00.000000000Z,20538
usdc_eth,2020-07-10T00:00:00.000000000Z,18958
usdc_eth,2020-07-11T00:00:00.000000000Z,12520
usdc_eth,2020-07-12T00:00:00.000000000Z,12692
usdc_eth,2020-07-13T00:00:00.000000000Z,16440
usdc_eth,2020-07-14T00:00:00.000000000Z,18044
usdc_eth,2020-07-15T00:00:00.000000000Z,16597
usdc_eth,2020-07-16T00:00:00.000000000Z,16509
usdc_eth,2020-07-17T00:00:00.000000000Z,19426
usdc_eth,2020-07-18T00:00:00.000000000Z,20078
usdc_eth,2020-07-19T00:00:00.000000000Z,22404
usdc_eth,2020-07-20T00:00:00.000000000Z,24036
usdc_eth,2020-07-21T00:00:00.000000000Z,19536
usdc_eth,2020-07-22T00:00:00.000000000Z,18767
usdc_eth,2020-07-23T00:00:00.000000000Z,24669
usdc_eth,2020-07-24T00:00:00.000000000Z,22646
usdc_eth,2020-07-25T00:00:00.000000000Z,21933
usdc_eth,2020-07-26T00:00:00.000000000Z,23268
usdc_eth,2020-07-27T00:00:00.000000000Z,28200
usdc_eth,2020-07-28T00:00:00.000000000Z,22513
usdc_eth,2020-07-29T00:00:00.000000000Z,23632
usdc_eth,2020-07-30T00:00:00.000000000Z,21833
usdc_eth,2020-07-31T00:00:00.000000000Z,21088
usdc_eth,2020-08-01T00:00:00.000000000Z,22343
usdc_eth,2020-08-02T00:00:00.000000000Z,21829
usdc_eth,2020-08-03T00:00:00.000000000Z,27313
usdc_eth,2020-08-04T00:00:00.000000000Z,21753
usdc_eth,2020-08-05T00:00:00.000000000Z,23331
usdc_eth,2020-08-06T00:00:00.000000000Z,19313
usdc_eth,2020-08-07T00:00:00.000000000Z,23026
usdc_eth,2020-08-08T00:00:00.000000000Z,20341
usdc_eth,2020-08-09T00:00:00.000000000Z,18072
usdc_eth,2020-08-10T00:00:00.000000000Z,24412
usdc_eth,2020-08-11T00:00:00.000000000Z,26624
usdc_eth,2020-08-12T00:00:00.000000000Z,27879
usdc_eth,2020-08-13T00:00:00.000000000Z,25977
usdc_eth,2020-08-14T00:00:00.000000000Z,29260
usdc_eth,2020-08-15T00:00:00.000000000Z,21451
usdc_eth,2020-08-16T00:00:00.000000000Z,20031
usdc_eth,2020-08-17T00:00:00.000000000Z,24568
usdc_eth,2020-08-18T00:00:00.000000000Z,26900
usdc_eth,2020-08-19T00:00:00.000000000Z,27899
usdc_eth,2020-08-20T00:00:00.000000000Z,23270
usdc_eth,2020-08-21T00:00:00.000000000Z,51950
usdc_eth,2020-08-22T00:00:00.000000000Z,20558
usdc_eth,2020-08-23T00:00:00.000000000Z,17371
usdc_eth,2020-08-24T00:00:00.000000000Z,20196
usdc_eth,2020-08-25T00:00:00.000000000Z,22414
usdc_eth,2020-08-26T00:00:00.000000000Z,23611
usdc_eth,2020-08-27T00:00:00.000000000Z,22930
usdc_eth,2020-08-28T00:00:00.000000000Z,23529
usdc_eth,2020-08-29T00:00:00.000000000Z,19760
usdc_eth,2020-08-30T00:00:00.000000000Z,19771
usdc_eth,2020-08-31T00:00:00.000000000Z,20794
usdc_eth,2020-09-01T00:00:00.000000000Z,27124
usdc_eth,2020-09-02T00:00:00.000000000Z,30174
usdc_eth,2020-09-03T00:00:00.000000000Z,31846
usdc_eth,2020-09-04T00:00:00.000000000Z,34786
usdc_eth,2020-09-05T00:00:00.000000000Z,37934
usdc_eth,2020-09-06T00:00:00.000000000Z,30341
usdc_eth,2020-09-07T00:00:00.000000000Z,25330
usdc_eth,2020-09-08T00:00:00.000000000Z,30612
usdc_eth,2020-09-09T00:00:00.000000000Z,35724
usdc_eth,2020-09-10T00:00:00.000000000Z,37077
usdc_eth,2020-09-11T00:00:00.000000000Z,38166
usdc_eth,2020-09-12T00:00:00.000000000Z,33465
usdc_eth,2020-09-13T00:00:00.000000000Z,31846
usdc_eth,2020-09-14T00:00:00.000000000Z,33861
usdc_eth,2020-09-15T00:00:00.000000000Z,37075
usdc_eth,2020-09-16T00:00:00.000000000Z,35161
usdc_eth,2020-09-17T00:00:00.000000000Z,28770
usdc_eth,2020-09-18T00:00:00.000000000Z,31844
usdc_eth,2020-09-19T00:00:00.000000000Z,35100
usdc_eth,2020-09-20T00:00:00.000000000Z,34943
usdc_eth,2020-09-21T00:00:00.000000000Z,34253
usdc_eth,2020-09-22T00:00:00.000000000Z,29558
usdc_eth,2020-09-23T00:00:00.000000000Z,35794
usdc_eth,2020-09-24T00:00:00.000000000Z,33277
usdc_eth,2020-09-25T00:00:00.000000000Z,30236
usdc_eth,2020-09-26T00:00:00.000000000Z,26878
usdc_eth,2020-09-27T00:00:00.000000000Z,22226
usdc_eth,2020-09-28T00:00:00.000000000Z,25471
usdc_eth,2020-09-29T00:00:00.000000000Z,31608
usdc_eth,2020-09-30T00:00:00.000000000Z,31594
usdc_eth,2020-10-01T00:00:00.000000000Z,36689
usdc_eth,2020-10-02T00:00:00.000000000Z,38792
usdc_eth,2020-03-17T00:00:00.000000000Z,17892
usdc_eth,2020-03-18T00:00:00.000000000Z,14262
usdc_eth,2020-03-19T00:00:00.000000000Z,17912
usdc_eth,2020-03-20T00:00:00.000000000Z,17737
usdc_eth,2020-03-21T00:00:00.000000000Z,10309
usdc_eth,2020-03-22T00:00:00.000000000Z,9674
usdc_eth,2020-03-23T00:00:00.000000000Z,11980
usdc_eth,2020-03-24T00:00:00.000000000Z,12765
usdc_eth,2020-03-25T00:00:00.000000000Z,9375
usdc_eth,2020-03-26T00:00:00.000000000Z,9688
usdc_eth,2020-03-27T00:00:00.000000000Z,10692
usdc_eth,2020-03-28T00:00:00.000000000Z,10668
usdc_eth,2020-03-29T00:00:00.000000000Z,7820
usdc_eth,2020-03-30T00:00:00.000000000Z,10666
usdc_eth,2020-03-31T00:00:00.000000000Z,10282
usdc_eth,2020-04-01T00:00:00.000000000Z,10335
usdc_eth,2020-04-02T00:00:00.000000000Z,12955
usdc_eth,2020-04-03T00:00:00.000000000Z,10915
usdc_eth,2020-04-04T00:00:00.000000000Z,7646
usdc_eth,2020-04-05T00:00:00.000000000Z,7425
usdc_eth,2020-04-06T00:00:00.000000000Z,14094
usdc_eth,2020-04-07T00:00:00.000000000Z,14890
usdc_eth,2020-04-08T00:00:00.000000000Z,11074
usdc_eth,2020-04-09T00:00:00.000000000Z,9655
usdc_eth,2020-04-10T00:00:00.000000000Z,13227
usdc_eth,2020-04-11T00:00:00.000000000Z,7755
usdc_eth,2020-04-12T00:00:00.000000000Z,7800
usdc_eth,2020-04-13T00:00:00.000000000Z,10085
usdc_eth,2020-04-14T00:00:00.000000000Z,8581
usdc_eth,2020-04-15T00:00:00.000000000Z,9740
usdc_eth,2020-04-16T00:00:00.000000000Z,12863
usdc_eth,2020-04-17T00:00:00.000000000Z,10290
usdc_eth,2020-04-18T00:00:00.000000000Z,9901
usdc_eth,2020-04-19T00:00:00.000000000Z,9587
usdc_eth,2020-04-20T00:00:00.000000000Z,12025
usdc_eth,2020-04-21T00:00:00.000000000Z,10442
usdc_eth,2020-04-22T00:00:00.000000000Z,11366
usdc_eth,2020-04-23T00:00:00.000000000Z,14045
usdc_eth,2020-04-24T00:00:00.000000000Z,11190
usdc_eth,2020-04-25T00:00:00.000000000Z,9939
usdc_eth,2020-04-26T00:00:00.000000000Z,8871
usdc_eth,2020-04-27T00:00:00.000000000Z,10569
usdc_eth,2020-04-28T00:00:00.000000000Z,10288
usdc_eth,2020-04-29T00:00:00.000000000Z,15015
usdc_eth,2020-04-30T00:00:00.000000000Z,14008
usdc_eth,2020-05-01T00:00:00.000000000Z,13184
usdc_eth,2020-05-02T00:00:00.000000000Z,9398
usdc_eth,2020-05-03T00:00:00.000000000Z,9955
usdc_eth,2020-05-04T00:00:00.000000000Z,12799
usdc_eth,2020-05-05T00:00:00.000000000Z,10300
usdc_eth,2020-05-06T00:00:00.000000000Z,11559
usdc_eth,2020-05-07T00:00:00.000000000Z,12757
usdc_eth,2020-05-08T00:00:00.000000000Z,13275
usdc_eth,2020-05-09T00:00:00.000000000Z,10191
usdc_eth,2020-05-10T00:00:00.000000000Z,14970
usdc_eth,2020-05-11T00:00:00.000000000Z,13520
usdc_eth,2020-05-12T00:00:00.000000000Z,11684
usdc_eth,2020-05-13T00:00:00.000000000Z,11992
usdc_eth,2020-05-14T00:00:00.000000000Z,13898
usdc_eth,2020-05-15T00:00:00.000000000Z,12152
usdc_eth,2020-05-16T00:00:00.000000000Z,7171
usdc_eth,2020-05-17T00:00:00.000000000Z,7475
usdc_eth,2020-05-18T00:00:00.000000000Z,11720
usdc_eth,2020-05-19T00:00:00.000000000Z,9402
usdc_eth,2020-05-20T00:00:00.000000000Z,9474
usdc_eth,2020-05-21T00:00:00.000000000Z,12741
usdc_eth,2020-05-22T00:00:00.000000000Z,10783
usdc_eth,2020-05-23T00:00:00.000000000Z,7574
usdc_eth,2020-05-24T00:00:00.000000000Z,9722
usdc_eth,2020-05-25T00:00:00.000000000Z,7904
usdc_eth,2020-05-26T00:00:00.000000000Z,8766
usdc_eth,2020-05-27T00:00:00.000000000Z,10304
usdc_eth,2020-05-28T00:00:00.000000000Z,8890
usdc_eth,2020-05-29T00:00:00.000000000Z,11236
usdc_eth,2020-05-30T00:00:00.000000000Z,10906
usdc_eth,2020-05-31T00:00:00.000000000Z,7565
usdc_eth,2020-06-01T00:00:00.000000000Z,10489
usdc_eth,2020-06-02T00:00:00.000000000Z,16724
usdc_eth,2020-06-03T00:00:00.000000000Z,10499
usdc_eth,2020-06-04T00:00:00.000000000Z,9785
usdc_eth,2020-06-05T00:00:00.000000000Z,12690
usdc_eth,2020-06-06T00:00:00.000000000Z,7009
usdc_eth,2020-06-07T00:00:00.000000000Z,7018
usdc_eth,2020-06-08T00:00:00.000000000Z,10990
usdc_eth,2020-06-09T00:00:00.000000000Z,9912
usdc_eth,2020-06-10T00:00:00.000000000Z,10239
usdc_eth,2020-06-11T00:00:00.000000000Z,15836
usdc_eth,2020-06-12T00:00:00.000000000Z,11457
usdc_eth,2020-06-13T00:00:00.000000000Z,7543
usdc_eth,2020-06-14T00:00:00.000000000Z,10960
usdc_eth,2020-06-15T00:00:00.000000000Z,12754
usdc_eth,2020-06-16T00:00:00.000000000Z,13433
usdc_eth,2020-06-17T00:00:00.000000000Z,15928
usdc_eth,2020-06-18T00:00:00.000000000Z,13865
usdc_eth,2020-06-19T00:00:00.000000000Z,18469
usdc_eth,2020-06-20T00:00:00.000000000Z,20222
usdc_eth,2020-06-21T00:00:00.000000000Z,15034
usdc_eth,2020-06-22T00:00:00.000000000Z,18464
usdc_eth,2020-06-23T00:00:00.000000000Z,19404
usdc_eth,2020-06-24T00:00:00.000000000Z,17243
dai,2025-12-08T00:00:00.000000000Z,14044
dai,2025-12-09T00:00:00.000000000Z,17712
dai,2025-12-10T00:00:00.000000000Z,17844
dai,2025-12-11T00:00:00.000000000Z,22853
dai,2025-12-12T00:00:00.000000000Z,18380
dai,2025-12-13T00:00:00.000000000Z,13934
dai,2025-12-14T00:00:00.000000000Z,16568
dai,2025-12-15T00:00:00.000000000Z,25090
dai,2025-12-16T00:00:00.000000000Z,26367
dai,2025-12-17T00:00:00.000000000Z,24549
dai,2025-12-18T00:00:00.000000000Z,26181
dai,2025-12-19T00:00:00.000000000Z,22746
dai,2025-12-20T00:00:00.000000000Z,20029
dai,2025-12-21T00:00:00.000000000Z,31267
dai,2025-12-22T00:00:00.000000000Z,29203
dai,2025-12-23T00:00:00.000000000Z,29387
dai,2025-12-24T00:00:00.000000000Z,30233
dai,2025-12-25T00:00:00.000000000Z,37749
dai,2025-12-26T00:00:00.000000000Z,40966
dai,2025-12-27T00:00:00.000000000Z,43656
dai,2025-12-28T00:00:00.000000000Z,35642
dai,2025-12-29T00:00:00.000000000Z,46496
dai,2025-12-30T00:00:00.000000000Z,33379
dai,2025-12-31T00:00:00.000000000Z,33811
usdc_eth,2020-01-01T00:00:00.000000000Z,2280
usdc_eth,2020-01-02T00:00:00.000000000Z,3221
usdc_eth,2020-01-03T00:00:00.000000000Z,4142
usdc_eth,2020-01-04T00:00:00.000000000Z,2646
usdc_eth,2020-01-05T00:00:00.000000000Z,3119
usdc_eth,2020-01-06T00:00:00.000000000Z,4537
usdc_eth,2020-01-07T00:00:00.000000000Z,5316
usdc_eth,2020-01-08T00:00:00.000000000Z,6108
usdc_eth,2020-01-09T00:00:00.000000000Z,4980
usdc_eth,2020-01-10T00:00:00.000000000Z,4556
usdc_eth,2020-01-11T00:00:00.000000000Z,3832
usdc_eth,2020-01-12T00:00:00.000000000Z,2799
usdc_eth,2020-01-13T00:00:00.000000000Z,3921
usdc_eth,2020-01-14T00:00:00.000000000Z,7817
usdc_eth,2020-01-15T00:00:00.000000000Z,7436
usdc_eth,2020-01-16T00:00:00.000000000Z,6180
usdc_eth,2020-01-17T00:00:00.000000000Z,7460
usdc_eth,2020-01-18T00:00:00.000000000Z,4918
usdc_eth,2020-01-19T00:00:00.000000000Z,5264
usdc_eth,2020-01-20T00:00:00.000000000Z,3839
usdc_eth,2020-01-21T00:00:00.000000000Z,4554
usdc_eth,2020-01-22T00:00:00.000000000Z,4478
usdc_eth,2020-01-23T00:00:00.000000000Z,5489
usdc_eth,2020-01-24T00:00:00.000000000Z,4847
usdc_eth,2020-01-25T00:00:00.000000000Z,3350
usdc_eth,2020-01-26T00:00:00.000000000Z,3453
usdc_eth,2020-01-27T00:00:00.000000000Z,5748
usdc_eth,2020-01-28T00:00:00.000000000Z,5704
usdc_eth,2020-01-29T00:00:00.000000000Z,5710
usdc_eth,2020-01-30T00:00:00.000000000Z,6852
usdc_eth,2020-01-31T00:00:00.000000000Z,5545
usdc_eth,2020-02-01T00:00:00.000000000Z,5724
usdc_eth,2020-02-02T00:00:00.000000000Z,4552
usdc_eth,2020-02-03T00:00:00.000000000Z,5489
usdc_eth,2020-02-04T00:00:00.000000000Z,6609
usdc_eth,2020-02-05T00:00:00.000000000Z,7509
usdc_eth,2020-02-06T00:00:00.000000000Z,7453
usdc_eth,2020-02-07T00:00:00.000000000Z,7168
usdc_eth,2020-02-08T00:00:00.000000000Z,6396
usdc_eth,2020-02-09T00:00:00.000000000Z,6036
usdc_eth,2020-02-10T00:00:00.000000000Z,7125
usdc_eth,2020-02-11T00:00:00.000000000Z,7998
usdc_eth,2020-02-12T00:00:00.000000000Z,12008
usdc_eth,2020-02-13T00:00:00.000000000Z,8941
usdc_eth,2020-02-14T00:00:00.000000000Z,8600
usdc_eth,2020-02-15T00:00:00.000000000Z,7550
usdc_eth,2020-02-16T00:00:00.000000000Z,7532
usdc_eth,2020-02-17T00:00:00.000000000Z,7772
usdc_eth,2020-02-18T00:00:00.000000000Z,8022
usdc_eth,2020-02-19T00:00:00.000000000Z,7569
usdc_eth,2020-02-20T00:00:00.000000000Z,8480
usdc_eth,2020-02-21T00:00:00.000000000Z,6944
usdc_eth,2020-02-22T00:00:00.000000000Z,4896
usdc_eth,2020-02-23T00:00:00.000000000Z,4832
usdc_eth,2020-02-24T00:00:00.000000000Z,6481
usdc_eth,2020-02-25T00:00:00.000000000Z,9025
usdc_eth,2020-02-26T00:00:00.000000000Z,12484
usdc_eth,2020-02-27T00:00:00.000000000Z,10941
usdc_eth,2020-02-28T00:00:00.000000000Z,9785
usdc_eth,2020-02-29T00:00:00.000000000Z,5895
usdc_eth,2020-03-01T00:00:00.000000000Z,7079
usdc_eth,2020-03-02T00:00:00.000000000Z,9219
usdc_eth,2020-03-03T00:00:00.000000000Z,8855
usdc_eth,2020-03-04T00:00:00.000000000Z,7722
usdc_eth,2020-03-05T00:00:00.000000000Z,8433
usdc_eth,2020-03-06T00:00:00.000000000Z,8498
usdc_eth,2020-03-07T00:00:00.000000000Z,6867
usdc_eth,2020-03-08T00:00:00.000000000Z,9049
usdc_eth,2020-03-09T00:00:00.000000000Z,14046
usdc_eth,2020-03-10T00:00:00.000000000Z,8685
usdc_eth,2020-03-11T00:00:00.000000000Z,9402
usdc_eth,2020-03-12T00:00:00.000000000Z,24588
usdc_eth,2020-03-13T00:00:00.000000000Z,30110
usdc_eth,2020-03-14T00:00:00.000000000Z,13351
usdc_eth,2020-03-15T00:00:00.000000000Z,15724
usdc_eth,2020-03-16T00:00:00.000000000Z,22401
dai,2025-08-30T00:00:00.000000000Z,14367
dai,2025-08-31T00:00:00.000000000Z,18518
dai,2025-09-01T00:00:00.000000000Z,15676
dai,2025-09-02T00:00:00.000000000Z,16271
dai,2025-09-03T00:00:00.000000000Z,15974
dai,2025-09-04T00:00:00.000000000Z,12460
dai,2025-09-05T00:00:00.000000000Z,14502
dai,2025-09-06T00:00:00.000000000Z,9461
dai,2025-09-07T00:00:00.000000000Z,8335
dai,2025-09-08T00:00:00.000000000Z,10995
dai,2025-09-09T00:00:00.000000000Z,11703
dai,2025-09-10T00:00:00.000000000Z,11508
dai,2025-09-11T00:00:00.000000000Z,13408
dai,2025-09-12T00:00:00.000000000Z,13367
dai,2025-09-13T00:00:00.000000000Z,12300
dai,2025-09-14T00:00:00.000000000Z,11163
dai,2025-09-15T00:00:00.000000000Z,11016
dai,2025-09-16T00:00:00.000000000Z,11269
dai,2025-09-17T00:00:00.000000000Z,14898
dai,2025-09-18T00:00:00.000000000Z,11298
dai,2025-09-19T00:00:00.000000000Z,13595
dai,2025-09-20T00:00:00.000000000Z,17091
dai,2025-09-21T00:00:00.000000000Z,12391
dai,2025-09-22T00:00:00.000000000Z,16902
dai,2025-09-23T00:00:00.000000000Z,15022
dai,2025-09-24T00:00:00.000000000Z,15733
dai,2025-09-25T00:00:00.000000000Z,21214
dai,2025-09-26T00:00:00.000000000Z,17323
dai,2025-09-27T00:00:00.000000000Z,12789
dai,2025-09-28T00:00:00.000000000Z,13580
dai,2025-09-29T00:00:00.000000000Z,13311
dai,2025-09-30T00:00:00.000000000Z,14998
dai,2025-10-01T00:00:00.000000000Z,14114
dai,2025-10-02T00:00:00.000000000Z,13406
dai,2025-10-03T00:00:00.000000000Z,13723
dai,2025-10-04T00:00:00.000000000Z,10143
dai,2025-10-05T00:00:00.000000000Z,12890
dai,2025-10-06T00:00:00.000000000Z,12062
dai,2025-10-07T00:00:00.000000000Z,15140
dai,2025-10-08T00:00:00.000000000Z,17173
dai,2025-10-09T00:00:00.000000000Z,28250
dai,2025-10-10T00:00:00.000000000Z,25329
dai,2025-10-11T00:00:00.000000000Z,21700
dai,2025-10-12T00:00:00.000000000Z,21160
dai,2025-10-13T00:00:00.000000000Z,17778
dai,2025-10-14T00:00:00.000000000Z,19364
dai,2025-10-15T00:00:00.000000000Z,17324
dai,2025-10-16T00:00:00.000000000Z,16653
dai,2025-10-17T00:00:00.000000000Z,22554
dai,2025-10-18T00:00:00.000000000Z,16518
dai,2025-10-19T00:00:00.000000000Z,15515
dai,2025-10-20T00:00:00.000000000Z,15230
dai,2025-10-21T00:00:00.000000000Z,19156
dai,2025-10-22T00:00:00.000000000Z,19460
dai,2025-10-23T00:00:00.000000000Z,23549
dai,2025-10-24T00:00:00.000000000Z,20724
dai,2025-10-25T00:00:00.000000000Z,14821
dai,2025-10-26T00:00:00.000000000Z,14258
dai,2025-10-27T00:00:00.000000000Z,14329
dai,2025-10-28T00:00:00.000000000Z,17292
dai,2025-10-29T00:00:00.000000000Z,16059
dai,2025-10-30T00:00:00.000000000Z,16893
dai,2025-10-31T00:00:00.000000000Z,17131
dai,2025-11-01T00:00:00.000000000Z,15305
dai,2025-11-02T00:00:00.000000000Z,12686
dai,2025-11-03T00:00:00.000000000Z,18534
dai,2025-11-04T00:00:00.000000000Z,20417
dai,2025-11-05T00:00:00.000000000Z,17659
dai,2025-11-06T00:00:00.000000000Z,13645
dai,2025-11-07T00:00:00.000000000Z,13866
dai,2025-11-08T00:00:00.000000000Z,17597
dai,2025-11-09T00:00:00.000000000Z,19450
dai,2025-11-10T00:00:00.000000000Z,16306
dai,2025-11-11T00:00:00.000000000Z,17933
dai,2025-11-12T00:00:00.000000000Z,16631
dai,2025-11-13T00:00:00.000000000Z,18499
dai,2025-11-14T00:00:00.000000000Z,18894
dai,2025-11-15T00:00:00.000000000Z,22994
dai,2025-11-16T00:00:00.000000000Z,19847
dai,2025-11-17T00:00:00.000000000Z,19119
dai,2025-11-18T00:00:00.000000000Z,18618
dai,2025-11-19T00:00:00.000000000Z,20139
dai,2025-11-20T00:00:00.000000000Z,17013
dai,2025-11-21T00:00:00.000000000Z,24028
dai,2025-11-22T00:00:00.000000000Z,23972
dai,2025-11-23T00:00:00.000000000Z,19498
dai,2025-11-24T00:00:00.000000000Z,17519
dai,2025-11-25T00:00:00.000000000Z,18513
dai,2025-11-26T00:00:00.000000000Z,19809
dai,2025-11-27T00:00:00.000000000Z,17268
dai,2025-11-28T00:00:00.000000000Z,18638
dai,2025-11-29T00:00:00.000000000Z,15532
dai,2025-11-30T00:00:00.000000000Z,14189
dai,2025-12-01T00:00:00.000000000Z,26081
dai,2025-12-02T00:00:00.000000000Z,21323
dai,2025-12-03T00:00:00.000000000Z,22502
dai,2025-12-04T00:00:00.000000000Z,20369
dai,2025-12-05T00:00:00.000000000Z,22573
dai,2025-12-06T00:00:00.000000000Z,15458
dai,2025-12-07T00:00:00.000000000Z,12216
dai,2025-05-22T00:00:00.000000000Z,10148
dai,2025-05-23T00:00:00.000000000Z,12899
dai,2025-05-24T00:00:00.000000000Z,10712
dai,2025-05-25T00:00:00.000000000Z,9400
dai,2025-05-26T00:00:00.000000000Z,9080
dai,2025-05-27T00:00:00.000000000Z,12811
dai,2025-05-28T00:00:00.000000000Z,10272
dai,2025-05-29T00:00:00.000000000Z,9701
dai,2025-05-30T00:00:00.000000000Z,9707
dai,2025-05-31T00:00:00.000000000Z,9147
dai,2025-06-01T00:00:00.000000000Z,9348
dai,2025-06-02T00:00:00.000000000Z,9529
dai,2025-06-03T00:00:00.000000000Z,9032
dai,2025-06-04T00:00:00.000000000Z,9999
dai,2025-06-05T00:00:00.000000000Z,10473
dai,2025-06-06T00:00:00.000000000Z,10601
dai,2025-06-07T00:00:00.000000000Z,6989
dai,2025-06-08T00:00:00.000000000Z,6758
dai,2025-06-09T00:00:00.000000000Z,9018
dai,2025-06-10T00:00:00.000000000Z,9710
dai,2025-06-11T00:00:00.000000000Z,10033
dai,2025-06-12T00:00:00.000000000Z,10684
dai,2025-06-13T00:00:00.000000000Z,13646
dai,2025-06-14T00:00:00.000000000Z,8468
dai,2025-06-15T00:00:00.000000000Z,8156
dai,2025-06-16T00:00:00.000000000Z,10040
dai,2025-06-17T00:00:00.000000000Z,12076
dai,2025-06-18T00:00:00.000000000Z,11673
dai,2025-06-19T00:00:00.000000000Z,8867
dai,2025-06-20T00:00:00.000000000Z,11800
dai,2025-06-21T00:00:00.000000000Z,13170
dai,2025-06-22T00:00:00.000000000Z,14980
dai,2025-06-23T00:00:00.000000000Z,11131
dai,2025-06-24T00:00:00.000000000Z,8730
dai,2025-06-25T00:00:00.000000000Z,7180
dai,2025-06-26T00:00:00.000000000Z,8475
dai,2025-06-27T00:00:00.000000000Z,9862
dai,2025-06-28T00:00:00.000000000Z,6720
dai,2025-06-29T00:00:00.000000000Z,7968
dai,2025-06-30T00:00:00.000000000Z,8228
dai,2025-07-01T00:00:00.000000000Z,9778
dai,2025-07-02T00:00:00.000000000Z,9974
dai,2025-07-03T00:00:00.000000000Z,9157
dai,2025-07-04T00:00:00.000000000Z,9490
dai,2025-07-05T00:00:00.000000000Z,7977
dai,2025-07-06T00:00:00.000000000Z,7674
dai,2025-07-07T00:00:00.000000000Z,7674
dai,2025-07-08T00:00:00.000000000Z,8599
dai,2025-07-09T00:00:00.000000000Z,8937
dai,2025-07-10T00:00:00.000000000Z,9657
dai,2025-07-11T00:00:00.000000000Z,10253
dai,2025-07-12T00:00:00.000000000Z,9510
dai,2025-07-13T00:00:00.000000000Z,8159
dai,2025-07-14T00:00:00.000000000Z,9154
dai,2025-07-15T00:00:00.000000000Z,10681
dai,2025-07-16T00:00:00.000000000Z,10868
dai,2025-07-17T00:00:00.000000000Z,10711
dai,2025-07-18T00:00:00.000000000Z,13194
dai,2025-07-19T00:00:00.000000000Z,9752
dai,2025-07-20T00:00:00.000000000Z,11127
dai,2025-07-21T00:00:00.000000000Z,12156
dai,2025-07-22T00:00:00.000000000Z,13490
dai,2025-07-23T00:00:00.000000000Z,14799
dai,2025-07-24T00:00:00.000000000Z,16221
dai,2025-07-25T00:00:00.000000000Z,16729
dai,2025-07-26T00:00:00.000000000Z,11067
dai,2025-07-27T00:00:00.000000000Z,12976
dai,2025-07-28T00:00:00.000000000Z,14310
dai,2025-07-29T00:00:00.000000000Z,12225
dai,2025-07-30T00:00:00.000000000Z,9952
dai,2025-07-31T00:00:00.000000000Z,10468
dai,2025-08-01T00:00:00.000000000Z,16706
dai,2025-08-02T00:00:00.000000000Z,14174
dai,2025-08-03T00:00:00.000000000Z,10115
dai,2025-08-04T00:00:00.000000000Z,12312
dai,2025-08-05T00:00:00.000000000Z,12176
dai,2025-08-06T00:00:00.000000000Z,11344
dai,2025-08-07T00:00:00.000000000Z,12378
dai,2025-08-08T00:00:00.000000000Z,12294
dai,2025-08-09T00:00:00.000000000Z,13076
dai,2025-08-10T00:00:00.000000000Z,11291
dai,2025-08-11T00:00:00.000000000Z,12748
dai,2025-08-12T00:00:00.000000000Z,16883
dai,2025-08-13T00:00:00.000000000Z,15899
dai,2025-08-14T00:00:00.000000000Z,17538
dai,2025-08-15T00:00:00.000000000Z,15183
dai,2025-08-16T00:00:00.000000000Z,11809
dai,2025-08-17T00:00:00.000000000Z,12021
dai,2025-08-18T00:00:00.000000000Z,16461
dai,2025-08-19T00:00:00.000000000Z,16694
dai,2025-08-20T00:00:00.000000000Z,14866
dai,2025-08-21T00:00:00.000000000Z,14123
dai,2025-08-22T00:00:00.000000000Z,16853
dai,2025-08-23T00:00:00.000000000Z,13867
dai,2025-08-24T00:00:00.000000000Z,15004
dai,2025-08-25T00:00:00.000000000Z,17919
dai,2025-08-26T00:00:00.000000000Z,15525
dai,2025-08-27T00:00:00.000000000Z,12922
dai,2025-08-28T00:00:00.000000000Z,14041
dai,2025-08-29T00:00:00.000000000Z,16066
dai,2025-02-11T00:00:00.000000000Z,9542
dai,2025-02-12T00:00:00.000000000Z,10834
dai,2025-02-13T00:00:00.000000000Z,9046
dai,2025-02-14T00:00:00.000000000Z,8031
dai,2025-02-15T00:00:00.000000000Z,7590
dai,2025-02-16T00:00:00.000000000Z,7133
dai,2025-02-17T00:00:00.000000000Z,6873
dai,2025-02-18T00:00:00.000000000Z,9916
dai,2025-02-19T00:00:00.000000000Z,9325
dai,2025-02-20T00:00:00.000000000Z,8825
dai,2025-02-21T00:00:00.000000000Z,11980
dai,2025-02-22T00:00:00.000000000Z,8290
dai,2025-02-23T00:00:00.000000000Z,8417
dai,2025-02-24T00:00:00.000000000Z,13091
dai,2025-02-25T00:00:00.000000000Z,18249
dai,2025-02-26T00:00:00.000000000Z,13522
dai,2025-02-27T00:00:00.000000000Z,12361
dai,2025-02-28T00:00:00.000000000Z,17755
dai,2025-03-01T00:00:00.000000000Z,9095
dai,2025-03-02T00:00:00.000000000Z,11956
dai,2025-03-03T00:00:00.000000000Z,15653
dai,2025-03-04T00:00:00.000000000Z,17481
dai,2025-03-05T00:00:00.000000000Z,12292
dai,2025-03-06T00:00:00.000000000Z,11927
dai,2025-03-07T00:00:00.000000000Z,15455
dai,2025-03-08T00:00:00.000000000Z,9083
dai,2025-03-09T00:00:00.000000000Z,13066
dai,2025-03-10T00:00:00.000000000Z,19475
dai,2025-03-11T00:00:00.000000000Z,16458
dai,2025-03-12T00:00:00.000000000Z,15563
dai,2025-03-13T00:00:00.000000000Z,13102
dai,2025-03-14T00:00:00.000000000Z,10152
dai,2025-03-15T00:00:00.000000000Z,9627
dai,2025-03-16T00:00:00.000000000Z,9476
dai,2025-03-17T00:00:00.000000000Z,11079
dai,2025-03-18T00:00:00.000000000Z,10256
dai,2025-03-19T00:00:00.000000000Z,11256
dai,2025-03-20T00:00:00.000000000Z,9372
dai,2025-03-21T00:00:00.000000000Z,8603
dai,2025-03-22T00:00:00.000000000Z,9077
dai,2025-03-23T00:00:00.000000000Z,6919
dai,2025-03-24T00:00:00.000000000Z,10794
dai,2025-03-25T00:00:00.000000000Z,10716
dai,2025-03-26T00:00:00.000000000Z,11011
dai,2025-03-27T00:00:00.000000000Z,11102
dai,2025-03-28T00:00:00.000000000Z,11897
dai,2025-03-29T00:00:00.000000000Z,10868
dai,2025-03-30T00:00:00.000000000Z,10120
dai,2025-03-31T00:00:00.000000000Z,11833
dai,2025-04-01T00:00:00.000000000Z,9501
dai,2025-04-02T00:00:00.000000000Z,11164
dai,2025-04-03T00:00:00.000000000Z,10084
dai,2025-04-04T00:00:00.000000000Z,10827
dai,2025-04-05T00:00:00.000000000Z,6441
dai,2025-04-06T00:00:00.000000000Z,12927
dai,2025-04-07T00:00:00.000000000Z,19060
dai,2025-04-08T00:00:00.000000000Z,15139
dai,2025-04-09T00:00:00.000000000Z,17178
dai,2025-04-10T00:00:00.000000000Z,12183
dai,2025-04-11T00:00:00.000000000Z,11147
dai,2025-04-12T00:00:00.000000000Z,9493
dai,2025-04-13T00:00:00.000000000Z,9745
dai,2025-04-14T00:00:00.000000000Z,10418
dai,2025-04-15T00:00:00.000000000Z,9669
dai,2025-04-16T00:00:00.000000000Z,13144
dai,2025-04-17T00:00:00.000000000Z,9819
dai,2025-04-18T00:00:00.000000000Z,8102
dai,2025-04-19T00:00:00.000000000Z,7904
dai,2025-04-20T00:00:00.000000000Z,7234
dai,2025-04-21T00:00:00.000000000Z,10910
dai,2025-04-22T00:00:00.000000000Z,12286
dai,2025-04-23T00:00:00.000000000Z,11750
dai,2025-04-24T00:00:00.000000000Z,8361
dai,2025-04-25T00:00:00.000000000Z,9279
dai,2025-04-26T00:00:00.000000000Z,7587
dai,2025-04-27T00:00:00.000000000Z,7194
dai,2025-04-28T00:00:00.000000000Z,11128
dai,2025-04-29T00:00:00.000000000Z,9178
dai,2025-04-30T00:00:00.000000000Z,9681
dai,2025-05-01T00:00:00.000000000Z,9286
dai,2025-05-02T00:00:00.000000000Z,7965
dai,2025-05-03T00:00:00.000000000Z,6393
dai,2025-05-04T00:00:00.000000000Z,7175
dai,2025-05-05T00:00:00.000000000Z,11331
dai,2025-05-06T00:00:00.000000000Z,9130
dai,2025-05-07T00:00:00.000000000Z,9168
dai,2025-05-08T00:00:00.000000000Z,11288
dai,2025-05-09T00:00:00.000000000Z,12631
dai,2025-05-10T00:00:00.000000000Z,9367
dai,2025-05-11T00:00:00.000000000Z,7421
dai,2025-05-12T00:00:00.000000000Z,8700
dai,2025-05-13T00:00:00.000000000Z,10001
dai,2025-05-14T00:00:00.000000000Z,10223
dai,2025-05-15T00:00:00.000000000Z,11166
dai,2025-05-16T00:00:00.000000000Z,9192
dai,2025-05-17T00:00:00.000000000Z,9644
dai,2025-05-18T00:00:00.000000000Z,11086
dai,2025-05-19T00:00:00.000000000Z,12202
dai,2025-05-20T00:00:00.000000000Z,10158
dai,2025-05-21T00:00:00.000000000Z,13489
dai,2024-11-03T00:00:00.000000000Z,6150
dai,2024-11-04T00:00:00.000000000Z,5654
dai,2024-11-05T00:00:00.000000000Z,6484
dai,2024-11-06T00:00:00.000000000Z,8327
dai,2024-11-07T00:00:00.000000000Z,6840
dai,2024-11-08T00:00:00.000000000Z,5789
dai,2024-11-09T00:00:00.000000000Z,5669
dai,2024-11-10T00:00:00.000000000Z,6439
dai,2024-11-11T00:00:00.000000000Z,7355
dai,2024-11-12T00:00:00.000000000Z,7187
dai,2024-11-13T00:00:00.000000000Z,6446
dai,2024-11-14T00:00:00.000000000Z,6030
dai,2024-11-15T00:00:00.000000000Z,5507
dai,2024-11-16T00:00:00.000000000Z,4676
dai,2024-11-17T00:00:00.000000000Z,5470
dai,2024-11-18T00:00:00.000000000Z,6492
dai,2024-11-19T00:00:00.000000000Z,6157
dai,2024-11-20T00:00:00.000000000Z,6173
dai,2024-11-21T00:00:00.000000000Z,8693
dai,2024-11-22T00:00:00.000000000Z,8089
dai,2024-11-23T00:00:00.000000000Z,6600
dai,2024-11-24T00:00:00.000000000Z,6149
dai,2024-11-25T00:00:00.000000000Z,8421
dai,2024-11-26T00:00:00.000000000Z,8405
dai,2024-11-27T00:00:00.000000000Z,8076
dai,2024-11-28T00:00:00.000000000Z,6965
dai,2024-11-29T00:00:00.000000000Z,6856
dai,2024-11-30T00:00:00.000000000Z,7139
dai,2024-12-01T00:00:00.000000000Z,5701
dai,2024-12-02T00:00:00.000000000Z,7094
dai,2024-12-03T00:00:00.000000000Z,7138
dai,2024-12-04T00:00:00.000000000Z,7607
dai,2024-12-05T00:00:00.000000000Z,8053
dai,2024-12-06T00:00:00.000000000Z,7974
dai,2024-12-07T00:00:00.000000000Z,7356
dai,2024-12-08T00:00:00.000000000Z,6831
dai,2024-12-09T00:00:00.000000000Z,7778
dai,2024-12-10T00:00:00.000000000Z,7038
dai,2024-12-11T00:00:00.000000000Z,6433
dai,2024-12-12T00:00:00.000000000Z,6033
dai,2024-12-13T00:00:00.000000000Z,5073
dai,2024-12-14T00:00:00.000000000Z,5443
dai,2024-12-15T00:00:00.000000000Z,5973
dai,2024-12-16T00:00:00.000000000Z,6973
dai,2024-12-17T00:00:00.000000000Z,6010
dai,2024-12-18T00:00:00.000000000Z,7135
dai,2024-12-19T00:00:00.000000000Z,9068
dai,2024-12-20T00:00:00.000000000Z,10257
dai,2024-12-21T00:00:00.000000000Z,6796
dai,2024-12-22T00:00:00.000000000Z,6799
dai,2024-12-23T00:00:00.000000000Z,7208
dai,2024-12-24T00:00:00.000000000Z,5901
dai,2024-12-25T00:00:00.000000000Z,4939
dai,2024-12-26T00:00:00.000000000Z,6360
dai,2024-12-27T00:00:00.000000000Z,6093
dai,2024-12-28T00:00:00.000000000Z,5077
dai,2024-12-29T00:00:00.000000000Z,5155
dai,2024-12-30T00:00:00.000000000Z,6413
dai,2024-12-31T00:00:00.000000000Z,5679
dai,2025-01-01T00:00:00.000000000Z,3889
dai,2025-01-02T00:00:00.000000000Z,4580
dai,2025-01-03T00:00:00.000000000Z,5056
dai,2025-01-04T00:00:00.000000000Z,4624
dai,2025-01-05T00:00:00.000000000Z,4410
dai,2025-01-06T00:00:00.000000000Z,4852
dai,2025-01-07T00:00:00.000000000Z,6373
dai,2025-01-08T00:00:00.000000000Z,7327
dai,2025-01-09T00:00:00.000000000Z,6603
dai,2025-01-10T00:00:00.000000000Z,6283
dai,2025-01-11T00:00:00.000000000Z,4420
dai,2025-01-12T00:00:00.000000000Z,5232
dai,2025-01-13T00:00:00.000000000Z,9321
dai,2025-01-14T00:00:00.000000000Z,6086
dai,2025-01-15T00:00:00.000000000Z,6558
dai,2025-01-16T00:00:00.000000000Z,6503
dai,2025-01-17T00:00:00.000000000Z,6340
dai,2025-01-18T00:00:00.000000000Z,6637
dai,2025-01-19T00:00:00.000000000Z,6833
dai,2025-01-20T00:00:00.000000000Z,6261
dai,2025-01-21T00:00:00.000000000Z,5759
dai,2025-01-22T00:00:00.000000000Z,5290
dai,2025-01-23T00:00:00.000000000Z,6716
dai,2025-01-24T00:00:00.000000000Z,6290
dai,2025-01-25T00:00:00.000000000Z,4310
dai,2025-01-26T00:00:00.000000000Z,5134
dai,2025-01-27T00:00:00.000000000Z,8433
dai,2025-01-28T00:00:00.000000000Z,6423
dai,2025-01-29T00:00:00.000000000Z,6813
dai,2025-01-30T00:00:00.000000000Z,6798
dai,2025-01-31T00:00:00.000000000Z,7734
dai,2025-02-01T00:00:00.000000000Z,7149
dai,2025-02-02T00:00:00.000000000Z,10817
dai,2025-02-03T00:00:00.000000000Z,16258
dai,2025-02-04T00:00:00.000000000Z,14452
dai,2025-02-05T00:00:00.000000000Z,11282
dai,2025-02-06T00:00:00.000000000Z,10390
dai,2025-02-07T00:00:00.000000000Z,12407
dai,2025-02-08T00:00:00.000000000Z,10031
dai,2025-02-09T00:00:00.000000000Z,9430
dai,2025-02-10T00:00:00.000000000Z,10506
dai,2024-07-26T00:00:00.000000000Z,6551
dai,2024-07-27T00:00:00.000000000Z,5585
dai,2024-07-28T00:00:00.000000000Z,5140
dai,2024-07-29T00:00:00.000000000Z,7438
dai,2024-07-30T00:00:00.000000000Z,6128
dai,2024-07-31T00:00:00.000000000Z,5328
dai,2024-08-01T00:00:00.000000000Z,6659
dai,2024-08-02T00:00:00.000000000Z,8734
dai,2024-08-03T00:00:00.000000000Z,9597
dai,2024-08-04T00:00:00.000000000Z,10714
dai,2024-08-05T00:00:00.000000000Z,23159
dai,2024-08-06T00:00:00.000000000Z,13836
dai,2024-08-07T00:00:00.000000000Z,11240
dai,2024-08-08T00:00:00.000000000Z,9508
dai,2024-08-09T00:00:00.000000000Z,8509
dai,2024-08-10T00:00:00.000000000Z,6115
dai,2024-08-11T00:00:00.000000000Z,7280
dai,2024-08-12T00:00:00.000000000Z,7576
dai,2024-08-13T00:00:00.000000000Z,10253
dai,2024-08-14T00:00:00.000000000Z,7084
dai,2024-08-15T00:00:00.000000000Z,6528
dai,2024-08-16T00:00:00.000000000Z,7377
dai,2024-08-17T00:00:00.000000000Z,5093
dai,2024-08-18T00:00:00.000000000Z,5502
dai,2024-08-19T00:00:00.000000000Z,6966
dai,2024-08-20T00:00:00.000000000Z,7883
dai,2024-08-21T00:00:00.000000000Z,7443
dai,2024-08-22T00:00:00.000000000Z,7960
dai,2024-08-23T00:00:00.000000000Z,9512
dai,2024-08-24T00:00:00.000000000Z,8210
dai,2024-08-25T00:00:00.000000000Z,6436
dai,2024-08-26T00:00:00.000000000Z,7696
dai,2024-08-27T00:00:00.000000000Z,9294
dai,2024-08-28T00:00:00.000000000Z,9911
dai,2024-08-29T00:00:00.000000000Z,7437
dai,2024-08-30T00:00:00.000000000Z,7365
dai,2024-08-31T00:00:00.000000000Z,5636
dai,2024-09-01T00:00:00.000000000Z,7960
dai,2024-09-02T00:00:00.000000000Z,6012
dai,2024-09-03T00:00:00.000000000Z,7628
dai,2024-09-04T00:00:00.000000000Z,8647
dai,2024-09-05T00:00:00.000000000Z,5803
dai,2024-09-06T00:00:00.000000000Z,10076
dai,2024-09-07T00:00:00.000000000Z,6973
dai,2024-09-08T00:00:00.000000000Z,6561
dai,2024-09-09T00:00:00.000000000Z,7165
dai,2024-09-10T00:00:00.000000000Z,5656
dai,2024-09-11T00:00:00.000000000Z,6744
dai,2024-09-12T00:00:00.000000000Z,6394
dai,2024-09-13T00:00:00.000000000Z,7494
dai,2024-09-14T00:00:00.000000000Z,6794
dai,2024-09-15T00:00:00.000000000Z,5794
dai,2024-09-16T00:00:00.000000000Z,6004
dai,2024-09-17T00:00:00.000000000Z,5461
dai,2024-09-18T00:00:00.000000000Z,5641
dai,2024-09-19T00:00:00.000000000Z,5499
dai,2024-09-20T00:00:00.000000000Z,5401
dai,2024-09-21T00:00:00.000000000Z,3704
dai,2024-09-22T00:00:00.000000000Z,4106
dai,2024-09-23T00:00:00.000000000Z,4498
dai,2024-09-24T00:00:00.000000000Z,3917
dai,2024-09-25T00:00:00.000000000Z,4004
dai,2024-09-26T00:00:00.000000000Z,6098
dai,2024-09-27T00:00:00.000000000Z,4985
dai,2024-09-28T00:00:00.000000000Z,4507
dai,2024-09-29T00:00:00.000000000Z,3835
dai,2024-09-30T00:00:00.000000000Z,5319
dai,2024-10-01T00:00:00.000000000Z,6375
dai,2024-10-02T00:00:00.000000000Z,6405
dai,2024-10-03T00:00:00.000000000Z,6952
dai,2024-10-04T00:00:00.000000000Z,6052
dai,2024-10-05T00:00:00.000000000Z,4210
dai,2024-10-06T00:00:00.000000000Z,3919
dai,2024-10-07T00:00:00.000000000Z,4988
dai,2024-10-08T00:00:00.000000000Z,4140
dai,2024-10-09T00:00:00.000000000Z,4233
dai,2024-10-10T00:00:00.000000000Z,5088
dai,2024-10-11T00:00:00.000000000Z,4149
dai,2024-10-12T00:00:00.000000000Z,4277
dai,2024-10-13T00:00:00.000000000Z,3299
dai,2024-10-14T00:00:00.000000000Z,5585
dai,2024-10-15T00:00:00.000000000Z,5525
dai,2024-10-16T00:00:00.000000000Z,5325
dai,2024-10-17T00:00:00.000000000Z,3852
dai,2024-10-18T00:00:00.000000000Z,4028
dai,2024-10-19T00:00:00.000000000Z,3543
dai,2024-10-20T00:00:00.000000000Z,5246
dai,2024-10-21T00:00:00.000000000Z,5371
dai,2024-10-22T00:00:00.000000000Z,5589
dai,2024-10-23T00:00:00.000000000Z,5197
dai,2024-10-24T00:00:00.000000000Z,5307
dai,2024-10-25T00:00:00.000000000Z,6767
dai,2024-10-26T00:00:00.000000000Z,4924
dai,2024-10-27T00:00:00.000000000Z,4082
dai,2024-10-28T00:00:00.000000000Z,4966
dai,2024-10-29T00:00:00.000000000Z,6011
dai,2024-10-30T00:00:00.000000000Z,4731
dai,2024-10-31T00:00:00.000000000Z,5594
dai,2024-11-01T00:00:00.000000000Z,5345
dai,2024-11-02T00:00:00.000000000Z,4154
dai,2024-04-17T00:00:00.000000000Z,6686
dai,2024-04-18T00:00:00.000000000Z,6787
dai,2024-04-19T00:00:00.000000000Z,7910
dai,2024-04-20T00:00:00.000000000Z,5296
dai,2024-04-21T00:00:00.000000000Z,5452
dai,2024-04-22T00:00:00.000000000Z,5953
dai,2024-04-23T00:00:00.000000000Z,5701
dai,2024-04-24T00:00:00.000000000Z,6428
dai,2024-04-25T00:00:00.000000000Z,6437
dai,2024-04-26T00:00:00.000000000Z,6380
dai,2024-04-27T00:00:00.000000000Z,5460
dai,2024-04-28T00:00:00.000000000Z,5815
dai,2024-04-29T00:00:00.000000000Z,6473
dai,2024-04-30T00:00:00.000000000Z,8673
dai,2024-05-01T00:00:00.000000000Z,9661
dai,2024-05-02T00:00:00.000000000Z,6966
dai,2024-05-03T00:00:00.000000000Z,6948
dai,2024-05-04T00:00:00.000000000Z,5556
dai,2024-05-05T00:00:00.000000000Z,4774
dai,2024-05-06T00:00:00.000000000Z,6702
dai,2024-05-07T00:00:00.000000000Z,5563
dai,2024-05-08T00:00:00.000000000Z,6528
dai,2024-05-09T00:00:00.000000000Z,6742
dai,2024-05-10T00:00:00.000000000Z,5426
dai,2024-05-11T00:00:00.000000000Z,4461
dai,2024-05-12T00:00:00.000000000Z,4676
dai,2024-05-13T00:00:00.000000000Z,5536
dai,2024-05-14T00:00:00.000000000Z,6008
dai,2024-05-15T00:00:00.000000000Z,6632
dai,2024-05-16T00:00:00.000000000Z,6342
dai,2024-05-17T00:00:00.000000000Z,6924
dai,2024-05-18T00:00:00.000000000Z,6553
dai,2024-05-19T00:00:00.000000000Z,7463
dai,2024-05-20T00:00:00.000000000Z,9042
dai,2024-05-21T00:00:00.000000000Z,9542
dai,2024-05-22T00:00:00.000000000Z,6931
dai,2024-05-23T00:00:00.000000000Z,8256
dai,2024-05-24T00:00:00.000000000Z,6185
dai,2024-05-25T00:00:00.000000000Z,4807
dai,2024-05-26T00:00:00.000000000Z,4901
dai,2024-05-27T00:00:00.000000000Z,5519
dai,2024-05-28T00:00:00.000000000Z,5072
dai,2024-05-29T00:00:00.000000000Z,5044
dai,2024-05-30T00:00:00.000000000Z,4871
dai,2024-05-31T00:00:00.000000000Z,5719
dai,2024-06-01T00:00:00.000000000Z,3827
dai,2024-06-02T00:00:00.000000000Z,3632
dai,2024-06-03T00:00:00.000000000Z,4594
dai,2024-06-04T00:00:00.000000000Z,4979
dai,2024-06-05T00:00:00.000000000Z,5906
dai,2024-06-06T00:00:00.000000000Z,4988
dai,2024-06-07T00:00:00.000000000Z,5051
dai,2024-06-08T00:00:00.000000000Z,5299
dai,2024-06-09T00:00:00.000000000Z,4195
dai,2024-06-10T00:00:00.000000000Z,5033
dai,2024-06-11T00:00:00.000000000Z,6509
dai,2024-06-12T00:00:00.000000000Z,5089
dai,2024-06-13T00:00:00.000000000Z,5027
dai,2024-06-14T00:00:00.000000000Z,6041
dai,2024-06-15T00:00:00.000000000Z,5148
dai,2024-06-16T00:00:00.000000000Z,5078
dai,2024-06-17T00:00:00.000000000Z,6294
dai,2024-06-18T00:00:00.000000000Z,7365
dai,2024-06-19T00:00:00.000000000Z,6455
dai,2024-06-20T00:00:00.000000000Z,5092
dai,2024-06-21T00:00:00.000000000Z,5712
dai,2024-06-22T00:00:00.000000000Z,5080
dai,2024-06-23T00:00:00.000000000Z,5012
dai,2024-06-24T00:00:00.000000000Z,7976
dai,2024-06-25T00:00:00.000000000Z,6180
dai,2024-06-26T00:00:00.000000000Z,5629
dai,2024-06-27T00:00:00.000000000Z,5316
dai,2024-06-28T00:00:00.000000000Z,5773
dai,2024-06-29T00:00:00.000000000Z,4267
dai,2024-06-30T00:00:00.000000000Z,5320
dai,2024-07-01T00:00:00.000000000Z,5460
dai,2024-07-02T00:00:00.000000000Z,4515
dai,2024-07-03T00:00:00.000000000Z,5525
dai,2024-07-04T00:00:00.000000000Z,8019
dai,2024-07-05T00:00:00.000000000Z,10897
dai,2024-07-06T00:00:00.000000000Z,6264
dai,2024-07-07T00:00:00.000000000Z,6610
dai,2024-07-08T00:00:00.000000000Z,9436
dai,2024-07-09T00:00:00.000000000Z,6014
dai,2024-07-10T00:00:00.000000000Z,5406
dai,2024-07-11T00:00:00.000000000Z,6732
dai,2024-07-12T00:00:00.000000000Z,6583
dai,2024-07-13T00:00:00.000000000Z,5319
dai,2024-07-14T00:00:00.000000000Z,5320
dai,2024-07-15T00:00:00.000000000Z,7237
dai,2024-07-16T00:00:00.000000000Z,6681
dai,2024-07-17T00:00:00.000000000Z,5374
dai,2024-07-18T00:00:00.000000000Z,4656
dai,2024-07-19T00:00:00.000000000Z,5820
dai,2024-07-20T00:00:00.000000000Z,4794
dai,2024-07-21T00:00:00.000000000Z,5099
dai,2024-07-22T00:00:00.000000000Z,5737
dai,2024-07-23T00:00:00.000000000Z,8706
dai,2024-07-24T00:00:00.000000000Z,6654
dai,2024-07-25T00:00:00.000000000Z,9749
dai,2024-01-08T00:00:00.000000000Z,8705
dai,2024-01-09T00:00:00.000000000Z,7922
dai,2024-01-10T00:00:00.000000000Z,8464
dai,2024-01-11T00:00:00.000000000Z,9114
dai,2024-01-12T00:00:00.000000000Z,8717
dai,2024-01-13T00:00:00.000000000Z,6223
dai,2024-01-14T00:00:00.000000000Z,5668
dai,2024-01-15T00:00:00.000000000Z,7563
dai,2024-01-16T00:00:00.000000000Z,6711
dai,2024-01-17T00:00:00.000000000Z,4918
dai,2024-01-18T00:00:00.000000000Z,6155
dai,2024-01-19T00:00:00.000000000Z,6975
dai,2024-01-20T00:00:00.000000000Z,7246
dai,2024-01-21T00:00:00.000000000Z,5096
dai,2024-01-22T00:00:00.000000000Z,8152
dai,2024-01-23T00:00:00.000000000Z,9675
dai,2024-01-24T00:00:00.000000000Z,7124
dai,2024-01-25T00:00:00.000000000Z,6389
dai,2024-01-26T00:00:00.000000000Z,8497
dai,2024-01-27T00:00:00.000000000Z,7378
dai,2024-01-28T00:00:00.000000000Z,8919
dai,2024-01-29T00:00:00.000000000Z,13387
dai,2024-01-30T00:00:00.000000000Z,9738
dai,2024-01-31T00:00:00.000000000Z,8069
dai,2024-02-01T00:00:00.000000000Z,6282
dai,2024-02-02T00:00:00.000000000Z,6849
dai,2024-02-03T00:00:00.000000000Z,4901
dai,2024-02-04T00:00:00.000000000Z,4568
dai,2024-02-05T00:00:00.000000000Z,5996
dai,2024-02-06T00:00:00.000000000Z,5792
dai,2024-02-07T00:00:00.000000000Z,5034
dai,2024-02-08T00:00:00.000000000Z,4392
dai,2024-02-09T00:00:00.000000000Z,4818
dai,2024-02-10T00:00:00.000000000Z,5229
dai,2024-02-11T00:00:00.000000000Z,4429
dai,2024-02-12T00:00:00.000000000Z,6067
dai,2024-02-13T00:00:00.000000000Z,6279
dai,2024-02-14T00:00:00.000000000Z,7343
dai,2024-02-15T00:00:00.000000000Z,6170
dai,2024-02-16T00:00:00.000000000Z,5579
dai,2024-02-17T00:00:00.000000000Z,5132
dai,2024-02-18T00:00:00.000000000Z,6971
dai,2024-02-19T00:00:00.000000000Z,6903
dai,2024-02-20T00:00:00.000000000Z,6720
dai,2024-02-21T00:00:00.000000000Z,6042
dai,2024-02-22T00:00:00.000000000Z,4811
dai,2024-02-23T00:00:00.000000000Z,4756
dai,2024-02-24T00:00:00.000000000Z,4676
dai,2024-02-25T00:00:00.000000000Z,4667
dai,2024-02-26T00:00:00.000000000Z,6138
dai,2024-02-27T00:00:00.000000000Z,7087
dai,2024-02-28T00:00:00.000000000Z,8273
dai,2024-02-29T00:00:00.000000000Z,7683
dai,2024-03-01T00:00:00.000000000Z,7992
dai,2024-03-02T00:00:00.000000000Z,6235
dai,2024-03-03T00:00:00.000000000Z,6237
dai,2024-03-04T00:00:00.000000000Z,7380
dai,2024-03-05T00:00:00.000000000Z,8773
dai,2024-03-06T00:00:00.000000000Z,7860
dai,2024-03-07T00:00:00.000000000Z,6064
dai,2024-03-08T00:00:00.000000000Z,7062
dai,2024-03-09T00:00:00.000000000Z,5597
dai,2024-03-10T00:00:00.000000000Z,6330
dai,2024-03-11T00:00:00.000000000Z,6907
dai,2024-03-12T00:00:00.000000000Z,6836
dai,2024-03-13T00:00:00.000000000Z,6523
dai,2024-03-14T00:00:00.000000000Z,6574
dai,2024-03-15T00:00:00.000000000Z,9701
dai,2024-03-16T00:00:00.000000000Z,6943
dai,2024-03-17T00:00:00.000000000Z,6951
dai,2024-03-18T00:00:00.000000000Z,6214
dai,2024-03-19T00:00:00.000000000Z,9435
dai,2024-03-20T00:00:00.000000000Z,9424
dai,2024-03-21T00:00:00.000000000Z,7108
dai,2024-03-22T00:00:00.000000000Z,7476
dai,2024-03-23T00:00:00.000000000Z,5351
dai,2024-03-24T00:00:00.000000000Z,5675
dai,2024-03-25T00:00:00.000000000Z,6951
dai,2024-03-26T00:00:00.000000000Z,6068
dai,2024-03-27T00:00:00.000000000Z,5828
dai,2024-03-28T00:00:00.000000000Z,5186
dai,2024-03-29T00:00:00.000000000Z,6753
dai,2024-03-30T00:00:00.000000000Z,4996
dai,2024-03-31T00:00:00.000000000Z,4802
dai,2024-04-01T00:00:00.000000000Z,6751
dai,2024-04-02T00:00:00.000000000Z,8974
dai,2024-04-03T00:00:00.000000000Z,6354
dai,2024-04-04T00:00:00.000000000Z,6066
dai,2024-04-05T00:00:00.000000000Z,5972
dai,2024-04-06T00:00:00.000000000Z,4703
dai,2024-04-07T00:00:00.000000000Z,4968
dai,2024-04-08T00:00:00.000000000Z,7201
dai,2024-04-09T00:00:00.000000000Z,6056
dai,2024-04-10T00:00:00.000000000Z,6265
dai,2024-04-11T00:00:00.000000000Z,5622
dai,2024-04-12T00:00:00.000000000Z,8843
dai,2024-04-13T00:00:00.000000000Z,9953
dai,2024-04-14T00:00:00.000000000Z,9802
dai,2024-04-15T00:00:00.000000000Z,8541
dai,2024-04-16T00:00:00.000000000Z,8287
dai,2023-09-30T00:00:00.000000000Z,4461
dai,2023-10-01T00:00:00.000000000Z,4468
dai,2023-10-02T00:00:00.000000000Z,6732
dai,2023-10-03T00:00:00.000000000Z,5139
dai,2023-10-04T00:00:00.000000000Z,5848
dai,2023-10-05T00:00:00.000000000Z,5496
dai,2023-10-06T00:00:00.000000000Z,5152
dai,2023-10-07T00:00:00.000000000Z,4048
dai,2023-10-08T00:00:00.000000000Z,4574
dai,2023-10-09T00:00:00.000000000Z,6263
dai,2023-10-10T00:00:00.000000000Z,6329
dai,2023-10-11T00:00:00.000000000Z,6582
dai,2023-10-12T00:00:00.000000000Z,6633
dai,2023-10-13T00:00:00.000000000Z,5337
dai,2023-10-14T00:00:00.000000000Z,3890
dai,2023-10-15T00:00:00.000000000Z,4319
dai,2023-10-16T00:00:00.000000000Z,6946
dai,2023-10-17T00:00:00.000000000Z,5840
dai,2023-10-18T00:00:00.000000000Z,6308
dai,2023-10-19T00:00:00.000000000Z,5884
dai,2023-10-20T00:00:00.000000000Z,6343
dai,2023-10-21T00:00:00.000000000Z,5041
dai,2023-10-22T00:00:00.000000000Z,5860
dai,2023-10-23T00:00:00.000000000Z,8557
dai,2023-10-24T00:00:00.000000000Z,9438
dai,2023-10-25T00:00:00.000000000Z,6668
dai,2023-10-26T00:00:00.000000000Z,6967
dai,2023-10-27T00:00:00.000000000Z,6434
dai,2023-10-28T00:00:00.000000000Z,5565
dai,2023-10-29T00:00:00.000000000Z,5025
dai,2023-10-30T00:00:00.000000000Z,5607
dai,2023-10-31T00:00:00.000000000Z,5446
dai,2023-11-01T00:00:00.000000000Z,6551
dai,2023-11-02T00:00:00.000000000Z,6716
dai,2023-11-03T00:00:00.000000000Z,5716
dai,2023-11-04T00:00:00.000000000Z,4774
dai,2023-11-05T00:00:00.000000000Z,5672
dai,2023-11-06T00:00:00.000000000Z,5246
dai,2023-11-07T00:00:00.000000000Z,5226
dai,2023-11-08T00:00:00.000000000Z,5147
dai,2023-11-09T00:00:00.000000000Z,7233
dai,2023-11-10T00:00:00.000000000Z,6622
dai,2023-11-11T00:00:00.000000000Z,6206
dai,2023-11-12T00:00:00.000000000Z,4774
dai,2023-11-13T00:00:00.000000000Z,5321
dai,2023-11-14T00:00:00.000000000Z,5747
dai,2023-11-15T00:00:00.000000000Z,6134
dai,2023-11-16T00:00:00.000000000Z,5683
dai,2023-11-17T00:00:00.000000000Z,5571
dai,2023-11-18T00:00:00.000000000Z,4758
dai,2023-11-19T00:00:00.000000000Z,4826
dai,2023-11-20T00:00:00.000000000Z,5454
dai,2023-11-21T00:00:00.000000000Z,6300
dai,2023-11-22T00:00:00.000000000Z,5792
dai,2023-11-23T00:00:00.000000000Z,4642
dai,2023-11-24T00:00:00.000000000Z,5051
dai,2023-11-25T00:00:00.000000000Z,3712
dai,2023-11-26T00:00:00.000000000Z,4008
dai,2023-11-27T00:00:00.000000000Z,5162
dai,2023-11-28T00:00:00.000000000Z,4469
dai,2023-11-29T00:00:00.000000000Z,4796
dai,2023-11-30T00:00:00.000000000Z,4232
dai,2023-12-01T00:00:00.000000000Z,4767
dai,2023-12-02T00:00:00.000000000Z,4319
dai,2023-12-03T00:00:00.000000000Z,4406
dai,2023-12-04T00:00:00.000000000Z,6052
dai,2023-12-05T00:00:00.000000000Z,5346
dai,2023-12-06T00:00:00.000000000Z,5017
dai,2023-12-07T00:00:00.000000000Z,5182
dai,2023-12-08T00:00:00.000000000Z,5362
dai,2023-12-09T00:00:00.000000000Z,5310
dai,2023-12-10T00:00:00.000000000Z,4585
dai,2023-12-11T00:00:00.000000000Z,6899
dai,2023-12-12T00:00:00.000000000Z,9865
dai,2023-12-13T00:00:00.000000000Z,17687
dai,2023-12-14T00:00:00.000000000Z,6787
dai,2023-12-15T00:00:00.000000000Z,5584
dai,2023-12-16T00:00:00.000000000Z,5464
dai,2023-12-17T00:00:00.000000000Z,4685
dai,2023-12-18T00:00:00.000000000Z,5714
dai,2023-12-19T00:00:00.000000000Z,5522
dai,2023-12-20T00:00:00.000000000Z,4805
dai,2023-12-21T00:00:00.000000000Z,5305
dai,2023-12-22T00:00:00.000000000Z,5611
dai,2023-12-23T00:00:00.000000000Z,4659
dai,2023-12-24T00:00:00.000000000Z,5015
dai,2023-12-25T00:00:00.000000000Z,4769
dai,2023-12-26T00:00:00.000000000Z,6547
dai,2023-12-27T00:00:00.000000000Z,6697
dai,2023-12-28T00:00:00.000000000Z,7827
dai,2023-12-29T00:00:00.000000000Z,6914
dai,2023-12-30T00:00:00.000000000Z,6043
dai,2023-12-31T00:00:00.000000000Z,6505
dai,2024-01-01T00:00:00.000000000Z,6907
dai,2024-01-02T00:00:00.000000000Z,8018
dai,2024-01-03T00:00:00.000000000Z,8214
dai,2024-01-04T00:00:00.000000000Z,7680
dai,2024-01-05T00:00:00.000000000Z,8062
dai,2024-01-06T00:00:00.000000000Z,5497
dai,2024-01-07T00:00:00.000000000Z,4255
dai,2023-06-22T00:00:00.000000000Z,5733
dai,2023-06-23T00:00:00.000000000Z,16680
dai,2023-06-24T00:00:00.000000000Z,5300
dai,2023-06-25T00:00:00.000000000Z,4772
dai,2023-06-26T00:00:00.000000000Z,9023
dai,2023-06-27T00:00:00.000000000Z,5791
dai,2023-06-28T00:00:00.000000000Z,5361
dai,2023-06-29T00:00:00.000000000Z,4454
dai,2023-06-30T00:00:00.000000000Z,6535
dai,2023-07-01T00:00:00.000000000Z,4338
dai,2023-07-02T00:00:00.000000000Z,4463
dai,2023-07-03T00:00:00.000000000Z,6359
dai,2023-07-04T00:00:00.000000000Z,4997
dai,2023-07-05T00:00:00.000000000Z,3964
dai,2023-07-06T00:00:00.000000000Z,5076
dai,2023-07-07T00:00:00.000000000Z,4930
dai,2023-07-08T00:00:00.000000000Z,4214
dai,2023-07-09T00:00:00.000000000Z,3779
dai,2023-07-10T00:00:00.000000000Z,4680
dai,2023-07-11T00:00:00.000000000Z,4924
dai,2023-07-12T00:00:00.000000000Z,4174
dai,2023-07-13T00:00:00.000000000Z,5642
dai,2023-07-14T00:00:00.000000000Z,6164
dai,2023-07-15T00:00:00.000000000Z,4486
dai,2023-07-16T00:00:00.000000000Z,3705
dai,2023-07-17T00:00:00.000000000Z,4907
dai,2023-07-18T00:00:00.000000000Z,4155
dai,2023-07-19T00:00:00.000000000Z,4736
dai,2023-07-20T00:00:00.000000000Z,5771
dai,2023-07-21T00:00:00.000000000Z,4626
dai,2023-07-22T00:00:00.000000000Z,4097
dai,2023-07-23T00:00:00.000000000Z,3660
dai,2023-07-24T00:00:00.000000000Z,4816
dai,2023-07-25T00:00:00.000000000Z,4709
dai,2023-07-26T00:00:00.000000000Z,4875
dai,2023-07-27T00:00:00.000000000Z,4156
dai,2023-07-28T00:00:00.000000000Z,4052
dai,2023-07-29T00:00:00.000000000Z,3694
dai,2023-07-30T00:00:00.000000000Z,4623
dai,2023-07-31T00:00:00.000000000Z,7031
dai,2023-08-01T00:00:00.000000000Z,8946
dai,2023-08-02T00:00:00.000000000Z,7045
dai,2023-08-03T00:00:00.000000000Z,5982
dai,2023-08-04T00:00:00.000000000Z,5941
dai,2023-08-05T00:00:00.000000000Z,4569
dai,2023-08-06T00:00:00.000000000Z,4445
dai,2023-08-07T00:00:00.000000000Z,5627
dai,2023-08-08T00:00:00.000000000Z,5671
dai,2023-08-09T00:00:00.000000000Z,5512
dai,2023-08-10T00:00:00.000000000Z,5183
dai,2023-08-11T00:00:00.000000000Z,5007
dai,2023-08-12T00:00:00.000000000Z,3924
dai,2023-08-13T00:00:00.000000000Z,3847
dai,2023-08-14T00:00:00.000000000Z,4317
dai,2023-08-15T00:00:00.000000000Z,4767
dai,2023-08-16T00:00:00.000000000Z,5106
dai,2023-08-17T00:00:00.000000000Z,8019
dai,2023-08-18T00:00:00.000000000Z,7174
dai,2023-08-19T00:00:00.000000000Z,4741
dai,2023-08-20T00:00:00.000000000Z,3878
dai,2023-08-21T00:00:00.000000000Z,4642
dai,2023-08-22T00:00:00.000000000Z,5606
dai,2023-08-23T00:00:00.000000000Z,5248
dai,2023-08-24T00:00:00.000000000Z,5380
dai,2023-08-25T00:00:00.000000000Z,4601
dai,2023-08-26T00:00:00.000000000Z,3357
dai,2023-08-27T00:00:00.000000000Z,3728
dai,2023-08-28T00:00:00.000000000Z,4161
dai,2023-08-29T00:00:00.000000000Z,4917
dai,2023-08-30T00:00:00.000000000Z,4796
dai,2023-08-31T00:00:00.000000000Z,5560
dai,2023-09-01T00:00:00.000000000Z,6200
dai,2023-09-02T00:00:00.000000000Z,4240
dai,2023-09-03T00:00:00.000000000Z,3343
dai,2023-09-04T00:00:00.000000000Z,4205
dai,2023-09-05T00:00:00.000000000Z,4583
dai,2023-09-06T00:00:00.000000000Z,4482
dai,2023-09-07T00:00:00.000000000Z,4344
dai,2023-09-08T00:00:00.000000000Z,4700
dai,2023-09-09T00:00:00.000000000Z,3543
dai,2023-09-10T00:00:00.000000000Z,4167
dai,2023-09-11T00:00:00.000000000Z,6724
dai,2023-09-12T00:00:00.000000000Z,5732
dai,2023-09-13T00:00:00.000000000Z,4472
dai,2023-09-14T00:00:00.000000000Z,4664
dai,2023-09-15T00:00:00.000000000Z,4782
dai,2023-09-16T00:00:00.000000000Z,3892
dai,2023-09-17T00:00:00.000000000Z,3504
dai,2023-09-18T00:00:00.000000000Z,4926
dai,2023-09-19T00:00:00.000000000Z,4934
dai,2023-09-20T00:00:00.000000000Z,4705
dai,2023-09-21T00:00:00.000000000Z,5400
dai,2023-09-22T00:00:00.000000000Z,5075
dai,2023-09-23T00:00:00.000000000Z,4455
dai,2023-09-24T00:00:00.000000000Z,4978
dai,2023-09-25T00:00:00.000000000Z,4719
dai,2023-09-26T00:00:00.000000000Z,4495
dai,2023-09-27T00:00:00.000000000Z,5333
dai,2023-09-28T00:00:00.000000000Z,5702
dai,2023-09-29T00:00:00.000000000Z,5405
dai,2023-03-14T00:00:00.000000000Z,13703
dai,2023-03-15T00:00:00.000000000Z,11595
dai,2023-03-16T00:00:00.000000000Z,8905
dai,2023-03-17T00:00:00.000000000Z,10346
dai,2023-03-18T00:00:00.000000000Z,9485
dai,2023-03-19T00:00:00.000000000Z,8480
dai,2023-03-20T00:00:00.000000000Z,9717
dai,2023-03-21T00:00:00.000000000Z,11286
dai,2023-03-22T00:00:00.000000000Z,10007
dai,2023-03-23T00:00:00.000000000Z,8292
dai,2023-03-24T00:00:00.000000000Z,8189
dai,2023-03-25T00:00:00.000000000Z,6598
dai,2023-03-26T00:00:00.000000000Z,8918
dai,2023-03-27T00:00:00.000000000Z,13009
dai,2023-03-28T00:00:00.000000000Z,11766
dai,2023-03-29T00:00:00.000000000Z,8083
dai,2023-03-30T00:00:00.000000000Z,6931
dai,2023-03-31T00:00:00.000000000Z,7682
dai,2023-04-01T00:00:00.000000000Z,6218
dai,2023-04-02T00:00:00.000000000Z,5536
dai,2023-04-03T00:00:00.000000000Z,7261
dai,2023-04-04T00:00:00.000000000Z,6688
dai,2023-04-05T00:00:00.000000000Z,5902
dai,2023-04-06T00:00:00.000000000Z,5586
dai,2023-04-07T00:00:00.000000000Z,5251
dai,2023-04-08T00:00:00.000000000Z,4687
dai,2023-04-09T00:00:00.000000000Z,4282
dai,2023-04-10T00:00:00.000000000Z,5778
dai,2023-04-11T00:00:00.000000000Z,6478
dai,2023-04-12T00:00:00.000000000Z,8607
dai,2023-04-13T00:00:00.000000000Z,6722
dai,2023-04-14T00:00:00.000000000Z,8446
dai,2023-04-15T00:00:00.000000000Z,5115
dai,2023-04-16T00:00:00.000000000Z,4859
dai,2023-04-17T00:00:00.000000000Z,5958
dai,2023-04-18T00:00:00.000000000Z,4928
dai,2023-04-19T00:00:00.000000000Z,5196
dai,2023-04-20T00:00:00.000000000Z,5743
dai,2023-04-21T00:00:00.000000000Z,6335
dai,2023-04-22T00:00:00.000000000Z,3921
dai,2023-04-23T00:00:00.000000000Z,3434
dai,2023-04-24T00:00:00.000000000Z,4422
dai,2023-04-25T00:00:00.000000000Z,5864
dai,2023-04-26T00:00:00.000000000Z,7680
dai,2023-04-27T00:00:00.000000000Z,6978
dai,2023-04-28T00:00:00.000000000Z,5640
dai,2023-04-29T00:00:00.000000000Z,4920
dai,2023-04-30T00:00:00.000000000Z,4855
dai,2023-05-01T00:00:00.000000000Z,4706
dai,2023-05-02T00:00:00.000000000Z,4210
dai,2023-05-03T00:00:00.000000000Z,4811
dai,2023-05-04T00:00:00.000000000Z,4597
dai,2023-05-05T00:00:00.000000000Z,3512
dai,2023-05-06T00:00:00.000000000Z,4066
dai,2023-05-07T00:00:00.000000000Z,4426
dai,2023-05-08T00:00:00.000000000Z,6416
dai,2023-05-09T00:00:00.000000000Z,9737
dai,2023-05-10T00:00:00.000000000Z,4056
dai,2023-05-11T00:00:00.000000000Z,4459
dai,2023-05-12T00:00:00.000000000Z,5336
dai,2023-05-13T00:00:00.000000000Z,4342
dai,2023-05-14T00:00:00.000000000Z,3589
dai,2023-05-15T00:00:00.000000000Z,4454
dai,2023-05-16T00:00:00.000000000Z,8495
dai,2023-05-17T00:00:00.000000000Z,8334
dai,2023-05-18T00:00:00.000000000Z,7649
dai,2023-05-19T00:00:00.000000000Z,5186
dai,2023-05-20T00:00:00.000000000Z,4722
dai,2023-05-21T00:00:00.000000000Z,6531
dai,2023-05-22T00:00:00.000000000Z,7407
dai,2023-05-23T00:00:00.000000000Z,6006
dai,2023-05-24T00:00:00.000000000Z,7153
dai,2023-05-25T00:00:00.000000000Z,6646
dai,2023-05-26T00:00:00.000000000Z,5584
dai,2023-05-27T00:00:00.000000000Z,4571
dai,2023-05-28T00:00:00.000000000Z,4697
dai,2023-05-29T00:00:00.000000000Z,4407
dai,2023-05-30T00:00:00.000000000Z,4631
dai,2023-05-31T00:00:00.000000000Z,5797
dai,2023-06-01T00:00:00.000000000Z,4997
dai,2023-06-02T00:00:00.000000000Z,5138
dai,2023-06-03T00:00:00.000000000Z,4035
dai,2023-06-04T00:00:00.000000000Z,3674
dai,2023-06-05T00:00:00.000000000Z,5810
dai,2023-06-06T00:00:00.000000000Z,5709
dai,2023-06-07T00:00:00.000000000Z,5516
dai,2023-06-08T00:00:00.000000000Z,4655
dai,2023-06-09T00:00:00.000000000Z,6837
dai,2023-06-10T00:00:00.000000000Z,8377
dai,2023-06-11T00:00:00.000000000Z,4605
dai,2023-06-12T00:00:00.000000000Z,5896
dai,2023-06-13T00:00:00.000000000Z,5313
dai,2023-06-14T00:00:00.000000000Z,5491
dai,2023-06-15T00:00:00.000000000Z,8292
dai,2023-06-16T00:00:00.000000000Z,6084
dai,2023-06-17T00:00:00.000000000Z,3959
dai,2023-06-18T00:00:00.000000000Z,3446
dai,2023-06-19T00:00:00.000000000Z,4357
dai,2023-06-20T00:00:00.000000000Z,5830
dai,2023-06-21T00:00:00.000000000Z,7584
dai,2022-12-04T00:00:00.000000000Z,9884
dai,2022-12-05T00:00:00.000000000Z,9385
dai,2022-12-06T00:00:00.000000000Z,7400
dai,2022-12-07T00:00:00.000000000Z,8439
dai,2022-12-08T00:00:00.000000000Z,7494
dai,2022-12-09T00:00:00.000000000Z,5734
dai,2022-12-10T00:00:00.000000000Z,6434
dai,2022-12-11T00:00:00.000000000Z,5893
dai,2022-12-12T00:00:00.000000000Z,8039
dai,2022-12-13T00:00:00.000000000Z,12047
dai,2022-12-14T00:00:00.000000000Z,9112
dai,2022-12-15T00:00:00.000000000Z,7875
dai,2022-12-16T00:00:00.000000000Z,11354
dai,2022-12-17T00:00:00.000000000Z,9031
dai,2022-12-18T00:00:00.000000000Z,6777
dai,2022-12-19T00:00:00.000000000Z,8178
dai,2022-12-20T00:00:00.000000000Z,9957
dai,2022-12-21T00:00:00.000000000Z,9046
dai,2022-12-22T00:00:00.000000000Z,8102
dai,2022-12-23T00:00:00.000000000Z,7537
dai,2022-12-24T00:00:00.000000000Z,6365
dai,2022-12-25T00:00:00.000000000Z,5695
dai,2022-12-26T00:00:00.000000000Z,7453
dai,2022-12-27T00:00:00.000000000Z,8128
dai,2022-12-28T00:00:00.000000000Z,8526
dai,2022-12-29T00:00:00.000000000Z,8023
dai,2022-12-30T00:00:00.000000000Z,7590
dai,2022-12-31T00:00:00.000000000Z,5881
dai,2023-01-01T00:00:00.000000000Z,5078
dai,2023-01-02T00:00:00.000000000Z,6493
dai,2023-01-03T00:00:00.000000000Z,5527
dai,2023-01-04T00:00:00.000000000Z,6911
dai,2023-01-05T00:00:00.000000000Z,6804
dai,2023-01-06T00:00:00.000000000Z,6428
dai,2023-01-07T00:00:00.000000000Z,5221
dai,2023-01-08T00:00:00.000000000Z,4734
dai,2023-01-09T00:00:00.000000000Z,7796
dai,2023-01-10T00:00:00.000000000Z,6629
dai,2023-01-11T00:00:00.000000000Z,6521
dai,2023-01-12T00:00:00.000000000Z,9665
dai,2023-01-13T00:00:00.000000000Z,7577
dai,2023-01-14T00:00:00.000000000Z,9775
dai,2023-01-15T00:00:00.000000000Z,7477
dai,2023-01-16T00:00:00.000000000Z,8573
dai,2023-01-17T00:00:00.000000000Z,8596
dai,2023-01-18T00:00:00.000000000Z,12219
dai,2023-01-19T00:00:00.000000000Z,10295
dai,2023-01-20T00:00:00.000000000Z,9463
dai,2023-01-21T00:00:00.000000000Z,11065
dai,2023-01-22T00:00:00.000000000Z,9882
dai,2023-01-23T00:00:00.000000000Z,9424
dai,2023-01-24T00:00:00.000000000Z,10017
dai,2023-01-25T00:00:00.000000000Z,12559
dai,2023-01-26T00:00:00.000000000Z,10875
dai,2023-01-27T00:00:00.000000000Z,10685
dai,2023-01-28T00:00:00.000000000Z,11127
dai,2023-01-29T00:00:00.000000000Z,13063
dai,2023-01-30T00:00:00.000000000Z,18532
dai,2023-01-31T00:00:00.000000000Z,18794
dai,2023-02-01T00:00:00.000000000Z,8481
dai,2023-02-02T00:00:00.000000000Z,16842
dai,2023-02-03T00:00:00.000000000Z,8183
dai,2023-02-04T00:00:00.000000000Z,6683
dai,2023-02-05T00:00:00.000000000Z,7098
dai,2023-02-06T00:00:00.000000000Z,7168
dai,2023-02-07T00:00:00.000000000Z,7433
dai,2023-02-08T00:00:00.000000000Z,7056
dai,2023-02-09T00:00:00.000000000Z,8257
dai,2023-02-10T00:00:00.000000000Z,7607
dai,2023-02-11T00:00:00.000000000Z,5973
dai,2023-02-12T00:00:00.000000000Z,6102
dai,2023-02-13T00:00:00.000000000Z,9143
dai,2023-02-14T00:00:00.000000000Z,7455
dai,2023-02-15T00:00:00.000000000Z,11276
dai,2023-02-16T00:00:00.000000000Z,9659
dai,2023-02-17T00:00:00.000000000Z,8462
dai,2023-02-18T00:00:00.000000000Z,7377
dai,2023-02-19T00:00:00.000000000Z,7405
dai,2023-02-20T00:00:00.000000000Z,8352
dai,2023-02-21T00:00:00.000000000Z,8061
dai,2023-02-22T00:00:00.000000000Z,8116
dai,2023-02-23T00:00:00.000000000Z,7002
dai,2023-02-24T00:00:00.000000000Z,7682
dai,2023-02-25T00:00:00.000000000Z,6142
dai,2023-02-26T00:00:00.000000000Z,5759
dai,2023-02-27T00:00:00.000000000Z,7097
dai,2023-02-28T00:00:00.000000000Z,7629
dai,2023-03-01T00:00:00.000000000Z,7460
dai,2023-03-02T00:00:00.000000000Z,6969
dai,2023-03-03T00:00:00.000000000Z,8654
dai,2023-03-04T00:00:00.000000000Z,5424
dai,2023-03-05T00:00:00.000000000Z,5689
dai,2023-03-06T00:00:00.000000000Z,6279
dai,2023-03-07T00:00:00.000000000Z,7412
dai,2023-03-08T00:00:00.000000000Z,6897
dai,2023-03-09T00:00:00.000000000Z,9397
dai,2023-03-10T00:00:00.000000000Z,16068
dai,2023-03-11T00:00:00.000000000Z,56342
dai,2023-03-12T00:00:00.000000000Z,23495
dai,2023-03-13T00:00:00.000000000Z,20024
dai,2022-08-26T00:00:00.000000000Z,11419
dai,2022-08-27T00:00:00.000000000Z,9967
dai,2022-08-28T00:00:00.000000000Z,7774
dai,2022-08-29T00:00:00.000000000Z,14431
dai,2022-08-30T00:00:00.000000000Z,14340
dai,2022-08-31T00:00:00.000000000Z,10335
dai,2022-09-01T00:00:00.000000000Z,9188
dai,2022-09-02T00:00:00.000000000Z,9365
dai,2022-09-03T00:00:00.000000000Z,7776
dai,2022-09-04T00:00:00.000000000Z,7076
dai,2022-09-05T00:00:00.000000000Z,9132
dai,2022-09-06T00:00:00.000000000Z,12969
dai,2022-09-07T00:00:00.000000000Z,11354
dai,2022-09-08T00:00:00.000000000Z,9693
dai,2022-09-09T00:00:00.000000000Z,9349
dai,2022-09-10T00:00:00.000000000Z,9290
dai,2022-09-11T00:00:00.000000000Z,12146
dai,2022-09-12T00:00:00.000000000Z,10850
dai,2022-09-13T00:00:00.000000000Z,12660
dai,2022-09-14T00:00:00.000000000Z,12645
dai,2022-09-15T00:00:00.000000000Z,15524
dai,2022-09-16T00:00:00.000000000Z,11953
dai,2022-09-17T00:00:00.000000000Z,12210
dai,2022-09-18T00:00:00.000000000Z,17627
dai,2022-09-19T00:00:00.000000000Z,16729
dai,2022-09-20T00:00:00.000000000Z,12864
dai,2022-09-21T00:00:00.000000000Z,18439
dai,2022-09-22T00:00:00.000000000Z,19141
dai,2022-09-23T00:00:00.000000000Z,14780
dai,2022-09-24T00:00:00.000000000Z,10286
dai,2022-09-25T00:00:00.000000000Z,8848
dai,2022-09-26T00:00:00.000000000Z,10406
dai,2022-09-27T00:00:00.000000000Z,9407
dai,2022-09-28T00:00:00.000000000Z,10175
dai,2022-09-29T00:00:00.000000000Z,9459
dai,2022-09-30T00:00:00.000000000Z,9384
dai,2022-10-01T00:00:00.000000000Z,8665
dai,2022-10-02T00:00:00.000000000Z,10047
dai,2022-10-03T00:00:00.000000000Z,8074
dai,2022-10-04T00:00:00.000000000Z,8671
dai,2022-10-05T00:00:00.000000000Z,8708
dai,2022-10-06T00:00:00.000000000Z,9268
dai,2022-10-07T00:00:00.000000000Z,8396
dai,2022-10-08T00:00:00.000000000Z,5703
dai,2022-10-09T00:00:00.000000000Z,4373
dai,2022-10-10T00:00:00.000000000Z,5099
dai,2022-10-11T00:00:00.000000000Z,7256
dai,2022-10-12T00:00:00.000000000Z,6859
dai,2022-10-13T00:00:00.000000000Z,10554
dai,2022-10-14T00:00:00.000000000Z,7931
dai,2022-10-15T00:00:00.000000000Z,5257
dai,2022-10-16T00:00:00.000000000Z,6155
dai,2022-10-17T00:00:00.000000000Z,6141
dai,2022-10-18T00:00:00.000000000Z,6157
dai,2022-10-19T00:00:00.000000000Z,6995
dai,2022-10-20T00:00:00.000000000Z,7016
dai,2022-10-21T00:00:00.000000000Z,5941
dai,2022-10-22T00:00:00.000000000Z,5471
dai,2022-10-23T00:00:00.000000000Z,6287
dai,2022-10-24T00:00:00.000000000Z,7161
dai,2022-10-25T00:00:00.000000000Z,9322
dai,2022-10-26T00:00:00.000000000Z,10539
dai,2022-10-27T00:00:00.000000000Z,10800
dai,2022-10-28T00:00:00.000000000Z,9344
dai,2022-10-29T00:00:00.000000000Z,9493
dai,2022-10-30T00:00:00.000000000Z,8877
dai,2022-10-31T00:00:00.000000000Z,9035
dai,2022-11-01T00:00:00.000000000Z,9971
dai,2022-11-02T00:00:00.000000000Z,11368
dai,2022-11-03T00:00:00.000000000Z,9656
dai,2022-11-04T00:00:00.000000000Z,10215
dai,2022-11-05T00:00:00.000000000Z,7409
dai,2022-11-06T00:00:00.000000000Z,7587
dai,2022-11-07T00:00:00.000000000Z,10063
dai,2022-11-08T00:00:00.000000000Z,17713
dai,2022-11-09T00:00:00.000000000Z,24446
dai,2022-11-10T00:00:00.000000000Z,23119
dai,2022-11-11T00:00:00.000000000Z,16566
dai,2022-11-12T00:00:00.000000000Z,12628
dai,2022-11-13T00:00:00.000000000Z,12272
dai,2022-11-14T00:00:00.000000000Z,14990
dai,2022-11-15T00:00:00.000000000Z,12442
dai,2022-11-16T00:00:00.000000000Z,13153
dai,2022-11-17T00:00:00.000000000Z,11849
dai,2022-11-18T00:00:00.000000000Z,10638
dai,2022-11-19T00:00:00.000000000Z,12721
dai,2022-11-20T00:00:00.000000000Z,14912
dai,2022-11-21T00:00:00.000000000Z,17445
dai,2022-11-22T00:00:00.000000000Z,14605
dai,2022-11-23T00:00:00.000000000Z,13062
dai,2022-11-24T00:00:00.000000000Z,13559
dai,2022-11-25T00:00:00.000000000Z,11228
dai,2022-11-26T00:00:00.000000000Z,10276
dai,2022-11-27T00:00:00.000000000Z,8929
dai,2022-11-28T00:00:00.000000000Z,10619
dai,2022-11-29T00:00:00.000000000Z,12011
dai,2022-11-30T00:00:00.000000000Z,11925
dai,2022-12-01T00:00:00.000000000Z,10648
dai,2022-12-02T00:00:00.000000000Z,10614
dai,2022-12-03T00:00:00.000000000Z,9843
dai,2022-05-18T00:00:00.000000000Z,10067
dai,2022-05-19T00:00:00.000000000Z,10094
dai,2022-05-20T00:00:00.000000000Z,8964
dai,2022-05-21T00:00:00.000000000Z,6330
dai,2022-05-22T00:00:00.000000000Z,6568
dai,2022-05-23T00:00:00.000000000Z,8787
dai,2022-05-24T00:00:00.000000000Z,7583
dai,2022-05-25T00:00:00.000000000Z,6895
dai,2022-05-26T00:00:00.000000000Z,9646
dai,2022-05-27T00:00:00.000000000Z,9881
dai,2022-05-28T00:00:00.000000000Z,7598
dai,2022-05-29T00:00:00.000000000Z,6193
dai,2022-05-30T00:00:00.000000000Z,12674
dai,2022-05-31T00:00:00.000000000Z,8437
dai,2022-06-01T00:00:00.000000000Z,7842
dai,2022-06-02T00:00:00.000000000Z,6976
dai,2022-06-03T00:00:00.000000000Z,6717
dai,2022-06-04T00:00:00.000000000Z,5765
dai,2022-06-05T00:00:00.000000000Z,5379
dai,2022-06-06T00:00:00.000000000Z,6795
dai,2022-06-07T00:00:00.000000000Z,7335
dai,2022-06-08T00:00:00.000000000Z,5662
dai,2022-06-09T00:00:00.000000000Z,6281
dai,2022-06-10T00:00:00.000000000Z,8916
dai,2022-06-11T00:00:00.000000000Z,14797
dai,2022-06-12T00:00:00.000000000Z,16675
dai,2022-06-13T00:00:00.000000000Z,27349
dai,2022-06-14T00:00:00.000000000Z,19634
dai,2022-06-15T00:00:00.000000000Z,19336
dai,2022-06-16T00:00:00.000000000Z,13487
dai,2022-06-17T00:00:00.000000000Z,11543
dai,2022-06-18T00:00:00.000000000Z,20394
dai,2022-06-19T00:00:00.000000000Z,17132
dai,2022-06-20T00:00:00.000000000Z,18462
dai,2022-06-21T00:00:00.000000000Z,10637
dai,2022-06-22T00:00:00.000000000Z,13430
dai,2022-06-23T00:00:00.000000000Z,13459
dai,2022-06-24T00:00:00.000000000Z,8805
dai,2022-06-25T00:00:00.000000000Z,6421
dai,2022-06-26T00:00:00.000000000Z,5825
dai,2022-06-27T00:00:00.000000000Z,7109
dai,2022-06-28T00:00:00.000000000Z,8798
dai,2022-06-29T00:00:00.000000000Z,11907
dai,2022-06-30T00:00:00.000000000Z,10477
dai,2022-07-01T00:00:00.000000000Z,11890
dai,2022-07-02T00:00:00.000000000Z,8876
dai,2022-07-03T00:00:00.000000000Z,7850
dai,2022-07-04T00:00:00.000000000Z,8696
dai,2022-07-05T00:00:00.000000000Z,9174
dai,2022-07-06T00:00:00.000000000Z,8483
dai,2022-07-07T00:00:00.000000000Z,7507
dai,2022-07-08T00:00:00.000000000Z,8553
dai,2022-07-09T00:00:00.000000000Z,6522
dai,2022-07-10T00:00:00.000000000Z,6585
dai,2022-07-11T00:00:00.000000000Z,7186
dai,2022-07-12T00:00:00.000000000Z,8203
dai,2022-07-13T00:00:00.000000000Z,8911
dai,2022-07-14T00:00:00.000000000Z,8467
dai,2022-07-15T00:00:00.000000000Z,8084
dai,2022-07-16T00:00:00.000000000Z,8883
dai,2022-07-17T00:00:00.000000000Z,7643
dai,2022-07-18T00:00:00.000000000Z,11525
dai,2022-07-19T00:00:00.000000000Z,9377
dai,2022-07-20T00:00:00.000000000Z,9439
dai,2022-07-21T00:00:00.000000000Z,9148
dai,2022-07-22T00:00:00.000000000Z,9175
dai,2022-07-23T00:00:00.000000000Z,7712
dai,2022-07-24T00:00:00.000000000Z,8547
dai,2022-07-25T00:00:00.000000000Z,9166
dai,2022-07-26T00:00:00.000000000Z,9292
dai,2022-07-27T00:00:00.000000000Z,11468
dai,2022-07-28T00:00:00.000000000Z,10864
dai,2022-07-29T00:00:00.000000000Z,9927
dai,2022-07-30T00:00:00.000000000Z,10267
dai,2022-07-31T00:00:00.000000000Z,8216
dai,2022-08-01T00:00:00.000000000Z,8900
dai,2022-08-02T00:00:00.000000000Z,10588
dai,2022-08-03T00:00:00.000000000Z,9279
dai,2022-08-04T00:00:00.000000000Z,7912
dai,2022-08-05T00:00:00.000000000Z,9264
dai,2022-08-06T00:00:00.000000000Z,7156
dai,2022-08-07T00:00:00.000000000Z,8475
dai,2022-08-08T00:00:00.000000000Z,10016
dai,2022-08-09T00:00:00.000000000Z,11793
dai,2022-08-10T00:00:00.000000000Z,11269
dai,2022-08-11T00:00:00.000000000Z,11709
dai,2022-08-12T00:00:00.000000000Z,9322
dai,2022-08-13T00:00:00.000000000Z,10161
dai,2022-08-14T00:00:00.000000000Z,10315
dai,2022-08-15T00:00:00.000000000Z,9136
dai,2022-08-16T00:00:00.000000000Z,9004
dai,2022-08-17T00:00:00.000000000Z,9745
dai,2022-08-18T00:00:00.000000000Z,7768
dai,2022-08-19T00:00:00.000000000Z,12890
dai,2022-08-20T00:00:00.000000000Z,10926
dai,2022-08-21T00:00:00.000000000Z,11870
dai,2022-08-22T00:00:00.000000000Z,11297
dai,2022-08-23T00:00:00.000000000Z,11108
dai,2022-08-24T00:00:00.000000000Z,8969
dai,2022-08-25T00:00:00.000000000Z,8151
dai,2022-02-07T00:00:00.000000000Z,8626
dai,2022-02-08T00:00:00.000000000Z,8968
dai,2022-02-09T00:00:00.000000000Z,8412
dai,2022-02-10T00:00:00.000000000Z,7988
dai,2022-02-11T00:00:00.000000000Z,10801
dai,2022-02-12T00:00:00.000000000Z,8832
dai,2022-02-13T00:00:00.000000000Z,6950
dai,2022-02-14T00:00:00.000000000Z,7474
dai,2022-02-15T00:00:00.000000000Z,7234
dai,2022-02-16T00:00:00.000000000Z,6568
dai,2022-02-17T00:00:00.000000000Z,7859
dai,2022-02-18T00:00:00.000000000Z,7122
dai,2022-02-19T00:00:00.000000000Z,6948
dai,2022-02-20T00:00:00.000000000Z,9071
dai,2022-02-21T00:00:00.000000000Z,8615
dai,2022-02-22T00:00:00.000000000Z,8727
dai,2022-02-23T00:00:00.000000000Z,7401
dai,2022-02-24T00:00:00.000000000Z,15450
dai,2022-02-25T00:00:00.000000000Z,9220
dai,2022-02-26T00:00:00.000000000Z,7299
dai,2022-02-27T00:00:00.000000000Z,8864
dai,2022-02-28T00:00:00.000000000Z,9098
dai,2022-03-01T00:00:00.000000000Z,9654
dai,2022-03-02T00:00:00.000000000Z,8672
dai,2022-03-03T00:00:00.000000000Z,7890
dai,2022-03-04T00:00:00.000000000Z,10124
dai,2022-03-05T00:00:00.000000000Z,8130
dai,2022-03-06T00:00:00.000000000Z,8776
dai,2022-03-07T00:00:00.000000000Z,12276
dai,2022-03-08T00:00:00.000000000Z,11964
dai,2022-03-09T00:00:00.000000000Z,11212
dai,2022-03-10T00:00:00.000000000Z,10035
dai,2022-03-11T00:00:00.000000000Z,9732
dai,2022-03-12T00:00:00.000000000Z,8705
dai,2022-03-13T00:00:00.000000000Z,8023
dai,2022-03-14T00:00:00.000000000Z,9288
dai,2022-03-15T00:00:00.000000000Z,9548
dai,2022-03-16T00:00:00.000000000Z,9372
dai,2022-03-17T00:00:00.000000000Z,7979
dai,2022-03-18T00:00:00.000000000Z,9158
dai,2022-03-19T00:00:00.000000000Z,7984
dai,2022-03-20T00:00:00.000000000Z,8228
dai,2022-03-21T00:00:00.000000000Z,8246
dai,2022-03-22T00:00:00.000000000Z,9237
dai,2022-03-23T00:00:00.000000000Z,9020
dai,2022-03-24T00:00:00.000000000Z,9607
dai,2022-03-25T00:00:00.000000000Z,8561
dai,2022-03-26T00:00:00.000000000Z,6582
dai,2022-03-27T00:00:00.000000000Z,7889
dai,2022-03-28T00:00:00.000000000Z,11285
dai,2022-03-29T00:00:00.000000000Z,10025
dai,2022-03-30T00:00:00.000000000Z,9099
dai,2022-03-31T00:00:00.000000000Z,8909
dai,2022-04-01T00:00:00.000000000Z,9817
dai,2022-04-02T00:00:00.000000000Z,8983
dai,2022-04-03T00:00:00.000000000Z,7115
dai,2022-04-04T00:00:00.000000000Z,8325
dai,2022-04-05T00:00:00.000000000Z,7316
dai,2022-04-06T00:00:00.000000000Z,10078
dai,2022-04-07T00:00:00.000000000Z,7454
dai,2022-04-08T00:00:00.000000000Z,7356
dai,2022-04-09T00:00:00.000000000Z,6726
dai,2022-04-10T00:00:00.000000000Z,7061
dai,2022-04-11T00:00:00.000000000Z,10538
dai,2022-04-12T00:00:00.000000000Z,8351
dai,2022-04-13T00:00:00.000000000Z,7615
dai,2022-04-14T00:00:00.000000000Z,7213
dai,2022-04-15T00:00:00.000000000Z,6323
dai,2022-04-16T00:00:00.000000000Z,6546
dai,2022-04-17T00:00:00.000000000Z,7917
dai,2022-04-18T00:00:00.000000000Z,10110
dai,2022-04-19T00:00:00.000000000Z,7347
dai,2022-04-20T00:00:00.000000000Z,7327
dai,2022-04-21T00:00:00.000000000Z,7725
dai,2022-04-22T00:00:00.000000000Z,7023
dai,2022-04-23T00:00:00.000000000Z,5886
dai,2022-04-24T00:00:00.000000000Z,5365
dai,2022-04-25T00:00:00.000000000Z,7914
dai,2022-04-26T00:00:00.000000000Z,7413
dai,2022-04-27T00:00:00.000000000Z,7319
dai,2022-04-28T00:00:00.000000000Z,6677
dai,2022-04-29T00:00:00.000000000Z,7407
dai,2022-04-30T00:00:00.000000000Z,7350
dai,2022-05-01T00:00:00.000000000Z,6005
dai,2022-05-02T00:00:00.000000000Z,6021
dai,2022-05-03T00:00:00.000000000Z,5712
dai,2022-05-04T00:00:00.000000000Z,6995
dai,2022-05-05T00:00:00.000000000Z,7494
dai,2022-05-06T00:00:00.000000000Z,8392
dai,2022-05-07T00:00:00.000000000Z,7661
dai,2022-05-08T00:00:00.000000000Z,11376
dai,2022-05-09T00:00:00.000000000Z,18988
dai,2022-05-10T00:00:00.000000000Z,17259
dai,2022-05-11T00:00:00.000000000Z,22980
dai,2022-05-12T00:00:00.000000000Z,28673
dai,2022-05-13T00:00:00.000000000Z,15257
dai,2022-05-14T00:00:00.000000000Z,11175
dai,2022-05-15T00:00:00.000000000Z,11046
dai,2022-05-16T00:00:00.000000000Z,11258
dai,2022-05-17T00:00:00.000000000Z,9319
dai,2021-10-30T00:00:00.000000000Z,9216
dai,2021-10-31T00:00:00.000000000Z,9797
dai,2021-11-01T00:00:00.000000000Z,9966
dai,2021-11-02T00:00:00.000000000Z,10827
dai,2021-11-03T00:00:00.000000000Z,11820
dai,2021-11-04T00:00:00.000000000Z,12375
dai,2021-11-05T00:00:00.000000000Z,10983
dai,2021-11-06T00:00:00.000000000Z,10570
dai,2021-11-07T00:00:00.000000000Z,11205
dai,2021-11-08T00:00:00.000000000Z,11940
dai,2021-11-09T00:00:00.000000000Z,9829
dai,2021-11-10T00:00:00.000000000Z,11936
dai,2021-11-11T00:00:00.000000000Z,10194
dai,2021-11-12T00:00:00.000000000Z,10226
dai,2021-11-13T00:00:00.000000000Z,8935
dai,2021-11-14T00:00:00.000000000Z,10253
dai,2021-11-15T00:00:00.000000000Z,9933
dai,2021-11-16T00:00:00.000000000Z,15101
dai,2021-11-17T00:00:00.000000000Z,13652
dai,2021-11-18T00:00:00.000000000Z,13034
dai,2021-11-19T00:00:00.000000000Z,12213
dai,2021-11-20T00:00:00.000000000Z,11052
dai,2021-11-21T00:00:00.000000000Z,11218
dai,2021-11-22T00:00:00.000000000Z,10890
dai,2021-11-23T00:00:00.000000000Z,11163
dai,2021-11-24T00:00:00.000000000Z,11683
dai,2021-11-25T00:00:00.000000000Z,11571
dai,2021-11-26T00:00:00.000000000Z,14861
dai,2021-11-27T00:00:00.000000000Z,10517
dai,2021-11-28T00:00:00.000000000Z,10560
dai,2021-11-29T00:00:00.000000000Z,12161
dai,2021-11-30T00:00:00.000000000Z,18125
dai,2021-12-01T00:00:00.000000000Z,12351
dai,2021-12-02T00:00:00.000000000Z,12602
dai,2021-12-03T00:00:00.000000000Z,13649
dai,2021-12-04T00:00:00.000000000Z,18519
dai,2021-12-05T00:00:00.000000000Z,11677
dai,2021-12-06T00:00:00.000000000Z,14155
dai,2021-12-07T00:00:00.000000000Z,10423
dai,2021-12-08T00:00:00.000000000Z,11568
dai,2021-12-09T00:00:00.000000000Z,11442
dai,2021-12-10T00:00:00.000000000Z,12922
dai,2021-12-11T00:00:00.000000000Z,10874
dai,2021-12-12T00:00:00.000000000Z,11055
dai,2021-12-13T00:00:00.000000000Z,14265
dai,2021-12-14T00:00:00.000000000Z,13586
dai,2021-12-15T00:00:00.000000000Z,13142
dai,2021-12-16T00:00:00.000000000Z,11113
dai,2021-12-17T00:00:00.000000000Z,12333
dai,2021-12-18T00:00:00.000000000Z,11524
dai,2021-12-19T00:00:00.000000000Z,9924
dai,2021-12-20T00:00:00.000000000Z,11301
dai,2021-12-21T00:00:00.000000000Z,10884
dai,2021-12-22T00:00:00.000000000Z,8903
dai,2021-12-23T00:00:00.000000000Z,9608
dai,2021-12-24T00:00:00.000000000Z,9171
dai,2021-12-25T00:00:00.000000000Z,6215
dai,2021-12-26T00:00:00.000000000Z,8164
dai,2021-12-27T00:00:00.000000000Z,8028
dai,2021-12-28T00:00:00.000000000Z,9515
dai,2021-12-29T00:00:00.000000000Z,7439
dai,2021-12-30T00:00:00.000000000Z,8848
dai,2021-12-31T00:00:00.000000000Z,8580
dai,2022-01-01T00:00:00.000000000Z,7237
dai,2022-01-02T00:00:00.000000000Z,6559
dai,2022-01-03T00:00:00.000000000Z,7773
dai,2022-01-04T00:00:00.000000000Z,6992
dai,2022-01-05T00:00:00.000000000Z,8906
dai,2022-01-06T00:00:00.000000000Z,11093
dai,2022-01-07T00:00:00.000000000Z,12105
dai,2022-01-08T00:00:00.000000000Z,9457
dai,2022-01-09T00:00:00.000000000Z,5944
dai,2022-01-10T00:00:00.000000000Z,9273
dai,2022-01-11T00:00:00.000000000Z,7067
dai,2022-01-12T00:00:00.000000000Z,6894
dai,2022-01-13T00:00:00.000000000Z,6636
dai,2022-01-14T00:00:00.000000000Z,6427
dai,2022-01-15T00:00:00.000000000Z,5892
dai,2022-01-16T00:00:00.000000000Z,6240
dai,2022-01-17T00:00:00.000000000Z,11256
dai,2022-01-18T00:00:00.000000000Z,9499
dai,2022-01-19T00:00:00.000000000Z,8808
dai,2022-01-20T00:00:00.000000000Z,8293
dai,2022-01-21T00:00:00.000000000Z,16699
dai,2022-01-22T00:00:00.000000000Z,19495
dai,2022-01-23T00:00:00.000000000Z,8672
dai,2022-01-24T00:00:00.000000000Z,14806
dai,2022-01-25T00:00:00.000000000Z,8341
dai,2022-01-26T00:00:00.000000000Z,9159
dai,2022-01-27T00:00:00.000000000Z,8364
dai,2022-01-28T00:00:00.000000000Z,8452
dai,2022-01-29T00:00:00.000000000Z,6387
dai,2022-01-30T00:00:00.000000000Z,5890
dai,2022-01-31T00:00:00.000000000Z,7185
dai,2022-02-01T00:00:00.000000000Z,6947
dai,2022-02-02T00:00:00.000000000Z,7062
dai,2022-02-03T00:00:00.000000000Z,7386
dai,2022-02-04T00:00:00.000000000Z,9540
dai,2022-02-05T00:00:00.000000000Z,9736
dai,2022-02-06T00:00:00.000000000Z,7542
dai,2021-07-22T00:00:00.000000000Z,15020
dai,2021-07-23T00:00:00.000000000Z,15810
dai,2021-07-24T00:00:00.000000000Z,16276
dai,2021-07-25T00:00:00.000000000Z,12748
dai,2021-07-26T00:00:00.000000000Z,22342
dai,2021-07-27T00:00:00.000000000Z,16751
dai,2021-07-28T00:00:00.000000000Z,14350
dai,2021-07-29T00:00:00.000000000Z,14543
dai,2021-07-30T00:00:00.000000000Z,16100
dai,2021-07-31T00:00:00.000000000Z,14776
dai,2021-08-01T00:00:00.000000000Z,15512
dai,2021-08-02T00:00:00.000000000Z,16218
dai,2021-08-03T00:00:00.000000000Z,14346
dai,2021-08-04T00:00:00.000000000Z,17015
dai,2021-08-05T00:00:00.000000000Z,13978
dai,2021-08-06T00:00:00.000000000Z,13933
dai,2021-08-07T00:00:00.000000000Z,15579
dai,2021-08-08T00:00:00.000000000Z,14282
dai,2021-08-09T00:00:00.000000000Z,15299
dai,2021-08-10T00:00:00.000000000Z,13591
dai,2021-08-11T00:00:00.000000000Z,14623
dai,2021-08-12T00:00:00.000000000Z,14246
dai,2021-08-13T00:00:00.000000000Z,14741
dai,2021-08-14T00:00:00.000000000Z,14542
dai,2021-08-15T00:00:00.000000000Z,12178
dai,2021-08-16T00:00:00.000000000Z,13812
dai,2021-08-17T00:00:00.000000000Z,16182
dai,2021-08-18T00:00:00.000000000Z,16419
dai,2021-08-19T00:00:00.000000000Z,15207
dai,2021-08-20T00:00:00.000000000Z,14607
dai,2021-08-21T00:00:00.000000000Z,14456
dai,2021-08-22T00:00:00.000000000Z,18065
dai,2021-08-23T00:00:00.000000000Z,13360
dai,2021-08-24T00:00:00.000000000Z,11717
dai,2021-08-25T00:00:00.000000000Z,10807
dai,2021-08-26T00:00:00.000000000Z,10909
dai,2021-08-27T00:00:00.000000000Z,9360
dai,2021-08-28T00:00:00.000000000Z,8721
dai,2021-08-29T00:00:00.000000000Z,9081
dai,2021-08-30T00:00:00.000000000Z,10041
dai,2021-08-31T00:00:00.000000000Z,11194
dai,2021-09-01T00:00:00.000000000Z,11666
dai,2021-09-02T00:00:00.000000000Z,10587
dai,2021-09-03T00:00:00.000000000Z,9263
dai,2021-09-04T00:00:00.000000000Z,7746
dai,2021-09-05T00:00:00.000000000Z,7902
dai,2021-09-06T00:00:00.000000000Z,9585
dai,2021-09-07T00:00:00.000000000Z,14256
dai,2021-09-08T00:00:00.000000000Z,12276
dai,2021-09-09T00:00:00.000000000Z,9826
dai,2021-09-10T00:00:00.000000000Z,12851
dai,2021-09-11T00:00:00.000000000Z,13045
dai,2021-09-12T00:00:00.000000000Z,12899
dai,2021-09-13T00:00:00.000000000Z,13023
dai,2021-09-14T00:00:00.000000000Z,12874
dai,2021-09-15T00:00:00.000000000Z,12198
dai,2021-09-16T00:00:00.000000000Z,12158
dai,2021-09-17T00:00:00.000000000Z,11236
dai,2021-09-18T00:00:00.000000000Z,12055
dai,2021-09-19T00:00:00.000000000Z,12968
dai,2021-09-20T00:00:00.000000000Z,17546
dai,2021-09-21T00:00:00.000000000Z,16752
dai,2021-09-22T00:00:00.000000000Z,16887
dai,2021-09-23T00:00:00.000000000Z,15408
dai,2021-09-24T00:00:00.000000000Z,13812
dai,2021-09-25T00:00:00.000000000Z,11589
dai,2021-09-26T00:00:00.000000000Z,10698
dai,2021-09-27T00:00:00.000000000Z,9696
dai,2021-09-28T00:00:00.000000000Z,9802
dai,2021-09-29T00:00:00.000000000Z,10899
dai,2021-09-30T00:00:00.000000000Z,10941
dai,2021-10-01T00:00:00.000000000Z,13541
dai,2021-10-02T00:00:00.000000000Z,11922
dai,2021-10-03T00:00:00.000000000Z,11144
dai,2021-10-04T00:00:00.000000000Z,11480
dai,2021-10-05T00:00:00.000000000Z,10868
dai,2021-10-06T00:00:00.000000000Z,10579
dai,2021-10-07T00:00:00.000000000Z,10764
dai,2021-10-08T00:00:00.000000000Z,10033
dai,2021-10-09T00:00:00.000000000Z,11848
dai,2021-10-10T00:00:00.000000000Z,11377
dai,2021-10-11T00:00:00.000000000Z,13147
dai,2021-10-12T00:00:00.000000000Z,13003
dai,2021-10-13T00:00:00.000000000Z,11526
dai,2021-10-14T00:00:00.000000000Z,12102
dai,2021-10-15T00:00:00.000000000Z,19975
dai,2021-10-16T00:00:00.000000000Z,12247
dai,2021-10-17T00:00:00.000000000Z,12684
dai,2021-10-18T00:00:00.000000000Z,13571
dai,2021-10-19T00:00:00.000000000Z,13725
dai,2021-10-20T00:00:00.000000000Z,17852
dai,2021-10-21T00:00:00.000000000Z,15041
dai,2021-10-22T00:00:00.000000000Z,12802
dai,2021-10-23T00:00:00.000000000Z,12580
dai,2021-10-24T00:00:00.000000000Z,12003
dai,2021-10-25T00:00:00.000000000Z,12211
dai,2021-10-26T00:00:00.000000000Z,13575
dai,2021-10-27T00:00:00.000000000Z,11817
dai,2021-10-28T00:00:00.000000000Z,11260
dai,2021-10-29T00:00:00.000000000Z,11579
dai,2021-04-13T00:00:00.000000000Z,15577
dai,2021-04-14T00:00:00.000000000Z,15440
dai,2021-04-15T00:00:00.000000000Z,16217
dai,2021-04-16T00:00:00.000000000Z,14639
dai,2021-04-17T00:00:00.000000000Z,13209
dai,2021-04-18T00:00:00.000000000Z,20796
dai,2021-04-19T00:00:00.000000000Z,14299
dai,2021-04-20T00:00:00.000000000Z,13849
dai,2021-04-21T00:00:00.000000000Z,15655
dai,2021-04-22T00:00:00.000000000Z,21514
dai,2021-04-23T00:00:00.000000000Z,24713
dai,2021-04-24T00:00:00.000000000Z,18905
dai,2021-04-25T00:00:00.000000000Z,20861
dai,2021-04-26T00:00:00.000000000Z,22585
dai,2021-04-27T00:00:00.000000000Z,20093
dai,2021-04-28T00:00:00.000000000Z,19624
dai,2021-04-29T00:00:00.000000000Z,19968
dai,2021-04-30T00:00:00.000000000Z,18981
dai,2021-05-01T00:00:00.000000000Z,20263
dai,2021-05-02T00:00:00.000000000Z,17880
dai,2021-05-03T00:00:00.000000000Z,23967
dai,2021-05-04T00:00:00.000000000Z,23444
dai,2021-05-05T00:00:00.000000000Z,20205
dai,2021-05-06T00:00:00.000000000Z,20767
dai,2021-05-07T00:00:00.000000000Z,19658
dai,2021-05-08T00:00:00.000000000Z,15576
dai,2021-05-09T00:00:00.000000000Z,16227
dai,2021-05-10T00:00:00.000000000Z,14467
dai,2021-05-11T00:00:00.000000000Z,10284
dai,2021-05-12T00:00:00.000000000Z,13345
dai,2021-05-13T00:00:00.000000000Z,22902
dai,2021-05-14T00:00:00.000000000Z,15653
dai,2021-05-15T00:00:00.000000000Z,16241
dai,2021-05-16T00:00:00.000000000Z,20434
dai,2021-05-17T00:00:00.000000000Z,23682
dai,2021-05-18T00:00:00.000000000Z,17643
dai,2021-05-19T00:00:00.000000000Z,39210
dai,2021-05-20T00:00:00.000000000Z,31289
dai,2021-05-21T00:00:00.000000000Z,28074
dai,2021-05-22T00:00:00.000000000Z,24794
dai,2021-05-23T00:00:00.000000000Z,35999
dai,2021-05-24T00:00:00.000000000Z,29101
dai,2021-05-25T00:00:00.000000000Z,22759
dai,2021-05-26T00:00:00.000000000Z,22020
dai,2021-05-27T00:00:00.000000000Z,19607
dai,2021-05-28T00:00:00.000000000Z,21712
dai,2021-05-29T00:00:00.000000000Z,21132
dai,2021-05-30T00:00:00.000000000Z,19773
dai,2021-05-31T00:00:00.000000000Z,20971
dai,2021-06-01T00:00:00.000000000Z,21630
dai,2021-06-02T00:00:00.000000000Z,22145
dai,2021-06-03T00:00:00.000000000Z,23897
dai,2021-06-04T00:00:00.000000000Z,18818
dai,2021-06-05T00:00:00.000000000Z,18203
dai,2021-06-06T00:00:00.000000000Z,17378
dai,2021-06-07T00:00:00.000000000Z,19295
dai,2021-06-08T00:00:00.000000000Z,24160
dai,2021-06-09T00:00:00.000000000Z,19237
dai,2021-06-10T00:00:00.000000000Z,19089
dai,2021-06-11T00:00:00.000000000Z,19024
dai,2021-06-12T00:00:00.000000000Z,20589
dai,2021-06-13T00:00:00.000000000Z,20119
dai,2021-06-14T00:00:00.000000000Z,18867
dai,2021-06-15T00:00:00.000000000Z,18553
dai,2021-06-16T00:00:00.000000000Z,19375
dai,2021-06-17T00:00:00.000000000Z,21216
dai,2021-06-18T00:00:00.000000000Z,22972
dai,2021-06-19T00:00:00.000000000Z,19180
dai,2021-06-20T00:00:00.000000000Z,23105
dai,2021-06-21T00:00:00.000000000Z,30887
dai,2021-06-22T00:00:00.000000000Z,30136
dai,2021-06-23T00:00:00.000000000Z,26299
dai,2021-06-24T00:00:00.000000000Z,21466
dai,2021-06-25T00:00:00.000000000Z,21673
dai,2021-06-26T00:00:00.000000000Z,25319
dai,2021-06-27T00:00:00.000000000Z,21971
dai,2021-06-28T00:00:00.000000000Z,22551
dai,2021-06-29T00:00:00.000000000Z,24884
dai,2021-06-30T00:00:00.000000000Z,24778
dai,2021-07-01T00:00:00.000000000Z,26095
dai,2021-07-02T00:00:00.000000000Z,19910
dai,2021-07-03T00:00:00.000000000Z,18143
dai,2021-07-04T00:00:00.000000000Z,18357
dai,2021-07-05T00:00:00.000000000Z,18408
dai,2021-07-06T00:00:00.000000000Z,13604
dai,2021-07-07T00:00:00.000000000Z,13307
dai,2021-07-08T00:00:00.000000000Z,14672
dai,2021-07-09T00:00:00.000000000Z,16513
dai,2021-07-10T00:00:00.000000000Z,14354
dai,2021-07-11T00:00:00.000000000Z,13347
dai,2021-07-12T00:00:00.000000000Z,14603
dai,2021-07-13T00:00:00.000000000Z,15911
dai,2021-07-14T00:00:00.000000000Z,15198
dai,2021-07-15T00:00:00.000000000Z,14920
dai,2021-07-16T00:00:00.000000000Z,13845
dai,2021-07-17T00:00:00.000000000Z,13627
dai,2021-07-18T00:00:00.000000000Z,13633
dai,2021-07-19T00:00:00.000000000Z,16327
dai,2021-07-20T00:00:00.000000000Z,19865
dai,2021-07-21T00:00:00.000000000Z,20915
dai,2021-01-03T00:00:00.000000000Z,41157
dai,2021-01-04T00:00:00.000000000Z,36565
dai,2021-01-05T00:00:00.000000000Z,29964
dai,2021-01-06T00:00:00.000000000Z,30552
dai,2021-01-07T00:00:00.000000000Z,29893
dai,2021-01-08T00:00:00.000000000Z,28761
dai,2021-01-09T00:00:00.000000000Z,27660
dai,2021-01-10T00:00:00.000000000Z,28333
dai,2021-01-11T00:00:00.000000000Z,35642
dai,2021-01-12T00:00:00.000000000Z,33787
dai,2021-01-13T00:00:00.000000000Z,27514
dai,2021-01-14T00:00:00.000000000Z,36082
dai,2021-01-15T00:00:00.000000000Z,27851
dai,2021-01-16T00:00:00.000000000Z,26273
dai,2021-01-17T00:00:00.000000000Z,25271
dai,2021-01-18T00:00:00.000000000Z,22787
dai,2021-01-19T00:00:00.000000000Z,25419
dai,2021-01-20T00:00:00.000000000Z,25043
dai,2021-01-21T00:00:00.000000000Z,25715
dai,2021-01-22T00:00:00.000000000Z,24304
dai,2021-01-23T00:00:00.000000000Z,26161
dai,2021-01-24T00:00:00.000000000Z,27508
dai,2021-01-25T00:00:00.000000000Z,26274
dai,2021-01-26T00:00:00.000000000Z,23354
dai,2021-01-27T00:00:00.000000000Z,23009
dai,2021-01-28T00:00:00.000000000Z,21656
dai,2021-01-29T00:00:00.000000000Z,20785
dai,2021-01-30T00:00:00.000000000Z,19081
dai,2021-01-31T00:00:00.000000000Z,19361
dai,2021-02-01T00:00:00.000000000Z,17983
dai,2021-02-02T00:00:00.000000000Z,18367
dai,2021-02-03T00:00:00.000000000Z,17518
dai,2021-02-04T00:00:00.000000000Z,16978
dai,2021-02-05T00:00:00.000000000Z,16242
dai,2021-02-06T00:00:00.000000000Z,16374
dai,2021-02-07T00:00:00.000000000Z,18911
dai,2021-02-08T00:00:00.000000000Z,21426
dai,2021-02-09T00:00:00.000000000Z,21823
dai,2021-02-10T00:00:00.000000000Z,25404
dai,2021-02-11T00:00:00.000000000Z,24708
dai,2021-02-12T00:00:00.000000000Z,18537
dai,2021-02-13T00:00:00.000000000Z,17152
dai,2021-02-14T00:00:00.000000000Z,17028
dai,2021-02-15T00:00:00.000000000Z,15817
dai,2021-02-16T00:00:00.000000000Z,16592
dai,2021-02-17T00:00:00.000000000Z,16002
dai,2021-02-18T00:00:00.000000000Z,16599
dai,2021-02-19T00:00:00.000000000Z,16223
dai,2021-02-20T00:00:00.000000000Z,18244
dai,2021-02-21T00:00:00.000000000Z,18023
dai,2021-02-22T00:00:00.000000000Z,21109
dai,2021-02-23T00:00:00.000000000Z,29358
dai,2021-02-24T00:00:00.000000000Z,26286
dai,2021-02-25T00:00:00.000000000Z,21384
dai,2021-02-26T00:00:00.000000000Z,23527
dai,2021-02-27T00:00:00.000000000Z,23482
dai,2021-02-28T00:00:00.000000000Z,26905
dai,2021-03-01T00:00:00.000000000Z,21133
dai,2021-03-02T00:00:00.000000000Z,19920
dai,2021-03-03T00:00:00.000000000Z,22466
dai,2021-03-04T00:00:00.000000000Z,22594
dai,2021-03-05T00:00:00.000000000Z,19798
dai,2021-03-06T00:00:00.000000000Z,17708
dai,2021-03-07T00:00:00.000000000Z,16051
dai,2021-03-08T00:00:00.000000000Z,17120
dai,2021-03-09T00:00:00.000000000Z,17200
dai,2021-03-10T00:00:00.000000000Z,18219
dai,2021-03-11T00:00:00.000000000Z,17931
dai,2021-03-12T00:00:00.000000000Z,13670
dai,2021-03-13T00:00:00.000000000Z,15108
dai,2021-03-14T00:00:00.000000000Z,13724
dai,2021-03-15T00:00:00.000000000Z,15253
dai,2021-03-16T00:00:00.000000000Z,14713
dai,2021-03-17T00:00:00.000000000Z,12649
dai,2021-03-18T00:00:00.000000000Z,11829
dai,2021-03-19T00:00:00.000000000Z,12214
dai,2021-03-20T00:00:00.000000000Z,13166
dai,2021-03-21T00:00:00.000000000Z,17238
dai,2021-03-22T00:00:00.000000000Z,14819
dai,2021-03-23T00:00:00.000000000Z,16551
dai,2021-03-24T00:00:00.000000000Z,16372
dai,2021-03-25T00:00:00.000000000Z,16814
dai,2021-03-26T00:00:00.000000000Z,14322
dai,2021-03-27T00:00:00.000000000Z,13572
dai,2021-03-28T00:00:00.000000000Z,12151
dai,2021-03-29T00:00:00.000000000Z,15478
dai,2021-03-30T00:00:00.000000000Z,14017
dai,2021-03-31T00:00:00.000000000Z,11912
dai,2021-04-01T00:00:00.000000000Z,13352
dai,2021-04-02T00:00:00.000000000Z,13800
dai,2021-04-03T00:00:00.000000000Z,13466
dai,2021-04-04T00:00:00.000000000Z,14069
dai,2021-04-05T00:00:00.000000000Z,13156
dai,2021-04-06T00:00:00.000000000Z,15258
dai,2021-04-07T00:00:00.000000000Z,13732
dai,2021-04-08T00:00:00.000000000Z,14610
dai,2021-04-09T00:00:00.000000000Z,12213
dai,2021-04-10T00:00:00.000000000Z,15071
dai,2021-04-11T00:00:00.000000000Z,13483
dai,2021-04-12T00:00:00.000000000Z,13238
dai,2020-09-25T00:00:00.000000000Z,20128
dai,2020-09-26T00:00:00.000000000Z,19030
dai,2020-09-27T00:00:00.000000000Z,16539
dai,2020-09-28T00:00:00.000000000Z,23347
dai,2020-09-29T00:00:00.000000000Z,18977
dai,2020-09-30T00:00:00.000000000Z,18726
dai,2020-10-01T00:00:00.000000000Z,20036
dai,2020-10-02T00:00:00.000000000Z,19294
dai,2020-10-03T00:00:00.000000000Z,14498
dai,2020-10-04T00:00:00.000000000Z,14987
dai,2020-10-05T00:00:00.000000000Z,15452
dai,2020-10-06T00:00:00.000000000Z,15185
dai,2020-10-07T00:00:00.000000000Z,14511
dai,2020-10-08T00:00:00.000000000Z,14264
dai,2020-10-09T00:00:00.000000000Z,15227
dai,2020-10-10T00:00:00.000000000Z,13899
dai,2020-10-11T00:00:00.000000000Z,12116
dai,2020-10-12T00:00:00.000000000Z,12756
dai,2020-10-13T00:00:00.000000000Z,12072
dai,2020-10-14T00:00:00.000000000Z,11490
dai,2020-10-15T00:00:00.000000000Z,12728
dai,2020-10-16T00:00:00.000000000Z,13814
dai,2020-10-17T00:00:00.000000000Z,13958
dai,2020-10-18T00:00:00.000000000Z,13879
dai,2020-10-19T00:00:00.000000000Z,15541
dai,2020-10-20T00:00:00.000000000Z,14569
dai,2020-10-21T00:00:00.000000000Z,15134
dai,2020-10-22T00:00:00.000000000Z,19369
dai,2020-10-23T00:00:00.000000000Z,16152
dai,2020-10-24T00:00:00.000000000Z,14721
dai,2020-10-25T00:00:00.000000000Z,13094
dai,2020-10-26T00:00:00.000000000Z,16154
dai,2020-10-27T00:00:00.000000000Z,15845
dai,2020-10-28T00:00:00.000000000Z,19229
dai,2020-10-29T00:00:00.000000000Z,15404
dai,2020-10-30T00:00:00.000000000Z,14957
dai,2020-10-31T00:00:00.000000000Z,13595
dai,2020-11-01T00:00:00.000000000Z,13681
dai,2020-11-02T00:00:00.000000000Z,14888
dai,2020-11-03T00:00:00.000000000Z,17875
dai,2020-11-04T00:00:00.000000000Z,19517
dai,2020-11-05T00:00:00.000000000Z,17130
dai,2020-11-06T00:00:00.000000000Z,16912
dai,2020-11-07T00:00:00.000000000Z,16543
dai,2020-11-08T00:00:00.000000000Z,13599
dai,2020-11-09T00:00:00.000000000Z,17238
dai,2020-11-10T00:00:00.000000000Z,13596
dai,2020-11-11T00:00:00.000000000Z,12486
dai,2020-11-12T00:00:00.000000000Z,13517
dai,2020-11-13T00:00:00.000000000Z,15123
dai,2020-11-14T00:00:00.000000000Z,13566
dai,2020-11-15T00:00:00.000000000Z,14857
dai,2020-11-16T00:00:00.000000000Z,15996
dai,2020-11-17T00:00:00.000000000Z,23083
dai,2020-11-18T00:00:00.000000000Z,19884
dai,2020-11-19T00:00:00.000000000Z,18236
dai,2020-11-20T00:00:00.000000000Z,18721
dai,2020-11-21T00:00:00.000000000Z,20339
dai,2020-11-22T00:00:00.000000000Z,21378
dai,2020-11-23T00:00:00.000000000Z,18317
dai,2020-11-24T00:00:00.000000000Z,17971
dai,2020-11-25T00:00:00.000000000Z,17672
dai,2020-11-26T00:00:00.000000000Z,27300
dai,2020-11-27T00:00:00.000000000Z,16758
dai,2020-11-28T00:00:00.000000000Z,15620
dai,2020-11-29T00:00:00.000000000Z,15970
dai,2020-11-30T00:00:00.000000000Z,33012
dai,2020-12-01T00:00:00.000000000Z,26133
dai,2020-12-02T00:00:00.000000000Z,21426
dai,2020-12-03T00:00:00.000000000Z,20162
dai,2020-12-04T00:00:00.000000000Z,21348
dai,2020-12-05T00:00:00.000000000Z,21417
dai,2020-12-06T00:00:00.000000000Z,19507
dai,2020-12-07T00:00:00.000000000Z,18152
dai,2020-12-08T00:00:00.000000000Z,19150
dai,2020-12-09T00:00:00.000000000Z,21060
dai,2020-12-10T00:00:00.000000000Z,19156
dai,2020-12-11T00:00:00.000000000Z,19915
dai,2020-12-12T00:00:00.000000000Z,20266
dai,2020-12-13T00:00:00.000000000Z,17597
dai,2020-12-14T00:00:00.000000000Z,18428
dai,2020-12-15T00:00:00.000000000Z,19932
dai,2020-12-16T00:00:00.000000000Z,23151
dai,2020-12-17T00:00:00.000000000Z,29049
dai,2020-12-18T00:00:00.000000000Z,26985
dai,2020-12-19T00:00:00.000000000Z,26730
dai,2020-12-20T00:00:00.000000000Z,22804
dai,2020-12-21T00:00:00.000000000Z,23604
dai,2020-12-22T00:00:00.000000000Z,22090
dai,2020-12-23T00:00:00.000000000Z,22929
dai,2020-12-24T00:00:00.000000000Z,25389
dai,2020-12-25T00:00:00.000000000Z,33343
dai,2020-12-26T00:00:00.000000000Z,36409
dai,2020-12-27T00:00:00.000000000Z,35152
dai,2020-12-28T00:00:00.000000000Z,33293
dai,2020-12-29T00:00:00.000000000Z,37378
dai,2020-12-30T00:00:00.000000000Z,40117
dai,2020-12-31T00:00:00.000000000Z,47883
dai,2021-01-01T00:00:00.000000000Z,44877
dai,2021-01-02T00:00:00.000000000Z,47720
dai,2020-06-17T00:00:00.000000000Z,9820
dai,2020-06-18T00:00:00.000000000Z,9835
dai,2020-06-19T00:00:00.000000000Z,15212
dai,2020-06-20T00:00:00.000000000Z,13374
dai,2020-06-21T00:00:00.000000000Z,12348
dai,2020-06-22T00:00:00.000000000Z,14802
dai,2020-06-23T00:00:00.000000000Z,12194
dai,2020-06-24T00:00:00.000000000Z,13947
dai,2020-06-25T00:00:00.000000000Z,14244
dai,2020-06-26T00:00:00.000000000Z,13021
dai,2020-06-27T00:00:00.000000000Z,12049
dai,2020-06-28T00:00:00.000000000Z,10474
dai,2020-06-29T00:00:00.000000000Z,11250
dai,2020-06-30T00:00:00.000000000Z,9545
dai,2020-07-01T00:00:00.000000000Z,14142
dai,2020-07-02T00:00:00.000000000Z,16830
dai,2020-07-03T00:00:00.000000000Z,18717
dai,2020-07-04T00:00:00.000000000Z,12343
dai,2020-07-05T00:00:00.000000000Z,10915
dai,2020-07-06T00:00:00.000000000Z,14370
dai,2020-07-07T00:00:00.000000000Z,14558
dai,2020-07-08T00:00:00.000000000Z,14928
dai,2020-07-09T00:00:00.000000000Z,12278
dai,2020-07-10T00:00:00.000000000Z,10445
dai,2020-07-11T00:00:00.000000000Z,9689
dai,2020-07-12T00:00:00.000000000Z,10607
dai,2020-07-13T00:00:00.000000000Z,14505
dai,2020-07-14T00:00:00.000000000Z,12812
dai,2020-07-15T00:00:00.000000000Z,11867
dai,2020-07-16T00:00:00.000000000Z,12652
dai,2020-07-17T00:00:00.000000000Z,12904
dai,2020-07-18T00:00:00.000000000Z,14015
dai,2020-07-19T00:00:00.000000000Z,25051
dai,2020-07-20T00:00:00.000000000Z,23462
dai,2020-07-21T00:00:00.000000000Z,19387
dai,2020-07-22T00:00:00.000000000Z,21193
dai,2020-07-23T00:00:00.000000000Z,24780
dai,2020-07-24T00:00:00.000000000Z,27914
dai,2020-07-25T00:00:00.000000000Z,28852
dai,2020-07-26T00:00:00.000000000Z,18767
dai,2020-07-27T00:00:00.000000000Z,17285
dai,2020-07-28T00:00:00.000000000Z,18333
dai,2020-07-29T00:00:00.000000000Z,26551
dai,2020-07-30T00:00:00.000000000Z,22104
dai,2020-07-31T00:00:00.000000000Z,25896
dai,2020-08-01T00:00:00.000000000Z,26812
dai,2020-08-02T00:00:00.000000000Z,29295
dai,2020-08-03T00:00:00.000000000Z,26426
dai,2020-08-04T00:00:00.000000000Z,19372
dai,2020-08-05T00:00:00.000000000Z,16876
dai,2020-08-06T00:00:00.000000000Z,15546
dai,2020-08-07T00:00:00.000000000Z,16249
dai,2020-08-08T00:00:00.000000000Z,13779
dai,2020-08-09T00:00:00.000000000Z,12815
dai,2020-08-10T00:00:00.000000000Z,16754
dai,2020-08-11T00:00:00.000000000Z,15278
dai,2020-08-12T00:00:00.000000000Z,16722
dai,2020-08-13T00:00:00.000000000Z,16590
dai,2020-08-14T00:00:00.000000000Z,18533
dai,2020-08-15T00:00:00.000000000Z,12959
dai,2020-08-16T00:00:00.000000000Z,13959
dai,2020-08-17T00:00:00.000000000Z,13287
dai,2020-08-18T00:00:00.000000000Z,13595
dai,2020-08-19T00:00:00.000000000Z,15510
dai,2020-08-20T00:00:00.000000000Z,18531
dai,2020-08-21T00:00:00.000000000Z,19308
dai,2020-08-22T00:00:00.000000000Z,16741
dai,2020-08-23T00:00:00.000000000Z,16337
dai,2020-08-24T00:00:00.000000000Z,23325
dai,2020-08-25T00:00:00.000000000Z,18301
dai,2020-08-26T00:00:00.000000000Z,15619
dai,2020-08-27T00:00:00.000000000Z,15568
dai,2020-08-28T00:00:00.000000000Z,16607
dai,2020-08-29T00:00:00.000000000Z,17556
dai,2020-08-30T00:00:00.000000000Z,16289
dai,2020-08-31T00:00:00.000000000Z,14157
dai,2020-09-01T00:00:00.000000000Z,14832
dai,2020-09-02T00:00:00.000000000Z,14645
dai,2020-09-03T00:00:00.000000000Z,17211
dai,2020-09-04T00:00:00.000000000Z,19762
dai,2020-09-05T00:00:00.000000000Z,23743
dai,2020-09-06T00:00:00.000000000Z,18879
dai,2020-09-07T00:00:00.000000000Z,17882
dai,2020-09-08T00:00:00.000000000Z,17206
dai,2020-09-09T00:00:00.000000000Z,16845
dai,2020-09-10T00:00:00.000000000Z,16811
dai,2020-09-11T00:00:00.000000000Z,16069
dai,2020-09-12T00:00:00.000000000Z,15981
dai,2020-09-13T00:00:00.000000000Z,17871
dai,2020-09-14T00:00:00.000000000Z,37865
dai,2020-09-15T00:00:00.000000000Z,32926
dai,2020-09-16T00:00:00.000000000Z,28240
dai,2020-09-17T00:00:00.000000000Z,19560
dai,2020-09-18T00:00:00.000000000Z,26364
dai,2020-09-19T00:00:00.000000000Z,24912
dai,2020-09-20T00:00:00.000000000Z,22502
dai,2020-09-21T00:00:00.000000000Z,23408
dai,2020-09-22T00:00:00.000000000Z,20640
dai,2020-09-23T00:00:00.000000000Z,21746
dai,2020-09-24T00:00:00.000000000Z,19375
dai,2020-03-09T00:00:00.000000000Z,24753
dai,2020-03-10T00:00:00.000000000Z,14706
dai,2020-03-11T00:00:00.000000000Z,17164
dai,2020-03-12T00:00:00.000000000Z,39543
dai,2020-03-13T00:00:00.000000000Z,34328
dai,2020-03-14T00:00:00.000000000Z,16769
dai,2020-03-15T00:00:00.000000000Z,20331
dai,2020-03-16T00:00:00.000000000Z,26467
dai,2020-03-17T00:00:00.000000000Z,12849
dai,2020-03-18T00:00:00.000000000Z,10224
dai,2020-03-19T00:00:00.000000000Z,14998
dai,2020-03-20T00:00:00.000000000Z,17000
dai,2020-03-21T00:00:00.000000000Z,9592
dai,2020-03-22T00:00:00.000000000Z,9902
dai,2020-03-23T00:00:00.000000000Z,10843
dai,2020-03-24T00:00:00.000000000Z,10811
dai,2020-03-25T00:00:00.000000000Z,10327
dai,2020-03-26T00:00:00.000000000Z,8339
dai,2020-03-27T00:00:00.000000000Z,8970
dai,2020-03-28T00:00:00.000000000Z,10509
dai,2020-03-29T00:00:00.000000000Z,8029
dai,2020-03-30T00:00:00.000000000Z,9869
dai,2020-03-31T00:00:00.000000000Z,9916
dai,2020-04-01T00:00:00.000000000Z,9255
dai,2020-04-02T00:00:00.000000000Z,12011
dai,2020-04-03T00:00:00.000000000Z,10351
dai,2020-04-04T00:00:00.000000000Z,8310
dai,2020-04-05T00:00:00.000000000Z,7445
dai,2020-04-06T00:00:00.000000000Z,18275
dai,2020-04-07T00:00:00.000000000Z,17986
dai,2020-04-08T00:00:00.000000000Z,12026
dai,2020-04-09T00:00:00.000000000Z,9374
dai,2020-04-10T00:00:00.000000000Z,13079
dai,2020-04-11T00:00:00.000000000Z,7393
dai,2020-04-12T00:00:00.000000000Z,8010
dai,2020-04-13T00:00:00.000000000Z,9898
dai,2020-04-14T00:00:00.000000000Z,7707
dai,2020-04-15T00:00:00.000000000Z,8628
dai,2020-04-16T00:00:00.000000000Z,13326
dai,2020-04-17T00:00:00.000000000Z,7725
dai,2020-04-18T00:00:00.000000000Z,9897
dai,2020-04-19T00:00:00.000000000Z,10150
dai,2020-04-20T00:00:00.000000000Z,12256
dai,2020-04-21T00:00:00.000000000Z,8617
dai,2020-04-22T00:00:00.000000000Z,9755
dai,2020-04-23T00:00:00.000000000Z,13372
dai,2020-04-24T00:00:00.000000000Z,9013
dai,2020-04-25T00:00:00.000000000Z,8431
dai,2020-04-26T00:00:00.000000000Z,8110
dai,2020-04-27T00:00:00.000000000Z,8987
dai,2020-04-28T00:00:00.000000000Z,7835
dai,2020-04-29T00:00:00.000000000Z,14041
dai,2020-04-30T00:00:00.000000000Z,14014
dai,2020-05-01T00:00:00.000000000Z,10405
dai,2020-05-02T00:00:00.000000000Z,7543
dai,2020-05-03T00:00:00.000000000Z,9491
dai,2020-05-04T00:00:00.000000000Z,12767
dai,2020-05-05T00:00:00.000000000Z,9190
dai,2020-05-06T00:00:00.000000000Z,8907
dai,2020-05-07T00:00:00.000000000Z,10656
dai,2020-05-08T00:00:00.000000000Z,9277
dai,2020-05-09T00:00:00.000000000Z,8580
dai,2020-05-10T00:00:00.000000000Z,17228
dai,2020-05-11T00:00:00.000000000Z,10907
dai,2020-05-12T00:00:00.000000000Z,7096
dai,2020-05-13T00:00:00.000000000Z,7880
dai,2020-05-14T00:00:00.000000000Z,7483
dai,2020-05-15T00:00:00.000000000Z,7888
dai,2020-05-16T00:00:00.000000000Z,5428
dai,2020-05-17T00:00:00.000000000Z,6383
dai,2020-05-18T00:00:00.000000000Z,8270
dai,2020-05-19T00:00:00.000000000Z,7120
dai,2020-05-20T00:00:00.000000000Z,7136
dai,2020-05-21T00:00:00.000000000Z,8340
dai,2020-05-22T00:00:00.000000000Z,7886
dai,2020-05-23T00:00:00.000000000Z,6080
dai,2020-05-24T00:00:00.000000000Z,5717
dai,2020-05-25T00:00:00.000000000Z,5660
dai,2020-05-26T00:00:00.000000000Z,7740
dai,2020-05-27T00:00:00.000000000Z,6527
dai,2020-05-28T00:00:00.000000000Z,7190
dai,2020-05-29T00:00:00.000000000Z,8939
dai,2020-05-30T00:00:00.000000000Z,8405
dai,2020-05-31T00:00:00.000000000Z,7079
dai,2020-06-01T00:00:00.000000000Z,9076
dai,2020-06-02T00:00:00.000000000Z,12309
dai,2020-06-03T00:00:00.000000000Z,8209
dai,2020-06-04T00:00:00.000000000Z,7971
dai,2020-06-05T00:00:00.000000000Z,7678
dai,2020-06-06T00:00:00.000000000Z,5489
dai,2020-06-07T00:00:00.000000000Z,6526
dai,2020-06-08T00:00:00.000000000Z,6772
dai,2020-06-09T00:00:00.000000000Z,8910
dai,2020-06-10T00:00:00.000000000Z,7864
dai,2020-06-11T00:00:00.000000000Z,11285
dai,2020-06-12T00:00:00.000000000Z,8877
dai,2020-06-13T00:00:00.000000000Z,6521
dai,2020-06-14T00:00:00.000000000Z,9060
dai,2020-06-15T00:00:00.000000000Z,14531
dai,2020-06-16T00:00:00.000000000Z,9734
dai,2020-01-01T00:00:00.000000000Z,3615
dai,2020-01-02T00:00:00.000000000Z,4370
dai,2020-01-03T00:00:00.000000000Z,6315
dai,2020-01-04T00:00:00.000000000Z,3944
dai,2020-01-05T00:00:00.000000000Z,5885
dai,2020-01-06T00:00:00.000000000Z,7542
dai,2020-01-07T00:00:00.000000000Z,8344
dai,2020-01-08T00:00:00.000000000Z,10333
dai,2020-01-09T00:00:00.000000000Z,9164
dai,2020-01-10T00:00:00.000000000Z,8802
dai,2020-01-11T00:00:00.000000000Z,8051
dai,2020-01-12T00:00:00.000000000Z,6866
dai,2020-01-13T00:00:00.000000000Z,7158
dai,2020-01-14T00:00:00.000000000Z,14526
dai,2020-01-15T00:00:00.000000000Z,13036
dai,2020-01-16T00:00:00.000000000Z,11564
dai,2020-01-17T00:00:00.000000000Z,16553
dai,2020-01-18T00:00:00.000000000Z,13898
dai,2020-01-19T00:00:00.000000000Z,13089
dai,2020-01-20T00:00:00.000000000Z,9042
dai,2020-01-21T00:00:00.000000000Z,9307
dai,2020-01-22T00:00:00.000000000Z,6623
dai,2020-01-23T00:00:00.000000000Z,6937
dai,2020-01-24T00:00:00.000000000Z,9060
dai,2020-01-25T00:00:00.000000000Z,6336
dai,2020-01-26T00:00:00.000000000Z,6995
dai,2020-01-27T00:00:00.000000000Z,9576
dai,2020-01-28T00:00:00.000000000Z,9824
dai,2020-01-29T00:00:00.000000000Z,9421
dai,2020-01-30T00:00:00.000000000Z,11371
dai,2020-01-31T00:00:00.000000000Z,11028
dai,2020-02-01T00:00:00.000000000Z,9467
dai,2020-02-02T00:00:00.000000000Z,11453
dai,2020-02-03T00:00:00.000000000Z,10753
dai,2020-02-04T00:00:00.000000000Z,11683
dai,2020-02-05T00:00:00.000000000Z,14205
dai,2020-02-06T00:00:00.000000000Z,15158
dai,2020-02-07T00:00:00.000000000Z,15034
dai,2020-02-08T00:00:00.000000000Z,14657
dai,2020-02-09T00:00:00.000000000Z,12938
dai,2020-02-10T00:00:00.000000000Z,13889
dai,2020-02-11T00:00:00.000000000Z,15146
dai,2020-02-12T00:00:00.000000000Z,23506
dai,2020-02-13T00:00:00.000000000Z,18805
dai,2020-02-14T00:00:00.000000000Z,19202
dai,2020-02-15T00:00:00.000000000Z,18199
dai,2020-02-16T00:00:00.000000000Z,19715
dai,2020-02-17T00:00:00.000000000Z,21593
dai,2020-02-18T00:00:00.000000000Z,17271
dai,2020-02-19T00:00:00.000000000Z,14771
dai,2020-02-20T00:00:00.000000000Z,15816
dai,2020-02-21T00:00:00.000000000Z,11840
dai,2020-02-22T00:00:00.000000000Z,10272
dai,2020-02-23T00:00:00.000000000Z,10724
dai,2020-02-24T00:00:00.000000000Z,12888
dai,2020-02-25T00:00:00.000000000Z,15338
dai,2020-02-26T00:00:00.000000000Z,23005
dai,2020-02-27T00:00:00.000000000Z,19616
dai,2020-02-28T00:00:00.000000000Z,16749
dai,2020-02-29T00:00:00.000000000Z,10220
dai,2020-03-01T00:00:00.000000000Z,14729
dai,2020-03-02T00:00:00.000000000Z,12935
dai,2020-03-03T00:00:00.000000000Z,12227
dai,2020-03-04T00:00:00.000000000Z,10545
dai,2020-03-05T00:00:00.000000000Z,12212
dai,2020-03-06T00:00:00.000000000Z,12807
dai,2020-03-07T00:00:00.000000000Z,10588
dai,2020-03-08T00:00:00.000000000Z,16915
