country_code,country_name,year,value,indicator_code,indicator_name,dimension
ZH,Africa Eastern and Southern,2024,4.48978854243448,FP.CPI.TOTL.ZG,inflation_cpi_annual_pct,D2
ZH,Africa Eastern and Southern,2023,7.39918558080627,FP.CPI.TOTL.ZG,inflation_cpi_annual_pct,D2
ZH,Africa Eastern and Southern,2022,10.8834775726018,FP.CPI.TOTL.ZG,inflation_cpi_annual_pct,D2
ZH,Africa Eastern and Southern,2021,6.82472709282067,FP.CPI.TOTL.ZG,inflation_cpi_annual_pct,D2
ZH,Africa Eastern and Southern,2020,5.19162942092851,FP.CPI.TOTL.ZG,inflation_cpi_annual_pct,D2
ZI,Africa Western and Central,2024,3.60804426950566,FP.CPI.TOTL.ZG,inflation_cpi_annual_pct,D2
ZI,Africa Western and Central,2023,5.22116801324002,FP.CPI.TOTL.ZG,inflation_cpi_annual_pct,D2
ZI,Africa Western and Central,2022,7.94925143524016,FP.CPI.TOTL.ZG,inflation_cpi_annual_pct,D2
ZI,Africa Western and Central,2021,3.74556782333009,FP.CPI.TOTL.ZG,inflation_cpi_annual_pct,D2
ZI,Africa Western and Central,2020,2.49037783931949,FP.CPI.TOTL.ZG,inflation_cpi_annual_pct,D2
1A,Arab World,2024,2.10135577419612,FP.CPI.TOTL.ZG,inflation_cpi_annual_pct,D2
1A,Arab World,2023,4.00025877060147,FP.CPI.TOTL.ZG,inflation_cpi_annual_pct,D2
1A,Arab World,2022,5.17980847967061,FP.CPI.TOTL.ZG,inflation_cpi_annual_pct,D2
1A,Arab World,2021,2.86833027751019,FP.CPI.TOTL.ZG,inflation_cpi_annual_pct,D2
1A,Arab World,2020,1.44703656998741,FP.CPI.TOTL.ZG,inflation_cpi_annual_pct,D2
S3,Caribbean small states,2024,2.56921890367726,FP.CPI.TOTL.ZG,inflation_cpi_annual_pct,D2
S3,Caribbean small states,2023,4.47720868651285,FP.CPI.TOTL.ZG,inflation_cpi_annual_pct,D2
S3,Caribbean small states,2022,5.82838638517959,FP.CPI.TOTL.ZG,inflation_cpi_annual_pct,D2
S3,Caribbean small states,2021,2.22891330700344,FP.CPI.TOTL.ZG,inflation_cpi_annual_pct,D2
S3,Caribbean small states,2020,0.121434644614894,FP.CPI.TOTL.ZG,inflation_cpi_annual_pct,D2
B8,Central Europe and the Baltics,2024,2.75760909424272,FP.CPI.TOTL.ZG,inflation_cpi_annual_pct,D2
B8,Central Europe and the Baltics,2023,9.44284140088564,FP.CPI.TOTL.ZG,inflation_cpi_annual_pct,D2
B8,Central Europe and the Baltics,2022,14.6081439492433,FP.CPI.TOTL.ZG,inflation_cpi_annual_pct,D2
B8,Central Europe and the Baltics,2021,3.83984491500146,FP.CPI.TOTL.ZG,inflation_cpi_annual_pct,D2
B8,Central Europe and the Baltics,2020,1.67244096855756,FP.CPI.TOTL.ZG,inflation_cpi_annual_pct,D2
V2,Early-demographic dividend,2024,3.29589662451998,FP.CPI.TOTL.ZG,inflation_cpi_annual_pct,D2
V2,Early-demographic dividend,2023,5.88585897042164,FP.CPI.TOTL.ZG,inflation_cpi_annual_pct,D2
V2,Early-demographic dividend,2022,7.19861615609867,FP.CPI.TOTL.ZG,inflation_cpi_annual_pct,D2
V2,Early-demographic dividend,2021,4.12676744440695,FP.CPI.TOTL.ZG,inflation_cpi_annual_pct,D2
V2,Early-demographic dividend,2020,2.96354992076065,FP.CPI.TOTL.ZG,inflation_cpi_annual_pct,D2
Z4,East Asia & Pacific,2024,2.3556272611928,FP.CPI.TOTL.ZG,inflation_cpi_annual_pct,D2
Z4,East Asia & Pacific,2023,5.21536927681554,FP.CPI.TOTL.ZG,inflation_cpi_annual_pct,D2
Z4,East Asia & Pacific,2022,5.34595440908904,FP.CPI.TOTL.ZG,inflation_cpi_annual_pct,D2
Z4,East Asia & Pacific,2021,2.47710241465447,FP.CPI.TOTL.ZG,inflation_cpi_annual_pct,D2
Z4,East Asia & Pacific,2020,0.846905537459305,FP.CPI.TOTL.ZG,inflation_cpi_annual_pct,D2
4E,East Asia & Pacific (excluding high income),2024,2.31848172887108,FP.CPI.TOTL.ZG,inflation_cpi_annual_pct,D2
4E,East Asia & Pacific (excluding high income),2023,5.97802515541409,FP.CPI.TOTL.ZG,inflation_cpi_annual_pct,D2
4E,East Asia & Pacific (excluding high income),2022,5.37734908193985,FP.CPI.TOTL.ZG,inflation_cpi_annual_pct,D2
4E,East Asia & Pacific (excluding high income),2021,2.69891859529198,FP.CPI.TOTL.ZG,inflation_cpi_annual_pct,D2
4E,East Asia & Pacific (excluding high income),2020,2.40629214387011,FP.CPI.TOTL.ZG,inflation_cpi_annual_pct,D2
T4,East Asia & Pacific (IDA & IBRD countries),2024,2.23172772921704,FP.CPI.TOTL.ZG,inflation_cpi_annual_pct,D2
T4,East Asia & Pacific (IDA & IBRD countries),2023,6.16457747898299,FP.CPI.TOTL.ZG,inflation_cpi_annual_pct,D2
T4,East Asia & Pacific (IDA & IBRD countries),2022,5.40874375479067,FP.CPI.TOTL.ZG,inflation_cpi_annual_pct,D2
T4,East Asia & Pacific (IDA & IBRD countries),2021,2.6124818577648,FP.CPI.TOTL.ZG,inflation_cpi_annual_pct,D2
T4,East Asia & Pacific (IDA & IBRD countries),2020,2.3931623931624,FP.CPI.TOTL.ZG,inflation_cpi_annual_pct,D2
XC,Euro area,2024,2.18497406958038,FP.CPI.TOTL.ZG,inflation_cpi_annual_pct,D2
XC,Euro area,2023,5.78431554960862,FP.CPI.TOTL.ZG,inflation_cpi_annual_pct,D2
XC,Euro area,2022,8.47117645590892,FP.CPI.TOTL.ZG,inflation_cpi_annual_pct,D2
XC,Euro area,2021,2.4865043812082,FP.CPI.TOTL.ZG,inflation_cpi_annual_pct,D2
XC,Euro area,2020,0.186938139702131,FP.CPI.TOTL.ZG,inflation_cpi_annual_pct,D2
Z7,Europe & Central Asia,2024,2.75760909424272,FP.CPI.TOTL.ZG,inflation_cpi_annual_pct,D2
Z7,Europe & Central Asia,2023,7.120422120899,FP.CPI.TOTL.ZG,inflation_cpi_annual_pct,D2
Z7,Europe & Central Asia,2022,11.1136121878761,FP.CPI.TOTL.ZG,inflation_cpi_annual_pct,D2
Z7,Europe & Central Asia,2021,3.19017771027094,FP.CPI.TOTL.ZG,inflation_cpi_annual_pct,D2
Z7,Europe & Central Asia,2020,1.19998396936028,FP.CPI.TOTL.ZG,inflation_cpi_annual_pct,D2
7E,Europe & Central Asia (excluding high income),2024,3.48974086026947,FP.CPI.TOTL.ZG,inflation_cpi_annual_pct,D2
7E,Europe & Central Asia (excluding high income),2023,9.07365149809048,FP.CPI.TOTL.ZG,inflation_cpi_annual_pct,D2
7E,Europe & Central Asia (excluding high income),2022,13.8875841659221,FP.CPI.TOTL.ZG,inflation_cpi_annual_pct,D2
7E,Europe & Central Asia (excluding high income),2021,6.91756771076075,FP.CPI.TOTL.ZG,inflation_cpi_annual_pct,D2
7E,Europe & Central Asia (excluding high income),2020,2.74615078213777,FP.CPI.TOTL.ZG,inflation_cpi_annual_pct,D2
T7,Europe & Central Asia (IDA & IBRD countries),2024,3.63700046769908,FP.CPI.TOTL.ZG,inflation_cpi_annual_pct,D2
T7,Europe & Central Asia (IDA & IBRD countries),2023,9.36187249769016,FP.CPI.TOTL.ZG,inflation_cpi_annual_pct,D2
T7,Europe & Central Asia (IDA & IBRD countries),2022,13.8522590144267,FP.CPI.TOTL.ZG,inflation_cpi_annual_pct,D2
T7,Europe & Central Asia (IDA & IBRD countries),2021,5.10641129002841,FP.CPI.TOTL.ZG,inflation_cpi_annual_pct,D2
T7,Europe & Central Asia (IDA & IBRD countries),2020,2.73249209419427,FP.CPI.TOTL.ZG,inflation_cpi_annual_pct,D2
EU,European Union,2024,2.43531202435314,FP.CPI.TOTL.ZG,inflation_cpi_annual_pct,D2
EU,European Union,2023,6.29942487419125,FP.CPI.TOTL.ZG,inflation_cpi_annual_pct,D2
EU,European Union,2022,8.83369886749452,FP.CPI.TOTL.ZG,inflation_cpi_annual_pct,D2
EU,European Union,2021,2.55450699642041,FP.CPI.TOTL.ZG,inflation_cpi_annual_pct,D2
EU,European Union,2020,0.476498852725066,FP.CPI.TOTL.ZG,inflation_cpi_annual_pct,D2
F1,Fragile and conflict affected situations,2024,4.4275764904982,FP.CPI.TOTL.ZG,inflation_cpi_annual_pct,D2
F1,Fragile and conflict affected situations,2023,7.11459205344455,FP.CPI.TOTL.ZG,inflation_cpi_annual_pct,D2
F1,Fragile and conflict affected situations,2022,9.39075933985203,FP.CPI.TOTL.ZG,inflation_cpi_annual_pct,D2
F1,Fragile and conflict affected situations,2021,4.25936417542868,FP.CPI.TOTL.ZG,inflation_cpi_annual_pct,D2
F1,Fragile and conflict affected situations,2020,2.8981937602627,FP.CPI.TOTL.ZG,inflation_cpi_annual_pct,D2
XE,Heavily indebted poor countries (HIPC),2024,4.56976223919357,FP.CPI.TOTL.ZG,inflation_cpi_annual_pct,D2
XE,Heavily indebted poor countries (HIPC),2023,7.12697482131851,FP.CPI.TOTL.ZG,inflation_cpi_annual_pct,D2
XE,Heavily indebted poor countries (HIPC),2022,9.65914753785069,FP.CPI.TOTL.ZG,inflation_cpi_annual_pct,D2
XE,Heavily indebted poor countries (HIPC),2021,4.37012190478157,FP.CPI.TOTL.ZG,inflation_cpi_annual_pct,D2
XE,Heavily indebted poor countries (HIPC),2020,3.47617372722194,FP.CPI.TOTL.ZG,inflation_cpi_annual_pct,D2
XD,High income,2024,2.38554753438095,FP.CPI.TOTL.ZG,inflation_cpi_annual_pct,D2
XD,High income,2023,4.85604044667119,FP.CPI.TOTL.ZG,inflation_cpi_annual_pct,D2
XD,High income,2022,7.53107834634288,FP.CPI.TOTL.ZG,inflation_cpi_annual_pct,D2
XD,High income,2021,2.51837109614213,FP.CPI.TOTL.ZG,inflation_cpi_annual_pct,D2
XD,High income,2020,0.598986330824643,FP.CPI.TOTL.ZG,inflation_cpi_annual_pct,D2
XF,IBRD only,2024,3.48974086026947,FP.CPI.TOTL.ZG,inflation_cpi_annual_pct,D2
XF,IBRD only,2023,6.02663450060535,FP.CPI.TOTL.ZG,inflation_cpi_annual_pct,D2
XF,IBRD only,2022,9.10437983075437,FP.CPI.TOTL.ZG,inflation_cpi_annual_pct,D2
XF,IBRD only,2021,4.27166381536798,FP.CPI.TOTL.ZG,inflation_cpi_annual_pct,D2
XF,IBRD only,2020,2.41513094083414,FP.CPI.TOTL.ZG,inflation_cpi_annual_pct,D2
ZT,IDA & IBRD total,2024,3.62109273885843,FP.CPI.TOTL.ZG,inflation_cpi_annual_pct,D2
ZT,IDA & IBRD total,2023,6.20657592272126,FP.CPI.TOTL.ZG,inflation_cpi_annual_pct,D2
ZT,IDA & IBRD total,2022,8.81109209279587,FP.CPI.TOTL.ZG,inflation_cpi_annual_pct,D2
ZT,IDA & IBRD total,2021,4.25936417542868,FP.CPI.TOTL.ZG,inflation_cpi_annual_pct,D2
ZT,IDA & IBRD total,2020,2.8981937602627,FP.CPI.TOTL.ZG,inflation_cpi_annual_pct,D2
XH,IDA blend,2024,3.45053028131019,FP.CPI.TOTL.ZG,inflation_cpi_annual_pct,D2
XH,IDA blend,2023,4.56457719814894,FP.CPI.TOTL.ZG,inflation_cpi_annual_pct,D2
XH,IDA blend,2022,6.32752007290448,FP.CPI.TOTL.ZG,inflation_cpi_annual_pct,D2
XH,IDA blend,2021,3.46677876951929,FP.CPI.TOTL.ZG,inflation_cpi_annual_pct,D2
XH,IDA blend,2020,2.1039488213608,FP.CPI.TOTL.ZG,inflation_cpi_annual_pct,D2
XI,IDA only,2024,4.19081721344523,FP.CPI.TOTL.ZG,inflation_cpi_annual_pct,D2
XI,IDA only,2023,7.12142371831339,FP.CPI.TOTL.ZG,inflation_cpi_annual_pct,D2
XI,IDA only,2022,9.57337118555953,FP.CPI.TOTL.ZG,inflation_cpi_annual_pct,D2
XI,IDA only,2021,4.37012190478157,FP.CPI.TOTL.ZG,inflation_cpi_annual_pct,D2
XI,IDA only,2020,3.94180326908065,FP.CPI.TOTL.ZG,inflation_cpi_annual_pct,D2
XG,IDA total,2024,3.92206330291068,FP.CPI.TOTL.ZG,inflation_cpi_annual_pct,D2
XG,IDA total,2023,7.10220928557059,FP.CPI.TOTL.ZG,inflation_cpi_annual_pct,D2
XG,IDA total,2022,8.21619710967436,FP.CPI.TOTL.ZG,inflation_cpi_annual_pct,D2
XG,IDA total,2021,4.17270582217659,FP.CPI.TOTL.ZG,inflation_cpi_annual_pct,D2
XG,IDA total,2020,3.47617372722194,FP.CPI.TOTL.ZG,inflation_cpi_annual_pct,D2
V3,Late-demographic dividend,2024,2.90125149455067,FP.CPI.TOTL.ZG,inflation_cpi_annual_pct,D2
V3,Late-demographic dividend,2023,6.09114152504141,FP.CPI.TOTL.ZG,inflation_cpi_annual_pct,D2
V3,Late-demographic dividend,2022,8.64091108973855,FP.CPI.TOTL.ZG,inflation_cpi_annual_pct,D2
V3,Late-demographic dividend,2021,3.49505757399448,FP.CPI.TOTL.ZG,inflation_cpi_annual_pct,D2
V3,Late-demographic dividend,2020,1.93694126694223,FP.CPI.TOTL.ZG,inflation_cpi_annual_pct,D2
ZJ,Latin America & Caribbean,2024,3.46497037946077,FP.CPI.TOTL.ZG,inflation_cpi_annual_pct,D2
ZJ,Latin America & Caribbean,2023,4.78561281021135,FP.CPI.TOTL.ZG,inflation_cpi_annual_pct,D2
ZJ,Latin America & Caribbean,2022,7.71367726901419,FP.CPI.TOTL.ZG,inflation_cpi_annual_pct,D2
ZJ,Latin America & Caribbean,2021,3.87805442411131,FP.CPI.TOTL.ZG,inflation_cpi_annual_pct,D2
ZJ,Latin America & Caribbean,2020,1.49389017299587,FP.CPI.TOTL.ZG,inflation_cpi_annual_pct,D2
XJ,Latin America & Caribbean (excluding high income),2024,3.83540271728533,FP.CPI.TOTL.ZG,inflation_cpi_annual_pct,D2
XJ,Latin America & Caribbean (excluding high income),2023,5.08677483158112,FP.CPI.TOTL.ZG,inflation_cpi_annual_pct,D2
XJ,Latin America & Caribbean (excluding high income),2022,8.33370630096231,FP.CPI.TOTL.ZG,inflation_cpi_annual_pct,D2
XJ,Latin America & Caribbean (excluding high income),2021,4.27166381536798,FP.CPI.TOTL.ZG,inflation_cpi_annual_pct,D2
XJ,Latin America & Caribbean (excluding high income),2020,2.52663500084706,FP.CPI.TOTL.ZG,inflation_cpi_annual_pct,D2
T2,Latin America & the Caribbean (IDA & IBRD countries),2024,3.62770736940927,FP.CPI.TOTL.ZG,inflation_cpi_annual_pct,D2
T2,Latin America & the Caribbean (IDA & IBRD countries),2023,4.92637573192674,FP.CPI.TOTL.ZG,inflation_cpi_annual_pct,D2
T2,Latin America & the Caribbean (IDA & IBRD countries),2022,7.8962761916855,FP.CPI.TOTL.ZG,inflation_cpi_annual_pct,D2
T2,Latin America & the Caribbean (IDA & IBRD countries),2021,4.26105127422813,FP.CPI.TOTL.ZG,inflation_cpi_annual_pct,D2
T2,Latin America & the Caribbean (IDA & IBRD countries),2020,1.76751592356698,FP.CPI.TOTL.ZG,inflation_cpi_annual_pct,D2
XL,Least developed countries: UN classification,2024,4.50346801326901,FP.CPI.TOTL.ZG,inflation_cpi_annual_pct,D2
XL,Least developed countries: UN classification,2023,7.12697482131851,FP.CPI.TOTL.ZG,inflation_cpi_annual_pct,D2
XL,Least developed countries: UN classification,2022,9.45801281304023,FP.CPI.TOTL.ZG,inflation_cpi_annual_pct,D2
XL,Least developed countries: UN classification,2021,4.15649125482107,FP.CPI.TOTL.ZG,inflation_cpi_annual_pct,D2
XL,Least developed countries: UN classification,2020,4.33296874711709,FP.CPI.TOTL.ZG,inflation_cpi_annual_pct,D2
XO,Low & middle income,2024,3.6966328135552,FP.CPI.TOTL.ZG,inflation_cpi_annual_pct,D2
XO,Low & middle income,2023,6.20657592272126,FP.CPI.TOTL.ZG,inflation_cpi_annual_pct,D2
XO,Low & middle income,2022,8.48730869535043,FP.CPI.TOTL.ZG,inflation_cpi_annual_pct,D2
XO,Low & middle income,2021,4.22278962033194,FP.CPI.TOTL.ZG,inflation_cpi_annual_pct,D2
XO,Low & middle income,2020,2.99313555869912,FP.CPI.TOTL.ZG,inflation_cpi_annual_pct,D2
XM,Low income,2024,4.19081721344523,FP.CPI.TOTL.ZG,inflation_cpi_annual_pct,D2
XM,Low income,2023,7.11459205344455,FP.CPI.TOTL.ZG,inflation_cpi_annual_pct,D2
XM,Low income,2022,9.62147608489064,FP.CPI.TOTL.ZG,inflation_cpi_annual_pct,D2
XM,Low income,2021,5.13320340824963,FP.CPI.TOTL.ZG,inflation_cpi_annual_pct,D2
XM,Low income,2020,4.46414437232861,FP.CPI.TOTL.ZG,inflation_cpi_annual_pct,D2
XN,Lower middle income,2024,4.60621098127107,FP.CPI.TOTL.ZG,inflation_cpi_annual_pct,D2
XN,Lower middle income,2023,7.38281384280984,FP.CPI.TOTL.ZG,inflation_cpi_annual_pct,D2
XN,Lower middle income,2022,7.6702057938028,FP.CPI.TOTL.ZG,inflation_cpi_annual_pct,D2
XN,Lower middle income,2021,4.15919657911798,FP.CPI.TOTL.ZG,inflation_cpi_annual_pct,D2
XN,Lower middle income,2020,4.87167398565555,FP.CPI.TOTL.ZG,inflation_cpi_annual_pct,D2
ZQ,"Middle East, North Africa, Afghanistan & Pakistan",2024,2.07655387954199,FP.CPI.TOTL.ZG,inflation_cpi_annual_pct,D2
ZQ,"Middle East, North Africa, Afghanistan & Pakistan",2023,4.22522603168918,FP.CPI.TOTL.ZG,inflation_cpi_annual_pct,D2
ZQ,"Middle East, North Africa, Afghanistan & Pakistan",2022,5.17980847967061,FP.CPI.TOTL.ZG,inflation_cpi_annual_pct,D2
ZQ,"Middle East, North Africa, Afghanistan & Pakistan",2021,2.86833027751019,FP.CPI.TOTL.ZG,inflation_cpi_annual_pct,D2
ZQ,"Middle East, North Africa, Afghanistan & Pakistan",2020,1.44703656998741,FP.CPI.TOTL.ZG,inflation_cpi_annual_pct,D2
XQ,"Middle East, North Africa, Afghanistan & Pakistan (excluding high income)",2024,4.04611455313434,FP.CPI.TOTL.ZG,inflation_cpi_annual_pct,D2
XQ,"Middle East, North Africa, Afghanistan & Pakistan (excluding high income)",2023,6.09114152504141,FP.CPI.TOTL.ZG,inflation_cpi_annual_pct,D2
XQ,"Middle East, North Africa, Afghanistan & Pakistan (excluding high income)",2022,8.30646124447623,FP.CPI.TOTL.ZG,inflation_cpi_annual_pct,D2
XQ,"Middle East, North Africa, Afghanistan & Pakistan (excluding high income)",2021,5.21404940513043,FP.CPI.TOTL.ZG,inflation_cpi_annual_pct,D2
XQ,"Middle East, North Africa, Afghanistan & Pakistan (excluding high income)",2020,2.41513094083414,FP.CPI.TOTL.ZG,inflation_cpi_annual_pct,D2
T3,"Middle East, North Africa, Afghanistan & Pakistan (IDA & IBRD)",2024,3.0861361109923,FP.CPI.TOTL.ZG,inflation_cpi_annual_pct,D2
T3,"Middle East, North Africa, Afghanistan & Pakistan (IDA & IBRD)",2023,7.70665764216232,FP.CPI.TOTL.ZG,inflation_cpi_annual_pct,D2
T3,"Middle East, North Africa, Afghanistan & Pakistan (IDA & IBRD)",2022,8.78598837999588,FP.CPI.TOTL.ZG,inflation_cpi_annual_pct,D2
T3,"Middle East, North Africa, Afghanistan & Pakistan (IDA & IBRD)",2021,5.46019980671871,FP.CPI.TOTL.ZG,inflation_cpi_annual_pct,D2
T3,"Middle East, North Africa, Afghanistan & Pakistan (IDA & IBRD)",2020,3.73003191530476,FP.CPI.TOTL.ZG,inflation_cpi_annual_pct,D2
XP,Middle income,2024,3.6045220384796,FP.CPI.TOTL.ZG,inflation_cpi_annual_pct,D2
XP,Middle income,2023,6.1059011284828,FP.CPI.TOTL.ZG,inflation_cpi_annual_pct,D2
XP,Middle income,2022,8.30646124447623,FP.CPI.TOTL.ZG,inflation_cpi_annual_pct,D2
XP,Middle income,2021,4.12676744440695,FP.CPI.TOTL.ZG,inflation_cpi_annual_pct,D2
XP,Middle income,2020,2.73249209419427,FP.CPI.TOTL.ZG,inflation_cpi_annual_pct,D2
XU,North America,2024,2.6655545188319,FP.CPI.TOTL.ZG,inflation_cpi_annual_pct,D2
XU,North America,2023,3.99766999081457,FP.CPI.TOTL.ZG,inflation_cpi_annual_pct,D2
XU,North America,2022,7.40280048696867,FP.CPI.TOTL.ZG,inflation_cpi_annual_pct,D2
XU,North America,2021,4.04652602445635,FP.CPI.TOTL.ZG,inflation_cpi_annual_pct,D2
XU,North America,2020,0.97529201430706,FP.CPI.TOTL.ZG,inflation_cpi_annual_pct,D2
OE,OECD members,2024,2.76589367979522,FP.CPI.TOTL.ZG,inflation_cpi_annual_pct,D2
OE,OECD members,2023,5.67767862615429,FP.CPI.TOTL.ZG,inflation_cpi_annual_pct,D2
OE,OECD members,2022,8.23803240697186,FP.CPI.TOTL.ZG,inflation_cpi_annual_pct,D2
OE,OECD members,2021,2.81528854435832,FP.CPI.TOTL.ZG,inflation_cpi_annual_pct,D2
OE,OECD members,2020,0.73285164517586,FP.CPI.TOTL.ZG,inflation_cpi_annual_pct,D2
S4,Other small states,2024,2.06969770479834,FP.CPI.TOTL.ZG,inflation_cpi_annual_pct,D2
S4,Other small states,2023,5.51293808804143,FP.CPI.TOTL.ZG,inflation_cpi_annual_pct,D2
S4,Other small states,2022,7.46811935414937,FP.CPI.TOTL.ZG,inflation_cpi_annual_pct,D2
S4,Other small states,2021,2.4284453278932,FP.CPI.TOTL.ZG,inflation_cpi_annual_pct,D2
S4,Other small states,2020,0.712593443137932,FP.CPI.TOTL.ZG,inflation_cpi_annual_pct,D2
S2,Pacific island small states,2024,2.8195484170954,FP.CPI.TOTL.ZG,inflation_cpi_annual_pct,D2
S2,Pacific island small states,2023,7.92164684826777,FP.CPI.TOTL.ZG,inflation_cpi_annual_pct,D2
S2,Pacific island small states,2022,6.09871755232029,FP.CPI.TOTL.ZG,inflation_cpi_annual_pct,D2
S2,Pacific island small states,2021,2.47788271992717,FP.CPI.TOTL.ZG,inflation_cpi_annual_pct,D2
S2,Pacific island small states,2020,0.386388224517504,FP.CPI.TOTL.ZG,inflation_cpi_annual_pct,D2
V4,Post-demographic dividend,2024,2.44091572720697,FP.CPI.TOTL.ZG,inflation_cpi_annual_pct,D2
V4,Post-demographic dividend,2023,5.09396758978883,FP.CPI.TOTL.ZG,inflation_cpi_annual_pct,D2
V4,Post-demographic dividend,2022,7.87737003690613,FP.CPI.TOTL.ZG,inflation_cpi_annual_pct,D2
V4,Post-demographic dividend,2021,2.50835221473776,FP.CPI.TOTL.ZG,inflation_cpi_annual_pct,D2
V4,Post-demographic dividend,2020,0.632267331911716,FP.CPI.TOTL.ZG,inflation_cpi_annual_pct,D2
V1,Pre-demographic dividend,2024,4.13469278078273,FP.CPI.TOTL.ZG,inflation_cpi_annual_pct,D2
V1,Pre-demographic dividend,2023,7.10220928557059,FP.CPI.TOTL.ZG,inflation_cpi_annual_pct,D2
V1,Pre-demographic dividend,2022,8.77567482988523,FP.CPI.TOTL.ZG,inflation_cpi_annual_pct,D2
V1,Pre-demographic dividend,2021,4.22278962033194,FP.CPI.TOTL.ZG,inflation_cpi_annual_pct,D2
V1,Pre-demographic dividend,2020,3.39862928518853,FP.CPI.TOTL.ZG,inflation_cpi_annual_pct,D2
S1,Small states,2024,2.45545072159028,FP.CPI.TOTL.ZG,inflation_cpi_annual_pct,D2
S1,Small states,2023,5.08677483158112,FP.CPI.TOTL.ZG,inflation_cpi_annual_pct,D2
S1,Small states,2022,6.15375621933037,FP.CPI.TOTL.ZG,inflation_cpi_annual_pct,D2
S1,Small states,2021,2.41070312174393,FP.CPI.TOTL.ZG,inflation_cpi_annual_pct,D2
S1,Small states,2020,0.598986330824643,FP.CPI.TOTL.ZG,inflation_cpi_annual_pct,D2
8S,South Asia,2024,3.72320611944934,FP.CPI.TOTL.ZG,inflation_cpi_annual_pct,D2
8S,South Asia,2023,6.38250790219375,FP.CPI.TOTL.ZG,inflation_cpi_annual_pct,D2
8S,South Asia,2022,7.18461996730066,FP.CPI.TOTL.ZG,inflation_cpi_annual_pct,D2
8S,South Asia,2021,5.33853088974921,FP.CPI.TOTL.ZG,inflation_cpi_annual_pct,D2
8S,South Asia,2020,5.6602199868936,FP.CPI.TOTL.ZG,inflation_cpi_annual_pct,D2
T5,South Asia (IDA & IBRD),2024,3.72320611944934,FP.CPI.TOTL.ZG,inflation_cpi_annual_pct,D2
T5,South Asia (IDA & IBRD),2023,6.38250790219375,FP.CPI.TOTL.ZG,inflation_cpi_annual_pct,D2
T5,South Asia (IDA & IBRD),2022,7.18461996730066,FP.CPI.TOTL.ZG,inflation_cpi_annual_pct,D2
T5,South Asia (IDA & IBRD),2021,5.33853088974921,FP.CPI.TOTL.ZG,inflation_cpi_annual_pct,D2
T5,South Asia (IDA & IBRD),2020,5.6602199868936,FP.CPI.TOTL.ZG,inflation_cpi_annual_pct,D2
ZG,Sub-Saharan Africa,2024,4.23903922877036,FP.CPI.TOTL.ZG,inflation_cpi_annual_pct,D2
ZG,Sub-Saharan Africa,2023,6.69759990789845,FP.CPI.TOTL.ZG,inflation_cpi_annual_pct,D2
ZG,Sub-Saharan Africa,2022,9.45801281304023,FP.CPI.TOTL.ZG,inflation_cpi_annual_pct,D2
ZG,Sub-Saharan Africa,2021,4.43905481215002,FP.CPI.TOTL.ZG,inflation_cpi_annual_pct,D2
ZG,Sub-Saharan Africa,2020,3.39862928518853,FP.CPI.TOTL.ZG,inflation_cpi_annual_pct,D2
ZF,Sub-Saharan Africa (excluding high income),2024,4.23903922877036,FP.CPI.TOTL.ZG,inflation_cpi_annual_pct,D2
ZF,Sub-Saharan Africa (excluding high income),2023,6.69759990789845,FP.CPI.TOTL.ZG,inflation_cpi_annual_pct,D2
ZF,Sub-Saharan Africa (excluding high income),2022,9.45801281304023,FP.CPI.TOTL.ZG,inflation_cpi_annual_pct,D2
ZF,Sub-Saharan Africa (excluding high income),2021,4.22278962033194,FP.CPI.TOTL.ZG,inflation_cpi_annual_pct,D2
ZF,Sub-Saharan Africa (excluding high income),2020,3.39862928518853,FP.CPI.TOTL.ZG,inflation_cpi_annual_pct,D2
T6,Sub-Saharan Africa (IDA & IBRD countries),2024,4.23903922877036,FP.CPI.TOTL.ZG,inflation_cpi_annual_pct,D2
T6,Sub-Saharan Africa (IDA & IBRD countries),2023,6.69759990789845,FP.CPI.TOTL.ZG,inflation_cpi_annual_pct,D2
T6,Sub-Saharan Africa (IDA & IBRD countries),2022,9.45801281304023,FP.CPI.TOTL.ZG,inflation_cpi_annual_pct,D2
T6,Sub-Saharan Africa (IDA & IBRD countries),2021,4.43905481215002,FP.CPI.TOTL.ZG,inflation_cpi_annual_pct,D2
T6,Sub-Saharan Africa (IDA & IBRD countries),2020,3.39862928518853,FP.CPI.TOTL.ZG,inflation_cpi_annual_pct,D2
XT,Upper middle income,2024,3.05252419284577,FP.CPI.TOTL.ZG,inflation_cpi_annual_pct,D2
XT,Upper middle income,2023,5.07719516250971,FP.CPI.TOTL.ZG,inflation_cpi_annual_pct,D2
XT,Upper middle income,2022,9.0383038041557,FP.CPI.TOTL.ZG,inflation_cpi_annual_pct,D2
XT,Upper middle income,2021,4.05681586746239,FP.CPI.TOTL.ZG,inflation_cpi_annual_pct,D2
XT,Upper middle income,2020,1.82893754590454,FP.CPI.TOTL.ZG,inflation_cpi_annual_pct,D2
1W,World,2024,2.97200477643618,FP.CPI.TOTL.ZG,inflation_cpi_annual_pct,D2
1W,World,2023,5.87010268787553,FP.CPI.TOTL.ZG,inflation_cpi_annual_pct,D2
1W,World,2022,7.98518671835033,FP.CPI.TOTL.ZG,inflation_cpi_annual_pct,D2
1W,World,2021,3.4754032028988,FP.CPI.TOTL.ZG,inflation_cpi_annual_pct,D2
1W,World,2020,1.90509722047501,FP.CPI.TOTL.ZG,inflation_cpi_annual_pct,D2
AF,Afghanistan,2024,-6.60118564073726,FP.CPI.TOTL.ZG,inflation_cpi_annual_pct,D2
AF,Afghanistan,2023,-4.64470870797775,FP.CPI.TOTL.ZG,inflation_cpi_annual_pct,D2
AF,Afghanistan,2022,13.7121023720065,FP.CPI.TOTL.ZG,inflation_cpi_annual_pct,D2
AF,Afghanistan,2021,5.13320340824963,FP.CPI.TOTL.ZG,inflation_cpi_annual_pct,D2
AF,Afghanistan,2020,5.60188791482224,FP.CPI.TOTL.ZG,inflation_cpi_annual_pct,D2
AL,Albania,2024,2.21587375089999,FP.CPI.TOTL.ZG,inflation_cpi_annual_pct,D2
AL,Albania,2023,4.75834555150039,FP.CPI.TOTL.ZG,inflation_cpi_annual_pct,D2
AL,Albania,2022,6.7252027153006,FP.CPI.TOTL.ZG,inflation_cpi_annual_pct,D2
AL,Albania,2021,2.04147163139545,FP.CPI.TOTL.ZG,inflation_cpi_annual_pct,D2
AL,Albania,2020,1.62088661717004,FP.CPI.TOTL.ZG,inflation_cpi_annual_pct,D2
DZ,Algeria,2024,4.04611455313434,FP.CPI.TOTL.ZG,inflation_cpi_annual_pct,D2
DZ,Algeria,2023,9.32217375928322,FP.CPI.TOTL.ZG,inflation_cpi_annual_pct,D2
DZ,Algeria,2022,9.26551551551553,FP.CPI.TOTL.ZG,inflation_cpi_annual_pct,D2
DZ,Algeria,2021,7.22606307415477,FP.CPI.TOTL.ZG,inflation_cpi_annual_pct,D2
DZ,Algeria,2020,2.41513094083414,FP.CPI.TOTL.ZG,inflation_cpi_annual_pct,D2
AO,Angola,2024,28.2404948915772,FP.CPI.TOTL.ZG,inflation_cpi_annual_pct,D2
AO,Angola,2023,13.6441017767715,FP.CPI.TOTL.ZG,inflation_cpi_annual_pct,D2
AO,Angola,2022,21.3552901320822,FP.CPI.TOTL.ZG,inflation_cpi_annual_pct,D2
AO,Angola,2021,25.7542948841891,FP.CPI.TOTL.ZG,inflation_cpi_annual_pct,D2
AO,Angola,2020,22.271539247051,FP.CPI.TOTL.ZG,inflation_cpi_annual_pct,D2
AG,Antigua and Barbuda,2024,6.19886698842116,FP.CPI.TOTL.ZG,inflation_cpi_annual_pct,D2
AG,Antigua and Barbuda,2023,5.06713865364213,FP.CPI.TOTL.ZG,inflation_cpi_annual_pct,D2
AG,Antigua and Barbuda,2022,7.53107834634288,FP.CPI.TOTL.ZG,inflation_cpi_annual_pct,D2
AG,Antigua and Barbuda,2021,2.06299638545334,FP.CPI.TOTL.ZG,inflation_cpi_annual_pct,D2
AG,Antigua and Barbuda,2020,0.625989707046719,FP.CPI.TOTL.ZG,inflation_cpi_annual_pct,D2
AR,Argentina,2024,219.883929014578,FP.CPI.TOTL.ZG,inflation_cpi_annual_pct,D2
AR,Argentina,2023,133.488935594175,FP.CPI.TOTL.ZG,inflation_cpi_annual_pct,D2
AR,Argentina,2022,72.430757531824,FP.CPI.TOTL.ZG,inflation_cpi_annual_pct,D2
AR,Argentina,2021,48.4093786255199,FP.CPI.TOTL.ZG,inflation_cpi_annual_pct,D2
AR,Argentina,2020,42.0150947376509,FP.CPI.TOTL.ZG,inflation_cpi_annual_pct,D2
AM,Armenia,2024,0.269511978259125,FP.CPI.TOTL.ZG,inflation_cpi_annual_pct,D2
AM,Armenia,2023,1.98041877615554,FP.CPI.TOTL.ZG,inflation_cpi_annual_pct,D2
AM,Armenia,2022,8.64091108973855,FP.CPI.TOTL.ZG,inflation_cpi_annual_pct,D2
AM,Armenia,2021,7.18483629443371,FP.CPI.TOTL.ZG,inflation_cpi_annual_pct,D2
AM,Armenia,2020,1.21143577838465,FP.CPI.TOTL.ZG,inflation_cpi_annual_pct,D2
AU,Australia,2024,3.1616142830575,FP.CPI.TOTL.ZG,inflation_cpi_annual_pct,D2
AU,Australia,2023,5.5970149253731,FP.CPI.TOTL.ZG,inflation_cpi_annual_pct,D2
AU,Australia,2022,6.59409671341846,FP.CPI.TOTL.ZG,inflation_cpi_annual_pct,D2
AU,Australia,2021,2.86391042204994,FP.CPI.TOTL.ZG,inflation_cpi_annual_pct,D2
AU,Australia,2020,0.846905537459305,FP.CPI.TOTL.ZG,inflation_cpi_annual_pct,D2
AT,Austria,2024,2.93791574279383,FP.CPI.TOTL.ZG,inflation_cpi_annual_pct,D2
AT,Austria,2023,7.81413417002832,FP.CPI.TOTL.ZG,inflation_cpi_annual_pct,D2
AT,Austria,2022,8.5468699318845,FP.CPI.TOTL.ZG,inflation_cpi_annual_pct,D2
AT,Austria,2021,2.7666666666667,FP.CPI.TOTL.ZG,inflation_cpi_annual_pct,D2
AT,Austria,2020,1.38191063351862,FP.CPI.TOTL.ZG,inflation_cpi_annual_pct,D2
AZ,Azerbaijan,2024,2.21217188919901,FP.CPI.TOTL.ZG,inflation_cpi_annual_pct,D2
AZ,Azerbaijan,2023,8.78543049849081,FP.CPI.TOTL.ZG,inflation_cpi_annual_pct,D2
AZ,Azerbaijan,2022,13.8522590144267,FP.CPI.TOTL.ZG,inflation_cpi_annual_pct,D2
AZ,Azerbaijan,2021,6.65029912708779,FP.CPI.TOTL.ZG,inflation_cpi_annual_pct,D2
AZ,Azerbaijan,2020,2.75980947008127,FP.CPI.TOTL.ZG,inflation_cpi_annual_pct,D2
BS,"Bahamas, The",2024,0.409162489083286,FP.CPI.TOTL.ZG,inflation_cpi_annual_pct,D2
BS,"Bahamas, The",2023,3.05291578969743,FP.CPI.TOTL.ZG,inflation_cpi_annual_pct,D2
BS,"Bahamas, The",2022,5.60540633583044,FP.CPI.TOTL.ZG,inflation_cpi_annual_pct,D2
BS,"Bahamas, The",2021,2.90491262928478,FP.CPI.TOTL.ZG,inflation_cpi_annual_pct,D2
BS,"Bahamas, The",2020,0.0385210980054558,FP.CPI.TOTL.ZG,inflation_cpi_annual_pct,D2
BH,Bahrain,2024,0.919635459817651,FP.CPI.TOTL.ZG,inflation_cpi_annual_pct,D2
BH,Bahrain,2023,0.0746206782192256,FP.CPI.TOTL.ZG,inflation_cpi_annual_pct,D2
BH,Bahrain,2022,3.62574104304482,FP.CPI.TOTL.ZG,inflation_cpi_annual_pct,D2
BH,Bahrain,2021,-0.60631938514085,FP.CPI.TOTL.ZG,inflation_cpi_annual_pct,D2
BH,Bahrain,2020,-2.31770629331379,FP.CPI.TOTL.ZG,inflation_cpi_annual_pct,D2
BD,Bangladesh,2024,10.4657482763412,FP.CPI.TOTL.ZG,inflation_cpi_annual_pct,D2
BD,Bangladesh,2023,9.8835030377921,FP.CPI.TOTL.ZG,inflation_cpi_annual_pct,D2
BD,Bangladesh,2022,7.69695437176898,FP.CPI.TOTL.ZG,inflation_cpi_annual_pct,D2
BD,Bangladesh,2021,5.54565430773473,FP.CPI.TOTL.ZG,inflation_cpi_annual_pct,D2
BD,Bangladesh,2020,5.69107474746211,FP.CPI.TOTL.ZG,inflation_cpi_annual_pct,D2
BB,Barbados,2024,-0.440112940205204,FP.CPI.TOTL.ZG,inflation_cpi_annual_pct,D2
BB,Barbados,2023,9.79207077126447,FP.CPI.TOTL.ZG,inflation_cpi_annual_pct,D2
BY,Belarus,2024,5.78531910427999,FP.CPI.TOTL.ZG,inflation_cpi_annual_pct,D2
BY,Belarus,2023,5.00059903091313,FP.CPI.TOTL.ZG,inflation_cpi_annual_pct,D2
BY,Belarus,2022,15.209675274081,FP.CPI.TOTL.ZG,inflation_cpi_annual_pct,D2
BY,Belarus,2021,9.46028389623106,FP.CPI.TOTL.ZG,inflation_cpi_annual_pct,D2
BY,Belarus,2020,5.54814357456511,FP.CPI.TOTL.ZG,inflation_cpi_annual_pct,D2
BE,Belgium,2024,3.14349136500041,FP.CPI.TOTL.ZG,inflation_cpi_annual_pct,D2
BE,Belgium,2023,4.04901077613941,FP.CPI.TOTL.ZG,inflation_cpi_annual_pct,D2
BE,Belgium,2022,9.597511728725,FP.CPI.TOTL.ZG,inflation_cpi_annual_pct,D2
BE,Belgium,2021,2.44024851144084,FP.CPI.TOTL.ZG,inflation_cpi_annual_pct,D2
BE,Belgium,2020,0.740791812220344,FP.CPI.TOTL.ZG,inflation_cpi_annual_pct,D2
BZ,Belize,2024,3.28955985952768,FP.CPI.TOTL.ZG,inflation_cpi_annual_pct,D2
BZ,Belize,2023,4.38984017487675,FP.CPI.TOTL.ZG,inflation_cpi_annual_pct,D2
BZ,Belize,2022,6.27689319447544,FP.CPI.TOTL.ZG,inflation_cpi_annual_pct,D2
BZ,Belize,2021,3.23563659237071,FP.CPI.TOTL.ZG,inflation_cpi_annual_pct,D2
BZ,Belize,2020,0.121434644614894,FP.CPI.TOTL.ZG,inflation_cpi_annual_pct,D2
BJ,Benin,2024,1.16093089640415,FP.CPI.TOTL.ZG,inflation_cpi_annual_pct,D2
BJ,Benin,2023,2.73870078406075,FP.CPI.TOTL.ZG,inflation_cpi_annual_pct,D2
BJ,Benin,2022,1.35077863583527,FP.CPI.TOTL.ZG,inflation_cpi_annual_pct,D2
BJ,Benin,2021,1.73353962694036,FP.CPI.TOTL.ZG,inflation_cpi_annual_pct,D2
BJ,Benin,2020,3.02272119663759,FP.CPI.TOTL.ZG,inflation_cpi_annual_pct,D2
BT,Bhutan,2024,2.76131569624098,FP.CPI.TOTL.ZG,inflation_cpi_annual_pct,D2
BT,Bhutan,2023,4.22934419929251,FP.CPI.TOTL.ZG,inflation_cpi_annual_pct,D2
BT,Bhutan,2022,5.6391667139637,FP.CPI.TOTL.ZG,inflation_cpi_annual_pct,D2
BT,Bhutan,2021,7.3468144053353,FP.CPI.TOTL.ZG,inflation_cpi_annual_pct,D2
BT,Bhutan,2020,5.62936522632508,FP.CPI.TOTL.ZG,inflation_cpi_annual_pct,D2
BO,Bolivia,2024,5.09976568317427,FP.CPI.TOTL.ZG,inflation_cpi_annual_pct,D2
BO,Bolivia,2023,2.57688800489192,FP.CPI.TOTL.ZG,inflation_cpi_annual_pct,D2
BO,Bolivia,2022,1.74632872945969,FP.CPI.TOTL.ZG,inflation_cpi_annual_pct,D2
BO,Bolivia,2021,0.737383721452275,FP.CPI.TOTL.ZG,inflation_cpi_annual_pct,D2
BO,Bolivia,2020,0.940742153381849,FP.CPI.TOTL.ZG,inflation_cpi_annual_pct,D2
BA,Bosnia and Herzegovina,2024,1.69212733599724,FP.CPI.TOTL.ZG,inflation_cpi_annual_pct,D2
BA,Bosnia and Herzegovina,2023,6.1059011284828,FP.CPI.TOTL.ZG,inflation_cpi_annual_pct,D2
BA,Bosnia and Herzegovina,2022,14.0208440826771,FP.CPI.TOTL.ZG,inflation_cpi_annual_pct,D2
BA,Bosnia and Herzegovina,2021,1.98163900587622,FP.CPI.TOTL.ZG,inflation_cpi_annual_pct,D2
BA,Bosnia and Herzegovina,2020,-1.0512960076349,FP.CPI.TOTL.ZG,inflation_cpi_annual_pct,D2
BW,Botswana,2024,2.81835131676251,FP.CPI.TOTL.ZG,inflation_cpi_annual_pct,D2
BW,Botswana,2023,5.0676154934383,FP.CPI.TOTL.ZG,inflation_cpi_annual_pct,D2
BW,Botswana,2022,11.665567478802,FP.CPI.TOTL.ZG,inflation_cpi_annual_pct,D2
BW,Botswana,2021,7.24097765588442,FP.CPI.TOTL.ZG,inflation_cpi_annual_pct,D2
BW,Botswana,2020,1.8903591682421,FP.CPI.TOTL.ZG,inflation_cpi_annual_pct,D2
BR,Brazil,2024,4.36746407652337,FP.CPI.TOTL.ZG,inflation_cpi_annual_pct,D2
BR,Brazil,2023,4.59356282283204,FP.CPI.TOTL.ZG,inflation_cpi_annual_pct,D2
BR,Brazil,2022,9.28010608956873,FP.CPI.TOTL.ZG,inflation_cpi_annual_pct,D2
BR,Brazil,2021,8.30165975585673,FP.CPI.TOTL.ZG,inflation_cpi_annual_pct,D2
BR,Brazil,2020,3.21176803803376,FP.CPI.TOTL.ZG,inflation_cpi_annual_pct,D2
BN,Brunei Darussalam,2024,-0.388674165036461,FP.CPI.TOTL.ZG,inflation_cpi_annual_pct,D2
BN,Brunei Darussalam,2023,0.35706431153689,FP.CPI.TOTL.ZG,inflation_cpi_annual_pct,D2
BN,Brunei Darussalam,2022,3.68225030604216,FP.CPI.TOTL.ZG,inflation_cpi_annual_pct,D2
BN,Brunei Darussalam,2021,1.73341388450593,FP.CPI.TOTL.ZG,inflation_cpi_annual_pct,D2
BN,Brunei Darussalam,2020,1.94031996607184,FP.CPI.TOTL.ZG,inflation_cpi_annual_pct,D2
BG,Bulgaria,2024,2.44651943006079,FP.CPI.TOTL.ZG,inflation_cpi_annual_pct,D2
BG,Bulgaria,2023,9.44284140088564,FP.CPI.TOTL.ZG,inflation_cpi_annual_pct,D2
BG,Bulgaria,2022,15.3252589264366,FP.CPI.TOTL.ZG,inflation_cpi_annual_pct,D2
BG,Bulgaria,2021,3.29774435299515,FP.CPI.TOTL.ZG,inflation_cpi_annual_pct,D2
BG,Bulgaria,2020,1.67244096855756,FP.CPI.TOTL.ZG,inflation_cpi_annual_pct,D2
BF,Burkina Faso,2024,4.19081721344523,FP.CPI.TOTL.ZG,inflation_cpi_annual_pct,D2
BF,Burkina Faso,2023,0.742910428668918,FP.CPI.TOTL.ZG,inflation_cpi_annual_pct,D2
BF,Burkina Faso,2022,14.2902354303358,FP.CPI.TOTL.ZG,inflation_cpi_annual_pct,D2
BF,Burkina Faso,2021,3.65326761825509,FP.CPI.TOTL.ZG,inflation_cpi_annual_pct,D2
BF,Burkina Faso,2020,1.88470066518847,FP.CPI.TOTL.ZG,inflation_cpi_annual_pct,D2
BI,Burundi,2024,20.2124925027847,FP.CPI.TOTL.ZG,inflation_cpi_annual_pct,D2
BI,Burundi,2023,26.9414835762453,FP.CPI.TOTL.ZG,inflation_cpi_annual_pct,D2
BI,Burundi,2022,18.8008786664945,FP.CPI.TOTL.ZG,inflation_cpi_annual_pct,D2
BI,Burundi,2021,8.40453845076341,FP.CPI.TOTL.ZG,inflation_cpi_annual_pct,D2
BI,Burundi,2020,7.32110643415521,FP.CPI.TOTL.ZG,inflation_cpi_annual_pct,D2
CV,Cabo Verde,2024,1.04817001091965,FP.CPI.TOTL.ZG,inflation_cpi_annual_pct,D2
CV,Cabo Verde,2023,3.72437517668748,FP.CPI.TOTL.ZG,inflation_cpi_annual_pct,D2
CV,Cabo Verde,2022,7.93092925430087,FP.CPI.TOTL.ZG,inflation_cpi_annual_pct,D2
CV,Cabo Verde,2021,1.86215297494647,FP.CPI.TOTL.ZG,inflation_cpi_annual_pct,D2
CV,Cabo Verde,2020,0.605795808395385,FP.CPI.TOTL.ZG,inflation_cpi_annual_pct,D2
KH,Cambodia,2024,0.808042016536654,FP.CPI.TOTL.ZG,inflation_cpi_annual_pct,D2
KH,Cambodia,2023,2.12746796594194,FP.CPI.TOTL.ZG,inflation_cpi_annual_pct,D2
KH,Cambodia,2022,5.34370264895437,FP.CPI.TOTL.ZG,inflation_cpi_annual_pct,D2
KH,Cambodia,2021,2.92073477592949,FP.CPI.TOTL.ZG,inflation_cpi_annual_pct,D2
KH,Cambodia,2020,2.9402951426397,FP.CPI.TOTL.ZG,inflation_cpi_annual_pct,D2
CM,Cameroon,2024,4.53331349711606,FP.CPI.TOTL.ZG,inflation_cpi_annual_pct,D2
CM,Cameroon,2023,7.38281384280984,FP.CPI.TOTL.ZG,inflation_cpi_annual_pct,D2
CM,Cameroon,2022,6.24767713343861,FP.CPI.TOTL.ZG,inflation_cpi_annual_pct,D2
CM,Cameroon,2021,2.27185762503637,FP.CPI.TOTL.ZG,inflation_cpi_annual_pct,D2
CM,Cameroon,2020,2.43760882182236,FP.CPI.TOTL.ZG,inflation_cpi_annual_pct,D2
CA,Canada,2024,2.38158383281173,FP.CPI.TOTL.ZG,inflation_cpi_annual_pct,D2
CA,Canada,2023,3.87900159788426,FP.CPI.TOTL.ZG,inflation_cpi_annual_pct,D2
CA,Canada,2022,6.80280115341613,FP.CPI.TOTL.ZG,inflation_cpi_annual_pct,D2
CA,Canada,2021,3.39519318527528,FP.CPI.TOTL.ZG,inflation_cpi_annual_pct,D2
CA,Canada,2020,0.716999632307827,FP.CPI.TOTL.ZG,inflation_cpi_annual_pct,D2
CF,Central African Republic,2024,1.47733600718744,FP.CPI.TOTL.ZG,inflation_cpi_annual_pct,D2
CF,Central African Republic,2023,2.97913852618937,FP.CPI.TOTL.ZG,inflation_cpi_annual_pct,D2
CF,Central African Republic,2022,5.58316735183247,FP.CPI.TOTL.ZG,inflation_cpi_annual_pct,D2
CF,Central African Republic,2021,4.25936417542868,FP.CPI.TOTL.ZG,inflation_cpi_annual_pct,D2
CF,Central African Republic,2020,1.71015659523153,FP.CPI.TOTL.ZG,inflation_cpi_annual_pct,D2
TD,Chad,2024,8.89950732263754,FP.CPI.TOTL.ZG,inflation_cpi_annual_pct,D2
TD,Chad,2023,10.8363568399843,FP.CPI.TOTL.ZG,inflation_cpi_annual_pct,D2
TD,Chad,2022,5.78802687843616,FP.CPI.TOTL.ZG,inflation_cpi_annual_pct,D2
TD,Chad,2021,-0.77284437035914,FP.CPI.TOTL.ZG,inflation_cpi_annual_pct,D2
TD,Chad,2020,4.46414437232861,FP.CPI.TOTL.ZG,inflation_cpi_annual_pct,D2
CL,Chile,2024,4.29763891572524,FP.CPI.TOTL.ZG,inflation_cpi_annual_pct,D2
CL,Chile,2023,7.58168251407962,FP.CPI.TOTL.ZG,inflation_cpi_annual_pct,D2
CL,Chile,2022,11.643866711056,FP.CPI.TOTL.ZG,inflation_cpi_annual_pct,D2
CL,Chile,2021,4.52456838259144,FP.CPI.TOTL.ZG,inflation_cpi_annual_pct,D2
CL,Chile,2020,3.04549084804326,FP.CPI.TOTL.ZG,inflation_cpi_annual_pct,D2
CN,China,2024,0.218128938439177,FP.CPI.TOTL.ZG,inflation_cpi_annual_pct,D2
CN,China,2023,0.234836828893051,FP.CPI.TOTL.ZG,inflation_cpi_annual_pct,D2
CN,China,2022,1.97357555739051,FP.CPI.TOTL.ZG,inflation_cpi_annual_pct,D2
CN,China,2021,0.981015135544882,FP.CPI.TOTL.ZG,inflation_cpi_annual_pct,D2
CN,China,2020,2.41942189457782,FP.CPI.TOTL.ZG,inflation_cpi_annual_pct,D2
CO,Colombia,2024,6.60908593728228,FP.CPI.TOTL.ZG,inflation_cpi_annual_pct,D2
CO,Colombia,2023,11.7359044948689,FP.CPI.TOTL.ZG,inflation_cpi_annual_pct,D2
CO,Colombia,2022,10.1772313546166,FP.CPI.TOTL.ZG,inflation_cpi_annual_pct,D2
CO,Colombia,2021,3.49505757399448,FP.CPI.TOTL.ZG,inflation_cpi_annual_pct,D2
CO,Colombia,2020,2.52663500084706,FP.CPI.TOTL.ZG,inflation_cpi_annual_pct,D2
KM,Comoros,2024,5.05192609588218,FP.CPI.TOTL.ZG,inflation_cpi_annual_pct,D2
KM,Comoros,2023,8.37373955490996,FP.CPI.TOTL.ZG,inflation_cpi_annual_pct,D2
KM,Comoros,2022,12.5320314570999,FP.CPI.TOTL.ZG,inflation_cpi_annual_pct,D2
KM,Comoros,2021,-0.00441793682346988,FP.CPI.TOTL.ZG,inflation_cpi_annual_pct,D2
KM,Comoros,2020,0.786641929499151,FP.CPI.TOTL.ZG,inflation_cpi_annual_pct,D2
CG,"Congo, Rep.",2024,3.09143630919166,FP.CPI.TOTL.ZG,inflation_cpi_annual_pct,D2
CG,"Congo, Rep.",2023,4.30174563591016,FP.CPI.TOTL.ZG,inflation_cpi_annual_pct,D2
CG,"Congo, Rep.",2022,3.04344334698478,FP.CPI.TOTL.ZG,inflation_cpi_annual_pct,D2
CG,"Congo, Rep.",2021,1.7156427545126,FP.CPI.TOTL.ZG,inflation_cpi_annual_pct,D2
CG,"Congo, Rep.",2020,1.79537147083108,FP.CPI.TOTL.ZG,inflation_cpi_annual_pct,D2
CR,Costa Rica,2024,-0.412853001047069,FP.CPI.TOTL.ZG,inflation_cpi_annual_pct,D2
CR,Costa Rica,2023,0.525193508693455,FP.CPI.TOTL.ZG,inflation_cpi_annual_pct,D2
CR,Costa Rica,2022,8.27477490232654,FP.CPI.TOTL.ZG,inflation_cpi_annual_pct,D2
CR,Costa Rica,2021,1.72647755109241,FP.CPI.TOTL.ZG,inflation_cpi_annual_pct,D2
CR,Costa Rica,2020,0.724911478131376,FP.CPI.TOTL.ZG,inflation_cpi_annual_pct,D2
CI,Cote d'Ivoire,2024,3.45053028131019,FP.CPI.TOTL.ZG,inflation_cpi_annual_pct,D2
CI,Cote d'Ivoire,2023,4.36972254867474,FP.CPI.TOTL.ZG,inflation_cpi_annual_pct,D2
CI,Cote d'Ivoire,2022,5.23352856100843,FP.CPI.TOTL.ZG,inflation_cpi_annual_pct,D2
CI,Cote d'Ivoire,2021,4.15919657911798,FP.CPI.TOTL.ZG,inflation_cpi_annual_pct,D2
CI,Cote d'Ivoire,2020,2.41252617189053,FP.CPI.TOTL.ZG,inflation_cpi_annual_pct,D2
HR,Croatia,2024,2.97200477643618,FP.CPI.TOTL.ZG,inflation_cpi_annual_pct,D2
HR,Croatia,2023,7.9412817758683,FP.CPI.TOTL.ZG,inflation_cpi_annual_pct,D2
HR,Croatia,2022,10.7805806758686,FP.CPI.TOTL.ZG,inflation_cpi_annual_pct,D2
HR,Croatia,2021,2.55450699642041,FP.CPI.TOTL.ZG,inflation_cpi_annual_pct,D2
HR,Croatia,2020,0.154811374562106,FP.CPI.TOTL.ZG,inflation_cpi_annual_pct,D2
CY,Cyprus,2024,1.80023018624815,FP.CPI.TOTL.ZG,inflation_cpi_annual_pct,D2
CY,Cyprus,2023,3.54134188751663,FP.CPI.TOTL.ZG,inflation_cpi_annual_pct,D2
CY,Cyprus,2022,8.39548297993334,FP.CPI.TOTL.ZG,inflation_cpi_annual_pct,D2
CY,Cyprus,2021,2.44608867175474,FP.CPI.TOTL.ZG,inflation_cpi_annual_pct,D2
CY,Cyprus,2020,-0.638422797978959,FP.CPI.TOTL.ZG,inflation_cpi_annual_pct,D2
CZ,Czechia,2024,2.43531202435314,FP.CPI.TOTL.ZG,inflation_cpi_annual_pct,D2
CZ,Czechia,2023,10.6612601372426,FP.CPI.TOTL.ZG,inflation_cpi_annual_pct,D2
CZ,Czechia,2022,15.1001651468371,FP.CPI.TOTL.ZG,inflation_cpi_annual_pct,D2
CZ,Czechia,2021,3.83984491500146,FP.CPI.TOTL.ZG,inflation_cpi_annual_pct,D2
CZ,Czechia,2020,3.16129528497801,FP.CPI.TOTL.ZG,inflation_cpi_annual_pct,D2
DK,Denmark,2024,1.37220049768918,FP.CPI.TOTL.ZG,inflation_cpi_annual_pct,D2
DK,Denmark,2023,3.30517811237606,FP.CPI.TOTL.ZG,inflation_cpi_annual_pct,D2
DK,Denmark,2022,7.6965669988926,FP.CPI.TOTL.ZG,inflation_cpi_annual_pct,D2
DK,Denmark,2021,1.8530454398968,FP.CPI.TOTL.ZG,inflation_cpi_annual_pct,D2
DK,Denmark,2020,0.420711974110115,FP.CPI.TOTL.ZG,inflation_cpi_annual_pct,D2
DJ,Djibouti,2024,2.07655387954199,FP.CPI.TOTL.ZG,inflation_cpi_annual_pct,D2
DJ,Djibouti,2023,1.49506816515088,FP.CPI.TOTL.ZG,inflation_cpi_annual_pct,D2
DJ,Djibouti,2022,5.17980847967061,FP.CPI.TOTL.ZG,inflation_cpi_annual_pct,D2
DJ,Djibouti,2021,1.18191775339802,FP.CPI.TOTL.ZG,inflation_cpi_annual_pct,D2
DJ,Djibouti,2020,1.7774078380617,FP.CPI.TOTL.ZG,inflation_cpi_annual_pct,D2
DM,Dominica,2024,2.56921890367726,FP.CPI.TOTL.ZG,inflation_cpi_annual_pct,D2
DM,Dominica,2023,5.08677483158112,FP.CPI.TOTL.ZG,inflation_cpi_annual_pct,D2
DM,Dominica,2022,2.88490226829353,FP.CPI.TOTL.ZG,inflation_cpi_annual_pct,D2
DM,Dominica,2021,2.22891330700344,FP.CPI.TOTL.ZG,inflation_cpi_annual_pct,D2
DM,Dominica,2020,1.22026442242476,FP.CPI.TOTL.ZG,inflation_cpi_annual_pct,D2
DO,Dominican Republic,2024,3.30223338951227,FP.CPI.TOTL.ZG,inflation_cpi_annual_pct,D2
DO,Dominican Republic,2023,4.78561281021135,FP.CPI.TOTL.ZG,inflation_cpi_annual_pct,D2
DO,Dominican Republic,2022,8.81109209279587,FP.CPI.TOTL.ZG,inflation_cpi_annual_pct,D2
DO,Dominican Republic,2021,8.24300347981809,FP.CPI.TOTL.ZG,inflation_cpi_annual_pct,D2
DO,Dominican Republic,2020,3.78103179915517,FP.CPI.TOTL.ZG,inflation_cpi_annual_pct,D2
EC,Ecuador,2024,1.54732515615369,FP.CPI.TOTL.ZG,inflation_cpi_annual_pct,D2
EC,Ecuador,2023,2.21568764237058,FP.CPI.TOTL.ZG,inflation_cpi_annual_pct,D2
EC,Ecuador,2022,3.46616972213077,FP.CPI.TOTL.ZG,inflation_cpi_annual_pct,D2
EC,Ecuador,2021,0.133251386096389,FP.CPI.TOTL.ZG,inflation_cpi_annual_pct,D2
EC,Ecuador,2020,-0.338872392562139,FP.CPI.TOTL.ZG,inflation_cpi_annual_pct,D2
EG,"Egypt, Arab Rep.",2024,28.2705899322083,FP.CPI.TOTL.ZG,inflation_cpi_annual_pct,D2
EG,"Egypt, Arab Rep.",2023,33.8847763115546,FP.CPI.TOTL.ZG,inflation_cpi_annual_pct,D2
EG,"Egypt, Arab Rep.",2022,13.8956609775178,FP.CPI.TOTL.ZG,inflation_cpi_annual_pct,D2
EG,"Egypt, Arab Rep.",2021,5.21404940513043,FP.CPI.TOTL.ZG,inflation_cpi_annual_pct,D2
EG,"Egypt, Arab Rep.",2020,5.04493288977539,FP.CPI.TOTL.ZG,inflation_cpi_annual_pct,D2
SV,El Salvador,2024,0.853782292567288,FP.CPI.TOTL.ZG,inflation_cpi_annual_pct,D2
SV,El Salvador,2023,4.04554694222477,FP.CPI.TOTL.ZG,inflation_cpi_annual_pct,D2
SV,El Salvador,2022,7.19861615609867,FP.CPI.TOTL.ZG,inflation_cpi_annual_pct,D2
SV,El Salvador,2021,3.46692585313082,FP.CPI.TOTL.ZG,inflation_cpi_annual_pct,D2
SV,El Salvador,2020,-0.371590212324095,FP.CPI.TOTL.ZG,inflation_cpi_annual_pct,D2
GQ,Equatorial Guinea,2024,2.92140227309103,FP.CPI.TOTL.ZG,inflation_cpi_annual_pct,D2
GQ,Equatorial Guinea,2023,2.85949506037322,FP.CPI.TOTL.ZG,inflation_cpi_annual_pct,D2
GQ,Equatorial Guinea,2022,4.78671704710803,FP.CPI.TOTL.ZG,inflation_cpi_annual_pct,D2
GQ,Equatorial Guinea,2021,-0.0971007664640198,FP.CPI.TOTL.ZG,inflation_cpi_annual_pct,D2
GQ,Equatorial Guinea,2020,4.76669523944228,FP.CPI.TOTL.ZG,inflation_cpi_annual_pct,D2
EE,Estonia,2024,3.52056053296586,FP.CPI.TOTL.ZG,inflation_cpi_annual_pct,D2
EE,Estonia,2023,9.15922507983982,FP.CPI.TOTL.ZG,inflation_cpi_annual_pct,D2
EE,Estonia,2022,19.3982634080616,FP.CPI.TOTL.ZG,inflation_cpi_annual_pct,D2
EE,Estonia,2021,4.65316673847473,FP.CPI.TOTL.ZG,inflation_cpi_annual_pct,D2
EE,Estonia,2020,-0.44453109767983,FP.CPI.TOTL.ZG,inflation_cpi_annual_pct,D2
ET,Ethiopia,2024,21.0377460577711,FP.CPI.TOTL.ZG,inflation_cpi_annual_pct,D2
ET,Ethiopia,2023,30.2188278135278,FP.CPI.TOTL.ZG,inflation_cpi_annual_pct,D2
ET,Ethiopia,2022,33.8898797100898,FP.CPI.TOTL.ZG,inflation_cpi_annual_pct,D2
ET,Ethiopia,2021,26.8395221557722,FP.CPI.TOTL.ZG,inflation_cpi_annual_pct,D2
ET,Ethiopia,2020,20.3563468559061,FP.CPI.TOTL.ZG,inflation_cpi_annual_pct,D2
FJ,Fiji,2024,4.51138256524155,FP.CPI.TOTL.ZG,inflation_cpi_annual_pct,D2
FJ,Fiji,2023,2.34408296633042,FP.CPI.TOTL.ZG,inflation_cpi_annual_pct,D2
FJ,Fiji,2022,4.32011856243056,FP.CPI.TOTL.ZG,inflation_cpi_annual_pct,D2
FJ,Fiji,2021,0.155855722131516,FP.CPI.TOTL.ZG,inflation_cpi_annual_pct,D2
FJ,Fiji,2020,-2.59524325887372,FP.CPI.TOTL.ZG,inflation_cpi_annual_pct,D2
FI,Finland,2024,1.56568906231616,FP.CPI.TOTL.ZG,inflation_cpi_annual_pct,D2
FI,Finland,2023,6.25064322154763,FP.CPI.TOTL.ZG,inflation_cpi_annual_pct,D2
FI,Finland,2022,7.12350773301402,FP.CPI.TOTL.ZG,inflation_cpi_annual_pct,D2
FI,Finland,2021,2.19457432340007,FP.CPI.TOTL.ZG,inflation_cpi_annual_pct,D2
FI,Finland,2020,0.290554555653239,FP.CPI.TOTL.ZG,inflation_cpi_annual_pct,D2
FR,France,2024,1.99904942291463,FP.CPI.TOTL.ZG,inflation_cpi_annual_pct,D2
FR,France,2023,4.87835726508441,FP.CPI.TOTL.ZG,inflation_cpi_annual_pct,D2
FR,France,2022,5.22236748369735,FP.CPI.TOTL.ZG,inflation_cpi_annual_pct,D2
FR,France,2021,1.64233141038385,FP.CPI.TOTL.ZG,inflation_cpi_annual_pct,D2
FR,France,2020,0.476498852725066,FP.CPI.TOTL.ZG,inflation_cpi_annual_pct,D2
GA,Gabon,2024,1.17311998381218,FP.CPI.TOTL.ZG,inflation_cpi_annual_pct,D2
GA,Gabon,2023,3.62901534185376,FP.CPI.TOTL.ZG,inflation_cpi_annual_pct,D2
GA,Gabon,2022,4.23124798274579,FP.CPI.TOTL.ZG,inflation_cpi_annual_pct,D2
GA,Gabon,2021,1.0869074651941,FP.CPI.TOTL.ZG,inflation_cpi_annual_pct,D2
GA,Gabon,2020,1.35276110675333,FP.CPI.TOTL.ZG,inflation_cpi_annual_pct,D2
GM,"Gambia, The",2024,11.5610532897511,FP.CPI.TOTL.ZG,inflation_cpi_annual_pct,D2
GM,"Gambia, The",2023,16.9742129632327,FP.CPI.TOTL.ZG,inflation_cpi_annual_pct,D2
GM,"Gambia, The",2022,11.5131198380505,FP.CPI.TOTL.ZG,inflation_cpi_annual_pct,D2
GM,"Gambia, The",2021,7.37034758876618,FP.CPI.TOTL.ZG,inflation_cpi_annual_pct,D2
GM,"Gambia, The",2020,5.93127636562441,FP.CPI.TOTL.ZG,inflation_cpi_annual_pct,D2
GE,Georgia,2024,1.10971758022096,FP.CPI.TOTL.ZG,inflation_cpi_annual_pct,D2
GE,Georgia,2023,2.48776056578715,FP.CPI.TOTL.ZG,inflation_cpi_annual_pct,D2
GE,Georgia,2022,11.8981654203198,FP.CPI.TOTL.ZG,inflation_cpi_annual_pct,D2
GE,Georgia,2021,9.56691433824769,FP.CPI.TOTL.ZG,inflation_cpi_annual_pct,D2
GE,Georgia,2020,5.2024648897534,FP.CPI.TOTL.ZG,inflation_cpi_annual_pct,D2
DE,Germany,2024,2.2564981433876,FP.CPI.TOTL.ZG,inflation_cpi_annual_pct,D2
DE,Germany,2023,5.94643667725823,FP.CPI.TOTL.ZG,inflation_cpi_annual_pct,D2
DE,Germany,2022,6.87257438551097,FP.CPI.TOTL.ZG,inflation_cpi_annual_pct,D2
DE,Germany,2021,3.06666666666673,FP.CPI.TOTL.ZG,inflation_cpi_annual_pct,D2
DE,Germany,2020,0.144877925813982,FP.CPI.TOTL.ZG,inflation_cpi_annual_pct,D2
GH,Ghana,2024,22.8483281157842,FP.CPI.TOTL.ZG,inflation_cpi_annual_pct,D2
GH,Ghana,2023,38.1069656296501,FP.CPI.TOTL.ZG,inflation_cpi_annual_pct,D2
GH,Ghana,2022,31.2558951049016,FP.CPI.TOTL.ZG,inflation_cpi_annual_pct,D2
GH,Ghana,2021,9.9710886750444,FP.CPI.TOTL.ZG,inflation_cpi_annual_pct,D2
GH,Ghana,2020,9.88728956269944,FP.CPI.TOTL.ZG,inflation_cpi_annual_pct,D2
GR,Greece,2024,2.74149045788606,FP.CPI.TOTL.ZG,inflation_cpi_annual_pct,D2
GR,Greece,2023,3.46480128513405,FP.CPI.TOTL.ZG,inflation_cpi_annual_pct,D2
GR,Greece,2022,9.64525981280632,FP.CPI.TOTL.ZG,inflation_cpi_annual_pct,D2
GR,Greece,2021,1.22382501019854,FP.CPI.TOTL.ZG,inflation_cpi_annual_pct,D2
GR,Greece,2020,-1.24798355581405,FP.CPI.TOTL.ZG,inflation_cpi_annual_pct,D2
GD,Grenada,2024,1.08615365134737,FP.CPI.TOTL.ZG,inflation_cpi_annual_pct,D2
GD,Grenada,2023,2.69612269814564,FP.CPI.TOTL.ZG,inflation_cpi_annual_pct,D2
GD,Grenada,2022,2.5805392590792,FP.CPI.TOTL.ZG,inflation_cpi_annual_pct,D2
GD,Grenada,2021,1.21951193916838,FP.CPI.TOTL.ZG,inflation_cpi_annual_pct,D2
GD,Grenada,2020,-0.740732597045498,FP.CPI.TOTL.ZG,inflation_cpi_annual_pct,D2
GT,Guatemala,2024,2.86992752918294,FP.CPI.TOTL.ZG,inflation_cpi_annual_pct,D2
GT,Guatemala,2023,6.20657592272126,FP.CPI.TOTL.ZG,inflation_cpi_annual_pct,D2
GT,Guatemala,2022,6.88512823344287,FP.CPI.TOTL.ZG,inflation_cpi_annual_pct,D2
GT,Guatemala,2021,4.26105127422813,FP.CPI.TOTL.ZG,inflation_cpi_annual_pct,D2
GT,Guatemala,2020,3.21444062197345,FP.CPI.TOTL.ZG,inflation_cpi_annual_pct,D2
GN,Guinea,2024,8.12313914948596,FP.CPI.TOTL.ZG,inflation_cpi_annual_pct,D2
GN,Guinea,2023,7.80497591927973,FP.CPI.TOTL.ZG,inflation_cpi_annual_pct,D2
GN,Guinea,2022,10.4930409984424,FP.CPI.TOTL.ZG,inflation_cpi_annual_pct,D2
GN,Guinea,2021,12.5972882566934,FP.CPI.TOTL.ZG,inflation_cpi_annual_pct,D2
GN,Guinea,2020,10.6016203387167,FP.CPI.TOTL.ZG,inflation_cpi_annual_pct,D2
GW,Guinea-Bissau,2024,3.76555825770114,FP.CPI.TOTL.ZG,inflation_cpi_annual_pct,D2
GW,Guinea-Bissau,2023,7.10220928557059,FP.CPI.TOTL.ZG,inflation_cpi_annual_pct,D2
GW,Guinea-Bissau,2022,9.39075933985203,FP.CPI.TOTL.ZG,inflation_cpi_annual_pct,D2
GW,Guinea-Bissau,2021,2.24248879577658,FP.CPI.TOTL.ZG,inflation_cpi_annual_pct,D2
GW,Guinea-Bissau,2020,1.14000939393222,FP.CPI.TOTL.ZG,inflation_cpi_annual_pct,D2
GY,Guyana,2024,2.90395226446373,FP.CPI.TOTL.ZG,inflation_cpi_annual_pct,D2
GY,Guyana,2023,2.82110335099641,FP.CPI.TOTL.ZG,inflation_cpi_annual_pct,D2
GY,Guyana,2022,6.11505550109935,FP.CPI.TOTL.ZG,inflation_cpi_annual_pct,D2
GY,Guyana,2021,5.03285574626702,FP.CPI.TOTL.ZG,inflation_cpi_annual_pct,D2
GY,Guyana,2020,0.99333702283873,FP.CPI.TOTL.ZG,inflation_cpi_annual_pct,D2
HT,Haiti,2024,26.9490564091987,FP.CPI.TOTL.ZG,inflation_cpi_annual_pct,D2
HT,Haiti,2023,36.8135162780854,FP.CPI.TOTL.ZG,inflation_cpi_annual_pct,D2
HT,Haiti,2022,33.98393194707,FP.CPI.TOTL.ZG,inflation_cpi_annual_pct,D2
HT,Haiti,2021,16.8415240198785,FP.CPI.TOTL.ZG,inflation_cpi_annual_pct,D2
HT,Haiti,2020,22.7963113642528,FP.CPI.TOTL.ZG,inflation_cpi_annual_pct,D2
HN,Honduras,2024,4.60621098127107,FP.CPI.TOTL.ZG,inflation_cpi_annual_pct,D2
HN,Honduras,2023,6.66325180347457,FP.CPI.TOTL.ZG,inflation_cpi_annual_pct,D2
HN,Honduras,2022,9.08963911525025,FP.CPI.TOTL.ZG,inflation_cpi_annual_pct,D2
HN,Honduras,2021,4.48087963413445,FP.CPI.TOTL.ZG,inflation_cpi_annual_pct,D2
HN,Honduras,2020,3.46841177951184,FP.CPI.TOTL.ZG,inflation_cpi_annual_pct,D2
HK,"Hong Kong SAR, China",2024,1.72972119105914,FP.CPI.TOTL.ZG,inflation_cpi_annual_pct,D2
HK,"Hong Kong SAR, China",2023,2.09660511249089,FP.CPI.TOTL.ZG,inflation_cpi_annual_pct,D2
HK,"Hong Kong SAR, China",2022,1.88136707196853,FP.CPI.TOTL.ZG,inflation_cpi_annual_pct,D2
HK,"Hong Kong SAR, China",2021,1.56875834445922,FP.CPI.TOTL.ZG,inflation_cpi_annual_pct,D2
HK,"Hong Kong SAR, China",2020,0.2509620210808,FP.CPI.TOTL.ZG,inflation_cpi_annual_pct,D2
HU,Hungary,2024,3.70370370370369,FP.CPI.TOTL.ZG,inflation_cpi_annual_pct,D2
HU,Hungary,2023,17.1249659678737,FP.CPI.TOTL.ZG,inflation_cpi_annual_pct,D2
HU,Hungary,2022,14.6081439492433,FP.CPI.TOTL.ZG,inflation_cpi_annual_pct,D2
HU,Hungary,2021,5.11096534382855,FP.CPI.TOTL.ZG,inflation_cpi_annual_pct,D2
HU,Hungary,2020,3.32674385766738,FP.CPI.TOTL.ZG,inflation_cpi_annual_pct,D2
IS,Iceland,2024,5.85683849970066,FP.CPI.TOTL.ZG,inflation_cpi_annual_pct,D2
IS,Iceland,2023,8.73630299937298,FP.CPI.TOTL.ZG,inflation_cpi_annual_pct,D2
IS,Iceland,2022,8.3087551155892,FP.CPI.TOTL.ZG,inflation_cpi_annual_pct,D2
IS,Iceland,2021,4.44423970189739,FP.CPI.TOTL.ZG,inflation_cpi_annual_pct,D2
IS,Iceland,2020,2.84792401518665,FP.CPI.TOTL.ZG,inflation_cpi_annual_pct,D2
IN,India,2024,4.95303550973656,FP.CPI.TOTL.ZG,inflation_cpi_annual_pct,D2
IN,India,2023,5.64914318907925,FP.CPI.TOTL.ZG,inflation_cpi_annual_pct,D2
IN,India,2022,6.69903414079852,FP.CPI.TOTL.ZG,inflation_cpi_annual_pct,D2
IN,India,2021,5.13140747176369,FP.CPI.TOTL.ZG,inflation_cpi_annual_pct,D2
IN,India,2020,6.62343677628535,FP.CPI.TOTL.ZG,inflation_cpi_annual_pct,D2
ID,Indonesia,2024,2.18151273615189,FP.CPI.TOTL.ZG,inflation_cpi_annual_pct,D2
ID,Indonesia,2023,3.66938654859761,FP.CPI.TOTL.ZG,inflation_cpi_annual_pct,D2
ID,Indonesia,2022,4.20946463714784,FP.CPI.TOTL.ZG,inflation_cpi_annual_pct,D2
ID,Indonesia,2021,1.56007882983334,FP.CPI.TOTL.ZG,inflation_cpi_annual_pct,D2
ID,Indonesia,2020,1.91983527270793,FP.CPI.TOTL.ZG,inflation_cpi_annual_pct,D2
IR,"Iran, Islamic Rep.",2024,32.455871402917,FP.CPI.TOTL.ZG,inflation_cpi_annual_pct,D2
IR,"Iran, Islamic Rep.",2023,44.5791857572797,FP.CPI.TOTL.ZG,inflation_cpi_annual_pct,D2
IR,"Iran, Islamic Rep.",2022,43.4884641742179,FP.CPI.TOTL.ZG,inflation_cpi_annual_pct,D2
IR,"Iran, Islamic Rep.",2021,43.3890162681514,FP.CPI.TOTL.ZG,inflation_cpi_annual_pct,D2
IR,"Iran, Islamic Rep.",2020,30.5941390387295,FP.CPI.TOTL.ZG,inflation_cpi_annual_pct,D2
IQ,Iraq,2024,-12.2969837587007,FP.CPI.TOTL.ZG,inflation_cpi_annual_pct,D2
IQ,Iraq,2023,4.35835351089586,FP.CPI.TOTL.ZG,inflation_cpi_annual_pct,D2
IQ,Iraq,2022,4.99476596381044,FP.CPI.TOTL.ZG,inflation_cpi_annual_pct,D2
IQ,Iraq,2021,6.04186489058044,FP.CPI.TOTL.ZG,inflation_cpi_annual_pct,D2
IQ,Iraq,2020,0.574162679425795,FP.CPI.TOTL.ZG,inflation_cpi_annual_pct,D2
IE,Ireland,2024,2.11344999577317,FP.CPI.TOTL.ZG,inflation_cpi_annual_pct,D2
IE,Ireland,2023,6.29942487419125,FP.CPI.TOTL.ZG,inflation_cpi_annual_pct,D2
IE,Ireland,2022,7.82945736434105,FP.CPI.TOTL.ZG,inflation_cpi_annual_pct,D2
IE,Ireland,2021,2.34034113447044,FP.CPI.TOTL.ZG,inflation_cpi_annual_pct,D2
IE,Ireland,2020,-0.326183651280033,FP.CPI.TOTL.ZG,inflation_cpi_annual_pct,D2
IL,Israel,2024,3.07480889805025,FP.CPI.TOTL.ZG,inflation_cpi_annual_pct,D2
IL,Israel,2023,4.22522603168918,FP.CPI.TOTL.ZG,inflation_cpi_annual_pct,D2
IL,Israel,2022,4.41162725488371,FP.CPI.TOTL.ZG,inflation_cpi_annual_pct,D2
IL,Israel,2021,1.47965474722561,FP.CPI.TOTL.ZG,inflation_cpi_annual_pct,D2
IL,Israel,2020,-0.575254620897756,FP.CPI.TOTL.ZG,inflation_cpi_annual_pct,D2
IT,Italy,2024,0.982373023061417,FP.CPI.TOTL.ZG,inflation_cpi_annual_pct,D2
IT,Italy,2023,5.62219442195901,FP.CPI.TOTL.ZG,inflation_cpi_annual_pct,D2
IT,Italy,2022,8.20128991161718,FP.CPI.TOTL.ZG,inflation_cpi_annual_pct,D2
IT,Italy,2021,1.87378325762481,FP.CPI.TOTL.ZG,inflation_cpi_annual_pct,D2
IT,Italy,2020,-0.13770757391651,FP.CPI.TOTL.ZG,inflation_cpi_annual_pct,D2
JM,Jamaica,2024,5.41194447981659,FP.CPI.TOTL.ZG,inflation_cpi_annual_pct,D2
JM,Jamaica,2023,6.47413734662063,FP.CPI.TOTL.ZG,inflation_cpi_annual_pct,D2
JM,Jamaica,2022,10.3495688391272,FP.CPI.TOTL.ZG,inflation_cpi_annual_pct,D2
JM,Jamaica,2021,5.86278242801063,FP.CPI.TOTL.ZG,inflation_cpi_annual_pct,D2
JM,Jamaica,2020,5.2267777929352,FP.CPI.TOTL.ZG,inflation_cpi_annual_pct,D2
JP,Japan,2024,2.73853681635241,FP.CPI.TOTL.ZG,inflation_cpi_annual_pct,D2
JP,Japan,2023,3.26813365933163,FP.CPI.TOTL.ZG,inflation_cpi_annual_pct,D2
JP,Japan,2022,2.49770278172255,FP.CPI.TOTL.ZG,inflation_cpi_annual_pct,D2
JP,Japan,2021,-0.233352779398264,FP.CPI.TOTL.ZG,inflation_cpi_annual_pct,D2
JP,Japan,2020,-0.024995834027731,FP.CPI.TOTL.ZG,inflation_cpi_annual_pct,D2
JO,Jordan,2024,1.55659611283953,FP.CPI.TOTL.ZG,inflation_cpi_annual_pct,D2
JO,Jordan,2023,2.08486986327134,FP.CPI.TOTL.ZG,inflation_cpi_annual_pct,D2
JO,Jordan,2022,4.22915568897117,FP.CPI.TOTL.ZG,inflation_cpi_annual_pct,D2
JO,Jordan,2021,1.34609377243118,FP.CPI.TOTL.ZG,inflation_cpi_annual_pct,D2
JO,Jordan,2020,0.333294350628378,FP.CPI.TOTL.ZG,inflation_cpi_annual_pct,D2
KZ,Kazakhstan,2024,8.83943897452672,FP.CPI.TOTL.ZG,inflation_cpi_annual_pct,D2
KZ,Kazakhstan,2023,14.7249900200331,FP.CPI.TOTL.ZG,inflation_cpi_annual_pct,D2
KZ,Kazakhstan,2022,15.0278644440851,FP.CPI.TOTL.ZG,inflation_cpi_annual_pct,D2
KZ,Kazakhstan,2021,8.04147134028391,FP.CPI.TOTL.ZG,inflation_cpi_annual_pct,D2
KZ,Kazakhstan,2020,6.71815454861464,FP.CPI.TOTL.ZG,inflation_cpi_annual_pct,D2
KE,Kenya,2024,4.48978854243448,FP.CPI.TOTL.ZG,inflation_cpi_annual_pct,D2
KE,Kenya,2023,7.67139634029402,FP.CPI.TOTL.ZG,inflation_cpi_annual_pct,D2
KE,Kenya,2022,7.65986268272224,FP.CPI.TOTL.ZG,inflation_cpi_annual_pct,D2
KE,Kenya,2021,6.10793603659176,FP.CPI.TOTL.ZG,inflation_cpi_annual_pct,D2
KE,Kenya,2020,5.40516207933392,FP.CPI.TOTL.ZG,inflation_cpi_annual_pct,D2
KI,Kiribati,2024,2.45545072159028,FP.CPI.TOTL.ZG,inflation_cpi_annual_pct,D2
KI,Kiribati,2023,9.28307374517721,FP.CPI.TOTL.ZG,inflation_cpi_annual_pct,D2
KI,Kiribati,2022,5.34595440908904,FP.CPI.TOTL.ZG,inflation_cpi_annual_pct,D2
KI,Kiribati,2021,2.05361676773907,FP.CPI.TOTL.ZG,inflation_cpi_annual_pct,D2
KI,Kiribati,2020,2.5532455441463,FP.CPI.TOTL.ZG,inflation_cpi_annual_pct,D2
KR,"Korea, Rep.",2024,2.32174328643542,FP.CPI.TOTL.ZG,inflation_cpi_annual_pct,D2
KR,"Korea, Rep.",2023,3.5974562502901,FP.CPI.TOTL.ZG,inflation_cpi_annual_pct,D2
KR,"Korea, Rep.",2022,5.08951365062842,FP.CPI.TOTL.ZG,inflation_cpi_annual_pct,D2
KR,"Korea, Rep.",2021,2.49833333333339,FP.CPI.TOTL.ZG,inflation_cpi_annual_pct,D2
KR,"Korea, Rep.",2020,0.537288023411737,FP.CPI.TOTL.ZG,inflation_cpi_annual_pct,D2
XK,Kosovo,2024,1.61944994559476,FP.CPI.TOTL.ZG,inflation_cpi_annual_pct,D2
XK,Kosovo,2023,4.94432438791283,FP.CPI.TOTL.ZG,inflation_cpi_annual_pct,D2
XK,Kosovo,2022,11.5805104542012,FP.CPI.TOTL.ZG,inflation_cpi_annual_pct,D2
XK,Kosovo,2021,3.35369139207997,FP.CPI.TOTL.ZG,inflation_cpi_annual_pct,D2
XK,Kosovo,2020,0.198227922994854,FP.CPI.TOTL.ZG,inflation_cpi_annual_pct,D2
KW,Kuwait,2024,2.89855072463762,FP.CPI.TOTL.ZG,inflation_cpi_annual_pct,D2
KW,Kuwait,2023,3.64216403030709,FP.CPI.TOTL.ZG,inflation_cpi_annual_pct,D2
KW,Kuwait,2022,3.98064961990313,FP.CPI.TOTL.ZG,inflation_cpi_annual_pct,D2
KW,Kuwait,2021,3.42362947609188,FP.CPI.TOTL.ZG,inflation_cpi_annual_pct,D2
KW,Kuwait,2020,2.101729548274,FP.CPI.TOTL.ZG,inflation_cpi_annual_pct,D2
KG,Kyrgyz Republic,2023,10.7532770416742,FP.CPI.TOTL.ZG,inflation_cpi_annual_pct,D2
KG,Kyrgyz Republic,2022,13.9229093174176,FP.CPI.TOTL.ZG,inflation_cpi_annual_pct,D2
KG,Kyrgyz Republic,2021,11.9050398185147,FP.CPI.TOTL.ZG,inflation_cpi_annual_pct,D2
KG,Kyrgyz Republic,2020,6.32542296338078,FP.CPI.TOTL.ZG,inflation_cpi_annual_pct,D2
LA,Lao PDR,2024,23.1305695942588,FP.CPI.TOTL.ZG,inflation_cpi_annual_pct,D2
LA,Lao PDR,2023,31.2301341732646,FP.CPI.TOTL.ZG,inflation_cpi_annual_pct,D2
LA,Lao PDR,2022,22.9562225132056,FP.CPI.TOTL.ZG,inflation_cpi_annual_pct,D2
LA,Lao PDR,2021,3.75562036658877,FP.CPI.TOTL.ZG,inflation_cpi_annual_pct,D2
LA,Lao PDR,2020,5.10407262959919,FP.CPI.TOTL.ZG,inflation_cpi_annual_pct,D2
LV,Latvia,2024,1.26579885828729,FP.CPI.TOTL.ZG,inflation_cpi_annual_pct,D2
LV,Latvia,2023,8.93804623316637,FP.CPI.TOTL.ZG,inflation_cpi_annual_pct,D2
LV,Latvia,2022,17.3102830198815,FP.CPI.TOTL.ZG,inflation_cpi_annual_pct,D2
LV,Latvia,2021,3.27582937431156,FP.CPI.TOTL.ZG,inflation_cpi_annual_pct,D2
LV,Latvia,2020,0.219064904842156,FP.CPI.TOTL.ZG,inflation_cpi_annual_pct,D2
LB,Lebanon,2024,45.2430422716718,FP.CPI.TOTL.ZG,inflation_cpi_annual_pct,D2
LB,Lebanon,2023,221.341644023365,FP.CPI.TOTL.ZG,inflation_cpi_annual_pct,D2
LB,Lebanon,2022,171.205491336641,FP.CPI.TOTL.ZG,inflation_cpi_annual_pct,D2
LB,Lebanon,2021,154.756096023393,FP.CPI.TOTL.ZG,inflation_cpi_annual_pct,D2
LB,Lebanon,2020,84.8643330472041,FP.CPI.TOTL.ZG,inflation_cpi_annual_pct,D2
LS,Lesotho,2024,6.10544624245032,FP.CPI.TOTL.ZG,inflation_cpi_annual_pct,D2
LS,Lesotho,2023,6.34221743124953,FP.CPI.TOTL.ZG,inflation_cpi_annual_pct,D2
LS,Lesotho,2022,8.27180389943028,FP.CPI.TOTL.ZG,inflation_cpi_annual_pct,D2
LS,Lesotho,2021,6.04774591950676,FP.CPI.TOTL.ZG,inflation_cpi_annual_pct,D2
LS,Lesotho,2020,4.97809676252309,FP.CPI.TOTL.ZG,inflation_cpi_annual_pct,D2
LR,Liberia,2024,8.21497439118964,FP.CPI.TOTL.ZG,inflation_cpi_annual_pct,D2
LR,Liberia,2023,10.0944535665552,FP.CPI.TOTL.ZG,inflation_cpi_annual_pct,D2
LR,Liberia,2022,7.59298486560313,FP.CPI.TOTL.ZG,inflation_cpi_annual_pct,D2
LR,Liberia,2021,7.81559385858648,FP.CPI.TOTL.ZG,inflation_cpi_annual_pct,D2
LR,Liberia,2020,16.9557241496255,FP.CPI.TOTL.ZG,inflation_cpi_annual_pct,D2
LY,Libya,2024,2.12615766885025,FP.CPI.TOTL.ZG,inflation_cpi_annual_pct,D2
LY,Libya,2023,2.37317531435169,FP.CPI.TOTL.ZG,inflation_cpi_annual_pct,D2
LY,Libya,2022,4.51030149235703,FP.CPI.TOTL.ZG,inflation_cpi_annual_pct,D2
LY,Libya,2021,2.86833027751019,FP.CPI.TOTL.ZG,inflation_cpi_annual_pct,D2
LY,Libya,2020,1.44703656998741,FP.CPI.TOTL.ZG,inflation_cpi_annual_pct,D2
LT,Lithuania,2024,0.715735835228723,FP.CPI.TOTL.ZG,inflation_cpi_annual_pct,D2
LT,Lithuania,2023,9.11731962390475,FP.CPI.TOTL.ZG,inflation_cpi_annual_pct,D2
LT,Lithuania,2022,19.7050461518394,FP.CPI.TOTL.ZG,inflation_cpi_annual_pct,D2
LT,Lithuania,2021,4.68354420903453,FP.CPI.TOTL.ZG,inflation_cpi_annual_pct,D2
LT,Lithuania,2020,1.19989444983569,FP.CPI.TOTL.ZG,inflation_cpi_annual_pct,D2
LU,Luxembourg,2024,2.05113269954859,FP.CPI.TOTL.ZG,inflation_cpi_annual_pct,D2
LU,Luxembourg,2023,3.74140361983136,FP.CPI.TOTL.ZG,inflation_cpi_annual_pct,D2
LU,Luxembourg,2022,6.33600807777919,FP.CPI.TOTL.ZG,inflation_cpi_annual_pct,D2
LU,Luxembourg,2021,2.52692009066166,FP.CPI.TOTL.ZG,inflation_cpi_annual_pct,D2
LU,Luxembourg,2020,0.819957302127036,FP.CPI.TOTL.ZG,inflation_cpi_annual_pct,D2
MO,"Macao SAR, China",2023,0.476384495788075,FP.CPI.TOTL.ZG,inflation_cpi_annual_pct,D2
MO,"Macao SAR, China",2022,1.04502802369954,FP.CPI.TOTL.ZG,inflation_cpi_annual_pct,D2
MO,"Macao SAR, China",2021,0.0264543647054126,FP.CPI.TOTL.ZG,inflation_cpi_annual_pct,D2
MO,"Macao SAR, China",2020,0.811410511491651,FP.CPI.TOTL.ZG,inflation_cpi_annual_pct,D2
MG,Madagascar,2023,9.87432675044888,FP.CPI.TOTL.ZG,inflation_cpi_annual_pct,D2
MG,Madagascar,2022,8.16059031991844,FP.CPI.TOTL.ZG,inflation_cpi_annual_pct,D2
MG,Madagascar,2021,5.81225118787715,FP.CPI.TOTL.ZG,inflation_cpi_annual_pct,D2
MG,Madagascar,2020,4.20179312190557,FP.CPI.TOTL.ZG,inflation_cpi_annual_pct,D2
MW,Malawi,2024,32.1796504225025,FP.CPI.TOTL.ZG,inflation_cpi_annual_pct,D2
MW,Malawi,2023,28.7897428247298,FP.CPI.TOTL.ZG,inflation_cpi_annual_pct,D2
MW,Malawi,2022,20.953969729969,FP.CPI.TOTL.ZG,inflation_cpi_annual_pct,D2
MW,Malawi,2021,9.33014410835212,FP.CPI.TOTL.ZG,inflation_cpi_annual_pct,D2
MW,Malawi,2020,8.62551469650552,FP.CPI.TOTL.ZG,inflation_cpi_annual_pct,D2
MY,Malaysia,2024,1.834100204499,FP.CPI.TOTL.ZG,inflation_cpi_annual_pct,D2
MY,Malaysia,2023,2.48886560125754,FP.CPI.TOTL.ZG,inflation_cpi_annual_pct,D2
MY,Malaysia,2022,3.37869862549928,FP.CPI.TOTL.ZG,inflation_cpi_annual_pct,D2
MY,Malaysia,2021,2.47710241465447,FP.CPI.TOTL.ZG,inflation_cpi_annual_pct,D2
MY,Malaysia,2020,-1.1387021539305,FP.CPI.TOTL.ZG,inflation_cpi_annual_pct,D2
MV,Maldives,2024,1.39979779674928,FP.CPI.TOTL.ZG,inflation_cpi_annual_pct,D2
MV,Maldives,2023,2.92746542425035,FP.CPI.TOTL.ZG,inflation_cpi_annual_pct,D2
MV,Maldives,2022,2.33314337624567,FP.CPI.TOTL.ZG,inflation_cpi_annual_pct,D2
MV,Maldives,2021,0.543149688737013,FP.CPI.TOTL.ZG,inflation_cpi_annual_pct,D2
MV,Maldives,2020,-1.36977425569811,FP.CPI.TOTL.ZG,inflation_cpi_annual_pct,D2
ML,Mali,2024,3.2063986409966,FP.CPI.TOTL.ZG,inflation_cpi_annual_pct,D2
ML,Mali,2023,2.05880228274223,FP.CPI.TOTL.ZG,inflation_cpi_annual_pct,D2
ML,Mali,2022,9.62147608489064,FP.CPI.TOTL.ZG,inflation_cpi_annual_pct,D2
ML,Mali,2021,3.92560283104277,FP.CPI.TOTL.ZG,inflation_cpi_annual_pct,D2
ML,Mali,2020,0.438088940320669,FP.CPI.TOTL.ZG,inflation_cpi_annual_pct,D2
MT,Malta,2024,1.65079469283109,FP.CPI.TOTL.ZG,inflation_cpi_annual_pct,D2
MT,Malta,2023,5.09396758978883,FP.CPI.TOTL.ZG,inflation_cpi_annual_pct,D2
MT,Malta,2022,6.15375621933037,FP.CPI.TOTL.ZG,inflation_cpi_annual_pct,D2
MT,Malta,2021,1.49789217934724,FP.CPI.TOTL.ZG,inflation_cpi_annual_pct,D2
MT,Malta,2020,0.638544956776712,FP.CPI.TOTL.ZG,inflation_cpi_annual_pct,D2
MR,Mauritania,2024,2.49164347481972,FP.CPI.TOTL.ZG,inflation_cpi_annual_pct,D2
MR,Mauritania,2023,4.95305034506872,FP.CPI.TOTL.ZG,inflation_cpi_annual_pct,D2
MR,Mauritania,2022,9.52526628622843,FP.CPI.TOTL.ZG,inflation_cpi_annual_pct,D2
MR,Mauritania,2021,3.56516484650185,FP.CPI.TOTL.ZG,inflation_cpi_annual_pct,D2
MR,Mauritania,2020,2.3856948845632,FP.CPI.TOTL.ZG,inflation_cpi_annual_pct,D2
MU,Mauritius,2024,3.6045220384796,FP.CPI.TOTL.ZG,inflation_cpi_annual_pct,D2
MU,Mauritius,2023,7.05298238454736,FP.CPI.TOTL.ZG,inflation_cpi_annual_pct,D2
MU,Mauritius,2022,10.7737512242899,FP.CPI.TOTL.ZG,inflation_cpi_annual_pct,D2
MU,Mauritius,2021,4.02852888157376,FP.CPI.TOTL.ZG,inflation_cpi_annual_pct,D2
MU,Mauritius,2020,2.5808007718283,FP.CPI.TOTL.ZG,inflation_cpi_annual_pct,D2
MX,Mexico,2024,4.72225588452932,FP.CPI.TOTL.ZG,inflation_cpi_annual_pct,D2
MX,Mexico,2023,5.52796087314389,FP.CPI.TOTL.ZG,inflation_cpi_annual_pct,D2
MX,Mexico,2022,7.8962761916855,FP.CPI.TOTL.ZG,inflation_cpi_annual_pct,D2
MX,Mexico,2021,5.68920847683753,FP.CPI.TOTL.ZG,inflation_cpi_annual_pct,D2
MX,Mexico,2020,3.39683415570006,FP.CPI.TOTL.ZG,inflation_cpi_annual_pct,D2
FM,"Micronesia, Fed. Sts.",2022,5.40874375479067,FP.CPI.TOTL.ZG,inflation_cpi_annual_pct,D2
FM,"Micronesia, Fed. Sts.",2021,3.19128406597466,FP.CPI.TOTL.ZG,inflation_cpi_annual_pct,D2
FM,"Micronesia, Fed. Sts.",2020,0.554594630853174,FP.CPI.TOTL.ZG,inflation_cpi_annual_pct,D2
MD,Moldova,2024,4.67773516007052,FP.CPI.TOTL.ZG,inflation_cpi_annual_pct,D2
MD,Moldova,2023,13.4170104381299,FP.CPI.TOTL.ZG,inflation_cpi_annual_pct,D2
MD,Moldova,2022,28.7372976766235,FP.CPI.TOTL.ZG,inflation_cpi_annual_pct,D2
MD,Moldova,2021,5.10641129002841,FP.CPI.TOTL.ZG,inflation_cpi_annual_pct,D2
MD,Moldova,2020,3.76597122245351,FP.CPI.TOTL.ZG,inflation_cpi_annual_pct,D2
MN,Mongolia,2024,6.20713301510303,FP.CPI.TOTL.ZG,inflation_cpi_annual_pct,D2
MN,Mongolia,2023,10.347583131434,FP.CPI.TOTL.ZG,inflation_cpi_annual_pct,D2
MN,Mongolia,2022,15.1509728200805,FP.CPI.TOTL.ZG,inflation_cpi_annual_pct,D2
MN,Mongolia,2021,7.35894657888155,FP.CPI.TOTL.ZG,inflation_cpi_annual_pct,D2
MN,Mongolia,2020,3.7237230614026,FP.CPI.TOTL.ZG,inflation_cpi_annual_pct,D2
ME,Montenegro,2024,3.33675009282281,FP.CPI.TOTL.ZG,inflation_cpi_annual_pct,D2
ME,Montenegro,2023,8.58476910455403,FP.CPI.TOTL.ZG,inflation_cpi_annual_pct,D2
ME,Montenegro,2022,13.0403036347004,FP.CPI.TOTL.ZG,inflation_cpi_annual_pct,D2
ME,Montenegro,2021,2.41080198403165,FP.CPI.TOTL.ZG,inflation_cpi_annual_pct,D2
ME,Montenegro,2020,-0.255655699848551,FP.CPI.TOTL.ZG,inflation_cpi_annual_pct,D2
MA,Morocco,2024,0.985256592004507,FP.CPI.TOTL.ZG,inflation_cpi_annual_pct,D2
MA,Morocco,2023,6.09114152504141,FP.CPI.TOTL.ZG,inflation_cpi_annual_pct,D2
MA,Morocco,2022,6.65704202759067,FP.CPI.TOTL.ZG,inflation_cpi_annual_pct,D2
MA,Morocco,2021,1.40195883962006,FP.CPI.TOTL.ZG,inflation_cpi_annual_pct,D2
MA,Morocco,2020,0.705968661338261,FP.CPI.TOTL.ZG,inflation_cpi_annual_pct,D2
MZ,Mozambique,2024,4.07856834812022,FP.CPI.TOTL.ZG,inflation_cpi_annual_pct,D2
MZ,Mozambique,2023,7.12697482131851,FP.CPI.TOTL.ZG,inflation_cpi_annual_pct,D2
MZ,Mozambique,2022,10.2794018093421,FP.CPI.TOTL.ZG,inflation_cpi_annual_pct,D2
MZ,Mozambique,2021,6.40847652975692,FP.CPI.TOTL.ZG,inflation_cpi_annual_pct,D2
MZ,Mozambique,2020,3.48393567493204,FP.CPI.TOTL.ZG,inflation_cpi_annual_pct,D2
NA,Namibia,2024,4.23903922877036,FP.CPI.TOTL.ZG,inflation_cpi_annual_pct,D2
NA,Namibia,2023,5.87993463284275,FP.CPI.TOTL.ZG,inflation_cpi_annual_pct,D2
NA,Namibia,2022,6.08128114112413,FP.CPI.TOTL.ZG,inflation_cpi_annual_pct,D2
NA,Namibia,2021,3.61690530108814,FP.CPI.TOTL.ZG,inflation_cpi_annual_pct,D2
NA,Namibia,2020,2.20938236933469,FP.CPI.TOTL.ZG,inflation_cpi_annual_pct,D2
NP,Nepal,2024,4.6850965426577,FP.CPI.TOTL.ZG,inflation_cpi_annual_pct,D2
NP,Nepal,2023,7.11587261530826,FP.CPI.TOTL.ZG,inflation_cpi_annual_pct,D2
NP,Nepal,2022,7.6702057938028,FP.CPI.TOTL.ZG,inflation_cpi_annual_pct,D2
NP,Nepal,2021,4.12676744440695,FP.CPI.TOTL.ZG,inflation_cpi_annual_pct,D2
NP,Nepal,2020,5.05635826238499,FP.CPI.TOTL.ZG,inflation_cpi_annual_pct,D2
NL,Netherlands,2024,3.34754304219953,FP.CPI.TOTL.ZG,inflation_cpi_annual_pct,D2
NL,Netherlands,2023,3.83839354342808,FP.CPI.TOTL.ZG,inflation_cpi_annual_pct,D2
NL,Netherlands,2022,10.0012078753473,FP.CPI.TOTL.ZG,inflation_cpi_annual_pct,D2
NL,Netherlands,2021,2.67572008805385,FP.CPI.TOTL.ZG,inflation_cpi_annual_pct,D2
NL,Netherlands,2020,1.27246037789161,FP.CPI.TOTL.ZG,inflation_cpi_annual_pct,D2
NZ,New Zealand,2024,2.92279782301957,FP.CPI.TOTL.ZG,inflation_cpi_annual_pct,D2
NZ,New Zealand,2023,5.73316283034957,FP.CPI.TOTL.ZG,inflation_cpi_annual_pct,D2
NZ,New Zealand,2022,7.17222476016441,FP.CPI.TOTL.ZG,inflation_cpi_annual_pct,D2
NZ,New Zealand,2021,3.94112060778728,FP.CPI.TOTL.ZG,inflation_cpi_annual_pct,D2
NZ,New Zealand,2020,1.71456170007245,FP.CPI.TOTL.ZG,inflation_cpi_annual_pct,D2
NI,Nicaragua,2024,4.62473841057141,FP.CPI.TOTL.ZG,inflation_cpi_annual_pct,D2
NI,Nicaragua,2023,8.38765854872536,FP.CPI.TOTL.ZG,inflation_cpi_annual_pct,D2
NI,Nicaragua,2022,10.4674244465991,FP.CPI.TOTL.ZG,inflation_cpi_annual_pct,D2
NI,Nicaragua,2021,4.92841396948968,FP.CPI.TOTL.ZG,inflation_cpi_annual_pct,D2
NI,Nicaragua,2020,3.68181341625572,FP.CPI.TOTL.ZG,inflation_cpi_annual_pct,D2
NE,Niger,2024,9.07151997725013,FP.CPI.TOTL.ZG,inflation_cpi_annual_pct,D2
NE,Niger,2023,3.70097316425834,FP.CPI.TOTL.ZG,inflation_cpi_annual_pct,D2
NE,Niger,2022,4.22621791916392,FP.CPI.TOTL.ZG,inflation_cpi_annual_pct,D2
NE,Niger,2021,3.8378680284051,FP.CPI.TOTL.ZG,inflation_cpi_annual_pct,D2
NE,Niger,2020,2.8981937602627,FP.CPI.TOTL.ZG,inflation_cpi_annual_pct,D2
NG,Nigeria,2024,33.2420966545406,FP.CPI.TOTL.ZG,inflation_cpi_annual_pct,D2
NG,Nigeria,2023,24.659550203114,FP.CPI.TOTL.ZG,inflation_cpi_annual_pct,D2
NG,Nigeria,2022,18.8471877843274,FP.CPI.TOTL.ZG,inflation_cpi_annual_pct,D2
NG,Nigeria,2021,16.9528457221608,FP.CPI.TOTL.ZG,inflation_cpi_annual_pct,D2
NG,Nigeria,2020,13.2460234276597,FP.CPI.TOTL.ZG,inflation_cpi_annual_pct,D2
MK,North Macedonia,2024,3.48974086026947,FP.CPI.TOTL.ZG,inflation_cpi_annual_pct,D2
MK,North Macedonia,2023,9.36187249769016,FP.CPI.TOTL.ZG,inflation_cpi_annual_pct,D2
MK,North Macedonia,2022,14.2047173195833,FP.CPI.TOTL.ZG,inflation_cpi_annual_pct,D2
MK,North Macedonia,2021,3.23074912132919,FP.CPI.TOTL.ZG,inflation_cpi_annual_pct,D2
MK,North Macedonia,2020,1.20007348888487,FP.CPI.TOTL.ZG,inflation_cpi_annual_pct,D2
NO,Norway,2024,3.14530134431073,FP.CPI.TOTL.ZG,inflation_cpi_annual_pct,D2
NO,Norway,2023,5.51784987104659,FP.CPI.TOTL.ZG,inflation_cpi_annual_pct,D2
NO,Norway,2022,5.76412317852272,FP.CPI.TOTL.ZG,inflation_cpi_annual_pct,D2
NO,Norway,2021,3.48388055266678,FP.CPI.TOTL.ZG,inflation_cpi_annual_pct,D2
NO,Norway,2020,1.28658490708005,FP.CPI.TOTL.ZG,inflation_cpi_annual_pct,D2
OM,Oman,2024,0.593589236248469,FP.CPI.TOTL.ZG,inflation_cpi_annual_pct,D2
OM,Oman,2023,0.950782997762827,FP.CPI.TOTL.ZG,inflation_cpi_annual_pct,D2
OM,Oman,2022,2.5061425061425,FP.CPI.TOTL.ZG,inflation_cpi_annual_pct,D2
OM,Oman,2021,1.68221185876085,FP.CPI.TOTL.ZG,inflation_cpi_annual_pct,D2
OM,Oman,2020,-0.40640291946585,FP.CPI.TOTL.ZG,inflation_cpi_annual_pct,D2
PK,Pakistan,2024,12.6325318530452,FP.CPI.TOTL.ZG,inflation_cpi_annual_pct,D2
PK,Pakistan,2023,30.7681280657005,FP.CPI.TOTL.ZG,inflation_cpi_annual_pct,D2
PK,Pakistan,2022,19.8738599646655,FP.CPI.TOTL.ZG,inflation_cpi_annual_pct,D2
PK,Pakistan,2021,9.49621056124947,FP.CPI.TOTL.ZG,inflation_cpi_annual_pct,D2
PK,Pakistan,2020,9.73999313898155,FP.CPI.TOTL.ZG,inflation_cpi_annual_pct,D2
PW,Palau,2024,2.23172772921704,FP.CPI.TOTL.ZG,inflation_cpi_annual_pct,D2
PW,Palau,2023,12.8199748216534,FP.CPI.TOTL.ZG,inflation_cpi_annual_pct,D2
PW,Palau,2022,12.3526638378124,FP.CPI.TOTL.ZG,inflation_cpi_annual_pct,D2
PW,Palau,2021,2.6124818577648,FP.CPI.TOTL.ZG,inflation_cpi_annual_pct,D2
PW,Palau,2020,0.218181818181833,FP.CPI.TOTL.ZG,inflation_cpi_annual_pct,D2
PA,Panama,2024,0.693225551004538,FP.CPI.TOTL.ZG,inflation_cpi_annual_pct,D2
PA,Panama,2023,1.48641355277038,FP.CPI.TOTL.ZG,inflation_cpi_annual_pct,D2
PA,Panama,2022,2.85965128834711,FP.CPI.TOTL.ZG,inflation_cpi_annual_pct,D2
PA,Panama,2021,1.63070337301898,FP.CPI.TOTL.ZG,inflation_cpi_annual_pct,D2
PA,Panama,2020,-1.5502754080376,FP.CPI.TOTL.ZG,inflation_cpi_annual_pct,D2
PG,Papua New Guinea,2024,0.602403921107917,FP.CPI.TOTL.ZG,inflation_cpi_annual_pct,D2
PG,Papua New Guinea,2023,2.29869991296791,FP.CPI.TOTL.ZG,inflation_cpi_annual_pct,D2
PG,Papua New Guinea,2022,5.25323922215241,FP.CPI.TOTL.ZG,inflation_cpi_annual_pct,D2
PG,Papua New Guinea,2021,4.48359014042398,FP.CPI.TOTL.ZG,inflation_cpi_annual_pct,D2
PG,Papua New Guinea,2020,4.87167398565555,FP.CPI.TOTL.ZG,inflation_cpi_annual_pct,D2
PY,Paraguay,2024,3.83540271728533,FP.CPI.TOTL.ZG,inflation_cpi_annual_pct,D2
PY,Paraguay,2023,4.63202285403356,FP.CPI.TOTL.ZG,inflation_cpi_annual_pct,D2
PY,Paraguay,2022,9.76556667164402,FP.CPI.TOTL.ZG,inflation_cpi_annual_pct,D2
PY,Paraguay,2021,4.787983101236,FP.CPI.TOTL.ZG,inflation_cpi_annual_pct,D2
PY,Paraguay,2020,1.76751592356698,FP.CPI.TOTL.ZG,inflation_cpi_annual_pct,D2
PE,Peru,2024,2.00770739412712,FP.CPI.TOTL.ZG,inflation_cpi_annual_pct,D2
PE,Peru,2023,6.45561348369586,FP.CPI.TOTL.ZG,inflation_cpi_annual_pct,D2
PE,Peru,2022,8.33370630096231,FP.CPI.TOTL.ZG,inflation_cpi_annual_pct,D2
PE,Peru,2021,4.27166381536798,FP.CPI.TOTL.ZG,inflation_cpi_annual_pct,D2
PE,Peru,2020,2.00241205759292,FP.CPI.TOTL.ZG,inflation_cpi_annual_pct,D2
PH,Philippines,2024,3.21260487006347,FP.CPI.TOTL.ZG,inflation_cpi_annual_pct,D2
PH,Philippines,2023,5.97802515541409,FP.CPI.TOTL.ZG,inflation_cpi_annual_pct,D2
PH,Philippines,2022,5.82115811213955,FP.CPI.TOTL.ZG,inflation_cpi_annual_pct,D2
PH,Philippines,2021,3.92718022100332,FP.CPI.TOTL.ZG,inflation_cpi_annual_pct,D2
PH,Philippines,2020,2.3931623931624,FP.CPI.TOTL.ZG,inflation_cpi_annual_pct,D2
PL,Poland,2024,3.7842600751287,FP.CPI.TOTL.ZG,inflation_cpi_annual_pct,D2
PL,Poland,2023,11.5289127961105,FP.CPI.TOTL.ZG,inflation_cpi_annual_pct,D2
PL,Poland,2022,14.4294507575758,FP.CPI.TOTL.ZG,inflation_cpi_annual_pct,D2
PL,Poland,2021,5.05502704719272,FP.CPI.TOTL.ZG,inflation_cpi_annual_pct,D2
PL,Poland,2020,3.37446972618589,FP.CPI.TOTL.ZG,inflation_cpi_annual_pct,D2
PT,Portugal,2024,2.41613187791884,FP.CPI.TOTL.ZG,inflation_cpi_annual_pct,D2
PT,Portugal,2023,4.31128191898672,FP.CPI.TOTL.ZG,inflation_cpi_annual_pct,D2
PT,Portugal,2022,7.83269124233323,FP.CPI.TOTL.ZG,inflation_cpi_annual_pct,D2
PT,Portugal,2021,1.26565719069044,FP.CPI.TOTL.ZG,inflation_cpi_annual_pct,D2
PT,Portugal,2020,-0.0124383299575305,FP.CPI.TOTL.ZG,inflation_cpi_annual_pct,D2
QA,Qatar,2024,1.26734310292375,FP.CPI.TOTL.ZG,inflation_cpi_annual_pct,D2
QA,Qatar,2023,3.02764899198902,FP.CPI.TOTL.ZG,inflation_cpi_annual_pct,D2
QA,Qatar,2022,4.99527553740761,FP.CPI.TOTL.ZG,inflation_cpi_annual_pct,D2
QA,Qatar,2021,2.30446565742003,FP.CPI.TOTL.ZG,inflation_cpi_annual_pct,D2
QA,Qatar,2020,-2.5403150300476,FP.CPI.TOTL.ZG,inflation_cpi_annual_pct,D2
RO,Romania,2024,5.72140574354439,FP.CPI.TOTL.ZG,inflation_cpi_annual_pct,D2
RO,Romania,2023,10.3971874764996,FP.CPI.TOTL.ZG,inflation_cpi_annual_pct,D2
RO,Romania,2022,13.7954887432521,FP.CPI.TOTL.ZG,inflation_cpi_annual_pct,D2
RO,Romania,2021,5.05232876096582,FP.CPI.TOTL.ZG,inflation_cpi_annual_pct,D2
RO,Romania,2020,2.63107311184743,FP.CPI.TOTL.ZG,inflation_cpi_annual_pct,D2
RU,Russian Federation,2024,8.43486410496723,FP.CPI.TOTL.ZG,inflation_cpi_annual_pct,D2
RU,Russian Federation,2023,5.86571931748967,FP.CPI.TOTL.ZG,inflation_cpi_annual_pct,D2
RU,Russian Federation,2022,13.7436797398232,FP.CPI.TOTL.ZG,inflation_cpi_annual_pct,D2
RU,Russian Federation,2021,6.69445891957612,FP.CPI.TOTL.ZG,inflation_cpi_annual_pct,D2
RU,Russian Federation,2020,3.38219796948068,FP.CPI.TOTL.ZG,inflation_cpi_annual_pct,D2
RW,Rwanda,2024,1.77029240198635,FP.CPI.TOTL.ZG,inflation_cpi_annual_pct,D2
RW,Rwanda,2023,19.789546746467,FP.CPI.TOTL.ZG,inflation_cpi_annual_pct,D2
RW,Rwanda,2022,17.6892095588153,FP.CPI.TOTL.ZG,inflation_cpi_annual_pct,D2
RW,Rwanda,2021,-0.391346748300791,FP.CPI.TOTL.ZG,inflation_cpi_annual_pct,D2
RW,Rwanda,2020,9.85039902274207,FP.CPI.TOTL.ZG,inflation_cpi_annual_pct,D2
WS,Samoa,2024,2.17245530514377,FP.CPI.TOTL.ZG,inflation_cpi_annual_pct,D2
WS,Samoa,2023,7.92164684826777,FP.CPI.TOTL.ZG,inflation_cpi_annual_pct,D2
WS,Samoa,2022,10.9618822286844,FP.CPI.TOTL.ZG,inflation_cpi_annual_pct,D2
WS,Samoa,2021,3.13320473174494,FP.CPI.TOTL.ZG,inflation_cpi_annual_pct,D2
WS,Samoa,2020,-1.56891247740895,FP.CPI.TOTL.ZG,inflation_cpi_annual_pct,D2
SM,San Marino,2024,1.24216507945569,FP.CPI.TOTL.ZG,inflation_cpi_annual_pct,D2
SM,San Marino,2023,5.93190858629403,FP.CPI.TOTL.ZG,inflation_cpi_annual_pct,D2
SM,San Marino,2022,5.32545321311365,FP.CPI.TOTL.ZG,inflation_cpi_annual_pct,D2
SM,San Marino,2021,1.61551411551421,FP.CPI.TOTL.ZG,inflation_cpi_annual_pct,D2
SM,San Marino,2020,-0.133368898372915,FP.CPI.TOTL.ZG,inflation_cpi_annual_pct,D2
ST,Sao Tome and Principe,2024,14.3519273571008,FP.CPI.TOTL.ZG,inflation_cpi_annual_pct,D2
ST,Sao Tome and Principe,2023,21.2589138473,FP.CPI.TOTL.ZG,inflation_cpi_annual_pct,D2
ST,Sao Tome and Principe,2022,18.0056351122841,FP.CPI.TOTL.ZG,inflation_cpi_annual_pct,D2
ST,Sao Tome and Principe,2021,8.13777038378732,FP.CPI.TOTL.ZG,inflation_cpi_annual_pct,D2
ST,Sao Tome and Principe,2020,9.81932791540146,FP.CPI.TOTL.ZG,inflation_cpi_annual_pct,D2
SA,Saudi Arabia,2024,1.68792112375809,FP.CPI.TOTL.ZG,inflation_cpi_annual_pct,D2
SA,Saudi Arabia,2023,2.32708518362699,FP.CPI.TOTL.ZG,inflation_cpi_annual_pct,D2
SA,Saudi Arabia,2022,2.47407371925372,FP.CPI.TOTL.ZG,inflation_cpi_annual_pct,D2
SA,Saudi Arabia,2021,3.06328988941548,FP.CPI.TOTL.ZG,inflation_cpi_annual_pct,D2
SA,Saudi Arabia,2020,3.37234961012303,FP.CPI.TOTL.ZG,inflation_cpi_annual_pct,D2
SN,Senegal,2024,0.804503298792438,FP.CPI.TOTL.ZG,inflation_cpi_annual_pct,D2
SN,Senegal,2023,5.93947798773215,FP.CPI.TOTL.ZG,inflation_cpi_annual_pct,D2
SN,Senegal,2022,9.69681899081073,FP.CPI.TOTL.ZG,inflation_cpi_annual_pct,D2
SN,Senegal,2021,2.18032278088147,FP.CPI.TOTL.ZG,inflation_cpi_annual_pct,D2
SN,Senegal,2020,2.54314685681662,FP.CPI.TOTL.ZG,inflation_cpi_annual_pct,D2
RS,Serbia,2024,4.6705297488997,FP.CPI.TOTL.ZG,inflation_cpi_annual_pct,D2
RS,Serbia,2023,12.3719043552519,FP.CPI.TOTL.ZG,inflation_cpi_annual_pct,D2
RS,Serbia,2022,11.9815117344703,FP.CPI.TOTL.ZG,inflation_cpi_annual_pct,D2
RS,Serbia,2021,4.08510285335102,FP.CPI.TOTL.ZG,inflation_cpi_annual_pct,D2
RS,Serbia,2020,1.57553290083415,FP.CPI.TOTL.ZG,inflation_cpi_annual_pct,D2
SC,Seychelles,2024,0.311726050919668,FP.CPI.TOTL.ZG,inflation_cpi_annual_pct,D2
SC,Seychelles,2023,-1.03530088431952,FP.CPI.TOTL.ZG,inflation_cpi_annual_pct,D2
SC,Seychelles,2022,2.6260363285129,FP.CPI.TOTL.ZG,inflation_cpi_annual_pct,D2
SC,Seychelles,2021,9.76909936973542,FP.CPI.TOTL.ZG,inflation_cpi_annual_pct,D2
SC,Seychelles,2020,1.20266463987123,FP.CPI.TOTL.ZG,inflation_cpi_annual_pct,D2
SL,Sierra Leone,2024,28.6337500014115,FP.CPI.TOTL.ZG,inflation_cpi_annual_pct,D2
SL,Sierra Leone,2023,47.6428733253179,FP.CPI.TOTL.ZG,inflation_cpi_annual_pct,D2
SL,Sierra Leone,2022,27.2082883814653,FP.CPI.TOTL.ZG,inflation_cpi_annual_pct,D2
SL,Sierra Leone,2021,11.8739588840234,FP.CPI.TOTL.ZG,inflation_cpi_annual_pct,D2
SL,Sierra Leone,2020,13.4468711101052,FP.CPI.TOTL.ZG,inflation_cpi_annual_pct,D2
SG,Singapore,2024,2.38951123595017,FP.CPI.TOTL.ZG,inflation_cpi_annual_pct,D2
SG,Singapore,2023,4.83372362825798,FP.CPI.TOTL.ZG,inflation_cpi_annual_pct,D2
SG,Singapore,2022,6.13095418919732,FP.CPI.TOTL.ZG,inflation_cpi_annual_pct,D2
SG,Singapore,2021,2.31610315765146,FP.CPI.TOTL.ZG,inflation_cpi_annual_pct,D2
SG,Singapore,2020,-0.172111865925382,FP.CPI.TOTL.ZG,inflation_cpi_annual_pct,D2
SK,Slovak Republic,2024,2.75760909424272,FP.CPI.TOTL.ZG,inflation_cpi_annual_pct,D2
SK,Slovak Republic,2023,10.5319476645211,FP.CPI.TOTL.ZG,inflation_cpi_annual_pct,D2
SK,Slovak Republic,2022,12.7741463637611,FP.CPI.TOTL.ZG,inflation_cpi_annual_pct,D2
SK,Slovak Republic,2021,3.14960629921268,FP.CPI.TOTL.ZG,inflation_cpi_annual_pct,D2
SK,Slovak Republic,2020,1.93694126694223,FP.CPI.TOTL.ZG,inflation_cpi_annual_pct,D2
SI,Slovenia,2024,1.96562656432512,FP.CPI.TOTL.ZG,inflation_cpi_annual_pct,D2
SI,Slovenia,2023,7.44687717385838,FP.CPI.TOTL.ZG,inflation_cpi_annual_pct,D2
SI,Slovenia,2022,8.83369886749452,FP.CPI.TOTL.ZG,inflation_cpi_annual_pct,D2
SI,Slovenia,2021,1.91706506089259,FP.CPI.TOTL.ZG,inflation_cpi_annual_pct,D2
SI,Slovenia,2020,-0.05485681576061,FP.CPI.TOTL.ZG,inflation_cpi_annual_pct,D2
SB,Solomon Islands,2024,4.32183948388033,FP.CPI.TOTL.ZG,inflation_cpi_annual_pct,D2
SB,Solomon Islands,2023,5.88585897042164,FP.CPI.TOTL.ZG,inflation_cpi_annual_pct,D2
SB,Solomon Islands,2022,5.51812928576938,FP.CPI.TOTL.ZG,inflation_cpi_annual_pct,D2
SB,Solomon Islands,2021,-0.115437894412839,FP.CPI.TOTL.ZG,inflation_cpi_annual_pct,D2
SB,Solomon Islands,2020,2.96354992076065,FP.CPI.TOTL.ZG,inflation_cpi_annual_pct,D2
ZA,South Africa,2024,4.36115246518962,FP.CPI.TOTL.ZG,inflation_cpi_annual_pct,D2
ZA,South Africa,2023,6.0752438457966,FP.CPI.TOTL.ZG,inflation_cpi_annual_pct,D2
ZA,South Africa,2022,7.03987272546482,FP.CPI.TOTL.ZG,inflation_cpi_annual_pct,D2
ZA,South Africa,2021,4.61874544887136,FP.CPI.TOTL.ZG,inflation_cpi_annual_pct,D2
ZA,South Africa,2020,3.23238831615113,FP.CPI.TOTL.ZG,inflation_cpi_annual_pct,D2
SS,South Sudan,2024,91.4408220769046,FP.CPI.TOTL.ZG,inflation_cpi_annual_pct,D2
SS,South Sudan,2023,2.38280434813754,FP.CPI.TOTL.ZG,inflation_cpi_annual_pct,D2
SS,South Sudan,2022,-6.68732094212668,FP.CPI.TOTL.ZG,inflation_cpi_annual_pct,D2
SS,South Sudan,2021,10.5167158294358,FP.CPI.TOTL.ZG,inflation_cpi_annual_pct,D2
SS,South Sudan,2020,29.6758435538572,FP.CPI.TOTL.ZG,inflation_cpi_annual_pct,D2
ES,Spain,2024,2.77417826534772,FP.CPI.TOTL.ZG,inflation_cpi_annual_pct,D2
ES,Spain,2023,3.53236133492433,FP.CPI.TOTL.ZG,inflation_cpi_annual_pct,D2
ES,Spain,2022,8.39057634118627,FP.CPI.TOTL.ZG,inflation_cpi_annual_pct,D2
ES,Spain,2021,3.0931351197642,FP.CPI.TOTL.ZG,inflation_cpi_annual_pct,D2
ES,Spain,2020,-0.322753017299739,FP.CPI.TOTL.ZG,inflation_cpi_annual_pct,D2
LK,Sri Lanka,2024,-0.42936004906973,FP.CPI.TOTL.ZG,inflation_cpi_annual_pct,D2
LK,Sri Lanka,2023,16.5411742279832,FP.CPI.TOTL.ZG,inflation_cpi_annual_pct,D2
LK,Sri Lanka,2022,49.7211021114327,FP.CPI.TOTL.ZG,inflation_cpi_annual_pct,D2
LK,Sri Lanka,2021,7.01478071238195,FP.CPI.TOTL.ZG,inflation_cpi_annual_pct,D2
LK,Sri Lanka,2020,6.15394508391738,FP.CPI.TOTL.ZG,inflation_cpi_annual_pct,D2
KN,St. Kitts and Nevis,2023,3.55711230848243,FP.CPI.TOTL.ZG,inflation_cpi_annual_pct,D2
KN,St. Kitts and Nevis,2022,2.66817533111249,FP.CPI.TOTL.ZG,inflation_cpi_annual_pct,D2
KN,St. Kitts and Nevis,2021,1.195688870384,FP.CPI.TOTL.ZG,inflation_cpi_annual_pct,D2
KN,St. Kitts and Nevis,2020,-1.16724501769353,FP.CPI.TOTL.ZG,inflation_cpi_annual_pct,D2
LC,St. Lucia,2024,-0.110283575834694,FP.CPI.TOTL.ZG,inflation_cpi_annual_pct,D2
LC,St. Lucia,2023,4.07060821926204,FP.CPI.TOTL.ZG,inflation_cpi_annual_pct,D2
LC,St. Lucia,2022,6.37814695133351,FP.CPI.TOTL.ZG,inflation_cpi_annual_pct,D2
LC,St. Lucia,2021,2.41070312174393,FP.CPI.TOTL.ZG,inflation_cpi_annual_pct,D2
LC,St. Lucia,2020,-1.75580833517594,FP.CPI.TOTL.ZG,inflation_cpi_annual_pct,D2
VC,St. Vincent and the Grenadines,2024,3.62770736940927,FP.CPI.TOTL.ZG,inflation_cpi_annual_pct,D2
VC,St. Vincent and the Grenadines,2023,4.56457719814894,FP.CPI.TOTL.ZG,inflation_cpi_annual_pct,D2
VC,St. Vincent and the Grenadines,2022,5.66009779226552,FP.CPI.TOTL.ZG,inflation_cpi_annual_pct,D2
VC,St. Vincent and the Grenadines,2021,1.57272932500558,FP.CPI.TOTL.ZG,inflation_cpi_annual_pct,D2
VC,St. Vincent and the Grenadines,2020,-0.628131309354654,FP.CPI.TOTL.ZG,inflation_cpi_annual_pct,D2
SD,Sudan,2022,138.80846024176,FP.CPI.TOTL.ZG,inflation_cpi_annual_pct,D2
SD,Sudan,2021,359.093040778999,FP.CPI.TOTL.ZG,inflation_cpi_annual_pct,D2
SD,Sudan,2020,163.257782355458,FP.CPI.TOTL.ZG,inflation_cpi_annual_pct,D2
SR,Suriname,2024,16.2296159130279,FP.CPI.TOTL.ZG,inflation_cpi_annual_pct,D2
SR,Suriname,2023,51.5873159600861,FP.CPI.TOTL.ZG,inflation_cpi_annual_pct,D2
SR,Suriname,2022,52.446027276241,FP.CPI.TOTL.ZG,inflation_cpi_annual_pct,D2
SR,Suriname,2021,59.1196626251977,FP.CPI.TOTL.ZG,inflation_cpi_annual_pct,D2
SR,Suriname,2020,34.889784309078,FP.CPI.TOTL.ZG,inflation_cpi_annual_pct,D2
SE,Sweden,2024,2.83581658224034,FP.CPI.TOTL.ZG,inflation_cpi_annual_pct,D2
SE,Sweden,2023,8.54862489748902,FP.CPI.TOTL.ZG,inflation_cpi_annual_pct,D2
SE,Sweden,2022,8.36929098869189,FP.CPI.TOTL.ZG,inflation_cpi_annual_pct,D2
SE,Sweden,2021,2.16319736447153,FP.CPI.TOTL.ZG,inflation_cpi_annual_pct,D2
SE,Sweden,2020,0.497367318853572,FP.CPI.TOTL.ZG,inflation_cpi_annual_pct,D2
CH,Switzerland,2024,1.06234041976595,FP.CPI.TOTL.ZG,inflation_cpi_annual_pct,D2
CH,Switzerland,2023,2.13540088016377,FP.CPI.TOTL.ZG,inflation_cpi_annual_pct,D2
CH,Switzerland,2022,2.83502798644463,FP.CPI.TOTL.ZG,inflation_cpi_annual_pct,D2
CH,Switzerland,2021,0.581814168489856,FP.CPI.TOTL.ZG,inflation_cpi_annual_pct,D2
CH,Switzerland,2020,-0.725874933313384,FP.CPI.TOTL.ZG,inflation_cpi_annual_pct,D2
TZ,Tanzania,2024,3.05694676312373,FP.CPI.TOTL.ZG,inflation_cpi_annual_pct,D2
TZ,Tanzania,2023,3.79923291384916,FP.CPI.TOTL.ZG,inflation_cpi_annual_pct,D2
TZ,Tanzania,2022,4.35027204269101,FP.CPI.TOTL.ZG,inflation_cpi_annual_pct,D2
TZ,Tanzania,2021,3.69091958802199,FP.CPI.TOTL.ZG,inflation_cpi_annual_pct,D2
TZ,Tanzania,2020,3.29029062798325,FP.CPI.TOTL.ZG,inflation_cpi_annual_pct,D2
TH,Thailand,2024,1.36580540798037,FP.CPI.TOTL.ZG,inflation_cpi_annual_pct,D2
TH,Thailand,2023,8.47805174421543,FP.CPI.TOTL.ZG,inflation_cpi_annual_pct,D2
TH,Thailand,2022,-1.61068030486688,FP.CPI.TOTL.ZG,inflation_cpi_annual_pct,D2
TH,Thailand,2021,1.23039541318384,FP.CPI.TOTL.ZG,inflation_cpi_annual_pct,D2
TH,Thailand,2020,-0.845937147357041,FP.CPI.TOTL.ZG,inflation_cpi_annual_pct,D2
TL,Timor-Leste,2024,2.06284153005468,FP.CPI.TOTL.ZG,inflation_cpi_annual_pct,D2
TL,Timor-Leste,2023,8.42035103310377,FP.CPI.TOTL.ZG,inflation_cpi_annual_pct,D2
TL,Timor-Leste,2022,7.00530945399787,FP.CPI.TOTL.ZG,inflation_cpi_annual_pct,D2
TL,Timor-Leste,2021,3.69792094666786,FP.CPI.TOTL.ZG,inflation_cpi_annual_pct,D2
TL,Timor-Leste,2020,0.495499215459571,FP.CPI.TOTL.ZG,inflation_cpi_annual_pct,D2
TG,Togo,2024,2.86262074089801,FP.CPI.TOTL.ZG,inflation_cpi_annual_pct,D2
TG,Togo,2023,5.48928568141131,FP.CPI.TOTL.ZG,inflation_cpi_annual_pct,D2
TG,Togo,2022,7.96757361617945,FP.CPI.TOTL.ZG,inflation_cpi_annual_pct,D2
TG,Togo,2021,4.1862150652352,FP.CPI.TOTL.ZG,inflation_cpi_annual_pct,D2
TG,Togo,2020,1.69928463299399,FP.CPI.TOTL.ZG,inflation_cpi_annual_pct,D2
TO,Tonga,2024,3.18364611260051,FP.CPI.TOTL.ZG,inflation_cpi_annual_pct,D2
TO,Tonga,2023,6.35112980255189,FP.CPI.TOTL.ZG,inflation_cpi_annual_pct,D2
TO,Tonga,2022,10.9713652903022,FP.CPI.TOTL.ZG,inflation_cpi_annual_pct,D2
TO,Tonga,2021,5.64051140636743,FP.CPI.TOTL.ZG,inflation_cpi_annual_pct,D2
TO,Tonga,2020,-0.349737696727418,FP.CPI.TOTL.ZG,inflation_cpi_annual_pct,D2
TT,Trinidad and Tobago,2024,0.526884625776839,FP.CPI.TOTL.ZG,inflation_cpi_annual_pct,D2
TT,Trinidad and Tobago,2023,4.62930242419968,FP.CPI.TOTL.ZG,inflation_cpi_annual_pct,D2
TT,Trinidad and Tobago,2022,5.82838638517959,FP.CPI.TOTL.ZG,inflation_cpi_annual_pct,D2
TT,Trinidad and Tobago,2021,2.05922746915458,FP.CPI.TOTL.ZG,inflation_cpi_annual_pct,D2
TT,Trinidad and Tobago,2020,0.598986330824643,FP.CPI.TOTL.ZG,inflation_cpi_annual_pct,D2
TN,Tunisia,2024,7.20661657168794,FP.CPI.TOTL.ZG,inflation_cpi_annual_pct,D2
TN,Tunisia,2023,9.32899597507865,FP.CPI.TOTL.ZG,inflation_cpi_annual_pct,D2
TN,Tunisia,2022,8.30646124447623,FP.CPI.TOTL.ZG,inflation_cpi_annual_pct,D2
TN,Tunisia,2021,5.706350208307,FP.CPI.TOTL.ZG,inflation_cpi_annual_pct,D2
TN,Tunisia,2020,5.63415115897625,FP.CPI.TOTL.ZG,inflation_cpi_annual_pct,D2
TR,Turkiye,2024,58.5064507300343,FP.CPI.TOTL.ZG,inflation_cpi_annual_pct,D2
TR,Turkiye,2023,53.8594087593315,FP.CPI.TOTL.ZG,inflation_cpi_annual_pct,D2
TR,Turkiye,2022,72.3088359891207,FP.CPI.TOTL.ZG,inflation_cpi_annual_pct,D2
TR,Turkiye,2021,19.5964926913324,FP.CPI.TOTL.ZG,inflation_cpi_annual_pct,D2
TR,Turkiye,2020,12.2789574462574,FP.CPI.TOTL.ZG,inflation_cpi_annual_pct,D2
UG,Uganda,2024,3.3233806708656,FP.CPI.TOTL.ZG,inflation_cpi_annual_pct,D2
UG,Uganda,2023,5.35094804280395,FP.CPI.TOTL.ZG,inflation_cpi_annual_pct,D2
UG,Uganda,2022,7.1957888597581,FP.CPI.TOTL.ZG,inflation_cpi_annual_pct,D2
UG,Uganda,2021,2.20457204757414,FP.CPI.TOTL.ZG,inflation_cpi_annual_pct,D2
UG,Uganda,2020,3.31332289544502,FP.CPI.TOTL.ZG,inflation_cpi_annual_pct,D2
UA,Ukraine,2024,6.50198464669254,FP.CPI.TOTL.ZG,inflation_cpi_annual_pct,D2
UA,Ukraine,2023,12.8490222828559,FP.CPI.TOTL.ZG,inflation_cpi_annual_pct,D2
UA,Ukraine,2022,20.1836366617478,FP.CPI.TOTL.ZG,inflation_cpi_annual_pct,D2
UA,Ukraine,2021,9.36313917695223,FP.CPI.TOTL.ZG,inflation_cpi_annual_pct,D2
UA,Ukraine,2020,2.73249209419427,FP.CPI.TOTL.ZG,inflation_cpi_annual_pct,D2
AE,United Arab Emirates,2024,1.66336510224894,FP.CPI.TOTL.ZG,inflation_cpi_annual_pct,D2
AE,United Arab Emirates,2023,1.62670837213248,FP.CPI.TOTL.ZG,inflation_cpi_annual_pct,D2
AE,United Arab Emirates,2022,5.29122604376849,FP.CPI.TOTL.ZG,inflation_cpi_annual_pct,D2
AE,United Arab Emirates,2021,0.179935336174431,FP.CPI.TOTL.ZG,inflation_cpi_annual_pct,D2
AE,United Arab Emirates,2020,-2.07940317940944,FP.CPI.TOTL.ZG,inflation_cpi_annual_pct,D2
GB,United Kingdom,2024,3.2715729463592,FP.CPI.TOTL.ZG,inflation_cpi_annual_pct,D2
GB,United Kingdom,2023,6.79396706793963,FP.CPI.TOTL.ZG,inflation_cpi_annual_pct,D2
GB,United Kingdom,2022,7.92204883147902,FP.CPI.TOTL.ZG,inflation_cpi_annual_pct,D2
GB,United Kingdom,2021,2.51837109614213,FP.CPI.TOTL.ZG,inflation_cpi_annual_pct,D2
GB,United Kingdom,2020,0.989486703772491,FP.CPI.TOTL.ZG,inflation_cpi_annual_pct,D2
US,United States,2024,2.94952520485207,FP.CPI.TOTL.ZG,inflation_cpi_annual_pct,D2
US,United States,2023,4.11633838374488,FP.CPI.TOTL.ZG,inflation_cpi_annual_pct,D2
US,United States,2022,8.00279982052121,FP.CPI.TOTL.ZG,inflation_cpi_annual_pct,D2
US,United States,2021,4.69785886363742,FP.CPI.TOTL.ZG,inflation_cpi_annual_pct,D2
US,United States,2020,1.23358439630629,FP.CPI.TOTL.ZG,inflation_cpi_annual_pct,D2
UY,Uruguay,2024,4.84914366613156,FP.CPI.TOTL.ZG,inflation_cpi_annual_pct,D2
UY,Uruguay,2023,5.86910359896119,FP.CPI.TOTL.ZG,inflation_cpi_annual_pct,D2
UY,Uruguay,2022,9.10437983075437,FP.CPI.TOTL.ZG,inflation_cpi_annual_pct,D2
UY,Uruguay,2021,7.74791402314762,FP.CPI.TOTL.ZG,inflation_cpi_annual_pct,D2
UY,Uruguay,2020,9.75640636078194,FP.CPI.TOTL.ZG,inflation_cpi_annual_pct,D2
UZ,Uzbekistan,2024,9.62825465956682,FP.CPI.TOTL.ZG,inflation_cpi_annual_pct,D2
UZ,Uzbekistan,2023,9.95659071258018,FP.CPI.TOTL.ZG,inflation_cpi_annual_pct,D2
UZ,Uzbekistan,2022,11.4466436998836,FP.CPI.TOTL.ZG,inflation_cpi_annual_pct,D2
UZ,Uzbekistan,2021,10.8492397508122,FP.CPI.TOTL.ZG,inflation_cpi_annual_pct,D2
UZ,Uzbekistan,2020,12.8677297362606,FP.CPI.TOTL.ZG,inflation_cpi_annual_pct,D2
VU,Vanuatu,2023,11.1825017088175,FP.CPI.TOTL.ZG,inflation_cpi_annual_pct,D2
VU,Vanuatu,2022,6.67930581887121,FP.CPI.TOTL.ZG,inflation_cpi_annual_pct,D2
VU,Vanuatu,2021,2.34328358208953,FP.CPI.TOTL.ZG,inflation_cpi_annual_pct,D2
VU,Vanuatu,2020,5.32935073101715,FP.CPI.TOTL.ZG,inflation_cpi_annual_pct,D2
VN,Viet Nam,2024,3.62109273885843,FP.CPI.TOTL.ZG,inflation_cpi_annual_pct,D2
VN,Viet Nam,2023,3.25289282667662,FP.CPI.TOTL.ZG,inflation_cpi_annual_pct,D2
VN,Viet Nam,2022,3.15650749963129,FP.CPI.TOTL.ZG,inflation_cpi_annual_pct,D2
VN,Viet Nam,2021,1.83471554810444,FP.CPI.TOTL.ZG,inflation_cpi_annual_pct,D2
VN,Viet Nam,2020,3.22093436652514,FP.CPI.TOTL.ZG,inflation_cpi_annual_pct,D2
PS,West Bank and Gaza,2024,53.6691458303782,FP.CPI.TOTL.ZG,inflation_cpi_annual_pct,D2
PS,West Bank and Gaza,2023,5.87110177678988,FP.CPI.TOTL.ZG,inflation_cpi_annual_pct,D2
PS,West Bank and Gaza,2022,3.74122391852077,FP.CPI.TOTL.ZG,inflation_cpi_annual_pct,D2
PS,West Bank and Gaza,2021,1.23748102831369,FP.CPI.TOTL.ZG,inflation_cpi_annual_pct,D2
PS,West Bank and Gaza,2020,-0.735332001092191,FP.CPI.TOTL.ZG,inflation_cpi_annual_pct,D2
ZM,Zambia,2024,14.9856262747939,FP.CPI.TOTL.ZG,inflation_cpi_annual_pct,D2
ZM,Zambia,2023,10.884531691282,FP.CPI.TOTL.ZG,inflation_cpi_annual_pct,D2
ZM,Zambia,2022,10.9932039209136,FP.CPI.TOTL.ZG,inflation_cpi_annual_pct,D2
ZM,Zambia,2021,22.0207676245777,FP.CPI.TOTL.ZG,inflation_cpi_annual_pct,D2
ZM,Zambia,2020,15.7330604721369,FP.CPI.TOTL.ZG,inflation_cpi_annual_pct,D2
ZW,Zimbabwe,2022,104.705170628667,FP.CPI.TOTL.ZG,inflation_cpi_annual_pct,D2
ZW,Zimbabwe,2021,98.5461050920624,FP.CPI.TOTL.ZG,inflation_cpi_annual_pct,D2
ZW,Zimbabwe,2020,557.201817362051,FP.CPI.TOTL.ZG,inflation_cpi_annual_pct,D2
1A,Arab World,2021,40.21,FX.OWN.TOTL.ZS,financial_account_ownership_pct,D2
Z4,East Asia & Pacific,2021,82.85,FX.OWN.TOTL.ZS,financial_account_ownership_pct,D2
4E,East Asia & Pacific (excluding high income),2024,83.3432660109167,FX.OWN.TOTL.ZS,financial_account_ownership_pct,D2
4E,East Asia & Pacific (excluding high income),2021,79.7010613422666,FX.OWN.TOTL.ZS,financial_account_ownership_pct,D2
XC,Euro area,2021,98.51,FX.OWN.TOTL.ZS,financial_account_ownership_pct,D2
Z7,Europe & Central Asia,2021,89.57,FX.OWN.TOTL.ZS,financial_account_ownership_pct,D2
7E,Europe & Central Asia (excluding high income),2024,77.8490635157756,FX.OWN.TOTL.ZS,financial_account_ownership_pct,D2
7E,Europe & Central Asia (excluding high income),2021,77.5996413605155,FX.OWN.TOTL.ZS,financial_account_ownership_pct,D2
XD,High income,2024,94.9131386570532,FX.OWN.TOTL.ZS,financial_account_ownership_pct,D2
XD,High income,2021,95.834383244984,FX.OWN.TOTL.ZS,financial_account_ownership_pct,D2
ZJ,Latin America & Caribbean,2021,73.55,FX.OWN.TOTL.ZS,financial_account_ownership_pct,D2
XJ,Latin America & Caribbean (excluding high income),2024,69.7191455453149,FX.OWN.TOTL.ZS,financial_account_ownership_pct,D2
XJ,Latin America & Caribbean (excluding high income),2021,67.1346842751854,FX.OWN.TOTL.ZS,financial_account_ownership_pct,D2
XO,Low & middle income,2024,75.4463783026968,FX.OWN.TOTL.ZS,financial_account_ownership_pct,D2
XO,Low & middle income,2021,69.0001519196668,FX.OWN.TOTL.ZS,financial_account_ownership_pct,D2
XM,Low income,2024,46.4432333139003,FX.OWN.TOTL.ZS,financial_account_ownership_pct,D2
XM,Low income,2021,35.1821646573129,FX.OWN.TOTL.ZS,financial_account_ownership_pct,D2
XN,Lower middle income,2024,70.3871703678925,FX.OWN.TOTL.ZS,financial_account_ownership_pct,D2
XN,Lower middle income,2021,62.1104484250905,FX.OWN.TOTL.ZS,financial_account_ownership_pct,D2
ZQ,"Middle East, North Africa, Afghanistan & Pakistan",2021,52.84,FX.OWN.TOTL.ZS,financial_account_ownership_pct,D2
XQ,"Middle East, North Africa, Afghanistan & Pakistan (excluding high income)",2024,52.9089186737193,FX.OWN.TOTL.ZS,financial_account_ownership_pct,D2
XQ,"Middle East, North Africa, Afghanistan & Pakistan (excluding high income)",2021,45.4130526821589,FX.OWN.TOTL.ZS,financial_account_ownership_pct,D2
XP,Middle income,2021,72.37,FX.OWN.TOTL.ZS,financial_account_ownership_pct,D2
XU,North America,2021,95.45,FX.OWN.TOTL.ZS,financial_account_ownership_pct,D2
OE,OECD members,2021,97.19,FX.OWN.TOTL.ZS,financial_account_ownership_pct,D2
8S,South Asia,2024,77.5683155337322,FX.OWN.TOTL.ZS,financial_account_ownership_pct,D2
8S,South Asia,2021,67.9950355966217,FX.OWN.TOTL.ZS,financial_account_ownership_pct,D2
ZG,Sub-Saharan Africa,2021,55.07,FX.OWN.TOTL.ZS,financial_account_ownership_pct,D2
ZF,Sub-Saharan Africa (excluding high income),2024,58.1823874986208,FX.OWN.TOTL.ZS,financial_account_ownership_pct,D2
ZF,Sub-Saharan Africa (excluding high income),2021,49.2735586045007,FX.OWN.TOTL.ZS,financial_account_ownership_pct,D2
XT,Upper middle income,2024,84.0421009201321,FX.OWN.TOTL.ZS,financial_account_ownership_pct,D2
XT,Upper middle income,2021,82.5561463801394,FX.OWN.TOTL.ZS,financial_account_ownership_pct,D2
1W,World,2024,78.7424041479406,FX.OWN.TOTL.ZS,financial_account_ownership_pct,D2
1W,World,2021,73.8299210455306,FX.OWN.TOTL.ZS,financial_account_ownership_pct,D2
AF,Afghanistan,2021,9.65382184434304,FX.OWN.TOTL.ZS,financial_account_ownership_pct,D2
AL,Albania,2024,46.069250627042,FX.OWN.TOTL.ZS,financial_account_ownership_pct,D2
AL,Albania,2021,44.1741742874165,FX.OWN.TOTL.ZS,financial_account_ownership_pct,D2
DZ,Algeria,2024,35.2901069097173,FX.OWN.TOTL.ZS,financial_account_ownership_pct,D2
DZ,Algeria,2021,44.0970221449773,FX.OWN.TOTL.ZS,financial_account_ownership_pct,D2
AR,Argentina,2024,81.7442446865007,FX.OWN.TOTL.ZS,financial_account_ownership_pct,D2
AR,Argentina,2021,71.6270859300586,FX.OWN.TOTL.ZS,financial_account_ownership_pct,D2
AM,Armenia,2024,71.3734734683257,FX.OWN.TOTL.ZS,financial_account_ownership_pct,D2
AM,Armenia,2021,55.3477332562389,FX.OWN.TOTL.ZS,financial_account_ownership_pct,D2
AU,Australia,2024,98.0103778290099,FX.OWN.TOTL.ZS,financial_account_ownership_pct,D2
AU,Australia,2021,99.323149822978,FX.OWN.TOTL.ZS,financial_account_ownership_pct,D2
AT,Austria,2024,99.5084974640411,FX.OWN.TOTL.ZS,financial_account_ownership_pct,D2
AT,Austria,2021,99.9507174861928,FX.OWN.TOTL.ZS,financial_account_ownership_pct,D2
AZ,Azerbaijan,2024,56.3046655573957,FX.OWN.TOTL.ZS,financial_account_ownership_pct,D2
AZ,Azerbaijan,2022,46.2586542278959,FX.OWN.TOTL.ZS,financial_account_ownership_pct,D2
BH,Bahrain,2024,82.3220521049445,FX.OWN.TOTL.ZS,financial_account_ownership_pct,D2
BD,Bangladesh,2024,43.2839733431322,FX.OWN.TOTL.ZS,financial_account_ownership_pct,D2
BD,Bangladesh,2021,52.8060649194004,FX.OWN.TOTL.ZS,financial_account_ownership_pct,D2
BE,Belgium,2024,98.2369093220798,FX.OWN.TOTL.ZS,financial_account_ownership_pct,D2
BE,Belgium,2021,99.0056968401204,FX.OWN.TOTL.ZS,financial_account_ownership_pct,D2
BZ,Belize,2024,67.9682001512007,FX.OWN.TOTL.ZS,financial_account_ownership_pct,D2
BJ,Benin,2024,51.8432060403598,FX.OWN.TOTL.ZS,financial_account_ownership_pct,D2
BJ,Benin,2021,48.605530136871,FX.OWN.TOTL.ZS,financial_account_ownership_pct,D2
BO,Bolivia,2024,56.849052664469,FX.OWN.TOTL.ZS,financial_account_ownership_pct,D2
BO,Bolivia,2021,68.8854460185439,FX.OWN.TOTL.ZS,financial_account_ownership_pct,D2
BA,Bosnia and Herzegovina,2024,77.4588922946912,FX.OWN.TOTL.ZS,financial_account_ownership_pct,D2
BA,Bosnia and Herzegovina,2021,79.3378937380757,FX.OWN.TOTL.ZS,financial_account_ownership_pct,D2
BW,Botswana,2024,61.4384690565565,FX.OWN.TOTL.ZS,financial_account_ownership_pct,D2
BW,Botswana,2022,58.7631963352309,FX.OWN.TOTL.ZS,financial_account_ownership_pct,D2
BR,Brazil,2024,86.3811782311541,FX.OWN.TOTL.ZS,financial_account_ownership_pct,D2
BR,Brazil,2021,84.0357458977852,FX.OWN.TOTL.ZS,financial_account_ownership_pct,D2
BG,Bulgaria,2024,84.7243949771558,FX.OWN.TOTL.ZS,financial_account_ownership_pct,D2
BG,Bulgaria,2021,83.9665205056197,FX.OWN.TOTL.ZS,financial_account_ownership_pct,D2
BF,Burkina Faso,2024,51.4274911911242,FX.OWN.TOTL.ZS,financial_account_ownership_pct,D2
BF,Burkina Faso,2021,36.1085342551293,FX.OWN.TOTL.ZS,financial_account_ownership_pct,D2
KH,Cambodia,2024,39.0314428535,FX.OWN.TOTL.ZS,financial_account_ownership_pct,D2
KH,Cambodia,2021,33.3949915672468,FX.OWN.TOTL.ZS,financial_account_ownership_pct,D2
CM,Cameroon,2024,60.8737908565624,FX.OWN.TOTL.ZS,financial_account_ownership_pct,D2
CM,Cameroon,2021,51.6548130092196,FX.OWN.TOTL.ZS,financial_account_ownership_pct,D2
CA,Canada,2024,98.4047126063262,FX.OWN.TOTL.ZS,financial_account_ownership_pct,D2
CA,Canada,2021,99.6346150066946,FX.OWN.TOTL.ZS,financial_account_ownership_pct,D2
TD,Chad,2024,20.8983599359361,FX.OWN.TOTL.ZS,financial_account_ownership_pct,D2
TD,Chad,2022,23.6513333879631,FX.OWN.TOTL.ZS,financial_account_ownership_pct,D2
CL,Chile,2024,85.0691778196127,FX.OWN.TOTL.ZS,financial_account_ownership_pct,D2
CL,Chile,2021,87.0620678198245,FX.OWN.TOTL.ZS,financial_account_ownership_pct,D2
CN,China,2024,89.3830319754266,FX.OWN.TOTL.ZS,financial_account_ownership_pct,D2
CN,China,2021,88.7090216844445,FX.OWN.TOTL.ZS,financial_account_ownership_pct,D2
CO,Colombia,2024,57.0594856281374,FX.OWN.TOTL.ZS,financial_account_ownership_pct,D2
CO,Colombia,2021,59.7159078921527,FX.OWN.TOTL.ZS,financial_account_ownership_pct,D2
KM,Comoros,2024,45.4593974142566,FX.OWN.TOTL.ZS,financial_account_ownership_pct,D2
KM,Comoros,2022,34.2501735467595,FX.OWN.TOTL.ZS,financial_account_ownership_pct,D2
CD,"Congo, Dem. Rep.",2024,39.2140115142227,FX.OWN.TOTL.ZS,financial_account_ownership_pct,D2
CD,"Congo, Dem. Rep.",2022,27.4411307638978,FX.OWN.TOTL.ZS,financial_account_ownership_pct,D2
CG,"Congo, Rep.",2024,55.5760387811851,FX.OWN.TOTL.ZS,financial_account_ownership_pct,D2
CG,"Congo, Rep.",2021,47.1421557656699,FX.OWN.TOTL.ZS,financial_account_ownership_pct,D2
CR,Costa Rica,2024,71.3527070793642,FX.OWN.TOTL.ZS,financial_account_ownership_pct,D2
CR,Costa Rica,2021,68.4896897601052,FX.OWN.TOTL.ZS,financial_account_ownership_pct,D2
CI,Cote d'Ivoire,2024,57.5676269730853,FX.OWN.TOTL.ZS,financial_account_ownership_pct,D2
CI,Cote d'Ivoire,2021,50.7622911401206,FX.OWN.TOTL.ZS,financial_account_ownership_pct,D2
HR,Croatia,2024,92.6404988027313,FX.OWN.TOTL.ZS,financial_account_ownership_pct,D2
HR,Croatia,2021,91.8041946650619,FX.OWN.TOTL.ZS,financial_account_ownership_pct,D2
CY,Cyprus,2024,96.1259312935907,FX.OWN.TOTL.ZS,financial_account_ownership_pct,D2
CY,Cyprus,2021,93.1299045859698,FX.OWN.TOTL.ZS,financial_account_ownership_pct,D2
CZ,Czechia,2024,92.2832885462025,FX.OWN.TOTL.ZS,financial_account_ownership_pct,D2
CZ,Czechia,2021,94.9367048560852,FX.OWN.TOTL.ZS,financial_account_ownership_pct,D2
DK,Denmark,2024,98.6505141065248,FX.OWN.TOTL.ZS,financial_account_ownership_pct,D2
DK,Denmark,2021,100.0,FX.OWN.TOTL.ZS,financial_account_ownership_pct,D2
DO,Dominican Republic,2024,64.777963876998,FX.OWN.TOTL.ZS,financial_account_ownership_pct,D2
DO,Dominican Republic,2021,51.2980112720468,FX.OWN.TOTL.ZS,financial_account_ownership_pct,D2
EC,Ecuador,2024,64.5052103870577,FX.OWN.TOTL.ZS,financial_account_ownership_pct,D2
EC,Ecuador,2021,64.1767160592829,FX.OWN.TOTL.ZS,financial_account_ownership_pct,D2
EG,"Egypt, Arab Rep.",2024,43.1134368034247,FX.OWN.TOTL.ZS,financial_account_ownership_pct,D2
EG,"Egypt, Arab Rep.",2021,27.4440057212001,FX.OWN.TOTL.ZS,financial_account_ownership_pct,D2
SV,El Salvador,2024,43.4036648969414,FX.OWN.TOTL.ZS,financial_account_ownership_pct,D2
SV,El Salvador,2021,35.8453551303162,FX.OWN.TOTL.ZS,financial_account_ownership_pct,D2
EE,Estonia,2024,98.9011091256392,FX.OWN.TOTL.ZS,financial_account_ownership_pct,D2
EE,Estonia,2021,99.3765667926472,FX.OWN.TOTL.ZS,financial_account_ownership_pct,D2
SZ,Eswatini,2024,65.1160267166079,FX.OWN.TOTL.ZS,financial_account_ownership_pct,D2
SZ,Eswatini,2022,66.175800988905,FX.OWN.TOTL.ZS,financial_account_ownership_pct,D2
ET,Ethiopia,2024,48.8302767819942,FX.OWN.TOTL.ZS,financial_account_ownership_pct,D2
ET,Ethiopia,2022,46.4800688214244,FX.OWN.TOTL.ZS,financial_account_ownership_pct,D2
FI,Finland,2024,99.842681813058,FX.OWN.TOTL.ZS,financial_account_ownership_pct,D2
FI,Finland,2021,99.5301883332477,FX.OWN.TOTL.ZS,financial_account_ownership_pct,D2
FR,France,2024,99.1902372350206,FX.OWN.TOTL.ZS,financial_account_ownership_pct,D2
FR,France,2021,99.244295476517,FX.OWN.TOTL.ZS,financial_account_ownership_pct,D2
GA,Gabon,2024,68.1812562934141,FX.OWN.TOTL.ZS,financial_account_ownership_pct,D2
GA,Gabon,2021,66.0899712589808,FX.OWN.TOTL.ZS,financial_account_ownership_pct,D2
GM,"Gambia, The",2024,38.1609042069027,FX.OWN.TOTL.ZS,financial_account_ownership_pct,D2
GM,"Gambia, The",2022,33.0110184489268,FX.OWN.TOTL.ZS,financial_account_ownership_pct,D2
GE,Georgia,2024,78.8236410959339,FX.OWN.TOTL.ZS,financial_account_ownership_pct,D2
GE,Georgia,2021,70.4986885500291,FX.OWN.TOTL.ZS,financial_account_ownership_pct,D2
DE,Germany,2024,98.2983235670699,FX.OWN.TOTL.ZS,financial_account_ownership_pct,D2
DE,Germany,2021,99.9765938161833,FX.OWN.TOTL.ZS,financial_account_ownership_pct,D2
GH,Ghana,2024,81.2430252454858,FX.OWN.TOTL.ZS,financial_account_ownership_pct,D2
GH,Ghana,2021,68.2303947936909,FX.OWN.TOTL.ZS,financial_account_ownership_pct,D2
GR,Greece,2024,88.5519759112244,FX.OWN.TOTL.ZS,financial_account_ownership_pct,D2
GR,Greece,2021,94.8841039582543,FX.OWN.TOTL.ZS,financial_account_ownership_pct,D2
GT,Guatemala,2024,38.2819483827324,FX.OWN.TOTL.ZS,financial_account_ownership_pct,D2
GT,Guatemala,2022,36.9778818759536,FX.OWN.TOTL.ZS,financial_account_ownership_pct,D2
GN,Guinea,2024,36.0480250155865,FX.OWN.TOTL.ZS,financial_account_ownership_pct,D2
GN,Guinea,2021,30.4403355352872,FX.OWN.TOTL.ZS,financial_account_ownership_pct,D2
HN,Honduras,2024,42.4429707366343,FX.OWN.TOTL.ZS,financial_account_ownership_pct,D2
HN,Honduras,2021,37.8497022494385,FX.OWN.TOTL.ZS,financial_account_ownership_pct,D2
HK,"Hong Kong SAR, China",2024,97.3080247282368,FX.OWN.TOTL.ZS,financial_account_ownership_pct,D2
HK,"Hong Kong SAR, China",2021,97.801244380349,FX.OWN.TOTL.ZS,financial_account_ownership_pct,D2
HU,Hungary,2024,86.9605630769545,FX.OWN.TOTL.ZS,financial_account_ownership_pct,D2
HU,Hungary,2021,88.2187885918565,FX.OWN.TOTL.ZS,financial_account_ownership_pct,D2
IS,Iceland,2024,99.8548358099717,FX.OWN.TOTL.ZS,financial_account_ownership_pct,D2
IS,Iceland,2021,100.0,FX.OWN.TOTL.ZS,financial_account_ownership_pct,D2
IN,India,2024,89.0248224502547,FX.OWN.TOTL.ZS,financial_account_ownership_pct,D2
IN,India,2021,77.5291370626274,FX.OWN.TOTL.ZS,financial_account_ownership_pct,D2
ID,Indonesia,2024,56.3278493718021,FX.OWN.TOTL.ZS,financial_account_ownership_pct,D2
ID,Indonesia,2021,51.755324070215,FX.OWN.TOTL.ZS,financial_account_ownership_pct,D2
IR,"Iran, Islamic Rep.",2024,91.0610044635676,FX.OWN.TOTL.ZS,financial_account_ownership_pct,D2
IR,"Iran, Islamic Rep.",2021,89.9846708281017,FX.OWN.TOTL.ZS,financial_account_ownership_pct,D2
IQ,Iraq,2024,30.1610517779513,FX.OWN.TOTL.ZS,financial_account_ownership_pct,D2
IQ,Iraq,2021,18.5652818204679,FX.OWN.TOTL.ZS,financial_account_ownership_pct,D2
IE,Ireland,2024,98.2929182250875,FX.OWN.TOTL.ZS,financial_account_ownership_pct,D2
IE,Ireland,2021,99.6633988421918,FX.OWN.TOTL.ZS,financial_account_ownership_pct,D2
IL,Israel,2024,89.2691974119826,FX.OWN.TOTL.ZS,financial_account_ownership_pct,D2
IL,Israel,2021,92.9252212375394,FX.OWN.TOTL.ZS,financial_account_ownership_pct,D2
IT,Italy,2024,86.0191093278992,FX.OWN.TOTL.ZS,financial_account_ownership_pct,D2
IT,Italy,2021,97.2945565478995,FX.OWN.TOTL.ZS,financial_account_ownership_pct,D2
JM,Jamaica,2021,73.3003615105011,FX.OWN.TOTL.ZS,financial_account_ownership_pct,D2
JP,Japan,2024,98.5235592091779,FX.OWN.TOTL.ZS,financial_account_ownership_pct,D2
JP,Japan,2021,98.4894200399726,FX.OWN.TOTL.ZS,financial_account_ownership_pct,D2
JO,Jordan,2024,46.4573138115455,FX.OWN.TOTL.ZS,financial_account_ownership_pct,D2
JO,Jordan,2021,47.1196643097766,FX.OWN.TOTL.ZS,financial_account_ownership_pct,D2
KZ,Kazakhstan,2024,87.0486447464415,FX.OWN.TOTL.ZS,financial_account_ownership_pct,D2
KZ,Kazakhstan,2021,81.1084645196623,FX.OWN.TOTL.ZS,financial_account_ownership_pct,D2
KE,Kenya,2024,90.1199173733613,FX.OWN.TOTL.ZS,financial_account_ownership_pct,D2
KE,Kenya,2021,79.1951576168317,FX.OWN.TOTL.ZS,financial_account_ownership_pct,D2
KR,"Korea, Rep.",2024,96.8949448884961,FX.OWN.TOTL.ZS,financial_account_ownership_pct,D2
KR,"Korea, Rep.",2021,98.6713470938187,FX.OWN.TOTL.ZS,financial_account_ownership_pct,D2
XK,Kosovo,2024,64.1617721717113,FX.OWN.TOTL.ZS,financial_account_ownership_pct,D2
XK,Kosovo,2021,58.0119595822062,FX.OWN.TOTL.ZS,financial_account_ownership_pct,D2
KW,Kuwait,2024,74.4578561430281,FX.OWN.TOTL.ZS,financial_account_ownership_pct,D2
KG,Kyrgyz Republic,2024,72.2642375946654,FX.OWN.TOTL.ZS,financial_account_ownership_pct,D2
KG,Kyrgyz Republic,2021,45.0948439820275,FX.OWN.TOTL.ZS,financial_account_ownership_pct,D2
LA,Lao PDR,2024,37.6501969468659,FX.OWN.TOTL.ZS,financial_account_ownership_pct,D2
LA,Lao PDR,2021,37.3200289962313,FX.OWN.TOTL.ZS,financial_account_ownership_pct,D2
LV,Latvia,2024,94.9733099977296,FX.OWN.TOTL.ZS,financial_account_ownership_pct,D2
LV,Latvia,2021,96.6187204898816,FX.OWN.TOTL.ZS,financial_account_ownership_pct,D2
LB,Lebanon,2024,23.0438575680739,FX.OWN.TOTL.ZS,financial_account_ownership_pct,D2
LB,Lebanon,2021,20.7030978086648,FX.OWN.TOTL.ZS,financial_account_ownership_pct,D2
LS,Lesotho,2024,61.5710444951092,FX.OWN.TOTL.ZS,financial_account_ownership_pct,D2
LS,Lesotho,2022,63.6349094307918,FX.OWN.TOTL.ZS,financial_account_ownership_pct,D2
LR,Liberia,2024,52.2139331485699,FX.OWN.TOTL.ZS,financial_account_ownership_pct,D2
LR,Liberia,2021,51.6311457560752,FX.OWN.TOTL.ZS,financial_account_ownership_pct,D2
LY,Libya,2024,33.1190908215163,FX.OWN.TOTL.ZS,financial_account_ownership_pct,D2
LT,Lithuania,2024,98.9947155941499,FX.OWN.TOTL.ZS,financial_account_ownership_pct,D2
LT,Lithuania,2021,93.5322396656764,FX.OWN.TOTL.ZS,financial_account_ownership_pct,D2
MG,Madagascar,2024,24.4501397197571,FX.OWN.TOTL.ZS,financial_account_ownership_pct,D2
MG,Madagascar,2022,26.2978246175134,FX.OWN.TOTL.ZS,financial_account_ownership_pct,D2
MW,Malawi,2024,50.3696725002439,FX.OWN.TOTL.ZS,financial_account_ownership_pct,D2
MW,Malawi,2021,42.7078088726996,FX.OWN.TOTL.ZS,financial_account_ownership_pct,D2
MY,Malaysia,2024,88.6918012421116,FX.OWN.TOTL.ZS,financial_account_ownership_pct,D2
MY,Malaysia,2021,88.3748841160555,FX.OWN.TOTL.ZS,financial_account_ownership_pct,D2
ML,Mali,2024,54.7454806007539,FX.OWN.TOTL.ZS,financial_account_ownership_pct,D2
ML,Mali,2021,43.5009858331426,FX.OWN.TOTL.ZS,financial_account_ownership_pct,D2
MT,Malta,2024,96.5581295334766,FX.OWN.TOTL.ZS,financial_account_ownership_pct,D2
MT,Malta,2021,96.446811059552,FX.OWN.TOTL.ZS,financial_account_ownership_pct,D2
MR,Mauritania,2024,27.3142609920985,FX.OWN.TOTL.ZS,financial_account_ownership_pct,D2
MR,Mauritania,2022,23.4559362292581,FX.OWN.TOTL.ZS,financial_account_ownership_pct,D2
MU,Mauritius,2024,89.5984480347546,FX.OWN.TOTL.ZS,financial_account_ownership_pct,D2
MU,Mauritius,2021,90.5263443555157,FX.OWN.TOTL.ZS,financial_account_ownership_pct,D2
MX,Mexico,2024,53.0320833316729,FX.OWN.TOTL.ZS,financial_account_ownership_pct,D2
MX,Mexico,2022,48.9714753743921,FX.OWN.TOTL.ZS,financial_account_ownership_pct,D2
MD,Moldova,2024,55.544249263449,FX.OWN.TOTL.ZS,financial_account_ownership_pct,D2
MD,Moldova,2021,64.2455175635428,FX.OWN.TOTL.ZS,financial_account_ownership_pct,D2
MN,Mongolia,2024,98.2787007982729,FX.OWN.TOTL.ZS,financial_account_ownership_pct,D2
MN,Mongolia,2021,98.4550191343593,FX.OWN.TOTL.ZS,financial_account_ownership_pct,D2
ME,Montenegro,2024,75.4116297013886,FX.OWN.TOTL.ZS,financial_account_ownership_pct,D2
MA,Morocco,2024,44.3863291468524,FX.OWN.TOTL.ZS,financial_account_ownership_pct,D2
MA,Morocco,2021,44.3728342386603,FX.OWN.TOTL.ZS,financial_account_ownership_pct,D2
MZ,Mozambique,2024,54.38528750107,FX.OWN.TOTL.ZS,financial_account_ownership_pct,D2
MZ,Mozambique,2021,49.4927479032385,FX.OWN.TOTL.ZS,financial_account_ownership_pct,D2
MM,Myanmar,2021,47.7910290706127,FX.OWN.TOTL.ZS,financial_account_ownership_pct,D2
NA,Namibia,2024,72.9187672893525,FX.OWN.TOTL.ZS,financial_account_ownership_pct,D2
NA,Namibia,2021,71.3463883283129,FX.OWN.TOTL.ZS,financial_account_ownership_pct,D2
NP,Nepal,2024,59.9911157064883,FX.OWN.TOTL.ZS,financial_account_ownership_pct,D2
NP,Nepal,2021,54.0026922540655,FX.OWN.TOTL.ZS,financial_account_ownership_pct,D2
NL,Netherlands,2024,99.171512250031,FX.OWN.TOTL.ZS,financial_account_ownership_pct,D2
NL,Netherlands,2021,99.7331679359432,FX.OWN.TOTL.ZS,financial_account_ownership_pct,D2
NZ,New Zealand,2024,97.8647563722742,FX.OWN.TOTL.ZS,financial_account_ownership_pct,D2
NZ,New Zealand,2021,98.7523814505022,FX.OWN.TOTL.ZS,financial_account_ownership_pct,D2
NI,Nicaragua,2024,23.470592686629,FX.OWN.TOTL.ZS,financial_account_ownership_pct,D2
NI,Nicaragua,2021,26.0328025128629,FX.OWN.TOTL.ZS,financial_account_ownership_pct,D2
NE,Niger,2024,14.8268991865027,FX.OWN.TOTL.ZS,financial_account_ownership_pct,D2
NE,Niger,2022,11.685591291668,FX.OWN.TOTL.ZS,financial_account_ownership_pct,D2
NG,Nigeria,2024,63.2613514491542,FX.OWN.TOTL.ZS,financial_account_ownership_pct,D2
NG,Nigeria,2021,45.3166327186278,FX.OWN.TOTL.ZS,financial_account_ownership_pct,D2
MK,North Macedonia,2024,84.2548648905347,FX.OWN.TOTL.ZS,financial_account_ownership_pct,D2
MK,North Macedonia,2021,85.2886912768171,FX.OWN.TOTL.ZS,financial_account_ownership_pct,D2
NO,Norway,2024,98.5561571037813,FX.OWN.TOTL.ZS,financial_account_ownership_pct,D2
NO,Norway,2021,99.4777714580126,FX.OWN.TOTL.ZS,financial_account_ownership_pct,D2
OM,Oman,2024,69.5361597212358,FX.OWN.TOTL.ZS,financial_account_ownership_pct,D2
PK,Pakistan,2024,27.2960071761925,FX.OWN.TOTL.ZS,financial_account_ownership_pct,D2
PK,Pakistan,2021,20.9806311316514,FX.OWN.TOTL.ZS,financial_account_ownership_pct,D2
PA,Panama,2024,64.0952131164981,FX.OWN.TOTL.ZS,financial_account_ownership_pct,D2
PA,Panama,2021,44.9670337532433,FX.OWN.TOTL.ZS,financial_account_ownership_pct,D2
PY,Paraguay,2024,60.9167610080401,FX.OWN.TOTL.ZS,financial_account_ownership_pct,D2
PY,Paraguay,2021,54.419977087987,FX.OWN.TOTL.ZS,financial_account_ownership_pct,D2
PE,Peru,2024,59.3098978248017,FX.OWN.TOTL.ZS,financial_account_ownership_pct,D2
PE,Peru,2021,57.4978561461709,FX.OWN.TOTL.ZS,financial_account_ownership_pct,D2
PH,Philippines,2024,50.1824221429254,FX.OWN.TOTL.ZS,financial_account_ownership_pct,D2
PH,Philippines,2021,51.3717638928697,FX.OWN.TOTL.ZS,financial_account_ownership_pct,D2
PL,Poland,2024,86.1367117566539,FX.OWN.TOTL.ZS,financial_account_ownership_pct,D2
PL,Poland,2021,95.7201672270221,FX.OWN.TOTL.ZS,financial_account_ownership_pct,D2
PT,Portugal,2024,91.3973440748621,FX.OWN.TOTL.ZS,financial_account_ownership_pct,D2
PT,Portugal,2021,92.6495073207262,FX.OWN.TOTL.ZS,financial_account_ownership_pct,D2
RO,Romania,2024,71.3366719002898,FX.OWN.TOTL.ZS,financial_account_ownership_pct,D2
RO,Romania,2021,69.1155037619615,FX.OWN.TOTL.ZS,financial_account_ownership_pct,D2
RU,Russian Federation,2024,79.3421267068262,FX.OWN.TOTL.ZS,financial_account_ownership_pct,D2
RU,Russian Federation,2021,89.7193266222482,FX.OWN.TOTL.ZS,financial_account_ownership_pct,D2
SA,Saudi Arabia,2024,78.8409517231945,FX.OWN.TOTL.ZS,financial_account_ownership_pct,D2
SA,Saudi Arabia,2021,74.320746724648,FX.OWN.TOTL.ZS,financial_account_ownership_pct,D2
SN,Senegal,2024,76.4609257473503,FX.OWN.TOTL.ZS,financial_account_ownership_pct,D2
SN,Senegal,2021,55.9644071481718,FX.OWN.TOTL.ZS,financial_account_ownership_pct,D2
RS,Serbia,2024,83.2544458500274,FX.OWN.TOTL.ZS,financial_account_ownership_pct,D2
RS,Serbia,2021,89.4157368417161,FX.OWN.TOTL.ZS,financial_account_ownership_pct,D2
SL,Sierra Leone,2024,38.6205210606339,FX.OWN.TOTL.ZS,financial_account_ownership_pct,D2
SL,Sierra Leone,2021,28.8466044614564,FX.OWN.TOTL.ZS,financial_account_ownership_pct,D2
SG,Singapore,2024,97.9718288419762,FX.OWN.TOTL.ZS,financial_account_ownership_pct,D2
SG,Singapore,2021,97.5498512325819,FX.OWN.TOTL.ZS,financial_account_ownership_pct,D2
SK,Slovak Republic,2024,92.2151184719611,FX.OWN.TOTL.ZS,financial_account_ownership_pct,D2
SK,Slovak Republic,2021,95.6196968335478,FX.OWN.TOTL.ZS,financial_account_ownership_pct,D2
SI,Slovenia,2024,98.7472573239817,FX.OWN.TOTL.ZS,financial_account_ownership_pct,D2
SI,Slovenia,2021,99.0496614015272,FX.OWN.TOTL.ZS,financial_account_ownership_pct,D2
ZA,South Africa,2024,81.1259662052011,FX.OWN.TOTL.ZS,financial_account_ownership_pct,D2
ZA,South Africa,2021,85.378111952418,FX.OWN.TOTL.ZS,financial_account_ownership_pct,D2
SS,South Sudan,2021,5.8314074673825,FX.OWN.TOTL.ZS,financial_account_ownership_pct,D2
ES,Spain,2024,98.3807416463989,FX.OWN.TOTL.ZS,financial_account_ownership_pct,D2
ES,Spain,2021,98.2984394535205,FX.OWN.TOTL.ZS,financial_account_ownership_pct,D2
LK,Sri Lanka,2024,81.6921293527248,FX.OWN.TOTL.ZS,financial_account_ownership_pct,D2
LK,Sri Lanka,2021,89.2707132323262,FX.OWN.TOTL.ZS,financial_account_ownership_pct,D2
SE,Sweden,2024,98.5654945145745,FX.OWN.TOTL.ZS,financial_account_ownership_pct,D2
SE,Sweden,2021,99.6887646957821,FX.OWN.TOTL.ZS,financial_account_ownership_pct,D2
CH,Switzerland,2024,98.412309687795,FX.OWN.TOTL.ZS,financial_account_ownership_pct,D2
CH,Switzerland,2021,99.491031115136,FX.OWN.TOTL.ZS,financial_account_ownership_pct,D2
TJ,Tajikistan,2024,54.5193771390539,FX.OWN.TOTL.ZS,financial_account_ownership_pct,D2
TJ,Tajikistan,2021,39.4881617560099,FX.OWN.TOTL.ZS,financial_account_ownership_pct,D2
TZ,Tanzania,2024,59.8275253090773,FX.OWN.TOTL.ZS,financial_account_ownership_pct,D2
TZ,Tanzania,2021,52.4333347484758,FX.OWN.TOTL.ZS,financial_account_ownership_pct,D2
TH,Thailand,2024,91.8249814693343,FX.OWN.TOTL.ZS,financial_account_ownership_pct,D2
TH,Thailand,2021,95.5769973139711,FX.OWN.TOTL.ZS,financial_account_ownership_pct,D2
TG,Togo,2024,57.4329534151865,FX.OWN.TOTL.ZS,financial_account_ownership_pct,D2
TG,Togo,2021,49.6056349278117,FX.OWN.TOTL.ZS,financial_account_ownership_pct,D2
TT,Trinidad and Tobago,2024,74.5920641469519,FX.OWN.TOTL.ZS,financial_account_ownership_pct,D2
TN,Tunisia,2024,37.8444860328559,FX.OWN.TOTL.ZS,financial_account_ownership_pct,D2
TN,Tunisia,2021,36.853236511337,FX.OWN.TOTL.ZS,financial_account_ownership_pct,D2
TR,Turkiye,2024,81.5545478352063,FX.OWN.TOTL.ZS,financial_account_ownership_pct,D2
TR,Turkiye,2021,74.0916612877286,FX.OWN.TOTL.ZS,financial_account_ownership_pct,D2
UG,Uganda,2024,72.8273757556063,FX.OWN.TOTL.ZS,financial_account_ownership_pct,D2
UG,Uganda,2021,65.914011087313,FX.OWN.TOTL.ZS,financial_account_ownership_pct,D2
UA,Ukraine,2024,87.581225854266,FX.OWN.TOTL.ZS,financial_account_ownership_pct,D2
UA,Ukraine,2021,83.5648133398349,FX.OWN.TOTL.ZS,financial_account_ownership_pct,D2
AE,United Arab Emirates,2021,85.7421930087712,FX.OWN.TOTL.ZS,financial_account_ownership_pct,D2
GB,United Kingdom,2024,99.2843092777584,FX.OWN.TOTL.ZS,financial_account_ownership_pct,D2
GB,United Kingdom,2021,99.7632738299911,FX.OWN.TOTL.ZS,financial_account_ownership_pct,D2
US,United States,2024,97.0230983290589,FX.OWN.TOTL.ZS,financial_account_ownership_pct,D2
US,United States,2021,94.9532296473716,FX.OWN.TOTL.ZS,financial_account_ownership_pct,D2
UY,Uruguay,2024,73.7451275567861,FX.OWN.TOTL.ZS,financial_account_ownership_pct,D2
UY,Uruguay,2021,74.1272677007413,FX.OWN.TOTL.ZS,financial_account_ownership_pct,D2
UZ,Uzbekistan,2024,59.6583830145186,FX.OWN.TOTL.ZS,financial_account_ownership_pct,D2
UZ,Uzbekistan,2021,44.1347902834696,FX.OWN.TOTL.ZS,financial_account_ownership_pct,D2
VE,"Venezuela, RB",2024,87.3184627954851,FX.OWN.TOTL.ZS,financial_account_ownership_pct,D2
VE,"Venezuela, RB",2021,84.3948009275794,FX.OWN.TOTL.ZS,financial_account_ownership_pct,D2
VN,Viet Nam,2024,70.5507533567583,FX.OWN.TOTL.ZS,financial_account_ownership_pct,D2
VN,Viet Nam,2022,56.2657536272923,FX.OWN.TOTL.ZS,financial_account_ownership_pct,D2
PS,West Bank and Gaza,2024,39.6209836077699,FX.OWN.TOTL.ZS,financial_account_ownership_pct,D2
PS,West Bank and Gaza,2021,33.6425508866377,FX.OWN.TOTL.ZS,financial_account_ownership_pct,D2
YE,"Yemen, Rep.",2022,11.9033656433415,FX.OWN.TOTL.ZS,financial_account_ownership_pct,D2
ZM,Zambia,2024,72.7024245599811,FX.OWN.TOTL.ZS,financial_account_ownership_pct,D2
ZM,Zambia,2021,48.521887299618,FX.OWN.TOTL.ZS,financial_account_ownership_pct,D2
ZW,Zimbabwe,2024,49.5216018025126,FX.OWN.TOTL.ZS,financial_account_ownership_pct,D2
ZW,Zimbabwe,2021,59.7459292908934,FX.OWN.TOTL.ZS,financial_account_ownership_pct,D2
ZH,Africa Eastern and Southern,2024,1615.39635562849,NY.GDP.PCAP.CD,gdp_per_capita_usd,D2
ZH,Africa Eastern and Southern,2023,1571.44918918981,NY.GDP.PCAP.CD,gdp_per_capita_usd,D2
ZH,Africa Eastern and Southern,2022,1679.32762166466,NY.GDP.PCAP.CD,gdp_per_capita_usd,D2
ZH,Africa Eastern and Southern,2021,1562.41617477738,NY.GDP.PCAP.CD,gdp_per_capita_usd,D2
ZH,Africa Eastern and Southern,2020,1351.59166910879,NY.GDP.PCAP.CD,gdp_per_capita_usd,D2
ZI,Africa Western and Central,2024,1411.33702938476,NY.GDP.PCAP.CD,gdp_per_capita_usd,D2
ZI,Africa Western and Central,2023,1841.85506354867,NY.GDP.PCAP.CD,gdp_per_capita_usd,D2
ZI,Africa Western and Central,2022,2138.47315259913,NY.GDP.PCAP.CD,gdp_per_capita_usd,D2
ZI,Africa Western and Central,2021,2112.79407637079,NY.GDP.PCAP.CD,gdp_per_capita_usd,D2
ZI,Africa Western and Central,2020,2030.86165860293,NY.GDP.PCAP.CD,gdp_per_capita_usd,D2
1A,Arab World,2024,7583.81170078145,NY.GDP.PCAP.CD,gdp_per_capita_usd,D2
1A,Arab World,2023,7513.89907880749,NY.GDP.PCAP.CD,gdp_per_capita_usd,D2
1A,Arab World,2022,7950.35581975672,NY.GDP.PCAP.CD,gdp_per_capita_usd,D2
1A,Arab World,2021,6697.41498492196,NY.GDP.PCAP.CD,gdp_per_capita_usd,D2
1A,Arab World,2020,5739.41283580539,NY.GDP.PCAP.CD,gdp_per_capita_usd,D2
S3,Caribbean small states,2024,19903.8112311908,NY.GDP.PCAP.CD,gdp_per_capita_usd,D2
S3,Caribbean small states,2023,17596.5404249612,NY.GDP.PCAP.CD,gdp_per_capita_usd,D2
S3,Caribbean small states,2022,17456.3084845676,NY.GDP.PCAP.CD,gdp_per_capita_usd,D2
S3,Caribbean small states,2021,13995.2694921728,NY.GDP.PCAP.CD,gdp_per_capita_usd,D2
S3,Caribbean small states,2020,11957.223222537,NY.GDP.PCAP.CD,gdp_per_capita_usd,D2
B8,Central Europe and the Baltics,2024,24604.8068595604,NY.GDP.PCAP.CD,gdp_per_capita_usd,D2
B8,Central Europe and the Baltics,2023,22690.3736174216,NY.GDP.PCAP.CD,gdp_per_capita_usd,D2
B8,Central Europe and the Baltics,2022,19530.1553232172,NY.GDP.PCAP.CD,gdp_per_capita_usd,D2
B8,Central Europe and the Baltics,2021,19223.9274030651,NY.GDP.PCAP.CD,gdp_per_capita_usd,D2
B8,Central Europe and the Baltics,2020,16581.3526115028,NY.GDP.PCAP.CD,gdp_per_capita_usd,D2
V2,Early-demographic dividend,2024,4450.18711937385,NY.GDP.PCAP.CD,gdp_per_capita_usd,D2
V2,Early-demographic dividend,2023,4252.59733415786,NY.GDP.PCAP.CD,gdp_per_capita_usd,D2
V2,Early-demographic dividend,2022,4043.82776331568,NY.GDP.PCAP.CD,gdp_per_capita_usd,D2
V2,Early-demographic dividend,2021,3698.98363187847,NY.GDP.PCAP.CD,gdp_per_capita_usd,D2
V2,Early-demographic dividend,2020,3187.03781234801,NY.GDP.PCAP.CD,gdp_per_capita_usd,D2
Z4,East Asia & Pacific,2024,13405.735673015,NY.GDP.PCAP.CD,gdp_per_capita_usd,D2
Z4,East Asia & Pacific,2023,13176.1786055635,NY.GDP.PCAP.CD,gdp_per_capita_usd,D2
Z4,East Asia & Pacific,2022,13139.2109813612,NY.GDP.PCAP.CD,gdp_per_capita_usd,D2
Z4,East Asia & Pacific,2021,13336.4841670883,NY.GDP.PCAP.CD,gdp_per_capita_usd,D2
Z4,East Asia & Pacific,2020,11639.4853357389,NY.GDP.PCAP.CD,gdp_per_capita_usd,D2
4E,East Asia & Pacific (excluding high income),2024,10396.7957405051,NY.GDP.PCAP.CD,gdp_per_capita_usd,D2
4E,East Asia & Pacific (excluding high income),2023,10125.9095208645,NY.GDP.PCAP.CD,gdp_per_capita_usd,D2
4E,East Asia & Pacific (excluding high income),2022,10106.9935977814,NY.GDP.PCAP.CD,gdp_per_capita_usd,D2
4E,East Asia & Pacific (excluding high income),2021,9974.57829690175,NY.GDP.PCAP.CD,gdp_per_capita_usd,D2
4E,East Asia & Pacific (excluding high income),2020,8391.27634645493,NY.GDP.PCAP.CD,gdp_per_capita_usd,D2
T4,East Asia & Pacific (IDA & IBRD countries),2024,10513.9529323033,NY.GDP.PCAP.CD,gdp_per_capita_usd,D2
T4,East Asia & Pacific (IDA & IBRD countries),2023,10239.8162178816,NY.GDP.PCAP.CD,gdp_per_capita_usd,D2
T4,East Asia & Pacific (IDA & IBRD countries),2022,10220.4774431567,NY.GDP.PCAP.CD,gdp_per_capita_usd,D2
T4,East Asia & Pacific (IDA & IBRD countries),2021,10086.4176067356,NY.GDP.PCAP.CD,gdp_per_capita_usd,D2
T4,East Asia & Pacific (IDA & IBRD countries),2020,8485.32855185979,NY.GDP.PCAP.CD,gdp_per_capita_usd,D2
XC,Euro area,2024,46945.4188234427,NY.GDP.PCAP.CD,gdp_per_capita_usd,D2
XC,Euro area,2023,45330.1093015768,NY.GDP.PCAP.CD,gdp_per_capita_usd,D2
XC,Euro area,2022,41608.7123275598,NY.GDP.PCAP.CD,gdp_per_capita_usd,D2
XC,Euro area,2021,42984.5697414154,NY.GDP.PCAP.CD,gdp_per_capita_usd,D2
XC,Euro area,2020,38236.5543048506,NY.GDP.PCAP.CD,gdp_per_capita_usd,D2
Z7,Europe & Central Asia,2024,31555.5207890657,NY.GDP.PCAP.CD,gdp_per_capita_usd,D2
Z7,Europe & Central Asia,2023,29988.9022903108,NY.GDP.PCAP.CD,gdp_per_capita_usd,D2
Z7,Europe & Central Asia,2022,27913.5882331645,NY.GDP.PCAP.CD,gdp_per_capita_usd,D2
Z7,Europe & Central Asia,2021,27664.8914080918,NY.GDP.PCAP.CD,gdp_per_capita_usd,D2
Z7,Europe & Central Asia,2020,24167.3551199699,NY.GDP.PCAP.CD,gdp_per_capita_usd,D2
7E,Europe & Central Asia (excluding high income),2024,9793.69205809432,NY.GDP.PCAP.CD,gdp_per_capita_usd,D2
7E,Europe & Central Asia (excluding high income),2023,8617.0484098633,NY.GDP.PCAP.CD,gdp_per_capita_usd,D2
7E,Europe & Central Asia (excluding high income),2022,7266.022431542,NY.GDP.PCAP.CD,gdp_per_capita_usd,D2
7E,Europe & Central Asia (excluding high income),2021,6673.97429035651,NY.GDP.PCAP.CD,gdp_per_capita_usd,D2
7E,Europe & Central Asia (excluding high income),2020,5776.19343817718,NY.GDP.PCAP.CD,gdp_per_capita_usd,D2
T7,Europe & Central Asia (IDA & IBRD countries),2024,13337.4386956337,NY.GDP.PCAP.CD,gdp_per_capita_usd,D2
T7,Europe & Central Asia (IDA & IBRD countries),2023,12129.8641155432,NY.GDP.PCAP.CD,gdp_per_capita_usd,D2
T7,Europe & Central Asia (IDA & IBRD countries),2022,11421.1364427001,NY.GDP.PCAP.CD,gdp_per_capita_usd,D2
T7,Europe & Central Asia (IDA & IBRD countries),2021,10014.5108823837,NY.GDP.PCAP.CD,gdp_per_capita_usd,D2
T7,Europe & Central Asia (IDA & IBRD countries),2020,8478.35038656806,NY.GDP.PCAP.CD,gdp_per_capita_usd,D2
EU,European Union,2024,43304.9642561331,NY.GDP.PCAP.CD,gdp_per_capita_usd,D2
EU,European Union,2023,41566.5741100785,NY.GDP.PCAP.CD,gdp_per_capita_usd,D2
EU,European Union,2022,38066.8844892624,NY.GDP.PCAP.CD,gdp_per_capita_usd,D2
EU,European Union,2021,39206.9791776084,NY.GDP.PCAP.CD,gdp_per_capita_usd,D2
EU,European Union,2020,34694.7035869194,NY.GDP.PCAP.CD,gdp_per_capita_usd,D2
F1,Fragile and conflict affected situations,2024,1527.95809514037,NY.GDP.PCAP.CD,gdp_per_capita_usd,D2
F1,Fragile and conflict affected situations,2023,1682.75058845476,NY.GDP.PCAP.CD,gdp_per_capita_usd,D2
F1,Fragile and conflict affected situations,2022,1850.91743054769,NY.GDP.PCAP.CD,gdp_per_capita_usd,D2
F1,Fragile and conflict affected situations,2021,1711.40128929758,NY.GDP.PCAP.CD,gdp_per_capita_usd,D2
F1,Fragile and conflict affected situations,2020,1618.4798041022,NY.GDP.PCAP.CD,gdp_per_capita_usd,D2
XE,Heavily indebted poor countries (HIPC),2024,1216.37508472564,NY.GDP.PCAP.CD,gdp_per_capita_usd,D2
XE,Heavily indebted poor countries (HIPC),2023,1155.90445279924,NY.GDP.PCAP.CD,gdp_per_capita_usd,D2
XE,Heavily indebted poor countries (HIPC),2022,1121.48387311982,NY.GDP.PCAP.CD,gdp_per_capita_usd,D2
XE,Heavily indebted poor countries (HIPC),2021,1061.41414950431,NY.GDP.PCAP.CD,gdp_per_capita_usd,D2
XE,Heavily indebted poor countries (HIPC),2020,962.590226473892,NY.GDP.PCAP.CD,gdp_per_capita_usd,D2
XD,High income,2024,50302.6052129513,NY.GDP.PCAP.CD,gdp_per_capita_usd,D2
XD,High income,2023,48608.1947665895,NY.GDP.PCAP.CD,gdp_per_capita_usd,D2
XD,High income,2022,46553.1150181383,NY.GDP.PCAP.CD,gdp_per_capita_usd,D2
XD,High income,2021,45081.6648348437,NY.GDP.PCAP.CD,gdp_per_capita_usd,D2
XD,High income,2020,40108.2348602411,NY.GDP.PCAP.CD,gdp_per_capita_usd,D2
XF,IBRD only,2024,8219.91265703844,NY.GDP.PCAP.CD,gdp_per_capita_usd,D2
XF,IBRD only,2023,7925.3992413749,NY.GDP.PCAP.CD,gdp_per_capita_usd,D2
XF,IBRD only,2022,7699.23258826186,NY.GDP.PCAP.CD,gdp_per_capita_usd,D2
XF,IBRD only,2021,7314.52836425796,NY.GDP.PCAP.CD,gdp_per_capita_usd,D2
XF,IBRD only,2020,6191.51088391849,NY.GDP.PCAP.CD,gdp_per_capita_usd,D2
ZT,IDA & IBRD total,2024,6327.14399704869,NY.GDP.PCAP.CD,gdp_per_capita_usd,D2
ZT,IDA & IBRD total,2023,6149.50554558946,NY.GDP.PCAP.CD,gdp_per_capita_usd,D2
ZT,IDA & IBRD total,2022,6036.81374407089,NY.GDP.PCAP.CD,gdp_per_capita_usd,D2
ZT,IDA & IBRD total,2021,5754.24675079937,NY.GDP.PCAP.CD,gdp_per_capita_usd,D2
ZT,IDA & IBRD total,2020,4923.57218418891,NY.GDP.PCAP.CD,gdp_per_capita_usd,D2
XH,IDA blend,2024,1650.63788113049,NY.GDP.PCAP.CD,gdp_per_capita_usd,D2
XH,IDA blend,2023,1915.31328433422,NY.GDP.PCAP.CD,gdp_per_capita_usd,D2
XH,IDA blend,2022,2234.83616206483,NY.GDP.PCAP.CD,gdp_per_capita_usd,D2
XH,IDA blend,2021,2142.31172674601,NY.GDP.PCAP.CD,gdp_per_capita_usd,D2
XH,IDA blend,2020,2008.89632662853,NY.GDP.PCAP.CD,gdp_per_capita_usd,D2
XI,IDA only,2024,1398.11181264033,NY.GDP.PCAP.CD,gdp_per_capita_usd,D2
XI,IDA only,2023,1333.20971979026,NY.GDP.PCAP.CD,gdp_per_capita_usd,D2
XI,IDA only,2022,1332.31730178708,NY.GDP.PCAP.CD,gdp_per_capita_usd,D2
XI,IDA only,2021,1256.19296430735,NY.GDP.PCAP.CD,gdp_per_capita_usd,D2
XI,IDA only,2020,1170.98051516892,NY.GDP.PCAP.CD,gdp_per_capita_usd,D2
XG,IDA total,2024,1485.92227405633,NY.GDP.PCAP.CD,gdp_per_capita_usd,D2
XG,IDA total,2023,1536.08719237098,NY.GDP.PCAP.CD,gdp_per_capita_usd,D2
XG,IDA total,2022,1647.52732460307,NY.GDP.PCAP.CD,gdp_per_capita_usd,D2
XG,IDA total,2021,1566.13709936781,NY.GDP.PCAP.CD,gdp_per_capita_usd,D2
XG,IDA total,2020,1464.52261402905,NY.GDP.PCAP.CD,gdp_per_capita_usd,D2
V3,Late-demographic dividend,2024,12874.1679137972,NY.GDP.PCAP.CD,gdp_per_capita_usd,D2
V3,Late-demographic dividend,2023,12437.9861721907,NY.GDP.PCAP.CD,gdp_per_capita_usd,D2
V3,Late-demographic dividend,2022,12286.0846812169,NY.GDP.PCAP.CD,gdp_per_capita_usd,D2
V3,Late-demographic dividend,2021,11759.7974990154,NY.GDP.PCAP.CD,gdp_per_capita_usd,D2
V3,Late-demographic dividend,2020,9873.93519864422,NY.GDP.PCAP.CD,gdp_per_capita_usd,D2
ZJ,Latin America & Caribbean,2024,10737.6463538652,NY.GDP.PCAP.CD,gdp_per_capita_usd,D2
ZJ,Latin America & Caribbean,2023,10508.6472548025,NY.GDP.PCAP.CD,gdp_per_capita_usd,D2
ZJ,Latin America & Caribbean,2022,9408.84820249156,NY.GDP.PCAP.CD,gdp_per_capita_usd,D2
ZJ,Latin America & Caribbean,2021,8291.07156305024,NY.GDP.PCAP.CD,gdp_per_capita_usd,D2
ZJ,Latin America & Caribbean,2020,7168.64740599577,NY.GDP.PCAP.CD,gdp_per_capita_usd,D2
XJ,Latin America & Caribbean (excluding high income),2024,10382.3911125152,NY.GDP.PCAP.CD,gdp_per_capita_usd,D2
XJ,Latin America & Caribbean (excluding high income),2023,10196.271088969,NY.GDP.PCAP.CD,gdp_per_capita_usd,D2
XJ,Latin America & Caribbean (excluding high income),2022,9111.34927084769,NY.GDP.PCAP.CD,gdp_per_capita_usd,D2
XJ,Latin America & Caribbean (excluding high income),2021,7970.6164425206,NY.GDP.PCAP.CD,gdp_per_capita_usd,D2
XJ,Latin America & Caribbean (excluding high income),2020,6904.27677369596,NY.GDP.PCAP.CD,gdp_per_capita_usd,D2
T2,Latin America & the Caribbean (IDA & IBRD countries),2024,10474.2809944408,NY.GDP.PCAP.CD,gdp_per_capita_usd,D2
T2,Latin America & the Caribbean (IDA & IBRD countries),2023,10260.5196915782,NY.GDP.PCAP.CD,gdp_per_capita_usd,D2
T2,Latin America & the Caribbean (IDA & IBRD countries),2022,9174.55690452428,NY.GDP.PCAP.CD,gdp_per_capita_usd,D2
T2,Latin America & the Caribbean (IDA & IBRD countries),2021,8075.78816650564,NY.GDP.PCAP.CD,gdp_per_capita_usd,D2
T2,Latin America & the Caribbean (IDA & IBRD countries),2020,6964.3711102796,NY.GDP.PCAP.CD,gdp_per_capita_usd,D2
XL,Least developed countries: UN classification,2024,1293.40100322932,NY.GDP.PCAP.CD,gdp_per_capita_usd,D2
XL,Least developed countries: UN classification,2023,1257.69806699331,NY.GDP.PCAP.CD,gdp_per_capita_usd,D2
XL,Least developed countries: UN classification,2022,1299.36172423082,NY.GDP.PCAP.CD,gdp_per_capita_usd,D2
XL,Least developed countries: UN classification,2021,1175.55718251136,NY.GDP.PCAP.CD,gdp_per_capita_usd,D2
XL,Least developed countries: UN classification,2020,1088.72161311357,NY.GDP.PCAP.CD,gdp_per_capita_usd,D2
XO,Low & middle income,2024,6002.45120765259,NY.GDP.PCAP.CD,gdp_per_capita_usd,D2
XO,Low & middle income,2023,5856.29495195922,NY.GDP.PCAP.CD,gdp_per_capita_usd,D2
XO,Low & middle income,2022,5741.78381882952,NY.GDP.PCAP.CD,gdp_per_capita_usd,D2
XO,Low & middle income,2021,5524.24398933119,NY.GDP.PCAP.CD,gdp_per_capita_usd,D2
XO,Low & middle income,2020,4732.82727829687,NY.GDP.PCAP.CD,gdp_per_capita_usd,D2
XM,Low income,2024,751.322764042233,NY.GDP.PCAP.CD,gdp_per_capita_usd,D2
XM,Low income,2023,714.151764242762,NY.GDP.PCAP.CD,gdp_per_capita_usd,D2
XM,Low income,2022,734.204117595357,NY.GDP.PCAP.CD,gdp_per_capita_usd,D2
XM,Low income,2021,651.812637638679,NY.GDP.PCAP.CD,gdp_per_capita_usd,D2
XM,Low income,2020,605.437906755342,NY.GDP.PCAP.CD,gdp_per_capita_usd,D2
XN,Lower middle income,2024,2544.49245457752,NY.GDP.PCAP.CD,gdp_per_capita_usd,D2
XN,Lower middle income,2023,2493.38985253651,NY.GDP.PCAP.CD,gdp_per_capita_usd,D2
XN,Lower middle income,2022,2493.61487371356,NY.GDP.PCAP.CD,gdp_per_capita_usd,D2
XN,Lower middle income,2021,2369.9577651033,NY.GDP.PCAP.CD,gdp_per_capita_usd,D2
XN,Lower middle income,2020,2121.61421722256,NY.GDP.PCAP.CD,gdp_per_capita_usd,D2
ZQ,"Middle East, North Africa, Afghanistan & Pakistan",2024,6265.44445247452,NY.GDP.PCAP.CD,gdp_per_capita_usd,D2
ZQ,"Middle East, North Africa, Afghanistan & Pakistan",2023,6149.061198935,NY.GDP.PCAP.CD,gdp_per_capita_usd,D2
ZQ,"Middle East, North Africa, Afghanistan & Pakistan",2022,6430.53553485753,NY.GDP.PCAP.CD,gdp_per_capita_usd,D2
ZQ,"Middle East, North Africa, Afghanistan & Pakistan",2021,5615.91186098726,NY.GDP.PCAP.CD,gdp_per_capita_usd,D2
ZQ,"Middle East, North Africa, Afghanistan & Pakistan",2020,4742.76402632259,NY.GDP.PCAP.CD,gdp_per_capita_usd,D2
XQ,"Middle East, North Africa, Afghanistan & Pakistan (excluding high income)",2024,2971.05462651558,NY.GDP.PCAP.CD,gdp_per_capita_usd,D2
XQ,"Middle East, North Africa, Afghanistan & Pakistan (excluding high income)",2023,2873.03929302735,NY.GDP.PCAP.CD,gdp_per_capita_usd,D2
XQ,"Middle East, North Africa, Afghanistan & Pakistan (excluding high income)",2022,3015.7557973385,NY.GDP.PCAP.CD,gdp_per_capita_usd,D2
XQ,"Middle East, North Africa, Afghanistan & Pakistan (excluding high income)",2021,2753.47858029524,NY.GDP.PCAP.CD,gdp_per_capita_usd,D2
XQ,"Middle East, North Africa, Afghanistan & Pakistan (excluding high income)",2020,2408.49731335268,NY.GDP.PCAP.CD,gdp_per_capita_usd,D2
T3,"Middle East, North Africa, Afghanistan & Pakistan (IDA & IBRD)",2024,2973.77496155262,NY.GDP.PCAP.CD,gdp_per_capita_usd,D2
T3,"Middle East, North Africa, Afghanistan & Pakistan (IDA & IBRD)",2023,2868.88626501212,NY.GDP.PCAP.CD,gdp_per_capita_usd,D2
T3,"Middle East, North Africa, Afghanistan & Pakistan (IDA & IBRD)",2022,3010.19656726913,NY.GDP.PCAP.CD,gdp_per_capita_usd,D2
T3,"Middle East, North Africa, Afghanistan & Pakistan (IDA & IBRD)",2021,2746.96809945183,NY.GDP.PCAP.CD,gdp_per_capita_usd,D2
T3,"Middle East, North Africa, Afghanistan & Pakistan (IDA & IBRD)",2020,2402.73480964451,NY.GDP.PCAP.CD,gdp_per_capita_usd,D2
XP,Middle income,2024,6554.37054933497,NY.GDP.PCAP.CD,gdp_per_capita_usd,D2
XP,Middle income,2023,6386.30246387838,NY.GDP.PCAP.CD,gdp_per_capita_usd,D2
XP,Middle income,2022,6248.00962014697,NY.GDP.PCAP.CD,gdp_per_capita_usd,D2
XP,Middle income,2021,6007.32308658147,NY.GDP.PCAP.CD,gdp_per_capita_usd,D2
XP,Middle income,2020,5134.62007912707,NY.GDP.PCAP.CD,gdp_per_capita_usd,D2
XU,North America,2024,81275.8436781762,NY.GDP.PCAP.CD,gdp_per_capita_usd,D2
XU,North America,2023,78190.0640735535,NY.GDP.PCAP.CD,gdp_per_capita_usd,D2
XU,North America,2022,74535.6365392629,NY.GDP.PCAP.CD,gdp_per_capita_usd,D2
XU,North America,2021,68424.560031595,NY.GDP.PCAP.CD,gdp_per_capita_usd,D2
XU,North America,2020,61468.3372208474,NY.GDP.PCAP.CD,gdp_per_capita_usd,D2
OE,OECD members,2024,48322.164420487,NY.GDP.PCAP.CD,gdp_per_capita_usd,D2
OE,OECD members,2023,46580.4448807226,NY.GDP.PCAP.CD,gdp_per_capita_usd,D2
OE,OECD members,2022,43950.173710934,NY.GDP.PCAP.CD,gdp_per_capita_usd,D2
OE,OECD members,2021,43027.7494275705,NY.GDP.PCAP.CD,gdp_per_capita_usd,D2
OE,OECD members,2020,38597.246423496,NY.GDP.PCAP.CD,gdp_per_capita_usd,D2
S4,Other small states,2024,16094.1266173126,NY.GDP.PCAP.CD,gdp_per_capita_usd,D2
S4,Other small states,2023,15334.1046502228,NY.GDP.PCAP.CD,gdp_per_capita_usd,D2
S4,Other small states,2022,14320.7706776288,NY.GDP.PCAP.CD,gdp_per_capita_usd,D2
S4,Other small states,2021,13717.0894877353,NY.GDP.PCAP.CD,gdp_per_capita_usd,D2
S4,Other small states,2020,11770.4564127379,NY.GDP.PCAP.CD,gdp_per_capita_usd,D2
S2,Pacific island small states,2024,4453.58561280276,NY.GDP.PCAP.CD,gdp_per_capita_usd,D2
S2,Pacific island small states,2023,4173.79964748513,NY.GDP.PCAP.CD,gdp_per_capita_usd,D2
S2,Pacific island small states,2022,3896.81060847355,NY.GDP.PCAP.CD,gdp_per_capita_usd,D2
S2,Pacific island small states,2021,3600.81254375167,NY.GDP.PCAP.CD,gdp_per_capita_usd,D2
S2,Pacific island small states,2020,3592.04110507296,NY.GDP.PCAP.CD,gdp_per_capita_usd,D2
V4,Post-demographic dividend,2024,55644.314789934,NY.GDP.PCAP.CD,gdp_per_capita_usd,D2
V4,Post-demographic dividend,2023,53813.7418308678,NY.GDP.PCAP.CD,gdp_per_capita_usd,D2
V4,Post-demographic dividend,2022,50969.801641014,NY.GDP.PCAP.CD,gdp_per_capita_usd,D2
V4,Post-demographic dividend,2021,49855.2269396596,NY.GDP.PCAP.CD,gdp_per_capita_usd,D2
V4,Post-demographic dividend,2020,44743.7389324311,NY.GDP.PCAP.CD,gdp_per_capita_usd,D2
V1,Pre-demographic dividend,2024,1366.06577255622,NY.GDP.PCAP.CD,gdp_per_capita_usd,D2
V1,Pre-demographic dividend,2023,1558.34344693401,NY.GDP.PCAP.CD,gdp_per_capita_usd,D2
V1,Pre-demographic dividend,2022,1770.15579032781,NY.GDP.PCAP.CD,gdp_per_capita_usd,D2
V1,Pre-demographic dividend,2021,1594.14229813292,NY.GDP.PCAP.CD,gdp_per_capita_usd,D2
V1,Pre-demographic dividend,2020,1496.33767488397,NY.GDP.PCAP.CD,gdp_per_capita_usd,D2
S1,Small states,2024,15383.3425638674,NY.GDP.PCAP.CD,gdp_per_capita_usd,D2
S1,Small states,2023,14346.3202783396,NY.GDP.PCAP.CD,gdp_per_capita_usd,D2
S1,Small states,2022,13636.4661190787,NY.GDP.PCAP.CD,gdp_per_capita_usd,D2
S1,Small states,2021,12428.6087674544,NY.GDP.PCAP.CD,gdp_per_capita_usd,D2
S1,Small states,2020,10723.093901861,NY.GDP.PCAP.CD,gdp_per_capita_usd,D2
8S,South Asia,2024,2690.07883749003,NY.GDP.PCAP.CD,gdp_per_capita_usd,D2
8S,South Asia,2023,2532.38988993306,NY.GDP.PCAP.CD,gdp_per_capita_usd,D2
8S,South Asia,2022,2385.08341896271,NY.GDP.PCAP.CD,gdp_per_capita_usd,D2
8S,South Asia,2021,2273.72055798689,NY.GDP.PCAP.CD,gdp_per_capita_usd,D2
8S,South Asia,2020,1957.20343722686,NY.GDP.PCAP.CD,gdp_per_capita_usd,D2
T5,South Asia (IDA & IBRD),2024,2690.07883749003,NY.GDP.PCAP.CD,gdp_per_capita_usd,D2
T5,South Asia (IDA & IBRD),2023,2532.38988993306,NY.GDP.PCAP.CD,gdp_per_capita_usd,D2
T5,South Asia (IDA & IBRD),2022,2385.08341896271,NY.GDP.PCAP.CD,gdp_per_capita_usd,D2
T5,South Asia (IDA & IBRD),2021,2273.72055798689,NY.GDP.PCAP.CD,gdp_per_capita_usd,D2
T5,South Asia (IDA & IBRD),2020,1957.20343722686,NY.GDP.PCAP.CD,gdp_per_capita_usd,D2
ZG,Sub-Saharan Africa,2024,1532.92763550207,NY.GDP.PCAP.CD,gdp_per_capita_usd,D2
ZG,Sub-Saharan Africa,2023,1680.77966672218,NY.GDP.PCAP.CD,gdp_per_capita_usd,D2
ZG,Sub-Saharan Africa,2022,1865.11635260699,NY.GDP.PCAP.CD,gdp_per_capita_usd,D2
ZG,Sub-Saharan Africa,2021,1785.46664916614,NY.GDP.PCAP.CD,gdp_per_capita_usd,D2
ZG,Sub-Saharan Africa,2020,1627.34569596297,NY.GDP.PCAP.CD,gdp_per_capita_usd,D2
ZF,Sub-Saharan Africa (excluding high income),2024,1576.69166875191,NY.GDP.PCAP.CD,gdp_per_capita_usd,D2
ZF,Sub-Saharan Africa (excluding high income),2023,1750.13136836946,NY.GDP.PCAP.CD,gdp_per_capita_usd,D2
ZF,Sub-Saharan Africa (excluding high income),2022,1963.80330032374,NY.GDP.PCAP.CD,gdp_per_capita_usd,D2
ZF,Sub-Saharan Africa (excluding high income),2021,1885.48155965903,NY.GDP.PCAP.CD,gdp_per_capita_usd,D2
ZF,Sub-Saharan Africa (excluding high income),2020,1716.50863861427,NY.GDP.PCAP.CD,gdp_per_capita_usd,D2
T6,Sub-Saharan Africa (IDA & IBRD countries),2024,1532.92763550207,NY.GDP.PCAP.CD,gdp_per_capita_usd,D2
T6,Sub-Saharan Africa (IDA & IBRD countries),2023,1680.77966672218,NY.GDP.PCAP.CD,gdp_per_capita_usd,D2
T6,Sub-Saharan Africa (IDA & IBRD countries),2022,1865.11635260699,NY.GDP.PCAP.CD,gdp_per_capita_usd,D2
T6,Sub-Saharan Africa (IDA & IBRD countries),2021,1785.46664916614,NY.GDP.PCAP.CD,gdp_per_capita_usd,D2
T6,Sub-Saharan Africa (IDA & IBRD countries),2020,1627.34569596297,NY.GDP.PCAP.CD,gdp_per_capita_usd,D2
XT,Upper middle income,2024,10996.101696107,NY.GDP.PCAP.CD,gdp_per_capita_usd,D2
XT,Upper middle income,2023,10657.9686111279,NY.GDP.PCAP.CD,gdp_per_capita_usd,D2
XT,Upper middle income,2022,10324.5193124329,NY.GDP.PCAP.CD,gdp_per_capita_usd,D2
XT,Upper middle income,2021,9918.6994774671,NY.GDP.PCAP.CD,gdp_per_capita_usd,D2
XT,Upper middle income,2020,8346.18727671434,NY.GDP.PCAP.CD,gdp_per_capita_usd,D2
1W,World,2024,13631.2043097215,NY.GDP.PCAP.CD,gdp_per_capita_usd,D2
1W,World,2023,13236.7163960917,NY.GDP.PCAP.CD,gdp_per_capita_usd,D2
1W,World,2022,12798.1658465319,NY.GDP.PCAP.CD,gdp_per_capita_usd,D2
1W,World,2021,12390.6686716727,NY.GDP.PCAP.CD,gdp_per_capita_usd,D2
1W,World,2020,10937.6846205191,NY.GDP.PCAP.CD,gdp_per_capita_usd,D2
AF,Afghanistan,2023,413.757894705303,NY.GDP.PCAP.CD,gdp_per_capita_usd,D2
AF,Afghanistan,2022,357.261152798144,NY.GDP.PCAP.CD,gdp_per_capita_usd,D2
AF,Afghanistan,2021,356.496214115892,NY.GDP.PCAP.CD,gdp_per_capita_usd,D2
AF,Afghanistan,2020,510.787063366811,NY.GDP.PCAP.CD,gdp_per_capita_usd,D2
AL,Albania,2024,11377.7757431099,NY.GDP.PCAP.CD,gdp_per_capita_usd,D2
AL,Albania,2023,9730.86921906893,NY.GDP.PCAP.CD,gdp_per_capita_usd,D2
AL,Albania,2022,7756.96188744253,NY.GDP.PCAP.CD,gdp_per_capita_usd,D2
AL,Albania,2021,7242.45513146613,NY.GDP.PCAP.CD,gdp_per_capita_usd,D2
AL,Albania,2020,6027.91350716348,NY.GDP.PCAP.CD,gdp_per_capita_usd,D2
DZ,Algeria,2024,5752.99076651465,NY.GDP.PCAP.CD,gdp_per_capita_usd,D2
DZ,Algeria,2023,5370.477235078,NY.GDP.PCAP.CD,gdp_per_capita_usd,D2
DZ,Algeria,2022,4960.30334332888,NY.GDP.PCAP.CD,gdp_per_capita_usd,D2
DZ,Algeria,2021,4160.55926736925,NY.GDP.PCAP.CD,gdp_per_capita_usd,D2
DZ,Algeria,2020,3743.5419522929,NY.GDP.PCAP.CD,gdp_per_capita_usd,D2
AS,American Samoa,2022,18017.4589383973,NY.GDP.PCAP.CD,gdp_per_capita_usd,D2
AS,American Samoa,2021,15236.1604875571,NY.GDP.PCAP.CD,gdp_per_capita_usd,D2
AS,American Samoa,2020,14489.2586563775,NY.GDP.PCAP.CD,gdp_per_capita_usd,D2
AD,Andorra,2024,49303.6491674336,NY.GDP.PCAP.CD,gdp_per_capita_usd,D2
AD,Andorra,2023,46812.4261013102,NY.GDP.PCAP.CD,gdp_per_capita_usd,D2
AD,Andorra,2022,42414.0479861228,NY.GDP.PCAP.CD,gdp_per_capita_usd,D2
AD,Andorra,2021,42425.7066454357,NY.GDP.PCAP.CD,gdp_per_capita_usd,D2
AD,Andorra,2020,37361.1070081615,NY.GDP.PCAP.CD,gdp_per_capita_usd,D2
AO,Angola,2024,2665.87444776753,NY.GDP.PCAP.CD,gdp_per_capita_usd,D2
AO,Angola,2023,2916.13663284275,NY.GDP.PCAP.CD,gdp_per_capita_usd,D2
AO,Angola,2022,3682.1131513698,NY.GDP.PCAP.CD,gdp_per_capita_usd,D2
AO,Angola,2021,2303.90812662776,NY.GDP.PCAP.CD,gdp_per_capita_usd,D2
AO,Angola,2020,1759.35619918264,NY.GDP.PCAP.CD,gdp_per_capita_usd,D2
AG,Antigua and Barbuda,2024,23542.4526945578,NY.GDP.PCAP.CD,gdp_per_capita_usd,D2
AG,Antigua and Barbuda,2023,21494.5474000727,NY.GDP.PCAP.CD,gdp_per_capita_usd,D2
AG,Antigua and Barbuda,2022,20105.1989085164,NY.GDP.PCAP.CD,gdp_per_capita_usd,D2
AG,Antigua and Barbuda,2021,17348.6006987182,NY.GDP.PCAP.CD,gdp_per_capita_usd,D2
AG,Antigua and Barbuda,2020,15369.6082250401,NY.GDP.PCAP.CD,gdp_per_capita_usd,D2
AR,Argentina,2024,13969.7836603737,NY.GDP.PCAP.CD,gdp_per_capita_usd,D2
AR,Argentina,2023,14261.8465667948,NY.GDP.PCAP.CD,gdp_per_capita_usd,D2
AR,Argentina,2022,13962.1894087223,NY.GDP.PCAP.CD,gdp_per_capita_usd,D2
AR,Argentina,2021,10738.0179223384,NY.GDP.PCAP.CD,gdp_per_capita_usd,D2
AR,Argentina,2020,8535.59938004389,NY.GDP.PCAP.CD,gdp_per_capita_usd,D2
AM,Armenia,2024,8556.21406956719,NY.GDP.PCAP.CD,gdp_per_capita_usd,D2
AM,Armenia,2023,8159.08720967996,NY.GDP.PCAP.CD,gdp_per_capita_usd,D2
AM,Armenia,2022,6571.97445545099,NY.GDP.PCAP.CD,gdp_per_capita_usd,D2
AM,Armenia,2021,4685.17997128509,NY.GDP.PCAP.CD,gdp_per_capita_usd,D2
AM,Armenia,2020,4268.68093304583,NY.GDP.PCAP.CD,gdp_per_capita_usd,D2
AW,Aruba,2024,39498.5941293797,NY.GDP.PCAP.CD,gdp_per_capita_usd,D2
AW,Aruba,2023,35718.7531191634,NY.GDP.PCAP.CD,gdp_per_capita_usd,D2
AW,Aruba,2022,30975.9989121779,NY.GDP.PCAP.CD,gdp_per_capita_usd,D2
AW,Aruba,2021,26749.3296093118,NY.GDP.PCAP.CD,gdp_per_capita_usd,D2
AW,Aruba,2020,22759.8071750722,NY.GDP.PCAP.CD,gdp_per_capita_usd,D2
AU,Australia,2024,64603.9856308464,NY.GDP.PCAP.CD,gdp_per_capita_usd,D2
AU,Australia,2023,65058.3773146674,NY.GDP.PCAP.CD,gdp_per_capita_usd,D2
AU,Australia,2022,65169.5191118657,NY.GDP.PCAP.CD,gdp_per_capita_usd,D2
AU,Australia,2021,60758.9044397144,NY.GDP.PCAP.CD,gdp_per_capita_usd,D2
AU,Australia,2020,51983.4523666382,NY.GDP.PCAP.CD,gdp_per_capita_usd,D2
AT,Austria,2024,58268.8787651601,NY.GDP.PCAP.CD,gdp_per_capita_usd,D2
AT,Austria,2023,56579.504175468,NY.GDP.PCAP.CD,gdp_per_capita_usd,D2
AT,Austria,2022,52336.7725223758,NY.GDP.PCAP.CD,gdp_per_capita_usd,D2
AT,Austria,2021,53648.6437976214,NY.GDP.PCAP.CD,gdp_per_capita_usd,D2
AT,Austria,2020,48716.4098900349,NY.GDP.PCAP.CD,gdp_per_capita_usd,D2
AZ,Azerbaijan,2024,7283.8499076179,NY.GDP.PCAP.CD,gdp_per_capita_usd,D2
AZ,Azerbaijan,2023,7133.02838048328,NY.GDP.PCAP.CD,gdp_per_capita_usd,D2
AZ,Azerbaijan,2022,7770.594223351,NY.GDP.PCAP.CD,gdp_per_capita_usd,D2
AZ,Azerbaijan,2021,5408.04535175023,NY.GDP.PCAP.CD,gdp_per_capita_usd,D2
AZ,Azerbaijan,2020,4229.91064904503,NY.GDP.PCAP.CD,gdp_per_capita_usd,D2
BS,"Bahamas, The",2024,39455.4466548546,NY.GDP.PCAP.CD,gdp_per_capita_usd,D2
BS,"Bahamas, The",2023,38231.774484278,NY.GDP.PCAP.CD,gdp_per_capita_usd,D2
BS,"Bahamas, The",2022,34957.1613279737,NY.GDP.PCAP.CD,gdp_per_capita_usd,D2
BS,"Bahamas, The",2021,30367.8605757708,NY.GDP.PCAP.CD,gdp_per_capita_usd,D2
BS,"Bahamas, The",2020,26178.7537607708,NY.GDP.PCAP.CD,gdp_per_capita_usd,D2
BH,Bahrain,2024,29653.5682731534,NY.GDP.PCAP.CD,gdp_per_capita_usd,D2
BH,Bahrain,2023,29290.1284215098,NY.GDP.PCAP.CD,gdp_per_capita_usd,D2
BH,Bahrain,2022,30470.5219276023,NY.GDP.PCAP.CD,gdp_per_capita_usd,D2
BH,Bahrain,2021,27147.8083882286,NY.GDP.PCAP.CD,gdp_per_capita_usd,D2
BH,Bahrain,2020,24342.8444554718,NY.GDP.PCAP.CD,gdp_per_capita_usd,D2
BD,Bangladesh,2024,2593.41611680774,NY.GDP.PCAP.CD,gdp_per_capita_usd,D2
BD,Bangladesh,2023,2551.01773827307,NY.GDP.PCAP.CD,gdp_per_capita_usd,D2
BD,Bangladesh,2022,2716.48592780431,NY.GDP.PCAP.CD,gdp_per_capita_usd,D2
BD,Bangladesh,2021,2482.84917843357,NY.GDP.PCAP.CD,gdp_per_capita_usd,D2
BD,Bangladesh,2020,2248.85078828233,NY.GDP.PCAP.CD,gdp_per_capita_usd,D2
BB,Barbados,2024,26544.8707282621,NY.GDP.PCAP.CD,gdp_per_capita_usd,D2
BB,Barbados,2023,25583.878782727,NY.GDP.PCAP.CD,gdp_per_capita_usd,D2
BB,Barbados,2022,24387.0387293761,NY.GDP.PCAP.CD,gdp_per_capita_usd,D2
BB,Barbados,2021,21079.6145271791,NY.GDP.PCAP.CD,gdp_per_capita_usd,D2
BB,Barbados,2020,19194.4919736739,NY.GDP.PCAP.CD,gdp_per_capita_usd,D2
BY,Belarus,2024,8317.63399913792,NY.GDP.PCAP.CD,gdp_per_capita_usd,D2
BY,Belarus,2023,7896.75388295584,NY.GDP.PCAP.CD,gdp_per_capita_usd,D2
BY,Belarus,2022,7994.64806074889,NY.GDP.PCAP.CD,gdp_per_capita_usd,D2
BY,Belarus,2021,7489.71894713888,NY.GDP.PCAP.CD,gdp_per_capita_usd,D2
BY,Belarus,2020,6542.85579976768,NY.GDP.PCAP.CD,gdp_per_capita_usd,D2
BE,Belgium,2024,56614.5679499036,NY.GDP.PCAP.CD,gdp_per_capita_usd,D2
BE,Belgium,2023,55291.4754541329,NY.GDP.PCAP.CD,gdp_per_capita_usd,D2
BE,Belgium,2022,50605.7496677086,NY.GDP.PCAP.CD,gdp_per_capita_usd,D2
BE,Belgium,2021,51658.238294958,NY.GDP.PCAP.CD,gdp_per_capita_usd,D2
BE,Belgium,2020,45906.2875805246,NY.GDP.PCAP.CD,gdp_per_capita_usd,D2
BZ,Belize,2024,7681.24400583113,NY.GDP.PCAP.CD,gdp_per_capita_usd,D2
BZ,Belize,2023,7424.75821321022,NY.GDP.PCAP.CD,gdp_per_capita_usd,D2
BZ,Belize,2022,7068.21728043145,NY.GDP.PCAP.CD,gdp_per_capita_usd,D2
BZ,Belize,2021,6142.98930557031,NY.GDP.PCAP.CD,gdp_per_capita_usd,D2
BZ,Belize,2020,5238.54078175696,NY.GDP.PCAP.CD,gdp_per_capita_usd,D2
BJ,Benin,2024,1485.38018885134,NY.GDP.PCAP.CD,gdp_per_capita_usd,D2
BJ,Benin,2023,1394.17784721831,NY.GDP.PCAP.CD,gdp_per_capita_usd,D2
BJ,Benin,2022,1266.42711031904,NY.GDP.PCAP.CD,gdp_per_capita_usd,D2
BJ,Benin,2021,1318.65158075198,NY.GDP.PCAP.CD,gdp_per_capita_usd,D2
BJ,Benin,2020,1200.19426557789,NY.GDP.PCAP.CD,gdp_per_capita_usd,D2
BM,Bermuda,2024,142855.374713782,NY.GDP.PCAP.CD,gdp_per_capita_usd,D2
BM,Bermuda,2023,132604.439086216,NY.GDP.PCAP.CD,gdp_per_capita_usd,D2
BM,Bermuda,2022,121613.939983629,NY.GDP.PCAP.CD,gdp_per_capita_usd,D2
BM,Bermuda,2021,112765.08167306,NY.GDP.PCAP.CD,gdp_per_capita_usd,D2
BM,Bermuda,2020,106976.546239632,NY.GDP.PCAP.CD,gdp_per_capita_usd,D2
BT,Bhutan,2023,3831.32535494609,NY.GDP.PCAP.CD,gdp_per_capita_usd,D2
BT,Bhutan,2022,3711.32767981591,NY.GDP.PCAP.CD,gdp_per_capita_usd,D2
BT,Bhutan,2021,3570.61257980872,NY.GDP.PCAP.CD,gdp_per_capita_usd,D2
BT,Bhutan,2020,3191.66906999331,NY.GDP.PCAP.CD,gdp_per_capita_usd,D2
BO,Bolivia,2024,4421.16609889999,NY.GDP.PCAP.CD,gdp_per_capita_usd,D2
BO,Bolivia,2023,4274.70820547613,NY.GDP.PCAP.CD,gdp_per_capita_usd,D2
BO,Bolivia,2022,4219.46113742445,NY.GDP.PCAP.CD,gdp_per_capita_usd,D2
BO,Bolivia,2021,4010.76053686204,NY.GDP.PCAP.CD,gdp_per_capita_usd,D2
BO,Bolivia,2020,3580.96761778303,NY.GDP.PCAP.CD,gdp_per_capita_usd,D2
BA,Bosnia and Herzegovina,2024,9358.78768951134,NY.GDP.PCAP.CD,gdp_per_capita_usd,D2
BA,Bosnia and Herzegovina,2023,8663.02326458629,NY.GDP.PCAP.CD,gdp_per_capita_usd,D2
BA,Bosnia and Herzegovina,2022,7655.59421024383,NY.GDP.PCAP.CD,gdp_per_capita_usd,D2
BA,Bosnia and Herzegovina,2021,7295.34378682258,NY.GDP.PCAP.CD,gdp_per_capita_usd,D2
BA,Bosnia and Herzegovina,2020,6130.31187968266,NY.GDP.PCAP.CD,gdp_per_capita_usd,D2
BW,Botswana,2024,7695.75319445165,NY.GDP.PCAP.CD,gdp_per_capita_usd,D2
BW,Botswana,2023,7826.35376483298,NY.GDP.PCAP.CD,gdp_per_capita_usd,D2
BW,Botswana,2022,8328.7090572666,NY.GDP.PCAP.CD,gdp_per_capita_usd,D2
BW,Botswana,2021,7807.88794570471,NY.GDP.PCAP.CD,gdp_per_capita_usd,D2
BW,Botswana,2020,6323.2974967659,NY.GDP.PCAP.CD,gdp_per_capita_usd,D2
BR,Brazil,2024,10310.5488778166,NY.GDP.PCAP.CD,gdp_per_capita_usd,D2
BR,Brazil,2023,10377.5897719195,NY.GDP.PCAP.CD,gdp_per_capita_usd,D2
BR,Brazil,2022,9281.33282136864,NY.GDP.PCAP.CD,gdp_per_capita_usd,D2
BR,Brazil,2021,7972.53696080695,NY.GDP.PCAP.CD,gdp_per_capita_usd,D2
BR,Brazil,2020,7074.19407495707,NY.GDP.PCAP.CD,gdp_per_capita_usd,D2
BN,Brunei Darussalam,2024,33153.4738913513,NY.GDP.PCAP.CD,gdp_per_capita_usd,D2
BN,Brunei Darussalam,2023,32890.5491812019,NY.GDP.PCAP.CD,gdp_per_capita_usd,D2
BN,Brunei Darussalam,2022,36632.9280952155,NY.GDP.PCAP.CD,gdp_per_capita_usd,D2
BN,Brunei Darussalam,2021,31006.9636289785,NY.GDP.PCAP.CD,gdp_per_capita_usd,D2
BN,Brunei Darussalam,2020,26834.3592233943,NY.GDP.PCAP.CD,gdp_per_capita_usd,D2
BG,Bulgaria,2024,17596.0173663521,NY.GDP.PCAP.CD,gdp_per_capita_usd,D2
BG,Bulgaria,2023,15853.208636704,NY.GDP.PCAP.CD,gdp_per_capita_usd,D2
BG,Bulgaria,2022,13999.1949530956,NY.GDP.PCAP.CD,gdp_per_capita_usd,D2
BG,Bulgaria,2021,12966.1457543396,NY.GDP.PCAP.CD,gdp_per_capita_usd,D2
BG,Bulgaria,2020,10760.211975413,NY.GDP.PCAP.CD,gdp_per_capita_usd,D2
BF,Burkina Faso,2024,981.992649769081,NY.GDP.PCAP.CD,gdp_per_capita_usd,D2
BF,Burkina Faso,2023,873.482589651003,NY.GDP.PCAP.CD,gdp_per_capita_usd,D2
BF,Burkina Faso,2022,827.330843486661,NY.GDP.PCAP.CD,gdp_per_capita_usd,D2
BF,Burkina Faso,2021,895.535288442991,NY.GDP.PCAP.CD,gdp_per_capita_usd,D2
BF,Burkina Faso,2020,825.237038782475,NY.GDP.PCAP.CD,gdp_per_capita_usd,D2
BI,Burundi,2024,219.424830882698,NY.GDP.PCAP.CD,gdp_per_capita_usd,D2
BI,Burundi,2023,250.627253097255,NY.GDP.PCAP.CD,gdp_per_capita_usd,D2
BI,Burundi,2022,302.992505263552,NY.GDP.PCAP.CD,gdp_per_capita_usd,D2
BI,Burundi,2021,264.980379269655,NY.GDP.PCAP.CD,gdp_per_capita_usd,D2
BI,Burundi,2020,255.8324539389,NY.GDP.PCAP.CD,gdp_per_capita_usd,D2
CV,Cabo Verde,2024,5192.48157325878,NY.GDP.PCAP.CD,gdp_per_capita_usd,D2
CV,Cabo Verde,2023,4794.90121917259,NY.GDP.PCAP.CD,gdp_per_capita_usd,D2
CV,Cabo Verde,2022,4323.31362032709,NY.GDP.PCAP.CD,gdp_per_capita_usd,D2
CV,Cabo Verde,2021,3971.44409203423,NY.GDP.PCAP.CD,gdp_per_capita_usd,D2
CV,Cabo Verde,2020,3539.22661248299,NY.GDP.PCAP.CD,gdp_per_capita_usd,D2
KH,Cambodia,2024,2627.87969756224,NY.GDP.PCAP.CD,gdp_per_capita_usd,D2
KH,Cambodia,2023,2429.74853452838,NY.GDP.PCAP.CD,gdp_per_capita_usd,D2
KH,Cambodia,2022,2325.03050040841,NY.GDP.PCAP.CD,gdp_per_capita_usd,D2
KH,Cambodia,2021,2167.40324198499,NY.GDP.PCAP.CD,gdp_per_capita_usd,D2
KH,Cambodia,2020,2081.73914242939,NY.GDP.PCAP.CD,gdp_per_capita_usd,D2
CM,Cameroon,2024,1830.00833684727,NY.GDP.PCAP.CD,gdp_per_capita_usd,D2
CM,Cameroon,2023,1720.47510154506,NY.GDP.PCAP.CD,gdp_per_capita_usd,D2
CM,Cameroon,2022,1604.87726954895,NY.GDP.PCAP.CD,gdp_per_capita_usd,D2
CM,Cameroon,2021,1672.32657340872,NY.GDP.PCAP.CD,gdp_per_capita_usd,D2
CM,Cameroon,2020,1555.60370660749,NY.GDP.PCAP.CD,gdp_per_capita_usd,D2
CA,Canada,2024,54340.3477224733,NY.GDP.PCAP.CD,gdp_per_capita_usd,D2
CA,Canada,2023,54220.3285039875,NY.GDP.PCAP.CD,gdp_per_capita_usd,D2
CA,Canada,2022,56256.8007264015,NY.GDP.PCAP.CD,gdp_per_capita_usd,D2
CA,Canada,2021,52886.6616372703,NY.GDP.PCAP.CD,gdp_per_capita_usd,D2
CA,Canada,2020,43537.839298904,NY.GDP.PCAP.CD,gdp_per_capita_usd,D2
KY,Cayman Islands,2023,99143.5180243123,NY.GDP.PCAP.CD,gdp_per_capita_usd,D2
KY,Cayman Islands,2022,93030.7051447803,NY.GDP.PCAP.CD,gdp_per_capita_usd,D2
KY,Cayman Islands,2021,86449.6749037302,NY.GDP.PCAP.CD,gdp_per_capita_usd,D2
KY,Cayman Islands,2020,82338.7977439023,NY.GDP.PCAP.CD,gdp_per_capita_usd,D2
CF,Central African Republic,2024,516.160999996036,NY.GDP.PCAP.CD,gdp_per_capita_usd,D2
CF,Central African Republic,2023,495.978897288721,NY.GDP.PCAP.CD,gdp_per_capita_usd,D2
CF,Central African Republic,2022,467.359825026238,NY.GDP.PCAP.CD,gdp_per_capita_usd,D2
CF,Central African Republic,2021,492.263142830507,NY.GDP.PCAP.CD,gdp_per_capita_usd,D2
CF,Central African Republic,2020,462.879071294011,NY.GDP.PCAP.CD,gdp_per_capita_usd,D2
TD,Chad,2024,961.55975562506,NY.GDP.PCAP.CD,gdp_per_capita_usd,D2
TD,Chad,2023,949.333453674592,NY.GDP.PCAP.CD,gdp_per_capita_usd,D2
TD,Chad,2022,966.036468278568,NY.GDP.PCAP.CD,gdp_per_capita_usd,D2
TD,Chad,2021,946.358500208374,NY.GDP.PCAP.CD,gdp_per_capita_usd,D2
TD,Chad,2020,866.947814890409,NY.GDP.PCAP.CD,gdp_per_capita_usd,D2
JG,Channel Islands,2023,74585.5224096294,NY.GDP.PCAP.CD,gdp_per_capita_usd,D2
JG,Channel Islands,2022,67627.1417347907,NY.GDP.PCAP.CD,gdp_per_capita_usd,D2
JG,Channel Islands,2021,66915.3963925722,NY.GDP.PCAP.CD,gdp_per_capita_usd,D2
JG,Channel Islands,2020,56785.9402005039,NY.GDP.PCAP.CD,gdp_per_capita_usd,D2
CL,Chile,2024,16709.8893972307,NY.GDP.PCAP.CD,gdp_per_capita_usd,D2
CL,Chile,2023,17067.0364799154,NY.GDP.PCAP.CD,gdp_per_capita_usd,D2
CL,Chile,2022,15405.6165774073,NY.GDP.PCAP.CD,gdp_per_capita_usd,D2
CL,Chile,2021,16206.8325493421,NY.GDP.PCAP.CD,gdp_per_capita_usd,D2
CL,Chile,2020,13114.815470545,NY.GDP.PCAP.CD,gdp_per_capita_usd,D2
CN,China,2024,13303.1481543868,NY.GDP.PCAP.CD,gdp_per_capita_usd,D2
CN,China,2023,12951.1782397043,NY.GDP.PCAP.CD,gdp_per_capita_usd,D2
CN,China,2022,12970.6056414327,NY.GDP.PCAP.CD,gdp_per_capita_usd,D2
CN,China,2021,12887.4357242941,NY.GDP.PCAP.CD,gdp_per_capita_usd,D2
CN,China,2020,10627.4637989619,NY.GDP.PCAP.CD,gdp_per_capita_usd,D2
CO,Colombia,2024,7919.20886825345,NY.GDP.PCAP.CD,gdp_per_capita_usd,D2
CO,Colombia,2023,7000.83660501046,NY.GDP.PCAP.CD,gdp_per_capita_usd,D2
CO,Colombia,2022,6680.44506854481,NY.GDP.PCAP.CD,gdp_per_capita_usd,D2
CO,Colombia,2021,6222.62164397614,NY.GDP.PCAP.CD,gdp_per_capita_usd,D2
CO,Colombia,2020,5339.68711357943,NY.GDP.PCAP.CD,gdp_per_capita_usd,D2
KM,Comoros,2024,1662.75663312504,NY.GDP.PCAP.CD,gdp_per_capita_usd,D2
KM,Comoros,2023,1560.27378476855,NY.GDP.PCAP.CD,gdp_per_capita_usd,D2
KM,Comoros,2022,1465.479642862,NY.GDP.PCAP.CD,gdp_per_capita_usd,D2
KM,Comoros,2021,1554.97289190153,NY.GDP.PCAP.CD,gdp_per_capita_usd,D2
KM,Comoros,2020,1519.34665556206,NY.GDP.PCAP.CD,gdp_per_capita_usd,D2
CD,"Congo, Dem. Rep.",2024,649.383338556725,NY.GDP.PCAP.CD,gdp_per_capita_usd,D2
CD,"Congo, Dem. Rep.",2023,660.21205238997,NY.GDP.PCAP.CD,gdp_per_capita_usd,D2
CD,"Congo, Dem. Rep.",2022,687.738587554685,NY.GDP.PCAP.CD,gdp_per_capita_usd,D2
CD,"Congo, Dem. Rep.",2021,595.743074403567,NY.GDP.PCAP.CD,gdp_per_capita_usd,D2
CD,"Congo, Dem. Rep.",2020,486.425572682256,NY.GDP.PCAP.CD,gdp_per_capita_usd,D2
CG,"Congo, Rep.",2024,2482.2489948456,NY.GDP.PCAP.CD,gdp_per_capita_usd,D2
CG,"Congo, Rep.",2023,2477.97845544866,NY.GDP.PCAP.CD,gdp_per_capita_usd,D2
CG,"Congo, Rep.",2022,2620.83804267402,NY.GDP.PCAP.CD,gdp_per_capita_usd,D2
CG,"Congo, Rep.",2021,2516.16255145432,NY.GDP.PCAP.CD,gdp_per_capita_usd,D2
CG,"Congo, Rep.",2020,1993.586671931,NY.GDP.PCAP.CD,gdp_per_capita_usd,D2
CR,Costa Rica,2024,18587.1532203482,NY.GDP.PCAP.CD,gdp_per_capita_usd,D2
CR,Costa Rica,2023,16942.0268119375,NY.GDP.PCAP.CD,gdp_per_capita_usd,D2
CR,Costa Rica,2022,13625.9008491328,NY.GDP.PCAP.CD,gdp_per_capita_usd,D2
CR,Costa Rica,2021,12838.1185358931,NY.GDP.PCAP.CD,gdp_per_capita_usd,D2
CR,Costa Rica,2020,12394.0493969492,NY.GDP.PCAP.CD,gdp_per_capita_usd,D2
CI,Cote d'Ivoire,2024,2727.8935220697,NY.GDP.PCAP.CD,gdp_per_capita_usd,D2
CI,Cote d'Ivoire,2023,2591.9659048119,NY.GDP.PCAP.CD,gdp_per_capita_usd,D2
CI,Cote d'Ivoire,2022,2333.37128301259,NY.GDP.PCAP.CD,gdp_per_capita_usd,D2
CI,Cote d'Ivoire,2021,2455.98127641148,NY.GDP.PCAP.CD,gdp_per_capita_usd,D2
CI,Cote d'Ivoire,2020,2179.72934832935,NY.GDP.PCAP.CD,gdp_per_capita_usd,D2
HR,Croatia,2024,24050.4397933135,NY.GDP.PCAP.CD,gdp_per_capita_usd,D2
HR,Croatia,2023,22184.2279304842,NY.GDP.PCAP.CD,gdp_per_capita_usd,D2
HR,Croatia,2022,18465.5414420364,NY.GDP.PCAP.CD,gdp_per_capita_usd,D2
HR,Croatia,2021,17788.7865816658,NY.GDP.PCAP.CD,gdp_per_capita_usd,D2
HR,Croatia,2020,14807.5608543265,NY.GDP.PCAP.CD,gdp_per_capita_usd,D2
CU,Cuba,2020,9605.27914559614,NY.GDP.PCAP.CD,gdp_per_capita_usd,D2
CW,Curacao,2024,22832.8953958667,NY.GDP.PCAP.CD,gdp_per_capita_usd,D2
CW,Curacao,2023,21217.8110321785,NY.GDP.PCAP.CD,gdp_per_capita_usd,D2
CW,Curacao,2022,20057.1404747175,NY.GDP.PCAP.CD,gdp_per_capita_usd,D2
CW,Curacao,2021,17795.5826616182,NY.GDP.PCAP.CD,gdp_per_capita_usd,D2
CW,Curacao,2020,16299.8134349902,NY.GDP.PCAP.CD,gdp_per_capita_usd,D2
CY,Cyprus,2024,38674.29296875,NY.GDP.PCAP.CD,gdp_per_capita_usd,D2
CY,Cyprus,2023,36623.69140625,NY.GDP.PCAP.CD,gdp_per_capita_usd,D2
CY,Cyprus,2022,33231.04296875,NY.GDP.PCAP.CD,gdp_per_capita_usd,D2
CY,Cyprus,2021,32937.83984375,NY.GDP.PCAP.CD,gdp_per_capita_usd,D2
CY,Cyprus,2020,28130.341796875,NY.GDP.PCAP.CD,gdp_per_capita_usd,D2
CZ,Czechia,2024,31823.3078290564,NY.GDP.PCAP.CD,gdp_per_capita_usd,D2
CZ,Czechia,2023,31761.5944102491,NY.GDP.PCAP.CD,gdp_per_capita_usd,D2
CZ,Czechia,2022,28282.2236715857,NY.GDP.PCAP.CD,gdp_per_capita_usd,D2
CZ,Czechia,2021,27696.4619527544,NY.GDP.PCAP.CD,gdp_per_capita_usd,D2
CZ,Czechia,2020,23472.8915454417,NY.GDP.PCAP.CD,gdp_per_capita_usd,D2
DK,Denmark,2024,71026.4832271897,NY.GDP.PCAP.CD,gdp_per_capita_usd,D2
DK,Denmark,2023,68043.5466971243,NY.GDP.PCAP.CD,gdp_per_capita_usd,D2
DK,Denmark,2022,67781.0940939514,NY.GDP.PCAP.CD,gdp_per_capita_usd,D2
DK,Denmark,2021,69340.7334922138,NY.GDP.PCAP.CD,gdp_per_capita_usd,D2
DK,Denmark,2020,60985.4885601514,NY.GDP.PCAP.CD,gdp_per_capita_usd,D2
DJ,Djibouti,2024,3552.72335079222,NY.GDP.PCAP.CD,gdp_per_capita_usd,D2
DJ,Djibouti,2023,3381.29779710722,NY.GDP.PCAP.CD,gdp_per_capita_usd,D2
DJ,Djibouti,2022,3133.25779772463,NY.GDP.PCAP.CD,gdp_per_capita_usd,D2
DJ,Djibouti,2021,3025.91126413549,NY.GDP.PCAP.CD,gdp_per_capita_usd,D2
DJ,Djibouti,2020,2844.88810647853,NY.GDP.PCAP.CD,gdp_per_capita_usd,D2
DM,Dominica,2024,10405.2787777582,NY.GDP.PCAP.CD,gdp_per_capita_usd,D2
DM,Dominica,2023,9912.96212766668,NY.GDP.PCAP.CD,gdp_per_capita_usd,D2
DM,Dominica,2022,9323.66089490562,NY.GDP.PCAP.CD,gdp_per_capita_usd,D2
DM,Dominica,2021,8376.40414141113,NY.GDP.PCAP.CD,gdp_per_capita_usd,D2
DM,Dominica,2020,7827.74842680426,NY.GDP.PCAP.CD,gdp_per_capita_usd,D2
DO,Dominican Republic,2024,10875.6618443092,NY.GDP.PCAP.CD,gdp_per_capita_usd,D2
DO,Dominican Republic,2023,10630.431743829,NY.GDP.PCAP.CD,gdp_per_capita_usd,D2
DO,Dominican Republic,2022,10104.2449349081,NY.GDP.PCAP.CD,gdp_per_capita_usd,D2
DO,Dominican Republic,2021,8527.0754858205,NY.GDP.PCAP.CD,gdp_per_capita_usd,D2
DO,Dominican Republic,2020,7135.22273255899,NY.GDP.PCAP.CD,gdp_per_capita_usd,D2
EC,Ecuador,2024,6874.705739766,NY.GDP.PCAP.CD,gdp_per_capita_usd,D2
EC,Ecuador,2023,6737.84748379638,NY.GDP.PCAP.CD,gdp_per_capita_usd,D2
EC,Ecuador,2022,6515.58528418336,NY.GDP.PCAP.CD,gdp_per_capita_usd,D2
EC,Ecuador,2021,6061.32350181711,NY.GDP.PCAP.CD,gdp_per_capita_usd,D2
EC,Ecuador,2020,5463.64515348598,NY.GDP.PCAP.CD,gdp_per_capita_usd,D2
EG,"Egypt, Arab Rep.",2024,3338.47371395895,NY.GDP.PCAP.CD,gdp_per_capita_usd,D2
EG,"Egypt, Arab Rep.",2023,3456.78968456253,NY.GDP.PCAP.CD,gdp_per_capita_usd,D2
EG,"Egypt, Arab Rep.",2022,4233.30783744856,NY.GDP.PCAP.CD,gdp_per_capita_usd,D2
EG,"Egypt, Arab Rep.",2021,3827.35415374308,NY.GDP.PCAP.CD,gdp_per_capita_usd,D2
EG,"Egypt, Arab Rep.",2020,3511.11381026379,NY.GDP.PCAP.CD,gdp_per_capita_usd,D2
SV,El Salvador,2024,5579.65969165029,NY.GDP.PCAP.CD,gdp_per_capita_usd,D2
SV,El Salvador,2023,5365.44491399171,NY.GDP.PCAP.CD,gdp_per_capita_usd,D2
SV,El Salvador,2022,5074.60210221806,NY.GDP.PCAP.CD,gdp_per_capita_usd,D2
SV,El Salvador,2021,4642.60743101342,NY.GDP.PCAP.CD,gdp_per_capita_usd,D2
SV,El Salvador,2020,3997.19279583709,NY.GDP.PCAP.CD,gdp_per_capita_usd,D2
GQ,Equatorial Guinea,2024,6745.40013244916,NY.GDP.PCAP.CD,gdp_per_capita_usd,D2
GQ,Equatorial Guinea,2023,6677.793435386,NY.GDP.PCAP.CD,gdp_per_capita_usd,D2
GQ,Equatorial Guinea,2022,7589.29964909381,NY.GDP.PCAP.CD,gdp_per_capita_usd,D2
GQ,Equatorial Guinea,2021,6945.63069794539,NY.GDP.PCAP.CD,gdp_per_capita_usd,D2
GQ,Equatorial Guinea,2020,5764.05502912947,NY.GDP.PCAP.CD,gdp_per_capita_usd,D2
EE,Estonia,2024,31428.3547816104,NY.GDP.PCAP.CD,gdp_per_capita_usd,D2
EE,Estonia,2023,30264.0064885057,NY.GDP.PCAP.CD,gdp_per_capita_usd,D2
EE,Estonia,2022,28340.3826549406,NY.GDP.PCAP.CD,gdp_per_capita_usd,D2
EE,Estonia,2021,27951.1659277744,NY.GDP.PCAP.CD,gdp_per_capita_usd,D2
EE,Estonia,2020,23933.9939421065,NY.GDP.PCAP.CD,gdp_per_capita_usd,D2
SZ,Eswatini,2024,3909.55892378182,NY.GDP.PCAP.CD,gdp_per_capita_usd,D2
SZ,Eswatini,2023,3755.52111232464,NY.GDP.PCAP.CD,gdp_per_capita_usd,D2
SZ,Eswatini,2022,3894.1620089869,NY.GDP.PCAP.CD,gdp_per_capita_usd,D2
SZ,Eswatini,2021,3984.00229174306,NY.GDP.PCAP.CD,gdp_per_capita_usd,D2
SZ,Eswatini,2020,3466.56936278145,NY.GDP.PCAP.CD,gdp_per_capita_usd,D2
ET,Ethiopia,2024,1133.88279681719,NY.GDP.PCAP.CD,gdp_per_capita_usd,D2
ET,Ethiopia,2023,1055.81091592527,NY.GDP.PCAP.CD,gdp_per_capita_usd,D2
ET,Ethiopia,2022,982.103161506992,NY.GDP.PCAP.CD,gdp_per_capita_usd,D2
ET,Ethiopia,2021,893.00983544905,NY.GDP.PCAP.CD,gdp_per_capita_usd,D2
ET,Ethiopia,2020,829.790982547947,NY.GDP.PCAP.CD,gdp_per_capita_usd,D2
FO,Faroe Islands,2024,74119.6607553879,NY.GDP.PCAP.CD,gdp_per_capita_usd,D2
FO,Faroe Islands,2023,72465.3769660215,NY.GDP.PCAP.CD,gdp_per_capita_usd,D2
FO,Faroe Islands,2022,67058.2022648126,NY.GDP.PCAP.CD,gdp_per_capita_usd,D2
FO,Faroe Islands,2021,69415.1853254579,NY.GDP.PCAP.CD,gdp_per_capita_usd,D2
FO,Faroe Islands,2020,62243.1905561324,NY.GDP.PCAP.CD,gdp_per_capita_usd,D2
FJ,Fiji,2024,6425.74151715712,NY.GDP.PCAP.CD,gdp_per_capita_usd,D2
FJ,Fiji,2023,5926.20586394763,NY.GDP.PCAP.CD,gdp_per_capita_usd,D2
FJ,Fiji,2022,5414.12092119088,NY.GDP.PCAP.CD,gdp_per_capita_usd,D2
FJ,Fiji,2021,4536.73312110335,NY.GDP.PCAP.CD,gdp_per_capita_usd,D2
FJ,Fiji,2020,4620.6457238014,NY.GDP.PCAP.CD,gdp_per_capita_usd,D2
FI,Finland,2024,53149.7671934051,NY.GDP.PCAP.CD,gdp_per_capita_usd,D2
FI,Finland,2023,52834.2916752703,NY.GDP.PCAP.CD,gdp_per_capita_usd,D2
FI,Finland,2022,50440.560224974,NY.GDP.PCAP.CD,gdp_per_capita_usd,D2
FI,Finland,2021,53099.1351400148,NY.GDP.PCAP.CD,gdp_per_capita_usd,D2
FI,Finland,2020,48828.6846862799,NY.GDP.PCAP.CD,gdp_per_capita_usd,D2
FR,France,2024,46103.0840855884,NY.GDP.PCAP.CD,gdp_per_capita_usd,D2
FR,France,2023,44700.1384177544,NY.GDP.PCAP.CD,gdp_per_capita_usd,D2
FR,France,2022,40988.6396406579,NY.GDP.PCAP.CD,gdp_per_capita_usd,D2
FR,France,2021,43725.0999521245,NY.GDP.PCAP.CD,gdp_per_capita_usd,D2
FR,France,2020,39169.8606000707,NY.GDP.PCAP.CD,gdp_per_capita_usd,D2
PF,French Polynesia,2024,22439.8838746025,NY.GDP.PCAP.CD,gdp_per_capita_usd,D2
PF,French Polynesia,2023,21832.2831795569,NY.GDP.PCAP.CD,gdp_per_capita_usd,D2
PF,French Polynesia,2022,20053.9569369322,NY.GDP.PCAP.CD,gdp_per_capita_usd,D2
PF,French Polynesia,2021,21426.3854449835,NY.GDP.PCAP.CD,gdp_per_capita_usd,D2
PF,French Polynesia,2020,19966.4838503859,NY.GDP.PCAP.CD,gdp_per_capita_usd,D2
GA,Gabon,2024,8230.04311451151,NY.GDP.PCAP.CD,gdp_per_capita_usd,D2
GA,Gabon,2023,7802.82433276138,NY.GDP.PCAP.CD,gdp_per_capita_usd,D2
GA,Gabon,2022,8409.2074145028,NY.GDP.PCAP.CD,gdp_per_capita_usd,D2
GA,Gabon,2021,8181.40914134656,NY.GDP.PCAP.CD,gdp_per_capita_usd,D2
GA,Gabon,2020,6605.80346077565,NY.GDP.PCAP.CD,gdp_per_capita_usd,D2
GM,"Gambia, The",2024,871.340291776294,NY.GDP.PCAP.CD,gdp_per_capita_usd,D2
GM,"Gambia, The",2023,883.024111719809,NY.GDP.PCAP.CD,gdp_per_capita_usd,D2
GM,"Gambia, The",2022,836.244875868476,NY.GDP.PCAP.CD,gdp_per_capita_usd,D2
GM,"Gambia, The",2021,781.890925169531,NY.GDP.PCAP.CD,gdp_per_capita_usd,D2
GM,"Gambia, The",2020,720.335143352133,NY.GDP.PCAP.CD,gdp_per_capita_usd,D2
GE,Georgia,2024,9241.49122313713,NY.GDP.PCAP.CD,gdp_per_capita_usd,D2
GE,Georgia,2023,8283.66960652261,NY.GDP.PCAP.CD,gdp_per_capita_usd,D2
GE,Georgia,2022,6729.84659930283,NY.GDP.PCAP.CD,gdp_per_capita_usd,D2
GE,Georgia,2021,5083.60695484577,NY.GDP.PCAP.CD,gdp_per_capita_usd,D2
GE,Georgia,2020,4300.85701291207,NY.GDP.PCAP.CD,gdp_per_capita_usd,D2
DE,Germany,2024,56103.7323182554,NY.GDP.PCAP.CD,gdp_per_capita_usd,D2
DE,Germany,2023,54776.7668235491,NY.GDP.PCAP.CD,gdp_per_capita_usd,D2
DE,Germany,2022,50506.5179638543,NY.GDP.PCAP.CD,gdp_per_capita_usd,D2
DE,Germany,2021,52349.2459994422,NY.GDP.PCAP.CD,gdp_per_capita_usd,D2
DE,Germany,2020,47394.8734504469,NY.GDP.PCAP.CD,gdp_per_capita_usd,D2
GH,Ghana,2024,2390.77237652715,NY.GDP.PCAP.CD,gdp_per_capita_usd,D2
GH,Ghana,2023,2383.90410483418,NY.GDP.PCAP.CD,gdp_per_capita_usd,D2
GH,Ghana,2022,2229.89122647803,NY.GDP.PCAP.CD,gdp_per_capita_usd,D2
GH,Ghana,2021,2445.18662529344,NY.GDP.PCAP.CD,gdp_per_capita_usd,D2
GH,Ghana,2020,2195.45481659987,NY.GDP.PCAP.CD,gdp_per_capita_usd,D2
GR,Greece,2024,24626.1481858973,NY.GDP.PCAP.CD,gdp_per_capita_usd,D2
GR,Greece,2023,23343.7103964562,NY.GDP.PCAP.CD,gdp_per_capita_usd,D2
GR,Greece,2022,20886.5243087629,NY.GDP.PCAP.CD,gdp_per_capita_usd,D2
GR,Greece,2021,20654.7001960815,NY.GDP.PCAP.CD,gdp_per_capita_usd,D2
GR,Greece,2020,17886.733165236,NY.GDP.PCAP.CD,gdp_per_capita_usd,D2
GL,Greenland,2023,58498.9707973609,NY.GDP.PCAP.CD,gdp_per_capita_usd,D2
GL,Greenland,2022,55635.0006491223,NY.GDP.PCAP.CD,gdp_per_capita_usd,D2
GL,Greenland,2021,58135.9939910203,NY.GDP.PCAP.CD,gdp_per_capita_usd,D2
GL,Greenland,2020,54812.6661771023,NY.GDP.PCAP.CD,gdp_per_capita_usd,D2
GD,Grenada,2024,11705.0902976658,NY.GDP.PCAP.CD,gdp_per_capita_usd,D2
GD,Grenada,2023,11414.4781691181,NY.GDP.PCAP.CD,gdp_per_capita_usd,D2
GD,Grenada,2022,10469.3867012856,NY.GDP.PCAP.CD,gdp_per_capita_usd,D2
GD,Grenada,2021,9617.28902905373,NY.GDP.PCAP.CD,gdp_per_capita_usd,D2
GD,Grenada,2020,8968.55890108484,NY.GDP.PCAP.CD,gdp_per_capita_usd,D2
GU,Guam,2022,41833.1517132825,NY.GDP.PCAP.CD,gdp_per_capita_usd,D2
GU,Guam,2021,38074.8793745801,NY.GDP.PCAP.CD,gdp_per_capita_usd,D2
GU,Guam,2020,36482.9363953675,NY.GDP.PCAP.CD,gdp_per_capita_usd,D2
GT,Guatemala,2024,6150.02571438505,NY.GDP.PCAP.CD,gdp_per_capita_usd,D2
GT,Guatemala,2023,5758.32760847852,NY.GDP.PCAP.CD,gdp_per_capita_usd,D2
GT,Guatemala,2022,5358.70156997677,NY.GDP.PCAP.CD,gdp_per_capita_usd,D2
GT,Guatemala,2021,4912.62240414681,NY.GDP.PCAP.CD,gdp_per_capita_usd,D2
GT,Guatemala,2020,4477.61785000665,NY.GDP.PCAP.CD,gdp_per_capita_usd,D2
GN,Guinea,2024,1694.95375862193,NY.GDP.PCAP.CD,gdp_per_capita_usd,D2
GN,Guinea,2023,1555.49375806861,NY.GDP.PCAP.CD,gdp_per_capita_usd,D2
GN,Guinea,2022,1416.59612011764,NY.GDP.PCAP.CD,gdp_per_capita_usd,D2
GN,Guinea,2021,1244.96550477914,NY.GDP.PCAP.CD,gdp_per_capita_usd,D2
GN,Guinea,2020,1053.66097696415,NY.GDP.PCAP.CD,gdp_per_capita_usd,D2
GW,Guinea-Bissau,2024,1007.74151728028,NY.GDP.PCAP.CD,gdp_per_capita_usd,D2
GW,Guinea-Bissau,2023,988.087886357022,NY.GDP.PCAP.CD,gdp_per_capita_usd,D2
GW,Guinea-Bissau,2022,883.199131457831,NY.GDP.PCAP.CD,gdp_per_capita_usd,D2
GW,Guinea-Bissau,2021,926.780921081233,NY.GDP.PCAP.CD,gdp_per_capita_usd,D2
GW,Guinea-Bissau,2020,846.915855715971,NY.GDP.PCAP.CD,gdp_per_capita_usd,D2
GY,Guyana,2024,29675.2443873316,NY.GDP.PCAP.CD,gdp_per_capita_usd,D2
GY,Guyana,2023,20473.7002190617,NY.GDP.PCAP.CD,gdp_per_capita_usd,D2
GY,Guyana,2022,17913.4928066879,NY.GDP.PCAP.CD,gdp_per_capita_usd,D2
GY,Guyana,2021,9860.87014834386,NY.GDP.PCAP.CD,gdp_per_capita_usd,D2
GY,Guyana,2020,6775.70939096303,NY.GDP.PCAP.CD,gdp_per_capita_usd,D2
HT,Haiti,2024,2142.62330526788,NY.GDP.PCAP.CD,gdp_per_capita_usd,D2
HT,Haiti,2023,1705.75808460999,NY.GDP.PCAP.CD,gdp_per_capita_usd,D2
HT,Haiti,2022,1760.62635668777,NY.GDP.PCAP.CD,gdp_per_capita_usd,D2
HT,Haiti,2021,1841.33189337222,NY.GDP.PCAP.CD,gdp_per_capita_usd,D2
HT,Haiti,2020,1290.32538667383,NY.GDP.PCAP.CD,gdp_per_capita_usd,D2
HN,Honduras,2024,3426.43483328923,NY.GDP.PCAP.CD,gdp_per_capita_usd,D2
HN,Honduras,2023,3227.45762509776,NY.GDP.PCAP.CD,gdp_per_capita_usd,D2
HN,Honduras,2022,3003.28996826399,NY.GDP.PCAP.CD,gdp_per_capita_usd,D2
HN,Honduras,2021,2735.14751503977,NY.GDP.PCAP.CD,gdp_per_capita_usd,D2
HN,Honduras,2020,2307.61494319511,NY.GDP.PCAP.CD,gdp_per_capita_usd,D2
HK,"Hong Kong SAR, China",2024,54074.6928519479,NY.GDP.PCAP.CD,gdp_per_capita_usd,D2
HK,"Hong Kong SAR, China",2023,50562.3633144379,NY.GDP.PCAP.CD,gdp_per_capita_usd,D2
HK,"Hong Kong SAR, China",2022,48825.8441873536,NY.GDP.PCAP.CD,gdp_per_capita_usd,D2
HK,"Hong Kong SAR, China",2021,49770.5642374739,NY.GDP.PCAP.CD,gdp_per_capita_usd,D2
HK,"Hong Kong SAR, China",2020,46109.2299946609,NY.GDP.PCAP.CD,gdp_per_capita_usd,D2
HU,Hungary,2024,23292.3263882478,NY.GDP.PCAP.CD,gdp_per_capita_usd,D2
HU,Hungary,2023,22230.6277875187,NY.GDP.PCAP.CD,gdp_per_capita_usd,D2
HU,Hungary,2022,18428.028825614,NY.GDP.PCAP.CD,gdp_per_capita_usd,D2
HU,Hungary,2021,19030.628130329,NY.GDP.PCAP.CD,gdp_per_capita_usd,D2
HU,Hungary,2020,16386.9308821258,NY.GDP.PCAP.CD,gdp_per_capita_usd,D2
IS,Iceland,2024,86040.5309851288,NY.GDP.PCAP.CD,gdp_per_capita_usd,D2
IS,Iceland,2023,82138.7892973557,NY.GDP.PCAP.CD,gdp_per_capita_usd,D2
IS,Iceland,2022,76350.4550416502,NY.GDP.PCAP.CD,gdp_per_capita_usd,D2
IS,Iceland,2021,70425.4064277273,NY.GDP.PCAP.CD,gdp_per_capita_usd,D2
IS,Iceland,2020,60127.9393575616,NY.GDP.PCAP.CD,gdp_per_capita_usd,D2
IN,India,2024,2694.73780859961,NY.GDP.PCAP.CD,gdp_per_capita_usd,D2
IN,India,2023,2530.12031278204,NY.GDP.PCAP.CD,gdp_per_capita_usd,D2
IN,India,2022,2347.44829434623,NY.GDP.PCAP.CD,gdp_per_capita_usd,D2
IN,India,2021,2239.61384367482,NY.GDP.PCAP.CD,gdp_per_capita_usd,D2
IN,India,2020,1907.04251637669,NY.GDP.PCAP.CD,gdp_per_capita_usd,D2
ID,Indonesia,2024,4925.43048751861,NY.GDP.PCAP.CD,gdp_per_capita_usd,D2
ID,Indonesia,2023,4876.30774512252,NY.GDP.PCAP.CD,gdp_per_capita_usd,D2
ID,Indonesia,2022,4730.83484836107,NY.GDP.PCAP.CD,gdp_per_capita_usd,D2
ID,Indonesia,2021,4287.17313995098,NY.GDP.PCAP.CD,gdp_per_capita_usd,D2
ID,Indonesia,2020,3853.70288774146,NY.GDP.PCAP.CD,gdp_per_capita_usd,D2
IR,"Iran, Islamic Rep.",2024,5190.16959024821,NY.GDP.PCAP.CD,gdp_per_capita_usd,D2
IR,"Iran, Islamic Rep.",2023,5049.29931642754,NY.GDP.PCAP.CD,gdp_per_capita_usd,D2
IR,"Iran, Islamic Rep.",2022,4721.20437099984,NY.GDP.PCAP.CD,gdp_per_capita_usd,D2
IR,"Iran, Islamic Rep.",2021,4605.14881318992,NY.GDP.PCAP.CD,gdp_per_capita_usd,D2
IR,"Iran, Islamic Rep.",2020,3202.50003502169,NY.GDP.PCAP.CD,gdp_per_capita_usd,D2
IQ,Iraq,2024,6073.61032342708,NY.GDP.PCAP.CD,gdp_per_capita_usd,D2
IQ,Iraq,2023,5965.31835077761,NY.GDP.PCAP.CD,gdp_per_capita_usd,D2
IQ,Iraq,2022,6520.73154560584,NY.GDP.PCAP.CD,gdp_per_capita_usd,D2
IQ,Iraq,2021,4868.49431080783,NY.GDP.PCAP.CD,gdp_per_capita_usd,D2
IQ,Iraq,2020,4295.18945121228,NY.GDP.PCAP.CD,gdp_per_capita_usd,D2
IE,Ireland,2024,112894.953240805,NY.GDP.PCAP.CD,gdp_per_capita_usd,D2
IE,Ireland,2023,106818.917130804,NY.GDP.PCAP.CD,gdp_per_capita_usd,D2
IE,Ireland,2022,105190.685952731,NY.GDP.PCAP.CD,gdp_per_capita_usd,D2
IE,Ireland,2021,103783.446284479,NY.GDP.PCAP.CD,gdp_per_capita_usd,D2
IE,Ireland,2020,86514.0706108754,NY.GDP.PCAP.CD,gdp_per_capita_usd,D2
IM,Isle of Man,2022,88328.548125887,NY.GDP.PCAP.CD,gdp_per_capita_usd,D2
IM,Isle of Man,2021,94299.969348965,NY.GDP.PCAP.CD,gdp_per_capita_usd,D2
IM,Isle of Man,2020,79513.5330346598,NY.GDP.PCAP.CD,gdp_per_capita_usd,D2
IL,Israel,2024,54176.6844383302,NY.GDP.PCAP.CD,gdp_per_capita_usd,D2
IL,Israel,2023,52003.7200729997,NY.GDP.PCAP.CD,gdp_per_capita_usd,D2
IL,Israel,2022,54949.621556429,NY.GDP.PCAP.CD,gdp_per_capita_usd,D2
IL,Israel,2021,52270.9040241956,NY.GDP.PCAP.CD,gdp_per_capita_usd,D2
IL,Israel,2020,44575.5719045492,NY.GDP.PCAP.CD,gdp_per_capita_usd,D2
IT,Italy,2024,40385.3413957669,NY.GDP.PCAP.CD,gdp_per_capita_usd,D2
IT,Italy,2023,39277.0838783918,NY.GDP.PCAP.CD,gdp_per_capita_usd,D2
IT,Italy,2022,35653.9042103495,NY.GDP.PCAP.CD,gdp_per_capita_usd,D2
IT,Italy,2021,36852.5425414951,NY.GDP.PCAP.CD,gdp_per_capita_usd,D2
IT,Italy,2020,32091.4866621366,NY.GDP.PCAP.CD,gdp_per_capita_usd,D2
JM,Jamaica,2024,7753.8006955432,NY.GDP.PCAP.CD,gdp_per_capita_usd,D2
JM,Jamaica,2023,7542.40084275345,NY.GDP.PCAP.CD,gdp_per_capita_usd,D2
JM,Jamaica,2022,6626.47502388538,NY.GDP.PCAP.CD,gdp_per_capita_usd,D2
JM,Jamaica,2021,5625.67806271236,NY.GDP.PCAP.CD,gdp_per_capita_usd,D2
JM,Jamaica,2020,5299.04530804283,NY.GDP.PCAP.CD,gdp_per_capita_usd,D2
JP,Japan,2024,32487.0778047567,NY.GDP.PCAP.CD,gdp_per_capita_usd,D2
JP,Japan,2023,33836.1756271617,NY.GDP.PCAP.CD,gdp_per_capita_usd,D2
JP,Japan,2022,34065.6438962526,NY.GDP.PCAP.CD,gdp_per_capita_usd,D2
JP,Japan,2021,40094.5599795288,NY.GDP.PCAP.CD,gdp_per_capita_usd,D2
JP,Japan,2020,40028.7341726762,NY.GDP.PCAP.CD,gdp_per_capita_usd,D2
JO,Jordan,2024,4618.09592498567,NY.GDP.PCAP.CD,gdp_per_capita_usd,D2
JO,Jordan,2023,4466.08314208575,NY.GDP.PCAP.CD,gdp_per_capita_usd,D2
JO,Jordan,2022,4332.25159897931,NY.GDP.PCAP.CD,gdp_per_capita_usd,D2
JO,Jordan,2021,4183.49998326866,NY.GDP.PCAP.CD,gdp_per_capita_usd,D2
JO,Jordan,2020,4022.0401356135,NY.GDP.PCAP.CD,gdp_per_capita_usd,D2
KZ,Kazakhstan,2024,14154.6324958076,NY.GDP.PCAP.CD,gdp_per_capita_usd,D2
KZ,Kazakhstan,2023,12879.4275257974,NY.GDP.PCAP.CD,gdp_per_capita_usd,D2
KZ,Kazakhstan,2022,11255.3396437881,NY.GDP.PCAP.CD,gdp_per_capita_usd,D2
KZ,Kazakhstan,2021,9983.60103576902,NY.GDP.PCAP.CD,gdp_per_capita_usd,D2
KZ,Kazakhstan,2020,8781.50797787648,NY.GDP.PCAP.CD,gdp_per_capita_usd,D2
KE,Kenya,2024,2132.43452097647,NY.GDP.PCAP.CD,gdp_per_capita_usd,D2
KE,Kenya,2023,1942.58802756191,NY.GDP.PCAP.CD,gdp_per_capita_usd,D2
KE,Kenya,2022,2109.56288513137,NY.GDP.PCAP.CD,gdp_per_capita_usd,D2
KE,Kenya,2021,2061.35622089594,NY.GDP.PCAP.CD,gdp_per_capita_usd,D2
KE,Kenya,2020,1927.66459027849,NY.GDP.PCAP.CD,gdp_per_capita_usd,D2
KI,Kiribati,2024,2288.63471423684,NY.GDP.PCAP.CD,gdp_per_capita_usd,D2
KI,Kiribati,2023,2177.70125812262,NY.GDP.PCAP.CD,gdp_per_capita_usd,D2
KI,Kiribati,2022,2069.7671726925,NY.GDP.PCAP.CD,gdp_per_capita_usd,D2
KI,Kiribati,2021,2222.04819501897,NY.GDP.PCAP.CD,gdp_per_capita_usd,D2
KI,Kiribati,2020,1751.78249168214,NY.GDP.PCAP.CD,gdp_per_capita_usd,D2
KR,"Korea, Rep.",2024,36238.639908315,NY.GDP.PCAP.CD,gdp_per_capita_usd,D2
KR,"Korea, Rep.",2023,35674.095995632,NY.GDP.PCAP.CD,gdp_per_capita_usd,D2
KR,"Korea, Rep.",2022,34822.4048404971,NY.GDP.PCAP.CD,gdp_per_capita_usd,D2
KR,"Korea, Rep.",2021,37518.4635305697,NY.GDP.PCAP.CD,gdp_per_capita_usd,D2
KR,"Korea, Rep.",2020,33645.7719545073,NY.GDP.PCAP.CD,gdp_per_capita_usd,D2
XK,Kosovo,2024,7023.06598512878,NY.GDP.PCAP.CD,gdp_per_capita_usd,D2
XK,Kosovo,2023,6221.20618847799,NY.GDP.PCAP.CD,gdp_per_capita_usd,D2
XK,Kosovo,2022,5290.95006509706,NY.GDP.PCAP.CD,gdp_per_capita_usd,D2
XK,Kosovo,2021,5270.43236861018,NY.GDP.PCAP.CD,gdp_per_capita_usd,D2
XK,Kosovo,2020,4310.88963754863,NY.GDP.PCAP.CD,gdp_per_capita_usd,D2
KW,Kuwait,2024,32717.7186631255,NY.GDP.PCAP.CD,gdp_per_capita_usd,D2
KW,Kuwait,2023,34075.849012909,NY.GDP.PCAP.CD,gdp_per_capita_usd,D2
KW,Kuwait,2022,39981.7691035833,NY.GDP.PCAP.CD,gdp_per_capita_usd,D2
KW,Kuwait,2021,34018.6342592913,NY.GDP.PCAP.CD,gdp_per_capita_usd,D2
KW,Kuwait,2020,25236.0755848941,NY.GDP.PCAP.CD,gdp_per_capita_usd,D2
KG,Kyrgyz Republic,2024,2420.18542283831,NY.GDP.PCAP.CD,gdp_per_capita_usd,D2
KG,Kyrgyz Republic,2023,2138.22210211478,NY.GDP.PCAP.CD,gdp_per_capita_usd,D2
KG,Kyrgyz Republic,2022,1739.72018344174,NY.GDP.PCAP.CD,gdp_per_capita_usd,D2
KG,Kyrgyz Republic,2021,1349.99730650542,NY.GDP.PCAP.CD,gdp_per_capita_usd,D2
KG,Kyrgyz Republic,2020,1229.51766602907,NY.GDP.PCAP.CD,gdp_per_capita_usd,D2
LA,Lao PDR,2024,2123.97909415109,NY.GDP.PCAP.CD,gdp_per_capita_usd,D2
LA,Lao PDR,2023,2066.94979776957,NY.GDP.PCAP.CD,gdp_per_capita_usd,D2
LA,Lao PDR,2022,2046.40440255621,NY.GDP.PCAP.CD,gdp_per_capita_usd,D2
LA,Lao PDR,2021,2526.05105018529,NY.GDP.PCAP.CD,gdp_per_capita_usd,D2
LA,Lao PDR,2020,2583.77730696131,NY.GDP.PCAP.CD,gdp_per_capita_usd,D2
LV,Latvia,2024,23409.0845154775,NY.GDP.PCAP.CD,gdp_per_capita_usd,D2
LV,Latvia,2023,22710.2637544197,NY.GDP.PCAP.CD,gdp_per_capita_usd,D2
LV,Latvia,2022,20221.103686109,NY.GDP.PCAP.CD,gdp_per_capita_usd,D2
LV,Latvia,2021,20261.8887788916,NY.GDP.PCAP.CD,gdp_per_capita_usd,D2
LV,Latvia,2020,17564.2321549354,NY.GDP.PCAP.CD,gdp_per_capita_usd,D2
LB,Lebanon,2023,3477.72489842684,NY.GDP.PCAP.CD,gdp_per_capita_usd,D2
LB,Lebanon,2022,3654.35845534878,NY.GDP.PCAP.CD,gdp_per_capita_usd,D2
LB,Lebanon,2021,4045.37391066234,NY.GDP.PCAP.CD,gdp_per_capita_usd,D2
LB,Lebanon,2020,5561.19166950397,NY.GDP.PCAP.CD,gdp_per_capita_usd,D2
LS,Lesotho,2024,971.90771824829,NY.GDP.PCAP.CD,gdp_per_capita_usd,D2
LS,Lesotho,2023,916.282976983803,NY.GDP.PCAP.CD,gdp_per_capita_usd,D2
LS,Lesotho,2022,1030.12582947757,NY.GDP.PCAP.CD,gdp_per_capita_usd,D2
LS,Lesotho,2021,1066.58645143823,NY.GDP.PCAP.CD,gdp_per_capita_usd,D2
LS,Lesotho,2020,918.582574704447,NY.GDP.PCAP.CD,gdp_per_capita_usd,D2
LR,Liberia,2024,851.497723870206,NY.GDP.PCAP.CD,gdp_per_capita_usd,D2
LR,Liberia,2023,799.194470229642,NY.GDP.PCAP.CD,gdp_per_capita_usd,D2
LR,Liberia,2022,744.617175237387,NY.GDP.PCAP.CD,gdp_per_capita_usd,D2
LR,Liberia,2021,667.96610514319,NY.GDP.PCAP.CD,gdp_per_capita_usd,D2
LR,Liberia,2020,616.787867006715,NY.GDP.PCAP.CD,gdp_per_capita_usd,D2
LY,Libya,2024,6569.16408678648,NY.GDP.PCAP.CD,gdp_per_capita_usd,D2
LY,Libya,2023,6026.51518708812,NY.GDP.PCAP.CD,gdp_per_capita_usd,D2
LY,Libya,2022,5986.63694851258,NY.GDP.PCAP.CD,gdp_per_capita_usd,D2
LY,Libya,2021,4935.82787349801,NY.GDP.PCAP.CD,gdp_per_capita_usd,D2
LY,Libya,2020,6650.33810585348,NY.GDP.PCAP.CD,gdp_per_capita_usd,D2
LI,Liechtenstein,2023,206780.590353385,NY.GDP.PCAP.CD,gdp_per_capita_usd,D2
LI,Liechtenstein,2022,188055.003235348,NY.GDP.PCAP.CD,gdp_per_capita_usd,D2
LI,Liechtenstein,2021,201944.830335076,NY.GDP.PCAP.CD,gdp_per_capita_usd,D2
LI,Liechtenstein,2020,164671.093553454,NY.GDP.PCAP.CD,gdp_per_capita_usd,D2
LT,Lithuania,2024,29384.0189598663,NY.GDP.PCAP.CD,gdp_per_capita_usd,D2
LT,Lithuania,2023,27786.0057829276,NY.GDP.PCAP.CD,gdp_per_capita_usd,D2
LT,Lithuania,2022,25085.784063499,NY.GDP.PCAP.CD,gdp_per_capita_usd,D2
LT,Lithuania,2021,23870.4594851722,NY.GDP.PCAP.CD,gdp_per_capita_usd,D2
LT,Lithuania,2020,20428.6478157394,NY.GDP.PCAP.CD,gdp_per_capita_usd,D2
LU,Luxembourg,2024,137781.681659123,NY.GDP.PCAP.CD,gdp_per_capita_usd,D2
LU,Luxembourg,2023,133230.619178899,NY.GDP.PCAP.CD,gdp_per_capita_usd,D2
LU,Luxembourg,2022,123719.658915996,NY.GDP.PCAP.CD,gdp_per_capita_usd,D2
LU,Luxembourg,2021,134965.815442152,NY.GDP.PCAP.CD,gdp_per_capita_usd,D2
LU,Luxembourg,2020,116860.02817236,NY.GDP.PCAP.CD,gdp_per_capita_usd,D2
MO,"Macao SAR, China",2024,72004.7437020733,NY.GDP.PCAP.CD,gdp_per_capita_usd,D2
MO,"Macao SAR, China",2023,67216.3631112124,NY.GDP.PCAP.CD,gdp_per_capita_usd,D2
MO,"Macao SAR, China",2022,36806.891255461,NY.GDP.PCAP.CD,gdp_per_capita_usd,D2
MO,"Macao SAR, China",2021,44884.8961602393,NY.GDP.PCAP.CD,gdp_per_capita_usd,D2
MO,"Macao SAR, China",2020,36883.6652578543,NY.GDP.PCAP.CD,gdp_per_capita_usd,D2
MG,Madagascar,2024,544.987501003384,NY.GDP.PCAP.CD,gdp_per_capita_usd,D2
MG,Madagascar,2023,508.718427705591,NY.GDP.PCAP.CD,gdp_per_capita_usd,D2
MG,Madagascar,2022,503.51453347296,NY.GDP.PCAP.CD,gdp_per_capita_usd,D2
MG,Madagascar,2021,483.469463351195,NY.GDP.PCAP.CD,gdp_per_capita_usd,D2
MG,Madagascar,2020,450.771615201509,NY.GDP.PCAP.CD,gdp_per_capita_usd,D2
MW,Malawi,2024,522.570393642547,NY.GDP.PCAP.CD,gdp_per_capita_usd,D2
MW,Malawi,2023,633.214767978695,NY.GDP.PCAP.CD,gdp_per_capita_usd,D2
MW,Malawi,2022,604.269740360317,NY.GDP.PCAP.CD,gdp_per_capita_usd,D2
MW,Malawi,2021,617.446994451007,NY.GDP.PCAP.CD,gdp_per_capita_usd,D2
MW,Malawi,2020,602.507478176106,NY.GDP.PCAP.CD,gdp_per_capita_usd,D2
MY,Malaysia,2024,11874.4273684245,NY.GDP.PCAP.CD,gdp_per_capita_usd,D2
MY,Malaysia,2023,11386.0395636528,NY.GDP.PCAP.CD,gdp_per_capita_usd,D2
MY,Malaysia,2022,11754.5678336248,NY.GDP.PCAP.CD,gdp_per_capita_usd,D2
MY,Malaysia,2021,10903.1037480772,NY.GDP.PCAP.CD,gdp_per_capita_usd,D2
MY,Malaysia,2020,9957.52626697613,NY.GDP.PCAP.CD,gdp_per_capita_usd,D2
MV,Maldives,2024,13379.3513577224,NY.GDP.PCAP.CD,gdp_per_capita_usd,D2
MV,Maldives,2023,12587.6126038651,NY.GDP.PCAP.CD,gdp_per_capita_usd,D2
MV,Maldives,2022,11786.0191492983,NY.GDP.PCAP.CD,gdp_per_capita_usd,D2
MV,Maldives,2021,10176.143882547,NY.GDP.PCAP.CD,gdp_per_capita_usd,D2
MV,Maldives,2020,7393.8886543933,NY.GDP.PCAP.CD,gdp_per_capita_usd,D2
ML,Mali,2024,1094.61949265799,NY.GDP.PCAP.CD,gdp_per_capita_usd,D2
ML,Mali,2023,1043.9533853528,NY.GDP.PCAP.CD,gdp_per_capita_usd,D2
ML,Mali,2022,976.914116406452,NY.GDP.PCAP.CD,gdp_per_capita_usd,D2
ML,Mali,2021,1027.27345365357,NY.GDP.PCAP.CD,gdp_per_capita_usd,D2
ML,Mali,2020,953.242943290974,NY.GDP.PCAP.CD,gdp_per_capita_usd,D2
MT,Malta,2024,43898.5781808597,NY.GDP.PCAP.CD,gdp_per_capita_usd,D2
MT,Malta,2023,40905.8059585057,NY.GDP.PCAP.CD,gdp_per_capita_usd,D2
MT,Malta,2022,35638.8869457406,NY.GDP.PCAP.CD,gdp_per_capita_usd,D2
MT,Malta,2021,38096.8360735119,NY.GDP.PCAP.CD,gdp_per_capita_usd,D2
MT,Malta,2020,31823.4363934505,NY.GDP.PCAP.CD,gdp_per_capita_usd,D2
MH,Marshall Islands,2024,7726.33668877794,NY.GDP.PCAP.CD,gdp_per_capita_usd,D2
MH,Marshall Islands,2023,6793.24495895856,NY.GDP.PCAP.CD,gdp_per_capita_usd,D2
MH,Marshall Islands,2022,6455.66062185762,NY.GDP.PCAP.CD,gdp_per_capita_usd,D2
MH,Marshall Islands,2021,6315.31279603534,NY.GDP.PCAP.CD,gdp_per_capita_usd,D2
MH,Marshall Islands,2020,5661.96787336674,NY.GDP.PCAP.CD,gdp_per_capita_usd,D2
MR,Mauritania,2024,2110.12036938187,NY.GDP.PCAP.CD,gdp_per_capita_usd,D2
MR,Mauritania,2023,2135.78187606359,NY.GDP.PCAP.CD,gdp_per_capita_usd,D2
MR,Mauritania,2022,1960.35240077424,NY.GDP.PCAP.CD,gdp_per_capita_usd,D2
MR,Mauritania,2021,1947.78918383313,NY.GDP.PCAP.CD,gdp_per_capita_usd,D2
MR,Mauritania,2020,1795.76459566714,NY.GDP.PCAP.CD,gdp_per_capita_usd,D2
MU,Mauritius,2024,11990.7798944837,NY.GDP.PCAP.CD,gdp_per_capita_usd,D2
MU,Mauritius,2023,11269.9684462139,NY.GDP.PCAP.CD,gdp_per_capita_usd,D2
MU,Mauritius,2022,10246.5017455553,NY.GDP.PCAP.CD,gdp_per_capita_usd,D2
MU,Mauritius,2021,9177.71195973013,NY.GDP.PCAP.CD,gdp_per_capita_usd,D2
MU,Mauritius,2020,9135.84773751062,NY.GDP.PCAP.CD,gdp_per_capita_usd,D2
MX,Mexico,2024,14185.7812248529,NY.GDP.PCAP.CD,gdp_per_capita_usd,D2
MX,Mexico,2023,13860.9597809326,NY.GDP.PCAP.CD,gdp_per_capita_usd,D2
MX,Mexico,2022,11405.7940473759,NY.GDP.PCAP.CD,gdp_per_capita_usd,D2
MX,Mexico,2021,10314.0506722115,NY.GDP.PCAP.CD,gdp_per_capita_usd,D2
MX,Mexico,2020,8841.27075039868,NY.GDP.PCAP.CD,gdp_per_capita_usd,D2
FM,"Micronesia, Fed. Sts.",2024,4166.00476748564,NY.GDP.PCAP.CD,gdp_per_capita_usd,D2
FM,"Micronesia, Fed. Sts.",2023,3919.64307910859,NY.GDP.PCAP.CD,gdp_per_capita_usd,D2
FM,"Micronesia, Fed. Sts.",2022,3710.12451611752,NY.GDP.PCAP.CD,gdp_per_capita_usd,D2
FM,"Micronesia, Fed. Sts.",2021,3508.22314197664,NY.GDP.PCAP.CD,gdp_per_capita_usd,D2
FM,"Micronesia, Fed. Sts.",2020,3362.02802120524,NY.GDP.PCAP.CD,gdp_per_capita_usd,D2
MD,Moldova,2024,7576.19589413326,NY.GDP.PCAP.CD,gdp_per_capita_usd,D2
MD,Moldova,2023,6799.58594644576,NY.GDP.PCAP.CD,gdp_per_capita_usd,D2
MD,Moldova,2022,5744.29618434435,NY.GDP.PCAP.CD,gdp_per_capita_usd,D2
MD,Moldova,2021,5274.60582195352,NY.GDP.PCAP.CD,gdp_per_capita_usd,D2
MD,Moldova,2020,4375.7788930524,NY.GDP.PCAP.CD,gdp_per_capita_usd,D2
MC,Monaco,2024,288001.433369041,NY.GDP.PCAP.CD,gdp_per_capita_usd,D2
MC,Monaco,2023,256799.788612806,NY.GDP.PCAP.CD,gdp_per_capita_usd,D2
MC,Monaco,2022,226052.001905201,NY.GDP.PCAP.CD,gdp_per_capita_usd,D2
MC,Monaco,2021,223823.363960226,NY.GDP.PCAP.CD,gdp_per_capita_usd,D2
MC,Monaco,2020,176891.886538492,NY.GDP.PCAP.CD,gdp_per_capita_usd,D2
MN,Mongolia,2024,6750.6301157724,NY.GDP.PCAP.CD,gdp_per_capita_usd,D2
MN,Mongolia,2023,5838.63108083902,NY.GDP.PCAP.CD,gdp_per_capita_usd,D2
MN,Mongolia,2022,4993.51487463495,NY.GDP.PCAP.CD,gdp_per_capita_usd,D2
MN,Mongolia,2021,4517.61578018785,NY.GDP.PCAP.CD,gdp_per_capita_usd,D2
MN,Mongolia,2020,4001.25193077703,NY.GDP.PCAP.CD,gdp_per_capita_usd,D2
ME,Montenegro,2024,13263.3281277699,NY.GDP.PCAP.CD,gdp_per_capita_usd,D2
ME,Montenegro,2023,12259.8775034436,NY.GDP.PCAP.CD,gdp_per_capita_usd,D2
ME,Montenegro,2022,10024.5435616209,NY.GDP.PCAP.CD,gdp_per_capita_usd,D2
ME,Montenegro,2021,9317.15520065156,NY.GDP.PCAP.CD,gdp_per_capita_usd,D2
ME,Montenegro,2020,7538.53635992191,NY.GDP.PCAP.CD,gdp_per_capita_usd,D2
MA,Morocco,2024,4153.1943359375,NY.GDP.PCAP.CD,gdp_per_capita_usd,D2
MA,Morocco,2023,3813.72607421875,NY.GDP.PCAP.CD,gdp_per_capita_usd,D2
MA,Morocco,2022,3463.1376953125,NY.GDP.PCAP.CD,gdp_per_capita_usd,D2
MA,Morocco,2021,3785.93627929688,NY.GDP.PCAP.CD,gdp_per_capita_usd,D2
MA,Morocco,2020,3268.0302734375,NY.GDP.PCAP.CD,gdp_per_capita_usd,D2
MZ,Mozambique,2024,656.776824637306,NY.GDP.PCAP.CD,gdp_per_capita_usd,D2
MZ,Mozambique,2023,622.000297682823,NY.GDP.PCAP.CD,gdp_per_capita_usd,D2
MZ,Mozambique,2022,578.251663751351,NY.GDP.PCAP.CD,gdp_per_capita_usd,D2
MZ,Mozambique,2021,509.907829475551,NY.GDP.PCAP.CD,gdp_per_capita_usd,D2
MZ,Mozambique,2020,462.433876479921,NY.GDP.PCAP.CD,gdp_per_capita_usd,D2
MM,Myanmar,2024,1359.05001560107,NY.GDP.PCAP.CD,gdp_per_capita_usd,D2
MM,Myanmar,2023,1233.19666209269,NY.GDP.PCAP.CD,gdp_per_capita_usd,D2
MM,Myanmar,2022,1158.05005055976,NY.GDP.PCAP.CD,gdp_per_capita_usd,D2
MM,Myanmar,2021,1242.7213439951,NY.GDP.PCAP.CD,gdp_per_capita_usd,D2
MM,Myanmar,2020,1490.21683599469,NY.GDP.PCAP.CD,gdp_per_capita_usd,D2
NA,Namibia,2024,4413.12752211572,NY.GDP.PCAP.CD,gdp_per_capita_usd,D2
NA,Namibia,2023,4187.60500396525,NY.GDP.PCAP.CD,gdp_per_capita_usd,D2
NA,Namibia,2022,4349.79908493314,NY.GDP.PCAP.CD,gdp_per_capita_usd,D2
NA,Namibia,2021,4412.8355693052,NY.GDP.PCAP.CD,gdp_per_capita_usd,D2
NA,Namibia,2020,3878.58982993966,NY.GDP.PCAP.CD,gdp_per_capita_usd,D2
NR,Nauru,2024,13609.158837552,NY.GDP.PCAP.CD,gdp_per_capita_usd,D2
NR,Nauru,2023,12752.4723855838,NY.GDP.PCAP.CD,gdp_per_capita_usd,D2
NR,Nauru,2022,12911.9086441381,NY.GDP.PCAP.CD,gdp_per_capita_usd,D2
NR,Nauru,2021,14979.099896799,NY.GDP.PCAP.CD,gdp_per_capita_usd,D2
NR,Nauru,2020,10709.068810538,NY.GDP.PCAP.CD,gdp_per_capita_usd,D2
NP,Nepal,2024,1447.31004458428,NY.GDP.PCAP.CD,gdp_per_capita_usd,D2
NP,Nepal,2023,1382.33055769304,NY.GDP.PCAP.CD,gdp_per_capita_usd,D2
NP,Nepal,2022,1385.91066274851,NY.GDP.PCAP.CD,gdp_per_capita_usd,D2
NP,Nepal,2021,1252.75076731986,NY.GDP.PCAP.CD,gdp_per_capita_usd,D2
NP,Nepal,2020,1154.21517578318,NY.GDP.PCAP.CD,gdp_per_capita_usd,D2
NL,Netherlands,2024,67520.4218956281,NY.GDP.PCAP.CD,gdp_per_capita_usd,D2
NL,Netherlands,2023,63515.6030780019,NY.GDP.PCAP.CD,gdp_per_capita_usd,D2
NL,Netherlands,2022,59123.318556487,NY.GDP.PCAP.CD,gdp_per_capita_usd,D2
NL,Netherlands,2021,60141.9880911492,NY.GDP.PCAP.CD,gdp_per_capita_usd,D2
NL,Netherlands,2020,53467.9277413737,NY.GDP.PCAP.CD,gdp_per_capita_usd,D2
NC,New Caledonia,2024,29213.1923192946,NY.GDP.PCAP.CD,gdp_per_capita_usd,D2
NC,New Caledonia,2023,33701.8923322781,NY.GDP.PCAP.CD,gdp_per_capita_usd,D2
NC,New Caledonia,2022,33516.363085906,NY.GDP.PCAP.CD,gdp_per_capita_usd,D2
NC,New Caledonia,2021,35311.5543551452,NY.GDP.PCAP.CD,gdp_per_capita_usd,D2
NC,New Caledonia,2020,33270.330597637,NY.GDP.PCAP.CD,gdp_per_capita_usd,D2
NZ,New Zealand,2024,49205.1792146792,NY.GDP.PCAP.CD,gdp_per_capita_usd,D2
NZ,New Zealand,2023,49075.9562832927,NY.GDP.PCAP.CD,gdp_per_capita_usd,D2
NZ,New Zealand,2022,49099.7090423358,NY.GDP.PCAP.CD,gdp_per_capita_usd,D2
NZ,New Zealand,2021,49950.4251691316,NY.GDP.PCAP.CD,gdp_per_capita_usd,D2
NZ,New Zealand,2020,41997.7830324279,NY.GDP.PCAP.CD,gdp_per_capita_usd,D2
NI,Nicaragua,2024,2847.53966339498,NY.GDP.PCAP.CD,gdp_per_capita_usd,D2
NI,Nicaragua,2023,2609.44492072931,NY.GDP.PCAP.CD,gdp_per_capita_usd,D2
NI,Nicaragua,2022,2322.89053964583,NY.GDP.PCAP.CD,gdp_per_capita_usd,D2
NI,Nicaragua,2021,2138.38588469449,NY.GDP.PCAP.CD,gdp_per_capita_usd,D2
NI,Nicaragua,2020,1938.44704754382,NY.GDP.PCAP.CD,gdp_per_capita_usd,D2
NE,Niger,2024,735.270255787226,NY.GDP.PCAP.CD,gdp_per_capita_usd,D2
NE,Niger,2023,638.336080897887,NY.GDP.PCAP.CD,gdp_per_capita_usd,D2
NE,Niger,2022,609.745147574878,NY.GDP.PCAP.CD,gdp_per_capita_usd,D2
NE,Niger,2021,608.722439593808,NY.GDP.PCAP.CD,gdp_per_capita_usd,D2
NE,Niger,2020,579.512495758236,NY.GDP.PCAP.CD,gdp_per_capita_usd,D2
NG,Nigeria,2024,1084.16041805436,NY.GDP.PCAP.CD,gdp_per_capita_usd,D2
NG,Nigeria,2023,2138.76383719983,NY.GDP.PCAP.CD,gdp_per_capita_usd,D2
NG,Nigeria,2022,2899.16047470324,NY.GDP.PCAP.CD,gdp_per_capita_usd,D2
NG,Nigeria,2021,2787.48779224428,NY.GDP.PCAP.CD,gdp_per_capita_usd,D2
NG,Nigeria,2020,2797.18458068686,NY.GDP.PCAP.CD,gdp_per_capita_usd,D2
MK,North Macedonia,2024,9291.85661671864,NY.GDP.PCAP.CD,gdp_per_capita_usd,D2
MK,North Macedonia,2023,8674.35846327485,NY.GDP.PCAP.CD,gdp_per_capita_usd,D2
MK,North Macedonia,2022,7606.2375253797,NY.GDP.PCAP.CD,gdp_per_capita_usd,D2
MK,North Macedonia,2021,7620.80296977508,NY.GDP.PCAP.CD,gdp_per_capita_usd,D2
MK,North Macedonia,2020,6659.59651070776,NY.GDP.PCAP.CD,gdp_per_capita_usd,D2
MP,Northern Mariana Islands,2022,23785.754590043,NY.GDP.PCAP.CD,gdp_per_capita_usd,D2
MP,Northern Mariana Islands,2021,19455.50139424,NY.GDP.PCAP.CD,gdp_per_capita_usd,D2
MP,Northern Mariana Islands,2020,18220.8382427201,NY.GDP.PCAP.CD,gdp_per_capita_usd,D2
NO,Norway,2024,86785.4334489176,NY.GDP.PCAP.CD,gdp_per_capita_usd,D2
NO,Norway,2023,87497.2179649556,NY.GDP.PCAP.CD,gdp_per_capita_usd,D2
NO,Norway,2022,109269.520580298,NY.GDP.PCAP.CD,gdp_per_capita_usd,D2
NO,Norway,2021,93072.8925119571,NY.GDP.PCAP.CD,gdp_per_capita_usd,D2
NO,Norway,2020,68340.0181033702,NY.GDP.PCAP.CD,gdp_per_capita_usd,D2
OM,Oman,2024,20285.2272897377,NY.GDP.PCAP.CD,gdp_per_capita_usd,D2
OM,Oman,2023,21027.7384778886,NY.GDP.PCAP.CD,gdp_per_capita_usd,D2
OM,Oman,2022,23223.5829405935,NY.GDP.PCAP.CD,gdp_per_capita_usd,D2
OM,Oman,2021,19403.4600160211,NY.GDP.PCAP.CD,gdp_per_capita_usd,D2
OM,Oman,2020,16784.8630630058,NY.GDP.PCAP.CD,gdp_per_capita_usd,D2
PK,Pakistan,2024,1478.77277977996,NY.GDP.PCAP.CD,gdp_per_capita_usd,D2
PK,Pakistan,2023,1360.32417758419,NY.GDP.PCAP.CD,gdp_per_capita_usd,D2
PK,Pakistan,2022,1538.3228133171,NY.GDP.PCAP.CD,gdp_per_capita_usd,D2
PK,Pakistan,2021,1455.31922370186,NY.GDP.PCAP.CD,gdp_per_capita_usd,D2
PK,Pakistan,2020,1278.39735206896,NY.GDP.PCAP.CD,gdp_per_capita_usd,D2
PW,Palau,2023,15610.8231931032,NY.GDP.PCAP.CD,gdp_per_capita_usd,D2
PW,Palau,2022,13729.7602761496,NY.GDP.PCAP.CD,gdp_per_capita_usd,D2
PW,Palau,2021,13009.2481630213,NY.GDP.PCAP.CD,gdp_per_capita_usd,D2
PW,Palau,2020,14708.2119536914,NY.GDP.PCAP.CD,gdp_per_capita_usd,D2
PA,Panama,2024,19161.2188501596,NY.GDP.PCAP.CD,gdp_per_capita_usd,D2
PA,Panama,2023,18797.1933994045,NY.GDP.PCAP.CD,gdp_per_capita_usd,D2
PA,Panama,2022,17378.6070017557,NY.GDP.PCAP.CD,gdp_per_capita_usd,D2
PA,Panama,2021,15509.8069124139,NY.GDP.PCAP.CD,gdp_per_capita_usd,D2
PA,Panama,2020,13290.5608397749,NY.GDP.PCAP.CD,gdp_per_capita_usd,D2
PG,Papua New Guinea,2024,3006.70564478923,NY.GDP.PCAP.CD,gdp_per_capita_usd,D2
PG,Papua New Guinea,2023,2966.06830432055,NY.GDP.PCAP.CD,gdp_per_capita_usd,D2
PG,Papua New Guinea,2022,3102.28968594061,NY.GDP.PCAP.CD,gdp_per_capita_usd,D2
PG,Papua New Guinea,2021,2607.57861874444,NY.GDP.PCAP.CD,gdp_per_capita_usd,D2
PG,Papua New Guinea,2020,2429.61134585269,NY.GDP.PCAP.CD,gdp_per_capita_usd,D2
PY,Paraguay,2024,6416.09708970845,NY.GDP.PCAP.CD,gdp_per_capita_usd,D2
PY,Paraguay,2023,6299.99026533713,NY.GDP.PCAP.CD,gdp_per_capita_usd,D2
PY,Paraguay,2022,6205.62595379319,NY.GDP.PCAP.CD,gdp_per_capita_usd,D2
PY,Paraguay,2021,5976.93179789949,NY.GDP.PCAP.CD,gdp_per_capita_usd,D2
PY,Paraguay,2020,5365.47220721104,NY.GDP.PCAP.CD,gdp_per_capita_usd,D2
PE,Peru,2024,8452.37167056621,NY.GDP.PCAP.CD,gdp_per_capita_usd,D2
PE,Peru,2023,7887.54185920108,NY.GDP.PCAP.CD,gdp_per_capita_usd,D2
PE,Peru,2022,7350.63034300417,NY.GDP.PCAP.CD,gdp_per_capita_usd,D2
PE,Peru,2021,6826.20255614477,NY.GDP.PCAP.CD,gdp_per_capita_usd,D2
PE,Peru,2020,6133.32552410183,NY.GDP.PCAP.CD,gdp_per_capita_usd,D2
PH,Philippines,2024,3984.8315387656,NY.GDP.PCAP.CD,gdp_per_capita_usd,D2
PH,Philippines,2023,3804.08274131097,NY.GDP.PCAP.CD,gdp_per_capita_usd,D2
PH,Philippines,2022,3548.06930572116,NY.GDP.PCAP.CD,gdp_per_capita_usd,D2
PH,Philippines,2021,3484.38593882819,NY.GDP.PCAP.CD,gdp_per_capita_usd,D2
PH,Philippines,2020,3227.57910235199,NY.GDP.PCAP.CD,gdp_per_capita_usd,D2
PL,Poland,2024,25103.565661423,NY.GDP.PCAP.CD,gdp_per_capita_usd,D2
PL,Poland,2023,22145.2660647429,NY.GDP.PCAP.CD,gdp_per_capita_usd,D2
PL,Poland,2022,18891.2121169279,NY.GDP.PCAP.CD,gdp_per_capita_usd,D2
PL,Poland,2021,18635.5104895754,NY.GDP.PCAP.CD,gdp_per_capita_usd,D2
PL,Poland,2020,16150.9304813473,NY.GDP.PCAP.CD,gdp_per_capita_usd,D2
PT,Portugal,2024,29292.242104753,NY.GDP.PCAP.CD,gdp_per_capita_usd,D2
PT,Portugal,2023,27634.6183139773,NY.GDP.PCAP.CD,gdp_per_capita_usd,D2
PT,Portugal,2022,24620.5197587181,NY.GDP.PCAP.CD,gdp_per_capita_usd,D2
PT,Portugal,2021,24711.4510062111,NY.GDP.PCAP.CD,gdp_per_capita_usd,D2
PT,Portugal,2020,22299.4044062173,NY.GDP.PCAP.CD,gdp_per_capita_usd,D2
PR,Puerto Rico (US),2024,39343.7154660139,NY.GDP.PCAP.CD,gdp_per_capita_usd,D2
PR,Puerto Rico (US),2023,36980.7884784287,NY.GDP.PCAP.CD,gdp_per_capita_usd,D2
PR,Puerto Rico (US),2022,35353.6821570014,NY.GDP.PCAP.CD,gdp_per_capita_usd,D2
PR,Puerto Rico (US),2021,32619.0704601174,NY.GDP.PCAP.CD,gdp_per_capita_usd,D2
PR,Puerto Rico (US),2020,31427.1130762831,NY.GDP.PCAP.CD,gdp_per_capita_usd,D2
QA,Qatar,2024,76688.6941743178,NY.GDP.PCAP.CD,gdp_per_capita_usd,D2
QA,Qatar,2023,81816.9797967481,NY.GDP.PCAP.CD,gdp_per_capita_usd,D2
QA,Qatar,2022,88701.4689763536,NY.GDP.PCAP.CD,gdp_per_capita_usd,D2
QA,Qatar,2021,71751.9363398856,NY.GDP.PCAP.CD,gdp_per_capita_usd,D2
QA,Qatar,2020,51683.5681078949,NY.GDP.PCAP.CD,gdp_per_capita_usd,D2
RO,Romania,2024,20080.2096215595,NY.GDP.PCAP.CD,gdp_per_capita_usd,D2
RO,Romania,2023,18244.4186876321,NY.GDP.PCAP.CD,gdp_per_capita_usd,D2
RO,Romania,2022,15503.551804598,NY.GDP.PCAP.CD,gdp_per_capita_usd,D2
RO,Romania,2021,14907.9803652143,NY.GDP.PCAP.CD,gdp_per_capita_usd,D2
RO,Romania,2020,13009.1770573223,NY.GDP.PCAP.CD,gdp_per_capita_usd,D2
RU,Russian Federation,2024,14889.0185546875,NY.GDP.PCAP.CD,gdp_per_capita_usd,D2
RU,Russian Federation,2023,14159.3876953125,NY.GDP.PCAP.CD,gdp_per_capita_usd,D2
RU,Russian Federation,2022,15619.6142578125,NY.GDP.PCAP.CD,gdp_per_capita_usd,D2
RU,Russian Federation,2021,12425.029296875,NY.GDP.PCAP.CD,gdp_per_capita_usd,D2
RU,Russian Federation,2020,10108.3271484375,NY.GDP.PCAP.CD,gdp_per_capita_usd,D2
RW,Rwanda,2024,999.65456165547,NY.GDP.PCAP.CD,gdp_per_capita_usd,D2
RW,Rwanda,2023,1027.03446826565,NY.GDP.PCAP.CD,gdp_per_capita_usd,D2
RW,Rwanda,2022,975.469323735369,NY.GDP.PCAP.CD,gdp_per_capita_usd,D2
RW,Rwanda,2021,829.544845263697,NY.GDP.PCAP.CD,gdp_per_capita_usd,D2
RW,Rwanda,2020,778.701498925026,NY.GDP.PCAP.CD,gdp_per_capita_usd,D2
WS,Samoa,2024,5392.87761915762,NY.GDP.PCAP.CD,gdp_per_capita_usd,D2
WS,Samoa,2023,4822.74084650019,NY.GDP.PCAP.CD,gdp_per_capita_usd,D2
WS,Samoa,2022,4132.44717734444,NY.GDP.PCAP.CD,gdp_per_capita_usd,D2
WS,Samoa,2021,4021.55934894283,NY.GDP.PCAP.CD,gdp_per_capita_usd,D2
WS,Samoa,2020,4099.59660548583,NY.GDP.PCAP.CD,gdp_per_capita_usd,D2
SM,San Marino,2023,59879.7173015651,NY.GDP.PCAP.CD,gdp_per_capita_usd,D2
SM,San Marino,2022,54190.8417700372,NY.GDP.PCAP.CD,gdp_per_capita_usd,D2
SM,San Marino,2021,54176.4798021628,NY.GDP.PCAP.CD,gdp_per_capita_usd,D2
SM,San Marino,2020,44326.9556746411,NY.GDP.PCAP.CD,gdp_per_capita_usd,D2
ST,Sao Tome and Principe,2024,3490.56883486557,NY.GDP.PCAP.CD,gdp_per_capita_usd,D2
ST,Sao Tome and Principe,2023,2990.6606143535,NY.GDP.PCAP.CD,gdp_per_capita_usd,D2
ST,Sao Tome and Principe,2022,2389.73729784737,NY.GDP.PCAP.CD,gdp_per_capita_usd,D2
ST,Sao Tome and Principe,2021,2362.58827248102,NY.GDP.PCAP.CD,gdp_per_capita_usd,D2
ST,Sao Tome and Principe,2020,2167.22001796925,NY.GDP.PCAP.CD,gdp_per_capita_usd,D2
SA,Saudi Arabia,2024,35121.6628687742,NY.GDP.PCAP.CD,gdp_per_capita_usd,D2
SA,Saudi Arabia,2023,36156.848337701,NY.GDP.PCAP.CD,gdp_per_capita_usd,D2
SA,Saudi Arabia,2022,38510.2276211037,NY.GDP.PCAP.CD,gdp_per_capita_usd,D2
SA,Saudi Arabia,2021,31920.7653655643,NY.GDP.PCAP.CD,gdp_per_capita_usd,D2
SA,Saudi Arabia,2020,24338.8307301067,NY.GDP.PCAP.CD,gdp_per_capita_usd,D2
SN,Senegal,2024,1773.21829923448,NY.GDP.PCAP.CD,gdp_per_capita_usd,D2
SN,Senegal,2023,1698.03387300843,NY.GDP.PCAP.CD,gdp_per_capita_usd,D2
SN,Senegal,2022,1574.0281059306,NY.GDP.PCAP.CD,gdp_per_capita_usd,D2
SN,Senegal,2021,1598.10676952274,NY.GDP.PCAP.CD,gdp_per_capita_usd,D2
SN,Senegal,2020,1461.08720350553,NY.GDP.PCAP.CD,gdp_per_capita_usd,D2
RS,Serbia,2024,13679.2065983557,NY.GDP.PCAP.CD,gdp_per_capita_usd,D2
RS,Serbia,2023,12281.707946167,NY.GDP.PCAP.CD,gdp_per_capita_usd,D2
RS,Serbia,2022,10024.8191112596,NY.GDP.PCAP.CD,gdp_per_capita_usd,D2
RS,Serbia,2021,9680.52798074468,NY.GDP.PCAP.CD,gdp_per_capita_usd,D2
RS,Serbia,2020,8098.70955668849,NY.GDP.PCAP.CD,gdp_per_capita_usd,D2
SC,Seychelles,2024,17858.8226383978,NY.GDP.PCAP.CD,gdp_per_capita_usd,D2
SC,Seychelles,2023,18262.7115849287,NY.GDP.PCAP.CD,gdp_per_capita_usd,D2
SC,Seychelles,2022,16836.6721895387,NY.GDP.PCAP.CD,gdp_per_capita_usd,D2
SC,Seychelles,2021,14982.9111487767,NY.GDP.PCAP.CD,gdp_per_capita_usd,D2
SC,Seychelles,2020,14041.4754074575,NY.GDP.PCAP.CD,gdp_per_capita_usd,D2
SL,Sierra Leone,2024,806.654650417726,NY.GDP.PCAP.CD,gdp_per_capita_usd,D2
SL,Sierra Leone,2023,758.329137378248,NY.GDP.PCAP.CD,gdp_per_capita_usd,D2
SL,Sierra Leone,2022,860.371067916096,NY.GDP.PCAP.CD,gdp_per_capita_usd,D2
SL,Sierra Leone,2021,885.396401885395,NY.GDP.PCAP.CD,gdp_per_capita_usd,D2
SL,Sierra Leone,2020,845.277557920549,NY.GDP.PCAP.CD,gdp_per_capita_usd,D2
SG,Singapore,2024,90674.066632628,NY.GDP.PCAP.CD,gdp_per_capita_usd,D2
SG,Singapore,2023,85412.230345235,NY.GDP.PCAP.CD,gdp_per_capita_usd,D2
SG,Singapore,2022,90299.0694637269,NY.GDP.PCAP.CD,gdp_per_capita_usd,D2
SG,Singapore,2021,80056.1288247844,NY.GDP.PCAP.CD,gdp_per_capita_usd,D2
SG,Singapore,2020,61410.0792630788,NY.GDP.PCAP.CD,gdp_per_capita_usd,D2
SX,Sint Maarten (Dutch part),2024,41472.5874498583,NY.GDP.PCAP.CD,gdp_per_capita_usd,D2
SX,Sint Maarten (Dutch part),2023,39451.8223361963,NY.GDP.PCAP.CD,gdp_per_capita_usd,D2
SX,Sint Maarten (Dutch part),2022,37793.1284399157,NY.GDP.PCAP.CD,gdp_per_capita_usd,D2
SX,Sint Maarten (Dutch part),2021,32548.4366854902,NY.GDP.PCAP.CD,gdp_per_capita_usd,D2
SX,Sint Maarten (Dutch part),2020,30150.8998380477,NY.GDP.PCAP.CD,gdp_per_capita_usd,D2
SK,Slovak Republic,2024,25992.6748502048,NY.GDP.PCAP.CD,gdp_per_capita_usd,D2
SK,Slovak Republic,2023,24614.8734642794,NY.GDP.PCAP.CD,gdp_per_capita_usd,D2
SK,Slovak Republic,2022,21317.7943982363,NY.GDP.PCAP.CD,gdp_per_capita_usd,D2
SK,Slovak Republic,2021,22123.3342114545,NY.GDP.PCAP.CD,gdp_per_capita_usd,D2
SK,Slovak Republic,2020,19735.4858280801,NY.GDP.PCAP.CD,gdp_per_capita_usd,D2
SI,Slovenia,2024,34301.0318686594,NY.GDP.PCAP.CD,gdp_per_capita_usd,D2
SI,Slovenia,2023,32660.4753581346,NY.GDP.PCAP.CD,gdp_per_capita_usd,D2
SI,Slovenia,2022,28360.3041467268,NY.GDP.PCAP.CD,gdp_per_capita_usd,D2
SI,Slovenia,2021,29192.8401933019,NY.GDP.PCAP.CD,gdp_per_capita_usd,D2
SI,Slovenia,2020,25392.0651093612,NY.GDP.PCAP.CD,gdp_per_capita_usd,D2
SB,Solomon Islands,2024,1933.55538435227,NY.GDP.PCAP.CD,gdp_per_capita_usd,D2
SB,Solomon Islands,2023,1882.64394148042,NY.GDP.PCAP.CD,gdp_per_capita_usd,D2
SB,Solomon Islands,2022,1877.78104490956,NY.GDP.PCAP.CD,gdp_per_capita_usd,D2
SB,Solomon Islands,2021,2043.44413170658,NY.GDP.PCAP.CD,gdp_per_capita_usd,D2
SB,Solomon Islands,2020,2063.32780991967,NY.GDP.PCAP.CD,gdp_per_capita_usd,D2
SO,"Somalia, Fed. Rep.",2024,629.538899449007,NY.GDP.PCAP.CD,gdp_per_capita_usd,D2
SO,"Somalia, Fed. Rep.",2023,596.885985135589,NY.GDP.PCAP.CD,gdp_per_capita_usd,D2
SO,"Somalia, Fed. Rep.",2022,573.141165798229,NY.GDP.PCAP.CD,gdp_per_capita_usd,D2
SO,"Somalia, Fed. Rep.",2021,549.056994756254,NY.GDP.PCAP.CD,gdp_per_capita_usd,D2
SO,"Somalia, Fed. Rep.",2020,518.16113333875,NY.GDP.PCAP.CD,gdp_per_capita_usd,D2
ZA,South Africa,2024,6267.186814093,NY.GDP.PCAP.CD,gdp_per_capita_usd,D2
ZA,South Africa,2023,6034.27208964673,NY.GDP.PCAP.CD,gdp_per_capita_usd,D2
ZA,South Africa,2022,6534.24867783397,NY.GDP.PCAP.CD,gdp_per_capita_usd,D2
ZA,South Africa,2021,6828.75624590017,NY.GDP.PCAP.CD,gdp_per_capita_usd,D2
ZA,South Africa,2020,5580.60383075189,NY.GDP.PCAP.CD,gdp_per_capita_usd,D2
ES,Spain,2024,35326.7683069278,NY.GDP.PCAP.CD,gdp_per_capita_usd,D2
ES,Spain,2023,33493.2225409111,NY.GDP.PCAP.CD,gdp_per_capita_usd,D2
ES,Spain,2022,30319.4987196616,NY.GDP.PCAP.CD,gdp_per_capita_usd,D2
ES,Spain,2021,30799.4775937775,NY.GDP.PCAP.CD,gdp_per_capita_usd,D2
ES,Spain,2020,27233.9426461608,NY.GDP.PCAP.CD,gdp_per_capita_usd,D2
LK,Sri Lanka,2024,4515.56787322732,NY.GDP.PCAP.CD,gdp_per_capita_usd,D2
LK,Sri Lanka,2023,3798.89016573011,NY.GDP.PCAP.CD,gdp_per_capita_usd,D2
LK,Sri Lanka,2022,3342.63650253855,NY.GDP.PCAP.CD,gdp_per_capita_usd,D2
LK,Sri Lanka,2021,3996.96240014909,NY.GDP.PCAP.CD,gdp_per_capita_usd,D2
LK,Sri Lanka,2020,3847.60137695639,NY.GDP.PCAP.CD,gdp_per_capita_usd,D2
KN,St. Kitts and Nevis,2024,23960.6534357084,NY.GDP.PCAP.CD,gdp_per_capita_usd,D2
KN,St. Kitts and Nevis,2023,22576.9248439166,NY.GDP.PCAP.CD,gdp_per_capita_usd,D2
KN,St. Kitts and Nevis,2022,21011.5744209816,NY.GDP.PCAP.CD,gdp_per_capita_usd,D2
KN,St. Kitts and Nevis,2021,18361.1449697886,NY.GDP.PCAP.CD,gdp_per_capita_usd,D2
KN,St. Kitts and Nevis,2020,18859.0190361046,NY.GDP.PCAP.CD,gdp_per_capita_usd,D2
LC,St. Lucia,2024,14181.6303351598,NY.GDP.PCAP.CD,gdp_per_capita_usd,D2
LC,St. Lucia,2023,13554.7684784933,NY.GDP.PCAP.CD,gdp_per_capita_usd,D2
LC,St. Lucia,2022,13103.8243147472,NY.GDP.PCAP.CD,gdp_per_capita_usd,D2
LC,St. Lucia,2021,10459.1321248092,NY.GDP.PCAP.CD,gdp_per_capita_usd,D2
LC,St. Lucia,2020,8411.07474936367,NY.GDP.PCAP.CD,gdp_per_capita_usd,D2
MF,St. Martin (French part),2021,21668.3776525323,NY.GDP.PCAP.CD,gdp_per_capita_usd,D2
VC,St. Vincent and the Grenadines,2024,11501.2265187188,NY.GDP.PCAP.CD,gdp_per_capita_usd,D2
VC,St. Vincent and the Grenadines,2023,10582.3656725229,NY.GDP.PCAP.CD,gdp_per_capita_usd,D2
VC,St. Vincent and the Grenadines,2022,9693.55867833025,NY.GDP.PCAP.CD,gdp_per_capita_usd,D2
VC,St. Vincent and the Grenadines,2021,8641.27904024443,NY.GDP.PCAP.CD,gdp_per_capita_usd,D2
VC,St. Vincent and the Grenadines,2020,8351.20324040982,NY.GDP.PCAP.CD,gdp_per_capita_usd,D2
SD,Sudan,2024,984.607666015625,NY.GDP.PCAP.CD,gdp_per_capita_usd,D2
SD,Sudan,2023,797.283447265625,NY.GDP.PCAP.CD,gdp_per_capita_usd,D2
SD,Sudan,2022,1046.24084472656,NY.GDP.PCAP.CD,gdp_per_capita_usd,D2
SD,Sudan,2021,712.122009277344,NY.GDP.PCAP.CD,gdp_per_capita_usd,D2
SD,Sudan,2020,577.795227050781,NY.GDP.PCAP.CD,gdp_per_capita_usd,D2
SR,Suriname,2024,6961.78955961526,NY.GDP.PCAP.CD,gdp_per_capita_usd,D2
SR,Suriname,2023,5521.97602122638,NY.GDP.PCAP.CD,gdp_per_capita_usd,D2
SR,Suriname,2022,6084.43876736445,NY.GDP.PCAP.CD,gdp_per_capita_usd,D2
SR,Suriname,2021,5029.84838543953,NY.GDP.PCAP.CD,gdp_per_capita_usd,D2
SR,Suriname,2020,4755.39221710693,NY.GDP.PCAP.CD,gdp_per_capita_usd,D2
SE,Sweden,2024,57117.4877440616,NY.GDP.PCAP.CD,gdp_per_capita_usd,D2
SE,Sweden,2023,54950.2834725622,NY.GDP.PCAP.CD,gdp_per_capita_usd,D2
SE,Sweden,2022,54836.8907235124,NY.GDP.PCAP.CD,gdp_per_capita_usd,D2
SE,Sweden,2021,60647.5416365347,NY.GDP.PCAP.CD,gdp_per_capita_usd,D2
SE,Sweden,2020,52568.5726980146,NY.GDP.PCAP.CD,gdp_per_capita_usd,D2
CH,Switzerland,2024,103998.186685604,NY.GDP.PCAP.CD,gdp_per_capita_usd,D2
CH,Switzerland,2023,100623.549627296,NY.GDP.PCAP.CD,gdp_per_capita_usd,D2
CH,Switzerland,2022,94394.5106803525,NY.GDP.PCAP.CD,gdp_per_capita_usd,D2
CH,Switzerland,2021,93664.7736696111,NY.GDP.PCAP.CD,gdp_per_capita_usd,D2
CH,Switzerland,2020,85897.7843338323,NY.GDP.PCAP.CD,gdp_per_capita_usd,D2
SY,Syrian Arab Republic,2022,1051.67149587463,NY.GDP.PCAP.CD,gdp_per_capita_usd,D2
SY,Syrian Arab Republic,2021,663.614245706815,NY.GDP.PCAP.CD,gdp_per_capita_usd,D2
SY,Syrian Arab Republic,2020,572.355289831901,NY.GDP.PCAP.CD,gdp_per_capita_usd,D2
TJ,Tajikistan,2024,1341.20229027672,NY.GDP.PCAP.CD,gdp_per_capita_usd,D2
TJ,Tajikistan,2023,1178.47990060249,NY.GDP.PCAP.CD,gdp_per_capita_usd,D2
TJ,Tajikistan,2022,1052.17949484894,NY.GDP.PCAP.CD,gdp_per_capita_usd,D2
TJ,Tajikistan,2021,896.748053372182,NY.GDP.PCAP.CD,gdp_per_capita_usd,D2
TJ,Tajikistan,2020,834.311715460625,NY.GDP.PCAP.CD,gdp_per_capita_usd,D2
TZ,Tanzania,2024,1186.71691894531,NY.GDP.PCAP.CD,gdp_per_capita_usd,D2
TZ,Tanzania,2023,1224.00219726563,NY.GDP.PCAP.CD,gdp_per_capita_usd,D2
TZ,Tanzania,2022,1207.52062988281,NY.GDP.PCAP.CD,gdp_per_capita_usd,D2
TZ,Tanzania,2021,1159.85656738281,NY.GDP.PCAP.CD,gdp_per_capita_usd,D2
TZ,Tanzania,2020,1117.41528320313,NY.GDP.PCAP.CD,gdp_per_capita_usd,D2
TH,Thailand,2024,7346.62022142185,NY.GDP.PCAP.CD,gdp_per_capita_usd,D2
TH,Thailand,2023,7195.10130919449,NY.GDP.PCAP.CD,gdp_per_capita_usd,D2
TH,Thailand,2022,6909.35281815827,NY.GDP.PCAP.CD,gdp_per_capita_usd,D2
TH,Thailand,2021,7057.20754802279,NY.GDP.PCAP.CD,gdp_per_capita_usd,D2
TH,Thailand,2020,6985.64393892574,NY.GDP.PCAP.CD,gdp_per_capita_usd,D2
TL,Timor-Leste,2024,1331.9705130185,NY.GDP.PCAP.CD,gdp_per_capita_usd,D2
TL,Timor-Leste,2023,1502.41147438211,NY.GDP.PCAP.CD,gdp_per_capita_usd,D2
TL,Timor-Leste,2022,2343.24954740187,NY.GDP.PCAP.CD,gdp_per_capita_usd,D2
TL,Timor-Leste,2021,2684.92676774277,NY.GDP.PCAP.CD,gdp_per_capita_usd,D2
TL,Timor-Leste,2020,1630.86938521256,NY.GDP.PCAP.CD,gdp_per_capita_usd,D2
TG,Togo,2024,1119.38160509429,NY.GDP.PCAP.CD,gdp_per_capita_usd,D2
TG,Togo,2023,1055.01727877926,NY.GDP.PCAP.CD,gdp_per_capita_usd,D2
TG,Togo,2022,951.232378690387,NY.GDP.PCAP.CD,gdp_per_capita_usd,D2
TG,Togo,2021,962.075187515872,NY.GDP.PCAP.CD,gdp_per_capita_usd,D2
TG,Togo,2020,863.468665870276,NY.GDP.PCAP.CD,gdp_per_capita_usd,D2
TO,Tonga,2023,5651.59373063157,NY.GDP.PCAP.CD,gdp_per_capita_usd,D2
TO,Tonga,2022,5298.01941509951,NY.GDP.PCAP.CD,gdp_per_capita_usd,D2
TO,Tonga,2021,4922.80171378368,NY.GDP.PCAP.CD,gdp_per_capita_usd,D2
TO,Tonga,2020,4792.35854741522,NY.GDP.PCAP.CD,gdp_per_capita_usd,D2
TT,Trinidad and Tobago,2024,18733.4110406494,NY.GDP.PCAP.CD,gdp_per_capita_usd,D2
TT,Trinidad and Tobago,2023,18308.4536298575,NY.GDP.PCAP.CD,gdp_per_capita_usd,D2
TT,Trinidad and Tobago,2022,20750.5202434652,NY.GDP.PCAP.CD,gdp_per_capita_usd,D2
TT,Trinidad and Tobago,2021,17712.5674104655,NY.GDP.PCAP.CD,gdp_per_capita_usd,D2
TT,Trinidad and Tobago,2020,15283.6270531554,NY.GDP.PCAP.CD,gdp_per_capita_usd,D2
TN,Tunisia,2024,4181.13789301228,NY.GDP.PCAP.CD,gdp_per_capita_usd,D2
TN,Tunisia,2023,3951.11683376921,NY.GDP.PCAP.CD,gdp_per_capita_usd,D2
TN,Tunisia,2022,3707.29283414381,NY.GDP.PCAP.CD,gdp_per_capita_usd,D2
TN,Tunisia,2021,3906.93926319391,NY.GDP.PCAP.CD,gdp_per_capita_usd,D2
TN,Tunisia,2020,3548.65363663803,NY.GDP.PCAP.CD,gdp_per_capita_usd,D2
TR,Turkiye,2024,15892.7157287241,NY.GDP.PCAP.CD,gdp_per_capita_usd,D2
TR,Turkiye,2023,13375.0947282864,NY.GDP.PCAP.CD,gdp_per_capita_usd,D2
TR,Turkiye,2022,10897.8397861365,NY.GDP.PCAP.CD,gdp_per_capita_usd,D2
TR,Turkiye,2021,9981.76398411336,NY.GDP.PCAP.CD,gdp_per_capita_usd,D2
TR,Turkiye,2020,8798.11791709313,NY.GDP.PCAP.CD,gdp_per_capita_usd,D2
TM,Turkmenistan,2024,6856.65802730208,NY.GDP.PCAP.CD,gdp_per_capita_usd,D2
TM,Turkmenistan,2023,6231.91323839698,NY.GDP.PCAP.CD,gdp_per_capita_usd,D2
TM,Turkmenistan,2022,5837.84224538947,NY.GDP.PCAP.CD,gdp_per_capita_usd,D2
TM,Turkmenistan,2021,5723.30227157906,NY.GDP.PCAP.CD,gdp_per_capita_usd,D2
TM,Turkmenistan,2020,5972.72356566861,NY.GDP.PCAP.CD,gdp_per_capita_usd,D2
TC,Turks and Caicos Islands,2024,37506.7798431288,NY.GDP.PCAP.CD,gdp_per_capita_usd,D2
TC,Turks and Caicos Islands,2023,35470.2151608295,NY.GDP.PCAP.CD,gdp_per_capita_usd,D2
TC,Turks and Caicos Islands,2022,31280.5418020808,NY.GDP.PCAP.CD,gdp_per_capita_usd,D2
TC,Turks and Caicos Islands,2021,27329.2885087196,NY.GDP.PCAP.CD,gdp_per_capita_usd,D2
TC,Turks and Caicos Islands,2020,20690.9160546118,NY.GDP.PCAP.CD,gdp_per_capita_usd,D2
TV,Tuvalu,2023,6344.7750188689,NY.GDP.PCAP.CD,gdp_per_capita_usd,D2
TV,Tuvalu,2022,5911.32727055301,NY.GDP.PCAP.CD,gdp_per_capita_usd,D2
TV,Tuvalu,2021,5905.08198095343,NY.GDP.PCAP.CD,gdp_per_capita_usd,D2
TV,Tuvalu,2020,4976.11254109571,NY.GDP.PCAP.CD,gdp_per_capita_usd,D2
UG,Uganda,2024,1077.91278452817,NY.GDP.PCAP.CD,gdp_per_capita_usd,D2
UG,Uganda,2023,1002.30913917142,NY.GDP.PCAP.CD,gdp_per_capita_usd,D2
UG,Uganda,2022,963.067314117178,NY.GDP.PCAP.CD,gdp_per_capita_usd,D2
UG,Uganda,2021,882.791717542504,NY.GDP.PCAP.CD,gdp_per_capita_usd,D2
UG,Uganda,2020,845.766463890124,NY.GDP.PCAP.CD,gdp_per_capita_usd,D2
UA,Ukraine,2024,5389.47314453125,NY.GDP.PCAP.CD,gdp_per_capita_usd,D2
UA,Ukraine,2023,5139.59814453125,NY.GDP.PCAP.CD,gdp_per_capita_usd,D2
UA,Ukraine,2022,4199.6708984375,NY.GDP.PCAP.CD,gdp_per_capita_usd,D2
UA,Ukraine,2021,4775.94580078125,NY.GDP.PCAP.CD,gdp_per_capita_usd,D2
UA,Ukraine,2020,3709.76928710938,NY.GDP.PCAP.CD,gdp_per_capita_usd,D2
AE,United Arab Emirates,2024,50273.5060469837,NY.GDP.PCAP.CD,gdp_per_capita_usd,D2
AE,United Arab Emirates,2023,49850.6872175164,NY.GDP.PCAP.CD,gdp_per_capita_usd,D2
AE,United Arab Emirates,2022,50759.7589231191,NY.GDP.PCAP.CD,gdp_per_capita_usd,D2
AE,United Arab Emirates,2021,44118.5047192771,NY.GDP.PCAP.CD,gdp_per_capita_usd,D2
AE,United Arab Emirates,2020,37991.7492971665,NY.GDP.PCAP.CD,gdp_per_capita_usd,D2
GB,United Kingdom,2024,53246.3676145108,NY.GDP.PCAP.CD,gdp_per_capita_usd,D2
GB,United Kingdom,2023,49944.4702124201,NY.GDP.PCAP.CD,gdp_per_capita_usd,D2
GB,United Kingdom,2022,47057.043229179,NY.GDP.PCAP.CD,gdp_per_capita_usd,D2
GB,United Kingdom,2021,47691.3768799404,NY.GDP.PCAP.CD,gdp_per_capita_usd,D2
GB,United Kingdom,2020,40812.6794663879,NY.GDP.PCAP.CD,gdp_per_capita_usd,D2
US,United States,2024,84534.0407841548,NY.GDP.PCAP.CD,gdp_per_capita_usd,D2
US,United States,2023,81032.262117545,NY.GDP.PCAP.CD,gdp_per_capita_usd,D2
US,United States,2022,76657.2488844403,NY.GDP.PCAP.CD,gdp_per_capita_usd,D2
US,United States,2021,70205.050916026,NY.GDP.PCAP.CD,gdp_per_capita_usd,D2
US,United States,2020,63515.9491807833,NY.GDP.PCAP.CD,gdp_per_capita_usd,D2
UY,Uruguay,2024,23906.5133029408,NY.GDP.PCAP.CD,gdp_per_capita_usd,D2
UY,Uruguay,2023,23019.4221560046,NY.GDP.PCAP.CD,gdp_per_capita_usd,D2
UY,Uruguay,2022,20818.6146091144,NY.GDP.PCAP.CD,gdp_per_capita_usd,D2
UY,Uruguay,2021,17881.818721099,NY.GDP.PCAP.CD,gdp_per_capita_usd,D2
UY,Uruguay,2020,15757.5355995779,NY.GDP.PCAP.CD,gdp_per_capita_usd,D2
UZ,Uzbekistan,2024,3161.70010632875,NY.GDP.PCAP.CD,gdp_per_capita_usd,D2
UZ,Uzbekistan,2023,2878.96879292451,NY.GDP.PCAP.CD,gdp_per_capita_usd,D2
UZ,Uzbekistan,2022,2578.66689394219,NY.GDP.PCAP.CD,gdp_per_capita_usd,D2
UZ,Uzbekistan,2021,2258.51964119278,NY.GDP.PCAP.CD,gdp_per_capita_usd,D2
UZ,Uzbekistan,2020,1978.28051860763,NY.GDP.PCAP.CD,gdp_per_capita_usd,D2
VU,Vanuatu,2024,3410.77023167097,NY.GDP.PCAP.CD,gdp_per_capita_usd,D2
VU,Vanuatu,2023,3482.61458237637,NY.GDP.PCAP.CD,gdp_per_capita_usd,D2
VU,Vanuatu,2022,3370.21191956953,NY.GDP.PCAP.CD,gdp_per_capita_usd,D2
VU,Vanuatu,2021,3107.20312858002,NY.GDP.PCAP.CD,gdp_per_capita_usd,D2
VU,Vanuatu,2020,3042.98711598286,NY.GDP.PCAP.CD,gdp_per_capita_usd,D2
VE,"Venezuela, RB",2024,4217.59102643391,NY.GDP.PCAP.CD,gdp_per_capita_usd,D2
VE,"Venezuela, RB",2023,3617.43594578269,NY.GDP.PCAP.CD,gdp_per_capita_usd,D2
VE,"Venezuela, RB",2022,3155.04207099687,NY.GDP.PCAP.CD,gdp_per_capita_usd,D2
VE,"Venezuela, RB",2021,2004.93397949792,NY.GDP.PCAP.CD,gdp_per_capita_usd,D2
VE,"Venezuela, RB",2020,1506.0436210041,NY.GDP.PCAP.CD,gdp_per_capita_usd,D2
VN,Viet Nam,2024,4717.29028732449,NY.GDP.PCAP.CD,gdp_per_capita_usd,D2
VN,Viet Nam,2023,4323.35031982451,NY.GDP.PCAP.CD,gdp_per_capita_usd,D2
VN,Viet Nam,2022,4147.69777213621,NY.GDP.PCAP.CD,gdp_per_capita_usd,D2
VN,Viet Nam,2021,3704.1935590038,NY.GDP.PCAP.CD,gdp_per_capita_usd,D2
VN,Viet Nam,2020,3534.03953482647,NY.GDP.PCAP.CD,gdp_per_capita_usd,D2
VI,Virgin Islands (U.S.),2022,44320.909185774,NY.GDP.PCAP.CD,gdp_per_capita_usd,D2
VI,Virgin Islands (U.S.),2021,42571.0777368471,NY.GDP.PCAP.CD,gdp_per_capita_usd,D2
VI,Virgin Islands (U.S.),2020,39787.3741650202,NY.GDP.PCAP.CD,gdp_per_capita_usd,D2
PS,West Bank and Gaza,2024,2592.30591217647,NY.GDP.PCAP.CD,gdp_per_capita_usd,D2
PS,West Bank and Gaza,2023,3455.02852911712,NY.GDP.PCAP.CD,gdp_per_capita_usd,D2
PS,West Bank and Gaza,2022,3799.95527015163,NY.GDP.PCAP.CD,gdp_per_capita_usd,D2
PS,West Bank and Gaza,2021,3678.63565662194,NY.GDP.PCAP.CD,gdp_per_capita_usd,D2
PS,West Bank and Gaza,2020,3233.56863835858,NY.GDP.PCAP.CD,gdp_per_capita_usd,D2
ZM,Zambia,2024,1187.10943350064,NY.GDP.PCAP.CD,gdp_per_capita_usd,D2
ZM,Zambia,2023,1330.72780576709,NY.GDP.PCAP.CD,gdp_per_capita_usd,D2
ZM,Zambia,2022,1447.12310138035,NY.GDP.PCAP.CD,gdp_per_capita_usd,D2
ZM,Zambia,2021,1127.16077872857,NY.GDP.PCAP.CD,gdp_per_capita_usd,D2
ZM,Zambia,2020,951.644316655957,NY.GDP.PCAP.CD,gdp_per_capita_usd,D2
ZW,Zimbabwe,2024,2497.20332208763,NY.GDP.PCAP.CD,gdp_per_capita_usd,D2
ZW,Zimbabwe,2023,2195.22492079245,NY.GDP.PCAP.CD,gdp_per_capita_usd,D2
ZW,Zimbabwe,2022,2536.40050223076,NY.GDP.PCAP.CD,gdp_per_capita_usd,D2
ZW,Zimbabwe,2021,2613.60542083552,NY.GDP.PCAP.CD,gdp_per_capita_usd,D2
ZW,Zimbabwe,2020,2059.67445384499,NY.GDP.PCAP.CD,gdp_per_capita_usd,D2
ZH,Africa Eastern and Southern,2024,2.22870053606046,BX.TRF.PWKR.DT.GD.ZS,remittances_received_pct_gdp,D2
ZH,Africa Eastern and Southern,2023,1.81954235459065,BX.TRF.PWKR.DT.GD.ZS,remittances_received_pct_gdp,D2
ZH,Africa Eastern and Southern,2022,1.68412899734481,BX.TRF.PWKR.DT.GD.ZS,remittances_received_pct_gdp,D2
ZH,Africa Eastern and Southern,2021,1.54555828629524,BX.TRF.PWKR.DT.GD.ZS,remittances_received_pct_gdp,D2
ZH,Africa Eastern and Southern,2020,1.45314737965863,BX.TRF.PWKR.DT.GD.ZS,remittances_received_pct_gdp,D2
ZI,Africa Western and Central,2024,5.41191447580414,BX.TRF.PWKR.DT.GD.ZS,remittances_received_pct_gdp,D2
ZI,Africa Western and Central,2023,3.76204370329912,BX.TRF.PWKR.DT.GD.ZS,remittances_received_pct_gdp,D2
ZI,Africa Western and Central,2022,3.22117892807475,BX.TRF.PWKR.DT.GD.ZS,remittances_received_pct_gdp,D2
ZI,Africa Western and Central,2021,3.12393953150433,BX.TRF.PWKR.DT.GD.ZS,remittances_received_pct_gdp,D2
ZI,Africa Western and Central,2020,3.17937156989755,BX.TRF.PWKR.DT.GD.ZS,remittances_received_pct_gdp,D2
1A,Arab World,2024,1.68105964107084,BX.TRF.PWKR.DT.GD.ZS,remittances_received_pct_gdp,D2
1A,Arab World,2023,1.68586484681734,BX.TRF.PWKR.DT.GD.ZS,remittances_received_pct_gdp,D2
1A,Arab World,2022,2.14200711428406,BX.TRF.PWKR.DT.GD.ZS,remittances_received_pct_gdp,D2
1A,Arab World,2021,2.69479884425838,BX.TRF.PWKR.DT.GD.ZS,remittances_received_pct_gdp,D2
1A,Arab World,2020,2.77797124697672,BX.TRF.PWKR.DT.GD.ZS,remittances_received_pct_gdp,D2
S3,Caribbean small states,2024,1.73700104911762,BX.TRF.PWKR.DT.GD.ZS,remittances_received_pct_gdp,D2
S3,Caribbean small states,2023,1.87893119705354,BX.TRF.PWKR.DT.GD.ZS,remittances_received_pct_gdp,D2
S3,Caribbean small states,2022,1.91192187508001,BX.TRF.PWKR.DT.GD.ZS,remittances_received_pct_gdp,D2
S3,Caribbean small states,2021,2.4352894678356,BX.TRF.PWKR.DT.GD.ZS,remittances_received_pct_gdp,D2
S3,Caribbean small states,2020,2.45206061311604,BX.TRF.PWKR.DT.GD.ZS,remittances_received_pct_gdp,D2
B8,Central Europe and the Baltics,2024,1.78884258041109,BX.TRF.PWKR.DT.GD.ZS,remittances_received_pct_gdp,D2
B8,Central Europe and the Baltics,2023,1.87551056303822,BX.TRF.PWKR.DT.GD.ZS,remittances_received_pct_gdp,D2
B8,Central Europe and the Baltics,2022,1.91929563417231,BX.TRF.PWKR.DT.GD.ZS,remittances_received_pct_gdp,D2
B8,Central Europe and the Baltics,2021,1.9791854429685,BX.TRF.PWKR.DT.GD.ZS,remittances_received_pct_gdp,D2
B8,Central Europe and the Baltics,2020,2.08141289767928,BX.TRF.PWKR.DT.GD.ZS,remittances_received_pct_gdp,D2
V2,Early-demographic dividend,2024,3.29625069735454,BX.TRF.PWKR.DT.GD.ZS,remittances_received_pct_gdp,D2
V2,Early-demographic dividend,2023,3.05347286273899,BX.TRF.PWKR.DT.GD.ZS,remittances_received_pct_gdp,D2
V2,Early-demographic dividend,2022,3.19196087073211,BX.TRF.PWKR.DT.GD.ZS,remittances_received_pct_gdp,D2
V2,Early-demographic dividend,2021,3.15291924781428,BX.TRF.PWKR.DT.GD.ZS,remittances_received_pct_gdp,D2
V2,Early-demographic dividend,2020,3.27580644376523,BX.TRF.PWKR.DT.GD.ZS,remittances_received_pct_gdp,D2
Z4,East Asia & Pacific,2024,0.447038650453352,BX.TRF.PWKR.DT.GD.ZS,remittances_received_pct_gdp,D2
Z4,East Asia & Pacific,2023,0.432171098017791,BX.TRF.PWKR.DT.GD.ZS,remittances_received_pct_gdp,D2
Z4,East Asia & Pacific,2022,0.412612038720991,BX.TRF.PWKR.DT.GD.ZS,remittances_received_pct_gdp,D2
Z4,East Asia & Pacific,2021,0.372952805856234,BX.TRF.PWKR.DT.GD.ZS,remittances_received_pct_gdp,D2
Z4,East Asia & Pacific,2020,0.400048774797005,BX.TRF.PWKR.DT.GD.ZS,remittances_received_pct_gdp,D2
4E,East Asia & Pacific (excluding high income),2024,0.542662613207004,BX.TRF.PWKR.DT.GD.ZS,remittances_received_pct_gdp,D2
4E,East Asia & Pacific (excluding high income),2023,0.529364278425792,BX.TRF.PWKR.DT.GD.ZS,remittances_received_pct_gdp,D2
4E,East Asia & Pacific (excluding high income),2022,0.496804596734846,BX.TRF.PWKR.DT.GD.ZS,remittances_received_pct_gdp,D2
4E,East Asia & Pacific (excluding high income),2021,0.459183791606924,BX.TRF.PWKR.DT.GD.ZS,remittances_received_pct_gdp,D2
4E,East Asia & Pacific (excluding high income),2020,0.508934785630189,BX.TRF.PWKR.DT.GD.ZS,remittances_received_pct_gdp,D2
T4,East Asia & Pacific (IDA & IBRD countries),2024,0.542668698383717,BX.TRF.PWKR.DT.GD.ZS,remittances_received_pct_gdp,D2
T4,East Asia & Pacific (IDA & IBRD countries),2023,0.529368127483973,BX.TRF.PWKR.DT.GD.ZS,remittances_received_pct_gdp,D2
T4,East Asia & Pacific (IDA & IBRD countries),2022,0.496809538762186,BX.TRF.PWKR.DT.GD.ZS,remittances_received_pct_gdp,D2
T4,East Asia & Pacific (IDA & IBRD countries),2021,0.459189473933662,BX.TRF.PWKR.DT.GD.ZS,remittances_received_pct_gdp,D2
T4,East Asia & Pacific (IDA & IBRD countries),2020,0.508950493854861,BX.TRF.PWKR.DT.GD.ZS,remittances_received_pct_gdp,D2
XC,Euro area,2024,0.737720463894581,BX.TRF.PWKR.DT.GD.ZS,remittances_received_pct_gdp,D2
XC,Euro area,2023,0.735979226811168,BX.TRF.PWKR.DT.GD.ZS,remittances_received_pct_gdp,D2
XC,Euro area,2022,0.72039711089921,BX.TRF.PWKR.DT.GD.ZS,remittances_received_pct_gdp,D2
XC,Euro area,2021,0.705621657762493,BX.TRF.PWKR.DT.GD.ZS,remittances_received_pct_gdp,D2
XC,Euro area,2020,0.72892078572048,BX.TRF.PWKR.DT.GD.ZS,remittances_received_pct_gdp,D2
Z7,Europe & Central Asia,2024,0.801181536295583,BX.TRF.PWKR.DT.GD.ZS,remittances_received_pct_gdp,D2
Z7,Europe & Central Asia,2023,0.820314559052397,BX.TRF.PWKR.DT.GD.ZS,remittances_received_pct_gdp,D2
Z7,Europe & Central Asia,2022,0.840862639376088,BX.TRF.PWKR.DT.GD.ZS,remittances_received_pct_gdp,D2
Z7,Europe & Central Asia,2021,0.821934549121738,BX.TRF.PWKR.DT.GD.ZS,remittances_received_pct_gdp,D2
Z7,Europe & Central Asia,2020,0.85115771262395,BX.TRF.PWKR.DT.GD.ZS,remittances_received_pct_gdp,D2
7E,Europe & Central Asia (excluding high income),2024,2.67104178566312,BX.TRF.PWKR.DT.GD.ZS,remittances_received_pct_gdp,D2
7E,Europe & Central Asia (excluding high income),2023,2.98557824606468,BX.TRF.PWKR.DT.GD.ZS,remittances_received_pct_gdp,D2
7E,Europe & Central Asia (excluding high income),2022,3.84819841293753,BX.TRF.PWKR.DT.GD.ZS,remittances_received_pct_gdp,D2
7E,Europe & Central Asia (excluding high income),2021,3.35741145413508,BX.TRF.PWKR.DT.GD.ZS,remittances_received_pct_gdp,D2
7E,Europe & Central Asia (excluding high income),2020,3.26128955427082,BX.TRF.PWKR.DT.GD.ZS,remittances_received_pct_gdp,D2
T7,Europe & Central Asia (IDA & IBRD countries),2024,1.53892783565726,BX.TRF.PWKR.DT.GD.ZS,remittances_received_pct_gdp,D2
T7,Europe & Central Asia (IDA & IBRD countries),2023,1.66945390633107,BX.TRF.PWKR.DT.GD.ZS,remittances_received_pct_gdp,D2
T7,Europe & Central Asia (IDA & IBRD countries),2022,1.82796601584652,BX.TRF.PWKR.DT.GD.ZS,remittances_received_pct_gdp,D2
T7,Europe & Central Asia (IDA & IBRD countries),2021,1.93074661399834,BX.TRF.PWKR.DT.GD.ZS,remittances_received_pct_gdp,D2
T7,Europe & Central Asia (IDA & IBRD countries),2020,1.98231577340444,BX.TRF.PWKR.DT.GD.ZS,remittances_received_pct_gdp,D2
EU,European Union,2024,0.811154520271722,BX.TRF.PWKR.DT.GD.ZS,remittances_received_pct_gdp,D2
EU,European Union,2023,0.816195519647502,BX.TRF.PWKR.DT.GD.ZS,remittances_received_pct_gdp,D2
EU,European Union,2022,0.799064250255888,BX.TRF.PWKR.DT.GD.ZS,remittances_received_pct_gdp,D2
EU,European Union,2021,0.78414174984391,BX.TRF.PWKR.DT.GD.ZS,remittances_received_pct_gdp,D2
EU,European Union,2020,0.815644556451008,BX.TRF.PWKR.DT.GD.ZS,remittances_received_pct_gdp,D2
F1,Fragile and conflict affected situations,2024,4.40818182140505,BX.TRF.PWKR.DT.GD.ZS,remittances_received_pct_gdp,D2
F1,Fragile and conflict affected situations,2023,4.202600010773,BX.TRF.PWKR.DT.GD.ZS,remittances_received_pct_gdp,D2
F1,Fragile and conflict affected situations,2022,4.0409939557351,BX.TRF.PWKR.DT.GD.ZS,remittances_received_pct_gdp,D2
F1,Fragile and conflict affected situations,2021,4.11837151876505,BX.TRF.PWKR.DT.GD.ZS,remittances_received_pct_gdp,D2
F1,Fragile and conflict affected situations,2020,3.95015480536048,BX.TRF.PWKR.DT.GD.ZS,remittances_received_pct_gdp,D2
XE,Heavily indebted poor countries (HIPC),2024,4.81833870304185,BX.TRF.PWKR.DT.GD.ZS,remittances_received_pct_gdp,D2
XE,Heavily indebted poor countries (HIPC),2023,4.35198163770782,BX.TRF.PWKR.DT.GD.ZS,remittances_received_pct_gdp,D2
XE,Heavily indebted poor countries (HIPC),2022,4.23101639571263,BX.TRF.PWKR.DT.GD.ZS,remittances_received_pct_gdp,D2
XE,Heavily indebted poor countries (HIPC),2021,3.90020531250505,BX.TRF.PWKR.DT.GD.ZS,remittances_received_pct_gdp,D2
XE,Heavily indebted poor countries (HIPC),2020,3.98357112862388,BX.TRF.PWKR.DT.GD.ZS,remittances_received_pct_gdp,D2
XD,High income,2024,0.294435114448587,BX.TRF.PWKR.DT.GD.ZS,remittances_received_pct_gdp,D2
XD,High income,2023,0.296446906544918,BX.TRF.PWKR.DT.GD.ZS,remittances_received_pct_gdp,D2
XD,High income,2022,0.28525533909391,BX.TRF.PWKR.DT.GD.ZS,remittances_received_pct_gdp,D2
XD,High income,2021,0.305364675630238,BX.TRF.PWKR.DT.GD.ZS,remittances_received_pct_gdp,D2
XD,High income,2020,0.317714750913329,BX.TRF.PWKR.DT.GD.ZS,remittances_received_pct_gdp,D2
XF,IBRD only,2024,1.28927962804734,BX.TRF.PWKR.DT.GD.ZS,remittances_received_pct_gdp,D2
XF,IBRD only,2023,1.25732603378439,BX.TRF.PWKR.DT.GD.ZS,remittances_received_pct_gdp,D2
XF,IBRD only,2022,1.25825840106909,BX.TRF.PWKR.DT.GD.ZS,remittances_received_pct_gdp,D2
XF,IBRD only,2021,1.22386149677744,BX.TRF.PWKR.DT.GD.ZS,remittances_received_pct_gdp,D2
XF,IBRD only,2020,1.27138883666359,BX.TRF.PWKR.DT.GD.ZS,remittances_received_pct_gdp,D2
ZT,IDA & IBRD total,2024,1.66327012316617,BX.TRF.PWKR.DT.GD.ZS,remittances_received_pct_gdp,D2
ZT,IDA & IBRD total,2023,1.57245645604652,BX.TRF.PWKR.DT.GD.ZS,remittances_received_pct_gdp,D2
ZT,IDA & IBRD total,2022,1.57369281320912,BX.TRF.PWKR.DT.GD.ZS,remittances_received_pct_gdp,D2
ZT,IDA & IBRD total,2021,1.52893013097983,BX.TRF.PWKR.DT.GD.ZS,remittances_received_pct_gdp,D2
ZT,IDA & IBRD total,2020,1.59475583216283,BX.TRF.PWKR.DT.GD.ZS,remittances_received_pct_gdp,D2
XH,IDA blend,2024,7.63996750751739,BX.TRF.PWKR.DT.GD.ZS,remittances_received_pct_gdp,D2
XH,IDA blend,2023,5.62311826967353,BX.TRF.PWKR.DT.GD.ZS,remittances_received_pct_gdp,D2
XH,IDA blend,2022,5.23119554728707,BX.TRF.PWKR.DT.GD.ZS,remittances_received_pct_gdp,D2
XH,IDA blend,2021,5.02733913994695,BX.TRF.PWKR.DT.GD.ZS,remittances_received_pct_gdp,D2
XH,IDA blend,2020,4.54734667468556,BX.TRF.PWKR.DT.GD.ZS,remittances_received_pct_gdp,D2
XI,IDA only,2024,6.67350538951937,BX.TRF.PWKR.DT.GD.ZS,remittances_received_pct_gdp,D2
XI,IDA only,2023,6.01958338485461,BX.TRF.PWKR.DT.GD.ZS,remittances_received_pct_gdp,D2
XI,IDA only,2022,5.77272903963589,BX.TRF.PWKR.DT.GD.ZS,remittances_received_pct_gdp,D2
XI,IDA only,2021,5.73125770507074,BX.TRF.PWKR.DT.GD.ZS,remittances_received_pct_gdp,D2
XI,IDA only,2020,6.12906388068122,BX.TRF.PWKR.DT.GD.ZS,remittances_received_pct_gdp,D2
XG,IDA total,2024,7.06150168025493,BX.TRF.PWKR.DT.GD.ZS,remittances_received_pct_gdp,D2
XG,IDA total,2023,5.84233425627821,BX.TRF.PWKR.DT.GD.ZS,remittances_received_pct_gdp,D2
XG,IDA total,2022,5.50893651513624,BX.TRF.PWKR.DT.GD.ZS,remittances_received_pct_gdp,D2
XG,IDA total,2021,5.3860844457311,BX.TRF.PWKR.DT.GD.ZS,remittances_received_pct_gdp,D2
XG,IDA total,2020,5.35206963129415,BX.TRF.PWKR.DT.GD.ZS,remittances_received_pct_gdp,D2
V3,Late-demographic dividend,2024,0.526846869523818,BX.TRF.PWKR.DT.GD.ZS,remittances_received_pct_gdp,D2
V3,Late-demographic dividend,2023,0.545839684224577,BX.TRF.PWKR.DT.GD.ZS,remittances_received_pct_gdp,D2
V3,Late-demographic dividend,2022,0.526658194572439,BX.TRF.PWKR.DT.GD.ZS,remittances_received_pct_gdp,D2
V3,Late-demographic dividend,2021,0.540098022266959,BX.TRF.PWKR.DT.GD.ZS,remittances_received_pct_gdp,D2
V3,Late-demographic dividend,2020,0.566324597602352,BX.TRF.PWKR.DT.GD.ZS,remittances_received_pct_gdp,D2
ZJ,Latin America & Caribbean,2024,2.4908990586635,BX.TRF.PWKR.DT.GD.ZS,remittances_received_pct_gdp,D2
ZJ,Latin America & Caribbean,2023,2.40973749991564,BX.TRF.PWKR.DT.GD.ZS,remittances_received_pct_gdp,D2
ZJ,Latin America & Caribbean,2022,2.52747845232379,BX.TRF.PWKR.DT.GD.ZS,remittances_received_pct_gdp,D2
ZJ,Latin America & Caribbean,2021,2.61114486666017,BX.TRF.PWKR.DT.GD.ZS,remittances_received_pct_gdp,D2
ZJ,Latin America & Caribbean,2020,2.41101782463475,BX.TRF.PWKR.DT.GD.ZS,remittances_received_pct_gdp,D2
XJ,Latin America & Caribbean (excluding high income),2024,2.72778094706969,BX.TRF.PWKR.DT.GD.ZS,remittances_received_pct_gdp,D2
XJ,Latin America & Caribbean (excluding high income),2023,2.63920083562524,BX.TRF.PWKR.DT.GD.ZS,remittances_received_pct_gdp,D2
XJ,Latin America & Caribbean (excluding high income),2022,2.76941456982149,BX.TRF.PWKR.DT.GD.ZS,remittances_received_pct_gdp,D2
XJ,Latin America & Caribbean (excluding high income),2021,2.88582093848529,BX.TRF.PWKR.DT.GD.ZS,remittances_received_pct_gdp,D2
XJ,Latin America & Caribbean (excluding high income),2020,2.65591026525399,BX.TRF.PWKR.DT.GD.ZS,remittances_received_pct_gdp,D2
T2,Latin America & the Caribbean (IDA & IBRD countries),2024,2.49638935878755,BX.TRF.PWKR.DT.GD.ZS,remittances_received_pct_gdp,D2
T2,Latin America & the Caribbean (IDA & IBRD countries),2023,2.41617162352582,BX.TRF.PWKR.DT.GD.ZS,remittances_received_pct_gdp,D2
T2,Latin America & the Caribbean (IDA & IBRD countries),2022,2.53451634395467,BX.TRF.PWKR.DT.GD.ZS,remittances_received_pct_gdp,D2
T2,Latin America & the Caribbean (IDA & IBRD countries),2021,2.61839746226179,BX.TRF.PWKR.DT.GD.ZS,remittances_received_pct_gdp,D2
T2,Latin America & the Caribbean (IDA & IBRD countries),2020,2.41725334471938,BX.TRF.PWKR.DT.GD.ZS,remittances_received_pct_gdp,D2
XL,Least developed countries: UN classification,2024,5.09540193843532,BX.TRF.PWKR.DT.GD.ZS,remittances_received_pct_gdp,D2
XL,Least developed countries: UN classification,2023,4.4446083343828,BX.TRF.PWKR.DT.GD.ZS,remittances_received_pct_gdp,D2
XL,Least developed countries: UN classification,2022,4.20035777094445,BX.TRF.PWKR.DT.GD.ZS,remittances_received_pct_gdp,D2
XL,Least developed countries: UN classification,2021,4.47682392373747,BX.TRF.PWKR.DT.GD.ZS,remittances_received_pct_gdp,D2
XL,Least developed countries: UN classification,2020,4.7357752064814,BX.TRF.PWKR.DT.GD.ZS,remittances_received_pct_gdp,D2
XO,Low & middle income,2024,1.75699159410971,BX.TRF.PWKR.DT.GD.ZS,remittances_received_pct_gdp,D2
XO,Low & middle income,2023,1.67064262996368,BX.TRF.PWKR.DT.GD.ZS,remittances_received_pct_gdp,D2
XO,Low & middle income,2022,1.68320964757637,BX.TRF.PWKR.DT.GD.ZS,remittances_received_pct_gdp,D2
XO,Low & middle income,2021,1.59364813473504,BX.TRF.PWKR.DT.GD.ZS,remittances_received_pct_gdp,D2
XO,Low & middle income,2020,1.65389955972475,BX.TRF.PWKR.DT.GD.ZS,remittances_received_pct_gdp,D2
XM,Low income,2024,3.64725425471239,BX.TRF.PWKR.DT.GD.ZS,remittances_received_pct_gdp,D2
XM,Low income,2023,4.22036435928628,BX.TRF.PWKR.DT.GD.ZS,remittances_received_pct_gdp,D2
XM,Low income,2022,4.31016444344915,BX.TRF.PWKR.DT.GD.ZS,remittances_received_pct_gdp,D2
XM,Low income,2021,3.98246134604325,BX.TRF.PWKR.DT.GD.ZS,remittances_received_pct_gdp,D2
XM,Low income,2020,3.90989558551687,BX.TRF.PWKR.DT.GD.ZS,remittances_received_pct_gdp,D2
XN,Lower middle income,2024,5.29225143949044,BX.TRF.PWKR.DT.GD.ZS,remittances_received_pct_gdp,D2
XN,Lower middle income,2023,4.81715214931839,BX.TRF.PWKR.DT.GD.ZS,remittances_received_pct_gdp,D2
XN,Lower middle income,2022,4.85217501228891,BX.TRF.PWKR.DT.GD.ZS,remittances_received_pct_gdp,D2
XN,Lower middle income,2021,4.70709436972531,BX.TRF.PWKR.DT.GD.ZS,remittances_received_pct_gdp,D2
XN,Lower middle income,2020,4.86216813605634,BX.TRF.PWKR.DT.GD.ZS,remittances_received_pct_gdp,D2
ZQ,"Middle East, North Africa, Afghanistan & Pakistan",2024,2.08632095460062,BX.TRF.PWKR.DT.GD.ZS,remittances_received_pct_gdp,D2
ZQ,"Middle East, North Africa, Afghanistan & Pakistan",2023,1.9245692904478,BX.TRF.PWKR.DT.GD.ZS,remittances_received_pct_gdp,D2
ZQ,"Middle East, North Africa, Afghanistan & Pakistan",2022,2.37690343541153,BX.TRF.PWKR.DT.GD.ZS,remittances_received_pct_gdp,D2
ZQ,"Middle East, North Africa, Afghanistan & Pakistan",2021,2.91104270187283,BX.TRF.PWKR.DT.GD.ZS,remittances_received_pct_gdp,D2
ZQ,"Middle East, North Africa, Afghanistan & Pakistan",2020,2.98538549432087,BX.TRF.PWKR.DT.GD.ZS,remittances_received_pct_gdp,D2
XQ,"Middle East, North Africa, Afghanistan & Pakistan (excluding high income)",2024,5.52245036368703,BX.TRF.PWKR.DT.GD.ZS,remittances_received_pct_gdp,D2
XQ,"Middle East, North Africa, Afghanistan & Pakistan (excluding high income)",2023,5.04723328722422,BX.TRF.PWKR.DT.GD.ZS,remittances_received_pct_gdp,D2
XQ,"Middle East, North Africa, Afghanistan & Pakistan (excluding high income)",2022,5.55108793991171,BX.TRF.PWKR.DT.GD.ZS,remittances_received_pct_gdp,D2
XQ,"Middle East, North Africa, Afghanistan & Pakistan (excluding high income)",2021,6.48419039733723,BX.TRF.PWKR.DT.GD.ZS,remittances_received_pct_gdp,D2
XQ,"Middle East, North Africa, Afghanistan & Pakistan (excluding high income)",2020,6.31206240809871,BX.TRF.PWKR.DT.GD.ZS,remittances_received_pct_gdp,D2
T3,"Middle East, North Africa, Afghanistan & Pakistan (IDA & IBRD)",2024,5.52381707538066,BX.TRF.PWKR.DT.GD.ZS,remittances_received_pct_gdp,D2
T3,"Middle East, North Africa, Afghanistan & Pakistan (IDA & IBRD)",2023,4.89465444598318,BX.TRF.PWKR.DT.GD.ZS,remittances_received_pct_gdp,D2
T3,"Middle East, North Africa, Afghanistan & Pakistan (IDA & IBRD)",2022,5.33424860561138,BX.TRF.PWKR.DT.GD.ZS,remittances_received_pct_gdp,D2
T3,"Middle East, North Africa, Afghanistan & Pakistan (IDA & IBRD)",2021,6.30524745431207,BX.TRF.PWKR.DT.GD.ZS,remittances_received_pct_gdp,D2
T3,"Middle East, North Africa, Afghanistan & Pakistan (IDA & IBRD)",2020,6.18986166307641,BX.TRF.PWKR.DT.GD.ZS,remittances_received_pct_gdp,D2
XP,Middle income,2024,1.74006841052272,BX.TRF.PWKR.DT.GD.ZS,remittances_received_pct_gdp,D2
XP,Middle income,2023,1.64774132525868,BX.TRF.PWKR.DT.GD.ZS,remittances_received_pct_gdp,D2
XP,Middle income,2022,1.6591681677909,BX.TRF.PWKR.DT.GD.ZS,remittances_received_pct_gdp,D2
XP,Middle income,2021,1.57359626298455,BX.TRF.PWKR.DT.GD.ZS,remittances_received_pct_gdp,D2
XP,Middle income,2020,1.63328061032888,BX.TRF.PWKR.DT.GD.ZS,remittances_received_pct_gdp,D2
XU,North America,2024,0.0384128000343342,BX.TRF.PWKR.DT.GD.ZS,remittances_received_pct_gdp,D2
XU,North America,2023,0.0382794236283312,BX.TRF.PWKR.DT.GD.ZS,remittances_received_pct_gdp,D2
XU,North America,2022,0.0369791060204129,BX.TRF.PWKR.DT.GD.ZS,remittances_received_pct_gdp,D2
XU,North America,2021,0.0377991934155375,BX.TRF.PWKR.DT.GD.ZS,remittances_received_pct_gdp,D2
XU,North America,2020,0.0405884558142055,BX.TRF.PWKR.DT.GD.ZS,remittances_received_pct_gdp,D2
OE,OECD members,2024,0.377094555964858,BX.TRF.PWKR.DT.GD.ZS,remittances_received_pct_gdp,D2
OE,OECD members,2023,0.378608471984482,BX.TRF.PWKR.DT.GD.ZS,remittances_received_pct_gdp,D2
OE,OECD members,2022,0.370838174202622,BX.TRF.PWKR.DT.GD.ZS,remittances_received_pct_gdp,D2
OE,OECD members,2021,0.366849487151411,BX.TRF.PWKR.DT.GD.ZS,remittances_received_pct_gdp,D2
OE,OECD members,2020,0.367132685385957,BX.TRF.PWKR.DT.GD.ZS,remittances_received_pct_gdp,D2
S4,Other small states,2024,1.92221506962465,BX.TRF.PWKR.DT.GD.ZS,remittances_received_pct_gdp,D2
S4,Other small states,2023,2.02487784208031,BX.TRF.PWKR.DT.GD.ZS,remittances_received_pct_gdp,D2
S4,Other small states,2022,2.09818065967994,BX.TRF.PWKR.DT.GD.ZS,remittances_received_pct_gdp,D2
S4,Other small states,2021,2.26063333690181,BX.TRF.PWKR.DT.GD.ZS,remittances_received_pct_gdp,D2
S4,Other small states,2020,2.23518521652814,BX.TRF.PWKR.DT.GD.ZS,remittances_received_pct_gdp,D2
S2,Pacific island small states,2024,8.79843697922692,BX.TRF.PWKR.DT.GD.ZS,remittances_received_pct_gdp,D2
S2,Pacific island small states,2023,11.4403652391143,BX.TRF.PWKR.DT.GD.ZS,remittances_received_pct_gdp,D2
S2,Pacific island small states,2022,12.801795184305,BX.TRF.PWKR.DT.GD.ZS,remittances_received_pct_gdp,D2
S2,Pacific island small states,2021,12.5451625375106,BX.TRF.PWKR.DT.GD.ZS,remittances_received_pct_gdp,D2
S2,Pacific island small states,2020,10.1318157126503,BX.TRF.PWKR.DT.GD.ZS,remittances_received_pct_gdp,D2
V4,Post-demographic dividend,2024,0.297005791043399,BX.TRF.PWKR.DT.GD.ZS,remittances_received_pct_gdp,D2
V4,Post-demographic dividend,2023,0.301421775382748,BX.TRF.PWKR.DT.GD.ZS,remittances_received_pct_gdp,D2
V4,Post-demographic dividend,2022,0.297706643876613,BX.TRF.PWKR.DT.GD.ZS,remittances_received_pct_gdp,D2
V4,Post-demographic dividend,2021,0.302942087655005,BX.TRF.PWKR.DT.GD.ZS,remittances_received_pct_gdp,D2
V4,Post-demographic dividend,2020,0.310401592591278,BX.TRF.PWKR.DT.GD.ZS,remittances_received_pct_gdp,D2
V1,Pre-demographic dividend,2024,3.35635422296136,BX.TRF.PWKR.DT.GD.ZS,remittances_received_pct_gdp,D2
V1,Pre-demographic dividend,2023,2.87832380841215,BX.TRF.PWKR.DT.GD.ZS,remittances_received_pct_gdp,D2
V1,Pre-demographic dividend,2022,2.52994660728467,BX.TRF.PWKR.DT.GD.ZS,remittances_received_pct_gdp,D2
V1,Pre-demographic dividend,2021,2.5842943005204,BX.TRF.PWKR.DT.GD.ZS,remittances_received_pct_gdp,D2
V1,Pre-demographic dividend,2020,2.43397539025992,BX.TRF.PWKR.DT.GD.ZS,remittances_received_pct_gdp,D2
S1,Small states,2024,2.10216372324851,BX.TRF.PWKR.DT.GD.ZS,remittances_received_pct_gdp,D2
S1,Small states,2023,2.33288255162287,BX.TRF.PWKR.DT.GD.ZS,remittances_received_pct_gdp,D2
S1,Small states,2022,2.47653361692936,BX.TRF.PWKR.DT.GD.ZS,remittances_received_pct_gdp,D2
S1,Small states,2021,2.73052169487977,BX.TRF.PWKR.DT.GD.ZS,remittances_received_pct_gdp,D2
S1,Small states,2020,2.66802108034295,BX.TRF.PWKR.DT.GD.ZS,remittances_received_pct_gdp,D2
8S,South Asia,2024,4.06260504393366,BX.TRF.PWKR.DT.GD.ZS,remittances_received_pct_gdp,D2
8S,South Asia,2023,3.76449039503593,BX.TRF.PWKR.DT.GD.ZS,remittances_received_pct_gdp,D2
8S,South Asia,2022,3.71591787203669,BX.TRF.PWKR.DT.GD.ZS,remittances_received_pct_gdp,D2
8S,South Asia,2021,3.37382862354056,BX.TRF.PWKR.DT.GD.ZS,remittances_received_pct_gdp,D2
8S,South Asia,2020,3.78965529212038,BX.TRF.PWKR.DT.GD.ZS,remittances_received_pct_gdp,D2
T5,South Asia (IDA & IBRD),2024,4.06260504393366,BX.TRF.PWKR.DT.GD.ZS,remittances_received_pct_gdp,D2
T5,South Asia (IDA & IBRD),2023,3.76449039503593,BX.TRF.PWKR.DT.GD.ZS,remittances_received_pct_gdp,D2
T5,South Asia (IDA & IBRD),2022,3.71591787203669,BX.TRF.PWKR.DT.GD.ZS,remittances_received_pct_gdp,D2
T5,South Asia (IDA & IBRD),2021,3.37382862354056,BX.TRF.PWKR.DT.GD.ZS,remittances_received_pct_gdp,D2
T5,South Asia (IDA & IBRD),2020,3.78965529212038,BX.TRF.PWKR.DT.GD.ZS,remittances_received_pct_gdp,D2
ZG,Sub-Saharan Africa,2024,3.34950440793827,BX.TRF.PWKR.DT.GD.ZS,remittances_received_pct_gdp,D2
ZG,Sub-Saharan Africa,2023,2.6516552907335,BX.TRF.PWKR.DT.GD.ZS,remittances_received_pct_gdp,D2
ZG,Sub-Saharan Africa,2022,2.37655079010426,BX.TRF.PWKR.DT.GD.ZS,remittances_received_pct_gdp,D2
ZG,Sub-Saharan Africa,2021,2.28172722097102,BX.TRF.PWKR.DT.GD.ZS,remittances_received_pct_gdp,D2
ZG,Sub-Saharan Africa,2020,2.31167296074332,BX.TRF.PWKR.DT.GD.ZS,remittances_received_pct_gdp,D2
ZF,Sub-Saharan Africa (excluding high income),2024,3.23173286643491,BX.TRF.PWKR.DT.GD.ZS,remittances_received_pct_gdp,D2
ZF,Sub-Saharan Africa (excluding high income),2023,2.81479504740025,BX.TRF.PWKR.DT.GD.ZS,remittances_received_pct_gdp,D2
ZF,Sub-Saharan Africa (excluding high income),2022,2.49359211894442,BX.TRF.PWKR.DT.GD.ZS,remittances_received_pct_gdp,D2
ZF,Sub-Saharan Africa (excluding high income),2021,2.38695483435777,BX.TRF.PWKR.DT.GD.ZS,remittances_received_pct_gdp,D2
ZF,Sub-Saharan Africa (excluding high income),2020,2.42003966093549,BX.TRF.PWKR.DT.GD.ZS,remittances_received_pct_gdp,D2
T6,Sub-Saharan Africa (IDA & IBRD countries),2024,3.34950440793827,BX.TRF.PWKR.DT.GD.ZS,remittances_received_pct_gdp,D2
T6,Sub-Saharan Africa (IDA & IBRD countries),2023,2.6516552907335,BX.TRF.PWKR.DT.GD.ZS,remittances_received_pct_gdp,D2
T6,Sub-Saharan Africa (IDA & IBRD countries),2022,2.37655079010426,BX.TRF.PWKR.DT.GD.ZS,remittances_received_pct_gdp,D2
T6,Sub-Saharan Africa (IDA & IBRD countries),2021,2.28172722097102,BX.TRF.PWKR.DT.GD.ZS,remittances_received_pct_gdp,D2
T6,Sub-Saharan Africa (IDA & IBRD countries),2020,2.31167296074332,BX.TRF.PWKR.DT.GD.ZS,remittances_received_pct_gdp,D2
XT,Upper middle income,2024,0.810604642353708,BX.TRF.PWKR.DT.GD.ZS,remittances_received_pct_gdp,D2
XT,Upper middle income,2023,0.81438396243208,BX.TRF.PWKR.DT.GD.ZS,remittances_received_pct_gdp,D2
XT,Upper middle income,2022,0.80186132619399,BX.TRF.PWKR.DT.GD.ZS,remittances_received_pct_gdp,D2
XT,Upper middle income,2021,0.749480790536096,BX.TRF.PWKR.DT.GD.ZS,remittances_received_pct_gdp,D2
XT,Upper middle income,2020,0.739092909081867,BX.TRF.PWKR.DT.GD.ZS,remittances_received_pct_gdp,D2
1W,World,2024,0.820132585514252,BX.TRF.PWKR.DT.GD.ZS,remittances_received_pct_gdp,D2
1W,World,2023,0.787115420964664,BX.TRF.PWKR.DT.GD.ZS,remittances_received_pct_gdp,D2
1W,World,2022,0.794457882773559,BX.TRF.PWKR.DT.GD.ZS,remittances_received_pct_gdp,D2
1W,World,2021,0.770906941048823,BX.TRF.PWKR.DT.GD.ZS,remittances_received_pct_gdp,D2
1W,World,2020,0.785590816799455,BX.TRF.PWKR.DT.GD.ZS,remittances_received_pct_gdp,D2
AF,Afghanistan,2023,1.8656461200228,BX.TRF.PWKR.DT.GD.ZS,remittances_received_pct_gdp,D2
AF,Afghanistan,2022,2.20731611347931,BX.TRF.PWKR.DT.GD.ZS,remittances_received_pct_gdp,D2
AF,Afghanistan,2021,2.24403998810715,BX.TRF.PWKR.DT.GD.ZS,remittances_received_pct_gdp,D2
AF,Afghanistan,2020,3.95329685319887,BX.TRF.PWKR.DT.GD.ZS,remittances_received_pct_gdp,D2
AL,Albania,2024,8.40939322766939,BX.TRF.PWKR.DT.GD.ZS,remittances_received_pct_gdp,D2
AL,Albania,2023,8.66778018906039,BX.TRF.PWKR.DT.GD.ZS,remittances_received_pct_gdp,D2
AL,Albania,2022,9.17717025231113,BX.TRF.PWKR.DT.GD.ZS,remittances_received_pct_gdp,D2
AL,Albania,2021,9.52948598024897,BX.TRF.PWKR.DT.GD.ZS,remittances_received_pct_gdp,D2
AL,Albania,2020,9.61841800746962,BX.TRF.PWKR.DT.GD.ZS,remittances_received_pct_gdp,D2
DZ,Algeria,2024,0.667941907847866,BX.TRF.PWKR.DT.GD.ZS,remittances_received_pct_gdp,D2
DZ,Algeria,2023,0.753275484255268,BX.TRF.PWKR.DT.GD.ZS,remittances_received_pct_gdp,D2
DZ,Algeria,2022,0.755694605229352,BX.TRF.PWKR.DT.GD.ZS,remittances_received_pct_gdp,D2
DZ,Algeria,2021,0.962189288322084,BX.TRF.PWKR.DT.GD.ZS,remittances_received_pct_gdp,D2
DZ,Algeria,2020,1.03085687360381,BX.TRF.PWKR.DT.GD.ZS,remittances_received_pct_gdp,D2
AD,Andorra,2024,1.29549313910818,BX.TRF.PWKR.DT.GD.ZS,remittances_received_pct_gdp,D2
AD,Andorra,2023,1.27540334966827,BX.TRF.PWKR.DT.GD.ZS,remittances_received_pct_gdp,D2
AD,Andorra,2022,1.31863050475322,BX.TRF.PWKR.DT.GD.ZS,remittances_received_pct_gdp,D2
AD,Andorra,2021,1.59419633502347,BX.TRF.PWKR.DT.GD.ZS,remittances_received_pct_gdp,D2
AD,Andorra,2020,1.64013432676391,BX.TRF.PWKR.DT.GD.ZS,remittances_received_pct_gdp,D2
AO,Angola,2024,0.0505345581578213,BX.TRF.PWKR.DT.GD.ZS,remittances_received_pct_gdp,D2
AO,Angola,2023,0.0112595136943061,BX.TRF.PWKR.DT.GD.ZS,remittances_received_pct_gdp,D2
AO,Angola,2022,0.0106739240124738,BX.TRF.PWKR.DT.GD.ZS,remittances_received_pct_gdp,D2
AO,Angola,2021,0.0158763470925451,BX.TRF.PWKR.DT.GD.ZS,remittances_received_pct_gdp,D2
AO,Angola,2020,0.0136834575473168,BX.TRF.PWKR.DT.GD.ZS,remittances_received_pct_gdp,D2
AG,Antigua and Barbuda,2024,1.18665213980724,BX.TRF.PWKR.DT.GD.ZS,remittances_received_pct_gdp,D2
AG,Antigua and Barbuda,2023,1.7389598236213,BX.TRF.PWKR.DT.GD.ZS,remittances_received_pct_gdp,D2
AG,Antigua and Barbuda,2022,1.86496707164868,BX.TRF.PWKR.DT.GD.ZS,remittances_received_pct_gdp,D2
AG,Antigua and Barbuda,2021,2.82536157975282,BX.TRF.PWKR.DT.GD.ZS,remittances_received_pct_gdp,D2
AG,Antigua and Barbuda,2020,2.56585012934811,BX.TRF.PWKR.DT.GD.ZS,remittances_received_pct_gdp,D2
AR,Argentina,2024,0.163599877828893,BX.TRF.PWKR.DT.GD.ZS,remittances_received_pct_gdp,D2
AR,Argentina,2023,0.15535734613336,BX.TRF.PWKR.DT.GD.ZS,remittances_received_pct_gdp,D2
AR,Argentina,2022,0.166635693990481,BX.TRF.PWKR.DT.GD.ZS,remittances_received_pct_gdp,D2
AR,Argentina,2021,0.185543785281081,BX.TRF.PWKR.DT.GD.ZS,remittances_received_pct_gdp,D2
AR,Argentina,2020,0.168011924038753,BX.TRF.PWKR.DT.GD.ZS,remittances_received_pct_gdp,D2
AM,Armenia,2024,4.92468775781423,BX.TRF.PWKR.DT.GD.ZS,remittances_received_pct_gdp,D2
AM,Armenia,2023,6.39621098617553,BX.TRF.PWKR.DT.GD.ZS,remittances_received_pct_gdp,D2
AM,Armenia,2022,10.8688335174113,BX.TRF.PWKR.DT.GD.ZS,remittances_received_pct_gdp,D2
AM,Armenia,2021,11.2171827452107,BX.TRF.PWKR.DT.GD.ZS,remittances_received_pct_gdp,D2
AM,Armenia,2020,10.4970552541265,BX.TRF.PWKR.DT.GD.ZS,remittances_received_pct_gdp,D2
AW,Aruba,2024,0.893829398919622,BX.TRF.PWKR.DT.GD.ZS,remittances_received_pct_gdp,D2
AW,Aruba,2023,1.01608886441587,BX.TRF.PWKR.DT.GD.ZS,remittances_received_pct_gdp,D2
AW,Aruba,2022,1.15159737684148,BX.TRF.PWKR.DT.GD.ZS,remittances_received_pct_gdp,D2
AW,Aruba,2021,1.24425014179282,BX.TRF.PWKR.DT.GD.ZS,remittances_received_pct_gdp,D2
AW,Aruba,2020,1.41554458571917,BX.TRF.PWKR.DT.GD.ZS,remittances_received_pct_gdp,D2
AU,Australia,2024,0.100476992804764,BX.TRF.PWKR.DT.GD.ZS,remittances_received_pct_gdp,D2
AU,Australia,2023,0.0928559687058244,BX.TRF.PWKR.DT.GD.ZS,remittances_received_pct_gdp,D2
AU,Australia,2022,0.0713213074162778,BX.TRF.PWKR.DT.GD.ZS,remittances_received_pct_gdp,D2
AU,Australia,2021,0.0538873539403801,BX.TRF.PWKR.DT.GD.ZS,remittances_received_pct_gdp,D2
AU,Australia,2020,0.0833273223696793,BX.TRF.PWKR.DT.GD.ZS,remittances_received_pct_gdp,D2
AT,Austria,2024,0.651189560177177,BX.TRF.PWKR.DT.GD.ZS,remittances_received_pct_gdp,D2
AT,Austria,2023,0.631386866730441,BX.TRF.PWKR.DT.GD.ZS,remittances_received_pct_gdp,D2
AT,Austria,2022,0.636214157041973,BX.TRF.PWKR.DT.GD.ZS,remittances_received_pct_gdp,D2
AT,Austria,2021,0.664274745885735,BX.TRF.PWKR.DT.GD.ZS,remittances_received_pct_gdp,D2
AT,Austria,2020,0.69677434560967,BX.TRF.PWKR.DT.GD.ZS,remittances_received_pct_gdp,D2
AZ,Azerbaijan,2024,1.81882789681566,BX.TRF.PWKR.DT.GD.ZS,remittances_received_pct_gdp,D2
AZ,Azerbaijan,2023,2.64096975190127,BX.TRF.PWKR.DT.GD.ZS,remittances_received_pct_gdp,D2
AZ,Azerbaijan,2022,5.012251973723,BX.TRF.PWKR.DT.GD.ZS,remittances_received_pct_gdp,D2
AZ,Azerbaijan,2021,2.78454087413308,BX.TRF.PWKR.DT.GD.ZS,remittances_received_pct_gdp,D2
AZ,Azerbaijan,2020,3.2864567961961,BX.TRF.PWKR.DT.GD.ZS,remittances_received_pct_gdp,D2
BS,"Bahamas, The",2024,0.416407710575514,BX.TRF.PWKR.DT.GD.ZS,remittances_received_pct_gdp,D2
BS,"Bahamas, The",2023,0.410399245643789,BX.TRF.PWKR.DT.GD.ZS,remittances_received_pct_gdp,D2
BS,"Bahamas, The",2022,0.416556329514708,BX.TRF.PWKR.DT.GD.ZS,remittances_received_pct_gdp,D2
BS,"Bahamas, The",2021,0.440646340450278,BX.TRF.PWKR.DT.GD.ZS,remittances_received_pct_gdp,D2
BS,"Bahamas, The",2020,0.49025118689208,BX.TRF.PWKR.DT.GD.ZS,remittances_received_pct_gdp,D2
BD,Bangladesh,2024,6.11494686698428,BX.TRF.PWKR.DT.GD.ZS,remittances_received_pct_gdp,D2
BD,Bangladesh,2023,5.04555725354251,BX.TRF.PWKR.DT.GD.ZS,remittances_received_pct_gdp,D2
BD,Bangladesh,2022,4.6737649876073,BX.TRF.PWKR.DT.GD.ZS,remittances_received_pct_gdp,D2
BD,Bangladesh,2021,5.33437804101103,BX.TRF.PWKR.DT.GD.ZS,remittances_received_pct_gdp,D2
BD,Bangladesh,2020,5.81626795895569,BX.TRF.PWKR.DT.GD.ZS,remittances_received_pct_gdp,D2
BB,Barbados,2024,1.13597391988584,BX.TRF.PWKR.DT.GD.ZS,remittances_received_pct_gdp,D2
BB,Barbados,2023,1.17919070363064,BX.TRF.PWKR.DT.GD.ZS,remittances_received_pct_gdp,D2
BB,Barbados,2022,1.23714059027727,BX.TRF.PWKR.DT.GD.ZS,remittances_received_pct_gdp,D2
BB,Barbados,2021,1.43211730040101,BX.TRF.PWKR.DT.GD.ZS,remittances_received_pct_gdp,D2
BB,Barbados,2020,1.57527473391221,BX.TRF.PWKR.DT.GD.ZS,remittances_received_pct_gdp,D2
BY,Belarus,2024,1.81319105202764,BX.TRF.PWKR.DT.GD.ZS,remittances_received_pct_gdp,D2
BY,Belarus,2023,1.73928584531142,BX.TRF.PWKR.DT.GD.ZS,remittances_received_pct_gdp,D2
BY,Belarus,2022,2.01552933186967,BX.TRF.PWKR.DT.GD.ZS,remittances_received_pct_gdp,D2
BY,Belarus,2021,1.65049350927473,BX.TRF.PWKR.DT.GD.ZS,remittances_received_pct_gdp,D2
BY,Belarus,2020,1.65173922227239,BX.TRF.PWKR.DT.GD.ZS,remittances_received_pct_gdp,D2
BE,Belgium,2024,2.3058808956455,BX.TRF.PWKR.DT.GD.ZS,remittances_received_pct_gdp,D2
BE,Belgium,2023,2.24799476941634,BX.TRF.PWKR.DT.GD.ZS,remittances_received_pct_gdp,D2
BE,Belgium,2022,2.37479009326131,BX.TRF.PWKR.DT.GD.ZS,remittances_received_pct_gdp,D2
BE,Belgium,2021,2.38689121016773,BX.TRF.PWKR.DT.GD.ZS,remittances_received_pct_gdp,D2
BE,Belgium,2020,2.47543593372868,BX.TRF.PWKR.DT.GD.ZS,remittances_received_pct_gdp,D2
BZ,Belize,2024,4.81171408822687,BX.TRF.PWKR.DT.GD.ZS,remittances_received_pct_gdp,D2
BZ,Belize,2023,4.90004565779905,BX.TRF.PWKR.DT.GD.ZS,remittances_received_pct_gdp,D2
BZ,Belize,2022,5.00304345845639,BX.TRF.PWKR.DT.GD.ZS,remittances_received_pct_gdp,D2
BZ,Belize,2021,5.57356290247454,BX.TRF.PWKR.DT.GD.ZS,remittances_received_pct_gdp,D2
BZ,Belize,2020,5.89481400963481,BX.TRF.PWKR.DT.GD.ZS,remittances_received_pct_gdp,D2
BJ,Benin,2024,1.09690827945195,BX.TRF.PWKR.DT.GD.ZS,remittances_received_pct_gdp,D2
BJ,Benin,2023,1.72082497476655,BX.TRF.PWKR.DT.GD.ZS,remittances_received_pct_gdp,D2
BJ,Benin,2022,1.43702897358244,BX.TRF.PWKR.DT.GD.ZS,remittances_received_pct_gdp,D2
BJ,Benin,2021,1.30551361346959,BX.TRF.PWKR.DT.GD.ZS,remittances_received_pct_gdp,D2
BJ,Benin,2020,1.30443860209878,BX.TRF.PWKR.DT.GD.ZS,remittances_received_pct_gdp,D2
BM,Bermuda,2024,25.4072084560735,BX.TRF.PWKR.DT.GD.ZS,remittances_received_pct_gdp,D2
BM,Bermuda,2023,23.7237560180997,BX.TRF.PWKR.DT.GD.ZS,remittances_received_pct_gdp,D2
BM,Bermuda,2022,22.2812886343297,BX.TRF.PWKR.DT.GD.ZS,remittances_received_pct_gdp,D2
BM,Bermuda,2021,22.7105586583065,BX.TRF.PWKR.DT.GD.ZS,remittances_received_pct_gdp,D2
BM,Bermuda,2020,22.854911149781,BX.TRF.PWKR.DT.GD.ZS,remittances_received_pct_gdp,D2
BT,Bhutan,2023,3.58251575182779,BX.TRF.PWKR.DT.GD.ZS,remittances_received_pct_gdp,D2
BT,Bhutan,2022,3.31086657464961,BX.TRF.PWKR.DT.GD.ZS,remittances_received_pct_gdp,D2
BT,Bhutan,2021,2.64978293694613,BX.TRF.PWKR.DT.GD.ZS,remittances_received_pct_gdp,D2
BT,Bhutan,2020,3.39498028366294,BX.TRF.PWKR.DT.GD.ZS,remittances_received_pct_gdp,D2
BO,Bolivia,2024,2.34124280496525,BX.TRF.PWKR.DT.GD.ZS,remittances_received_pct_gdp,D2
BO,Bolivia,2023,2.76917067099173,BX.TRF.PWKR.DT.GD.ZS,remittances_received_pct_gdp,D2
BO,Bolivia,2022,2.86351523412907,BX.TRF.PWKR.DT.GD.ZS,remittances_received_pct_gdp,D2
BO,Bolivia,2021,2.96057833302062,BX.TRF.PWKR.DT.GD.ZS,remittances_received_pct_gdp,D2
BO,Bolivia,2020,2.66229538411819,BX.TRF.PWKR.DT.GD.ZS,remittances_received_pct_gdp,D2
BA,Bosnia and Herzegovina,2024,10.5502824361912,BX.TRF.PWKR.DT.GD.ZS,remittances_received_pct_gdp,D2
BA,Bosnia and Herzegovina,2023,10.2332695977764,BX.TRF.PWKR.DT.GD.ZS,remittances_received_pct_gdp,D2
BA,Bosnia and Herzegovina,2022,10.5208784489857,BX.TRF.PWKR.DT.GD.ZS,remittances_received_pct_gdp,D2
BA,Bosnia and Herzegovina,2021,10.4675310843986,BX.TRF.PWKR.DT.GD.ZS,remittances_received_pct_gdp,D2
BA,Bosnia and Herzegovina,2020,9.54729598420506,BX.TRF.PWKR.DT.GD.ZS,remittances_received_pct_gdp,D2
BW,Botswana,2024,0.661264409337821,BX.TRF.PWKR.DT.GD.ZS,remittances_received_pct_gdp,D2
BW,Botswana,2023,0.360745147280346,BX.TRF.PWKR.DT.GD.ZS,remittances_received_pct_gdp,D2
BW,Botswana,2022,0.306272176448881,BX.TRF.PWKR.DT.GD.ZS,remittances_received_pct_gdp,D2
BW,Botswana,2021,0.323109444541782,BX.TRF.PWKR.DT.GD.ZS,remittances_received_pct_gdp,D2
BW,Botswana,2020,0.295602661286554,BX.TRF.PWKR.DT.GD.ZS,remittances_received_pct_gdp,D2
BR,Brazil,2024,0.224281814146123,BX.TRF.PWKR.DT.GD.ZS,remittances_received_pct_gdp,D2
BR,Brazil,2023,0.202347517951754,BX.TRF.PWKR.DT.GD.ZS,remittances_received_pct_gdp,D2
BR,Brazil,2022,0.254813156784915,BX.TRF.PWKR.DT.GD.ZS,remittances_received_pct_gdp,D2
BR,Brazil,2021,0.245534634681336,BX.TRF.PWKR.DT.GD.ZS,remittances_received_pct_gdp,D2
BR,Brazil,2020,0.241596221185315,BX.TRF.PWKR.DT.GD.ZS,remittances_received_pct_gdp,D2
BG,Bulgaria,2024,2.3318173189881,BX.TRF.PWKR.DT.GD.ZS,remittances_received_pct_gdp,D2
BG,Bulgaria,2023,2.2372183910043,BX.TRF.PWKR.DT.GD.ZS,remittances_received_pct_gdp,D2
BG,Bulgaria,2022,2.31150029458411,BX.TRF.PWKR.DT.GD.ZS,remittances_received_pct_gdp,D2
BG,Bulgaria,2021,2.38261240314066,BX.TRF.PWKR.DT.GD.ZS,remittances_received_pct_gdp,D2
BG,Bulgaria,2020,2.81676543082857,BX.TRF.PWKR.DT.GD.ZS,remittances_received_pct_gdp,D2
BF,Burkina Faso,2024,2.55138115666637,BX.TRF.PWKR.DT.GD.ZS,remittances_received_pct_gdp,D2
BF,Burkina Faso,2023,2.90560060201336,BX.TRF.PWKR.DT.GD.ZS,remittances_received_pct_gdp,D2
BF,Burkina Faso,2022,2.81334408479241,BX.TRF.PWKR.DT.GD.ZS,remittances_received_pct_gdp,D2
BF,Burkina Faso,2021,2.89859371271546,BX.TRF.PWKR.DT.GD.ZS,remittances_received_pct_gdp,D2
BF,Burkina Faso,2020,2.95970546183422,BX.TRF.PWKR.DT.GD.ZS,remittances_received_pct_gdp,D2
BI,Burundi,2024,7.68504980490069,BX.TRF.PWKR.DT.GD.ZS,remittances_received_pct_gdp,D2
BI,Burundi,2023,5.70350650717509,BX.TRF.PWKR.DT.GD.ZS,remittances_received_pct_gdp,D2
BI,Burundi,2022,4.04924423053384,BX.TRF.PWKR.DT.GD.ZS,remittances_received_pct_gdp,D2
BI,Burundi,2021,4.88984068334734,BX.TRF.PWKR.DT.GD.ZS,remittances_received_pct_gdp,D2
BI,Burundi,2020,4.5022086392216,BX.TRF.PWKR.DT.GD.ZS,remittances_received_pct_gdp,D2
CV,Cabo Verde,2024,12.2547354812686,BX.TRF.PWKR.DT.GD.ZS,remittances_received_pct_gdp,D2
CV,Cabo Verde,2023,12.6322620942964,BX.TRF.PWKR.DT.GD.ZS,remittances_received_pct_gdp,D2
CV,Cabo Verde,2022,14.031084297698,BX.TRF.PWKR.DT.GD.ZS,remittances_received_pct_gdp,D2
CV,Cabo Verde,2021,15.3280846738368,BX.TRF.PWKR.DT.GD.ZS,remittances_received_pct_gdp,D2
CV,Cabo Verde,2020,12.8536888281673,BX.TRF.PWKR.DT.GD.ZS,remittances_received_pct_gdp,D2
KH,Cambodia,2024,6.10087598628419,BX.TRF.PWKR.DT.GD.ZS,remittances_received_pct_gdp,D2
KH,Cambodia,2023,6.57102335601563,BX.TRF.PWKR.DT.GD.ZS,remittances_received_pct_gdp,D2
KH,Cambodia,2022,6.54093545373445,BX.TRF.PWKR.DT.GD.ZS,remittances_received_pct_gdp,D2
KH,Cambodia,2021,6.90078241933383,BX.TRF.PWKR.DT.GD.ZS,remittances_received_pct_gdp,D2
KH,Cambodia,2020,7.43222431717955,BX.TRF.PWKR.DT.GD.ZS,remittances_received_pct_gdp,D2
CM,Cameroon,2024,1.29492646677846,BX.TRF.PWKR.DT.GD.ZS,remittances_received_pct_gdp,D2
CM,Cameroon,2023,1.61132543192255,BX.TRF.PWKR.DT.GD.ZS,remittances_received_pct_gdp,D2
CM,Cameroon,2022,1.26876259890659,BX.TRF.PWKR.DT.GD.ZS,remittances_received_pct_gdp,D2
CM,Cameroon,2021,0.955517885808094,BX.TRF.PWKR.DT.GD.ZS,remittances_received_pct_gdp,D2
CM,Cameroon,2020,0.819403311730562,BX.TRF.PWKR.DT.GD.ZS,remittances_received_pct_gdp,D2
CA,Canada,2024,0.0379490070926434,BX.TRF.PWKR.DT.GD.ZS,remittances_received_pct_gdp,D2
CA,Canada,2023,0.0389811694078447,BX.TRF.PWKR.DT.GD.ZS,remittances_received_pct_gdp,D2
CA,Canada,2022,0.039437208123801,BX.TRF.PWKR.DT.GD.ZS,remittances_received_pct_gdp,D2
CA,Canada,2021,0.0411150827860872,BX.TRF.PWKR.DT.GD.ZS,remittances_received_pct_gdp,D2
CA,Canada,2020,0.049637012939377,BX.TRF.PWKR.DT.GD.ZS,remittances_received_pct_gdp,D2
KY,Cayman Islands,2023,0.149685193609015,BX.TRF.PWKR.DT.GD.ZS,remittances_received_pct_gdp,D2
KY,Cayman Islands,2022,0.191442641043377,BX.TRF.PWKR.DT.GD.ZS,remittances_received_pct_gdp,D2
KY,Cayman Islands,2021,0.168515959367711,BX.TRF.PWKR.DT.GD.ZS,remittances_received_pct_gdp,D2
KY,Cayman Islands,2020,0.159294422104838,BX.TRF.PWKR.DT.GD.ZS,remittances_received_pct_gdp,D2
CL,Chile,2024,0.0303210305442313,BX.TRF.PWKR.DT.GD.ZS,remittances_received_pct_gdp,D2
CL,Chile,2023,0.0289306042743538,BX.TRF.PWKR.DT.GD.ZS,remittances_received_pct_gdp,D2
CL,Chile,2022,0.0282751450622328,BX.TRF.PWKR.DT.GD.ZS,remittances_received_pct_gdp,D2
CL,Chile,2021,0.0210845500963785,BX.TRF.PWKR.DT.GD.ZS,remittances_received_pct_gdp,D2
CL,Chile,2020,0.0260576739589634,BX.TRF.PWKR.DT.GD.ZS,remittances_received_pct_gdp,D2
CN,China,2024,0.16757857471,BX.TRF.PWKR.DT.GD.ZS,remittances_received_pct_gdp,D2
CN,China,2023,0.161377801607252,BX.TRF.PWKR.DT.GD.ZS,remittances_received_pct_gdp,D2
CN,China,2022,0.142457651070649,BX.TRF.PWKR.DT.GD.ZS,remittances_received_pct_gdp,D2
CN,China,2021,0.123504401314794,BX.TRF.PWKR.DT.GD.ZS,remittances_received_pct_gdp,D2
CN,China,2020,0.125871762145022,BX.TRF.PWKR.DT.GD.ZS,remittances_received_pct_gdp,D2
CO,Colombia,2024,2.83493751117081,BX.TRF.PWKR.DT.GD.ZS,remittances_received_pct_gdp,D2
CO,Colombia,2023,2.76052929017364,BX.TRF.PWKR.DT.GD.ZS,remittances_received_pct_gdp,D2
CO,Colombia,2022,2.7354220776326,BX.TRF.PWKR.DT.GD.ZS,remittances_received_pct_gdp,D2
CO,Colombia,2021,2.70254419060708,BX.TRF.PWKR.DT.GD.ZS,remittances_received_pct_gdp,D2
CO,Colombia,2020,2.56133478402854,BX.TRF.PWKR.DT.GD.ZS,remittances_received_pct_gdp,D2
KM,Comoros,2024,19.6005062212167,BX.TRF.PWKR.DT.GD.ZS,remittances_received_pct_gdp,D2
KM,Comoros,2023,23.0303696786832,BX.TRF.PWKR.DT.GD.ZS,remittances_received_pct_gdp,D2
KM,Comoros,2022,23.054600106625,BX.TRF.PWKR.DT.GD.ZS,remittances_received_pct_gdp,D2
KM,Comoros,2021,22.6365373136838,BX.TRF.PWKR.DT.GD.ZS,remittances_received_pct_gdp,D2
KM,Comoros,2020,18.5971869020176,BX.TRF.PWKR.DT.GD.ZS,remittances_received_pct_gdp,D2
CD,"Congo, Dem. Rep.",2024,2.81943987261584,BX.TRF.PWKR.DT.GD.ZS,remittances_received_pct_gdp,D2
CD,"Congo, Dem. Rep.",2023,4.722354634934,BX.TRF.PWKR.DT.GD.ZS,remittances_received_pct_gdp,D2
CD,"Congo, Dem. Rep.",2022,4.63187810938395,BX.TRF.PWKR.DT.GD.ZS,remittances_received_pct_gdp,D2
CD,"Congo, Dem. Rep.",2021,2.28193902407841,BX.TRF.PWKR.DT.GD.ZS,remittances_received_pct_gdp,D2
CD,"Congo, Dem. Rep.",2020,2.56157002626062,BX.TRF.PWKR.DT.GD.ZS,remittances_received_pct_gdp,D2
CG,"Congo, Rep.",2024,0.279898466738253,BX.TRF.PWKR.DT.GD.ZS,remittances_received_pct_gdp,D2
CG,"Congo, Rep.",2023,0.286923412425026,BX.TRF.PWKR.DT.GD.ZS,remittances_received_pct_gdp,D2
CG,"Congo, Rep.",2022,0.277926360104092,BX.TRF.PWKR.DT.GD.ZS,remittances_received_pct_gdp,D2
CG,"Congo, Rep.",2021,0.296510284243913,BX.TRF.PWKR.DT.GD.ZS,remittances_received_pct_gdp,D2
CG,"Congo, Rep.",2020,0.110146373125465,BX.TRF.PWKR.DT.GD.ZS,remittances_received_pct_gdp,D2
CR,Costa Rica,2024,0.760139316219948,BX.TRF.PWKR.DT.GD.ZS,remittances_received_pct_gdp,D2
CR,Costa Rica,2023,0.765456761111265,BX.TRF.PWKR.DT.GD.ZS,remittances_received_pct_gdp,D2
CR,Costa Rica,2022,0.895844948118842,BX.TRF.PWKR.DT.GD.ZS,remittances_received_pct_gdp,D2
CR,Costa Rica,2021,0.914599844344358,BX.TRF.PWKR.DT.GD.ZS,remittances_received_pct_gdp,D2
CR,Costa Rica,2020,0.841063564336656,BX.TRF.PWKR.DT.GD.ZS,remittances_received_pct_gdp,D2
CI,Cote d'Ivoire,2024,2.03272330773983,BX.TRF.PWKR.DT.GD.ZS,remittances_received_pct_gdp,D2
CI,Cote d'Ivoire,2023,1.62303459294911,BX.TRF.PWKR.DT.GD.ZS,remittances_received_pct_gdp,D2
CI,Cote d'Ivoire,2022,1.46910313622564,BX.TRF.PWKR.DT.GD.ZS,remittances_received_pct_gdp,D2
CI,Cote d'Ivoire,2021,0.604706878049211,BX.TRF.PWKR.DT.GD.ZS,remittances_received_pct_gdp,D2
CI,Cote d'Ivoire,2020,0.522225685301873,BX.TRF.PWKR.DT.GD.ZS,remittances_received_pct_gdp,D2
HR,Croatia,2024,7.21050944903008,BX.TRF.PWKR.DT.GD.ZS,remittances_received_pct_gdp,D2
HR,Croatia,2023,7.09611874772375,BX.TRF.PWKR.DT.GD.ZS,remittances_received_pct_gdp,D2
HR,Croatia,2022,7.52367920790561,BX.TRF.PWKR.DT.GD.ZS,remittances_received_pct_gdp,D2
HR,Croatia,2021,7.22270488573907,BX.TRF.PWKR.DT.GD.ZS,remittances_received_pct_gdp,D2
HR,Croatia,2020,7.23744781675256,BX.TRF.PWKR.DT.GD.ZS,remittances_received_pct_gdp,D2
CW,Curacao,2024,3.26157812828196,BX.TRF.PWKR.DT.GD.ZS,remittances_received_pct_gdp,D2
CW,Curacao,2023,5.38205169034654,BX.TRF.PWKR.DT.GD.ZS,remittances_received_pct_gdp,D2
CW,Curacao,2022,5.15628133875869,BX.TRF.PWKR.DT.GD.ZS,remittances_received_pct_gdp,D2
CW,Curacao,2021,5.18027097230236,BX.TRF.PWKR.DT.GD.ZS,remittances_received_pct_gdp,D2
CW,Curacao,2020,5.21983779202261,BX.TRF.PWKR.DT.GD.ZS,remittances_received_pct_gdp,D2
CY,Cyprus,2024,1.79895977387556,BX.TRF.PWKR.DT.GD.ZS,remittances_received_pct_gdp,D2
CY,Cyprus,2023,1.8055958166083,BX.TRF.PWKR.DT.GD.ZS,remittances_received_pct_gdp,D2
CY,Cyprus,2022,1.67385436424024,BX.TRF.PWKR.DT.GD.ZS,remittances_received_pct_gdp,D2
CY,Cyprus,2021,2.06471293636738,BX.TRF.PWKR.DT.GD.ZS,remittances_received_pct_gdp,D2
CY,Cyprus,2020,2.22125223156192,BX.TRF.PWKR.DT.GD.ZS,remittances_received_pct_gdp,D2
CZ,Czechia,2024,1.22408277522885,BX.TRF.PWKR.DT.GD.ZS,remittances_received_pct_gdp,D2
CZ,Czechia,2023,1.23917377978351,BX.TRF.PWKR.DT.GD.ZS,remittances_received_pct_gdp,D2
CZ,Czechia,2022,1.37578324481376,BX.TRF.PWKR.DT.GD.ZS,remittances_received_pct_gdp,D2
CZ,Czechia,2021,1.5076553829427,BX.TRF.PWKR.DT.GD.ZS,remittances_received_pct_gdp,D2
CZ,Czechia,2020,1.66692379663162,BX.TRF.PWKR.DT.GD.ZS,remittances_received_pct_gdp,D2
DK,Denmark,2024,0.357925352388462,BX.TRF.PWKR.DT.GD.ZS,remittances_received_pct_gdp,D2
DK,Denmark,2023,0.375706236320771,BX.TRF.PWKR.DT.GD.ZS,remittances_received_pct_gdp,D2
DK,Denmark,2022,0.349819211771776,BX.TRF.PWKR.DT.GD.ZS,remittances_received_pct_gdp,D2
DK,Denmark,2021,0.347904946462732,BX.TRF.PWKR.DT.GD.ZS,remittances_received_pct_gdp,D2
DK,Denmark,2020,0.374595136346265,BX.TRF.PWKR.DT.GD.ZS,remittances_received_pct_gdp,D2
DJ,Djibouti,2024,1.3486328033841,BX.TRF.PWKR.DT.GD.ZS,remittances_received_pct_gdp,D2
DJ,Djibouti,2023,1.50297318211677,BX.TRF.PWKR.DT.GD.ZS,remittances_received_pct_gdp,D2
DJ,Djibouti,2022,1.58752439290675,BX.TRF.PWKR.DT.GD.ZS,remittances_received_pct_gdp,D2
DJ,Djibouti,2021,2.34123925393883,BX.TRF.PWKR.DT.GD.ZS,remittances_received_pct_gdp,D2
DJ,Djibouti,2020,2.03729907694872,BX.TRF.PWKR.DT.GD.ZS,remittances_received_pct_gdp,D2
DM,Dominica,2024,5.66835046613405,BX.TRF.PWKR.DT.GD.ZS,remittances_received_pct_gdp,D2
DM,Dominica,2023,5.22932224431786,BX.TRF.PWKR.DT.GD.ZS,remittances_received_pct_gdp,D2
DM,Dominica,2022,6.06413655358534,BX.TRF.PWKR.DT.GD.ZS,remittances_received_pct_gdp,D2
DM,Dominica,2021,7.14145789743791,BX.TRF.PWKR.DT.GD.ZS,remittances_received_pct_gdp,D2
DM,Dominica,2020,6.36292196197876,BX.TRF.PWKR.DT.GD.ZS,remittances_received_pct_gdp,D2
DO,Dominican Republic,2024,9.04956290595841,BX.TRF.PWKR.DT.GD.ZS,remittances_received_pct_gdp,D2
DO,Dominican Republic,2023,8.81581566434817,BX.TRF.PWKR.DT.GD.ZS,remittances_received_pct_gdp,D2
DO,Dominican Republic,2022,9.05734336867233,BX.TRF.PWKR.DT.GD.ZS,remittances_received_pct_gdp,D2
DO,Dominican Republic,2021,11.3260079151082,BX.TRF.PWKR.DT.GD.ZS,remittances_received_pct_gdp,D2
DO,Dominican Republic,2020,10.6071966446228,BX.TRF.PWKR.DT.GD.ZS,remittances_received_pct_gdp,D2
EC,Ecuador,2024,5.24908721771676,BX.TRF.PWKR.DT.GD.ZS,remittances_received_pct_gdp,D2
EC,Ecuador,2023,4.50067266318947,BX.TRF.PWKR.DT.GD.ZS,remittances_received_pct_gdp,D2
EC,Ecuador,2022,4.08839477102189,BX.TRF.PWKR.DT.GD.ZS,remittances_received_pct_gdp,D2
EC,Ecuador,2021,4.07490158068369,BX.TRF.PWKR.DT.GD.ZS,remittances_received_pct_gdp,D2
EC,Ecuador,2020,3.48790451754192,BX.TRF.PWKR.DT.GD.ZS,remittances_received_pct_gdp,D2
EG,"Egypt, Arab Rep.",2024,7.59757023635599,BX.TRF.PWKR.DT.GD.ZS,remittances_received_pct_gdp,D2
EG,"Egypt, Arab Rep.",2023,4.93326942206534,BX.TRF.PWKR.DT.GD.ZS,remittances_received_pct_gdp,D2
EG,"Egypt, Arab Rep.",2022,5.94293350334715,BX.TRF.PWKR.DT.GD.ZS,remittances_received_pct_gdp,D2
EG,"Egypt, Arab Rep.",2021,7.4144321712116,BX.TRF.PWKR.DT.GD.ZS,remittances_received_pct_gdp,D2
EG,"Egypt, Arab Rep.",2020,7.71274724506713,BX.TRF.PWKR.DT.GD.ZS,remittances_received_pct_gdp,D2
SV,El Salvador,2024,24.0022976620619,BX.TRF.PWKR.DT.GD.ZS,remittances_received_pct_gdp,D2
SV,El Salvador,2023,24.4783735978559,BX.TRF.PWKR.DT.GD.ZS,remittances_received_pct_gdp,D2
SV,El Salvador,2022,24.6343666305956,BX.TRF.PWKR.DT.GD.ZS,remittances_received_pct_gdp,D2
SV,El Salvador,2021,26.2452495089243,BX.TRF.PWKR.DT.GD.ZS,remittances_received_pct_gdp,D2
SV,El Salvador,2020,23.8002795557104,BX.TRF.PWKR.DT.GD.ZS,remittances_received_pct_gdp,D2
EE,Estonia,2024,1.15061249841648,BX.TRF.PWKR.DT.GD.ZS,remittances_received_pct_gdp,D2
EE,Estonia,2023,1.17495352017049,BX.TRF.PWKR.DT.GD.ZS,remittances_received_pct_gdp,D2
EE,Estonia,2022,1.22967848244244,BX.TRF.PWKR.DT.GD.ZS,remittances_received_pct_gdp,D2
EE,Estonia,2021,1.58570663884137,BX.TRF.PWKR.DT.GD.ZS,remittances_received_pct_gdp,D2
EE,Estonia,2020,1.59281791364911,BX.TRF.PWKR.DT.GD.ZS,remittances_received_pct_gdp,D2
SZ,Eswatini,2024,0.68629088651435,BX.TRF.PWKR.DT.GD.ZS,remittances_received_pct_gdp,D2
SZ,Eswatini,2023,1.72996659494869,BX.TRF.PWKR.DT.GD.ZS,remittances_received_pct_gdp,D2
SZ,Eswatini,2022,2.66466521696542,BX.TRF.PWKR.DT.GD.ZS,remittances_received_pct_gdp,D2
SZ,Eswatini,2021,2.74945537528106,BX.TRF.PWKR.DT.GD.ZS,remittances_received_pct_gdp,D2
SZ,Eswatini,2020,2.72077742488104,BX.TRF.PWKR.DT.GD.ZS,remittances_received_pct_gdp,D2
ET,Ethiopia,2024,4.76671083897354,BX.TRF.PWKR.DT.GD.ZS,remittances_received_pct_gdp,D2
ET,Ethiopia,2023,0.396956017595771,BX.TRF.PWKR.DT.GD.ZS,remittances_received_pct_gdp,D2
ET,Ethiopia,2022,0.414325120259501,BX.TRF.PWKR.DT.GD.ZS,remittances_received_pct_gdp,D2
ET,Ethiopia,2021,0.410418210792818,BX.TRF.PWKR.DT.GD.ZS,remittances_received_pct_gdp,D2
ET,Ethiopia,2020,0.409506869491143,BX.TRF.PWKR.DT.GD.ZS,remittances_received_pct_gdp,D2
FJ,Fiji,2024,7.10765055577566,BX.TRF.PWKR.DT.GD.ZS,remittances_received_pct_gdp,D2
FJ,Fiji,2023,8.75258114713507,BX.TRF.PWKR.DT.GD.ZS,remittances_received_pct_gdp,D2
FJ,Fiji,2022,9.2173590355123,BX.TRF.PWKR.DT.GD.ZS,remittances_received_pct_gdp,D2
FJ,Fiji,2021,9.46494841417655,BX.TRF.PWKR.DT.GD.ZS,remittances_received_pct_gdp,D2
FJ,Fiji,2020,7.50181245102766,BX.TRF.PWKR.DT.GD.ZS,remittances_received_pct_gdp,D2
FI,Finland,2024,0.250727316304901,BX.TRF.PWKR.DT.GD.ZS,remittances_received_pct_gdp,D2
FI,Finland,2023,0.253629995298074,BX.TRF.PWKR.DT.GD.ZS,remittances_received_pct_gdp,D2
FI,Finland,2022,0.23606130716,BX.TRF.PWKR.DT.GD.ZS,remittances_received_pct_gdp,D2
FI,Finland,2021,0.226819392667527,BX.TRF.PWKR.DT.GD.ZS,remittances_received_pct_gdp,D2
FI,Finland,2020,0.22152961877425,BX.TRF.PWKR.DT.GD.ZS,remittances_received_pct_gdp,D2
FR,France,2024,1.22689654507268,BX.TRF.PWKR.DT.GD.ZS,remittances_received_pct_gdp,D2
FR,France,2023,1.20083883326395,BX.TRF.PWKR.DT.GD.ZS,remittances_received_pct_gdp,D2
FR,France,2022,1.17052155739918,BX.TRF.PWKR.DT.GD.ZS,remittances_received_pct_gdp,D2
FR,France,2021,1.10053030062383,BX.TRF.PWKR.DT.GD.ZS,remittances_received_pct_gdp,D2
FR,France,2020,1.13234775294505,BX.TRF.PWKR.DT.GD.ZS,remittances_received_pct_gdp,D2
PF,French Polynesia,2024,9.19649240295878,BX.TRF.PWKR.DT.GD.ZS,remittances_received_pct_gdp,D2
PF,French Polynesia,2023,9.47560150002337,BX.TRF.PWKR.DT.GD.ZS,remittances_received_pct_gdp,D2
PF,French Polynesia,2022,10.3430967396847,BX.TRF.PWKR.DT.GD.ZS,remittances_received_pct_gdp,D2
PF,French Polynesia,2021,9.70086346684872,BX.TRF.PWKR.DT.GD.ZS,remittances_received_pct_gdp,D2
PF,French Polynesia,2020,10.4319042883246,BX.TRF.PWKR.DT.GD.ZS,remittances_received_pct_gdp,D2
GM,"Gambia, The",2024,21.9990431938039,BX.TRF.PWKR.DT.GD.ZS,remittances_received_pct_gdp,D2
GM,"Gambia, The",2023,21.614131460784,BX.TRF.PWKR.DT.GD.ZS,remittances_received_pct_gdp,D2
GM,"Gambia, The",2022,22.7621227874971,BX.TRF.PWKR.DT.GD.ZS,remittances_received_pct_gdp,D2
GM,"Gambia, The",2021,27.1602920462379,BX.TRF.PWKR.DT.GD.ZS,remittances_received_pct_gdp,D2
GM,"Gambia, The",2020,22.9790072609688,BX.TRF.PWKR.DT.GD.ZS,remittances_received_pct_gdp,D2
GE,Georgia,2024,11.8704808635887,BX.TRF.PWKR.DT.GD.ZS,remittances_received_pct_gdp,D2
GE,Georgia,2023,13.6504078223071,BX.TRF.PWKR.DT.GD.ZS,remittances_received_pct_gdp,D2
GE,Georgia,2022,15.4242760609985,BX.TRF.PWKR.DT.GD.ZS,remittances_received_pct_gdp,D2
GE,Georgia,2021,14.0238156359641,BX.TRF.PWKR.DT.GD.ZS,remittances_received_pct_gdp,D2
GE,Georgia,2020,13.1764161481873,BX.TRF.PWKR.DT.GD.ZS,remittances_received_pct_gdp,D2
DE,Germany,2024,0.452984461006563,BX.TRF.PWKR.DT.GD.ZS,remittances_received_pct_gdp,D2
DE,Germany,2023,0.460768626602933,BX.TRF.PWKR.DT.GD.ZS,remittances_received_pct_gdp,D2
DE,Germany,2022,0.466478241668682,BX.TRF.PWKR.DT.GD.ZS,remittances_received_pct_gdp,D2
DE,Germany,2021,0.465094604231552,BX.TRF.PWKR.DT.GD.ZS,remittances_received_pct_gdp,D2
DE,Germany,2020,0.477487831020722,BX.TRF.PWKR.DT.GD.ZS,remittances_received_pct_gdp,D2
GH,Ghana,2024,3.67815124775026,BX.TRF.PWKR.DT.GD.ZS,remittances_received_pct_gdp,D2
GH,Ghana,2023,3.04707983222618,BX.TRF.PWKR.DT.GD.ZS,remittances_received_pct_gdp,D2
GH,Ghana,2022,2.87894180193646,BX.TRF.PWKR.DT.GD.ZS,remittances_received_pct_gdp,D2
GH,Ghana,2021,2.45987576586277,BX.TRF.PWKR.DT.GD.ZS,remittances_received_pct_gdp,D2
GH,Ghana,2020,6.13064485540951,BX.TRF.PWKR.DT.GD.ZS,remittances_received_pct_gdp,D2
GR,Greece,2024,0.219111411118225,BX.TRF.PWKR.DT.GD.ZS,remittances_received_pct_gdp,D2
GR,Greece,2023,0.223070437548297,BX.TRF.PWKR.DT.GD.ZS,remittances_received_pct_gdp,D2
GR,Greece,2022,0.275508376333916,BX.TRF.PWKR.DT.GD.ZS,remittances_received_pct_gdp,D2
GR,Greece,2021,0.315553946217487,BX.TRF.PWKR.DT.GD.ZS,remittances_received_pct_gdp,D2
GR,Greece,2020,0.31948810676227,BX.TRF.PWKR.DT.GD.ZS,remittances_received_pct_gdp,D2
GD,Grenada,2024,3.50178163588162,BX.TRF.PWKR.DT.GD.ZS,remittances_received_pct_gdp,D2
GD,Grenada,2023,3.0453149517921,BX.TRF.PWKR.DT.GD.ZS,remittances_received_pct_gdp,D2
GD,Grenada,2022,5.15147424065455,BX.TRF.PWKR.DT.GD.ZS,remittances_received_pct_gdp,D2
GD,Grenada,2021,5.53331501650165,BX.TRF.PWKR.DT.GD.ZS,remittances_received_pct_gdp,D2
GD,Grenada,2020,6.75004451212369,BX.TRF.PWKR.DT.GD.ZS,remittances_received_pct_gdp,D2
GT,Guatemala,2024,19.1206727962629,BX.TRF.PWKR.DT.GD.ZS,remittances_received_pct_gdp,D2
GT,Guatemala,2023,19.1445837880762,BX.TRF.PWKR.DT.GD.ZS,remittances_received_pct_gdp,D2
GT,Guatemala,2022,19.0341676606447,BX.TRF.PWKR.DT.GD.ZS,remittances_received_pct_gdp,D2
GT,Guatemala,2021,17.8213863093606,BX.TRF.PWKR.DT.GD.ZS,remittances_received_pct_gdp,D2
GT,Guatemala,2020,14.6751379764358,BX.TRF.PWKR.DT.GD.ZS,remittances_received_pct_gdp,D2
GN,Guinea,2024,2.46482438123278,BX.TRF.PWKR.DT.GD.ZS,remittances_received_pct_gdp,D2
GN,Guinea,2023,2.21728188238975,BX.TRF.PWKR.DT.GD.ZS,remittances_received_pct_gdp,D2
GN,Guinea,2022,2.64823563849093,BX.TRF.PWKR.DT.GD.ZS,remittances_received_pct_gdp,D2
GN,Guinea,2021,2.01480853069547,BX.TRF.PWKR.DT.GD.ZS,remittances_received_pct_gdp,D2
GN,Guinea,2020,0.159915464208879,BX.TRF.PWKR.DT.GD.ZS,remittances_received_pct_gdp,D2
GW,Guinea-Bissau,2024,9.78993549981629,BX.TRF.PWKR.DT.GD.ZS,remittances_received_pct_gdp,D2
GW,Guinea-Bissau,2023,9.60584703377319,BX.TRF.PWKR.DT.GD.ZS,remittances_received_pct_gdp,D2
GW,Guinea-Bissau,2022,10.2284557500648,BX.TRF.PWKR.DT.GD.ZS,remittances_received_pct_gdp,D2
GW,Guinea-Bissau,2021,10.8017510631462,BX.TRF.PWKR.DT.GD.ZS,remittances_received_pct_gdp,D2
GW,Guinea-Bissau,2020,10.2599707576975,BX.TRF.PWKR.DT.GD.ZS,remittances_received_pct_gdp,D2
GY,Guyana,2024,2.43282268689805,BX.TRF.PWKR.DT.GD.ZS,remittances_received_pct_gdp,D2
GY,Guyana,2023,3.22475315141245,BX.TRF.PWKR.DT.GD.ZS,remittances_received_pct_gdp,D2
GY,Guyana,2022,3.66298141565721,BX.TRF.PWKR.DT.GD.ZS,remittances_received_pct_gdp,D2
GY,Guyana,2021,6.88301292281138,BX.TRF.PWKR.DT.GD.ZS,remittances_received_pct_gdp,D2
GY,Guyana,2020,8.06151198098608,BX.TRF.PWKR.DT.GD.ZS,remittances_received_pct_gdp,D2
HT,Haiti,2024,16.2978802161959,BX.TRF.PWKR.DT.GD.ZS,remittances_received_pct_gdp,D2
HT,Haiti,2023,18.9075125418803,BX.TRF.PWKR.DT.GD.ZS,remittances_received_pct_gdp,D2
HT,Haiti,2022,18.7510455649753,BX.TRF.PWKR.DT.GD.ZS,remittances_received_pct_gdp,D2
HT,Haiti,2021,19.0714280484253,BX.TRF.PWKR.DT.GD.ZS,remittances_received_pct_gdp,D2
HT,Haiti,2020,22.4512536627714,BX.TRF.PWKR.DT.GD.ZS,remittances_received_pct_gdp,D2
HN,Honduras,2024,25.6991309025944,BX.TRF.PWKR.DT.GD.ZS,remittances_received_pct_gdp,D2
HN,Honduras,2023,26.1039039273527,BX.TRF.PWKR.DT.GD.ZS,remittances_received_pct_gdp,D2
HN,Honduras,2022,27.0011044721289,BX.TRF.PWKR.DT.GD.ZS,remittances_received_pct_gdp,D2
HN,Honduras,2021,25.5945914762165,BX.TRF.PWKR.DT.GD.ZS,remittances_received_pct_gdp,D2
HN,Honduras,2020,23.9319582167015,BX.TRF.PWKR.DT.GD.ZS,remittances_received_pct_gdp,D2
HK,"Hong Kong SAR, China",2024,0.112462521412723,BX.TRF.PWKR.DT.GD.ZS,remittances_received_pct_gdp,D2
HK,"Hong Kong SAR, China",2023,0.119085906031378,BX.TRF.PWKR.DT.GD.ZS,remittances_received_pct_gdp,D2
HK,"Hong Kong SAR, China",2022,0.116680816832558,BX.TRF.PWKR.DT.GD.ZS,remittances_received_pct_gdp,D2
HK,"Hong Kong SAR, China",2021,0.12280410789555,BX.TRF.PWKR.DT.GD.ZS,remittances_received_pct_gdp,D2
HK,"Hong Kong SAR, China",2020,0.123664603893105,BX.TRF.PWKR.DT.GD.ZS,remittances_received_pct_gdp,D2
HU,Hungary,2024,2.46145540911402,BX.TRF.PWKR.DT.GD.ZS,remittances_received_pct_gdp,D2
HU,Hungary,2023,2.40983965445182,BX.TRF.PWKR.DT.GD.ZS,remittances_received_pct_gdp,D2
HU,Hungary,2022,2.2424521145243,BX.TRF.PWKR.DT.GD.ZS,remittances_received_pct_gdp,D2
HU,Hungary,2021,2.05117225294059,BX.TRF.PWKR.DT.GD.ZS,remittances_received_pct_gdp,D2
HU,Hungary,2020,2.47049834371569,BX.TRF.PWKR.DT.GD.ZS,remittances_received_pct_gdp,D2
IS,Iceland,2024,0.739962768086762,BX.TRF.PWKR.DT.GD.ZS,remittances_received_pct_gdp,D2
IS,Iceland,2023,0.697213311817886,BX.TRF.PWKR.DT.GD.ZS,remittances_received_pct_gdp,D2
IS,Iceland,2022,0.667749932634084,BX.TRF.PWKR.DT.GD.ZS,remittances_received_pct_gdp,D2
IS,Iceland,2021,0.73686487544575,BX.TRF.PWKR.DT.GD.ZS,remittances_received_pct_gdp,D2
IS,Iceland,2020,0.759557117718073,BX.TRF.PWKR.DT.GD.ZS,remittances_received_pct_gdp,D2
IN,India,2024,3.52118550357421,BX.TRF.PWKR.DT.GD.ZS,remittances_received_pct_gdp,D2
IN,India,2023,3.28504639847322,BX.TRF.PWKR.DT.GD.ZS,remittances_received_pct_gdp,D2
IN,India,2022,3.32391537862222,BX.TRF.PWKR.DT.GD.ZS,remittances_received_pct_gdp,D2
IN,India,2021,2.82183503869842,BX.TRF.PWKR.DT.GD.ZS,remittances_received_pct_gdp,D2
IN,India,2020,3.10855277353444,BX.TRF.PWKR.DT.GD.ZS,remittances_received_pct_gdp,D2
ID,Indonesia,2024,1.14863323387459,BX.TRF.PWKR.DT.GD.ZS,remittances_received_pct_gdp,D2
ID,Indonesia,2023,1.05507286323115,BX.TRF.PWKR.DT.GD.ZS,remittances_received_pct_gdp,D2
ID,Indonesia,2022,0.99228904198387,BX.TRF.PWKR.DT.GD.ZS,remittances_received_pct_gdp,D2
ID,Indonesia,2021,0.792444188150129,BX.TRF.PWKR.DT.GD.ZS,remittances_received_pct_gdp,D2
ID,Indonesia,2020,0.91127727787002,BX.TRF.PWKR.DT.GD.ZS,remittances_received_pct_gdp,D2
IQ,Iraq,2024,0.248997592822188,BX.TRF.PWKR.DT.GD.ZS,remittances_received_pct_gdp,D2
IQ,Iraq,2023,0.432049782942699,BX.TRF.PWKR.DT.GD.ZS,remittances_received_pct_gdp,D2
IQ,Iraq,2022,0.3822220371914,BX.TRF.PWKR.DT.GD.ZS,remittances_received_pct_gdp,D2
IQ,Iraq,2021,0.400349187063478,BX.TRF.PWKR.DT.GD.ZS,remittances_received_pct_gdp,D2
IQ,Iraq,2020,0.356221273355833,BX.TRF.PWKR.DT.GD.ZS,remittances_received_pct_gdp,D2
IE,Ireland,2024,0.107757774289943,BX.TRF.PWKR.DT.GD.ZS,remittances_received_pct_gdp,D2
IE,Ireland,2023,0.100626960522158,BX.TRF.PWKR.DT.GD.ZS,remittances_received_pct_gdp,D2
IE,Ireland,2022,0.0969814080083862,BX.TRF.PWKR.DT.GD.ZS,remittances_received_pct_gdp,D2
IE,Ireland,2021,0.0339096176869685,BX.TRF.PWKR.DT.GD.ZS,remittances_received_pct_gdp,D2
IE,Ireland,2020,0.06331314263944,BX.TRF.PWKR.DT.GD.ZS,remittances_received_pct_gdp,D2
IL,Israel,2024,0.176227865346397,BX.TRF.PWKR.DT.GD.ZS,remittances_received_pct_gdp,D2
IL,Israel,2023,0.193309194499678,BX.TRF.PWKR.DT.GD.ZS,remittances_received_pct_gdp,D2
IL,Israel,2022,0.240907416807883,BX.TRF.PWKR.DT.GD.ZS,remittances_received_pct_gdp,D2
IL,Israel,2021,0.25111689451007,BX.TRF.PWKR.DT.GD.ZS,remittances_received_pct_gdp,D2
IL,Israel,2020,0.251406904480002,BX.TRF.PWKR.DT.GD.ZS,remittances_received_pct_gdp,D2
IT,Italy,2024,0.468400220480969,BX.TRF.PWKR.DT.GD.ZS,remittances_received_pct_gdp,D2
IT,Italy,2023,0.522413573707348,BX.TRF.PWKR.DT.GD.ZS,remittances_received_pct_gdp,D2
IT,Italy,2022,0.466821575656975,BX.TRF.PWKR.DT.GD.ZS,remittances_received_pct_gdp,D2
IT,Italy,2021,0.463652112501098,BX.TRF.PWKR.DT.GD.ZS,remittances_received_pct_gdp,D2
IT,Italy,2020,0.518407597996087,BX.TRF.PWKR.DT.GD.ZS,remittances_received_pct_gdp,D2
JM,Jamaica,2024,16.1911212088802,BX.TRF.PWKR.DT.GD.ZS,remittances_received_pct_gdp,D2
JM,Jamaica,2023,16.8113957088423,BX.TRF.PWKR.DT.GD.ZS,remittances_received_pct_gdp,D2
JM,Jamaica,2022,19.6005613796812,BX.TRF.PWKR.DT.GD.ZS,remittances_received_pct_gdp,D2
JM,Jamaica,2021,23.2192733527292,BX.TRF.PWKR.DT.GD.ZS,remittances_received_pct_gdp,D2
JM,Jamaica,2020,20.4455313500087,BX.TRF.PWKR.DT.GD.ZS,remittances_received_pct_gdp,D2
JP,Japan,2024,0.115309420280122,BX.TRF.PWKR.DT.GD.ZS,remittances_received_pct_gdp,D2
JP,Japan,2023,0.111846653062437,BX.TRF.PWKR.DT.GD.ZS,remittances_received_pct_gdp,D2
JP,Japan,2022,0.126874933673179,BX.TRF.PWKR.DT.GD.ZS,remittances_received_pct_gdp,D2
JP,Japan,2021,0.105055336492197,BX.TRF.PWKR.DT.GD.ZS,remittances_received_pct_gdp,D2
JP,Japan,2020,0.0967099102397569,BX.TRF.PWKR.DT.GD.ZS,remittances_received_pct_gdp,D2
JO,Jordan,2024,8.30541068744501,BX.TRF.PWKR.DT.GD.ZS,remittances_received_pct_gdp,D2
JO,Jordan,2023,8.5342141956866,BX.TRF.PWKR.DT.GD.ZS,remittances_received_pct_gdp,D2
JO,Jordan,2022,9.78565654560806,BX.TRF.PWKR.DT.GD.ZS,remittances_received_pct_gdp,D2
JO,Jordan,2021,10.9558097995849,BX.TRF.PWKR.DT.GD.ZS,remittances_received_pct_gdp,D2
JO,Jordan,2020,11.0277178090294,BX.TRF.PWKR.DT.GD.ZS,remittances_received_pct_gdp,D2
KZ,Kazakhstan,2024,0.08260553410117,BX.TRF.PWKR.DT.GD.ZS,remittances_received_pct_gdp,D2
KZ,Kazakhstan,2023,0.115996073438374,BX.TRF.PWKR.DT.GD.ZS,remittances_received_pct_gdp,D2
KZ,Kazakhstan,2022,0.213219830288597,BX.TRF.PWKR.DT.GD.ZS,remittances_received_pct_gdp,D2
KZ,Kazakhstan,2021,0.157213071084416,BX.TRF.PWKR.DT.GD.ZS,remittances_received_pct_gdp,D2
KZ,Kazakhstan,2020,0.218836862121885,BX.TRF.PWKR.DT.GD.ZS,remittances_received_pct_gdp,D2
KE,Kenya,2024,4.15476886041749,BX.TRF.PWKR.DT.GD.ZS,remittances_received_pct_gdp,D2
KE,Kenya,2023,3.93262959527649,BX.TRF.PWKR.DT.GD.ZS,remittances_received_pct_gdp,D2
KE,Kenya,2022,3.54717907214312,BX.TRF.PWKR.DT.GD.ZS,remittances_received_pct_gdp,D2
KE,Kenya,2021,3.43661248510652,BX.TRF.PWKR.DT.GD.ZS,remittances_received_pct_gdp,D2
KE,Kenya,2020,3.08763090265523,BX.TRF.PWKR.DT.GD.ZS,remittances_received_pct_gdp,D2
KI,Kiribati,2024,4.76134134687174,BX.TRF.PWKR.DT.GD.ZS,remittances_received_pct_gdp,D2
KI,Kiribati,2023,4.03045512960932,BX.TRF.PWKR.DT.GD.ZS,remittances_received_pct_gdp,D2
KI,Kiribati,2022,10.4091518739003,BX.TRF.PWKR.DT.GD.ZS,remittances_received_pct_gdp,D2
KI,Kiribati,2021,4.68288762879597,BX.TRF.PWKR.DT.GD.ZS,remittances_received_pct_gdp,D2
KI,Kiribati,2020,6.75249341214795,BX.TRF.PWKR.DT.GD.ZS,remittances_received_pct_gdp,D2
KR,"Korea, Rep.",2024,0.397219091099879,BX.TRF.PWKR.DT.GD.ZS,remittances_received_pct_gdp,D2
KR,"Korea, Rep.",2023,0.381341957760895,BX.TRF.PWKR.DT.GD.ZS,remittances_received_pct_gdp,D2
KR,"Korea, Rep.",2022,0.434292552000758,BX.TRF.PWKR.DT.GD.ZS,remittances_received_pct_gdp,D2
KR,"Korea, Rep.",2021,0.398612260944612,BX.TRF.PWKR.DT.GD.ZS,remittances_received_pct_gdp,D2
KR,"Korea, Rep.",2020,0.426290161624685,BX.TRF.PWKR.DT.GD.ZS,remittances_received_pct_gdp,D2
XK,Kosovo,2024,17.2963878731294,BX.TRF.PWKR.DT.GD.ZS,remittances_received_pct_gdp,D2
XK,Kosovo,2023,17.5065673926049,BX.TRF.PWKR.DT.GD.ZS,remittances_received_pct_gdp,D2
XK,Kosovo,2022,17.240729008068,BX.TRF.PWKR.DT.GD.ZS,remittances_received_pct_gdp,D2
XK,Kosovo,2021,18.0069699554219,BX.TRF.PWKR.DT.GD.ZS,remittances_received_pct_gdp,D2
XK,Kosovo,2020,18.6090576572743,BX.TRF.PWKR.DT.GD.ZS,remittances_received_pct_gdp,D2
KW,Kuwait,2024,0.0127258921481448,BX.TRF.PWKR.DT.GD.ZS,remittances_received_pct_gdp,D2
KW,Kuwait,2023,0.0128691395027413,BX.TRF.PWKR.DT.GD.ZS,remittances_received_pct_gdp,D2
KW,Kuwait,2022,0.012043935758368,BX.TRF.PWKR.DT.GD.ZS,remittances_received_pct_gdp,D2
KW,Kuwait,2021,0.543748747830022,BX.TRF.PWKR.DT.GD.ZS,remittances_received_pct_gdp,D2
KW,Kuwait,2020,0.0202777033196997,BX.TRF.PWKR.DT.GD.ZS,remittances_received_pct_gdp,D2
KG,Kyrgyz Republic,2024,17.7363196361325,BX.TRF.PWKR.DT.GD.ZS,remittances_received_pct_gdp,D2
KG,Kyrgyz Republic,2023,18.773661768124,BX.TRF.PWKR.DT.GD.ZS,remittances_received_pct_gdp,D2
KG,Kyrgyz Republic,2022,26.5775606386275,BX.TRF.PWKR.DT.GD.ZS,remittances_received_pct_gdp,D2
KG,Kyrgyz Republic,2021,32.5635356064056,BX.TRF.PWKR.DT.GD.ZS,remittances_received_pct_gdp,D2
KG,Kyrgyz Republic,2020,31.8069826721848,BX.TRF.PWKR.DT.GD.ZS,remittances_received_pct_gdp,D2
LA,Lao PDR,2024,1.49419709212958,BX.TRF.PWKR.DT.GD.ZS,remittances_received_pct_gdp,D2
LA,Lao PDR,2023,1.81268457051843,BX.TRF.PWKR.DT.GD.ZS,remittances_received_pct_gdp,D2
LA,Lao PDR,2022,1.54993514268783,BX.TRF.PWKR.DT.GD.ZS,remittances_received_pct_gdp,D2
LA,Lao PDR,2021,1.16599964631609,BX.TRF.PWKR.DT.GD.ZS,remittances_received_pct_gdp,D2
LA,Lao PDR,2020,1.22309812418047,BX.TRF.PWKR.DT.GD.ZS,remittances_received_pct_gdp,D2
LV,Latvia,2024,3.06291232632615,BX.TRF.PWKR.DT.GD.ZS,remittances_received_pct_gdp,D2
LV,Latvia,2023,2.88631577171599,BX.TRF.PWKR.DT.GD.ZS,remittances_received_pct_gdp,D2
LV,Latvia,2022,3.40541390123867,BX.TRF.PWKR.DT.GD.ZS,remittances_received_pct_gdp,D2
LV,Latvia,2021,3.45020908059925,BX.TRF.PWKR.DT.GD.ZS,remittances_received_pct_gdp,D2
LV,Latvia,2020,3.26049152549512,BX.TRF.PWKR.DT.GD.ZS,remittances_received_pct_gdp,D2
LB,Lebanon,2023,33.349773045666,BX.TRF.PWKR.DT.GD.ZS,remittances_received_pct_gdp,D2
LB,Lebanon,2022,30.6555163782975,BX.TRF.PWKR.DT.GD.ZS,remittances_received_pct_gdp,D2
LB,Lebanon,2021,27.4664867984856,BX.TRF.PWKR.DT.GD.ZS,remittances_received_pct_gdp,D2
LB,Lebanon,2020,20.7914353641318,BX.TRF.PWKR.DT.GD.ZS,remittances_received_pct_gdp,D2
LS,Lesotho,2024,20.9449474559221,BX.TRF.PWKR.DT.GD.ZS,remittances_received_pct_gdp,D2
LS,Lesotho,2023,22.651667938661,BX.TRF.PWKR.DT.GD.ZS,remittances_received_pct_gdp,D2
LS,Lesotho,2022,22.6158645366655,BX.TRF.PWKR.DT.GD.ZS,remittances_received_pct_gdp,D2
LS,Lesotho,2021,19.6700805338208,BX.TRF.PWKR.DT.GD.ZS,remittances_received_pct_gdp,D2
LS,Lesotho,2020,21.9061888556538,BX.TRF.PWKR.DT.GD.ZS,remittances_received_pct_gdp,D2
LR,Liberia,2024,21.2758383451019,BX.TRF.PWKR.DT.GD.ZS,remittances_received_pct_gdp,D2
LR,Liberia,2023,21.6447627671982,BX.TRF.PWKR.DT.GD.ZS,remittances_received_pct_gdp,D2
LR,Liberia,2022,21.9115282607278,BX.TRF.PWKR.DT.GD.ZS,remittances_received_pct_gdp,D2
LR,Liberia,2021,24.6213565214495,BX.TRF.PWKR.DT.GD.ZS,remittances_received_pct_gdp,D2
LR,Liberia,2020,13.1296865672502,BX.TRF.PWKR.DT.GD.ZS,remittances_received_pct_gdp,D2
LT,Lithuania,2024,1.23863135593181,BX.TRF.PWKR.DT.GD.ZS,remittances_received_pct_gdp,D2
LT,Lithuania,2023,1.22409792475394,BX.TRF.PWKR.DT.GD.ZS,remittances_received_pct_gdp,D2
LT,Lithuania,2022,1.03605141610571,BX.TRF.PWKR.DT.GD.ZS,remittances_received_pct_gdp,D2
LT,Lithuania,2021,1.16066302778464,BX.TRF.PWKR.DT.GD.ZS,remittances_received_pct_gdp,D2
LT,Lithuania,2020,1.37702741376978,BX.TRF.PWKR.DT.GD.ZS,remittances_received_pct_gdp,D2
LU,Luxembourg,2024,2.6796497771042,BX.TRF.PWKR.DT.GD.ZS,remittances_received_pct_gdp,D2
LU,Luxembourg,2023,2.83927238374381,BX.TRF.PWKR.DT.GD.ZS,remittances_received_pct_gdp,D2
LU,Luxembourg,2022,2.77413838196924,BX.TRF.PWKR.DT.GD.ZS,remittances_received_pct_gdp,D2
LU,Luxembourg,2021,2.83766550948833,BX.TRF.PWKR.DT.GD.ZS,remittances_received_pct_gdp,D2
LU,Luxembourg,2020,3.16202010200796,BX.TRF.PWKR.DT.GD.ZS,remittances_received_pct_gdp,D2
MO,"Macao SAR, China",2024,0.274199540982429,BX.TRF.PWKR.DT.GD.ZS,remittances_received_pct_gdp,D2
MO,"Macao SAR, China",2023,0.244410216664406,BX.TRF.PWKR.DT.GD.ZS,remittances_received_pct_gdp,D2
MO,"Macao SAR, China",2022,0.358810914849254,BX.TRF.PWKR.DT.GD.ZS,remittances_received_pct_gdp,D2
MO,"Macao SAR, China",2021,0.241236232450953,BX.TRF.PWKR.DT.GD.ZS,remittances_received_pct_gdp,D2
MO,"Macao SAR, China",2020,0.260161303896113,BX.TRF.PWKR.DT.GD.ZS,remittances_received_pct_gdp,D2
MG,Madagascar,2024,2.33207727287572,BX.TRF.PWKR.DT.GD.ZS,remittances_received_pct_gdp,D2
MG,Madagascar,2023,1.96254272292413,BX.TRF.PWKR.DT.GD.ZS,remittances_received_pct_gdp,D2
MG,Madagascar,2022,2.5140303045849,BX.TRF.PWKR.DT.GD.ZS,remittances_received_pct_gdp,D2
MG,Madagascar,2021,3.06318819411447,BX.TRF.PWKR.DT.GD.ZS,remittances_received_pct_gdp,D2
MG,Madagascar,2020,3.79541630464955,BX.TRF.PWKR.DT.GD.ZS,remittances_received_pct_gdp,D2
MW,Malawi,2024,1.65044236586352,BX.TRF.PWKR.DT.GD.ZS,remittances_received_pct_gdp,D2
MW,Malawi,2023,1.35282219243253,BX.TRF.PWKR.DT.GD.ZS,remittances_received_pct_gdp,D2
MW,Malawi,2022,2.12676683960859,BX.TRF.PWKR.DT.GD.ZS,remittances_received_pct_gdp,D2
MW,Malawi,2021,2.57418486200992,BX.TRF.PWKR.DT.GD.ZS,remittances_received_pct_gdp,D2
MW,Malawi,2020,1.9682614672589,BX.TRF.PWKR.DT.GD.ZS,remittances_received_pct_gdp,D2
MY,Malaysia,2024,0.380193528996402,BX.TRF.PWKR.DT.GD.ZS,remittances_received_pct_gdp,D2
MY,Malaysia,2023,0.426163280659906,BX.TRF.PWKR.DT.GD.ZS,remittances_received_pct_gdp,D2
MY,Malaysia,2022,0.396663370541767,BX.TRF.PWKR.DT.GD.ZS,remittances_received_pct_gdp,D2
MY,Malaysia,2021,0.415301972862394,BX.TRF.PWKR.DT.GD.ZS,remittances_received_pct_gdp,D2
MY,Malaysia,2020,0.422776119475248,BX.TRF.PWKR.DT.GD.ZS,remittances_received_pct_gdp,D2
MV,Maldives,2024,0.0800427681119482,BX.TRF.PWKR.DT.GD.ZS,remittances_received_pct_gdp,D2
MV,Maldives,2023,0.0813040657047612,BX.TRF.PWKR.DT.GD.ZS,remittances_received_pct_gdp,D2
MV,Maldives,2022,0.0829967046687048,BX.TRF.PWKR.DT.GD.ZS,remittances_received_pct_gdp,D2
MV,Maldives,2021,0.0929598229658775,BX.TRF.PWKR.DT.GD.ZS,remittances_received_pct_gdp,D2
MV,Maldives,2020,0.125253487973412,BX.TRF.PWKR.DT.GD.ZS,remittances_received_pct_gdp,D2
ML,Mali,2024,3.98934711923809,BX.TRF.PWKR.DT.GD.ZS,remittances_received_pct_gdp,D2
ML,Mali,2023,4.21188284183315,BX.TRF.PWKR.DT.GD.ZS,remittances_received_pct_gdp,D2
ML,Mali,2022,4.91124884987894,BX.TRF.PWKR.DT.GD.ZS,remittances_received_pct_gdp,D2
ML,Mali,2021,4.91954656262131,BX.TRF.PWKR.DT.GD.ZS,remittances_received_pct_gdp,D2
ML,Mali,2020,4.81742226778366,BX.TRF.PWKR.DT.GD.ZS,remittances_received_pct_gdp,D2
MT,Malta,2024,0.0627275385087571,BX.TRF.PWKR.DT.GD.ZS,remittances_received_pct_gdp,D2
MT,Malta,2023,0.0688948837122508,BX.TRF.PWKR.DT.GD.ZS,remittances_received_pct_gdp,D2
MT,Malta,2022,0.0652156235713647,BX.TRF.PWKR.DT.GD.ZS,remittances_received_pct_gdp,D2
MT,Malta,2021,0.0707898754533939,BX.TRF.PWKR.DT.GD.ZS,remittances_received_pct_gdp,D2
MT,Malta,2020,0.0836102022672292,BX.TRF.PWKR.DT.GD.ZS,remittances_received_pct_gdp,D2
MH,Marshall Islands,2024,11.8748861852198,BX.TRF.PWKR.DT.GD.ZS,remittances_received_pct_gdp,D2
MH,Marshall Islands,2023,13.0610707953587,BX.TRF.PWKR.DT.GD.ZS,remittances_received_pct_gdp,D2
MH,Marshall Islands,2022,13.3153932942448,BX.TRF.PWKR.DT.GD.ZS,remittances_received_pct_gdp,D2
MH,Marshall Islands,2021,13.1868480569462,BX.TRF.PWKR.DT.GD.ZS,remittances_received_pct_gdp,D2
MH,Marshall Islands,2020,13.8337688172043,BX.TRF.PWKR.DT.GD.ZS,remittances_received_pct_gdp,D2
MR,Mauritania,2024,0.866706864831731,BX.TRF.PWKR.DT.GD.ZS,remittances_received_pct_gdp,D2
MR,Mauritania,2023,1.56372947461603,BX.TRF.PWKR.DT.GD.ZS,remittances_received_pct_gdp,D2
MR,Mauritania,2022,1.14343949600414,BX.TRF.PWKR.DT.GD.ZS,remittances_received_pct_gdp,D2
MR,Mauritania,2021,0.142859017328482,BX.TRF.PWKR.DT.GD.ZS,remittances_received_pct_gdp,D2
MR,Mauritania,2020,2.04176529806242,BX.TRF.PWKR.DT.GD.ZS,remittances_received_pct_gdp,D2
MU,Mauritius,2024,1.92045282657077,BX.TRF.PWKR.DT.GD.ZS,remittances_received_pct_gdp,D2
MU,Mauritius,2023,2.24116402633618,BX.TRF.PWKR.DT.GD.ZS,remittances_received_pct_gdp,D2
MU,Mauritius,2022,2.11679538005685,BX.TRF.PWKR.DT.GD.ZS,remittances_received_pct_gdp,D2
MU,Mauritius,2021,2.3444626925632,BX.TRF.PWKR.DT.GD.ZS,remittances_received_pct_gdp,D2
MU,Mauritius,2020,2.46174617403058,BX.TRF.PWKR.DT.GD.ZS,remittances_received_pct_gdp,D2
MX,Mexico,2024,3.64356639704934,BX.TRF.PWKR.DT.GD.ZS,remittances_received_pct_gdp,D2
MX,Mexico,2023,3.68332313946646,BX.TRF.PWKR.DT.GD.ZS,remittances_received_pct_gdp,D2
MX,Mexico,2022,4.18953324624702,BX.TRF.PWKR.DT.GD.ZS,remittances_received_pct_gdp,D2
MX,Mexico,2021,4.1826148147438,BX.TRF.PWKR.DT.GD.ZS,remittances_received_pct_gdp,D2
MX,Mexico,2020,3.92284685483306,BX.TRF.PWKR.DT.GD.ZS,remittances_received_pct_gdp,D2
FM,"Micronesia, Fed. Sts.",2024,4.95066979363509,BX.TRF.PWKR.DT.GD.ZS,remittances_received_pct_gdp,D2
FM,"Micronesia, Fed. Sts.",2023,5.28659517511293,BX.TRF.PWKR.DT.GD.ZS,remittances_received_pct_gdp,D2
FM,"Micronesia, Fed. Sts.",2022,5.61084573906575,BX.TRF.PWKR.DT.GD.ZS,remittances_received_pct_gdp,D2
FM,"Micronesia, Fed. Sts.",2021,5.95980254436968,BX.TRF.PWKR.DT.GD.ZS,remittances_received_pct_gdp,D2
FM,"Micronesia, Fed. Sts.",2020,6.25865674879801,BX.TRF.PWKR.DT.GD.ZS,remittances_received_pct_gdp,D2
MD,Moldova,2024,10.5371328507027,BX.TRF.PWKR.DT.GD.ZS,remittances_received_pct_gdp,D2
MD,Moldova,2023,12.0387300286119,BX.TRF.PWKR.DT.GD.ZS,remittances_received_pct_gdp,D2
MD,Moldova,2022,14.0294158168182,BX.TRF.PWKR.DT.GD.ZS,remittances_received_pct_gdp,D2
MD,Moldova,2021,15.4787484391198,BX.TRF.PWKR.DT.GD.ZS,remittances_received_pct_gdp,D2
MD,Moldova,2020,16.274922384411,BX.TRF.PWKR.DT.GD.ZS,remittances_received_pct_gdp,D2
MN,Mongolia,2024,2.217677569671,BX.TRF.PWKR.DT.GD.ZS,remittances_received_pct_gdp,D2
MN,Mongolia,2023,2.23995468059518,BX.TRF.PWKR.DT.GD.ZS,remittances_received_pct_gdp,D2
MN,Mongolia,2022,2.32831928767738,BX.TRF.PWKR.DT.GD.ZS,remittances_received_pct_gdp,D2
MN,Mongolia,2021,3.08222219088585,BX.TRF.PWKR.DT.GD.ZS,remittances_received_pct_gdp,D2
MN,Mongolia,2020,4.12254263505693,BX.TRF.PWKR.DT.GD.ZS,remittances_received_pct_gdp,D2
ME,Montenegro,2024,10.3409065632717,BX.TRF.PWKR.DT.GD.ZS,remittances_received_pct_gdp,D2
ME,Montenegro,2023,10.5300863110362,BX.TRF.PWKR.DT.GD.ZS,remittances_received_pct_gdp,D2
ME,Montenegro,2022,13.2797410517214,BX.TRF.PWKR.DT.GD.ZS,remittances_received_pct_gdp,D2
ME,Montenegro,2021,13.6031501601644,BX.TRF.PWKR.DT.GD.ZS,remittances_received_pct_gdp,D2
ME,Montenegro,2020,12.7171404950588,BX.TRF.PWKR.DT.GD.ZS,remittances_received_pct_gdp,D2
MA,Morocco,2024,7.78959024287823,BX.TRF.PWKR.DT.GD.ZS,remittances_received_pct_gdp,D2
MA,Morocco,2023,8.0456838833246,BX.TRF.PWKR.DT.GD.ZS,remittances_received_pct_gdp,D2
MA,Morocco,2022,8.51110257085938,BX.TRF.PWKR.DT.GD.ZS,remittances_received_pct_gdp,D2
MA,Morocco,2021,7.67928536986343,BX.TRF.PWKR.DT.GD.ZS,remittances_received_pct_gdp,D2
MA,Morocco,2020,6.10953091862088,BX.TRF.PWKR.DT.GD.ZS,remittances_received_pct_gdp,D2
MZ,Mozambique,2024,1.17349235648113,BX.TRF.PWKR.DT.GD.ZS,remittances_received_pct_gdp,D2
MZ,Mozambique,2023,1.21711183933379,BX.TRF.PWKR.DT.GD.ZS,remittances_received_pct_gdp,D2
MZ,Mozambique,2022,0.880109212306658,BX.TRF.PWKR.DT.GD.ZS,remittances_received_pct_gdp,D2
MZ,Mozambique,2021,1.2485624975782,BX.TRF.PWKR.DT.GD.ZS,remittances_received_pct_gdp,D2
MZ,Mozambique,2020,1.13844765742436,BX.TRF.PWKR.DT.GD.ZS,remittances_received_pct_gdp,D2
MM,Myanmar,2024,1.55261998869075,BX.TRF.PWKR.DT.GD.ZS,remittances_received_pct_gdp,D2
MM,Myanmar,2023,1.64775199666723,BX.TRF.PWKR.DT.GD.ZS,remittances_received_pct_gdp,D2
MM,Myanmar,2022,2.02532247815274,BX.TRF.PWKR.DT.GD.ZS,remittances_received_pct_gdp,D2
MM,Myanmar,2021,1.93245858367708,BX.TRF.PWKR.DT.GD.ZS,remittances_received_pct_gdp,D2
MM,Myanmar,2020,3.38146514688484,BX.TRF.PWKR.DT.GD.ZS,remittances_received_pct_gdp,D2
NA,Namibia,2024,0.722779284069506,BX.TRF.PWKR.DT.GD.ZS,remittances_received_pct_gdp,D2
NA,Namibia,2023,0.67588741519345,BX.TRF.PWKR.DT.GD.ZS,remittances_received_pct_gdp,D2
NA,Namibia,2022,0.56572462364198,BX.TRF.PWKR.DT.GD.ZS,remittances_received_pct_gdp,D2
NA,Namibia,2021,0.50776120762883,BX.TRF.PWKR.DT.GD.ZS,remittances_received_pct_gdp,D2
NA,Namibia,2020,0.571164175639804,BX.TRF.PWKR.DT.GD.ZS,remittances_received_pct_gdp,D2
NR,Nauru,2024,1.37470588834142,BX.TRF.PWKR.DT.GD.ZS,remittances_received_pct_gdp,D2
NR,Nauru,2023,0.581505112363576,BX.TRF.PWKR.DT.GD.ZS,remittances_received_pct_gdp,D2
NR,Nauru,2022,0.602937030540182,BX.TRF.PWKR.DT.GD.ZS,remittances_received_pct_gdp,D2
NR,Nauru,2021,0.678830832555516,BX.TRF.PWKR.DT.GD.ZS,remittances_received_pct_gdp,D2
NR,Nauru,2020,1.99206399992649,BX.TRF.PWKR.DT.GD.ZS,remittances_received_pct_gdp,D2
NP,Nepal,2024,26.2254579224946,BX.TRF.PWKR.DT.GD.ZS,remittances_received_pct_gdp,D2
NP,Nepal,2023,26.2241089254704,BX.TRF.PWKR.DT.GD.ZS,remittances_received_pct_gdp,D2
NP,Nepal,2022,22.8532966744987,BX.TRF.PWKR.DT.GD.ZS,remittances_received_pct_gdp,D2
NP,Nepal,2021,22.2775786274327,BX.TRF.PWKR.DT.GD.ZS,remittances_received_pct_gdp,D2
NP,Nepal,2020,24.2502461023191,BX.TRF.PWKR.DT.GD.ZS,remittances_received_pct_gdp,D2
NL,Netherlands,2024,0.388451107837284,BX.TRF.PWKR.DT.GD.ZS,remittances_received_pct_gdp,D2
NL,Netherlands,2023,0.376317382521895,BX.TRF.PWKR.DT.GD.ZS,remittances_received_pct_gdp,D2
NL,Netherlands,2022,0.363880236566379,BX.TRF.PWKR.DT.GD.ZS,remittances_received_pct_gdp,D2
NL,Netherlands,2021,0.375241954774634,BX.TRF.PWKR.DT.GD.ZS,remittances_received_pct_gdp,D2
NL,Netherlands,2020,0.388424031122952,BX.TRF.PWKR.DT.GD.ZS,remittances_received_pct_gdp,D2
NC,New Caledonia,2024,7.2647978968705,BX.TRF.PWKR.DT.GD.ZS,remittances_received_pct_gdp,D2
NC,New Caledonia,2023,6.35736580329036,BX.TRF.PWKR.DT.GD.ZS,remittances_received_pct_gdp,D2
NC,New Caledonia,2022,6.45371658177669,BX.TRF.PWKR.DT.GD.ZS,remittances_received_pct_gdp,D2
NC,New Caledonia,2021,6.16661854240273,BX.TRF.PWKR.DT.GD.ZS,remittances_received_pct_gdp,D2
NC,New Caledonia,2020,6.56886362335795,BX.TRF.PWKR.DT.GD.ZS,remittances_received_pct_gdp,D2
NZ,New Zealand,2024,0.229921226554764,BX.TRF.PWKR.DT.GD.ZS,remittances_received_pct_gdp,D2
NZ,New Zealand,2023,0.217780673020847,BX.TRF.PWKR.DT.GD.ZS,remittances_received_pct_gdp,D2
NZ,New Zealand,2022,0.163202042580004,BX.TRF.PWKR.DT.GD.ZS,remittances_received_pct_gdp,D2
NZ,New Zealand,2021,0.181869893800898,BX.TRF.PWKR.DT.GD.ZS,remittances_received_pct_gdp,D2
NZ,New Zealand,2020,0.201139555395712,BX.TRF.PWKR.DT.GD.ZS,remittances_received_pct_gdp,D2
NI,Nicaragua,2024,26.6355465455205,BX.TRF.PWKR.DT.GD.ZS,remittances_received_pct_gdp,D2
NI,Nicaragua,2023,26.1841025303411,BX.TRF.PWKR.DT.GD.ZS,remittances_received_pct_gdp,D2
NI,Nicaragua,2022,20.641434228789,BX.TRF.PWKR.DT.GD.ZS,remittances_received_pct_gdp,D2
NI,Nicaragua,2021,15.1305293767625,BX.TRF.PWKR.DT.GD.ZS,remittances_received_pct_gdp,D2
NI,Nicaragua,2020,14.575973804427,BX.TRF.PWKR.DT.GD.ZS,remittances_received_pct_gdp,D2
NE,Niger,2024,3.27220354462246,BX.TRF.PWKR.DT.GD.ZS,remittances_received_pct_gdp,D2
NE,Niger,2023,3.73586664871377,BX.TRF.PWKR.DT.GD.ZS,remittances_received_pct_gdp,D2
NE,Niger,2022,4.69902875888469,BX.TRF.PWKR.DT.GD.ZS,remittances_received_pct_gdp,D2
NE,Niger,2021,2.3689652189354,BX.TRF.PWKR.DT.GD.ZS,remittances_received_pct_gdp,D2
NE,Niger,2020,3.79015553084902,BX.TRF.PWKR.DT.GD.ZS,remittances_received_pct_gdp,D2
NG,Nigeria,2024,8.44081449065528,BX.TRF.PWKR.DT.GD.ZS,remittances_received_pct_gdp,D2
NG,Nigeria,2023,4.01108712396646,BX.TRF.PWKR.DT.GD.ZS,remittances_received_pct_gdp,D2
NG,Nigeria,2022,3.11115327874995,BX.TRF.PWKR.DT.GD.ZS,remittances_received_pct_gdp,D2
NG,Nigeria,2021,3.19846919163264,BX.TRF.PWKR.DT.GD.ZS,remittances_received_pct_gdp,D2
NG,Nigeria,2020,2.87469533136236,BX.TRF.PWKR.DT.GD.ZS,remittances_received_pct_gdp,D2
MK,North Macedonia,2024,2.70304622678412,BX.TRF.PWKR.DT.GD.ZS,remittances_received_pct_gdp,D2
MK,North Macedonia,2023,2.9167769810413,BX.TRF.PWKR.DT.GD.ZS,remittances_received_pct_gdp,D2
MK,North Macedonia,2022,3.27695424528674,BX.TRF.PWKR.DT.GD.ZS,remittances_received_pct_gdp,D2
MK,North Macedonia,2021,3.49738517482887,BX.TRF.PWKR.DT.GD.ZS,remittances_received_pct_gdp,D2
MK,North Macedonia,2020,3.80294753811177,BX.TRF.PWKR.DT.GD.ZS,remittances_received_pct_gdp,D2
NO,Norway,2024,0.195829932747648,BX.TRF.PWKR.DT.GD.ZS,remittances_received_pct_gdp,D2
NO,Norway,2023,0.199055742031322,BX.TRF.PWKR.DT.GD.ZS,remittances_received_pct_gdp,D2
NO,Norway,2022,0.166877429076805,BX.TRF.PWKR.DT.GD.ZS,remittances_received_pct_gdp,D2
NO,Norway,2021,0.133458167667193,BX.TRF.PWKR.DT.GD.ZS,remittances_received_pct_gdp,D2
NO,Norway,2020,0.160215794441589,BX.TRF.PWKR.DT.GD.ZS,remittances_received_pct_gdp,D2
OM,Oman,2024,0.0364128462934954,BX.TRF.PWKR.DT.GD.ZS,remittances_received_pct_gdp,D2
OM,Oman,2023,0.0367429345768847,BX.TRF.PWKR.DT.GD.ZS,remittances_received_pct_gdp,D2
OM,Oman,2022,0.0355127088147278,BX.TRF.PWKR.DT.GD.ZS,remittances_received_pct_gdp,D2
OM,Oman,2021,0.044674767691208,BX.TRF.PWKR.DT.GD.ZS,remittances_received_pct_gdp,D2
OM,Oman,2020,0.051392391185177,BX.TRF.PWKR.DT.GD.ZS,remittances_received_pct_gdp,D2
PK,Pakistan,2024,9.39634523470825,BX.TRF.PWKR.DT.GD.ZS,remittances_received_pct_gdp,D2
PK,Pakistan,2023,7.88805370627643,BX.TRF.PWKR.DT.GD.ZS,remittances_received_pct_gdp,D2
PK,Pakistan,2022,8.04928811142895,BX.TRF.PWKR.DT.GD.ZS,remittances_received_pct_gdp,D2
PK,Pakistan,2021,8.98436279286431,BX.TRF.PWKR.DT.GD.ZS,remittances_received_pct_gdp,D2
PK,Pakistan,2020,8.68401332889248,BX.TRF.PWKR.DT.GD.ZS,remittances_received_pct_gdp,D2
PW,Palau,2023,0.801494399695455,BX.TRF.PWKR.DT.GD.ZS,remittances_received_pct_gdp,D2
PW,Palau,2022,0.867008831476758,BX.TRF.PWKR.DT.GD.ZS,remittances_received_pct_gdp,D2
PW,Palau,2021,0.813509056761199,BX.TRF.PWKR.DT.GD.ZS,remittances_received_pct_gdp,D2
PW,Palau,2020,0.869736323308816,BX.TRF.PWKR.DT.GD.ZS,remittances_received_pct_gdp,D2
PA,Panama,2024,0.614386086922541,BX.TRF.PWKR.DT.GD.ZS,remittances_received_pct_gdp,D2
PA,Panama,2023,0.61528196708061,BX.TRF.PWKR.DT.GD.ZS,remittances_received_pct_gdp,D2
PA,Panama,2022,0.688288624434384,BX.TRF.PWKR.DT.GD.ZS,remittances_received_pct_gdp,D2
PA,Panama,2021,0.840846144291105,BX.TRF.PWKR.DT.GD.ZS,remittances_received_pct_gdp,D2
PA,Panama,2020,0.677425906962669,BX.TRF.PWKR.DT.GD.ZS,remittances_received_pct_gdp,D2
PG,Papua New Guinea,2024,0.0121574533707842,BX.TRF.PWKR.DT.GD.ZS,remittances_received_pct_gdp,D2
PG,Papua New Guinea,2023,0.0438264845503834,BX.TRF.PWKR.DT.GD.ZS,remittances_received_pct_gdp,D2
PG,Papua New Guinea,2022,0.0461891584363272,BX.TRF.PWKR.DT.GD.ZS,remittances_received_pct_gdp,D2
PG,Papua New Guinea,2021,0.0118878811753718,BX.TRF.PWKR.DT.GD.ZS,remittances_received_pct_gdp,D2
PG,Papua New Guinea,2020,0.00963228723272583,BX.TRF.PWKR.DT.GD.ZS,remittances_received_pct_gdp,D2
PY,Paraguay,2024,2.55624323347034,BX.TRF.PWKR.DT.GD.ZS,remittances_received_pct_gdp,D2
PY,Paraguay,2023,2.15882477388687,BX.TRF.PWKR.DT.GD.ZS,remittances_received_pct_gdp,D2
PY,Paraguay,2022,2.0705208418379,BX.TRF.PWKR.DT.GD.ZS,remittances_received_pct_gdp,D2
PY,Paraguay,2021,2.06503711459361,BX.TRF.PWKR.DT.GD.ZS,remittances_received_pct_gdp,D2
PY,Paraguay,2020,2.13482355166227,BX.TRF.PWKR.DT.GD.ZS,remittances_received_pct_gdp,D2
PE,Peru,2024,1.70587702107004,BX.TRF.PWKR.DT.GD.ZS,remittances_received_pct_gdp,D2
PE,Peru,2023,1.66573125648714,BX.TRF.PWKR.DT.GD.ZS,remittances_received_pct_gdp,D2
PE,Peru,2022,1.50805544629239,BX.TRF.PWKR.DT.GD.ZS,remittances_received_pct_gdp,D2
PE,Peru,2021,1.59410803597792,BX.TRF.PWKR.DT.GD.ZS,remittances_received_pct_gdp,D2
PE,Peru,2020,1.44323462669192,BX.TRF.PWKR.DT.GD.ZS,remittances_received_pct_gdp,D2
PH,Philippines,2024,8.72571015588724,BX.TRF.PWKR.DT.GD.ZS,remittances_received_pct_gdp,D2
PH,Philippines,2023,8.9455180769963,BX.TRF.PWKR.DT.GD.ZS,remittances_received_pct_gdp,D2
PH,Philippines,2022,9.40977059288243,BX.TRF.PWKR.DT.GD.ZS,remittances_received_pct_gdp,D2
PH,Philippines,2021,9.30892916286057,BX.TRF.PWKR.DT.GD.ZS,remittances_received_pct_gdp,D2
PH,Philippines,2020,9.64277376552076,BX.TRF.PWKR.DT.GD.ZS,remittances_received_pct_gdp,D2
PL,Poland,2024,0.946863310070558,BX.TRF.PWKR.DT.GD.ZS,remittances_received_pct_gdp,D2
PL,Poland,2023,1.05114006470983,BX.TRF.PWKR.DT.GD.ZS,remittances_received_pct_gdp,D2
PL,Poland,2022,1.08739487666547,BX.TRF.PWKR.DT.GD.ZS,remittances_received_pct_gdp,D2
PL,Poland,2021,1.15051400179387,BX.TRF.PWKR.DT.GD.ZS,remittances_received_pct_gdp,D2
PL,Poland,2020,1.22756646645785,BX.TRF.PWKR.DT.GD.ZS,remittances_received_pct_gdp,D2
PT,Portugal,2024,0.587878277306539,BX.TRF.PWKR.DT.GD.ZS,remittances_received_pct_gdp,D2
PT,Portugal,2023,0.593684256641103,BX.TRF.PWKR.DT.GD.ZS,remittances_received_pct_gdp,D2
PT,Portugal,2022,0.631570715588484,BX.TRF.PWKR.DT.GD.ZS,remittances_received_pct_gdp,D2
PT,Portugal,2021,0.533906496255148,BX.TRF.PWKR.DT.GD.ZS,remittances_received_pct_gdp,D2
PT,Portugal,2020,0.441863851659828,BX.TRF.PWKR.DT.GD.ZS,remittances_received_pct_gdp,D2
QA,Qatar,2024,0.658475315636936,BX.TRF.PWKR.DT.GD.ZS,remittances_received_pct_gdp,D2
QA,Qatar,2023,0.661312283265676,BX.TRF.PWKR.DT.GD.ZS,remittances_received_pct_gdp,D2
QA,Qatar,2022,0.437654869216368,BX.TRF.PWKR.DT.GD.ZS,remittances_received_pct_gdp,D2
QA,Qatar,2021,0.47781726470251,BX.TRF.PWKR.DT.GD.ZS,remittances_received_pct_gdp,D2
QA,Qatar,2020,0.45124396470709,BX.TRF.PWKR.DT.GD.ZS,remittances_received_pct_gdp,D2
RO,Romania,2024,2.490134665764,BX.TRF.PWKR.DT.GD.ZS,remittances_received_pct_gdp,D2
RO,Romania,2023,2.86550550052392,BX.TRF.PWKR.DT.GD.ZS,remittances_received_pct_gdp,D2
RO,Romania,2022,2.97350172599786,BX.TRF.PWKR.DT.GD.ZS,remittances_received_pct_gdp,D2
RO,Romania,2021,3.19771739842693,BX.TRF.PWKR.DT.GD.ZS,remittances_received_pct_gdp,D2
RO,Romania,2020,3.0426851754726,BX.TRF.PWKR.DT.GD.ZS,remittances_received_pct_gdp,D2
RU,Russian Federation,2024,0.0877632981361672,BX.TRF.PWKR.DT.GD.ZS,remittances_received_pct_gdp,D2
RU,Russian Federation,2023,0.126306674820383,BX.TRF.PWKR.DT.GD.ZS,remittances_received_pct_gdp,D2
RU,Russian Federation,2022,0.141610832659861,BX.TRF.PWKR.DT.GD.ZS,remittances_received_pct_gdp,D2
RU,Russian Federation,2021,0.527388477992061,BX.TRF.PWKR.DT.GD.ZS,remittances_received_pct_gdp,D2
RU,Russian Federation,2020,0.66406336325159,BX.TRF.PWKR.DT.GD.ZS,remittances_received_pct_gdp,D2
RW,Rwanda,2024,3.62796016715467,BX.TRF.PWKR.DT.GD.ZS,remittances_received_pct_gdp,D2
RW,Rwanda,2023,3.61478178775368,BX.TRF.PWKR.DT.GD.ZS,remittances_received_pct_gdp,D2
RW,Rwanda,2022,3.56076089404595,BX.TRF.PWKR.DT.GD.ZS,remittances_received_pct_gdp,D2
RW,Rwanda,2021,3.53118438933187,BX.TRF.PWKR.DT.GD.ZS,remittances_received_pct_gdp,D2
RW,Rwanda,2020,2.75268804314647,BX.TRF.PWKR.DT.GD.ZS,remittances_received_pct_gdp,D2
WS,Samoa,2024,24.0063248792493,BX.TRF.PWKR.DT.GD.ZS,remittances_received_pct_gdp,D2
WS,Samoa,2023,25.3547277221951,BX.TRF.PWKR.DT.GD.ZS,remittances_received_pct_gdp,D2
WS,Samoa,2022,31.4726825614257,BX.TRF.PWKR.DT.GD.ZS,remittances_received_pct_gdp,D2
WS,Samoa,2021,28.8911917637226,BX.TRF.PWKR.DT.GD.ZS,remittances_received_pct_gdp,D2
WS,Samoa,2020,23.4968429809637,BX.TRF.PWKR.DT.GD.ZS,remittances_received_pct_gdp,D2
SM,San Marino,2023,1.09937149949615,BX.TRF.PWKR.DT.GD.ZS,remittances_received_pct_gdp,D2
SM,San Marino,2022,1.1948481186404,BX.TRF.PWKR.DT.GD.ZS,remittances_received_pct_gdp,D2
SM,San Marino,2021,1.13388954934606,BX.TRF.PWKR.DT.GD.ZS,remittances_received_pct_gdp,D2
SM,San Marino,2020,1.14575498574344,BX.TRF.PWKR.DT.GD.ZS,remittances_received_pct_gdp,D2
ST,Sao Tome and Principe,2024,9.7475517038659,BX.TRF.PWKR.DT.GD.ZS,remittances_received_pct_gdp,D2
ST,Sao Tome and Principe,2023,14.151421791732,BX.TRF.PWKR.DT.GD.ZS,remittances_received_pct_gdp,D2
ST,Sao Tome and Principe,2022,18.869112414756,BX.TRF.PWKR.DT.GD.ZS,remittances_received_pct_gdp,D2
ST,Sao Tome and Principe,2021,2.01972579004646,BX.TRF.PWKR.DT.GD.ZS,remittances_received_pct_gdp,D2
ST,Sao Tome and Principe,2020,1.82933358998671,BX.TRF.PWKR.DT.GD.ZS,remittances_received_pct_gdp,D2
SA,Saudi Arabia,2024,0.0273000004265027,BX.TRF.PWKR.DT.GD.ZS,remittances_received_pct_gdp,D2
SA,Saudi Arabia,2023,0.0256318852551406,BX.TRF.PWKR.DT.GD.ZS,remittances_received_pct_gdp,D2
SA,Saudi Arabia,2022,0.0231657002868662,BX.TRF.PWKR.DT.GD.ZS,remittances_received_pct_gdp,D2
SA,Saudi Arabia,2021,0.0300118046534322,BX.TRF.PWKR.DT.GD.ZS,remittances_received_pct_gdp,D2
SA,Saudi Arabia,2020,0.0393583696631861,BX.TRF.PWKR.DT.GD.ZS,remittances_received_pct_gdp,D2
SN,Senegal,2024,11.4301192710456,BX.TRF.PWKR.DT.GD.ZS,remittances_received_pct_gdp,D2
SN,Senegal,2023,10.6434131462934,BX.TRF.PWKR.DT.GD.ZS,remittances_received_pct_gdp,D2
SN,Senegal,2022,10.4760303181811,BX.TRF.PWKR.DT.GD.ZS,remittances_received_pct_gdp,D2
SN,Senegal,2021,11.2519045633329,BX.TRF.PWKR.DT.GD.ZS,remittances_received_pct_gdp,D2
SN,Senegal,2020,10.6291398745498,BX.TRF.PWKR.DT.GD.ZS,remittances_received_pct_gdp,D2
RS,Serbia,2024,6.39659640162288,BX.TRF.PWKR.DT.GD.ZS,remittances_received_pct_gdp,D2
RS,Serbia,2023,7.0960644346216,BX.TRF.PWKR.DT.GD.ZS,remittances_received_pct_gdp,D2
RS,Serbia,2022,8.53793327986465,BX.TRF.PWKR.DT.GD.ZS,remittances_received_pct_gdp,D2
RS,Serbia,2021,6.94943672867267,BX.TRF.PWKR.DT.GD.ZS,remittances_received_pct_gdp,D2
RS,Serbia,2020,6.92365039942266,BX.TRF.PWKR.DT.GD.ZS,remittances_received_pct_gdp,D2
SC,Seychelles,2024,0.551190483221827,BX.TRF.PWKR.DT.GD.ZS,remittances_received_pct_gdp,D2
SC,Seychelles,2023,0.521943685321322,BX.TRF.PWKR.DT.GD.ZS,remittances_received_pct_gdp,D2
SC,Seychelles,2022,0.540942315591985,BX.TRF.PWKR.DT.GD.ZS,remittances_received_pct_gdp,D2
SC,Seychelles,2021,0.639618917399878,BX.TRF.PWKR.DT.GD.ZS,remittances_received_pct_gdp,D2
SC,Seychelles,2020,0.721830959030331,BX.TRF.PWKR.DT.GD.ZS,remittances_received_pct_gdp,D2
SL,Sierra Leone,2024,4.60220597372152,BX.TRF.PWKR.DT.GD.ZS,remittances_received_pct_gdp,D2
SL,Sierra Leone,2023,4.56684008106211,BX.TRF.PWKR.DT.GD.ZS,remittances_received_pct_gdp,D2
SL,Sierra Leone,2022,4.08881666012583,BX.TRF.PWKR.DT.GD.ZS,remittances_received_pct_gdp,D2
SL,Sierra Leone,2021,2.56439301419071,BX.TRF.PWKR.DT.GD.ZS,remittances_received_pct_gdp,D2
SL,Sierra Leone,2020,2.64689995615237,BX.TRF.PWKR.DT.GD.ZS,remittances_received_pct_gdp,D2
SX,Sint Maarten (Dutch part),2024,2.69312375266832,BX.TRF.PWKR.DT.GD.ZS,remittances_received_pct_gdp,D2
SX,Sint Maarten (Dutch part),2023,2.84742398944831,BX.TRF.PWKR.DT.GD.ZS,remittances_received_pct_gdp,D2
SX,Sint Maarten (Dutch part),2022,3.04516078317487,BX.TRF.PWKR.DT.GD.ZS,remittances_received_pct_gdp,D2
SX,Sint Maarten (Dutch part),2021,3.43529953089954,BX.TRF.PWKR.DT.GD.ZS,remittances_received_pct_gdp,D2
SX,Sint Maarten (Dutch part),2020,3.12887136730092,BX.TRF.PWKR.DT.GD.ZS,remittances_received_pct_gdp,D2
SK,Slovak Republic,2024,2.09641430973558,BX.TRF.PWKR.DT.GD.ZS,remittances_received_pct_gdp,D2
SK,Slovak Republic,2023,2.04292332913555,BX.TRF.PWKR.DT.GD.ZS,remittances_received_pct_gdp,D2
SK,Slovak Republic,2022,2.00029336003364,BX.TRF.PWKR.DT.GD.ZS,remittances_received_pct_gdp,D2
SK,Slovak Republic,2021,2.01545323866653,BX.TRF.PWKR.DT.GD.ZS,remittances_received_pct_gdp,D2
SK,Slovak Republic,2020,2.28680381155773,BX.TRF.PWKR.DT.GD.ZS,remittances_received_pct_gdp,D2
SI,Slovenia,2024,1.24322954820764,BX.TRF.PWKR.DT.GD.ZS,remittances_received_pct_gdp,D2
SI,Slovenia,2023,1.33494617852124,BX.TRF.PWKR.DT.GD.ZS,remittances_received_pct_gdp,D2
SI,Slovenia,2022,1.30050005654386,BX.TRF.PWKR.DT.GD.ZS,remittances_received_pct_gdp,D2
SI,Slovenia,2021,1.34304781454004,BX.TRF.PWKR.DT.GD.ZS,remittances_received_pct_gdp,D2
SI,Slovenia,2020,1.38253126686938,BX.TRF.PWKR.DT.GD.ZS,remittances_received_pct_gdp,D2
SB,Solomon Islands,2024,6.00889889149161,BX.TRF.PWKR.DT.GD.ZS,remittances_received_pct_gdp,D2
SB,Solomon Islands,2023,5.61387942907796,BX.TRF.PWKR.DT.GD.ZS,remittances_received_pct_gdp,D2
SB,Solomon Islands,2022,5.53259070949236,BX.TRF.PWKR.DT.GD.ZS,remittances_received_pct_gdp,D2
SB,Solomon Islands,2021,3.2748037745436,BX.TRF.PWKR.DT.GD.ZS,remittances_received_pct_gdp,D2
SB,Solomon Islands,2020,1.79077316018124,BX.TRF.PWKR.DT.GD.ZS,remittances_received_pct_gdp,D2
SO,"Somalia, Fed. Rep.",2024,17.6994234143896,BX.TRF.PWKR.DT.GD.ZS,remittances_received_pct_gdp,D2
SO,"Somalia, Fed. Rep.",2023,19.9041795948166,BX.TRF.PWKR.DT.GD.ZS,remittances_received_pct_gdp,D2
SO,"Somalia, Fed. Rep.",2022,20.9908850338136,BX.TRF.PWKR.DT.GD.ZS,remittances_received_pct_gdp,D2
SO,"Somalia, Fed. Rep.",2021,22.3389222819783,BX.TRF.PWKR.DT.GD.ZS,remittances_received_pct_gdp,D2
SO,"Somalia, Fed. Rep.",2020,19.0299026425591,BX.TRF.PWKR.DT.GD.ZS,remittances_received_pct_gdp,D2
ZA,South Africa,2024,0.213233288359423,BX.TRF.PWKR.DT.GD.ZS,remittances_received_pct_gdp,D2
ZA,South Africa,2023,0.210618728835036,BX.TRF.PWKR.DT.GD.ZS,remittances_received_pct_gdp,D2
ZA,South Africa,2022,0.214147215380552,BX.TRF.PWKR.DT.GD.ZS,remittances_received_pct_gdp,D2
ZA,South Africa,2021,0.220638358471984,BX.TRF.PWKR.DT.GD.ZS,remittances_received_pct_gdp,D2
ZA,South Africa,2020,0.239923790431449,BX.TRF.PWKR.DT.GD.ZS,remittances_received_pct_gdp,D2
ES,Spain,2024,0.366748486679136,BX.TRF.PWKR.DT.GD.ZS,remittances_received_pct_gdp,D2
ES,Spain,2023,0.339088077031013,BX.TRF.PWKR.DT.GD.ZS,remittances_received_pct_gdp,D2
ES,Spain,2022,0.292566709394882,BX.TRF.PWKR.DT.GD.ZS,remittances_received_pct_gdp,D2
ES,Spain,2021,0.270293557786333,BX.TRF.PWKR.DT.GD.ZS,remittances_received_pct_gdp,D2
ES,Spain,2020,0.237512743208444,BX.TRF.PWKR.DT.GD.ZS,remittances_received_pct_gdp,D2
LK,Sri Lanka,2024,6.79203842044984,BX.TRF.PWKR.DT.GD.ZS,remittances_received_pct_gdp,D2
LK,Sri Lanka,2023,7.19406597922512,BX.TRF.PWKR.DT.GD.ZS,remittances_received_pct_gdp,D2
LK,Sri Lanka,2022,5.1513598897261,BX.TRF.PWKR.DT.GD.ZS,remittances_received_pct_gdp,D2
LK,Sri Lanka,2021,6.23540007343764,BX.TRF.PWKR.DT.GD.ZS,remittances_received_pct_gdp,D2
LK,Sri Lanka,2020,8.46666948979071,BX.TRF.PWKR.DT.GD.ZS,remittances_received_pct_gdp,D2
KN,St. Kitts and Nevis,2024,3.45137989407512,BX.TRF.PWKR.DT.GD.ZS,remittances_received_pct_gdp,D2
KN,St. Kitts and Nevis,2023,3.52308673594689,BX.TRF.PWKR.DT.GD.ZS,remittances_received_pct_gdp,D2
KN,St. Kitts and Nevis,2022,3.82742435449419,BX.TRF.PWKR.DT.GD.ZS,remittances_received_pct_gdp,D2
KN,St. Kitts and Nevis,2021,4.31644848767189,BX.TRF.PWKR.DT.GD.ZS,remittances_received_pct_gdp,D2
KN,St. Kitts and Nevis,2020,3.57085817002501,BX.TRF.PWKR.DT.GD.ZS,remittances_received_pct_gdp,D2
LC,St. Lucia,2024,2.37908325063531,BX.TRF.PWKR.DT.GD.ZS,remittances_received_pct_gdp,D2
LC,St. Lucia,2023,2.60430767589481,BX.TRF.PWKR.DT.GD.ZS,remittances_received_pct_gdp,D2
LC,St. Lucia,2022,2.64606338325431,BX.TRF.PWKR.DT.GD.ZS,remittances_received_pct_gdp,D2
LC,St. Lucia,2021,3.38786200261832,BX.TRF.PWKR.DT.GD.ZS,remittances_received_pct_gdp,D2
LC,St. Lucia,2020,3.76083240284187,BX.TRF.PWKR.DT.GD.ZS,remittances_received_pct_gdp,D2
VC,St. Vincent and the Grenadines,2024,7.94054934292645,BX.TRF.PWKR.DT.GD.ZS,remittances_received_pct_gdp,D2
VC,St. Vincent and the Grenadines,2023,8.5465572841826,BX.TRF.PWKR.DT.GD.ZS,remittances_received_pct_gdp,D2
VC,St. Vincent and the Grenadines,2022,8.9600494606505,BX.TRF.PWKR.DT.GD.ZS,remittances_received_pct_gdp,D2
VC,St. Vincent and the Grenadines,2021,7.8833728427168,BX.TRF.PWKR.DT.GD.ZS,remittances_received_pct_gdp,D2
VC,St. Vincent and the Grenadines,2020,7.28760488020117,BX.TRF.PWKR.DT.GD.ZS,remittances_received_pct_gdp,D2
SD,Sudan,2024,1.81187008589989,BX.TRF.PWKR.DT.GD.ZS,remittances_received_pct_gdp,D2
SD,Sudan,2023,2.50637309140704,BX.TRF.PWKR.DT.GD.ZS,remittances_received_pct_gdp,D2
SD,Sudan,2022,2.90211266882246,BX.TRF.PWKR.DT.GD.ZS,remittances_received_pct_gdp,D2
SD,Sudan,2021,3.26916579487434,BX.TRF.PWKR.DT.GD.ZS,remittances_received_pct_gdp,D2
SD,Sudan,2020,1.8323008553696,BX.TRF.PWKR.DT.GD.ZS,remittances_received_pct_gdp,D2
SR,Suriname,2024,3.62948526055995,BX.TRF.PWKR.DT.GD.ZS,remittances_received_pct_gdp,D2
SR,Suriname,2023,4.22998557374277,BX.TRF.PWKR.DT.GD.ZS,remittances_received_pct_gdp,D2
SR,Suriname,2022,3.90785134019277,BX.TRF.PWKR.DT.GD.ZS,remittances_received_pct_gdp,D2
SR,Suriname,2021,4.74967050714786,BX.TRF.PWKR.DT.GD.ZS,remittances_received_pct_gdp,D2
SR,Suriname,2020,4.25950717003706,BX.TRF.PWKR.DT.GD.ZS,remittances_received_pct_gdp,D2
SE,Sweden,2024,0.73316494168273,BX.TRF.PWKR.DT.GD.ZS,remittances_received_pct_gdp,D2
SE,Sweden,2023,0.670256262604243,BX.TRF.PWKR.DT.GD.ZS,remittances_received_pct_gdp,D2
SE,Sweden,2022,0.643140850059057,BX.TRF.PWKR.DT.GD.ZS,remittances_received_pct_gdp,D2
SE,Sweden,2021,0.516425772955722,BX.TRF.PWKR.DT.GD.ZS,remittances_received_pct_gdp,D2
SE,Sweden,2020,0.600055566280723,BX.TRF.PWKR.DT.GD.ZS,remittances_received_pct_gdp,D2
CH,Switzerland,2024,0.388206889473597,BX.TRF.PWKR.DT.GD.ZS,remittances_received_pct_gdp,D2
CH,Switzerland,2023,0.390234902671994,BX.TRF.PWKR.DT.GD.ZS,remittances_received_pct_gdp,D2
CH,Switzerland,2022,0.400685830735044,BX.TRF.PWKR.DT.GD.ZS,remittances_received_pct_gdp,D2
CH,Switzerland,2021,0.394169722896814,BX.TRF.PWKR.DT.GD.ZS,remittances_received_pct_gdp,D2
CH,Switzerland,2020,0.418815724820597,BX.TRF.PWKR.DT.GD.ZS,remittances_received_pct_gdp,D2
TJ,Tajikistan,2024,47.8852110026872,BX.TRF.PWKR.DT.GD.ZS,remittances_received_pct_gdp,D2
TJ,Tajikistan,2023,37.8445781946342,BX.TRF.PWKR.DT.GD.ZS,remittances_received_pct_gdp,D2
TJ,Tajikistan,2022,49.8953124537059,BX.TRF.PWKR.DT.GD.ZS,remittances_received_pct_gdp,D2
TJ,Tajikistan,2021,32.6893794785095,BX.TRF.PWKR.DT.GD.ZS,remittances_received_pct_gdp,D2
TJ,Tajikistan,2020,26.8848943162433,BX.TRF.PWKR.DT.GD.ZS,remittances_received_pct_gdp,D2
TZ,Tanzania,2024,1.42465392903549,BX.TRF.PWKR.DT.GD.ZS,remittances_received_pct_gdp,D2
TZ,Tanzania,2023,1.56634796086625,BX.TRF.PWKR.DT.GD.ZS,remittances_received_pct_gdp,D2
TZ,Tanzania,2022,0.929057337699634,BX.TRF.PWKR.DT.GD.ZS,remittances_received_pct_gdp,D2
TZ,Tanzania,2021,0.790350505202583,BX.TRF.PWKR.DT.GD.ZS,remittances_received_pct_gdp,D2
TZ,Tanzania,2020,0.493668773904517,BX.TRF.PWKR.DT.GD.ZS,remittances_received_pct_gdp,D2
TH,Thailand,2024,1.79598323750296,BX.TRF.PWKR.DT.GD.ZS,remittances_received_pct_gdp,D2
TH,Thailand,2023,1.8786395323162,BX.TRF.PWKR.DT.GD.ZS,remittances_received_pct_gdp,D2
TH,Thailand,2022,1.80546752206825,BX.TRF.PWKR.DT.GD.ZS,remittances_received_pct_gdp,D2
TH,Thailand,2021,1.71464731576995,BX.TRF.PWKR.DT.GD.ZS,remittances_received_pct_gdp,D2
TH,Thailand,2020,1.57323400130361,BX.TRF.PWKR.DT.GD.ZS,remittances_received_pct_gdp,D2
TL,Timor-Leste,2024,11.7692428737998,BX.TRF.PWKR.DT.GD.ZS,remittances_received_pct_gdp,D2
TL,Timor-Leste,2023,9.27928655078657,BX.TRF.PWKR.DT.GD.ZS,remittances_received_pct_gdp,D2
TL,Timor-Leste,2022,4.54948220642564,BX.TRF.PWKR.DT.GD.ZS,remittances_received_pct_gdp,D2
TL,Timor-Leste,2021,4.13904341858438,BX.TRF.PWKR.DT.GD.ZS,remittances_received_pct_gdp,D2
TL,Timor-Leste,2020,4.43213613731545,BX.TRF.PWKR.DT.GD.ZS,remittances_received_pct_gdp,D2
TG,Togo,2020,8.68798915490316,BX.TRF.PWKR.DT.GD.ZS,remittances_received_pct_gdp,D2
TO,Tonga,2023,42.6104220473422,BX.TRF.PWKR.DT.GD.ZS,remittances_received_pct_gdp,D2
TO,Tonga,2022,38.6793403513808,BX.TRF.PWKR.DT.GD.ZS,remittances_received_pct_gdp,D2
TO,Tonga,2021,41.5310102606256,BX.TRF.PWKR.DT.GD.ZS,remittances_received_pct_gdp,D2
TO,Tonga,2020,37.5001342017295,BX.TRF.PWKR.DT.GD.ZS,remittances_received_pct_gdp,D2
TT,Trinidad and Tobago,2024,0.776983327920758,BX.TRF.PWKR.DT.GD.ZS,remittances_received_pct_gdp,D2
TT,Trinidad and Tobago,2023,0.808146849836887,BX.TRF.PWKR.DT.GD.ZS,remittances_received_pct_gdp,D2
TT,Trinidad and Tobago,2022,0.721089455082734,BX.TRF.PWKR.DT.GD.ZS,remittances_received_pct_gdp,D2
TT,Trinidad and Tobago,2021,0.965999163414196,BX.TRF.PWKR.DT.GD.ZS,remittances_received_pct_gdp,D2
TT,Trinidad and Tobago,2020,0.930835122563685,BX.TRF.PWKR.DT.GD.ZS,remittances_received_pct_gdp,D2
TN,Tunisia,2024,6.34487013750789,BX.TRF.PWKR.DT.GD.ZS,remittances_received_pct_gdp,D2
TN,Tunisia,2023,5.95811983250858,BX.TRF.PWKR.DT.GD.ZS,remittances_received_pct_gdp,D2
TN,Tunisia,2022,6.24650668661797,BX.TRF.PWKR.DT.GD.ZS,remittances_received_pct_gdp,D2
TN,Tunisia,2021,6.30339440555567,BX.TRF.PWKR.DT.GD.ZS,remittances_received_pct_gdp,D2
TN,Tunisia,2020,5.36706286105133,BX.TRF.PWKR.DT.GD.ZS,remittances_received_pct_gdp,D2
TR,Turkiye,2024,0.0722524337048219,BX.TRF.PWKR.DT.GD.ZS,remittances_received_pct_gdp,D2
TR,Turkiye,2023,0.0901648572680327,BX.TRF.PWKR.DT.GD.ZS,remittances_received_pct_gdp,D2
TR,Turkiye,2022,0.0751540758235723,BX.TRF.PWKR.DT.GD.ZS,remittances_received_pct_gdp,D2
TR,Turkiye,2021,0.0864348823920577,BX.TRF.PWKR.DT.GD.ZS,remittances_received_pct_gdp,D2
TR,Turkiye,2020,0.11122799635979,BX.TRF.PWKR.DT.GD.ZS,remittances_received_pct_gdp,D2
TV,Tuvalu,2023,4.1630590898576,BX.TRF.PWKR.DT.GD.ZS,remittances_received_pct_gdp,D2
TV,Tuvalu,2022,4.18355781840829,BX.TRF.PWKR.DT.GD.ZS,remittances_received_pct_gdp,D2
TV,Tuvalu,2021,4.90015089174488,BX.TRF.PWKR.DT.GD.ZS,remittances_received_pct_gdp,D2
TV,Tuvalu,2020,4.2532939646297,BX.TRF.PWKR.DT.GD.ZS,remittances_received_pct_gdp,D2
UG,Uganda,2024,2.6514080949333,BX.TRF.PWKR.DT.GD.ZS,remittances_received_pct_gdp,D2
UG,Uganda,2023,3.10402269113861,BX.TRF.PWKR.DT.GD.ZS,remittances_received_pct_gdp,D2
UG,Uganda,2022,2.74413888269122,BX.TRF.PWKR.DT.GD.ZS,remittances_received_pct_gdp,D2
UG,Uganda,2021,2.85028028798949,BX.TRF.PWKR.DT.GD.ZS,remittances_received_pct_gdp,D2
UG,Uganda,2020,2.82418111836855,BX.TRF.PWKR.DT.GD.ZS,remittances_received_pct_gdp,D2
UA,Ukraine,2024,6.29124492943216,BX.TRF.PWKR.DT.GD.ZS,remittances_received_pct_gdp,D2
UA,Ukraine,2023,8.25895300735777,BX.TRF.PWKR.DT.GD.ZS,remittances_received_pct_gdp,D2
UA,Ukraine,2022,10.360546734925,BX.TRF.PWKR.DT.GD.ZS,remittances_received_pct_gdp,D2
UA,Ukraine,2021,9.04058383088579,BX.TRF.PWKR.DT.GD.ZS,remittances_received_pct_gdp,D2
UA,Ukraine,2020,9.71346014003703,BX.TRF.PWKR.DT.GD.ZS,remittances_received_pct_gdp,D2
AE,United Arab Emirates,2024,0.325377524202418,BX.TRF.PWKR.DT.GD.ZS,remittances_received_pct_gdp,D2
AE,United Arab Emirates,2023,0.359500450678101,BX.TRF.PWKR.DT.GD.ZS,remittances_received_pct_gdp,D2
GB,United Kingdom,2024,0.131152727493427,BX.TRF.PWKR.DT.GD.ZS,remittances_received_pct_gdp,D2
GB,United Kingdom,2023,0.13115224032166,BX.TRF.PWKR.DT.GD.ZS,remittances_received_pct_gdp,D2
GB,United Kingdom,2022,0.124639359449125,BX.TRF.PWKR.DT.GD.ZS,remittances_received_pct_gdp,D2
GB,United Kingdom,2021,0.108356162342484,BX.TRF.PWKR.DT.GD.ZS,remittances_received_pct_gdp,D2
GB,United Kingdom,2020,0.119239810240544,BX.TRF.PWKR.DT.GD.ZS,remittances_received_pct_gdp,D2
US,United States,2024,0.0303016009637605,BX.TRF.PWKR.DT.GD.ZS,remittances_received_pct_gdp,D2
US,United States,2023,0.0307780574276945,BX.TRF.PWKR.DT.GD.ZS,remittances_received_pct_gdp,D2
US,United States,2022,0.0299279250881351,BX.TRF.PWKR.DT.GD.ZS,remittances_received_pct_gdp,D2
US,United States,2021,0.0304223696836328,BX.TRF.PWKR.DT.GD.ZS,remittances_received_pct_gdp,D2
US,United States,2020,0.0324161750844288,BX.TRF.PWKR.DT.GD.ZS,remittances_received_pct_gdp,D2
UY,Uruguay,2024,0.16813172308694,BX.TRF.PWKR.DT.GD.ZS,remittances_received_pct_gdp,D2
UY,Uruguay,2023,0.172593352704533,BX.TRF.PWKR.DT.GD.ZS,remittances_received_pct_gdp,D2
UY,Uruguay,2022,0.177304603447649,BX.TRF.PWKR.DT.GD.ZS,remittances_received_pct_gdp,D2
UY,Uruguay,2021,0.207005780162034,BX.TRF.PWKR.DT.GD.ZS,remittances_received_pct_gdp,D2
UY,Uruguay,2020,0.207465871227739,BX.TRF.PWKR.DT.GD.ZS,remittances_received_pct_gdp,D2
UZ,Uzbekistan,2024,14.4210991468962,BX.TRF.PWKR.DT.GD.ZS,remittances_received_pct_gdp,D2
UZ,Uzbekistan,2023,13.8041936750861,BX.TRF.PWKR.DT.GD.ZS,remittances_received_pct_gdp,D2
UZ,Uzbekistan,2022,17.2173418207715,BX.TRF.PWKR.DT.GD.ZS,remittances_received_pct_gdp,D2
UZ,Uzbekistan,2021,11.9948771448385,BX.TRF.PWKR.DT.GD.ZS,remittances_received_pct_gdp,D2
UZ,Uzbekistan,2020,10.6613149757896,BX.TRF.PWKR.DT.GD.ZS,remittances_received_pct_gdp,D2
VU,Vanuatu,2022,18.7509602200776,BX.TRF.PWKR.DT.GD.ZS,remittances_received_pct_gdp,D2
VU,Vanuatu,2021,21.0260500834555,BX.TRF.PWKR.DT.GD.ZS,remittances_received_pct_gdp,D2
VU,Vanuatu,2020,13.9736265220997,BX.TRF.PWKR.DT.GD.ZS,remittances_received_pct_gdp,D2
VN,Viet Nam,2024,3.35860522617933,BX.TRF.PWKR.DT.GD.ZS,remittances_received_pct_gdp,D2
VN,Viet Nam,2023,3.2268646150333,BX.TRF.PWKR.DT.GD.ZS,remittances_received_pct_gdp,D2
VN,Viet Nam,2022,3.19268406571154,BX.TRF.PWKR.DT.GD.ZS,remittances_received_pct_gdp,D2
VN,Viet Nam,2021,3.47147757606586,BX.TRF.PWKR.DT.GD.ZS,remittances_received_pct_gdp,D2
VN,Viet Nam,2020,3.0911959715008,BX.TRF.PWKR.DT.GD.ZS,remittances_received_pct_gdp,D2
PS,West Bank and Gaza,2024,5.3650527788254,BX.TRF.PWKR.DT.GD.ZS,remittances_received_pct_gdp,D2
PS,West Bank and Gaza,2023,18.1771962667696,BX.TRF.PWKR.DT.GD.ZS,remittances_received_pct_gdp,D2
PS,West Bank and Gaza,2022,23.9769674621994,BX.TRF.PWKR.DT.GD.ZS,remittances_received_pct_gdp,D2
PS,West Bank and Gaza,2021,20.7657096918972,BX.TRF.PWKR.DT.GD.ZS,remittances_received_pct_gdp,D2
PS,West Bank and Gaza,2020,16.4802362028661,BX.TRF.PWKR.DT.GD.ZS,remittances_received_pct_gdp,D2
ZM,Zambia,2024,1.32123122514255,BX.TRF.PWKR.DT.GD.ZS,remittances_received_pct_gdp,D2
ZM,Zambia,2023,0.890885868311165,BX.TRF.PWKR.DT.GD.ZS,remittances_received_pct_gdp,D2
ZM,Zambia,2022,0.834891790615501,BX.TRF.PWKR.DT.GD.ZS,remittances_received_pct_gdp,D2
ZM,Zambia,2021,1.08483362686231,BX.TRF.PWKR.DT.GD.ZS,remittances_received_pct_gdp,D2
ZM,Zambia,2020,0.743558162947741,BX.TRF.PWKR.DT.GD.ZS,remittances_received_pct_gdp,D2
ZW,Zimbabwe,2024,8.44955415885716,BX.TRF.PWKR.DT.GD.ZS,remittances_received_pct_gdp,D2
ZW,Zimbabwe,2023,9.20296621227039,BX.TRF.PWKR.DT.GD.ZS,remittances_received_pct_gdp,D2
ZW,Zimbabwe,2022,7.56925412522426,BX.TRF.PWKR.DT.GD.ZS,remittances_received_pct_gdp,D2
ZW,Zimbabwe,2021,6.23340250411359,BX.TRF.PWKR.DT.GD.ZS,remittances_received_pct_gdp,D2
ZW,Zimbabwe,2020,5.72864357431639,BX.TRF.PWKR.DT.GD.ZS,remittances_received_pct_gdp,D2
