asset,AdrActCnt,date,post_nov_2022
usdt_trx,1053,2020-01-01,0
usdt_eth,26984,2020-01-01,0
usdc_eth,1481,2020-01-01,0
dai,1173,2020-01-01,0
usdt_eth,29802,2020-01-02,0
usdt_trx,2285,2020-01-02,0
usdc_eth,2302,2020-01-02,0
dai,1570,2020-01-02,0
usdt_eth,38227,2020-01-03,0
usdc_eth,2561,2020-01-03,0
usdt_trx,11054,2020-01-03,0
dai,1827,2020-01-03,0
usdt_eth,32527,2020-01-04,0
usdt_trx,18485,2020-01-04,0
dai,1571,2020-01-04,0
usdc_eth,1824,2020-01-04,0
usdt_eth,30764,2020-01-05,0
usdt_trx,18354,2020-01-05,0
usdc_eth,1924,2020-01-05,0
dai,1673,2020-01-05,0
usdt_trx,18675,2020-01-06,0
usdt_eth,36692,2020-01-06,0
usdc_eth,2761,2020-01-06,0
dai,2366,2020-01-06,0
usdt_eth,34579,2020-01-07,0
usdc_eth,2930,2020-01-07,0
usdt_trx,11784,2020-01-07,0
dai,2480,2020-01-07,0
usdt_eth,37883,2020-01-08,0
usdc_eth,3327,2020-01-08,0
dai,2702,2020-01-08,0
usdt_trx,18380,2020-01-08,0
usdt_eth,37431,2020-01-09,0
usdc_eth,2878,2020-01-09,0
dai,2601,2020-01-09,0
usdt_trx,18802,2020-01-09,0
usdc_eth,2896,2020-01-10,0
usdt_eth,34873,2020-01-10,0
dai,2537,2020-01-10,0
usdt_trx,18985,2020-01-10,0
usdt_trx,18753,2020-01-11,0
usdc_eth,2337,2020-01-11,0
dai,2018,2020-01-11,0
usdt_eth,31979,2020-01-11,0
usdt_eth,27982,2020-01-12,0
usdt_trx,18616,2020-01-12,0
usdc_eth,1819,2020-01-12,0
dai,1939,2020-01-12,0
dai,2386,2020-01-13,0
usdc_eth,2295,2020-01-13,0
usdt_trx,19061,2020-01-13,0
usdt_eth,31894,2020-01-13,0
dai,3603,2020-01-14,0
usdt_trx,19965,2020-01-14,0
usdt_eth,38454,2020-01-14,0
usdc_eth,3939,2020-01-14,0
usdc_eth,3941,2020-01-15,0
dai,3111,2020-01-15,0
usdt_eth,46500,2020-01-15,0
usdt_trx,13721,2020-01-15,0
usdt_trx,18890,2020-01-16,0
dai,3372,2020-01-16,0
usdc_eth,3397,2020-01-16,0
usdt_eth,59121,2020-01-16,0
usdt_eth,38283,2020-01-17,0
usdt_trx,19124,2020-01-17,0
dai,5969,2020-01-17,0
usdc_eth,3770,2020-01-17,0
dai,4828,2020-01-18,0
usdc_eth,2503,2020-01-18,0
usdt_eth,39803,2020-01-18,0
usdt_trx,19092,2020-01-18,0
usdc_eth,2516,2020-01-19,0
dai,3866,2020-01-19,0
usdt_eth,42327,2020-01-19,0
usdt_trx,19263,2020-01-19,0
usdt_trx,18987,2020-01-20,0
usdc_eth,2371,2020-01-20,0
dai,2813,2020-01-20,0
usdt_eth,36794,2020-01-20,0
usdt_eth,35225,2020-01-21,0
usdc_eth,2884,2020-01-21,0
usdt_trx,11375,2020-01-21,0
dai,3177,2020-01-21,0
usdc_eth,2799,2020-01-22,0
usdt_eth,29394,2020-01-22,0
usdt_trx,17539,2020-01-22,0
dai,2557,2020-01-22,0
dai,2476,2020-01-23,0
usdc_eth,2970,2020-01-23,0
usdt_trx,1505,2020-01-23,0
usdt_eth,28366,2020-01-23,0
usdc_eth,2741,2020-01-24,0
usdt_trx,11020,2020-01-24,0
usdt_eth,21404,2020-01-24,0
dai,2617,2020-01-24,0
usdt_eth,15100,2020-01-25,0
usdt_trx,18339,2020-01-25,0
usdc_eth,1995,2020-01-25,0
dai,2091,2020-01-25,0
dai,2198,2020-01-26,0
usdt_trx,17349,2020-01-26,0
usdt_eth,15671,2020-01-26,0
usdc_eth,2053,2020-01-26,0
usdt_eth,21941,2020-01-27,0
usdc_eth,3139,2020-01-27,0
usdt_trx,18491,2020-01-27,0
dai,2974,2020-01-27,0
usdt_trx,19414,2020-01-28,0
usdc_eth,3273,2020-01-28,0
usdt_eth,23877,2020-01-28,0
dai,3106,2020-01-28,0
usdt_eth,26730,2020-01-29,0
usdt_trx,22819,2020-01-29,0
dai,3246,2020-01-29,0
usdc_eth,3403,2020-01-29,0
dai,3272,2020-01-30,0
usdt_eth,29266,2020-01-30,0
usdt_trx,19683,2020-01-30,0
usdc_eth,3922,2020-01-30,0
usdt_eth,30206,2020-01-31,0
usdt_trx,20072,2020-01-31,0
usdc_eth,3220,2020-01-31,0
dai,3365,2020-01-31,0
usdc_eth,3829,2020-02-01,0
usdt_trx,1995,2020-02-01,0
dai,2946,2020-02-01,0
usdt_eth,26877,2020-02-01,0
usdt_trx,19117,2020-02-02,0
usdt_eth,28805,2020-02-02,0
usdc_eth,2595,2020-02-02,0
dai,3027,2020-02-02,0
usdt_eth,40946,2020-02-03,0
usdt_trx,19240,2020-02-03,0
usdc_eth,3127,2020-02-03,0
dai,3262,2020-02-03,0
usdt_eth,36794,2020-02-04,0
dai,3461,2020-02-04,0
usdt_trx,18964,2020-02-04,0
usdc_eth,3870,2020-02-04,0
dai,4067,2020-02-05,0
usdt_trx,20010,2020-02-05,0
usdt_eth,39779,2020-02-05,0
usdc_eth,3995,2020-02-05,0
usdt_trx,2750,2020-02-06,0
dai,4425,2020-02-06,0
usdt_eth,42148,2020-02-06,0
usdc_eth,4142,2020-02-06,0
usdt_trx,3094,2020-02-07,0
dai,4389,2020-02-07,0
usdc_eth,3824,2020-02-07,0
usdt_eth,44646,2020-02-07,0
dai,3492,2020-02-08,0
usdt_eth,43020,2020-02-08,0
usdc_eth,3267,2020-02-08,0
usdt_trx,2226,2020-02-08,0
usdt_eth,53160,2020-02-09,0
usdt_trx,19852,2020-02-09,0
dai,3745,2020-02-09,0
usdc_eth,3156,2020-02-09,0
usdt_trx,21428,2020-02-10,0
usdc_eth,3573,2020-02-10,0
dai,4060,2020-02-10,0
usdt_eth,49662,2020-02-10,0
usdt_eth,48277,2020-02-11,0
usdc_eth,4219,2020-02-11,0
usdt_trx,20519,2020-02-11,0
dai,4180,2020-02-11,0
usdt_eth,56849,2020-02-12,0
usdc_eth,6428,2020-02-12,0
usdt_trx,14411,2020-02-12,0
dai,5630,2020-02-12,0
usdt_eth,52728,2020-02-13,0
usdc_eth,4375,2020-02-13,0
dai,4430,2020-02-13,0
usdt_trx,20278,2020-02-13,0
dai,5011,2020-02-14,0
usdc_eth,4286,2020-02-14,0
usdt_trx,3373,2020-02-14,0
usdt_eth,51774,2020-02-14,0
dai,4468,2020-02-15,0
usdt_trx,3195,2020-02-15,0
usdt_eth,52041,2020-02-15,0
usdc_eth,3570,2020-02-15,0
usdt_trx,2573,2020-02-16,0
dai,3990,2020-02-16,0
usdt_eth,41214,2020-02-16,0
usdc_eth,3418,2020-02-16,0
dai,4389,2020-02-17,0
usdc_eth,3629,2020-02-17,0
usdt_eth,47378,2020-02-17,0
usdt_trx,2629,2020-02-17,0
usdc_eth,4162,2020-02-18,0
usdt_eth,47133,2020-02-18,0
usdt_trx,2523,2020-02-18,0
dai,4603,2020-02-18,0
usdt_trx,2924,2020-02-19,0
dai,4358,2020-02-19,0
usdc_eth,3981,2020-02-19,0
usdt_eth,45488,2020-02-19,0
usdt_trx,2912,2020-02-20,0
dai,4591,2020-02-20,0
usdt_eth,48840,2020-02-20,0
usdc_eth,4034,2020-02-20,0
dai,3888,2020-02-21,0
usdt_eth,54795,2020-02-21,0
usdt_trx,2648,2020-02-21,0
usdc_eth,3608,2020-02-21,0
usdc_eth,2634,2020-02-22,0
usdt_eth,39584,2020-02-22,0
dai,3386,2020-02-22,0
usdt_trx,2566,2020-02-22,0
usdc_eth,2525,2020-02-23,0
dai,3387,2020-02-23,0
usdt_trx,2545,2020-02-23,0
usdt_eth,44171,2020-02-23,0
usdc_eth,3508,2020-02-24,0
dai,4014,2020-02-24,0
usdt_trx,3144,2020-02-24,0
usdt_eth,57767,2020-02-24,0
usdt_eth,50366,2020-02-25,0
usdt_trx,3638,2020-02-25,0
dai,4223,2020-02-25,0
usdc_eth,3930,2020-02-25,0
usdc_eth,5318,2020-02-26,0
usdt_eth,53325,2020-02-26,0
usdt_trx,3822,2020-02-26,0
dai,5382,2020-02-26,0
dai,4713,2020-02-27,0
usdt_eth,50806,2020-02-27,0
usdc_eth,5199,2020-02-27,0
usdt_trx,3380,2020-02-27,0
usdt_eth,53879,2020-02-28,0
usdc_eth,4605,2020-02-28,0
usdt_trx,2780,2020-02-28,0
dai,4017,2020-02-28,0
usdc_eth,2803,2020-02-29,0
usdt_trx,2796,2020-02-29,0
dai,2823,2020-02-29,0
usdt_eth,48569,2020-02-29,0
dai,3697,2020-03-01,0
usdt_trx,2300,2020-03-01,0
usdc_eth,3110,2020-03-01,0
usdt_eth,45076,2020-03-01,0
dai,3977,2020-03-02,0
usdc_eth,4488,2020-03-02,0
usdt_trx,3130,2020-03-02,0
usdt_eth,54072,2020-03-02,0
usdt_eth,50342,2020-03-03,0
usdt_trx,4119,2020-03-03,0
dai,3670,2020-03-03,0
usdc_eth,4711,2020-03-03,0
usdc_eth,4027,2020-03-04,0
usdt_eth,50727,2020-03-04,0
usdt_trx,4136,2020-03-04,0
dai,4140,2020-03-04,0
usdc_eth,4645,2020-03-05,0
usdt_eth,60245,2020-03-05,0
dai,4648,2020-03-05,0
usdt_trx,3286,2020-03-05,0
usdc_eth,4589,2020-03-06,0
usdt_trx,2882,2020-03-06,0
usdt_eth,49532,2020-03-06,0
dai,4132,2020-03-06,0
dai,3142,2020-03-07,0
usdt_eth,48551,2020-03-07,0
usdc_eth,3333,2020-03-07,0
usdt_trx,3043,2020-03-07,0
usdt_trx,21130,2020-03-08,0
usdc_eth,3879,2020-03-08,0
usdt_eth,47210,2020-03-08,0
dai,3907,2020-03-08,0
dai,5451,2020-03-09,0
usdt_eth,60908,2020-03-09,0
usdc_eth,5471,2020-03-09,0
usdt_trx,22297,2020-03-09,0
usdt_eth,59025,2020-03-10,0
usdc_eth,4283,2020-03-10,0
usdt_trx,21231,2020-03-10,0
dai,4054,2020-03-10,0
usdt_trx,21343,2020-03-11,0
usdt_eth,60563,2020-03-11,0
usdc_eth,3902,2020-03-11,0
dai,4450,2020-03-11,0
usdt_eth,68691,2020-03-12,0
usdc_eth,8334,2020-03-12,0
dai,8187,2020-03-12,0
usdt_trx,22772,2020-03-12,0
usdt_eth,80300,2020-03-13,0
usdc_eth,10125,2020-03-13,0
dai,8851,2020-03-13,0
usdt_trx,20972,2020-03-13,0
dai,4429,2020-03-14,0
usdt_trx,19211,2020-03-14,0
usdt_eth,52134,2020-03-14,0
usdc_eth,4695,2020-03-14,0
usdc_eth,4295,2020-03-15,0
dai,4793,2020-03-15,0
usdt_trx,21928,2020-03-15,0
usdt_eth,50265,2020-03-15,0
usdt_trx,24402,2020-03-16,0
usdc_eth,6932,2020-03-16,0
usdt_eth,69626,2020-03-16,0
dai,6392,2020-03-16,0
usdt_trx,22000,2020-03-17,0
dai,3724,2020-03-17,0
usdc_eth,7144,2020-03-17,0
usdt_eth,75765,2020-03-17,0
dai,3253,2020-03-18,0
usdc_eth,6119,2020-03-18,0
usdt_trx,19539,2020-03-18,0
usdt_eth,66896,2020-03-18,0
usdt_eth,68812,2020-03-19,0
usdt_trx,20297,2020-03-19,0
dai,3906,2020-03-19,0
usdc_eth,7260,2020-03-19,0
usdt_eth,68095,2020-03-20,0
dai,3494,2020-03-20,0
usdt_trx,19895,2020-03-20,0
usdc_eth,6615,2020-03-20,0
usdt_trx,20472,2020-03-21,0
usdc_eth,4831,2020-03-21,0
usdt_eth,61560,2020-03-21,0
dai,2256,2020-03-21,0
dai,2379,2020-03-22,0
usdt_trx,12338,2020-03-22,0
usdt_eth,56851,2020-03-22,0
usdc_eth,3798,2020-03-22,0
dai,3025,2020-03-23,0
usdt_trx,4825,2020-03-23,0
usdc_eth,5135,2020-03-23,0
usdt_eth,64571,2020-03-23,0
dai,2861,2020-03-24,0
usdt_eth,59692,2020-03-24,0
usdc_eth,5428,2020-03-24,0
usdt_trx,3077,2020-03-24,0
usdc_eth,4420,2020-03-25,0
usdt_trx,3801,2020-03-25,0
usdt_eth,57786,2020-03-25,0
dai,2738,2020-03-25,0
dai,2864,2020-03-26,0
usdt_trx,4398,2020-03-26,0
usdc_eth,5182,2020-03-26,0
usdt_eth,64964,2020-03-26,0
usdt_trx,4647,2020-03-27,0
dai,2795,2020-03-27,0
usdc_eth,5240,2020-03-27,0
usdt_eth,62512,2020-03-27,0
usdc_eth,4415,2020-03-28,0
usdt_eth,58389,2020-03-28,0
dai,2724,2020-03-28,0
usdt_trx,17542,2020-03-28,0
usdt_trx,21396,2020-03-29,0
usdc_eth,3441,2020-03-29,0
dai,2202,2020-03-29,0
usdt_eth,57858,2020-03-29,0
dai,2672,2020-03-30,0
usdt_trx,21865,2020-03-30,0
usdt_eth,64919,2020-03-30,0
usdc_eth,4703,2020-03-30,0
usdt_trx,21926,2020-03-31,0
usdc_eth,4599,2020-03-31,0
usdt_eth,75170,2020-03-31,0
dai,2842,2020-03-31,0
usdt_eth,66665,2020-04-01,0
usdt_trx,16219,2020-04-01,0
usdc_eth,5112,2020-04-01,0
dai,3069,2020-04-01,0
usdc_eth,6053,2020-04-02,0
usdt_eth,73015,2020-04-02,0
dai,3494,2020-04-02,0
usdt_trx,22638,2020-04-02,0
usdt_eth,73635,2020-04-03,0
usdt_trx,20399,2020-04-03,0
dai,3050,2020-04-03,0
usdc_eth,5386,2020-04-03,0
dai,2563,2020-04-04,0
usdt_eth,49777,2020-04-04,0
usdt_trx,21670,2020-04-04,0
usdc_eth,3962,2020-04-04,0
usdt_trx,3951,2020-04-05,0
usdt_eth,52703,2020-04-05,0
dai,2411,2020-04-05,0
usdc_eth,3662,2020-04-05,0
usdc_eth,6026,2020-04-06,0
usdt_eth,74947,2020-04-06,0
dai,4225,2020-04-06,0
usdt_trx,4872,2020-04-06,0
usdc_eth,6886,2020-04-07,0
usdt_trx,4648,2020-04-07,0
usdt_eth,80573,2020-04-07,0
dai,4071,2020-04-07,0
usdt_eth,74887,2020-04-08,0
usdt_trx,7041,2020-04-08,0
dai,3161,2020-04-08,0
usdc_eth,5327,2020-04-08,0
usdc_eth,5317,2020-04-09,0
usdt_eth,72739,2020-04-09,0
dai,2955,2020-04-09,0
usdt_trx,5477,2020-04-09,0
usdc_eth,6524,2020-04-10,0
usdt_trx,5095,2020-04-10,0
dai,3534,2020-04-10,0
usdt_eth,74766,2020-04-10,0
dai,2338,2020-04-11,0
usdt_trx,22461,2020-04-11,0
usdt_eth,65451,2020-04-11,0
usdc_eth,4080,2020-04-11,0
dai,2243,2020-04-12,0
usdt_trx,22953,2020-04-12,0
usdt_eth,63044,2020-04-12,0
usdc_eth,4016,2020-04-12,0
usdt_eth,73819,2020-04-13,0
usdc_eth,5147,2020-04-13,0
usdt_trx,5603,2020-04-13,0
dai,2663,2020-04-13,0
usdc_eth,4956,2020-04-14,0
dai,2498,2020-04-14,0
usdt_eth,83234,2020-04-14,0
usdt_trx,6105,2020-04-14,0
dai,2821,2020-04-15,0
usdt_trx,7804,2020-04-15,0
usdt_eth,77738,2020-04-15,0
usdc_eth,5314,2020-04-15,0
dai,3353,2020-04-16,0
usdc_eth,6083,2020-04-16,0
usdt_eth,81211,2020-04-16,0
usdt_trx,18183,2020-04-16,0
usdt_trx,24634,2020-04-17,0
dai,2676,2020-04-17,0
usdc_eth,5896,2020-04-17,0
usdt_eth,79427,2020-04-17,0
usdc_eth,4900,2020-04-18,0
dai,2995,2020-04-18,0
usdt_eth,71439,2020-04-18,0
usdt_trx,24097,2020-04-18,0
usdc_eth,4415,2020-04-19,0
usdt_trx,24425,2020-04-19,0
dai,2935,2020-04-19,0
usdt_eth,70607,2020-04-19,0
usdt_eth,84735,2020-04-20,0
dai,3350,2020-04-20,0
usdc_eth,5721,2020-04-20,0
usdt_trx,24590,2020-04-20,0
dai,3021,2020-04-21,0
usdt_eth,83237,2020-04-21,0
usdc_eth,5756,2020-04-21,0
usdt_trx,24090,2020-04-21,0
dai,3318,2020-04-22,0
usdt_trx,24684,2020-04-22,0
usdc_eth,5738,2020-04-22,0
usdt_eth,85540,2020-04-22,0
dai,3963,2020-04-23,0
usdt_eth,85163,2020-04-23,0
usdt_trx,24046,2020-04-23,0
usdc_eth,7026,2020-04-23,0
usdt_trx,21664,2020-04-24,0
usdt_eth,89399,2020-04-24,0
dai,3634,2020-04-24,0
usdc_eth,6327,2020-04-24,0
dai,3072,2020-04-25,0
usdt_eth,76199,2020-04-25,0
usdt_trx,4061,2020-04-25,0
usdc_eth,5458,2020-04-25,0
dai,2828,2020-04-26,0
usdt_eth,84138,2020-04-26,0
usdt_trx,3906,2020-04-26,0
usdc_eth,4783,2020-04-26,0
usdt_trx,5852,2020-04-27,0
dai,3554,2020-04-27,0
usdc_eth,5709,2020-04-27,0
usdt_eth,92249,2020-04-27,0
usdt_trx,4354,2020-04-28,0
dai,3640,2020-04-28,0
usdt_eth,95742,2020-04-28,0
usdc_eth,5925,2020-04-28,0
dai,4780,2020-04-29,0
usdc_eth,7885,2020-04-29,0
usdt_eth,98923,2020-04-29,0
usdt_trx,6021,2020-04-29,0
usdt_eth,103357,2020-04-30,0
usdt_trx,6796,2020-04-30,0
dai,4534,2020-04-30,0
usdc_eth,7476,2020-04-30,0
dai,3842,2020-05-01,0
usdc_eth,7233,2020-05-01,0
usdt_eth,86498,2020-05-01,0
usdt_trx,4175,2020-05-01,0
usdt_trx,3929,2020-05-02,0
usdc_eth,5450,2020-05-02,0
usdt_eth,74276,2020-05-02,0
dai,3065,2020-05-02,0
dai,2937,2020-05-03,0
usdt_eth,69884,2020-05-03,0
usdc_eth,5171,2020-05-03,0
usdt_trx,3861,2020-05-03,0
usdc_eth,6541,2020-05-04,0
dai,3473,2020-05-04,0
usdt_eth,80942,2020-05-04,0
usdt_trx,4463,2020-05-04,0
usdt_trx,5203,2020-05-05,0
usdc_eth,6080,2020-05-05,0
usdt_eth,84243,2020-05-05,0
dai,3741,2020-05-05,0
usdt_trx,6065,2020-05-06,0
dai,3518,2020-05-06,0
usdt_eth,93308,2020-05-06,0
usdc_eth,6764,2020-05-06,0
usdc_eth,7320,2020-05-07,0
usdt_trx,5743,2020-05-07,0
usdt_eth,94505,2020-05-07,0
dai,3964,2020-05-07,0
usdc_eth,7726,2020-05-08,0
dai,3715,2020-05-08,0
usdt_trx,4707,2020-05-08,0
usdt_eth,90525,2020-05-08,0
usdt_trx,4573,2020-05-09,0
usdt_eth,103208,2020-05-09,0
dai,3212,2020-05-09,0
usdc_eth,5688,2020-05-09,0
usdt_eth,96036,2020-05-10,0
usdc_eth,7714,2020-05-10,0
dai,4183,2020-05-10,0
usdt_trx,5343,2020-05-10,0
dai,4114,2020-05-11,0
usdc_eth,7493,2020-05-11,0
usdt_eth,107212,2020-05-11,0
usdt_trx,5621,2020-05-11,0
usdt_trx,4794,2020-05-12,0
usdt_eth,91624,2020-05-12,0
dai,3457,2020-05-12,0
usdc_eth,6962,2020-05-12,0
usdt_trx,8050,2020-05-13,0
usdt_eth,94230,2020-05-13,0
dai,3347,2020-05-13,0
usdc_eth,6934,2020-05-13,0
usdc_eth,8508,2020-05-14,0
usdt_eth,95317,2020-05-14,0
dai,3601,2020-05-14,0
usdt_trx,7786,2020-05-14,0
dai,3926,2020-05-15,0
usdt_trx,5514,2020-05-15,0
usdc_eth,7214,2020-05-15,0
usdt_eth,97327,2020-05-15,0
usdt_trx,4897,2020-05-16,0
usdt_eth,88524,2020-05-16,0
usdc_eth,4537,2020-05-16,0
dai,2874,2020-05-16,0
usdc_eth,4369,2020-05-17,0
usdt_trx,4610,2020-05-17,0
usdt_eth,84771,2020-05-17,0
dai,2913,2020-05-17,0
usdt_eth,99524,2020-05-18,0
dai,4026,2020-05-18,0
usdc_eth,6677,2020-05-18,0
usdt_trx,5397,2020-05-18,0
dai,3529,2020-05-19,0
usdt_trx,4812,2020-05-19,0
usdt_eth,98414,2020-05-19,0
usdc_eth,5454,2020-05-19,0
usdt_trx,5486,2020-05-20,0
dai,3757,2020-05-20,0
usdc_eth,5756,2020-05-20,0
usdt_eth,103865,2020-05-20,0
usdc_eth,7176,2020-05-21,0
usdt_eth,111013,2020-05-21,0
usdt_trx,6869,2020-05-21,0
dai,3837,2020-05-21,0
dai,3909,2020-05-22,0
usdt_trx,8438,2020-05-22,0
usdc_eth,6746,2020-05-22,0
usdt_eth,118660,2020-05-22,0
dai,2906,2020-05-23,0
usdt_trx,9141,2020-05-23,0
usdt_eth,105512,2020-05-23,0
usdc_eth,4545,2020-05-23,0
usdc_eth,5095,2020-05-24,0
usdt_eth,96056,2020-05-24,0
dai,2452,2020-05-24,0
usdt_trx,8798,2020-05-24,0
usdt_eth,122194,2020-05-25,0
usdt_trx,8829,2020-05-25,0
usdc_eth,5164,2020-05-25,0
dai,2995,2020-05-25,0
usdc_eth,5277,2020-05-26,0
dai,4072,2020-05-26,0
usdt_trx,8585,2020-05-26,0
usdt_eth,113741,2020-05-26,0
dai,3611,2020-05-27,0
usdt_trx,8755,2020-05-27,0
usdc_eth,6234,2020-05-27,0
usdt_eth,112422,2020-05-27,0
usdc_eth,5778,2020-05-28,0
usdt_eth,111325,2020-05-28,0
dai,3633,2020-05-28,0
usdt_trx,9165,2020-05-28,0
usdc_eth,7335,2020-05-29,0
dai,4124,2020-05-29,0
usdt_trx,9769,2020-05-29,0
usdt_eth,117697,2020-05-29,0
dai,3315,2020-05-30,0
usdt_eth,120443,2020-05-30,0
usdt_trx,10278,2020-05-30,0
usdc_eth,6278,2020-05-30,0
usdc_eth,4776,2020-05-31,0
dai,3079,2020-05-31,0
usdt_eth,109628,2020-05-31,0
usdt_trx,9986,2020-05-31,0
usdt_trx,11528,2020-06-01,0
dai,4184,2020-06-01,0
usdt_eth,125107,2020-06-01,0
usdc_eth,6774,2020-06-01,0
dai,5674,2020-06-02,0
usdt_trx,12150,2020-06-02,0
usdt_eth,133254,2020-06-02,0
usdc_eth,9778,2020-06-02,0
dai,4222,2020-06-03,0
usdt_trx,11626,2020-06-03,0
usdt_eth,107622,2020-06-03,0
usdc_eth,7189,2020-06-03,0
usdt_trx,12231,2020-06-04,0
usdt_eth,111897,2020-06-04,0
usdc_eth,6424,2020-06-04,0
dai,4162,2020-06-04,0
usdc_eth,7157,2020-06-05,0
usdt_trx,13364,2020-06-05,0
dai,4038,2020-06-05,0
usdt_eth,108065,2020-06-05,0
usdt_eth,190536,2020-06-06,0
usdt_trx,11742,2020-06-06,0
dai,3025,2020-06-06,0
usdc_eth,4455,2020-06-06,0
usdt_eth,203776,2020-06-07,0
usdc_eth,4403,2020-06-07,0
usdt_trx,12502,2020-06-07,0
dai,2728,2020-06-07,0
usdt_eth,150931,2020-06-08,0
usdc_eth,6280,2020-06-08,0
usdt_trx,16734,2020-06-08,0
dai,4039,2020-06-08,0
dai,5079,2020-06-09,0
usdt_trx,18967,2020-06-09,0
usdt_eth,122809,2020-06-09,0
usdc_eth,6003,2020-06-09,0
dai,3968,2020-06-10,0
usdc_eth,6214,2020-06-10,0
usdt_trx,18150,2020-06-10,0
usdt_eth,113730,2020-06-10,0
usdc_eth,8491,2020-06-11,0
usdt_eth,109942,2020-06-11,0
dai,4788,2020-06-11,0
usdt_trx,17068,2020-06-11,0
usdt_eth,128611,2020-06-12,0
dai,4423,2020-06-12,0
usdc_eth,6876,2020-06-12,0
usdt_trx,16755,2020-06-12,0
usdt_trx,13328,2020-06-13,0
usdc_eth,4608,2020-06-13,0
dai,3057,2020-06-13,0
usdt_eth,110638,2020-06-13,0
usdt_trx,13207,2020-06-14,0
dai,3274,2020-06-14,0
usdt_eth,97998,2020-06-14,0
usdc_eth,5373,2020-06-14,0
usdc_eth,6767,2020-06-15,0
usdt_eth,121608,2020-06-15,0
dai,6819,2020-06-15,0
usdt_trx,15808,2020-06-15,0
usdt_eth,127389,2020-06-16,0
usdc_eth,6719,2020-06-16,0
usdt_trx,14587,2020-06-16,0
dai,4315,2020-06-16,0
usdt_eth,118756,2020-06-17,0
dai,4212,2020-06-17,0
usdc_eth,7300,2020-06-17,0
usdt_trx,14324,2020-06-17,0
usdt_eth,127743,2020-06-18,0
dai,4380,2020-06-18,0
usdc_eth,6914,2020-06-18,0
usdt_trx,14715,2020-06-18,0
usdt_eth,131298,2020-06-19,0
usdt_trx,15074,2020-06-19,0
usdc_eth,7961,2020-06-19,0
dai,5521,2020-06-19,0
usdc_eth,8304,2020-06-20,0
usdt_eth,129529,2020-06-20,0
usdt_trx,17972,2020-06-20,0
dai,5170,2020-06-20,0
dai,3965,2020-06-21,0
usdc_eth,5768,2020-06-21,0
usdt_trx,18082,2020-06-21,0
usdt_eth,131027,2020-06-21,0
usdc_eth,8801,2020-06-22,0
usdt_trx,19343,2020-06-22,0
dai,6004,2020-06-22,0
usdt_eth,152092,2020-06-22,0
usdc_eth,9767,2020-06-23,0
usdt_trx,17140,2020-06-23,0
dai,5007,2020-06-23,0
usdt_eth,180183,2020-06-23,0
usdt_trx,18941,2020-06-24,0
usdt_eth,129810,2020-06-24,0
dai,5341,2020-06-24,0
usdc_eth,8275,2020-06-24,0
dai,5691,2020-06-25,0
usdt_trx,17053,2020-06-25,0
usdt_eth,130762,2020-06-25,0
usdc_eth,7651,2020-06-25,0
usdt_trx,16871,2020-06-26,0
usdt_eth,130810,2020-06-26,0
dai,5697,2020-06-26,0
usdc_eth,9159,2020-06-26,0
usdt_trx,17371,2020-06-27,0
dai,4464,2020-06-27,0
usdt_eth,125771,2020-06-27,0
usdc_eth,10565,2020-06-27,0
usdt_eth,111437,2020-06-28,0
dai,4007,2020-06-28,0
usdc_eth,6182,2020-06-28,0
usdt_trx,18602,2020-06-28,0
usdc_eth,7543,2020-06-29,0
usdt_trx,17890,2020-06-29,0
dai,5372,2020-06-29,0
usdt_eth,101529,2020-06-29,0
usdt_eth,139395,2020-06-30,0
dai,4813,2020-06-30,0
usdc_eth,8495,2020-06-30,0
usdt_trx,19846,2020-06-30,0
dai,6759,2020-07-01,0
usdt_trx,17508,2020-07-01,0
usdc_eth,8266,2020-07-01,0
usdt_eth,120608,2020-07-01,0
usdt_trx,21258,2020-07-02,0
usdt_eth,117125,2020-07-02,0
dai,7471,2020-07-02,0
usdc_eth,9537,2020-07-02,0
usdt_trx,20029,2020-07-03,0
dai,8200,2020-07-03,0
usdt_eth,113176,2020-07-03,0
usdc_eth,8489,2020-07-03,0
dai,5405,2020-07-04,0
usdt_eth,103090,2020-07-04,0
usdt_trx,17001,2020-07-04,0
usdc_eth,7417,2020-07-04,0
dai,4375,2020-07-05,0
usdt_eth,86898,2020-07-05,0
usdt_trx,17023,2020-07-05,0
usdc_eth,5587,2020-07-05,0
usdc_eth,7741,2020-07-06,0
dai,6725,2020-07-06,0
usdt_eth,108023,2020-07-06,0
usdt_trx,18631,2020-07-06,0
usdc_eth,8580,2020-07-07,0
usdt_eth,118023,2020-07-07,0
usdt_trx,18548,2020-07-07,0
dai,6839,2020-07-07,0
usdt_trx,18983,2020-07-08,0
dai,6987,2020-07-08,0
usdc_eth,11571,2020-07-08,0
usdt_eth,127354,2020-07-08,0
usdt_trx,18264,2020-07-09,0
dai,5446,2020-07-09,0
usdc_eth,12532,2020-07-09,0
usdt_eth,116719,2020-07-09,0
usdt_trx,17694,2020-07-10,0
dai,4851,2020-07-10,0
usdc_eth,9322,2020-07-10,0
usdt_eth,107806,2020-07-10,0
usdt_eth,100948,2020-07-11,0
usdt_trx,18449,2020-07-11,0
usdc_eth,6588,2020-07-11,0
dai,4012,2020-07-11,0
usdt_eth,108058,2020-07-12,0
dai,3997,2020-07-12,0
usdc_eth,5955,2020-07-12,0
usdt_trx,15803,2020-07-12,0
usdt_eth,124399,2020-07-13,0
usdt_trx,19131,2020-07-13,0
dai,7509,2020-07-13,0
usdc_eth,8156,2020-07-13,0
usdt_eth,115690,2020-07-14,0
usdt_trx,17784,2020-07-14,0
dai,6357,2020-07-14,0
usdc_eth,8752,2020-07-14,0
dai,6043,2020-07-15,0
usdc_eth,8737,2020-07-15,0
usdt_trx,18047,2020-07-15,0
usdt_eth,120370,2020-07-15,0
dai,5674,2020-07-16,0
usdt_trx,18265,2020-07-16,0
usdt_eth,112273,2020-07-16,0
usdc_eth,8719,2020-07-16,0
usdt_eth,106829,2020-07-17,0
usdc_eth,9041,2020-07-17,0
dai,5874,2020-07-17,0
usdt_trx,18563,2020-07-17,0
usdt_trx,18311,2020-07-18,0
usdt_eth,95240,2020-07-18,0
usdc_eth,7121,2020-07-18,0
dai,4313,2020-07-18,0
usdt_eth,90603,2020-07-19,0
usdc_eth,7132,2020-07-19,0
usdt_trx,17073,2020-07-19,0
dai,5108,2020-07-19,0
usdt_trx,20689,2020-07-20,0
usdc_eth,9418,2020-07-20,0
dai,6604,2020-07-20,0
usdt_eth,112830,2020-07-20,0
usdt_eth,110190,2020-07-21,0
dai,6873,2020-07-21,0
usdt_trx,21202,2020-07-21,0
usdc_eth,9326,2020-07-21,0
usdt_eth,106753,2020-07-22,0
usdc_eth,8321,2020-07-22,0
dai,6441,2020-07-22,0
usdt_trx,22110,2020-07-22,0
dai,7847,2020-07-23,0
usdt_eth,105430,2020-07-23,0
usdt_trx,22104,2020-07-23,0
usdc_eth,10305,2020-07-23,0
usdt_trx,23342,2020-07-24,0
usdt_eth,106703,2020-07-24,0
dai,8600,2020-07-24,0
usdc_eth,9562,2020-07-24,0
dai,6858,2020-07-25,0
usdt_trx,21518,2020-07-25,0
usdt_eth,96772,2020-07-25,0
usdc_eth,9125,2020-07-25,0
usdc_eth,9488,2020-07-26,0
usdt_eth,107387,2020-07-26,0
usdt_trx,19875,2020-07-26,0
dai,5970,2020-07-26,0
dai,6946,2020-07-27,0
usdt_eth,126862,2020-07-27,0
usdc_eth,13637,2020-07-27,0
usdt_trx,21539,2020-07-27,0
usdt_trx,20353,2020-07-28,0
usdt_eth,136917,2020-07-28,0
dai,7458,2020-07-28,0
usdc_eth,10699,2020-07-28,0
usdt_eth,116749,2020-07-29,0
dai,8123,2020-07-29,0
usdc_eth,9941,2020-07-29,0
usdt_trx,32564,2020-07-29,0
usdt_trx,32587,2020-07-30,0
dai,7322,2020-07-30,0
usdt_eth,118394,2020-07-30,0
usdc_eth,9627,2020-07-30,0
usdc_eth,10256,2020-07-31,0
usdt_trx,33430,2020-07-31,0
dai,7837,2020-07-31,0
usdt_eth,120160,2020-07-31,0
usdt_trx,39063,2020-08-01,0
usdc_eth,10069,2020-08-01,0
dai,8675,2020-08-01,0
usdt_eth,116140,2020-08-01,0
usdc_eth,9325,2020-08-02,0
dai,7768,2020-08-02,0
usdt_eth,115948,2020-08-02,0
usdt_trx,36231,2020-08-02,0
usdt_trx,34549,2020-08-03,0
usdc_eth,12242,2020-08-03,0
dai,9860,2020-08-03,0
usdt_eth,121435,2020-08-03,0
usdt_eth,119289,2020-08-04,0
usdt_trx,24653,2020-08-04,0
dai,8196,2020-08-04,0
usdc_eth,10612,2020-08-04,0
usdc_eth,10904,2020-08-05,0
dai,7113,2020-08-05,0
usdt_trx,27242,2020-08-05,0
usdt_eth,124868,2020-08-05,0
dai,7394,2020-08-06,0
usdt_eth,129084,2020-08-06,0
usdc_eth,10115,2020-08-06,0
usdt_trx,42866,2020-08-06,0
usdc_eth,10724,2020-08-07,0
dai,7064,2020-08-07,0
usdt_eth,136539,2020-08-07,0
usdt_trx,44549,2020-08-07,0
usdt_trx,41094,2020-08-08,0
dai,5429,2020-08-08,0
usdt_eth,121119,2020-08-08,0
usdc_eth,9374,2020-08-08,0
dai,5337,2020-08-09,0
usdc_eth,8190,2020-08-09,0
usdt_trx,39424,2020-08-09,0
usdt_eth,117333,2020-08-09,0
usdt_eth,133173,2020-08-10,0
dai,6454,2020-08-10,0
usdt_trx,44134,2020-08-10,0
usdc_eth,10695,2020-08-10,0
usdt_eth,129796,2020-08-11,0
usdc_eth,12777,2020-08-11,0
dai,6724,2020-08-11,0
usdt_trx,48264,2020-08-11,0
usdt_trx,49756,2020-08-12,0
usdt_eth,118349,2020-08-12,0
dai,6791,2020-08-12,0
usdc_eth,12267,2020-08-12,0
dai,7184,2020-08-13,0
usdt_trx,53469,2020-08-13,0
usdc_eth,12200,2020-08-13,0
usdt_eth,129103,2020-08-13,0
usdc_eth,13535,2020-08-14,0
usdt_eth,123369,2020-08-14,0
usdt_trx,55250,2020-08-14,0
dai,7579,2020-08-14,0
usdc_eth,10807,2020-08-15,0
usdt_eth,125046,2020-08-15,0
dai,6155,2020-08-15,0
usdt_trx,50242,2020-08-15,0
usdc_eth,9847,2020-08-16,0
dai,6951,2020-08-16,0
usdt_eth,111774,2020-08-16,0
usdt_trx,49607,2020-08-16,0
dai,5733,2020-08-17,0
usdc_eth,12289,2020-08-17,0
usdt_trx,61617,2020-08-17,0
usdt_eth,125625,2020-08-17,0
usdt_eth,128665,2020-08-18,0
dai,6211,2020-08-18,0
usdt_trx,54434,2020-08-18,0
usdc_eth,12483,2020-08-18,0
dai,6591,2020-08-19,0
usdt_trx,35177,2020-08-19,0
usdt_eth,136669,2020-08-19,0
usdc_eth,12578,2020-08-19,0
usdt_eth,114049,2020-08-20,0
usdt_trx,49930,2020-08-20,0
dai,6764,2020-08-20,0
usdc_eth,10926,2020-08-20,0
usdt_trx,52634,2020-08-21,0
usdt_eth,104974,2020-08-21,0
dai,6444,2020-08-21,0
usdc_eth,40866,2020-08-21,0
usdt_trx,51955,2020-08-22,0
dai,5432,2020-08-22,0
usdt_eth,121638,2020-08-22,0
usdc_eth,10083,2020-08-22,0
usdc_eth,7887,2020-08-23,0
usdt_eth,148612,2020-08-23,0
dai,4900,2020-08-23,0
usdt_trx,48620,2020-08-23,0
dai,7053,2020-08-24,0
usdt_trx,50734,2020-08-24,0
usdt_eth,142306,2020-08-24,0
usdc_eth,9053,2020-08-24,0
usdc_eth,11178,2020-08-25,0
usdt_eth,126130,2020-08-25,0
dai,6592,2020-08-25,0
usdt_trx,54539,2020-08-25,0
dai,5962,2020-08-26,0
usdt_eth,132854,2020-08-26,0
usdt_trx,67913,2020-08-26,0
usdc_eth,10711,2020-08-26,0
usdt_eth,136239,2020-08-27,0
usdc_eth,10372,2020-08-27,0
dai,6010,2020-08-27,0
usdt_trx,63464,2020-08-27,0
usdt_eth,117727,2020-08-28,0
usdt_trx,49131,2020-08-28,0
usdc_eth,10194,2020-08-28,0
dai,5812,2020-08-28,0
dai,5531,2020-08-29,0
usdt_eth,107789,2020-08-29,0
usdt_trx,44298,2020-08-29,0
usdc_eth,8582,2020-08-29,0
usdt_trx,74407,2020-08-30,0
usdt_eth,96779,2020-08-30,0
dai,5109,2020-08-30,0
usdc_eth,8203,2020-08-30,0
dai,5951,2020-08-31,0
usdt_trx,65028,2020-08-31,0
usdt_eth,124066,2020-08-31,0
usdc_eth,9911,2020-08-31,0
dai,6258,2020-09-01,0
usdc_eth,12621,2020-09-01,0
usdt_trx,68308,2020-09-01,0
usdt_eth,115348,2020-09-01,0
usdc_eth,12265,2020-09-02,0
usdt_trx,74788,2020-09-02,0
dai,6356,2020-09-02,0
usdt_eth,111937,2020-09-02,0
usdt_trx,82843,2020-09-03,0
usdc_eth,14475,2020-09-03,0
dai,7122,2020-09-03,0
usdt_eth,110791,2020-09-03,0
usdt_trx,81495,2020-09-04,0
dai,8666,2020-09-04,0
usdc_eth,17141,2020-09-04,0
usdt_eth,116755,2020-09-04,0
usdc_eth,14449,2020-09-05,0
dai,8825,2020-09-05,0
usdt_eth,100977,2020-09-05,0
usdt_trx,76073,2020-09-05,0
usdc_eth,12602,2020-09-06,0
dai,6951,2020-09-06,0
usdt_eth,96418,2020-09-06,0
usdt_trx,69873,2020-09-06,0
dai,7414,2020-09-07,0
usdt_eth,111948,2020-09-07,0
usdt_trx,73473,2020-09-07,0
usdc_eth,9791,2020-09-07,0
usdt_eth,106258,2020-09-08,0
usdt_trx,73559,2020-09-08,0
usdc_eth,11443,2020-09-08,0
dai,7339,2020-09-08,0
usdt_eth,105254,2020-09-09,0
usdc_eth,12669,2020-09-09,0
dai,6972,2020-09-09,0
usdt_trx,58073,2020-09-09,0
dai,6691,2020-09-10,0
usdt_trx,58414,2020-09-10,0
usdc_eth,13592,2020-09-10,0
usdt_eth,109804,2020-09-10,0
usdt_eth,103552,2020-09-11,0
usdt_trx,69112,2020-09-11,0
dai,6160,2020-09-11,0
usdc_eth,13955,2020-09-11,0
usdt_eth,95327,2020-09-12,0
usdt_trx,62443,2020-09-12,0
dai,5946,2020-09-12,0
usdc_eth,11543,2020-09-12,0
usdt_eth,97462,2020-09-13,0
usdt_trx,46909,2020-09-13,0
dai,6064,2020-09-13,0
usdc_eth,10157,2020-09-13,0
usdc_eth,11454,2020-09-14,0
usdt_trx,60380,2020-09-14,0
usdt_eth,105992,2020-09-14,0
dai,8767,2020-09-14,0
dai,8827,2020-09-15,0
usdt_trx,65825,2020-09-15,0
usdc_eth,12649,2020-09-15,0
usdt_eth,115130,2020-09-15,0
usdc_eth,13829,2020-09-16,0
usdt_eth,111090,2020-09-16,0
usdt_trx,58336,2020-09-16,0
dai,8978,2020-09-16,0
usdc_eth,14083,2020-09-17,0
usdt_trx,65014,2020-09-17,0
dai,8820,2020-09-17,0
usdt_eth,96242,2020-09-17,0
usdc_eth,15117,2020-09-18,0
usdt_trx,77292,2020-09-18,0
usdt_eth,121069,2020-09-18,0
dai,11453,2020-09-18,0
usdt_trx,75492,2020-09-19,0
usdt_eth,110904,2020-09-19,0
usdc_eth,12642,2020-09-19,0
dai,9569,2020-09-19,0
dai,8563,2020-09-20,0
usdc_eth,11229,2020-09-20,0
usdt_trx,67154,2020-09-20,0
usdt_eth,120921,2020-09-20,0
usdc_eth,13932,2020-09-21,0
dai,9138,2020-09-21,0
usdt_trx,61821,2020-09-21,0
usdt_eth,125311,2020-09-21,0
usdt_trx,62698,2020-09-22,0
usdt_eth,114431,2020-09-22,0
dai,8401,2020-09-22,0
usdc_eth,12796,2020-09-22,0
usdt_eth,110986,2020-09-23,0
dai,8984,2020-09-23,0
usdc_eth,15353,2020-09-23,0
usdt_trx,74084,2020-09-23,0
usdt_eth,119725,2020-09-24,0
usdc_eth,12972,2020-09-24,0
dai,8008,2020-09-24,0
usdt_trx,65124,2020-09-24,0
usdt_trx,76006,2020-09-25,0
usdt_eth,113090,2020-09-25,0
dai,8665,2020-09-25,0
usdc_eth,12154,2020-09-25,0
usdt_trx,86977,2020-09-26,0
usdt_eth,104479,2020-09-26,0
usdc_eth,10591,2020-09-26,0
dai,7850,2020-09-26,0
usdt_eth,88067,2020-09-27,0
dai,6790,2020-09-27,0
usdc_eth,8779,2020-09-27,0
usdt_trx,76558,2020-09-27,0
dai,7588,2020-09-28,0
usdc_eth,11674,2020-09-28,0
usdt_trx,80074,2020-09-28,0
usdt_eth,106037,2020-09-28,0
usdt_trx,68647,2020-09-29,0
dai,7388,2020-09-29,0
usdt_eth,119279,2020-09-29,0
usdc_eth,11904,2020-09-29,0
usdc_eth,12613,2020-09-30,0
usdt_trx,62130,2020-09-30,0
dai,8830,2020-09-30,0
usdt_eth,132360,2020-09-30,0
dai,8927,2020-10-01,0
usdt_eth,91211,2020-10-01,0
usdc_eth,14788,2020-10-01,0
usdt_trx,54734,2020-10-01,0
usdc_eth,15492,2020-10-02,0
usdt_eth,89528,2020-10-02,0
usdt_trx,62477,2020-10-02,0
dai,8178,2020-10-02,0
usdt_eth,88652,2020-10-03,0
usdc_eth,10309,2020-10-03,0
dai,6617,2020-10-03,0
usdt_trx,58279,2020-10-03,0
usdt_trx,58007,2020-10-04,0
usdc_eth,9445,2020-10-04,0
dai,6590,2020-10-04,0
usdt_eth,81991,2020-10-04,0
usdc_eth,12562,2020-10-05,0
usdt_trx,65644,2020-10-05,0
dai,7081,2020-10-05,0
usdt_eth,94975,2020-10-05,0
usdc_eth,12453,2020-10-06,0
usdt_trx,46873,2020-10-06,0
dai,6794,2020-10-06,0
usdt_eth,100794,2020-10-06,0
usdc_eth,11934,2020-10-07,0
usdt_eth,105194,2020-10-07,0
dai,6872,2020-10-07,0
usdt_trx,70200,2020-10-07,0
dai,6596,2020-10-08,0
usdt_trx,78808,2020-10-08,0
usdc_eth,11581,2020-10-08,0
usdt_eth,104846,2020-10-08,0
dai,8117,2020-10-09,0
usdc_eth,12489,2020-10-09,0
usdt_eth,118860,2020-10-09,0
usdt_trx,79290,2020-10-09,0
usdt_eth,123895,2020-10-10,0
usdt_trx,88517,2020-10-10,0
usdc_eth,9678,2020-10-10,0
dai,6532,2020-10-10,0
dai,5596,2020-10-11,0
usdt_trx,66682,2020-10-11,0
usdc_eth,8798,2020-10-11,0
usdt_eth,123807,2020-10-11,0
usdt_trx,74818,2020-10-12,0
dai,6164,2020-10-12,0
usdt_eth,121077,2020-10-12,0
usdc_eth,10518,2020-10-12,0
usdt_eth,129651,2020-10-13,0
usdt_trx,70727,2020-10-13,0
usdc_eth,14821,2020-10-13,0
dai,6175,2020-10-13,0
usdc_eth,11842,2020-10-14,0
dai,5884,2020-10-14,0
usdt_eth,129204,2020-10-14,0
usdt_trx,74958,2020-10-14,0
usdt_eth,132067,2020-10-15,0
usdt_trx,81259,2020-10-15,0
dai,6549,2020-10-15,0
usdc_eth,40112,2020-10-15,0
usdt_trx,75842,2020-10-16,0
usdt_eth,127557,2020-10-16,0
usdc_eth,31208,2020-10-16,0
dai,6933,2020-10-16,0
usdt_trx,71288,2020-10-17,0
dai,6678,2020-10-17,0
usdt_eth,127030,2020-10-17,0
usdc_eth,23587,2020-10-17,0
dai,6493,2020-10-18,0
usdc_eth,10839,2020-10-18,0
usdt_trx,66284,2020-10-18,0
usdt_eth,137563,2020-10-18,0
usdt_eth,134790,2020-10-19,0
usdt_trx,78347,2020-10-19,0
dai,7568,2020-10-19,0
usdc_eth,13728,2020-10-19,0
usdc_eth,19935,2020-10-20,0
usdt_eth,129971,2020-10-20,0
dai,6977,2020-10-20,0
usdt_trx,91677,2020-10-20,0
usdc_eth,30218,2020-10-21,0
usdt_eth,124045,2020-10-21,0
dai,7421,2020-10-21,0
usdt_trx,163258,2020-10-21,0
dai,10682,2020-10-22,0
usdc_eth,29933,2020-10-22,0
usdt_eth,136700,2020-10-22,0
usdt_trx,105348,2020-10-22,0
usdc_eth,25148,2020-10-23,0
usdt_trx,68801,2020-10-23,0
usdt_eth,136069,2020-10-23,0
dai,8481,2020-10-23,0
usdc_eth,21506,2020-10-24,0
usdt_eth,105775,2020-10-24,0
dai,7483,2020-10-24,0
usdt_trx,73721,2020-10-24,0
usdt_eth,91409,2020-10-25,0
usdc_eth,19409,2020-10-25,0
usdt_trx,86505,2020-10-25,0
dai,6002,2020-10-25,0
dai,7307,2020-10-26,0
usdc_eth,23945,2020-10-26,0
usdt_trx,75623,2020-10-26,0
usdt_eth,98827,2020-10-26,0
dai,7520,2020-10-27,0
usdc_eth,23449,2020-10-27,0
usdt_eth,98897,2020-10-27,0
usdt_trx,76310,2020-10-27,0
usdc_eth,24174,2020-10-28,0
usdt_eth,108202,2020-10-28,0
usdt_trx,63151,2020-10-28,0
dai,7506,2020-10-28,0
usdt_trx,75470,2020-10-29,0
dai,6896,2020-10-29,0
usdt_eth,93854,2020-10-29,0
usdc_eth,27487,2020-10-29,0
usdc_eth,26510,2020-10-30,0
usdt_trx,71994,2020-10-30,0
usdt_eth,102895,2020-10-30,0
dai,6975,2020-10-30,0
dai,6095,2020-10-31,0
usdt_trx,70096,2020-10-31,0
usdc_eth,29232,2020-10-31,0
usdt_eth,90234,2020-10-31,0
dai,6161,2020-11-01,0
usdt_trx,65974,2020-11-01,0
usdc_eth,26831,2020-11-01,0
usdt_eth,84749,2020-11-01,0
usdt_trx,85202,2020-11-02,0
usdt_eth,111067,2020-11-02,0
usdc_eth,29401,2020-11-02,0
dai,6948,2020-11-02,0
usdt_eth,105815,2020-11-03,0
usdt_trx,60766,2020-11-03,0
dai,7865,2020-11-03,0
usdc_eth,33311,2020-11-03,0
usdt_eth,103281,2020-11-04,0
dai,7561,2020-11-04,0
usdt_trx,66449,2020-11-04,0
usdc_eth,29939,2020-11-04,0
usdc_eth,28681,2020-11-05,0
dai,8104,2020-11-05,0
usdt_trx,73699,2020-11-05,0
usdt_eth,104030,2020-11-05,0
usdc_eth,30096,2020-11-06,0
dai,7786,2020-11-06,0
usdt_trx,84530,2020-11-06,0
usdt_eth,115814,2020-11-06,0
usdc_eth,28469,2020-11-07,0
usdt_trx,79009,2020-11-07,0
dai,7248,2020-11-07,0
usdt_eth,110764,2020-11-07,0
usdt_trx,58018,2020-11-08,0
dai,6345,2020-11-08,0
usdc_eth,30854,2020-11-08,0
usdt_eth,92290,2020-11-08,0
usdc_eth,37208,2020-11-09,0
dai,7058,2020-11-09,0
usdt_trx,66075,2020-11-09,0
usdt_eth,118466,2020-11-09,0
usdt_trx,75206,2020-11-10,0
usdc_eth,26680,2020-11-10,0
dai,6445,2020-11-10,0
usdt_eth,111944,2020-11-10,0
dai,6204,2020-11-11,0
usdt_eth,125424,2020-11-11,0
usdc_eth,26538,2020-11-11,0
usdt_trx,72272,2020-11-11,0
usdt_eth,137413,2020-11-12,0
usdc_eth,28404,2020-11-12,0
dai,6206,2020-11-12,0
usdt_trx,101292,2020-11-12,0
usdt_trx,82269,2020-11-13,0
usdc_eth,26863,2020-11-13,0
usdt_eth,132323,2020-11-13,0
dai,7419,2020-11-13,0
usdc_eth,26901,2020-11-14,0
usdt_trx,60350,2020-11-14,0
usdt_eth,119169,2020-11-14,0
dai,6036,2020-11-14,0
dai,6202,2020-11-15,0
usdt_trx,57903,2020-11-15,0
usdc_eth,22794,2020-11-15,0
usdt_eth,108961,2020-11-15,0
dai,7066,2020-11-16,0
usdc_eth,26462,2020-11-16,0
usdt_eth,119493,2020-11-16,0
usdt_trx,61755,2020-11-16,0
usdt_eth,128810,2020-11-17,0
usdt_trx,73982,2020-11-17,0
usdc_eth,32584,2020-11-17,0
dai,8293,2020-11-17,0
usdt_eth,108942,2020-11-18,0
dai,8793,2020-11-18,0
usdt_trx,57894,2020-11-18,0
usdc_eth,31338,2020-11-18,0
usdt_trx,66431,2020-11-19,0
usdc_eth,29659,2020-11-19,0
usdt_eth,106280,2020-11-19,0
dai,7750,2020-11-19,0
usdc_eth,35899,2020-11-20,0
usdt_eth,111810,2020-11-20,0
dai,7981,2020-11-20,0
usdt_trx,59347,2020-11-20,0
usdt_eth,101469,2020-11-21,0
dai,7706,2020-11-21,0
usdc_eth,38818,2020-11-21,0
usdt_trx,54685,2020-11-21,0
dai,7804,2020-11-22,0
usdc_eth,35395,2020-11-22,0
usdt_trx,71809,2020-11-22,0
usdt_eth,94971,2020-11-22,0
dai,7945,2020-11-23,0
usdc_eth,38426,2020-11-23,0
usdt_trx,81285,2020-11-23,0
usdt_eth,121035,2020-11-23,0
usdt_trx,86018,2020-11-24,0
usdt_eth,123106,2020-11-24,0
dai,8408,2020-11-24,0
usdc_eth,43212,2020-11-24,0
usdt_eth,119775,2020-11-25,0
usdc_eth,38425,2020-11-25,0
usdt_trx,55223,2020-11-25,0
dai,7996,2020-11-25,0
usdt_eth,125897,2020-11-26,0
usdc_eth,33700,2020-11-26,0
usdt_trx,75070,2020-11-26,0
dai,9866,2020-11-26,0
dai,7768,2020-11-27,0
usdt_trx,69166,2020-11-27,0
usdt_eth,117320,2020-11-27,0
usdc_eth,25064,2020-11-27,0
usdt_trx,70996,2020-11-28,0
usdc_eth,35276,2020-11-28,0
dai,7132,2020-11-28,0
usdt_eth,93806,2020-11-28,0
usdt_eth,91276,2020-11-29,0
usdt_trx,55961,2020-11-29,0
usdc_eth,27743,2020-11-29,0
dai,6622,2020-11-29,0
usdt_trx,69045,2020-11-30,0
usdc_eth,36088,2020-11-30,0
dai,10046,2020-11-30,0
usdt_eth,121890,2020-11-30,0
dai,9505,2020-12-01,0
usdc_eth,34008,2020-12-01,0
usdt_eth,120192,2020-12-01,0
usdt_trx,76142,2020-12-01,0
usdt_eth,97188,2020-12-02,0
usdt_trx,69135,2020-12-02,0
usdc_eth,16448,2020-12-02,0
dai,8509,2020-12-02,0
usdc_eth,16274,2020-12-03,0
usdt_eth,94249,2020-12-03,0
dai,8373,2020-12-03,0
usdt_trx,77651,2020-12-03,0
usdt_trx,123491,2020-12-04,0
usdt_eth,97889,2020-12-04,0
dai,8234,2020-12-04,0
usdc_eth,16963,2020-12-04,0
usdt_eth,83693,2020-12-05,0
usdt_trx,97171,2020-12-05,0
dai,8172,2020-12-05,0
usdc_eth,14924,2020-12-05,0
usdt_trx,49045,2020-12-06,0
dai,7245,2020-12-06,0
usdc_eth,13755,2020-12-06,0
usdt_eth,82776,2020-12-06,0
usdt_trx,55298,2020-12-07,0
usdt_eth,97237,2020-12-07,0
dai,7250,2020-12-07,0
usdc_eth,14090,2020-12-07,0
dai,6915,2020-12-08,0
usdt_trx,63932,2020-12-08,0
usdc_eth,16629,2020-12-08,0
usdt_eth,99011,2020-12-08,0
dai,8019,2020-12-09,0
usdt_trx,64049,2020-12-09,0
usdc_eth,16408,2020-12-09,0
usdt_eth,106232,2020-12-09,0
usdc_eth,16730,2020-12-10,0
usdt_eth,102696,2020-12-10,0
dai,7127,2020-12-10,0
usdt_trx,64844,2020-12-10,0
dai,7619,2020-12-11,0
usdc_eth,25487,2020-12-11,0
usdt_trx,55779,2020-12-11,0
usdt_eth,99364,2020-12-11,0
usdt_trx,58060,2020-12-12,0
usdc_eth,45965,2020-12-12,0
usdt_eth,95021,2020-12-12,0
dai,9557,2020-12-12,0
usdt_trx,53565,2020-12-13,0
usdc_eth,46946,2020-12-13,0
usdt_eth,108655,2020-12-13,0
dai,7220,2020-12-13,0
usdt_trx,61058,2020-12-14,0
usdc_eth,39301,2020-12-14,0
usdt_eth,134291,2020-12-14,0
dai,7679,2020-12-14,0
usdc_eth,41734,2020-12-15,0
dai,8271,2020-12-15,0
usdt_eth,139760,2020-12-15,0
usdt_trx,59225,2020-12-15,0
usdt_eth,159475,2020-12-16,0
usdt_trx,69696,2020-12-16,0
usdc_eth,34055,2020-12-16,0
dai,9170,2020-12-16,0
dai,9611,2020-12-17,0
usdt_eth,151229,2020-12-17,0
usdt_trx,104120,2020-12-17,0
usdc_eth,37704,2020-12-17,0
dai,9218,2020-12-18,0
usdt_eth,149288,2020-12-18,0
usdt_trx,79704,2020-12-18,0
usdc_eth,19322,2020-12-18,0
dai,10369,2020-12-19,0
usdt_eth,103565,2020-12-19,0
usdt_trx,76932,2020-12-19,0
usdc_eth,19052,2020-12-19,0
usdt_trx,65690,2020-12-20,0
usdt_eth,102314,2020-12-20,0
usdc_eth,18149,2020-12-20,0
dai,8519,2020-12-20,0
usdt_trx,76032,2020-12-21,0
usdc_eth,17494,2020-12-21,0
usdt_eth,110045,2020-12-21,0
dai,8695,2020-12-21,0
usdt_eth,112422,2020-12-22,0
usdc_eth,17741,2020-12-22,0
dai,8648,2020-12-22,0
usdt_trx,69799,2020-12-22,0
dai,9275,2020-12-23,0
usdt_trx,82777,2020-12-23,0
usdt_eth,113589,2020-12-23,0
usdc_eth,19431,2020-12-23,0
usdc_eth,18733,2020-12-24,0
usdt_trx,87583,2020-12-24,0
usdt_eth,118617,2020-12-24,0
dai,9443,2020-12-24,0
usdc_eth,17396,2020-12-25,0
dai,9973,2020-12-25,0
usdt_trx,82640,2020-12-25,0
usdt_eth,110113,2020-12-25,0
dai,12519,2020-12-26,0
usdt_trx,83080,2020-12-26,0
usdt_eth,115560,2020-12-26,0
usdc_eth,19079,2020-12-26,0
dai,12146,2020-12-27,0
usdc_eth,19372,2020-12-27,0
usdt_trx,77439,2020-12-27,0
usdt_eth,112271,2020-12-27,0
usdc_eth,19812,2020-12-28,0
usdt_eth,127054,2020-12-28,0
usdt_trx,94032,2020-12-28,0
dai,12126,2020-12-28,0
usdt_eth,124969,2020-12-29,0
dai,12430,2020-12-29,0
usdt_trx,101761,2020-12-29,0
usdc_eth,21136,2020-12-29,0
usdt_trx,85091,2020-12-30,0
usdc_eth,21400,2020-12-30,0
dai,12525,2020-12-30,0
usdt_eth,118137,2020-12-30,0
usdc_eth,22432,2020-12-31,0
dai,14389,2020-12-31,0
usdt_trx,92602,2020-12-31,0
usdt_eth,109617,2020-12-31,0
dai,12678,2021-01-01,0
usdt_eth,101339,2021-01-01,0
usdt_trx,75953,2021-01-01,0
usdc_eth,22634,2021-01-01,0
usdc_eth,23527,2021-01-02,0
usdt_trx,80404,2021-01-02,0
dai,14477,2021-01-02,0
usdt_eth,107307,2021-01-02,0
dai,12565,2021-01-03,0
usdt_trx,87713,2021-01-03,0
usdt_eth,109927,2021-01-03,0
usdc_eth,23570,2021-01-03,0
dai,12514,2021-01-04,0
usdc_eth,24427,2021-01-04,0
usdt_trx,104462,2021-01-04,0
usdt_eth,116448,2021-01-04,0
usdt_trx,96576,2021-01-05,0
usdt_eth,122841,2021-01-05,0
usdc_eth,25168,2021-01-05,0
dai,12130,2021-01-05,0
usdc_eth,27594,2021-01-06,0
dai,13162,2021-01-06,0
usdt_trx,113580,2021-01-06,0
usdt_eth,125977,2021-01-06,0
usdt_eth,120952,2021-01-07,0
dai,12915,2021-01-07,0
usdc_eth,27131,2021-01-07,0
usdt_trx,104946,2021-01-07,0
dai,12376,2021-01-08,0
usdc_eth,27241,2021-01-08,0
usdt_eth,115153,2021-01-08,0
usdt_trx,101654,2021-01-08,0
usdc_eth,29926,2021-01-09,0
usdt_eth,105506,2021-01-09,0
dai,11235,2021-01-09,0
usdt_trx,103942,2021-01-09,0
usdt_eth,110517,2021-01-10,0
usdt_trx,110881,2021-01-10,0
dai,11680,2021-01-10,0
usdc_eth,26965,2021-01-10,0
dai,12142,2021-01-11,0
usdt_eth,121243,2021-01-11,0
usdt_trx,108787,2021-01-11,0
usdc_eth,24928,2021-01-11,0
usdc_eth,23037,2021-01-12,0
usdt_trx,89148,2021-01-12,0
usdt_eth,117371,2021-01-12,0
dai,12774,2021-01-12,0
usdt_trx,111891,2021-01-13,0
usdt_eth,115243,2021-01-13,0
dai,11477,2021-01-13,0
usdc_eth,22189,2021-01-13,0
usdc_eth,24237,2021-01-14,0
dai,11967,2021-01-14,0
usdt_trx,103311,2021-01-14,0
usdt_eth,125184,2021-01-14,0
usdc_eth,24357,2021-01-15,0
usdt_eth,119903,2021-01-15,0
dai,11074,2021-01-15,0
usdt_trx,91319,2021-01-15,0
usdt_eth,103529,2021-01-16,0
usdt_trx,97248,2021-01-16,0
usdc_eth,22154,2021-01-16,0
dai,10649,2021-01-16,0
usdt_eth,95552,2021-01-17,0
usdt_trx,103403,2021-01-17,0
usdc_eth,22435,2021-01-17,0
dai,10327,2021-01-17,0
usdt_trx,119629,2021-01-18,0
usdt_eth,115840,2021-01-18,0
dai,10008,2021-01-18,0
usdc_eth,22401,2021-01-18,0
usdc_eth,23505,2021-01-19,0
usdt_eth,106006,2021-01-19,0
usdt_trx,130865,2021-01-19,0
dai,10572,2021-01-19,0
usdt_trx,129240,2021-01-20,0
usdt_eth,108559,2021-01-20,0
dai,9684,2021-01-20,0
usdc_eth,23861,2021-01-20,0
usdt_eth,105291,2021-01-21,0
usdt_trx,152282,2021-01-21,0
dai,10592,2021-01-21,0
usdc_eth,23002,2021-01-21,0
usdc_eth,24534,2021-01-22,0
usdt_eth,105716,2021-01-22,0
usdt_trx,128483,2021-01-22,0
dai,9836,2021-01-22,0
dai,9509,2021-01-23,0
usdc_eth,19860,2021-01-23,0
usdt_eth,96474,2021-01-23,0
usdt_trx,108419,2021-01-23,0
dai,9663,2021-01-24,0
usdc_eth,18610,2021-01-24,0
usdt_eth,87742,2021-01-24,0
usdt_trx,116943,2021-01-24,0
dai,10192,2021-01-25,0
usdc_eth,22312,2021-01-25,0
usdt_eth,103801,2021-01-25,0
usdt_trx,132380,2021-01-25,0
usdt_eth,110140,2021-01-26,0
dai,9329,2021-01-26,0
usdc_eth,26980,2021-01-26,0
usdt_trx,111893,2021-01-26,0
dai,9881,2021-01-27,0
usdc_eth,24078,2021-01-27,0
usdt_trx,107060,2021-01-27,0
usdt_eth,100749,2021-01-27,0
usdc_eth,26515,2021-01-28,0
dai,10080,2021-01-28,0
usdt_trx,119186,2021-01-28,0
usdt_eth,106406,2021-01-28,0
usdc_eth,33182,2021-01-29,0
usdt_eth,118706,2021-01-29,0
usdt_trx,157728,2021-01-29,0
dai,9888,2021-01-29,0
usdt_eth,95634,2021-01-30,0
dai,9630,2021-01-30,0
usdt_trx,140247,2021-01-30,0
usdc_eth,25328,2021-01-30,0
usdc_eth,23636,2021-01-31,0
usdt_eth,94898,2021-01-31,0
usdt_trx,141352,2021-01-31,0
dai,9839,2021-01-31,0
dai,9514,2021-02-01,0
usdt_eth,109551,2021-02-01,0
usdt_trx,148381,2021-02-01,0
usdc_eth,26227,2021-02-01,0
dai,9203,2021-02-02,0
usdt_trx,148921,2021-02-02,0
usdc_eth,26523,2021-02-02,0
usdt_eth,108180,2021-02-02,0
usdt_trx,157226,2021-02-03,0
usdt_eth,106081,2021-02-03,0
usdc_eth,27719,2021-02-03,0
dai,9095,2021-02-03,0
dai,8378,2021-02-04,0
usdt_trx,166728,2021-02-04,0
usdt_eth,105595,2021-02-04,0
usdc_eth,30432,2021-02-04,0
dai,8493,2021-02-05,0
usdt_eth,99469,2021-02-05,0
usdt_trx,177249,2021-02-05,0
usdc_eth,29462,2021-02-05,0
dai,8982,2021-02-06,0
usdt_eth,92371,2021-02-06,0
usdc_eth,32028,2021-02-06,0
usdt_trx,181332,2021-02-06,0
usdc_eth,26463,2021-02-07,0
usdt_trx,167099,2021-02-07,0
dai,9448,2021-02-07,0
usdt_eth,92759,2021-02-07,0
usdt_trx,192221,2021-02-08,0
usdc_eth,26666,2021-02-08,0
dai,10485,2021-02-08,0
usdt_eth,109133,2021-02-08,0
usdt_trx,215572,2021-02-09,0
usdc_eth,28916,2021-02-09,0
dai,10445,2021-02-09,0
usdt_eth,108940,2021-02-09,0
usdt_eth,104938,2021-02-10,0
usdc_eth,32161,2021-02-10,0
usdt_trx,212787,2021-02-10,0
dai,11982,2021-02-10,0
usdc_eth,31224,2021-02-11,0
usdt_eth,90298,2021-02-11,0
dai,11879,2021-02-11,0
usdt_trx,183821,2021-02-11,0
usdt_eth,82326,2021-02-12,0
usdt_trx,155516,2021-02-12,0
dai,10392,2021-02-12,0
usdc_eth,33650,2021-02-12,0
usdt_eth,71909,2021-02-13,0
dai,9314,2021-02-13,0
usdt_trx,163723,2021-02-13,0
usdc_eth,33435,2021-02-13,0
usdt_trx,158843,2021-02-14,0
usdc_eth,26933,2021-02-14,0
usdt_eth,75816,2021-02-14,0
dai,8914,2021-02-14,0
usdt_trx,185206,2021-02-15,0
usdc_eth,26086,2021-02-15,0
dai,7635,2021-02-15,0
usdt_eth,88102,2021-02-15,0
usdt_eth,80069,2021-02-16,0
usdt_trx,187567,2021-02-16,0
usdc_eth,35367,2021-02-16,0
dai,9767,2021-02-16,0
usdc_eth,28922,2021-02-17,0
usdt_eth,86931,2021-02-17,0
usdt_trx,189186,2021-02-17,0
dai,8433,2021-02-17,0
usdt_trx,276824,2021-02-18,0
usdt_eth,96134,2021-02-18,0
dai,9339,2021-02-18,0
usdc_eth,29661,2021-02-18,0
usdt_eth,101240,2021-02-19,0
usdt_trx,246771,2021-02-19,0
dai,9694,2021-02-19,0
usdc_eth,32858,2021-02-19,0
dai,9991,2021-02-20,0
usdt_trx,243445,2021-02-20,0
usdt_eth,105504,2021-02-20,0
usdc_eth,34378,2021-02-20,0
usdt_eth,93411,2021-02-21,0
usdt_trx,222788,2021-02-21,0
usdc_eth,28935,2021-02-21,0
dai,9927,2021-02-21,0
usdt_trx,247732,2021-02-22,0
usdc_eth,31252,2021-02-22,0
dai,10210,2021-02-22,0
usdt_eth,101488,2021-02-22,0
usdt_eth,97820,2021-02-23,0
usdc_eth,35139,2021-02-23,0
dai,12459,2021-02-23,0
usdt_trx,236640,2021-02-23,0
usdt_trx,232679,2021-02-24,0
usdc_eth,35307,2021-02-24,0
dai,12739,2021-02-24,0
usdt_eth,95578,2021-02-24,0
dai,10293,2021-02-25,0
usdt_eth,86091,2021-02-25,0
usdt_trx,232112,2021-02-25,0
usdc_eth,28926,2021-02-25,0
usdt_trx,200564,2021-02-26,0
usdc_eth,33931,2021-02-26,0
usdt_eth,87309,2021-02-26,0
dai,11327,2021-02-26,0
usdc_eth,29578,2021-02-27,0
usdt_trx,194905,2021-02-27,0
usdt_eth,73193,2021-02-27,0
dai,11265,2021-02-27,0
usdt_trx,214137,2021-02-28,0
usdc_eth,28446,2021-02-28,0
usdt_eth,80179,2021-02-28,0
dai,10875,2021-02-28,0
usdt_trx,299524,2021-03-01,0
usdt_eth,88351,2021-03-01,0
usdc_eth,29518,2021-03-01,0
dai,10239,2021-03-01,0
usdt_trx,205331,2021-03-02,0
usdt_eth,92147,2021-03-02,0
dai,9701,2021-03-02,0
usdc_eth,28021,2021-03-02,0
usdt_eth,84775,2021-03-03,0
dai,9634,2021-03-03,0
usdc_eth,29001,2021-03-03,0
usdt_trx,210681,2021-03-03,0
dai,9315,2021-03-04,0
usdt_trx,186914,2021-03-04,0
usdt_eth,81339,2021-03-04,0
usdc_eth,27755,2021-03-04,0
dai,8804,2021-03-05,0
usdt_trx,181480,2021-03-05,0
usdt_eth,78805,2021-03-05,0
usdc_eth,29233,2021-03-05,0
dai,7999,2021-03-06,0
usdt_trx,157427,2021-03-06,0
usdc_eth,23916,2021-03-06,0
usdt_eth,70090,2021-03-06,0
usdt_trx,174461,2021-03-07,0
usdt_eth,64695,2021-03-07,0
dai,7595,2021-03-07,0
usdc_eth,23026,2021-03-07,0
usdt_eth,80328,2021-03-08,0
dai,8769,2021-03-08,0
usdc_eth,25729,2021-03-08,0
usdt_trx,187923,2021-03-08,0
usdt_eth,86540,2021-03-09,0
usdc_eth,30091,2021-03-09,0
usdt_trx,215826,2021-03-09,0
dai,8728,2021-03-09,0
usdc_eth,28186,2021-03-10,0
usdt_trx,224490,2021-03-10,0
dai,8971,2021-03-10,0
usdt_eth,84977,2021-03-10,0
dai,8622,2021-03-11,0
usdt_eth,84616,2021-03-11,0
usdt_trx,260932,2021-03-11,0
usdc_eth,28400,2021-03-11,0
usdt_eth,89843,2021-03-12,0
dai,7352,2021-03-12,0
usdc_eth,31374,2021-03-12,0
usdt_trx,215318,2021-03-12,0
usdt_eth,78689,2021-03-13,0
dai,7952,2021-03-13,0
usdc_eth,27203,2021-03-13,0
usdt_trx,215839,2021-03-13,0
usdt_eth,93271,2021-03-14,0
dai,7298,2021-03-14,0
usdc_eth,23132,2021-03-14,0
usdt_trx,210944,2021-03-14,0
dai,7806,2021-03-15,0
usdt_trx,257551,2021-03-15,0
usdt_eth,91382,2021-03-15,0
usdc_eth,26547,2021-03-15,0
dai,8052,2021-03-16,0
usdc_eth,31864,2021-03-16,0
usdt_eth,96939,2021-03-16,0
usdt_trx,247556,2021-03-16,0
dai,7114,2021-03-17,0
usdc_eth,29203,2021-03-17,0
usdt_eth,88981,2021-03-17,0
usdt_trx,229457,2021-03-17,0
dai,7037,2021-03-18,0
usdc_eth,28994,2021-03-18,0
usdt_eth,92061,2021-03-18,0
usdt_trx,522234,2021-03-18,0
dai,7071,2021-03-19,0
usdc_eth,30065,2021-03-19,0
usdt_eth,93197,2021-03-19,0
usdt_trx,400930,2021-03-19,0
usdt_eth,79615,2021-03-20,0
usdt_trx,253726,2021-03-20,0
usdc_eth,27448,2021-03-20,0
dai,7267,2021-03-20,0
usdt_eth,78057,2021-03-21,0
usdc_eth,30371,2021-03-21,0
dai,9053,2021-03-21,0
usdt_trx,237246,2021-03-21,0
usdt_eth,96172,2021-03-22,0
usdt_trx,263209,2021-03-22,0
dai,7784,2021-03-22,0
usdc_eth,40871,2021-03-22,0
dai,8019,2021-03-23,0
usdt_eth,99392,2021-03-23,0
usdc_eth,34760,2021-03-23,0
usdt_trx,235245,2021-03-23,0
usdt_trx,283977,2021-03-24,0
usdc_eth,36179,2021-03-24,0
usdt_eth,96353,2021-03-24,0
dai,7886,2021-03-24,0
usdc_eth,40993,2021-03-25,0
usdt_trx,232793,2021-03-25,0
usdt_eth,100062,2021-03-25,0
dai,8380,2021-03-25,0
usdt_trx,233422,2021-03-26,0
dai,7651,2021-03-26,0
usdt_eth,85815,2021-03-26,0
usdc_eth,30937,2021-03-26,0
dai,7041,2021-03-27,0
usdt_trx,214241,2021-03-27,0
usdt_eth,77677,2021-03-27,0
usdc_eth,27815,2021-03-27,0
usdt_trx,206298,2021-03-28,0
usdc_eth,23405,2021-03-28,0
dai,6479,2021-03-28,0
usdt_eth,68501,2021-03-28,0
usdc_eth,31993,2021-03-29,0
dai,7263,2021-03-29,0
usdt_trx,255863,2021-03-29,0
usdt_eth,87962,2021-03-29,0
usdt_trx,302369,2021-03-30,0
usdt_eth,87357,2021-03-30,0
usdc_eth,31261,2021-03-30,0
dai,7467,2021-03-30,0
usdt_trx,314060,2021-03-31,0
usdc_eth,31510,2021-03-31,0
usdt_eth,90850,2021-03-31,0
dai,6499,2021-03-31,0
usdt_eth,91635,2021-04-01,0
dai,6849,2021-04-01,0
usdc_eth,33142,2021-04-01,0
usdt_trx,318882,2021-04-01,0
usdt_eth,102567,2021-04-02,0
usdc_eth,41043,2021-04-02,0
usdt_trx,310375,2021-04-02,0
dai,7221,2021-04-02,0
usdt_trx,283991,2021-04-03,0
usdt_eth,81223,2021-04-03,0
dai,6857,2021-04-03,0
usdc_eth,29320,2021-04-03,0
usdc_eth,24293,2021-04-04,0
dai,6906,2021-04-04,0
usdt_trx,299296,2021-04-04,0
usdt_eth,75111,2021-04-04,0
usdt_trx,304015,2021-04-05,0
usdc_eth,28513,2021-04-05,0
usdt_eth,87273,2021-04-05,0
dai,6691,2021-04-05,0
usdc_eth,35927,2021-04-06,0
usdt_trx,312639,2021-04-06,0
dai,8466,2021-04-06,0
usdt_eth,96492,2021-04-06,0
usdt_eth,98890,2021-04-07,0
dai,7034,2021-04-07,0
usdt_trx,288251,2021-04-07,0
usdc_eth,32695,2021-04-07,0
usdt_trx,273055,2021-04-08,0
usdc_eth,34660,2021-04-08,0
dai,8768,2021-04-08,0
usdt_eth,94274,2021-04-08,0
usdt_eth,94688,2021-04-09,0
usdc_eth,32691,2021-04-09,0
dai,7062,2021-04-09,0
usdt_trx,269422,2021-04-09,0
usdt_trx,257263,2021-04-10,0
usdt_eth,84949,2021-04-10,0
usdc_eth,34456,2021-04-10,0
dai,8019,2021-04-10,0
usdt_eth,89652,2021-04-11,0
dai,7616,2021-04-11,0
usdc_eth,34597,2021-04-11,0
usdt_trx,262542,2021-04-11,0
usdt_eth,117681,2021-04-12,0
usdc_eth,45030,2021-04-12,0
dai,7767,2021-04-12,0
usdt_trx,312965,2021-04-12,0
usdt_trx,290892,2021-04-13,0
usdc_eth,51535,2021-04-13,0
usdt_eth,110211,2021-04-13,0
dai,8242,2021-04-13,0
usdc_eth,44902,2021-04-14,0
usdt_eth,128574,2021-04-14,0
dai,7638,2021-04-14,0
usdt_trx,295162,2021-04-14,0
dai,8008,2021-04-15,0
usdt_trx,327811,2021-04-15,0
usdc_eth,34094,2021-04-15,0
usdt_eth,90692,2021-04-15,0
dai,7922,2021-04-16,0
usdt_trx,324658,2021-04-16,0
usdc_eth,54509,2021-04-16,0
usdt_eth,114146,2021-04-16,0
dai,7760,2021-04-17,0
usdt_trx,354489,2021-04-17,0
usdc_eth,40098,2021-04-17,0
usdt_eth,94855,2021-04-17,0
dai,8917,2021-04-18,0
usdt_trx,318434,2021-04-18,0
usdt_eth,102510,2021-04-18,0
usdc_eth,42563,2021-04-18,0
usdc_eth,39644,2021-04-19,0
dai,7526,2021-04-19,0
usdt_eth,111069,2021-04-19,0
usdt_trx,373028,2021-04-19,0
usdc_eth,48258,2021-04-20,0
usdt_trx,385787,2021-04-20,0
usdt_eth,118034,2021-04-20,0
dai,7325,2021-04-20,0
usdt_eth,121502,2021-04-21,0
dai,8308,2021-04-21,0
usdc_eth,48537,2021-04-21,0
usdt_trx,377517,2021-04-21,0
usdc_eth,47510,2021-04-22,0
usdt_trx,290314,2021-04-22,0
dai,9727,2021-04-22,0
usdt_eth,107826,2021-04-22,0
dai,10685,2021-04-23,0
usdt_trx,299062,2021-04-23,0
usdt_eth,115217,2021-04-23,0
usdc_eth,53096,2021-04-23,0
usdt_trx,222933,2021-04-24,0
usdt_eth,89139,2021-04-24,0
usdc_eth,36257,2021-04-24,0
dai,9264,2021-04-24,0
usdc_eth,36524,2021-04-25,0
dai,9783,2021-04-25,0
usdt_eth,100414,2021-04-25,0
usdt_trx,220897,2021-04-25,0
usdt_trx,304176,2021-04-26,0
dai,9940,2021-04-26,0
usdt_eth,102832,2021-04-26,0
usdc_eth,42985,2021-04-26,0
usdt_trx,289207,2021-04-27,0
usdt_eth,99070,2021-04-27,0
usdc_eth,41373,2021-04-27,0
dai,10004,2021-04-27,0
usdt_eth,95275,2021-04-28,0
dai,9496,2021-04-28,0
usdc_eth,40906,2021-04-28,0
usdt_trx,267020,2021-04-28,0
usdc_eth,46436,2021-04-29,0
usdt_eth,115003,2021-04-29,0
dai,10208,2021-04-29,0
usdt_trx,267583,2021-04-29,0
usdc_eth,37911,2021-04-30,0
usdt_eth,105579,2021-04-30,0
dai,8589,2021-04-30,0
usdt_trx,297269,2021-04-30,0
usdc_eth,32758,2021-05-01,0
dai,9515,2021-05-01,0
usdt_trx,262280,2021-05-01,0
usdt_eth,97306,2021-05-01,0
dai,8238,2021-05-02,0
usdc_eth,33264,2021-05-02,0
usdt_eth,85745,2021-05-02,0
usdt_trx,246319,2021-05-02,0
usdt_trx,290281,2021-05-03,0
usdc_eth,38502,2021-05-03,0
usdt_eth,95263,2021-05-03,0
dai,9542,2021-05-03,0
dai,9244,2021-05-04,0
usdc_eth,40746,2021-05-04,0
usdt_trx,343009,2021-05-04,0
usdt_eth,109799,2021-05-04,0
dai,9335,2021-05-05,0
usdt_eth,119723,2021-05-05,0
usdt_trx,320542,2021-05-05,0
usdc_eth,38051,2021-05-05,0
usdc_eth,37434,2021-05-06,0
usdt_eth,126917,2021-05-06,0
dai,9144,2021-05-06,0
usdt_trx,360166,2021-05-06,0
dai,8703,2021-05-07,0
usdt_trx,372410,2021-05-07,0
usdc_eth,40868,2021-05-07,0
usdt_eth,129103,2021-05-07,0
usdt_eth,123331,2021-05-08,0
usdc_eth,29127,2021-05-08,0
dai,7246,2021-05-08,0
usdt_trx,468235,2021-05-08,0
usdt_eth,127098,2021-05-09,0
usdc_eth,39628,2021-05-09,0
dai,8433,2021-05-09,0
usdt_trx,444408,2021-05-09,0
usdt_eth,135423,2021-05-10,0
usdc_eth,34599,2021-05-10,0
usdt_trx,701089,2021-05-10,0
dai,6809,2021-05-10,0
usdt_eth,128530,2021-05-11,0
usdt_trx,718800,2021-05-11,0
usdc_eth,29320,2021-05-11,0
dai,5380,2021-05-11,0
dai,5927,2021-05-12,0
usdc_eth,30547,2021-05-12,0
usdt_trx,607392,2021-05-12,0
usdt_eth,118565,2021-05-12,0
usdt_trx,478169,2021-05-13,0
usdt_eth,139794,2021-05-13,0
usdc_eth,46658,2021-05-13,0
dai,9468,2021-05-13,0
usdt_eth,131330,2021-05-14,0
usdc_eth,34658,2021-05-14,0
dai,7324,2021-05-14,0
usdt_trx,480374,2021-05-14,0
usdt_eth,105192,2021-05-15,0
dai,7182,2021-05-15,0
usdc_eth,31154,2021-05-15,0
usdt_trx,394181,2021-05-15,0
usdc_eth,29643,2021-05-16,0
dai,8089,2021-05-16,0
usdt_trx,361022,2021-05-16,0
usdt_eth,94009,2021-05-16,0
usdc_eth,35558,2021-05-17,0
usdt_trx,396966,2021-05-17,0
usdt_eth,114619,2021-05-17,0
dai,8724,2021-05-17,0
usdc_eth,31414,2021-05-18,0
dai,7538,2021-05-18,0
usdt_trx,412174,2021-05-18,0
usdt_eth,97601,2021-05-18,0
dai,11737,2021-05-19,0
usdc_eth,49484,2021-05-19,0
usdt_eth,104945,2021-05-19,0
usdt_trx,434710,2021-05-19,0
usdc_eth,39214,2021-05-20,0
usdt_trx,366697,2021-05-20,0
usdt_eth,111291,2021-05-20,0
dai,10421,2021-05-20,0
usdc_eth,37276,2021-05-21,0
usdt_trx,333603,2021-05-21,0
dai,9577,2021-05-21,0
usdt_eth,100253,2021-05-21,0
usdt_eth,93745,2021-05-22,0
usdt_trx,262101,2021-05-22,0
dai,8705,2021-05-22,0
usdc_eth,35614,2021-05-22,0
usdt_trx,269512,2021-05-23,0
dai,9845,2021-05-23,0
usdt_eth,89999,2021-05-23,0
usdc_eth,36136,2021-05-23,0
usdc_eth,37495,2021-05-24,0
usdt_trx,517575,2021-05-24,0
dai,9001,2021-05-24,0
usdt_eth,100483,2021-05-24,0
usdc_eth,32954,2021-05-25,0
usdt_eth,97942,2021-05-25,0
usdt_trx,275213,2021-05-25,0
dai,8208,2021-05-25,0
usdt_eth,95043,2021-05-26,0
usdc_eth,37461,2021-05-26,0
usdt_trx,295422,2021-05-26,0
dai,8105,2021-05-26,0
usdc_eth,34150,2021-05-27,0
usdt_trx,240156,2021-05-27,0
dai,7692,2021-05-27,0
usdt_eth,90480,2021-05-27,0
usdc_eth,33783,2021-05-28,0
dai,7570,2021-05-28,0
usdt_trx,255903,2021-05-28,0
usdt_eth,89658,2021-05-28,0
usdt_eth,83869,2021-05-29,0
usdc_eth,30931,2021-05-29,0
dai,8159,2021-05-29,0
usdt_trx,523982,2021-05-29,0
usdc_eth,26657,2021-05-30,0
dai,7424,2021-05-30,0
usdt_eth,143948,2021-05-30,0
usdt_trx,786049,2021-05-30,0
dai,9265,2021-05-31,0
usdt_eth,107937,2021-05-31,0
usdc_eth,28331,2021-05-31,0
usdt_trx,241623,2021-05-31,0
usdc_eth,30466,2021-06-01,0
dai,10035,2021-06-01,0
usdt_eth,102659,2021-06-01,0
usdt_trx,271994,2021-06-01,0
usdc_eth,34494,2021-06-02,0
usdt_eth,109548,2021-06-02,0
dai,11291,2021-06-02,0
usdt_trx,323011,2021-06-02,0
usdc_eth,33608,2021-06-03,0
dai,12997,2021-06-03,0
usdt_trx,312990,2021-06-03,0
usdt_eth,99665,2021-06-03,0
usdt_trx,299941,2021-06-04,0
usdc_eth,34299,2021-06-04,0
usdt_eth,109560,2021-06-04,0
dai,7076,2021-06-04,0
usdc_eth,23595,2021-06-05,0
usdt_trx,253147,2021-06-05,0
dai,7584,2021-06-05,0
usdt_eth,88049,2021-06-05,0
usdc_eth,22262,2021-06-06,0
usdt_trx,220996,2021-06-06,0
dai,8476,2021-06-06,0
usdt_eth,74209,2021-06-06,0
usdc_eth,31312,2021-06-07,0
usdt_trx,261190,2021-06-07,0
dai,7946,2021-06-07,0
usdt_eth,96564,2021-06-07,0
usdt_eth,98539,2021-06-08,0
usdt_trx,276253,2021-06-08,0
dai,8010,2021-06-08,0
usdc_eth,34638,2021-06-08,0
usdt_trx,286735,2021-06-09,0
usdt_eth,90580,2021-06-09,0
dai,7178,2021-06-09,0
usdc_eth,28671,2021-06-09,0
usdt_trx,265631,2021-06-10,0
usdt_eth,86852,2021-06-10,0
dai,7859,2021-06-10,0
usdc_eth,30687,2021-06-10,0
dai,6965,2021-06-11,0
usdt_trx,272521,2021-06-11,0
usdc_eth,31409,2021-06-11,0
usdt_eth,85517,2021-06-11,0
usdc_eth,24934,2021-06-12,0
usdt_trx,228636,2021-06-12,0
usdt_eth,75054,2021-06-12,0
dai,8423,2021-06-12,0
usdt_trx,193619,2021-06-13,0
usdt_eth,74846,2021-06-13,0
dai,8066,2021-06-13,0
usdc_eth,23127,2021-06-13,0
dai,7191,2021-06-14,0
usdt_eth,90438,2021-06-14,0
usdc_eth,37647,2021-06-14,0
usdt_trx,231643,2021-06-14,0
dai,7226,2021-06-15,0
usdt_eth,87801,2021-06-15,0
usdc_eth,33593,2021-06-15,0
usdt_trx,246524,2021-06-15,0
usdc_eth,33471,2021-06-16,0
usdt_eth,86182,2021-06-16,0
dai,7521,2021-06-16,0
usdt_trx,245557,2021-06-16,0
dai,7964,2021-06-17,0
usdc_eth,35294,2021-06-17,0
usdt_trx,275332,2021-06-17,0
usdt_eth,101037,2021-06-17,0
usdt_eth,95091,2021-06-18,0
dai,7622,2021-06-18,0
usdc_eth,34190,2021-06-18,0
usdt_trx,262613,2021-06-18,0
usdc_eth,26267,2021-06-19,0
usdt_eth,71847,2021-06-19,0
dai,6869,2021-06-19,0
usdt_trx,219635,2021-06-19,0
usdt_trx,222685,2021-06-20,0
usdt_eth,70661,2021-06-20,0
dai,7673,2021-06-20,0
usdc_eth,26375,2021-06-20,0
dai,8473,2021-06-21,0
usdt_trx,282878,2021-06-21,0
usdc_eth,34265,2021-06-21,0
usdt_eth,95204,2021-06-21,0
usdt_trx,319292,2021-06-22,0
dai,9161,2021-06-22,0
usdc_eth,38743,2021-06-22,0
usdt_eth,105266,2021-06-22,0
dai,8851,2021-06-23,0
usdt_eth,90534,2021-06-23,0
usdc_eth,32300,2021-06-23,0
usdt_trx,227861,2021-06-23,0
usdt_trx,245542,2021-06-24,0
usdc_eth,30705,2021-06-24,0
dai,8208,2021-06-24,0
usdt_eth,91895,2021-06-24,0
usdt_trx,232321,2021-06-25,0
usdc_eth,29009,2021-06-25,0
dai,7086,2021-06-25,0
usdt_eth,101681,2021-06-25,0
usdc_eth,26980,2021-06-26,0
usdt_trx,214689,2021-06-26,0
usdt_eth,87461,2021-06-26,0
dai,8657,2021-06-26,0
usdc_eth,23491,2021-06-27,0
usdt_trx,200651,2021-06-27,0
dai,7772,2021-06-27,0
usdt_eth,69159,2021-06-27,0
usdc_eth,28931,2021-06-28,0
usdt_eth,84876,2021-06-28,0
usdt_trx,228070,2021-06-28,0
dai,7272,2021-06-28,0
dai,9060,2021-06-29,0
usdt_trx,249967,2021-06-29,0
usdc_eth,37181,2021-06-29,0
usdt_eth,91624,2021-06-29,0
usdt_trx,254524,2021-06-30,0
usdc_eth,28763,2021-06-30,0
usdt_eth,84913,2021-06-30,0
dai,8186,2021-06-30,0
usdc_eth,26413,2021-07-01,0
usdt_trx,309079,2021-07-01,0
dai,8217,2021-07-01,0
usdt_eth,85698,2021-07-01,0
dai,7461,2021-07-02,0
usdc_eth,27462,2021-07-02,0
usdt_trx,271813,2021-07-02,0
usdt_eth,87102,2021-07-02,0
usdc_eth,24751,2021-07-03,0
usdt_trx,211350,2021-07-03,0
usdt_eth,80650,2021-07-03,0
dai,5999,2021-07-03,0
usdc_eth,25203,2021-07-04,0
usdt_eth,72770,2021-07-04,0
usdt_trx,228021,2021-07-04,0
dai,6371,2021-07-04,0
dai,7204,2021-07-05,0
usdc_eth,24422,2021-07-05,0
usdt_eth,85874,2021-07-05,0
usdt_trx,255550,2021-07-05,0
usdt_trx,364287,2021-07-06,0
usdt_eth,82005,2021-07-06,0
dai,5576,2021-07-06,0
usdc_eth,25193,2021-07-06,0
dai,5923,2021-07-07,0
usdt_trx,305932,2021-07-07,0
usdt_eth,86368,2021-07-07,0
usdc_eth,25344,2021-07-07,0
usdt_trx,256797,2021-07-08,0
usdt_eth,89798,2021-07-08,0
dai,5928,2021-07-08,0
usdc_eth,27724,2021-07-08,0
usdt_trx,259460,2021-07-09,0
usdt_eth,90792,2021-07-09,0
usdc_eth,26427,2021-07-09,0
dai,7269,2021-07-09,0
usdt_eth,72465,2021-07-10,0
dai,4889,2021-07-10,0
usdc_eth,22824,2021-07-10,0
usdt_trx,232034,2021-07-10,0
dai,4822,2021-07-11,0
usdc_eth,21678,2021-07-11,0
usdt_eth,70157,2021-07-11,0
usdt_trx,213954,2021-07-11,0
usdt_trx,236273,2021-07-12,0
dai,5566,2021-07-12,0
usdt_eth,84323,2021-07-12,0
usdc_eth,26530,2021-07-12,0
usdt_trx,220709,2021-07-13,0
usdt_eth,75673,2021-07-13,0
dai,5424,2021-07-13,0
usdc_eth,28611,2021-07-13,0
usdc_eth,30599,2021-07-14,0
usdt_trx,222372,2021-07-14,0
dai,5549,2021-07-14,0
usdt_eth,80805,2021-07-14,0
usdt_eth,76250,2021-07-15,0
usdc_eth,27555,2021-07-15,0
dai,5156,2021-07-15,0
usdt_trx,228600,2021-07-15,0
usdt_eth,76043,2021-07-16,0
dai,4998,2021-07-16,0
usdt_trx,273517,2021-07-16,0
usdc_eth,28095,2021-07-16,0
dai,4966,2021-07-17,0
usdt_trx,203707,2021-07-17,0
usdc_eth,23221,2021-07-17,0
usdt_eth,64004,2021-07-17,0
usdt_eth,60039,2021-07-18,0
usdc_eth,19813,2021-07-18,0
dai,5196,2021-07-18,0
usdt_trx,210265,2021-07-18,0
usdt_eth,78127,2021-07-19,0
usdc_eth,28629,2021-07-19,0
dai,5993,2021-07-19,0
usdt_trx,229122,2021-07-19,0
dai,6897,2021-07-20,0
usdt_eth,80624,2021-07-20,0
usdc_eth,32942,2021-07-20,0
usdt_trx,228775,2021-07-20,0
usdt_eth,78582,2021-07-21,0
dai,8000,2021-07-21,0
usdt_trx,246654,2021-07-21,0
usdc_eth,30878,2021-07-21,0
usdt_trx,212056,2021-07-22,0
usdt_eth,69650,2021-07-22,0
usdc_eth,27301,2021-07-22,0
dai,5799,2021-07-22,0
usdt_trx,223457,2021-07-23,0
usdt_eth,70941,2021-07-23,0
dai,6284,2021-07-23,0
usdc_eth,26400,2021-07-23,0
dai,6692,2021-07-24,0
usdt_eth,67421,2021-07-24,0
usdt_trx,229898,2021-07-24,0
usdc_eth,24617,2021-07-24,0
usdc_eth,21041,2021-07-25,0
dai,4960,2021-07-25,0
usdt_eth,59747,2021-07-25,0
usdt_trx,292002,2021-07-25,0
usdc_eth,34164,2021-07-26,0
usdt_eth,83532,2021-07-26,0
dai,7386,2021-07-26,0
usdt_trx,294445,2021-07-26,0
usdc_eth,32943,2021-07-27,0
usdt_eth,82922,2021-07-27,0
dai,5537,2021-07-27,0
usdt_trx,266183,2021-07-27,0
usdt_trx,260116,2021-07-28,0
usdc_eth,30415,2021-07-28,0
dai,5276,2021-07-28,0
usdt_eth,76690,2021-07-28,0
usdt_trx,267234,2021-07-29,0
usdt_eth,84502,2021-07-29,0
dai,5801,2021-07-29,0
usdc_eth,28689,2021-07-29,0
usdt_trx,360078,2021-07-30,0
usdt_eth,84118,2021-07-30,0
dai,5750,2021-07-30,0
usdc_eth,29879,2021-07-30,0
usdc_eth,29191,2021-07-31,0
usdt_eth,69142,2021-07-31,0
dai,5662,2021-07-31,0
usdt_trx,267593,2021-07-31,0
usdt_eth,65852,2021-08-01,0
usdc_eth,24714,2021-08-01,0
usdt_trx,260290,2021-08-01,0
dai,5669,2021-08-01,0
usdt_trx,299676,2021-08-02,0
usdc_eth,30374,2021-08-02,0
dai,7082,2021-08-02,0
usdt_eth,96790,2021-08-02,0
usdc_eth,29660,2021-08-03,0
dai,5431,2021-08-03,0
usdt_eth,75900,2021-08-03,0
usdt_trx,417120,2021-08-03,0
usdt_trx,336758,2021-08-04,0
usdt_eth,79219,2021-08-04,0
dai,6574,2021-08-04,0
usdc_eth,31414,2021-08-04,0
usdt_eth,66023,2021-08-05,0
usdt_trx,313801,2021-08-05,0
usdc_eth,26511,2021-08-05,0
dai,5006,2021-08-05,0
usdt_eth,75639,2021-08-06,0
usdt_trx,362597,2021-08-06,0
usdc_eth,30209,2021-08-06,0
dai,5552,2021-08-06,0
dai,5276,2021-08-07,0
usdc_eth,27789,2021-08-07,0
usdt_eth,75020,2021-08-07,0
usdt_trx,331076,2021-08-07,0
usdc_eth,26935,2021-08-08,0
usdt_eth,61670,2021-08-08,0
usdt_trx,295418,2021-08-08,0
dai,5374,2021-08-08,0
dai,5645,2021-08-09,0
usdt_eth,72799,2021-08-09,0
usdc_eth,29627,2021-08-09,0
usdt_trx,351589,2021-08-09,0
dai,5835,2021-08-10,0
usdt_eth,76857,2021-08-10,0
usdc_eth,28963,2021-08-10,0
usdt_trx,338758,2021-08-10,0
usdt_trx,373844,2021-08-11,0
usdt_eth,80344,2021-08-11,0
usdc_eth,31397,2021-08-11,0
dai,6264,2021-08-11,0
dai,5716,2021-08-12,0
usdc_eth,34194,2021-08-12,0
usdt_eth,77622,2021-08-12,0
usdt_trx,357959,2021-08-12,0
dai,7299,2021-08-13,0
usdt_eth,77428,2021-08-13,0
usdt_trx,378103,2021-08-13,0
usdc_eth,29728,2021-08-13,0
usdt_eth,66925,2021-08-14,0
dai,7142,2021-08-14,0
usdt_trx,374165,2021-08-14,0
usdc_eth,26050,2021-08-14,0
dai,4760,2021-08-15,0
usdt_trx,383320,2021-08-15,0
usdt_eth,62163,2021-08-15,0
usdc_eth,24128,2021-08-15,0
usdt_eth,79249,2021-08-16,0
dai,5922,2021-08-16,0
usdc_eth,31245,2021-08-16,0
usdt_trx,389141,2021-08-16,0
usdc_eth,30448,2021-08-17,0
dai,5986,2021-08-17,0
usdt_trx,324037,2021-08-17,0
usdt_eth,79223,2021-08-17,0
usdc_eth,31050,2021-08-18,0
dai,5982,2021-08-18,0
usdt_eth,75879,2021-08-18,0
usdt_trx,307992,2021-08-18,0
usdc_eth,36110,2021-08-19,0
dai,6228,2021-08-19,0
usdt_eth,79937,2021-08-19,0
usdt_trx,316328,2021-08-19,0
dai,6147,2021-08-20,0
usdt_eth,84548,2021-08-20,0
usdc_eth,32631,2021-08-20,0
usdt_trx,376338,2021-08-20,0
usdt_trx,316624,2021-08-21,0
usdt_eth,68560,2021-08-21,0
usdc_eth,27014,2021-08-21,0
dai,5583,2021-08-21,0
usdt_eth,65313,2021-08-22,0
usdc_eth,27262,2021-08-22,0
usdt_trx,342757,2021-08-22,0
dai,5191,2021-08-22,0
dai,5427,2021-08-23,0
usdc_eth,30157,2021-08-23,0
usdt_eth,80062,2021-08-23,0
usdt_trx,374416,2021-08-23,0
usdt_eth,76912,2021-08-24,0
dai,4827,2021-08-24,0
usdc_eth,30124,2021-08-24,0
usdt_trx,348188,2021-08-24,0
dai,4548,2021-08-25,0
usdc_eth,27071,2021-08-25,0
usdt_eth,77999,2021-08-25,0
usdt_trx,344148,2021-08-25,0
usdt_eth,73025,2021-08-26,0
usdc_eth,26462,2021-08-26,0
dai,4538,2021-08-26,0
usdt_trx,319993,2021-08-26,0
dai,4187,2021-08-27,0
usdt_trx,354334,2021-08-27,0
usdc_eth,25121,2021-08-27,0
usdt_eth,69968,2021-08-27,0
usdc_eth,23713,2021-08-28,0
dai,4284,2021-08-28,0
usdt_trx,305361,2021-08-28,0
usdt_eth,60770,2021-08-28,0
usdc_eth,22521,2021-08-29,0
dai,3937,2021-08-29,0
usdt_trx,317933,2021-08-29,0
usdt_eth,56096,2021-08-29,0
dai,4461,2021-08-30,0
usdt_trx,344744,2021-08-30,0
usdt_eth,70921,2021-08-30,0
usdc_eth,30590,2021-08-30,0
usdt_trx,357095,2021-08-31,0
dai,4841,2021-08-31,0
usdc_eth,31343,2021-08-31,0
usdt_eth,74395,2021-08-31,0
usdc_eth,32522,2021-09-01,0
usdt_eth,80548,2021-09-01,0
dai,5119,2021-09-01,0
usdt_trx,357228,2021-09-01,0
usdt_trx,365637,2021-09-02,0
usdt_eth,85267,2021-09-02,0
dai,5160,2021-09-02,0
usdc_eth,36163,2021-09-02,0
usdt_eth,76842,2021-09-03,0
dai,4544,2021-09-03,0
usdt_trx,396245,2021-09-03,0
usdc_eth,30571,2021-09-03,0
dai,3837,2021-09-04,0
usdt_eth,64046,2021-09-04,0
usdt_trx,369994,2021-09-04,0
usdc_eth,25714,2021-09-04,0
usdc_eth,23768,2021-09-05,0
usdt_trx,365183,2021-09-05,0
usdt_eth,63267,2021-09-05,0
dai,3881,2021-09-05,0
usdt_trx,440255,2021-09-06,0
dai,4593,2021-09-06,0
usdt_eth,78229,2021-09-06,0
usdc_eth,30236,2021-09-06,0
usdc_eth,37864,2021-09-07,0
usdt_trx,456095,2021-09-07,0
usdt_eth,91866,2021-09-07,0
dai,5957,2021-09-07,0
usdc_eth,37559,2021-09-08,0
usdt_eth,83176,2021-09-08,0
usdt_trx,416008,2021-09-08,0
dai,5317,2021-09-08,0
usdc_eth,37265,2021-09-09,0
usdt_trx,372623,2021-09-09,0
dai,5126,2021-09-09,0
usdt_eth,78279,2021-09-09,0
dai,5700,2021-09-10,0
usdt_eth,81981,2021-09-10,0
usdt_trx,398161,2021-09-10,0
usdc_eth,40628,2021-09-10,0
dai,5956,2021-09-11,0
usdt_trx,326931,2021-09-11,0
usdt_eth,71240,2021-09-11,0
usdc_eth,33872,2021-09-11,0
usdt_trx,340538,2021-09-12,0
dai,5530,2021-09-12,0
usdc_eth,28879,2021-09-12,0
usdt_eth,59525,2021-09-12,0
usdt_eth,73396,2021-09-13,0
dai,5744,2021-09-13,0
usdt_trx,387517,2021-09-13,0
usdc_eth,34044,2021-09-13,0
usdt_trx,347675,2021-09-14,0
usdt_eth,75033,2021-09-14,0
dai,5878,2021-09-14,0
usdc_eth,33515,2021-09-14,0
usdt_eth,73060,2021-09-15,0
dai,5480,2021-09-15,0
usdc_eth,32530,2021-09-15,0
usdt_trx,356556,2021-09-15,0
usdt_eth,72034,2021-09-16,0
usdt_trx,397712,2021-09-16,0
dai,5373,2021-09-16,0
usdc_eth,32110,2021-09-16,0
usdt_trx,355088,2021-09-17,0
usdc_eth,30555,2021-09-17,0
dai,5222,2021-09-17,0
usdt_eth,86246,2021-09-17,0
dai,5295,2021-09-18,0
usdc_eth,26556,2021-09-18,0
usdt_eth,61449,2021-09-18,0
usdt_trx,309248,2021-09-18,0
usdc_eth,23947,2021-09-19,0
dai,5211,2021-09-19,0
usdt_eth,58686,2021-09-19,0
usdt_trx,296283,2021-09-19,0
usdc_eth,36273,2021-09-20,0
dai,6648,2021-09-20,0
usdt_eth,76159,2021-09-20,0
usdt_trx,406686,2021-09-20,0
usdc_eth,33214,2021-09-21,0
dai,6465,2021-09-21,0
usdt_trx,329394,2021-09-21,0
usdt_eth,72327,2021-09-21,0
dai,6858,2021-09-22,0
usdt_trx,345999,2021-09-22,0
usdt_eth,72255,2021-09-22,0
usdc_eth,32399,2021-09-22,0
usdt_eth,67465,2021-09-23,0
dai,6016,2021-09-23,0
usdc_eth,26925,2021-09-23,0
usdt_trx,332228,2021-09-23,0
usdt_trx,399740,2021-09-24,0
dai,5171,2021-09-24,0
usdc_eth,27513,2021-09-24,0
usdt_eth,72615,2021-09-24,0
dai,4767,2021-09-25,0
usdc_eth,22981,2021-09-25,0
usdt_trx,309565,2021-09-25,0
usdt_eth,54242,2021-09-25,0
usdt_eth,55813,2021-09-26,0
usdc_eth,20460,2021-09-26,0
usdt_trx,353086,2021-09-26,0
dai,4024,2021-09-26,0
usdt_trx,330722,2021-09-27,0
usdt_eth,65893,2021-09-27,0
usdc_eth,25927,2021-09-27,0
dai,4367,2021-09-27,0
usdt_trx,336786,2021-09-28,0
usdc_eth,28887,2021-09-28,0
usdt_eth,61820,2021-09-28,0
dai,4432,2021-09-28,0
usdc_eth,30576,2021-09-29,0
usdt_trx,319922,2021-09-29,0
usdt_eth,66264,2021-09-29,0
dai,4816,2021-09-29,0
usdt_eth,63057,2021-09-30,0
dai,4857,2021-09-30,0
usdt_trx,355442,2021-09-30,0
usdc_eth,28041,2021-09-30,0
usdc_eth,35593,2021-10-01,0
dai,5560,2021-10-01,0
usdt_trx,332459,2021-10-01,0
usdt_eth,69786,2021-10-01,0
usdc_eth,29062,2021-10-02,0
usdt_trx,318590,2021-10-02,0
usdt_eth,56134,2021-10-02,0
dai,5148,2021-10-02,0
usdt_eth,55270,2021-10-03,0
usdc_eth,23543,2021-10-03,0
usdt_trx,301566,2021-10-03,0
dai,4988,2021-10-03,0
usdt_trx,378831,2021-10-04,0
usdt_eth,61886,2021-10-04,0
dai,5331,2021-10-04,0
usdc_eth,30044,2021-10-04,0
usdt_trx,386298,2021-10-05,0
dai,5178,2021-10-05,0
usdc_eth,31922,2021-10-05,0
usdt_eth,71065,2021-10-05,0
usdt_trx,407679,2021-10-06,0
dai,4742,2021-10-06,0
usdc_eth,30387,2021-10-06,0
usdt_eth,69236,2021-10-06,0
usdt_eth,95345,2021-10-07,0
usdc_eth,30653,2021-10-07,0
usdt_trx,456095,2021-10-07,0
dai,4894,2021-10-07,0
usdc_eth,29734,2021-10-08,0
usdt_trx,422333,2021-10-08,0
usdt_eth,75913,2021-10-08,0
dai,4836,2021-10-08,0
usdt_trx,387120,2021-10-09,0
usdt_eth,65343,2021-10-09,0
dai,5480,2021-10-09,0
usdc_eth,29068,2021-10-09,0
usdt_trx,364560,2021-10-10,0
dai,4915,2021-10-10,0
usdc_eth,30443,2021-10-10,0
usdt_eth,61202,2021-10-10,0
usdt_trx,426688,2021-10-11,0
dai,5196,2021-10-11,0
usdc_eth,28920,2021-10-11,0
usdt_eth,91157,2021-10-11,0
usdt_trx,400888,2021-10-12,0
usdt_eth,72034,2021-10-12,0
dai,5579,2021-10-12,0
usdc_eth,30709,2021-10-12,0
usdt_eth,68444,2021-10-13,0
dai,4835,2021-10-13,0
usdc_eth,31144,2021-10-13,0
usdt_trx,410409,2021-10-13,0
usdc_eth,31229,2021-10-14,0
usdt_eth,70004,2021-10-14,0
dai,4907,2021-10-14,0
usdt_trx,422436,2021-10-14,0
usdt_trx,428606,2021-10-15,0
usdc_eth,33979,2021-10-15,0
usdt_eth,71622,2021-10-15,0
dai,6089,2021-10-15,0
dai,5053,2021-10-16,0
usdt_trx,383296,2021-10-16,0
usdc_eth,28807,2021-10-16,0
usdt_eth,60382,2021-10-16,0
usdt_trx,354200,2021-10-17,0
usdc_eth,29500,2021-10-17,0
dai,4845,2021-10-17,0
usdt_eth,55344,2021-10-17,0
dai,5583,2021-10-18,0
usdt_eth,71232,2021-10-18,0
usdt_trx,425506,2021-10-18,0
usdc_eth,35718,2021-10-18,0
usdt_eth,76318,2021-10-19,0
usdt_trx,437457,2021-10-19,0
usdc_eth,33864,2021-10-19,0
dai,5624,2021-10-19,0
usdc_eth,35871,2021-10-20,0
usdt_eth,77193,2021-10-20,0
usdt_trx,440860,2021-10-20,0
dai,6719,2021-10-20,0
usdt_eth,80537,2021-10-21,0
usdc_eth,33066,2021-10-21,0
dai,5906,2021-10-21,0
usdt_trx,447241,2021-10-21,0
usdt_trx,437374,2021-10-22,0
usdt_eth,77549,2021-10-22,0
usdc_eth,30712,2021-10-22,0
dai,5471,2021-10-22,0
usdt_trx,409272,2021-10-23,0
usdc_eth,26188,2021-10-23,0
dai,4942,2021-10-23,0
usdt_eth,59028,2021-10-23,0
usdt_trx,402049,2021-10-24,0
usdt_eth,66265,2021-10-24,0
usdc_eth,25446,2021-10-24,0
dai,4833,2021-10-24,0
usdc_eth,31925,2021-10-25,0
usdt_eth,75764,2021-10-25,0
usdt_trx,487166,2021-10-25,0
dai,5254,2021-10-25,0
dai,5456,2021-10-26,0
usdt_eth,82952,2021-10-26,0
usdt_trx,503044,2021-10-26,0
usdc_eth,30939,2021-10-26,0
usdc_eth,32437,2021-10-27,0
usdt_trx,550389,2021-10-27,0
usdt_eth,88974,2021-10-27,0
dai,5104,2021-10-27,0
usdc_eth,34665,2021-10-28,0
usdt_trx,562703,2021-10-28,0
usdt_eth,111646,2021-10-28,0
dai,5092,2021-10-28,0
usdc_eth,37187,2021-10-29,0
dai,5331,2021-10-29,0
usdt_trx,615678,2021-10-29,0
usdt_eth,113415,2021-10-29,0
usdc_eth,29620,2021-10-30,0
usdt_trx,560808,2021-10-30,0
usdt_eth,93706,2021-10-30,0
dai,4688,2021-10-30,0
usdt_eth,94065,2021-10-31,0
usdc_eth,26672,2021-10-31,0
usdt_trx,521402,2021-10-31,0
dai,4476,2021-10-31,0
usdc_eth,34223,2021-11-01,0
usdt_trx,531109,2021-11-01,0
usdt_eth,102761,2021-11-01,0
dai,5034,2021-11-01,0
usdt_eth,104196,2021-11-02,0
dai,5524,2021-11-02,0
usdc_eth,37957,2021-11-02,0
usdt_trx,606214,2021-11-02,0
usdt_trx,574553,2021-11-03,0
dai,5683,2021-11-03,0
usdt_eth,120977,2021-11-03,0
usdc_eth,36310,2021-11-03,0
usdt_trx,590240,2021-11-04,0
dai,6170,2021-11-04,0
usdt_eth,102155,2021-11-04,0
usdc_eth,36191,2021-11-04,0
dai,5586,2021-11-05,0
usdc_eth,32995,2021-11-05,0
usdt_eth,92494,2021-11-05,0
usdt_trx,605285,2021-11-05,0
usdt_eth,79627,2021-11-06,0
dai,5125,2021-11-06,0
usdt_trx,467103,2021-11-06,0
usdc_eth,34451,2021-11-06,0
dai,5322,2021-11-07,0
usdt_trx,470509,2021-11-07,0
usdc_eth,31113,2021-11-07,0
usdt_eth,79226,2021-11-07,0
usdt_trx,584701,2021-11-08,0
usdt_eth,97221,2021-11-08,0
usdc_eth,34621,2021-11-08,0
dai,5910,2021-11-08,0
dai,5141,2021-11-09,0
usdt_trx,591225,2021-11-09,0
usdt_eth,86263,2021-11-09,0
usdc_eth,34454,2021-11-09,0
dai,5656,2021-11-10,0
usdt_eth,93017,2021-11-10,0
usdc_eth,34770,2021-11-10,0
usdt_trx,576346,2021-11-10,0
usdt_trx,552760,2021-11-11,0
dai,5165,2021-11-11,0
usdc_eth,31978,2021-11-11,0
usdt_eth,86814,2021-11-11,0
usdc_eth,31433,2021-11-12,0
usdt_trx,578452,2021-11-12,0
dai,4898,2021-11-12,0
usdt_eth,87696,2021-11-12,0
usdc_eth,26932,2021-11-13,0
usdt_trx,476868,2021-11-13,0
dai,4554,2021-11-13,0
usdt_eth,79634,2021-11-13,0
dai,4895,2021-11-14,0
usdt_trx,466323,2021-11-14,0
usdc_eth,27347,2021-11-14,0
usdt_eth,74624,2021-11-14,0
usdc_eth,37731,2021-11-15,0
usdt_trx,833560,2021-11-15,0
dai,5050,2021-11-15,0
usdt_eth,77647,2021-11-15,0
usdt_eth,96541,2021-11-16,0
dai,6432,2021-11-16,0
usdc_eth,44063,2021-11-16,0
usdt_trx,642598,2021-11-16,0
usdc_eth,33442,2021-11-17,0
usdt_eth,82503,2021-11-17,0
usdt_trx,527373,2021-11-17,0
dai,5905,2021-11-17,0
usdc_eth,33922,2021-11-18,0
usdt_eth,83793,2021-11-18,0
usdt_trx,559795,2021-11-18,0
dai,5727,2021-11-18,0
dai,5968,2021-11-19,0
usdt_eth,81106,2021-11-19,0
usdt_trx,588338,2021-11-19,0
usdc_eth,31782,2021-11-19,0
usdc_eth,28100,2021-11-20,0
usdt_eth,66863,2021-11-20,0
usdt_trx,453841,2021-11-20,0
dai,5047,2021-11-20,0
dai,5359,2021-11-21,0
usdc_eth,28253,2021-11-21,0
usdt_trx,462328,2021-11-21,0
usdt_eth,81617,2021-11-21,0
dai,4747,2021-11-22,0
usdt_eth,74065,2021-11-22,0
usdt_trx,544197,2021-11-22,0
usdc_eth,29726,2021-11-22,0
usdt_trx,527692,2021-11-23,0
usdc_eth,31613,2021-11-23,0
usdt_eth,79388,2021-11-23,0
dai,5052,2021-11-23,0
usdt_eth,82973,2021-11-24,0
usdc_eth,32007,2021-11-24,0
dai,5532,2021-11-24,0
usdt_trx,580129,2021-11-24,0
usdt_trx,631228,2021-11-25,0
usdc_eth,29646,2021-11-25,0
dai,5283,2021-11-25,0
usdt_eth,82145,2021-11-25,0
usdt_trx,610120,2021-11-26,0
usdc_eth,39362,2021-11-26,0
usdt_eth,85941,2021-11-26,0
dai,6128,2021-11-26,0
usdt_trx,486523,2021-11-27,0
usdt_eth,63428,2021-11-27,0
dai,4917,2021-11-27,0
usdc_eth,27966,2021-11-27,0
usdt_eth,63050,2021-11-28,0
usdc_eth,24763,2021-11-28,0
dai,4800,2021-11-28,0
usdt_trx,446361,2021-11-28,0
dai,6067,2021-11-29,0
usdt_eth,73280,2021-11-29,0
usdt_trx,549505,2021-11-29,0
usdc_eth,29925,2021-11-29,0
dai,8818,2021-11-30,0
usdc_eth,32380,2021-11-30,0
usdt_eth,77209,2021-11-30,0
usdt_trx,640869,2021-11-30,0
dai,6379,2021-12-01,0
usdc_eth,35892,2021-12-01,0
usdt_eth,81231,2021-12-01,0
usdt_trx,639075,2021-12-01,0
usdt_trx,548086,2021-12-02,0
usdc_eth,35056,2021-12-02,0
dai,6292,2021-12-02,0
usdt_eth,79737,2021-12-02,0
dai,6080,2021-12-03,0
usdt_eth,76345,2021-12-03,0
usdc_eth,35341,2021-12-03,0
usdt_trx,741010,2021-12-03,0
usdt_eth,92092,2021-12-04,0
usdc_eth,42047,2021-12-04,0
usdt_trx,617262,2021-12-04,0
dai,7091,2021-12-04,0
usdt_eth,77165,2021-12-05,0
usdt_trx,473443,2021-12-05,0
usdc_eth,29899,2021-12-05,0
dai,5120,2021-12-05,0
usdt_trx,580985,2021-12-06,0
usdt_eth,88211,2021-12-06,0
dai,5829,2021-12-06,0
usdc_eth,39866,2021-12-06,0
usdt_trx,567392,2021-12-07,0
dai,5193,2021-12-07,0
usdt_eth,84444,2021-12-07,0
usdc_eth,34638,2021-12-07,0
usdt_trx,519844,2021-12-08,0
dai,5315,2021-12-08,0
usdt_eth,82730,2021-12-08,0
usdc_eth,35997,2021-12-08,0
usdt_trx,511874,2021-12-09,0
dai,5190,2021-12-09,0
usdc_eth,36065,2021-12-09,0
usdt_eth,79554,2021-12-09,0
usdt_trx,543383,2021-12-10,0
dai,5374,2021-12-10,0
usdt_eth,78861,2021-12-10,0
usdc_eth,34184,2021-12-10,0
usdc_eth,27033,2021-12-11,0
usdt_trx,421387,2021-12-11,0
dai,4925,2021-12-11,0
usdt_eth,67296,2021-12-11,0
usdt_eth,63076,2021-12-12,0
usdc_eth,23962,2021-12-12,0
usdt_trx,461825,2021-12-12,0
dai,5200,2021-12-12,0
usdt_trx,542100,2021-12-13,0
usdc_eth,31858,2021-12-13,0
usdt_eth,77218,2021-12-13,0
dai,6289,2021-12-13,0
usdc_eth,40095,2021-12-14,0
usdt_eth,79171,2021-12-14,0
usdt_trx,542445,2021-12-14,0
dai,6133,2021-12-14,0
usdc_eth,32004,2021-12-15,0
usdt_eth,81179,2021-12-15,0
usdt_trx,539902,2021-12-15,0
dai,5939,2021-12-15,0
usdt_eth,73049,2021-12-16,0
usdc_eth,31760,2021-12-16,0
dai,5551,2021-12-16,0
usdt_trx,478456,2021-12-16,0
dai,5535,2021-12-17,0
usdt_trx,477394,2021-12-17,0
usdc_eth,39895,2021-12-17,0
usdt_eth,70139,2021-12-17,0
usdc_eth,29251,2021-12-18,0
dai,4652,2021-12-18,0
usdt_eth,54171,2021-12-18,0
usdt_trx,426556,2021-12-18,0
usdt_eth,51008,2021-12-19,0
dai,4140,2021-12-19,0
usdc_eth,27448,2021-12-19,0
usdt_trx,402685,2021-12-19,0
dai,4664,2021-12-20,0
usdt_trx,538291,2021-12-20,0
usdc_eth,32369,2021-12-20,0
usdt_eth,66132,2021-12-20,0
usdc_eth,38252,2021-12-21,0
usdt_trx,517181,2021-12-21,0
dai,4864,2021-12-21,0
usdt_eth,61976,2021-12-21,0
usdt_eth,64967,2021-12-22,0
usdc_eth,32799,2021-12-22,0
usdt_trx,522154,2021-12-22,0
dai,4398,2021-12-22,0
dai,4238,2021-12-23,0
usdc_eth,30014,2021-12-23,0
usdt_trx,484564,2021-12-23,0
usdt_eth,66524,2021-12-23,0
usdc_eth,32054,2021-12-24,0
usdt_trx,791506,2021-12-24,0
dai,4654,2021-12-24,0
usdt_eth,62665,2021-12-24,0
usdc_eth,23041,2021-12-25,0
dai,3341,2021-12-25,0
usdt_trx,374989,2021-12-25,0
usdt_eth,48501,2021-12-25,0
usdt_eth,49939,2021-12-26,0
usdc_eth,24775,2021-12-26,0
usdt_trx,387397,2021-12-26,0
dai,4234,2021-12-26,0
dai,4394,2021-12-27,0
usdc_eth,30169,2021-12-27,0
usdt_trx,454768,2021-12-27,0
usdt_eth,64839,2021-12-27,0
usdc_eth,29088,2021-12-28,0
dai,5016,2021-12-28,0
usdt_trx,465892,2021-12-28,0
usdt_eth,68534,2021-12-28,0
usdt_trx,473143,2021-12-29,0
usdc_eth,30732,2021-12-29,0
dai,3807,2021-12-29,0
usdt_eth,67532,2021-12-29,0
usdc_eth,34013,2021-12-30,0
usdt_trx,507064,2021-12-30,0
dai,4376,2021-12-30,0
usdt_eth,72232,2021-12-30,0
usdt_eth,61761,2021-12-31,0
dai,4210,2021-12-31,0
usdc_eth,31136,2021-12-31,0
usdt_trx,426032,2021-12-31,0
usdc_eth,23130,2022-01-01,0
usdt_eth,47934,2022-01-01,0
dai,3426,2022-01-01,0
usdt_trx,341734,2022-01-01,0
usdc_eth,20941,2022-01-02,0
dai,3312,2022-01-02,0
usdt_trx,392341,2022-01-02,0
usdt_eth,48528,2022-01-02,0
usdt_eth,67233,2022-01-03,0
usdt_trx,442008,2022-01-03,0
usdc_eth,29067,2022-01-03,0
dai,4114,2022-01-03,0
usdt_trx,477430,2022-01-04,0
usdt_eth,68026,2022-01-04,0
dai,3754,2022-01-04,0
usdc_eth,29763,2022-01-04,0
usdt_eth,71868,2022-01-05,0
usdc_eth,32298,2022-01-05,0
usdt_trx,533209,2022-01-05,0
dai,4141,2022-01-05,0
usdc_eth,31749,2022-01-06,0
usdt_eth,66761,2022-01-06,0
dai,4911,2022-01-06,0
usdt_trx,476269,2022-01-06,0
dai,4770,2022-01-07,0
usdc_eth,30925,2022-01-07,0
usdt_trx,497139,2022-01-07,0
usdt_eth,63671,2022-01-07,0
usdc_eth,26327,2022-01-08,0
usdt_eth,54157,2022-01-08,0
dai,4261,2022-01-08,0
usdt_trx,418784,2022-01-08,0
dai,3132,2022-01-09,0
usdt_trx,400416,2022-01-09,0
usdc_eth,21073,2022-01-09,0
usdt_eth,43115,2022-01-09,0
usdt_eth,53708,2022-01-10,0
dai,3733,2022-01-10,0
usdc_eth,25811,2022-01-10,0
usdt_trx,486280,2022-01-10,0
usdc_eth,26656,2022-01-11,0
usdt_trx,470171,2022-01-11,0
dai,3630,2022-01-11,0
usdt_eth,58788,2022-01-11,0
usdt_eth,57818,2022-01-12,0
usdt_trx,493149,2022-01-12,0
dai,3705,2022-01-12,0
usdc_eth,26748,2022-01-12,0
usdt_trx,445054,2022-01-13,0
dai,3351,2022-01-13,0
usdc_eth,25327,2022-01-13,0
usdt_eth,54391,2022-01-13,0
usdt_eth,54028,2022-01-14,0
usdt_trx,446187,2022-01-14,0
usdc_eth,27155,2022-01-14,0
dai,3327,2022-01-14,0
dai,3148,2022-01-15,0
usdt_trx,445750,2022-01-15,0
usdc_eth,22588,2022-01-15,0
usdt_eth,43658,2022-01-15,0
usdt_eth,42297,2022-01-16,0
usdc_eth,19873,2022-01-16,0
usdt_trx,424366,2022-01-16,0
dai,3097,2022-01-16,0
dai,4332,2022-01-17,0
usdt_eth,51812,2022-01-17,0
usdc_eth,24843,2022-01-17,0
usdt_trx,535134,2022-01-17,0
usdc_eth,26372,2022-01-18,0
usdt_eth,54395,2022-01-18,0
usdt_trx,527776,2022-01-18,0
dai,4230,2022-01-18,0
dai,4297,2022-01-19,0
usdc_eth,25595,2022-01-19,0
usdt_trx,477825,2022-01-19,0
usdt_eth,53455,2022-01-19,0
dai,3867,2022-01-20,0
usdt_trx,484784,2022-01-20,0
usdc_eth,26761,2022-01-20,0
usdt_eth,51109,2022-01-20,0
dai,5652,2022-01-21,0
usdc_eth,34621,2022-01-21,0
usdt_trx,518859,2022-01-21,0
usdt_eth,62544,2022-01-21,0
usdc_eth,44164,2022-01-22,0
dai,6868,2022-01-22,0
usdt_trx,530067,2022-01-22,0
usdt_eth,66614,2022-01-22,0
usdt_eth,49113,2022-01-23,0
usdt_trx,423733,2022-01-23,0
usdc_eth,32827,2022-01-23,0
dai,4174,2022-01-23,0
usdt_eth,57469,2022-01-24,0
usdt_trx,522008,2022-01-24,0
usdc_eth,37142,2022-01-24,0
dai,5511,2022-01-24,0
dai,4248,2022-01-25,0
usdt_trx,600794,2022-01-25,0
usdt_eth,54632,2022-01-25,0
usdc_eth,29488,2022-01-25,0
dai,4092,2022-01-26,0
usdc_eth,28754,2022-01-26,0
usdt_trx,619417,2022-01-26,0
usdt_eth,53449,2022-01-26,0
usdt_trx,470468,2022-01-27,0
usdt_eth,50419,2022-01-27,0
dai,3764,2022-01-27,0
usdc_eth,28593,2022-01-27,0
usdt_eth,49355,2022-01-28,0
dai,3688,2022-01-28,0
usdc_eth,26809,2022-01-28,0
usdt_trx,468794,2022-01-28,0
usdt_eth,45061,2022-01-29,0
dai,3314,2022-01-29,0
usdc_eth,22538,2022-01-29,0
usdt_trx,424632,2022-01-29,0
usdc_eth,21477,2022-01-30,0
usdt_eth,39674,2022-01-30,0
dai,3123,2022-01-30,0
usdt_trx,400748,2022-01-30,0
usdt_eth,46476,2022-01-31,0
dai,4038,2022-01-31,0
usdt_trx,456848,2022-01-31,0
usdc_eth,27896,2022-01-31,0
dai,3797,2022-02-01,0
usdt_eth,48557,2022-02-01,0
usdc_eth,27928,2022-02-01,0
usdt_trx,411489,2022-02-01,0
dai,3625,2022-02-02,0
usdt_eth,45081,2022-02-02,0
usdc_eth,24389,2022-02-02,0
usdt_trx,413428,2022-02-02,0
dai,4063,2022-02-03,0
usdt_eth,46202,2022-02-03,0
usdc_eth,25255,2022-02-03,0
usdt_trx,407925,2022-02-03,0
usdt_eth,47846,2022-02-04,0
usdt_trx,440458,2022-02-04,0
dai,4544,2022-02-04,0
usdc_eth,26324,2022-02-04,0
dai,4970,2022-02-05,0
usdt_trx,453267,2022-02-05,0
usdc_eth,24456,2022-02-05,0
usdt_eth,48465,2022-02-05,0
usdc_eth,20035,2022-02-06,0
dai,3797,2022-02-06,0
usdt_trx,444618,2022-02-06,0
usdt_eth,37878,2022-02-06,0
dai,4042,2022-02-07,0
usdt_trx,528906,2022-02-07,0
usdt_eth,52019,2022-02-07,0
usdc_eth,27123,2022-02-07,0
usdc_eth,26535,2022-02-08,0
usdt_trx,527489,2022-02-08,0
usdt_eth,51752,2022-02-08,0
dai,4059,2022-02-08,0
dai,4014,2022-02-09,0
usdc_eth,26775,2022-02-09,0
usdt_trx,565144,2022-02-09,0
usdt_eth,53255,2022-02-09,0
usdc_eth,26362,2022-02-10,0
dai,3556,2022-02-10,0
usdt_eth,59197,2022-02-10,0
usdt_trx,518708,2022-02-10,0
usdc_eth,27870,2022-02-11,0
dai,5414,2022-02-11,0
usdt_eth,59179,2022-02-11,0
usdt_trx,522024,2022-02-11,0
usdc_eth,21806,2022-02-12,0
usdt_eth,42743,2022-02-12,0
dai,4116,2022-02-12,0
usdt_trx,463332,2022-02-12,0
usdt_trx,445427,2022-02-13,0
usdc_eth,20675,2022-02-13,0
dai,3525,2022-02-13,0
usdt_eth,41910,2022-02-13,0
usdt_trx,508563,2022-02-14,0
dai,3736,2022-02-14,0
usdt_eth,52238,2022-02-14,0
usdc_eth,25554,2022-02-14,0
usdt_eth,52916,2022-02-15,0
dai,3704,2022-02-15,0
usdt_trx,555162,2022-02-15,0
usdc_eth,26743,2022-02-15,0
usdt_eth,46687,2022-02-16,0
usdt_trx,525763,2022-02-16,0
usdc_eth,24845,2022-02-16,0
dai,3305,2022-02-16,0
usdt_eth,48782,2022-02-17,0
dai,3661,2022-02-17,0
usdt_trx,533853,2022-02-17,0
usdc_eth,26025,2022-02-17,0
usdc_eth,24423,2022-02-18,0
usdt_trx,508447,2022-02-18,0
dai,3503,2022-02-18,0
usdt_eth,46967,2022-02-18,0
usdc_eth,21387,2022-02-19,0
usdt_eth,43409,2022-02-19,0
usdt_trx,486267,2022-02-19,0
dai,3341,2022-02-19,0
dai,3864,2022-02-20,0
usdc_eth,22867,2022-02-20,0
usdt_eth,40743,2022-02-20,0
usdt_trx,479020,2022-02-20,0
usdt_trx,518039,2022-02-21,0
usdc_eth,24879,2022-02-21,0
dai,3587,2022-02-21,0
usdt_eth,46761,2022-02-21,0
usdt_trx,564868,2022-02-22,0
dai,3808,2022-02-22,0
usdc_eth,27506,2022-02-22,0
usdt_eth,49111,2022-02-22,0
dai,3570,2022-02-23,0
usdc_eth,27901,2022-02-23,0
usdt_eth,49901,2022-02-23,0
usdt_trx,500006,2022-02-23,0
usdt_eth,61622,2022-02-24,0
dai,5378,2022-02-24,0
usdt_trx,586181,2022-02-24,0
usdc_eth,38935,2022-02-24,0
usdt_trx,532897,2022-02-25,0
usdt_eth,50266,2022-02-25,0
dai,4279,2022-02-25,0
usdc_eth,28169,2022-02-25,0
dai,3612,2022-02-26,0
usdt_eth,42105,2022-02-26,0
usdt_trx,460758,2022-02-26,0
usdc_eth,23546,2022-02-26,0
dai,3800,2022-02-27,0
usdt_trx,452985,2022-02-27,0
usdc_eth,21853,2022-02-27,0
usdt_eth,41683,2022-02-27,0
usdt_trx,552009,2022-02-28,0
usdc_eth,30154,2022-02-28,0
dai,4077,2022-02-28,0
usdt_eth,57668,2022-02-28,0
usdt_trx,533547,2022-03-01,0
usdt_eth,60086,2022-03-01,0
dai,4519,2022-03-01,0
usdc_eth,32343,2022-03-01,0
dai,4336,2022-03-02,0
usdt_eth,52538,2022-03-02,0
usdc_eth,29426,2022-03-02,0
usdt_trx,526941,2022-03-02,0
usdt_eth,53153,2022-03-03,0
usdt_trx,519623,2022-03-03,0
dai,4125,2022-03-03,0
usdc_eth,28649,2022-03-03,0
dai,4680,2022-03-04,0
usdt_trx,501244,2022-03-04,0
usdc_eth,28844,2022-03-04,0
usdt_eth,55564,2022-03-04,0
dai,4346,2022-03-05,0
usdt_eth,43979,2022-03-05,0
usdt_trx,495154,2022-03-05,0
usdc_eth,22580,2022-03-05,0
dai,4394,2022-03-06,0
usdc_eth,25934,2022-03-06,0
usdt_trx,496620,2022-03-06,0
usdt_eth,47123,2022-03-06,0
usdt_eth,63513,2022-03-07,0
usdc_eth,32516,2022-03-07,0
dai,5912,2022-03-07,0
usdt_trx,537199,2022-03-07,0
dai,6133,2022-03-08,0
usdt_trx,548548,2022-03-08,0
usdc_eth,27660,2022-03-08,0
usdt_eth,69464,2022-03-08,0
usdt_trx,519096,2022-03-09,0
dai,5960,2022-03-09,0
usdt_eth,60400,2022-03-09,0
usdc_eth,31305,2022-03-09,0
usdc_eth,26542,2022-03-10,0
usdt_eth,59089,2022-03-10,0
usdt_trx,476001,2022-03-10,0
dai,5368,2022-03-10,0
usdt_eth,53611,2022-03-11,0
usdt_trx,452466,2022-03-11,0
dai,4710,2022-03-11,0
usdc_eth,27639,2022-03-11,0
usdt_eth,47766,2022-03-12,0
dai,5018,2022-03-12,0
usdc_eth,24466,2022-03-12,0
usdt_trx,418131,2022-03-12,0
dai,4155,2022-03-13,0
usdc_eth,20107,2022-03-13,0
usdt_trx,414127,2022-03-13,0
usdt_eth,44332,2022-03-13,0
usdc_eth,28043,2022-03-14,0
usdt_trx,512434,2022-03-14,0
dai,4841,2022-03-14,0
usdt_eth,59687,2022-03-14,0
usdt_trx,478535,2022-03-15,0
usdt_eth,59228,2022-03-15,0
usdc_eth,29515,2022-03-15,0
dai,4669,2022-03-15,0
usdc_eth,29016,2022-03-16,0
dai,4368,2022-03-16,0
usdt_trx,484483,2022-03-16,0
usdt_eth,83052,2022-03-16,0
dai,4083,2022-03-17,0
usdt_eth,59340,2022-03-17,0
usdt_trx,488478,2022-03-17,0
usdc_eth,28469,2022-03-17,0
dai,4254,2022-03-18,0
usdc_eth,34717,2022-03-18,0
usdt_eth,53142,2022-03-18,0
usdt_trx,485632,2022-03-18,0
dai,4171,2022-03-19,0
usdt_eth,74124,2022-03-19,0
usdt_trx,445191,2022-03-19,0
usdc_eth,25135,2022-03-19,0
usdc_eth,22668,2022-03-20,0
usdt_trx,438810,2022-03-20,0
usdt_eth,48686,2022-03-20,0
dai,4111,2022-03-20,0
usdc_eth,26442,2022-03-21,0
dai,4322,2022-03-21,0
usdt_trx,493815,2022-03-21,0
usdt_eth,55730,2022-03-21,0
dai,4884,2022-03-22,0
usdc_eth,30305,2022-03-22,0
usdt_trx,493252,2022-03-22,0
usdt_eth,60731,2022-03-22,0
dai,4404,2022-03-23,0
usdt_trx,483281,2022-03-23,0
usdc_eth,27678,2022-03-23,0
usdt_eth,61515,2022-03-23,0
usdc_eth,28800,2022-03-24,0
dai,4464,2022-03-24,0
usdt_trx,528466,2022-03-24,0
usdt_eth,56684,2022-03-24,0
dai,4242,2022-03-25,0
usdt_trx,523288,2022-03-25,0
usdt_eth,57590,2022-03-25,0
usdc_eth,28478,2022-03-25,0
usdt_trx,453802,2022-03-26,0
usdt_eth,43740,2022-03-26,0
usdc_eth,24822,2022-03-26,0
dai,3395,2022-03-26,0
usdt_eth,54326,2022-03-27,0
usdt_trx,446705,2022-03-27,0
usdc_eth,23167,2022-03-27,0
dai,3932,2022-03-27,0
usdc_eth,31789,2022-03-28,0
usdt_trx,555099,2022-03-28,0
dai,5188,2022-03-28,0
usdt_eth,66180,2022-03-28,0
usdc_eth,47068,2022-03-29,0
dai,5090,2022-03-29,0
usdt_trx,567220,2022-03-29,0
usdt_eth,66049,2022-03-29,0
usdt_eth,68116,2022-03-30,0
dai,4799,2022-03-30,0
usdt_trx,581946,2022-03-30,0
usdc_eth,31317,2022-03-30,0
usdt_eth,69404,2022-03-31,0
usdt_trx,599596,2022-03-31,0
dai,4652,2022-03-31,0
usdc_eth,30522,2022-03-31,0
usdt_eth,64271,2022-04-01,0
dai,4714,2022-04-01,0
usdc_eth,31207,2022-04-01,0
usdt_trx,569550,2022-04-01,0
usdt_trx,506566,2022-04-02,0
usdt_eth,51031,2022-04-02,0
dai,4131,2022-04-02,0
usdc_eth,25953,2022-04-02,0
usdt_trx,487015,2022-04-03,0
dai,3553,2022-04-03,0
usdt_eth,46234,2022-04-03,0
usdc_eth,21796,2022-04-03,0
usdc_eth,28295,2022-04-04,0
usdt_trx,577161,2022-04-04,0
usdt_eth,56766,2022-04-04,0
dai,4131,2022-04-04,0
usdc_eth,26215,2022-04-05,0
usdt_eth,53990,2022-04-05,0
dai,3835,2022-04-05,0
usdt_trx,581466,2022-04-05,0
dai,4451,2022-04-06,0
usdc_eth,28574,2022-04-06,0
usdt_trx,584099,2022-04-06,0
usdt_eth,59342,2022-04-06,0
usdt_eth,57017,2022-04-07,0
dai,3810,2022-04-07,0
usdc_eth,27631,2022-04-07,0
usdt_trx,549577,2022-04-07,0
dai,3728,2022-04-08,0
usdc_eth,25448,2022-04-08,0
usdt_trx,543792,2022-04-08,0
usdt_eth,56516,2022-04-08,0
dai,3454,2022-04-09,0
usdc_eth,21406,2022-04-09,0
usdt_eth,46829,2022-04-09,0
usdt_trx,517337,2022-04-09,0
usdt_eth,41516,2022-04-10,0
dai,3486,2022-04-10,0
usdc_eth,20429,2022-04-10,0
usdt_trx,494631,2022-04-10,0
dai,4386,2022-04-11,0
usdc_eth,31039,2022-04-11,0
usdt_trx,598176,2022-04-11,0
usdt_eth,60024,2022-04-11,0
dai,4110,2022-04-12,0
usdt_eth,57633,2022-04-12,0
usdt_trx,558762,2022-04-12,0
usdc_eth,30430,2022-04-12,0
dai,3820,2022-04-13,0
usdt_trx,550451,2022-04-13,0
usdt_eth,50492,2022-04-13,0
usdc_eth,24742,2022-04-13,0
usdt_trx,532228,2022-04-14,0
usdt_eth,49472,2022-04-14,0
usdc_eth,24337,2022-04-14,0
dai,3874,2022-04-14,0
usdt_trx,600737,2022-04-15,0
dai,3564,2022-04-15,0
usdc_eth,24181,2022-04-15,0
usdt_eth,51833,2022-04-15,0
dai,3563,2022-04-16,0
usdt_trx,498442,2022-04-16,0
usdc_eth,19713,2022-04-16,0
usdt_eth,42542,2022-04-16,0
usdc_eth,18468,2022-04-17,0
usdt_trx,471348,2022-04-17,0
usdt_eth,37990,2022-04-17,0
dai,3679,2022-04-17,0
usdt_trx,570806,2022-04-18,0
usdc_eth,26391,2022-04-18,0
usdt_eth,52543,2022-04-18,0
dai,5007,2022-04-18,0
dai,4092,2022-04-19,0
usdt_eth,53333,2022-04-19,0
usdc_eth,26161,2022-04-19,0
usdt_trx,638458,2022-04-19,0
dai,3643,2022-04-20,0
usdt_eth,50359,2022-04-20,0
usdt_trx,767934,2022-04-20,0
usdc_eth,23593,2022-04-20,0
dai,3764,2022-04-21,0
usdt_eth,51370,2022-04-21,0
usdc_eth,23866,2022-04-21,0
usdt_trx,640862,2022-04-21,0
usdt_trx,618037,2022-04-22,0
dai,3734,2022-04-22,0
usdt_eth,51553,2022-04-22,0
usdc_eth,23306,2022-04-22,0
usdc_eth,19293,2022-04-23,0
usdt_trx,513181,2022-04-23,0
usdt_eth,39916,2022-04-23,0
dai,3327,2022-04-23,0
usdc_eth,18074,2022-04-24,0
usdt_trx,500250,2022-04-24,0
dai,3143,2022-04-24,0
usdt_eth,38981,2022-04-24,0
usdt_trx,627451,2022-04-25,0
usdt_eth,54008,2022-04-25,0
dai,4053,2022-04-25,0
usdc_eth,26605,2022-04-25,0
usdt_trx,612748,2022-04-26,0
dai,3976,2022-04-26,0
usdc_eth,26061,2022-04-26,0
usdt_eth,56126,2022-04-26,0
usdt_eth,52670,2022-04-27,0
usdc_eth,25427,2022-04-27,0
dai,4015,2022-04-27,0
usdt_trx,612220,2022-04-27,0
dai,3525,2022-04-28,0
usdt_eth,54688,2022-04-28,0
usdt_trx,616662,2022-04-28,0
usdc_eth,26254,2022-04-28,0
usdt_eth,58834,2022-04-29,0
dai,3878,2022-04-29,0
usdt_trx,643778,2022-04-29,0
usdc_eth,28772,2022-04-29,0
dai,3545,2022-04-30,0
usdt_eth,50877,2022-04-30,0
usdt_trx,590637,2022-04-30,0
usdc_eth,25521,2022-04-30,0
dai,3457,2022-05-01,0
usdc_eth,21695,2022-05-01,0
usdt_trx,566091,2022-05-01,0
usdt_eth,42847,2022-05-01,0
usdc_eth,29354,2022-05-02,0
usdt_trx,589659,2022-05-02,0
usdt_eth,50636,2022-05-02,0
dai,3526,2022-05-02,0
usdc_eth,27229,2022-05-03,0
usdt_trx,575845,2022-05-03,0
usdt_eth,50505,2022-05-03,0
dai,3439,2022-05-03,0
usdc_eth,28398,2022-05-04,0
usdt_eth,54220,2022-05-04,0
usdt_trx,606198,2022-05-04,0
dai,3911,2022-05-04,0
dai,3967,2022-05-05,0
usdt_eth,57161,2022-05-05,0
usdc_eth,56837,2022-05-05,0
usdt_trx,694211,2022-05-05,0
dai,4091,2022-05-06,0
usdc_eth,30750,2022-05-06,0
usdt_eth,56169,2022-05-06,0
usdt_trx,663017,2022-05-06,0
usdt_eth,49382,2022-05-07,0
usdt_trx,661546,2022-05-07,0
dai,3707,2022-05-07,0
usdc_eth,24991,2022-05-07,0
usdc_eth,36506,2022-05-08,0
usdt_eth,49940,2022-05-08,0
dai,4595,2022-05-08,0
usdt_trx,567391,2022-05-08,0
usdt_trx,773104,2022-05-09,0
usdt_eth,70604,2022-05-09,0
dai,6509,2022-05-09,0
usdc_eth,42826,2022-05-09,0
usdt_trx,736517,2022-05-10,0
usdc_eth,41053,2022-05-10,0
dai,5820,2022-05-10,0
usdt_eth,79418,2022-05-10,0
dai,7493,2022-05-11,0
usdt_trx,840564,2022-05-11,0
usdc_eth,49945,2022-05-11,0
usdt_eth,84544,2022-05-11,0
dai,9973,2022-05-12,0
usdt_trx,889789,2022-05-12,0
usdc_eth,65518,2022-05-12,0
usdt_eth,111053,2022-05-12,0
dai,6478,2022-05-13,0
usdt_eth,90469,2022-05-13,0
usdt_trx,792650,2022-05-13,0
usdc_eth,49137,2022-05-13,0
usdc_eth,36217,2022-05-14,0
usdt_eth,72917,2022-05-14,0
usdt_trx,724938,2022-05-14,0
dai,4962,2022-05-14,0
usdc_eth,32778,2022-05-15,0
usdt_eth,56983,2022-05-15,0
usdt_trx,647695,2022-05-15,0
dai,5176,2022-05-15,0
usdt_eth,66034,2022-05-16,0
usdt_trx,612406,2022-05-16,0
dai,5257,2022-05-16,0
usdc_eth,36852,2022-05-16,0
usdt_eth,70677,2022-05-17,0
usdc_eth,32680,2022-05-17,0
dai,4165,2022-05-17,0
usdt_trx,588010,2022-05-17,0
dai,4503,2022-05-18,0
usdt_trx,569304,2022-05-18,0
usdc_eth,37575,2022-05-18,0
usdt_eth,71481,2022-05-18,0
usdt_trx,560746,2022-05-19,0
usdc_eth,32026,2022-05-19,0
dai,4561,2022-05-19,0
usdt_eth,53950,2022-05-19,0
usdc_eth,30077,2022-05-20,0
usdt_eth,52829,2022-05-20,0
usdt_trx,558509,2022-05-20,0
dai,4206,2022-05-20,0
usdt_eth,42340,2022-05-21,0
dai,3368,2022-05-21,0
usdc_eth,22635,2022-05-21,0
usdt_trx,491124,2022-05-21,0
usdc_eth,24167,2022-05-22,0
dai,3344,2022-05-22,0
usdt_trx,471824,2022-05-22,0
usdt_eth,39175,2022-05-22,0
usdt_eth,52884,2022-05-23,0
usdt_trx,588466,2022-05-23,0
dai,3901,2022-05-23,0
usdc_eth,31229,2022-05-23,0
usdt_eth,53340,2022-05-24,0
dai,3606,2022-05-24,0
usdc_eth,28772,2022-05-24,0
usdt_trx,581571,2022-05-24,0
usdt_trx,563666,2022-05-25,0
usdc_eth,26582,2022-05-25,0
dai,3406,2022-05-25,0
usdt_eth,57437,2022-05-25,0
usdt_eth,54045,2022-05-26,0
dai,3942,2022-05-26,0
usdc_eth,28907,2022-05-26,0
usdt_trx,591392,2022-05-26,0
usdt_eth,50115,2022-05-27,0
usdc_eth,31166,2022-05-27,0
usdt_trx,593044,2022-05-27,0
dai,3889,2022-05-27,0
usdt_eth,45840,2022-05-28,0
usdc_eth,24674,2022-05-28,0
usdt_trx,517621,2022-05-28,0
dai,3631,2022-05-28,0
dai,3336,2022-05-29,0
usdc_eth,22156,2022-05-29,0
usdt_eth,40389,2022-05-29,0
usdt_trx,510774,2022-05-29,0
usdc_eth,28918,2022-05-30,0
usdt_trx,644483,2022-05-30,0
dai,5510,2022-05-30,0
usdt_eth,50215,2022-05-30,0
usdt_eth,52230,2022-05-31,0
usdc_eth,32331,2022-05-31,0
usdt_trx,644848,2022-05-31,0
dai,4510,2022-05-31,0
usdt_eth,51899,2022-06-01,0
usdc_eth,32684,2022-06-01,0
dai,3962,2022-06-01,0
usdt_trx,612621,2022-06-01,0
usdc_eth,27958,2022-06-02,0
usdt_eth,46226,2022-06-02,0
usdt_trx,587868,2022-06-02,0
dai,3797,2022-06-02,0
dai,3520,2022-06-03,0
usdt_trx,555673,2022-06-03,0
usdt_eth,43055,2022-06-03,0
usdc_eth,26508,2022-06-03,0
usdc_eth,20135,2022-06-04,0
usdt_trx,471586,2022-06-04,0
usdt_eth,34968,2022-06-04,0
dai,3083,2022-06-04,0
usdt_trx,460408,2022-06-05,0
usdt_eth,33475,2022-06-05,0
usdc_eth,19565,2022-06-05,0
dai,2920,2022-06-05,0
usdt_eth,46518,2022-06-06,0
usdt_trx,602335,2022-06-06,0
dai,3438,2022-06-06,0
usdc_eth,27521,2022-06-06,0
usdt_trx,591943,2022-06-07,0
dai,3377,2022-06-07,0
usdt_eth,46681,2022-06-07,0
usdc_eth,29331,2022-06-07,0
usdt_eth,42820,2022-06-08,0
dai,3036,2022-06-08,0
usdc_eth,23380,2022-06-08,0
usdt_trx,579212,2022-06-08,0
dai,3348,2022-06-09,0
usdt_trx,573589,2022-06-09,0
usdt_eth,43750,2022-06-09,0
usdc_eth,24822,2022-06-09,0
usdt_eth,59437,2022-06-10,0
usdt_trx,585440,2022-06-10,0
usdc_eth,33169,2022-06-10,0
dai,4106,2022-06-10,0
dai,5360,2022-06-11,0
usdt_eth,45387,2022-06-11,0
usdt_trx,530654,2022-06-11,0
usdc_eth,30156,2022-06-11,0
usdt_trx,521890,2022-06-12,0
usdc_eth,30789,2022-06-12,0
dai,5395,2022-06-12,0
usdt_eth,43527,2022-06-12,0
usdt_eth,67693,2022-06-13,0
usdc_eth,57099,2022-06-13,0
dai,9250,2022-06-13,0
usdt_trx,677858,2022-06-13,0
dai,7786,2022-06-14,0
usdc_eth,45425,2022-06-14,0
usdt_trx,632998,2022-06-14,0
usdt_eth,61513,2022-06-14,0
dai,6931,2022-06-15,0
usdt_eth,68532,2022-06-15,0
usdc_eth,47030,2022-06-15,0
usdt_trx,649134,2022-06-15,0
usdt_trx,584633,2022-06-16,0
usdt_eth,54069,2022-06-16,0
usdc_eth,38166,2022-06-16,0
dai,5274,2022-06-16,0
usdt_eth,60131,2022-06-17,0
usdt_trx,562113,2022-06-17,0
dai,5033,2022-06-17,0
usdc_eth,44399,2022-06-17,0
usdc_eth,44421,2022-06-18,0
usdt_eth,62282,2022-06-18,0
usdt_trx,528340,2022-06-18,0
dai,7493,2022-06-18,0
usdc_eth,34357,2022-06-19,0
dai,5785,2022-06-19,0
usdt_eth,48746,2022-06-19,0
usdt_trx,516688,2022-06-19,0
usdt_eth,52093,2022-06-20,0
usdt_trx,595096,2022-06-20,0
dai,9108,2022-06-20,0
usdc_eth,32636,2022-06-20,0
usdt_eth,50981,2022-06-21,0
usdt_trx,594373,2022-06-21,0
dai,4227,2022-06-21,0
usdc_eth,32577,2022-06-21,0
usdt_trx,575830,2022-06-22,0
dai,4629,2022-06-22,0
usdt_eth,56468,2022-06-22,0
usdc_eth,30124,2022-06-22,0
usdc_eth,29919,2022-06-23,0
usdt_trx,566788,2022-06-23,0
dai,4860,2022-06-23,0
usdt_eth,48409,2022-06-23,0
usdc_eth,30379,2022-06-24,0
dai,3762,2022-06-24,0
usdt_trx,591543,2022-06-24,0
usdt_eth,49489,2022-06-24,0
usdc_eth,23264,2022-06-25,0
dai,2909,2022-06-25,0
usdt_trx,557093,2022-06-25,0
usdt_eth,37165,2022-06-25,0
usdc_eth,20950,2022-06-26,0
dai,2899,2022-06-26,0
usdt_eth,32943,2022-06-26,0
usdt_trx,497011,2022-06-26,0
usdc_eth,31358,2022-06-27,0
dai,3393,2022-06-27,0
usdt_eth,49631,2022-06-27,0
usdt_trx,571548,2022-06-27,0
usdt_eth,50556,2022-06-28,0
usdt_trx,689463,2022-06-28,0
dai,3602,2022-06-28,0
usdc_eth,33794,2022-06-28,0
usdc_eth,31367,2022-06-29,0
dai,6090,2022-06-29,0
usdt_trx,535690,2022-06-29,0
usdt_eth,49300,2022-06-29,0
usdt_trx,553722,2022-06-30,0
usdt_eth,51762,2022-06-30,0
dai,3903,2022-06-30,0
usdc_eth,34935,2022-06-30,0
dai,4612,2022-07-01,0
usdc_eth,41823,2022-07-01,0
usdt_trx,556374,2022-07-01,0
usdt_eth,63882,2022-07-01,0
usdc_eth,31639,2022-07-02,0
dai,3939,2022-07-02,0
usdt_trx,515711,2022-07-02,0
usdt_eth,47518,2022-07-02,0
usdc_eth,25209,2022-07-03,0
dai,3482,2022-07-03,0
usdt_eth,41118,2022-07-03,0
usdt_trx,451157,2022-07-03,0
dai,4119,2022-07-04,0
usdt_eth,58174,2022-07-04,0
usdc_eth,32481,2022-07-04,0
usdt_trx,568556,2022-07-04,0
usdt_eth,64045,2022-07-05,0
dai,4154,2022-07-05,0
usdc_eth,31321,2022-07-05,0
usdt_trx,564667,2022-07-05,0
usdt_eth,68716,2022-07-06,0
usdc_eth,31077,2022-07-06,0
usdt_trx,569583,2022-07-06,0
dai,3692,2022-07-06,0
usdc_eth,30764,2022-07-07,0
usdt_trx,542372,2022-07-07,0
dai,3799,2022-07-07,0
usdt_eth,57808,2022-07-07,0
usdt_trx,515457,2022-07-08,0
usdc_eth,28944,2022-07-08,0
dai,3840,2022-07-08,0
usdt_eth,55091,2022-07-08,0
usdt_trx,468519,2022-07-09,0
usdt_eth,46499,2022-07-09,0
dai,3190,2022-07-09,0
usdc_eth,22597,2022-07-09,0
dai,3162,2022-07-10,0
usdt_eth,43049,2022-07-10,0
usdt_trx,428519,2022-07-10,0
usdc_eth,22229,2022-07-10,0
dai,3384,2022-07-11,0
usdt_eth,54188,2022-07-11,0
usdc_eth,27993,2022-07-11,0
usdt_trx,540562,2022-07-11,0
usdt_eth,53674,2022-07-12,0
usdc_eth,30383,2022-07-12,0
dai,3837,2022-07-12,0
usdt_trx,548240,2022-07-12,0
usdc_eth,28678,2022-07-13,0
usdt_eth,50222,2022-07-13,0
usdt_trx,584548,2022-07-13,0
dai,3535,2022-07-13,0
usdc_eth,27467,2022-07-14,0
usdt_eth,49781,2022-07-14,0
dai,3701,2022-07-14,0
usdt_trx,551987,2022-07-14,0
usdc_eth,28744,2022-07-15,0
usdt_eth,53020,2022-07-15,0
dai,3524,2022-07-15,0
usdt_trx,560709,2022-07-15,0
usdc_eth,25613,2022-07-16,0
dai,3355,2022-07-16,0
usdt_eth,44959,2022-07-16,0
usdt_trx,501487,2022-07-16,0
usdt_eth,36563,2022-07-17,0
usdt_trx,472824,2022-07-17,0
usdc_eth,22775,2022-07-17,0
dai,3061,2022-07-17,0
usdt_eth,52590,2022-07-18,0
usdc_eth,38615,2022-07-18,0
usdt_trx,596281,2022-07-18,0
dai,4243,2022-07-18,0
usdt_eth,54428,2022-07-19,0
dai,3859,2022-07-19,0
usdc_eth,36287,2022-07-19,0
usdt_trx,605325,2022-07-19,0
dai,4284,2022-07-20,0
usdc_eth,34676,2022-07-20,0
usdt_trx,586833,2022-07-20,0
usdt_eth,56164,2022-07-20,0
usdt_trx,591978,2022-07-21,0
usdc_eth,32122,2022-07-21,0
dai,3795,2022-07-21,0
usdt_eth,52628,2022-07-21,0
usdt_trx,587922,2022-07-22,0
usdc_eth,31916,2022-07-22,0
usdt_eth,58484,2022-07-22,0
dai,3821,2022-07-22,0
dai,3046,2022-07-23,0
usdt_eth,46655,2022-07-23,0
usdc_eth,24468,2022-07-23,0
usdt_trx,551946,2022-07-23,0
usdc_eth,24166,2022-07-24,0
usdt_trx,509052,2022-07-24,0
dai,3591,2022-07-24,0
usdt_eth,41929,2022-07-24,0
usdt_eth,56447,2022-07-25,0
dai,3872,2022-07-25,0
usdt_trx,615562,2022-07-25,0
usdc_eth,31517,2022-07-25,0
usdt_eth,95764,2022-07-26,0
usdc_eth,34544,2022-07-26,0
usdt_trx,622479,2022-07-26,0
dai,3694,2022-07-26,0
usdt_trx,598800,2022-07-27,0
dai,5062,2022-07-27,0
usdt_eth,84405,2022-07-27,0
usdc_eth,33829,2022-07-27,0
dai,4240,2022-07-28,0
usdc_eth,39360,2022-07-28,0
usdt_eth,57492,2022-07-28,0
usdt_trx,583434,2022-07-28,0
usdt_eth,58398,2022-07-29,0
usdt_trx,598263,2022-07-29,0
dai,3864,2022-07-29,0
usdc_eth,35843,2022-07-29,0
usdt_trx,531314,2022-07-30,0
dai,4850,2022-07-30,0
usdt_eth,50212,2022-07-30,0
usdc_eth,30315,2022-07-30,0
usdc_eth,27023,2022-07-31,0
usdt_trx,527802,2022-07-31,0
usdt_eth,52711,2022-07-31,0
dai,3652,2022-07-31,0
usdc_eth,67655,2022-08-01,0
dai,4689,2022-08-01,0
usdt_eth,72936,2022-08-01,0
usdt_trx,614575,2022-08-01,0
usdt_trx,622549,2022-08-02,0
dai,4540,2022-08-02,0
usdt_eth,92173,2022-08-02,0
usdc_eth,35233,2022-08-02,0
usdc_eth,34266,2022-08-03,0
dai,4422,2022-08-03,0
usdt_trx,622425,2022-08-03,0
usdt_eth,96273,2022-08-03,0
usdt_trx,595800,2022-08-04,0
usdc_eth,31430,2022-08-04,0
dai,3760,2022-08-04,0
usdt_eth,68480,2022-08-04,0
dai,4076,2022-08-05,0
usdt_eth,62879,2022-08-05,0
usdt_trx,628021,2022-08-05,0
usdc_eth,32549,2022-08-05,0
usdc_eth,26727,2022-08-06,0
usdt_eth,59650,2022-08-06,0
usdt_trx,536966,2022-08-06,0
dai,3480,2022-08-06,0
dai,4445,2022-08-07,0
usdt_eth,60541,2022-08-07,0
usdt_trx,505044,2022-08-07,0
usdc_eth,25096,2022-08-07,0
dai,4494,2022-08-08,0
usdc_eth,37250,2022-08-08,0
usdt_eth,58641,2022-08-08,0
usdt_trx,618494,2022-08-08,0
usdc_eth,33850,2022-08-09,0
usdt_trx,604880,2022-08-09,0
usdt_eth,55187,2022-08-09,0
dai,4177,2022-08-09,0
usdc_eth,33719,2022-08-10,0
dai,4124,2022-08-10,0
usdt_trx,617370,2022-08-10,0
usdt_eth,55585,2022-08-10,0
usdt_eth,55945,2022-08-11,0
usdt_trx,605387,2022-08-11,0
usdc_eth,34142,2022-08-11,0
dai,4773,2022-08-11,0
usdt_eth,60284,2022-08-12,0
dai,4122,2022-08-12,0
usdc_eth,30074,2022-08-12,0
usdt_trx,585695,2022-08-12,0
dai,3961,2022-08-13,0
usdt_eth,50769,2022-08-13,0
usdt_trx,525586,2022-08-13,0
usdc_eth,29113,2022-08-13,0
usdc_eth,27809,2022-08-14,0
usdt_eth,48182,2022-08-14,0
dai,3656,2022-08-14,0
usdt_trx,524161,2022-08-14,0
usdt_eth,57166,2022-08-15,0
usdt_trx,609206,2022-08-15,0
usdc_eth,32896,2022-08-15,0
dai,3751,2022-08-15,0
usdc_eth,33840,2022-08-16,0
usdt_eth,56369,2022-08-16,0
usdt_trx,570582,2022-08-16,0
dai,3899,2022-08-16,0
usdc_eth,32013,2022-08-17,0
usdt_eth,58789,2022-08-17,0
dai,3939,2022-08-17,0
usdt_trx,679295,2022-08-17,0
usdt_trx,574082,2022-08-18,0
usdt_eth,57206,2022-08-18,0
usdc_eth,29559,2022-08-18,0
dai,3426,2022-08-18,0
usdt_eth,61321,2022-08-19,0
usdc_eth,36673,2022-08-19,0
dai,4190,2022-08-19,0
usdt_trx,602262,2022-08-19,0
dai,3548,2022-08-20,0
usdt_eth,47446,2022-08-20,0
usdt_trx,514141,2022-08-20,0
usdc_eth,28039,2022-08-20,0
usdt_eth,46456,2022-08-21,0
dai,4556,2022-08-21,0
usdc_eth,24949,2022-08-21,0
usdt_trx,473715,2022-08-21,0
dai,3467,2022-08-22,0
usdt_eth,51668,2022-08-22,0
usdc_eth,29806,2022-08-22,0
usdt_trx,594235,2022-08-22,0
usdt_trx,571617,2022-08-23,0
dai,3584,2022-08-23,0
usdt_eth,53011,2022-08-23,0
usdc_eth,28249,2022-08-23,0
usdt_trx,577674,2022-08-24,0
dai,3529,2022-08-24,0
usdc_eth,28125,2022-08-24,0
usdt_eth,51078,2022-08-24,0
dai,3299,2022-08-25,0
usdc_eth,27613,2022-08-25,0
usdt_trx,577677,2022-08-25,0
usdt_eth,51665,2022-08-25,0
usdt_eth,53131,2022-08-26,0
usdc_eth,30389,2022-08-26,0
usdt_trx,583929,2022-08-26,0
dai,3627,2022-08-26,0
usdc_eth,28238,2022-08-27,0
usdt_trx,531084,2022-08-27,0
dai,3363,2022-08-27,0
usdt_eth,44304,2022-08-27,0
usdc_eth,24503,2022-08-28,0
dai,3085,2022-08-28,0
usdt_trx,484400,2022-08-28,0
usdt_eth,40127,2022-08-28,0
usdt_eth,53573,2022-08-29,0
usdc_eth,31218,2022-08-29,0
dai,3979,2022-08-29,0
usdt_trx,580097,2022-08-29,0
usdt_eth,55495,2022-08-30,0
usdc_eth,31422,2022-08-30,0
dai,3477,2022-08-30,0
usdt_trx,594959,2022-08-30,0
dai,3444,2022-08-31,0
usdt_trx,600371,2022-08-31,0
usdc_eth,31857,2022-08-31,0
usdt_eth,55628,2022-08-31,0
usdt_eth,60807,2022-09-01,0
dai,3618,2022-09-01,0
usdc_eth,42904,2022-09-01,0
usdt_trx,605888,2022-09-01,0
usdt_eth,54926,2022-09-02,0
usdt_trx,609963,2022-09-02,0
dai,3601,2022-09-02,0
usdc_eth,34024,2022-09-02,0
usdt_trx,533406,2022-09-03,0
usdc_eth,23876,2022-09-03,0
dai,3085,2022-09-03,0
usdt_eth,45995,2022-09-03,0
usdt_eth,37810,2022-09-04,0
dai,2860,2022-09-04,0
usdc_eth,22924,2022-09-04,0
usdt_trx,496098,2022-09-04,0
usdt_trx,621229,2022-09-05,0
usdc_eth,29358,2022-09-05,0
usdt_eth,54996,2022-09-05,0
dai,3985,2022-09-05,0
dai,4125,2022-09-06,0
usdt_trx,627145,2022-09-06,0
usdt_eth,58273,2022-09-06,0
usdc_eth,34030,2022-09-06,0
usdt_trx,597009,2022-09-07,0
usdc_eth,32365,2022-09-07,0
usdt_eth,57076,2022-09-07,0
dai,4264,2022-09-07,0
usdc_eth,29140,2022-09-08,0
usdt_eth,55358,2022-09-08,0
dai,3761,2022-09-08,0
usdt_trx,591600,2022-09-08,0
dai,3778,2022-09-09,0
usdt_eth,58149,2022-09-09,0
usdt_trx,601379,2022-09-09,0
usdc_eth,30965,2022-09-09,0
dai,3429,2022-09-10,0
usdt_eth,45349,2022-09-10,0
usdc_eth,24628,2022-09-10,0
usdt_trx,485483,2022-09-10,0
dai,3678,2022-09-11,0
usdt_trx,468818,2022-09-11,0
usdt_eth,41690,2022-09-11,0
usdc_eth,23545,2022-09-11,0
usdc_eth,28409,2022-09-12,0
usdt_trx,580106,2022-09-12,0
usdt_eth,53593,2022-09-12,0
dai,4038,2022-09-12,0
usdc_eth,33562,2022-09-13,0
usdt_trx,617170,2022-09-13,0
usdt_eth,60131,2022-09-13,0
dai,4258,2022-09-13,0
usdc_eth,33556,2022-09-14,0
usdt_trx,606747,2022-09-14,0
usdt_eth,59093,2022-09-14,0
dai,4948,2022-09-14,0
usdt_eth,53498,2022-09-15,0
usdc_eth,35990,2022-09-15,0
usdt_trx,607598,2022-09-15,0
dai,5860,2022-09-15,0
usdc_eth,31557,2022-09-16,0
usdt_eth,60205,2022-09-16,0
usdt_trx,723192,2022-09-16,0
dai,4851,2022-09-16,0
dai,4583,2022-09-17,0
usdc_eth,24607,2022-09-17,0
usdt_eth,45131,2022-09-17,0
usdt_trx,509656,2022-09-17,0
dai,7263,2022-09-18,0
usdt_eth,45215,2022-09-18,0
usdc_eth,28051,2022-09-18,0
usdt_trx,507092,2022-09-18,0
dai,6253,2022-09-19,0
usdc_eth,36522,2022-09-19,0
usdt_eth,61806,2022-09-19,0
usdt_trx,625078,2022-09-19,0
usdt_eth,56897,2022-09-20,0
dai,4898,2022-09-20,0
usdc_eth,34343,2022-09-20,0
usdt_trx,637880,2022-09-20,0
dai,7035,2022-09-21,0
usdt_eth,60918,2022-09-21,0
usdc_eth,33396,2022-09-21,0
usdt_trx,623442,2022-09-21,0
dai,5321,2022-09-22,0
usdc_eth,31383,2022-09-22,0
usdt_eth,62511,2022-09-22,0
usdt_trx,591903,2022-09-22,0
usdt_eth,60405,2022-09-23,0
usdc_eth,33526,2022-09-23,0
dai,4144,2022-09-23,0
usdt_trx,607861,2022-09-23,0
usdt_eth,49196,2022-09-24,0
usdc_eth,24702,2022-09-24,0
dai,3604,2022-09-24,0
usdt_trx,517861,2022-09-24,0
dai,2923,2022-09-25,0
usdc_eth,23383,2022-09-25,0
usdt_trx,471413,2022-09-25,0
usdt_eth,47475,2022-09-25,0
usdt_trx,661280,2022-09-26,0
dai,3658,2022-09-26,0
usdt_eth,78580,2022-09-26,0
usdc_eth,29865,2022-09-26,0
usdc_eth,35113,2022-09-27,0
usdt_eth,135440,2022-09-27,0
dai,3494,2022-09-27,0
usdt_trx,1147025,2022-09-27,0
dai,3629,2022-09-28,0
usdt_eth,85859,2022-09-28,0
usdc_eth,29884,2022-09-28,0
usdt_trx,762789,2022-09-28,0
usdt_trx,636222,2022-09-29,0
usdt_eth,68765,2022-09-29,0
usdc_eth,31915,2022-09-29,0
dai,3502,2022-09-29,0
usdc_eth,31478,2022-09-30,0
usdt_eth,75896,2022-09-30,0
usdt_trx,687260,2022-09-30,0
dai,3486,2022-09-30,0
usdt_eth,63934,2022-10-01,0
usdt_trx,550493,2022-10-01,0
dai,3562,2022-10-01,0
usdc_eth,26226,2022-10-01,0
usdc_eth,24659,2022-10-02,0
usdt_trx,502752,2022-10-02,0
usdt_eth,49645,2022-10-02,0
dai,3489,2022-10-02,0
dai,3458,2022-10-03,0
usdc_eth,29631,2022-10-03,0
usdt_eth,76819,2022-10-03,0
usdt_trx,575489,2022-10-03,0
dai,3686,2022-10-04,0
usdc_eth,30195,2022-10-04,0
usdt_eth,73576,2022-10-04,0
usdt_trx,604793,2022-10-04,0
dai,3519,2022-10-05,0
usdt_trx,610672,2022-10-05,0
usdc_eth,28316,2022-10-05,0
usdt_eth,63953,2022-10-05,0
dai,3861,2022-10-06,0
usdc_eth,29204,2022-10-06,0
usdt_trx,595030,2022-10-06,0
usdt_eth,71235,2022-10-06,0
usdt_trx,599380,2022-10-07,0
dai,3451,2022-10-07,0
usdt_eth,68846,2022-10-07,0
usdc_eth,27074,2022-10-07,0
usdc_eth,20351,2022-10-08,0
usdt_eth,73974,2022-10-08,0
dai,2573,2022-10-08,0
usdt_trx,574544,2022-10-08,0
usdt_trx,515670,2022-10-09,0
usdt_eth,51727,2022-10-09,0
dai,2060,2022-10-09,0
usdc_eth,18131,2022-10-09,0
usdt_trx,647130,2022-10-10,0
dai,2609,2022-10-10,0
usdc_eth,25288,2022-10-10,0
usdt_eth,57746,2022-10-10,0
dai,3250,2022-10-11,0
usdc_eth,27367,2022-10-11,0
usdt_trx,654659,2022-10-11,0
usdt_eth,66560,2022-10-11,0
usdt_trx,632373,2022-10-12,0
usdc_eth,25375,2022-10-12,0
usdt_eth,63889,2022-10-12,0
dai,3112,2022-10-12,0
usdc_eth,29011,2022-10-13,0
usdt_eth,74914,2022-10-13,0
dai,4023,2022-10-13,0
usdt_trx,676303,2022-10-13,0
usdt_eth,89030,2022-10-14,0
dai,3573,2022-10-14,0
usdt_trx,664594,2022-10-14,0
usdc_eth,26188,2022-10-14,0
usdt_eth,63214,2022-10-15,0
usdt_trx,595254,2022-10-15,0
usdc_eth,19450,2022-10-15,0
dai,2480,2022-10-15,0
usdt_trx,570715,2022-10-16,0
usdt_eth,47576,2022-10-16,0
dai,2454,2022-10-16,0
usdc_eth,18139,2022-10-16,0
dai,2870,2022-10-17,0
usdc_eth,29579,2022-10-17,0
usdt_eth,63150,2022-10-17,0
usdt_trx,684918,2022-10-17,0
usdt_eth,64751,2022-10-18,0
dai,2960,2022-10-18,0
usdc_eth,26106,2022-10-18,0
usdt_trx,705947,2022-10-18,0
dai,3317,2022-10-19,0
usdc_eth,25016,2022-10-19,0
usdt_eth,64505,2022-10-19,0
usdt_trx,685354,2022-10-19,0
usdt_trx,718142,2022-10-20,0
usdt_eth,111398,2022-10-20,0
dai,3033,2022-10-20,0
usdc_eth,25159,2022-10-20,0
usdt_eth,87337,2022-10-21,0
usdt_trx,745043,2022-10-21,0
usdc_eth,25642,2022-10-21,0
dai,2938,2022-10-21,0
dai,2598,2022-10-22,0
usdt_eth,51377,2022-10-22,0
usdt_trx,652568,2022-10-22,0
usdc_eth,19758,2022-10-22,0
usdc_eth,21608,2022-10-23,0
usdt_eth,49759,2022-10-23,0
dai,2887,2022-10-23,0
usdt_trx,631740,2022-10-23,0
usdc_eth,31470,2022-10-24,0
usdt_eth,71927,2022-10-24,0
usdt_trx,736892,2022-10-24,0
dai,3464,2022-10-24,0
usdc_eth,31264,2022-10-25,0
dai,3900,2022-10-25,0
usdt_trx,733592,2022-10-25,0
usdt_eth,66950,2022-10-25,0
dai,4125,2022-10-26,0
usdt_trx,780143,2022-10-26,0
usdc_eth,35703,2022-10-26,0
usdt_eth,67874,2022-10-26,0
dai,4164,2022-10-27,0
usdt_trx,762522,2022-10-27,0
usdt_eth,67746,2022-10-27,0
usdc_eth,34675,2022-10-27,0
dai,3962,2022-10-28,0
usdt_trx,752481,2022-10-28,0
usdc_eth,31652,2022-10-28,0
usdt_eth,66275,2022-10-28,0
usdc_eth,26641,2022-10-29,0
usdt_eth,59234,2022-10-29,0
usdt_trx,674659,2022-10-29,0
dai,3526,2022-10-29,0
usdt_eth,55851,2022-10-30,0
usdt_trx,647286,2022-10-30,0
usdc_eth,26480,2022-10-30,0
dai,3543,2022-10-30,0
usdt_eth,73817,2022-10-31,0
usdt_trx,772407,2022-10-31,0
usdc_eth,35205,2022-10-31,0
dai,3914,2022-10-31,0
usdt_eth,69449,2022-11-01,0
usdc_eth,34419,2022-11-01,0
dai,4299,2022-11-01,0
usdt_trx,773262,2022-11-01,0
dai,4903,2022-11-02,0
usdt_trx,748719,2022-11-02,0
usdt_eth,72946,2022-11-02,0
usdc_eth,33190,2022-11-02,0
dai,4398,2022-11-03,0
usdc_eth,31489,2022-11-03,0
usdt_eth,110293,2022-11-03,0
usdt_trx,777208,2022-11-03,0
dai,4107,2022-11-04,0
usdc_eth,33788,2022-11-04,0
usdt_eth,70676,2022-11-04,0
usdt_trx,753892,2022-11-04,0
dai,3226,2022-11-05,0
usdt_eth,60582,2022-11-05,0
usdc_eth,26084,2022-11-05,0
usdt_trx,738276,2022-11-05,0
usdt_eth,54710,2022-11-06,0
usdt_trx,686767,2022-11-06,0
dai,3105,2022-11-06,0
usdc_eth,27601,2022-11-06,0
usdt_trx,825169,2022-11-07,0
dai,4338,2022-11-07,0
usdc_eth,38907,2022-11-07,0
usdt_eth,75176,2022-11-07,0
usdc_eth,50729,2022-11-08,0
usdt_trx,915333,2022-11-08,0
usdt_eth,95289,2022-11-08,0
dai,5332,2022-11-08,0
usdt_eth,110840,2022-11-09,0
usdc_eth,91693,2022-11-09,0
dai,7154,2022-11-09,0
usdt_trx,960957,2022-11-09,0
usdt_eth,114916,2022-11-10,0
usdt_trx,935472,2022-11-10,0
usdc_eth,64729,2022-11-10,0
dai,6589,2022-11-10,0
dai,5379,2022-11-11,0
usdt_trx,868484,2022-11-11,0
usdt_eth,86918,2022-11-11,0
usdc_eth,48157,2022-11-11,0
usdc_eth,36522,2022-11-12,0
usdt_eth,66416,2022-11-12,0
usdt_trx,783899,2022-11-12,0
dai,4627,2022-11-12,0
usdc_eth,44572,2022-11-13,0
dai,4702,2022-11-13,0
usdt_eth,73424,2022-11-13,0
usdt_trx,831258,2022-11-13,0
usdc_eth,67446,2022-11-14,0
usdt_eth,83073,2022-11-14,0
dai,5382,2022-11-14,0
usdt_trx,914668,2022-11-14,0
usdt_eth,84344,2022-11-15,0
dai,4855,2022-11-15,0
usdt_trx,1062230,2022-11-15,0
usdc_eth,58338,2022-11-15,0
usdt_eth,80652,2022-11-16,0
dai,5389,2022-11-16,0
usdt_trx,1134358,2022-11-16,0
usdc_eth,41319,2022-11-16,0
dai,4528,2022-11-17,0
usdt_trx,1138235,2022-11-17,0
usdc_eth,39664,2022-11-17,0
usdt_eth,79794,2022-11-17,0
usdc_eth,36849,2022-11-18,0
usdt_trx,928458,2022-11-18,0
dai,4374,2022-11-18,0
usdt_eth,77623,2022-11-18,0
usdt_trx,983066,2022-11-19,0
dai,4154,2022-11-19,0
usdt_eth,61796,2022-11-19,0
usdc_eth,27952,2022-11-19,0
usdt_trx,867226,2022-11-20,0
dai,4436,2022-11-20,0
usdt_eth,60332,2022-11-20,0
usdc_eth,32721,2022-11-20,0
usdc_eth,44376,2022-11-21,0
usdt_trx,960293,2022-11-21,0
usdt_eth,76161,2022-11-21,0
dai,5304,2022-11-21,0
usdt_eth,76659,2022-11-22,0
usdt_trx,900530,2022-11-22,0
usdc_eth,39076,2022-11-22,0
dai,4968,2022-11-22,0
usdc_eth,34629,2022-11-23,0
usdt_eth,69147,2022-11-23,0
dai,4497,2022-11-23,0
usdt_trx,910106,2022-11-23,0
usdt_trx,985283,2022-11-24,0
usdc_eth,42644,2022-11-24,0
dai,6466,2022-11-24,0
usdt_eth,85477,2022-11-24,0
dai,4558,2022-11-25,0
usdt_eth,89543,2022-11-25,0
usdt_trx,947711,2022-11-25,0
usdc_eth,30295,2022-11-25,0
dai,3648,2022-11-26,0
usdt_trx,937494,2022-11-26,0
usdc_eth,29763,2022-11-26,0
usdt_eth,57523,2022-11-26,0
usdt_trx,882653,2022-11-27,0
dai,3483,2022-11-27,0
usdc_eth,26128,2022-11-27,0
usdt_eth,49093,2022-11-27,0
usdt_trx,1051755,2022-11-28,0
dai,4536,2022-11-28,0
usdc_eth,35436,2022-11-28,0
usdt_eth,81773,2022-11-28,0
dai,4916,2022-11-29,0
usdt_trx,1230220,2022-11-29,0
usdt_eth,109560,2022-11-29,0
usdc_eth,34638,2022-11-29,0
usdt_trx,1063904,2022-11-30,0
dai,4556,2022-11-30,0
usdt_eth,88143,2022-11-30,0
usdc_eth,47021,2022-11-30,0
usdt_eth,84162,2022-12-01,1
usdt_trx,1148402,2022-12-01,1
dai,4685,2022-12-01,1
usdc_eth,42226,2022-12-01,1
dai,4428,2022-12-02,1
usdc_eth,37361,2022-12-02,1
usdt_eth,92201,2022-12-02,1
usdt_trx,1097358,2022-12-02,1
usdt_eth,62039,2022-12-03,1
usdc_eth,26578,2022-12-03,1
usdt_trx,1044211,2022-12-03,1
dai,3416,2022-12-03,1
dai,3288,2022-12-04,1
usdt_trx,1044634,2022-12-04,1
usdc_eth,26705,2022-12-04,1
usdt_eth,62872,2022-12-04,1
usdt_trx,1293658,2022-12-05,1
usdc_eth,39644,2022-12-05,1
usdt_eth,104686,2022-12-05,1
dai,4365,2022-12-05,1
usdt_trx,1129514,2022-12-06,1
usdt_eth,92733,2022-12-06,1
usdc_eth,36323,2022-12-06,1
dai,3682,2022-12-06,1
dai,4178,2022-12-07,1
usdc_eth,36872,2022-12-07,1
usdt_eth,83684,2022-12-07,1
usdt_trx,1050270,2022-12-07,1
usdc_eth,36879,2022-12-08,1
usdt_eth,79888,2022-12-08,1
dai,3681,2022-12-08,1
usdt_trx,1319712,2022-12-08,1
usdc_eth,34031,2022-12-09,1
dai,3088,2022-12-09,1
usdt_trx,1076741,2022-12-09,1
usdt_eth,248027,2022-12-09,1
usdc_eth,27226,2022-12-10,1
usdt_trx,2811617,2022-12-10,1
usdt_eth,236603,2022-12-10,1
dai,3099,2022-12-10,1
usdc_eth,29039,2022-12-11,1
usdt_trx,958133,2022-12-11,1
dai,3024,2022-12-11,1
usdt_eth,107894,2022-12-11,1
usdt_eth,129878,2022-12-12,1
usdc_eth,42180,2022-12-12,1
dai,4191,2022-12-12,1
usdt_trx,1305263,2022-12-12,1
usdc_eth,49965,2022-12-13,1
dai,5280,2022-12-13,1
usdt_trx,1093287,2022-12-13,1
usdt_eth,135114,2022-12-13,1
dai,4364,2022-12-14,1
usdt_eth,135225,2022-12-14,1
usdt_trx,1289397,2022-12-14,1
usdc_eth,43953,2022-12-14,1
usdc_eth,42293,2022-12-15,1
dai,4119,2022-12-15,1
usdt_trx,979194,2022-12-15,1
usdt_eth,119427,2022-12-15,1
usdt_eth,138158,2022-12-16,1
usdt_trx,1009312,2022-12-16,1
usdc_eth,48020,2022-12-16,1
dai,4907,2022-12-16,1
usdc_eth,41187,2022-12-17,1
dai,4019,2022-12-17,1
usdt_eth,94385,2022-12-17,1
usdt_trx,968705,2022-12-17,1
usdt_trx,857211,2022-12-18,1
dai,2953,2022-12-18,1
usdt_eth,87239,2022-12-18,1
usdc_eth,28598,2022-12-18,1
usdt_eth,95761,2022-12-19,1
usdc_eth,42547,2022-12-19,1
dai,3763,2022-12-19,1
usdt_trx,1076338,2022-12-19,1
usdt_eth,88831,2022-12-20,1
usdt_trx,1035457,2022-12-20,1
usdc_eth,38220,2022-12-20,1
dai,4364,2022-12-20,1
usdt_trx,1002832,2022-12-21,1
dai,5063,2022-12-21,1
usdc_eth,42372,2022-12-21,1
usdt_eth,98041,2022-12-21,1
usdc_eth,42137,2022-12-22,1
dai,4308,2022-12-22,1
usdt_eth,122802,2022-12-22,1
usdt_trx,940250,2022-12-22,1
usdt_trx,909448,2022-12-23,1
usdc_eth,39473,2022-12-23,1
dai,3989,2022-12-23,1
usdt_eth,108555,2022-12-23,1
usdt_trx,777002,2022-12-24,1
dai,4570,2022-12-24,1
usdc_eth,38049,2022-12-24,1
usdt_eth,64763,2022-12-24,1
usdt_eth,53321,2022-12-25,1
dai,4093,2022-12-25,1
usdc_eth,32511,2022-12-25,1
usdt_trx,731376,2022-12-25,1
dai,3788,2022-12-26,1
usdt_eth,98234,2022-12-26,1
usdc_eth,28792,2022-12-26,1
usdt_trx,888089,2022-12-26,1
usdc_eth,33495,2022-12-27,1
usdt_trx,941915,2022-12-27,1
dai,4048,2022-12-27,1
usdt_eth,130462,2022-12-27,1
usdt_trx,960558,2022-12-28,1
usdc_eth,35626,2022-12-28,1
dai,4149,2022-12-28,1
usdt_eth,78747,2022-12-28,1
dai,4240,2022-12-29,1
usdc_eth,39594,2022-12-29,1
usdt_eth,83193,2022-12-29,1
usdt_trx,962827,2022-12-29,1
dai,4391,2022-12-30,1
usdt_eth,101996,2022-12-30,1
usdc_eth,43689,2022-12-30,1
usdt_trx,912051,2022-12-30,1
usdc_eth,50911,2022-12-31,1
dai,3977,2022-12-31,1
usdt_eth,76514,2022-12-31,1
usdt_trx,832212,2022-12-31,1
usdt_trx,735109,2023-01-01,1
dai,3066,2023-01-01,1
usdc_eth,40472,2023-01-01,1
usdt_eth,53739,2023-01-01,1
usdt_eth,72121,2023-01-02,1
dai,3891,2023-01-02,1
usdc_eth,47201,2023-01-02,1
usdt_trx,836537,2023-01-02,1
usdc_eth,55422,2023-01-03,1
dai,4186,2023-01-03,1
usdt_eth,85329,2023-01-03,1
usdt_trx,890624,2023-01-03,1
dai,4061,2023-01-04,1
usdt_eth,111429,2023-01-04,1
usdt_trx,947320,2023-01-04,1
usdc_eth,42116,2023-01-04,1
usdt_trx,967071,2023-01-05,1
usdt_eth,97802,2023-01-05,1
dai,4033,2023-01-05,1
usdc_eth,43894,2023-01-05,1
usdc_eth,52894,2023-01-06,1
dai,5614,2023-01-06,1
usdt_eth,100152,2023-01-06,1
usdt_trx,965085,2023-01-06,1
dai,5783,2023-01-07,1
usdt_eth,80917,2023-01-07,1
usdc_eth,48539,2023-01-07,1
usdt_trx,846991,2023-01-07,1
dai,3763,2023-01-08,1
usdt_eth,72852,2023-01-08,1
usdt_trx,853710,2023-01-08,1
usdc_eth,33905,2023-01-08,1
dai,4582,2023-01-09,1
usdt_trx,1086560,2023-01-09,1
usdt_eth,117257,2023-01-09,1
usdc_eth,46065,2023-01-09,1
usdt_trx,991379,2023-01-10,1
dai,4692,2023-01-10,1
usdc_eth,48450,2023-01-10,1
usdt_eth,126499,2023-01-10,1
usdt_trx,935618,2023-01-11,1
usdt_eth,108994,2023-01-11,1
dai,4036,2023-01-11,1
usdc_eth,42742,2023-01-11,1
usdc_eth,56082,2023-01-12,1
usdt_trx,973312,2023-01-12,1
usdt_eth,127817,2023-01-12,1
dai,5263,2023-01-12,1
usdc_eth,45753,2023-01-13,1
usdt_trx,983041,2023-01-13,1
usdt_eth,107811,2023-01-13,1
dai,4377,2023-01-13,1
usdt_eth,90502,2023-01-14,1
usdc_eth,45359,2023-01-14,1
usdt_trx,864595,2023-01-14,1
dai,4815,2023-01-14,1
dai,3899,2023-01-15,1
usdt_trx,814024,2023-01-15,1
usdt_eth,99346,2023-01-15,1
usdc_eth,37941,2023-01-15,1
usdt_trx,1033433,2023-01-16,1
dai,4574,2023-01-16,1
usdc_eth,45294,2023-01-16,1
usdt_eth,126468,2023-01-16,1
usdt_trx,973156,2023-01-17,1
dai,4566,2023-01-17,1
usdc_eth,45580,2023-01-17,1
usdt_eth,113800,2023-01-17,1
usdt_trx,831372,2023-01-18,1
usdt_eth,116365,2023-01-18,1
usdc_eth,49445,2023-01-18,1
dai,5287,2023-01-18,1
usdt_eth,109219,2023-01-19,1
usdc_eth,47619,2023-01-19,1
dai,5235,2023-01-19,1
usdt_trx,858560,2023-01-19,1
usdt_trx,845128,2023-01-20,1
usdt_eth,96065,2023-01-20,1
dai,4262,2023-01-20,1
usdc_eth,46176,2023-01-20,1
usdt_trx,707388,2023-01-21,1
usdt_eth,96566,2023-01-21,1
dai,5390,2023-01-21,1
usdc_eth,46982,2023-01-21,1
usdc_eth,36039,2023-01-22,1
usdt_eth,82200,2023-01-22,1
dai,4501,2023-01-22,1
usdt_trx,683556,2023-01-22,1
usdc_eth,38518,2023-01-23,1
usdt_trx,836948,2023-01-23,1
usdt_eth,83117,2023-01-23,1
dai,4570,2023-01-23,1
dai,4378,2023-01-24,1
usdt_trx,803707,2023-01-24,1
usdt_eth,75346,2023-01-24,1
usdc_eth,35749,2023-01-24,1
dai,4704,2023-01-25,1
usdt_eth,107816,2023-01-25,1
usdt_trx,829884,2023-01-25,1
usdc_eth,41460,2023-01-25,1
usdt_trx,772912,2023-01-26,1
usdc_eth,48834,2023-01-26,1
usdt_eth,85522,2023-01-26,1
dai,5096,2023-01-26,1
usdt_trx,788841,2023-01-27,1
usdt_eth,97299,2023-01-27,1
usdc_eth,45424,2023-01-27,1
dai,4395,2023-01-27,1
usdt_trx,739348,2023-01-28,1
dai,4102,2023-01-28,1
usdt_eth,71251,2023-01-28,1
usdc_eth,30540,2023-01-28,1
usdt_trx,770130,2023-01-29,1
usdc_eth,28706,2023-01-29,1
usdt_eth,64020,2023-01-29,1
dai,4029,2023-01-29,1
usdc_eth,41307,2023-01-30,1
usdt_trx,876243,2023-01-30,1
usdt_eth,89410,2023-01-30,1
dai,5496,2023-01-30,1
usdt_trx,872847,2023-01-31,1
dai,5538,2023-01-31,1
usdc_eth,43384,2023-01-31,1
usdt_eth,97575,2023-01-31,1
usdc_eth,52196,2023-02-01,1
usdt_trx,875170,2023-02-01,1
dai,4790,2023-02-01,1
usdt_eth,119654,2023-02-01,1
usdt_trx,957330,2023-02-02,1
usdt_eth,118801,2023-02-02,1
dai,12402,2023-02-02,1
usdc_eth,57553,2023-02-02,1
dai,5155,2023-02-03,1
usdt_trx,906333,2023-02-03,1
usdc_eth,48133,2023-02-03,1
usdt_eth,103793,2023-02-03,1
dai,4248,2023-02-04,1
usdc_eth,44588,2023-02-04,1
usdt_eth,97294,2023-02-04,1
usdt_trx,849249,2023-02-04,1
usdt_eth,91401,2023-02-05,1
usdt_trx,774062,2023-02-05,1
usdc_eth,39972,2023-02-05,1
dai,4136,2023-02-05,1
usdt_eth,124470,2023-02-06,1
usdc_eth,50829,2023-02-06,1
usdt_trx,756408,2023-02-06,1
dai,4531,2023-02-06,1
dai,5241,2023-02-07,1
usdc_eth,61334,2023-02-07,1
usdt_eth,147704,2023-02-07,1
usdt_trx,751391,2023-02-07,1
usdt_trx,828270,2023-02-08,1
dai,4929,2023-02-08,1
usdt_eth,145403,2023-02-08,1
usdc_eth,58204,2023-02-08,1
usdc_eth,57155,2023-02-09,1
usdt_trx,833701,2023-02-09,1
dai,4997,2023-02-09,1
usdt_eth,138891,2023-02-09,1
usdt_trx,795631,2023-02-10,1
usdt_eth,143283,2023-02-10,1
dai,5311,2023-02-10,1
usdc_eth,61571,2023-02-10,1
usdt_trx,700596,2023-02-11,1
usdt_eth,109199,2023-02-11,1
dai,4296,2023-02-11,1
usdc_eth,44361,2023-02-11,1
usdc_eth,40188,2023-02-12,1
dai,4056,2023-02-12,1
usdt_eth,98315,2023-02-12,1
usdt_trx,606856,2023-02-12,1
usdc_eth,52891,2023-02-13,1
usdt_eth,142220,2023-02-13,1
dai,5123,2023-02-13,1
usdt_trx,745935,2023-02-13,1
usdt_trx,746440,2023-02-14,1
dai,4395,2023-02-14,1
usdc_eth,54577,2023-02-14,1
usdt_eth,149897,2023-02-14,1
dai,4758,2023-02-15,1
usdc_eth,49871,2023-02-15,1
usdt_trx,756590,2023-02-15,1
usdt_eth,120466,2023-02-15,1
usdt_eth,127080,2023-02-16,1
usdc_eth,52349,2023-02-16,1
usdt_trx,762723,2023-02-16,1
dai,4654,2023-02-16,1
usdt_trx,759435,2023-02-17,1
dai,4627,2023-02-17,1
usdt_eth,112113,2023-02-17,1
usdc_eth,44686,2023-02-17,1
usdt_trx,668960,2023-02-18,1
dai,3890,2023-02-18,1
usdt_eth,84236,2023-02-18,1
usdc_eth,34892,2023-02-18,1
dai,3282,2023-02-19,1
usdt_eth,65080,2023-02-19,1
usdc_eth,30011,2023-02-19,1
usdt_trx,645274,2023-02-19,1
usdt_trx,803304,2023-02-20,1
usdc_eth,37468,2023-02-20,1
usdt_eth,86183,2023-02-20,1
dai,3639,2023-02-20,1
dai,3782,2023-02-21,1
usdt_trx,772550,2023-02-21,1
usdc_eth,39596,2023-02-21,1
usdt_eth,97117,2023-02-21,1
usdc_eth,40517,2023-02-22,1
dai,3903,2023-02-22,1
usdt_trx,774243,2023-02-22,1
usdt_eth,102049,2023-02-22,1
usdt_eth,100146,2023-02-23,1
usdt_trx,773906,2023-02-23,1
dai,3884,2023-02-23,1
usdc_eth,38839,2023-02-23,1
usdt_trx,760867,2023-02-24,1
usdc_eth,35783,2023-02-24,1
usdt_eth,83228,2023-02-24,1
dai,3853,2023-02-24,1
usdt_eth,66433,2023-02-25,1
usdc_eth,27676,2023-02-25,1
usdt_trx,678669,2023-02-25,1
dai,3104,2023-02-25,1
dai,3236,2023-02-26,1
usdt_trx,641426,2023-02-26,1
usdt_eth,63031,2023-02-26,1
usdc_eth,26144,2023-02-26,1
dai,3734,2023-02-27,1
usdt_eth,85345,2023-02-27,1
usdc_eth,35775,2023-02-27,1
usdt_trx,784869,2023-02-27,1
usdc_eth,39983,2023-02-28,1
usdt_trx,792210,2023-02-28,1
dai,3955,2023-02-28,1
usdt_eth,93471,2023-02-28,1
usdt_eth,91060,2023-03-01,1
usdt_trx,840698,2023-03-01,1
dai,3950,2023-03-01,1
usdc_eth,41301,2023-03-01,1
usdt_trx,807686,2023-03-02,1
usdt_eth,90129,2023-03-02,1
usdc_eth,39927,2023-03-02,1
dai,3560,2023-03-02,1
usdc_eth,41714,2023-03-03,1
dai,4166,2023-03-03,1
usdt_trx,771327,2023-03-03,1
usdt_eth,97264,2023-03-03,1
dai,2743,2023-03-04,1
usdc_eth,26578,2023-03-04,1
usdt_trx,685825,2023-03-04,1
usdt_eth,66008,2023-03-04,1
dai,2587,2023-03-05,1
usdc_eth,25383,2023-03-05,1
usdt_trx,652131,2023-03-05,1
usdt_eth,59565,2023-03-05,1
usdt_trx,763620,2023-03-06,1
usdc_eth,34046,2023-03-06,1
usdt_eth,82313,2023-03-06,1
dai,3205,2023-03-06,1
dai,3300,2023-03-07,1
usdc_eth,36104,2023-03-07,1
usdt_eth,85381,2023-03-07,1
usdt_trx,804561,2023-03-07,1
usdt_trx,787423,2023-03-08,1
usdc_eth,34439,2023-03-08,1
dai,3434,2023-03-08,1
usdt_eth,82413,2023-03-08,1
usdt_trx,820127,2023-03-09,1
dai,4319,2023-03-09,1
usdt_eth,98289,2023-03-09,1
usdc_eth,41530,2023-03-09,1
dai,6217,2023-03-10,1
usdc_eth,65111,2023-03-10,1
usdt_eth,111025,2023-03-10,1
usdt_trx,842638,2023-03-10,1
usdt_trx,723594,2023-03-11,1
usdt_eth,102074,2023-03-11,1
usdc_eth,119313,2023-03-11,1
dai,14659,2023-03-11,1
usdt_trx,645321,2023-03-12,1
usdc_eth,45919,2023-03-12,1
usdt_eth,86730,2023-03-12,1
dai,7036,2023-03-12,1
usdt_trx,841399,2023-03-13,1
usdc_eth,50439,2023-03-13,1
usdt_eth,121698,2023-03-13,1
dai,8759,2023-03-13,1
dai,5584,2023-03-14,1
usdc_eth,39750,2023-03-14,1
usdt_eth,118619,2023-03-14,1
usdt_trx,839745,2023-03-14,1
usdc_eth,33031,2023-03-15,1
usdt_eth,104587,2023-03-15,1
dai,4502,2023-03-15,1
usdt_trx,843955,2023-03-15,1
usdt_eth,106696,2023-03-16,1
dai,4527,2023-03-16,1
usdt_trx,843872,2023-03-16,1
usdc_eth,35437,2023-03-16,1
usdt_eth,113989,2023-03-17,1
dai,4644,2023-03-17,1
usdt_trx,838571,2023-03-17,1
usdc_eth,31950,2023-03-17,1
dai,4035,2023-03-18,1
usdc_eth,26692,2023-03-18,1
usdt_eth,86605,2023-03-18,1
usdt_trx,717237,2023-03-18,1
usdc_eth,25798,2023-03-19,1
usdt_trx,670529,2023-03-19,1
usdt_eth,73189,2023-03-19,1
dai,3558,2023-03-19,1
dai,3982,2023-03-20,1
usdt_trx,871640,2023-03-20,1
usdt_eth,112690,2023-03-20,1
usdc_eth,32379,2023-03-20,1
dai,4471,2023-03-21,1
usdc_eth,33485,2023-03-21,1
usdt_trx,820110,2023-03-21,1
usdt_eth,100259,2023-03-21,1
usdt_trx,837478,2023-03-22,1
usdt_eth,99263,2023-03-22,1
usdc_eth,33347,2023-03-22,1
dai,4687,2023-03-22,1
usdt_eth,104407,2023-03-23,1
usdt_trx,874660,2023-03-23,1
usdc_eth,35373,2023-03-23,1
dai,4024,2023-03-23,1
usdt_trx,825606,2023-03-24,1
usdc_eth,32840,2023-03-24,1
usdt_eth,92371,2023-03-24,1
dai,4196,2023-03-24,1
usdt_eth,68839,2023-03-25,1
usdt_trx,718346,2023-03-25,1
usdc_eth,25486,2023-03-25,1
dai,3073,2023-03-25,1
usdt_eth,65678,2023-03-26,1
usdt_trx,679891,2023-03-26,1
usdc_eth,25068,2023-03-26,1
dai,3341,2023-03-26,1
usdt_trx,881247,2023-03-27,1
usdc_eth,35034,2023-03-27,1
usdt_eth,96023,2023-03-27,1
dai,4670,2023-03-27,1
usdt_eth,96937,2023-03-28,1
usdc_eth,38951,2023-03-28,1
dai,4695,2023-03-28,1
usdt_trx,940330,2023-03-28,1
usdt_trx,982325,2023-03-29,1
usdt_eth,97219,2023-03-29,1
dai,3730,2023-03-29,1
usdc_eth,32926,2023-03-29,1
usdt_eth,91883,2023-03-30,1
usdc_eth,30767,2023-03-30,1
dai,3322,2023-03-30,1
usdt_trx,875051,2023-03-30,1
usdt_trx,881806,2023-03-31,1
usdc_eth,37203,2023-03-31,1
usdt_eth,106342,2023-03-31,1
dai,3762,2023-03-31,1
usdt_trx,754779,2023-04-01,1
dai,3185,2023-04-01,1
usdc_eth,26822,2023-04-01,1
usdt_eth,73250,2023-04-01,1
usdt_eth,66802,2023-04-02,1
usdt_trx,748913,2023-04-02,1
dai,2868,2023-04-02,1
usdc_eth,24016,2023-04-02,1
usdt_eth,88973,2023-04-03,1
usdc_eth,32490,2023-04-03,1
usdt_trx,943982,2023-04-03,1
dai,3396,2023-04-03,1
dai,3164,2023-04-04,1
usdc_eth,29709,2023-04-04,1
usdt_eth,85652,2023-04-04,1
usdt_trx,965954,2023-04-04,1
dai,3080,2023-04-05,1
usdc_eth,29489,2023-04-05,1
usdt_eth,80674,2023-04-05,1
usdt_trx,932208,2023-04-05,1
dai,2909,2023-04-06,1
usdt_eth,78077,2023-04-06,1
usdt_trx,929680,2023-04-06,1
usdc_eth,30034,2023-04-06,1
usdt_eth,71958,2023-04-07,1
usdc_eth,29509,2023-04-07,1
dai,2606,2023-04-07,1
usdt_trx,909519,2023-04-07,1
usdc_eth,21572,2023-04-08,1
usdt_eth,56048,2023-04-08,1
usdt_trx,905762,2023-04-08,1
dai,2283,2023-04-08,1
usdt_eth,54852,2023-04-09,1
usdc_eth,19211,2023-04-09,1
usdt_trx,788134,2023-04-09,1
dai,2175,2023-04-09,1
usdc_eth,29724,2023-04-10,1
usdt_trx,1014661,2023-04-10,1
usdt_eth,78078,2023-04-10,1
dai,2886,2023-04-10,1
usdt_trx,1014213,2023-04-11,1
usdc_eth,35418,2023-04-11,1
dai,3096,2023-04-11,1
usdt_eth,85547,2023-04-11,1
dai,4353,2023-04-12,1
usdc_eth,29235,2023-04-12,1
usdt_eth,80775,2023-04-12,1
usdt_trx,1008537,2023-04-12,1
dai,3035,2023-04-13,1
usdt_eth,79945,2023-04-13,1
usdc_eth,26826,2023-04-13,1
usdt_trx,1016594,2023-04-13,1
usdc_eth,31925,2023-04-14,1
usdt_trx,1029323,2023-04-14,1
usdt_eth,86000,2023-04-14,1
dai,3464,2023-04-14,1
usdc_eth,21959,2023-04-15,1
usdt_eth,66886,2023-04-15,1
usdt_trx,829261,2023-04-15,1
dai,2454,2023-04-15,1
usdc_eth,20798,2023-04-16,1
usdt_eth,58180,2023-04-16,1
usdt_trx,734700,2023-04-16,1
dai,2299,2023-04-16,1
usdt_trx,1045311,2023-04-17,1
dai,3025,2023-04-17,1
usdt_eth,78137,2023-04-17,1
usdc_eth,27840,2023-04-17,1
usdt_trx,1028752,2023-04-18,1
usdt_eth,79059,2023-04-18,1
dai,2515,2023-04-18,1
usdc_eth,25453,2023-04-18,1
dai,2430,2023-04-19,1
usdc_eth,25863,2023-04-19,1
usdt_trx,1039796,2023-04-19,1
usdt_eth,77882,2023-04-19,1
usdt_trx,977034,2023-04-20,1
usdc_eth,26107,2023-04-20,1
dai,2568,2023-04-20,1
usdt_eth,81711,2023-04-20,1
usdt_eth,84910,2023-04-21,1
usdc_eth,33473,2023-04-21,1
dai,2811,2023-04-21,1
usdt_trx,924687,2023-04-21,1
usdt_eth,57668,2023-04-22,1
usdt_trx,709034,2023-04-22,1
dai,2080,2023-04-22,1
usdc_eth,20067,2023-04-22,1
usdt_trx,682981,2023-04-23,1
usdt_eth,52567,2023-04-23,1
usdc_eth,17174,2023-04-23,1
dai,1916,2023-04-23,1
usdt_eth,72950,2023-04-24,1
usdt_trx,900277,2023-04-24,1
dai,2286,2023-04-24,1
usdc_eth,23448,2023-04-24,1
dai,3080,2023-04-25,1
usdt_eth,75921,2023-04-25,1
usdt_trx,999076,2023-04-25,1
usdc_eth,24849,2023-04-25,1
usdt_trx,1032338,2023-04-26,1
usdt_eth,74906,2023-04-26,1
usdc_eth,26059,2023-04-26,1
dai,3362,2023-04-26,1
dai,3142,2023-04-27,1
usdc_eth,24961,2023-04-27,1
usdt_eth,72510,2023-04-27,1
usdt_trx,1012170,2023-04-27,1
dai,2838,2023-04-28,1
usdt_trx,1043099,2023-04-28,1
usdc_eth,24217,2023-04-28,1
usdt_eth,72363,2023-04-28,1
dai,2356,2023-04-29,1
usdc_eth,18088,2023-04-29,1
usdt_eth,54039,2023-04-29,1
usdt_trx,857795,2023-04-29,1
usdc_eth,18638,2023-04-30,1
usdt_eth,54219,2023-04-30,1
dai,2301,2023-04-30,1
usdt_trx,849043,2023-04-30,1
dai,2559,2023-05-01,1
usdt_trx,1047592,2023-05-01,1
usdc_eth,26332,2023-05-01,1
usdt_eth,71743,2023-05-01,1
dai,2500,2023-05-02,1
usdt_eth,80544,2023-05-02,1
usdt_trx,1061994,2023-05-02,1
usdc_eth,28440,2023-05-02,1
usdt_trx,1073715,2023-05-03,1
dai,2753,2023-05-03,1
usdt_eth,80459,2023-05-03,1
usdc_eth,26517,2023-05-03,1
usdt_eth,82414,2023-05-04,1
dai,2670,2023-05-04,1
usdt_trx,1062416,2023-05-04,1
usdc_eth,25608,2023-05-04,1
dai,2173,2023-05-05,1
usdt_trx,1094956,2023-05-05,1
usdt_eth,82050,2023-05-05,1
usdc_eth,23951,2023-05-05,1
usdt_trx,873004,2023-05-06,1
usdt_eth,61508,2023-05-06,1
dai,1843,2023-05-06,1
usdc_eth,19133,2023-05-06,1
usdt_trx,794370,2023-05-07,1
usdt_eth,55599,2023-05-07,1
dai,2125,2023-05-07,1
usdc_eth,16537,2023-05-07,1
dai,3004,2023-05-08,1
usdt_trx,984057,2023-05-08,1
usdt_eth,77047,2023-05-08,1
usdc_eth,25903,2023-05-08,1
dai,3409,2023-05-09,1
usdt_trx,955283,2023-05-09,1
usdc_eth,24064,2023-05-09,1
usdt_eth,76329,2023-05-09,1
usdt_trx,985434,2023-05-10,1
usdc_eth,22907,2023-05-10,1
dai,2335,2023-05-10,1
usdt_eth,75562,2023-05-10,1
usdt_eth,68113,2023-05-11,1
dai,2271,2023-05-11,1
usdt_trx,992786,2023-05-11,1
usdc_eth,21548,2023-05-11,1
usdt_trx,997368,2023-05-12,1
usdt_eth,80188,2023-05-12,1
dai,2937,2023-05-12,1
usdc_eth,25495,2023-05-12,1
usdt_eth,57190,2023-05-13,1
usdt_trx,852693,2023-05-13,1
dai,2220,2023-05-13,1
usdc_eth,19892,2023-05-13,1
usdt_eth,52006,2023-05-14,1
usdc_eth,16320,2023-05-14,1
dai,2140,2023-05-14,1
usdt_trx,823731,2023-05-14,1
dai,2595,2023-05-15,1
usdt_eth,69992,2023-05-15,1
usdt_trx,1064073,2023-05-15,1
usdc_eth,21512,2023-05-15,1
dai,4210,2023-05-16,1
usdt_eth,69195,2023-05-16,1
usdt_trx,1066585,2023-05-16,1
usdc_eth,23868,2023-05-16,1
dai,4061,2023-05-17,1
usdt_eth,68009,2023-05-17,1
usdt_trx,1037156,2023-05-17,1
usdc_eth,29369,2023-05-17,1
dai,3980,2023-05-18,1
usdt_trx,991075,2023-05-18,1
usdt_eth,70148,2023-05-18,1
usdc_eth,25171,2023-05-18,1
usdc_eth,24060,2023-05-19,1
dai,3009,2023-05-19,1
usdt_eth,73010,2023-05-19,1
usdt_trx,987713,2023-05-19,1
dai,2618,2023-05-20,1
usdc_eth,16848,2023-05-20,1
usdt_eth,53700,2023-05-20,1
usdt_trx,855357,2023-05-20,1
dai,3327,2023-05-21,1
usdt_eth,54460,2023-05-21,1
usdt_trx,764761,2023-05-21,1
usdc_eth,17006,2023-05-21,1
usdt_eth,69183,2023-05-22,1
usdc_eth,25670,2023-05-22,1
usdt_trx,870141,2023-05-22,1
dai,3681,2023-05-22,1
usdc_eth,24598,2023-05-23,1
dai,3181,2023-05-23,1
usdt_eth,67696,2023-05-23,1
usdt_trx,850204,2023-05-23,1
usdt_eth,71193,2023-05-24,1
usdc_eth,24616,2023-05-24,1
usdt_trx,856456,2023-05-24,1
dai,3368,2023-05-24,1
dai,3341,2023-05-25,1
usdt_eth,73722,2023-05-25,1
usdc_eth,22927,2023-05-25,1
usdt_trx,831786,2023-05-25,1
dai,2765,2023-05-26,1
usdt_eth,69802,2023-05-26,1
usdc_eth,21307,2023-05-26,1
usdt_trx,801712,2023-05-26,1
usdt_trx,793091,2023-05-27,1
dai,2349,2023-05-27,1
usdc_eth,16043,2023-05-27,1
usdt_eth,53422,2023-05-27,1
usdc_eth,15470,2023-05-28,1
dai,2292,2023-05-28,1
usdt_eth,48816,2023-05-28,1
usdt_trx,745644,2023-05-28,1
usdt_trx,935351,2023-05-29,1
usdc_eth,19146,2023-05-29,1
dai,2536,2023-05-29,1
usdt_eth,65058,2023-05-29,1
usdt_trx,943326,2023-05-30,1
usdc_eth,28303,2023-05-30,1
dai,2619,2023-05-30,1
usdt_eth,67428,2023-05-30,1
usdt_eth,74842,2023-05-31,1
usdt_trx,972695,2023-05-31,1
usdc_eth,24603,2023-05-31,1
dai,3046,2023-05-31,1
usdt_eth,73067,2023-06-01,1
usdc_eth,23678,2023-06-01,1
dai,2813,2023-06-01,1
usdt_trx,926005,2023-06-01,1
usdt_trx,919422,2023-06-02,1
dai,2793,2023-06-02,1
usdt_eth,72164,2023-06-02,1
usdc_eth,23437,2023-06-02,1
dai,2366,2023-06-03,1
usdt_trx,792641,2023-06-03,1
usdt_eth,56808,2023-06-03,1
usdc_eth,17783,2023-06-03,1
usdt_eth,58413,2023-06-04,1
usdt_trx,711030,2023-06-04,1
usdc_eth,16425,2023-06-04,1
dai,2099,2023-06-04,1
usdt_trx,983577,2023-06-05,1
usdc_eth,25819,2023-06-05,1
dai,3073,2023-06-05,1
usdt_eth,87227,2023-06-05,1
usdt_trx,982562,2023-06-06,1
usdt_eth,91542,2023-06-06,1
dai,3002,2023-06-06,1
usdc_eth,24692,2023-06-06,1
dai,2907,2023-06-07,1
usdt_eth,74492,2023-06-07,1
usdc_eth,22972,2023-06-07,1
usdt_trx,982327,2023-06-07,1
usdt_eth,72910,2023-06-08,1
usdc_eth,37381,2023-06-08,1
usdt_trx,1088047,2023-06-08,1
dai,2634,2023-06-08,1
usdt_trx,1009003,2023-06-09,1
dai,4331,2023-06-09,1
usdc_eth,24462,2023-06-09,1
usdt_eth,74599,2023-06-09,1
dai,4034,2023-06-10,1
usdt_eth,94367,2023-06-10,1
usdc_eth,56377,2023-06-10,1
usdt_trx,1080589,2023-06-10,1
usdc_eth,26897,2023-06-11,1
usdt_trx,947982,2023-06-11,1
usdt_eth,108343,2023-06-11,1
dai,2667,2023-06-11,1
dai,2979,2023-06-12,1
usdt_trx,1091041,2023-06-12,1
usdt_eth,85442,2023-06-12,1
usdc_eth,26789,2023-06-12,1
usdt_trx,1094960,2023-06-13,1
usdt_eth,82694,2023-06-13,1
usdc_eth,26633,2023-06-13,1
dai,2829,2023-06-13,1
dai,2876,2023-06-14,1
usdt_trx,998236,2023-06-14,1
usdc_eth,28660,2023-06-14,1
usdt_eth,81336,2023-06-14,1
dai,3456,2023-06-15,1
usdc_eth,34657,2023-06-15,1
usdt_trx,1145492,2023-06-15,1
usdt_eth,94399,2023-06-15,1
usdt_eth,84235,2023-06-16,1
usdc_eth,28671,2023-06-16,1
dai,3090,2023-06-16,1
usdt_trx,912154,2023-06-16,1
usdc_eth,19147,2023-06-17,1
dai,2253,2023-06-17,1
usdt_eth,62486,2023-06-17,1
usdt_trx,701356,2023-06-17,1
usdt_trx,633816,2023-06-18,1
usdc_eth,15987,2023-06-18,1
usdt_eth,53475,2023-06-18,1
dai,2041,2023-06-18,1
dai,2452,2023-06-19,1
usdt_eth,75890,2023-06-19,1
usdc_eth,21865,2023-06-19,1
usdt_trx,773433,2023-06-19,1
usdt_eth,78706,2023-06-20,1
usdc_eth,25093,2023-06-20,1
usdt_trx,794985,2023-06-20,1
dai,2769,2023-06-20,1
dai,3534,2023-06-21,1
usdt_trx,787748,2023-06-21,1
usdt_eth,85793,2023-06-21,1
usdc_eth,29074,2023-06-21,1
dai,2802,2023-06-22,1
usdc_eth,25750,2023-06-22,1
usdt_trx,720169,2023-06-22,1
usdt_eth,76561,2023-06-22,1
usdc_eth,24589,2023-06-23,1
dai,13971,2023-06-23,1
usdt_eth,76431,2023-06-23,1
usdt_trx,741988,2023-06-23,1
usdc_eth,20959,2023-06-24,1
usdt_eth,59369,2023-06-24,1
dai,2965,2023-06-24,1
usdt_trx,677752,2023-06-24,1
usdt_trx,635838,2023-06-25,1
usdt_eth,55032,2023-06-25,1
usdc_eth,20421,2023-06-25,1
dai,2167,2023-06-25,1
dai,6045,2023-06-26,1
usdc_eth,26642,2023-06-26,1
usdt_eth,81254,2023-06-26,1
usdt_trx,794160,2023-06-26,1
dai,3027,2023-06-27,1
usdt_eth,77585,2023-06-27,1
usdt_trx,786300,2023-06-27,1
usdc_eth,34802,2023-06-27,1
usdt_trx,781374,2023-06-28,1
dai,2662,2023-06-28,1
usdt_eth,81279,2023-06-28,1
usdc_eth,34056,2023-06-28,1
usdc_eth,29414,2023-06-29,1
usdt_eth,78325,2023-06-29,1
dai,2511,2023-06-29,1
usdt_trx,767280,2023-06-29,1
usdc_eth,36242,2023-06-30,1
usdt_eth,93713,2023-06-30,1
dai,3150,2023-06-30,1
usdt_trx,840923,2023-06-30,1
dai,2668,2023-07-01,1
usdc_eth,27903,2023-07-01,1
usdt_trx,687503,2023-07-01,1
usdt_eth,66341,2023-07-01,1
usdc_eth,23922,2023-07-02,1
dai,2386,2023-07-02,1
usdt_trx,647103,2023-07-02,1
usdt_eth,57731,2023-07-02,1
usdc_eth,35358,2023-07-03,1
dai,3212,2023-07-03,1
usdt_eth,82105,2023-07-03,1
usdt_trx,837332,2023-07-03,1
usdt_trx,826629,2023-07-04,1
dai,2723,2023-07-04,1
usdt_eth,77464,2023-07-04,1
usdc_eth,30714,2023-07-04,1
usdc_eth,28583,2023-07-05,1
usdt_eth,70311,2023-07-05,1
dai,2542,2023-07-05,1
usdt_trx,835341,2023-07-05,1
usdc_eth,28160,2023-07-06,1
usdt_trx,823377,2023-07-06,1
dai,2545,2023-07-06,1
usdt_eth,78575,2023-07-06,1
usdt_trx,834119,2023-07-07,1
usdt_eth,78433,2023-07-07,1
dai,2561,2023-07-07,1
usdc_eth,33805,2023-07-07,1
usdc_eth,26843,2023-07-08,1
dai,2250,2023-07-08,1
usdt_eth,59214,2023-07-08,1
usdt_trx,700512,2023-07-08,1
dai,1917,2023-07-09,1
usdt_eth,53629,2023-07-09,1
usdt_trx,664996,2023-07-09,1
usdc_eth,25070,2023-07-09,1
usdt_eth,83491,2023-07-10,1
usdt_trx,873721,2023-07-10,1
usdc_eth,31078,2023-07-10,1
dai,2496,2023-07-10,1
usdt_eth,81960,2023-07-11,1
usdt_trx,819364,2023-07-11,1
usdc_eth,29876,2023-07-11,1
dai,3054,2023-07-11,1
usdc_eth,28197,2023-07-12,1
dai,2275,2023-07-12,1
usdt_eth,75768,2023-07-12,1
usdt_trx,815856,2023-07-12,1
usdc_eth,32620,2023-07-13,1
dai,2804,2023-07-13,1
usdt_trx,815783,2023-07-13,1
usdt_eth,83714,2023-07-13,1
usdc_eth,34918,2023-07-14,1
usdt_trx,859095,2023-07-14,1
usdt_eth,93538,2023-07-14,1
dai,3032,2023-07-14,1
usdc_eth,22775,2023-07-15,1
usdt_trx,806789,2023-07-15,1
dai,2368,2023-07-15,1
usdt_eth,61920,2023-07-15,1
dai,2118,2023-07-16,1
usdc_eth,21980,2023-07-16,1
usdt_trx,845342,2023-07-16,1
usdt_eth,59248,2023-07-16,1
dai,2484,2023-07-17,1
usdc_eth,27260,2023-07-17,1
usdt_trx,848969,2023-07-17,1
usdt_eth,82123,2023-07-17,1
usdt_eth,78626,2023-07-18,1
usdt_trx,873761,2023-07-18,1
usdc_eth,26812,2023-07-18,1
dai,2334,2023-07-18,1
usdt_eth,78525,2023-07-19,1
usdt_trx,820498,2023-07-19,1
usdc_eth,26576,2023-07-19,1
dai,2470,2023-07-19,1
usdt_trx,818571,2023-07-20,1
usdc_eth,28754,2023-07-20,1
usdt_eth,75767,2023-07-20,1
dai,3319,2023-07-20,1
dai,2360,2023-07-21,1
usdc_eth,37910,2023-07-21,1
usdt_eth,66885,2023-07-21,1
usdt_trx,876414,2023-07-21,1
dai,2021,2023-07-22,1
usdc_eth,35002,2023-07-22,1
usdt_eth,53512,2023-07-22,1
usdt_trx,671328,2023-07-22,1
dai,1886,2023-07-23,1
usdc_eth,20152,2023-07-23,1
usdt_eth,49744,2023-07-23,1
usdt_trx,618575,2023-07-23,1
usdc_eth,28965,2023-07-24,1
usdt_trx,884251,2023-07-24,1
dai,2505,2023-07-24,1
usdt_eth,74388,2023-07-24,1
usdc_eth,25263,2023-07-25,1
usdt_eth,70926,2023-07-25,1
dai,2377,2023-07-25,1
usdt_trx,869946,2023-07-25,1
usdt_eth,75959,2023-07-26,1
usdc_eth,31936,2023-07-26,1
dai,2555,2023-07-26,1
usdt_trx,875562,2023-07-26,1
usdc_eth,24079,2023-07-27,1
dai,2341,2023-07-27,1
usdt_trx,815328,2023-07-27,1
usdt_eth,74514,2023-07-27,1
dai,2380,2023-07-28,1
usdc_eth,21395,2023-07-28,1
usdt_trx,793746,2023-07-28,1
usdt_eth,68508,2023-07-28,1
usdt_eth,53774,2023-07-29,1
usdc_eth,18040,2023-07-29,1
usdt_trx,675485,2023-07-29,1
dai,2015,2023-07-29,1
usdt_eth,51963,2023-07-30,1
usdc_eth,18089,2023-07-30,1
dai,2082,2023-07-30,1
usdt_trx,668701,2023-07-30,1
usdc_eth,39203,2023-07-31,1
dai,3293,2023-07-31,1
usdt_eth,78483,2023-07-31,1
usdt_trx,920686,2023-07-31,1
usdc_eth,30318,2023-08-01,1
usdt_trx,953144,2023-08-01,1
dai,3926,2023-08-01,1
usdt_eth,86033,2023-08-01,1
usdt_eth,79268,2023-08-02,1
usdc_eth,25813,2023-08-02,1
usdt_trx,930819,2023-08-02,1
dai,3412,2023-08-02,1
usdc_eth,25285,2023-08-03,1
usdt_trx,906025,2023-08-03,1
dai,2933,2023-08-03,1
usdt_eth,76377,2023-08-03,1
dai,2695,2023-08-04,1
usdc_eth,23761,2023-08-04,1
usdt_eth,75070,2023-08-04,1
usdt_trx,917220,2023-08-04,1
usdc_eth,16920,2023-08-05,1
usdt_eth,57818,2023-08-05,1
dai,2226,2023-08-05,1
usdt_trx,693183,2023-08-05,1
usdt_trx,652906,2023-08-06,1
usdt_eth,55073,2023-08-06,1
usdc_eth,17313,2023-08-06,1
dai,2312,2023-08-06,1
usdc_eth,23930,2023-08-07,1
dai,2857,2023-08-07,1
usdt_eth,80569,2023-08-07,1
usdt_trx,1011455,2023-08-07,1
usdc_eth,26680,2023-08-08,1
usdt_trx,950573,2023-08-08,1
usdt_eth,85364,2023-08-08,1
dai,2799,2023-08-08,1
usdt_trx,854366,2023-08-09,1
usdt_eth,86725,2023-08-09,1
dai,2793,2023-08-09,1
usdc_eth,24389,2023-08-09,1
usdt_trx,867080,2023-08-10,1
dai,2643,2023-08-10,1
usdt_eth,85416,2023-08-10,1
usdc_eth,23578,2023-08-10,1
dai,2753,2023-08-11,1
usdt_eth,77758,2023-08-11,1
usdt_trx,800802,2023-08-11,1
usdc_eth,23900,2023-08-11,1
usdc_eth,16892,2023-08-12,1
usdt_eth,54362,2023-08-12,1
usdt_trx,687909,2023-08-12,1
dai,2164,2023-08-12,1
dai,2077,2023-08-13,1
usdt_eth,51190,2023-08-13,1
usdt_trx,643786,2023-08-13,1
usdc_eth,16598,2023-08-13,1
usdt_trx,838381,2023-08-14,1
usdc_eth,22871,2023-08-14,1
usdt_eth,76135,2023-08-14,1
dai,2476,2023-08-14,1
dai,2499,2023-08-15,1
usdt_trx,838705,2023-08-15,1
usdt_eth,85227,2023-08-15,1
usdc_eth,26880,2023-08-15,1
usdt_trx,818474,2023-08-16,1
usdc_eth,25412,2023-08-16,1
usdt_eth,79725,2023-08-16,1
dai,3116,2023-08-16,1
usdc_eth,30100,2023-08-17,1
usdt_trx,827254,2023-08-17,1
usdt_eth,86068,2023-08-17,1
dai,3575,2023-08-17,1
usdt_trx,817364,2023-08-18,1
dai,3493,2023-08-18,1
usdt_eth,89732,2023-08-18,1
usdc_eth,31466,2023-08-18,1
usdc_eth,21898,2023-08-19,1
usdt_trx,684176,2023-08-19,1
dai,2399,2023-08-19,1
usdt_eth,61420,2023-08-19,1
usdt_trx,654453,2023-08-20,1
dai,2182,2023-08-20,1
usdc_eth,17701,2023-08-20,1
usdt_eth,56308,2023-08-20,1
usdt_eth,78569,2023-08-21,1
usdt_trx,806015,2023-08-21,1
dai,2633,2023-08-21,1
usdc_eth,24877,2023-08-21,1
usdc_eth,26256,2023-08-22,1
usdt_trx,784259,2023-08-22,1
usdt_eth,74929,2023-08-22,1
dai,2681,2023-08-22,1
usdt_trx,779988,2023-08-23,1
usdc_eth,25361,2023-08-23,1
usdt_eth,77573,2023-08-23,1
dai,2667,2023-08-23,1
usdt_trx,761986,2023-08-24,1
dai,2892,2023-08-24,1
usdt_eth,76455,2023-08-24,1
usdc_eth,23953,2023-08-24,1
usdc_eth,22889,2023-08-25,1
usdt_trx,776327,2023-08-25,1
usdt_eth,71656,2023-08-25,1
dai,2468,2023-08-25,1
dai,2032,2023-08-26,1
usdc_eth,18526,2023-08-26,1
usdt_trx,663110,2023-08-26,1
usdt_eth,59417,2023-08-26,1
dai,2048,2023-08-27,1
usdt_eth,58000,2023-08-27,1
usdt_trx,654830,2023-08-27,1
usdc_eth,17549,2023-08-27,1
dai,2256,2023-08-28,1
usdt_eth,72848,2023-08-28,1
usdc_eth,24204,2023-08-28,1
usdt_trx,807374,2023-08-28,1
dai,2494,2023-08-29,1
usdt_trx,837302,2023-08-29,1
usdc_eth,25274,2023-08-29,1
usdt_eth,76489,2023-08-29,1
usdc_eth,23394,2023-08-30,1
usdt_eth,75971,2023-08-30,1
usdt_trx,838143,2023-08-30,1
dai,2608,2023-08-30,1
dai,2741,2023-08-31,1
usdt_trx,829801,2023-08-31,1
usdt_eth,80787,2023-08-31,1
usdc_eth,26884,2023-08-31,1
usdt_eth,83271,2023-09-01,1
usdt_trx,849383,2023-09-01,1
dai,3128,2023-09-01,1
usdc_eth,28120,2023-09-01,1
dai,2226,2023-09-02,1
usdt_eth,62205,2023-09-02,1
usdc_eth,18823,2023-09-02,1
usdt_trx,724733,2023-09-02,1
usdc_eth,16704,2023-09-03,1
usdt_trx,686249,2023-09-03,1
usdt_eth,54588,2023-09-03,1
dai,1827,2023-09-03,1
usdt_eth,82697,2023-09-04,1
dai,2401,2023-09-04,1
usdc_eth,22581,2023-09-04,1
usdt_trx,822252,2023-09-04,1
dai,2472,2023-09-05,1
usdt_eth,80150,2023-09-05,1
usdc_eth,25086,2023-09-05,1
usdt_trx,863903,2023-09-05,1
usdt_trx,813056,2023-09-06,1
dai,2469,2023-09-06,1
usdc_eth,23052,2023-09-06,1
usdt_eth,76989,2023-09-06,1
usdt_eth,75626,2023-09-07,1
usdc_eth,22180,2023-09-07,1
usdt_trx,814536,2023-09-07,1
dai,2447,2023-09-07,1
usdt_eth,80329,2023-09-08,1
usdc_eth,23418,2023-09-08,1
dai,2601,2023-09-08,1
usdt_trx,806456,2023-09-08,1
usdt_eth,56550,2023-09-09,1
usdc_eth,16521,2023-09-09,1
dai,1875,2023-09-09,1
usdt_trx,692661,2023-09-09,1
usdt_trx,665214,2023-09-10,1
usdt_eth,57206,2023-09-10,1
usdc_eth,16754,2023-09-10,1
dai,2212,2023-09-10,1
dai,3012,2023-09-11,1
usdc_eth,25303,2023-09-11,1
usdt_trx,833798,2023-09-11,1
usdt_eth,81457,2023-09-11,1
usdt_eth,79750,2023-09-12,1
dai,2691,2023-09-12,1
usdc_eth,24097,2023-09-12,1
usdt_trx,802715,2023-09-12,1
dai,2266,2023-09-13,1
usdc_eth,22535,2023-09-13,1
usdt_eth,76065,2023-09-13,1
usdt_trx,791885,2023-09-13,1
usdt_trx,794645,2023-09-14,1
usdt_eth,86521,2023-09-14,1
dai,2271,2023-09-14,1
usdc_eth,22184,2023-09-14,1
usdt_trx,832133,2023-09-15,1
dai,2302,2023-09-15,1
usdc_eth,23908,2023-09-15,1
usdt_eth,83280,2023-09-15,1
dai,2137,2023-09-16,1
usdc_eth,18775,2023-09-16,1
usdt_eth,60005,2023-09-16,1
usdt_trx,726776,2023-09-16,1
dai,1964,2023-09-17,1
usdt_eth,53922,2023-09-17,1
usdt_trx,717856,2023-09-17,1
usdc_eth,16729,2023-09-17,1
usdt_trx,908103,2023-09-18,1
usdc_eth,27150,2023-09-18,1
dai,2489,2023-09-18,1
usdt_eth,78707,2023-09-18,1
dai,2526,2023-09-19,1
usdt_trx,953253,2023-09-19,1
usdt_eth,81549,2023-09-19,1
usdc_eth,22966,2023-09-19,1
usdt_eth,77807,2023-09-20,1
usdt_trx,925076,2023-09-20,1
dai,2359,2023-09-20,1
usdc_eth,22191,2023-09-20,1
usdt_eth,79938,2023-09-21,1
dai,2554,2023-09-21,1
usdc_eth,24590,2023-09-21,1
usdt_trx,957200,2023-09-21,1
usdc_eth,22274,2023-09-22,1
usdt_trx,898043,2023-09-22,1
usdt_eth,78341,2023-09-22,1
dai,2435,2023-09-22,1
dai,1932,2023-09-23,1
usdt_trx,768286,2023-09-23,1
usdc_eth,16391,2023-09-23,1
usdt_eth,59780,2023-09-23,1
dai,1974,2023-09-24,1
usdc_eth,16603,2023-09-24,1
usdt_trx,742672,2023-09-24,1
usdt_eth,55097,2023-09-24,1
dai,2414,2023-09-25,1
usdt_trx,921740,2023-09-25,1
usdt_eth,80035,2023-09-25,1
usdc_eth,24015,2023-09-25,1
usdt_eth,79039,2023-09-26,1
usdt_trx,943331,2023-09-26,1
dai,2358,2023-09-26,1
usdc_eth,23242,2023-09-26,1
usdt_trx,919473,2023-09-27,1
usdc_eth,23763,2023-09-27,1
dai,2610,2023-09-27,1
usdt_eth,79701,2023-09-27,1
dai,2629,2023-09-28,1
usdt_eth,83521,2023-09-28,1
usdt_trx,1048223,2023-09-28,1
usdc_eth,25489,2023-09-28,1
usdt_eth,79878,2023-09-29,1
dai,2646,2023-09-29,1
usdc_eth,26173,2023-09-29,1
usdt_trx,842229,2023-09-29,1
usdt_eth,63376,2023-09-30,1
usdt_trx,815949,2023-09-30,1
usdc_eth,20903,2023-09-30,1
dai,2219,2023-09-30,1
usdc_eth,20408,2023-10-01,1
dai,2310,2023-10-01,1
usdt_eth,63380,2023-10-01,1
usdt_trx,770062,2023-10-01,1
usdc_eth,29052,2023-10-02,1
dai,2966,2023-10-02,1
usdt_eth,88222,2023-10-02,1
usdt_trx,901888,2023-10-02,1
dai,2542,2023-10-03,1
usdt_eth,79735,2023-10-03,1
usdt_trx,875005,2023-10-03,1
usdc_eth,25480,2023-10-03,1
usdt_eth,89226,2023-10-04,1
usdt_trx,881919,2023-10-04,1
usdc_eth,26992,2023-10-04,1
dai,2656,2023-10-04,1
usdt_eth,85421,2023-10-05,1
usdt_trx,884605,2023-10-05,1
usdc_eth,28690,2023-10-05,1
dai,2706,2023-10-05,1
usdt_eth,85867,2023-10-06,1
usdt_trx,940103,2023-10-06,1
dai,2377,2023-10-06,1
usdc_eth,27891,2023-10-06,1
usdt_eth,81544,2023-10-07,1
usdc_eth,17804,2023-10-07,1
dai,2064,2023-10-07,1
usdt_trx,823908,2023-10-07,1
usdt_eth,71818,2023-10-08,1
dai,1912,2023-10-08,1
usdc_eth,16862,2023-10-08,1
usdt_trx,773314,2023-10-08,1
usdc_eth,24207,2023-10-09,1
usdt_eth,91200,2023-10-09,1
dai,2819,2023-10-09,1
usdt_trx,919263,2023-10-09,1
usdt_trx,899855,2023-10-10,1
usdc_eth,24780,2023-10-10,1
dai,2812,2023-10-10,1
usdt_eth,87351,2023-10-10,1
usdt_trx,890627,2023-10-11,1
usdt_eth,85146,2023-10-11,1
usdc_eth,26387,2023-10-11,1
dai,2615,2023-10-11,1
usdt_trx,881183,2023-10-12,1
usdt_eth,81863,2023-10-12,1
dai,2788,2023-10-12,1
usdc_eth,27542,2023-10-12,1
usdt_eth,81220,2023-10-13,1
dai,2415,2023-10-13,1
usdt_trx,893791,2023-10-13,1
usdc_eth,25492,2023-10-13,1
usdc_eth,21013,2023-10-14,1
usdt_eth,74252,2023-10-14,1
usdt_trx,756733,2023-10-14,1
dai,1936,2023-10-14,1
usdc_eth,18010,2023-10-15,1
usdt_eth,58361,2023-10-15,1
usdt_trx,753525,2023-10-15,1
dai,2012,2023-10-15,1
usdt_trx,919951,2023-10-16,1
usdt_eth,86987,2023-10-16,1
dai,2835,2023-10-16,1
usdc_eth,27975,2023-10-16,1
usdt_trx,894785,2023-10-17,1
usdc_eth,25895,2023-10-17,1
usdt_eth,85893,2023-10-17,1
dai,2604,2023-10-17,1
dai,2590,2023-10-18,1
usdt_trx,876316,2023-10-18,1
usdt_eth,80561,2023-10-18,1
usdc_eth,25037,2023-10-18,1
dai,2572,2023-10-19,1
usdc_eth,25506,2023-10-19,1
usdt_eth,82190,2023-10-19,1
usdt_trx,889294,2023-10-19,1
dai,2754,2023-10-20,1
usdt_eth,85104,2023-10-20,1
usdt_trx,924694,2023-10-20,1
usdc_eth,26242,2023-10-20,1
usdc_eth,21680,2023-10-21,1
dai,2345,2023-10-21,1
usdt_eth,66250,2023-10-21,1
usdt_trx,792012,2023-10-21,1
usdt_trx,783711,2023-10-22,1
usdt_eth,64745,2023-10-22,1
usdc_eth,20186,2023-10-22,1
dai,2212,2023-10-22,1
usdc_eth,30436,2023-10-23,1
dai,3208,2023-10-23,1
usdt_eth,95587,2023-10-23,1
usdt_trx,908791,2023-10-23,1
usdt_trx,963406,2023-10-24,1
usdc_eth,34621,2023-10-24,1
dai,3703,2023-10-24,1
usdt_eth,104696,2023-10-24,1
usdt_eth,93388,2023-10-25,1
dai,3068,2023-10-25,1
usdt_trx,1007115,2023-10-25,1
usdc_eth,32593,2023-10-25,1
usdc_eth,29743,2023-10-26,1
dai,2961,2023-10-26,1
usdt_eth,89168,2023-10-26,1
usdt_trx,931767,2023-10-26,1
usdt_eth,84681,2023-10-27,1
usdc_eth,28168,2023-10-27,1
dai,3016,2023-10-27,1
usdt_trx,972492,2023-10-27,1
usdc_eth,21147,2023-10-28,1
usdt_trx,873319,2023-10-28,1
usdt_eth,66162,2023-10-28,1
dai,2593,2023-10-28,1
usdt_eth,62462,2023-10-29,1
usdc_eth,19598,2023-10-29,1
dai,2321,2023-10-29,1
usdt_trx,891049,2023-10-29,1
usdt_trx,1015150,2023-10-30,1
usdt_eth,87804,2023-10-30,1
usdc_eth,28542,2023-10-30,1
dai,2664,2023-10-30,1
usdc_eth,31988,2023-10-31,1
usdt_trx,1057990,2023-10-31,1
dai,2862,2023-10-31,1
usdt_eth,95462,2023-10-31,1
usdt_trx,1095722,2023-11-01,1
usdt_eth,96669,2023-11-01,1
dai,3071,2023-11-01,1
usdc_eth,31502,2023-11-01,1
usdt_trx,1002878,2023-11-02,1
usdc_eth,32085,2023-11-02,1
usdt_eth,96360,2023-11-02,1
dai,3085,2023-11-02,1
usdt_eth,91833,2023-11-03,1
usdt_trx,1072561,2023-11-03,1
usdc_eth,28836,2023-11-03,1
dai,2589,2023-11-03,1
usdt_eth,68120,2023-11-04,1
usdt_trx,856381,2023-11-04,1
dai,2341,2023-11-04,1
usdc_eth,21187,2023-11-04,1
usdc_eth,21518,2023-11-05,1
usdt_eth,66682,2023-11-05,1
usdt_trx,856567,2023-11-05,1
dai,2477,2023-11-05,1
usdt_eth,90127,2023-11-06,1
usdt_trx,874122,2023-11-06,1
usdc_eth,26848,2023-11-06,1
dai,2696,2023-11-06,1
usdt_trx,891613,2023-11-07,1
usdc_eth,28479,2023-11-07,1
dai,2604,2023-11-07,1
usdt_eth,90351,2023-11-07,1
usdt_eth,89296,2023-11-08,1
usdc_eth,26799,2023-11-08,1
dai,2788,2023-11-08,1
usdt_trx,876551,2023-11-08,1
usdc_eth,31920,2023-11-09,1
usdt_eth,99747,2023-11-09,1
usdt_trx,909170,2023-11-09,1
dai,3048,2023-11-09,1
usdt_eth,97724,2023-11-10,1
usdt_trx,900115,2023-11-10,1
dai,2793,2023-11-10,1
usdc_eth,29926,2023-11-10,1
usdt_trx,829914,2023-11-11,1
dai,2400,2023-11-11,1
usdt_eth,79313,2023-11-11,1
usdc_eth,24610,2023-11-11,1
usdc_eth,22410,2023-11-12,1
dai,2294,2023-11-12,1
usdt_eth,70831,2023-11-12,1
usdt_trx,753556,2023-11-12,1
usdt_eth,85741,2023-11-13,1
usdc_eth,26811,2023-11-13,1
usdt_trx,943845,2023-11-13,1
dai,2339,2023-11-13,1
usdc_eth,28101,2023-11-14,1
usdt_trx,926405,2023-11-14,1
usdt_eth,91390,2023-11-14,1
dai,2536,2023-11-14,1
dai,3097,2023-11-15,1
usdt_eth,95130,2023-11-15,1
usdt_trx,947766,2023-11-15,1
usdc_eth,30164,2023-11-15,1
dai,2430,2023-11-16,1
usdt_trx,910334,2023-11-16,1
usdt_eth,92565,2023-11-16,1
usdc_eth,28919,2023-11-16,1
usdt_trx,897896,2023-11-17,1
usdc_eth,27967,2023-11-17,1
dai,2534,2023-11-17,1
usdt_eth,88258,2023-11-17,1
usdt_trx,788194,2023-11-18,1
usdc_eth,23516,2023-11-18,1
dai,2146,2023-11-18,1
usdt_eth,69990,2023-11-18,1
usdc_eth,22200,2023-11-19,1
dai,2192,2023-11-19,1
usdt_trx,819032,2023-11-19,1
usdt_eth,68975,2023-11-19,1
usdt_eth,94814,2023-11-20,1
usdt_trx,1038529,2023-11-20,1
usdc_eth,27648,2023-11-20,1
dai,2549,2023-11-20,1
usdc_eth,30148,2023-11-21,1
usdt_trx,1026644,2023-11-21,1
dai,2683,2023-11-21,1
usdt_eth,100996,2023-11-21,1
usdt_trx,979314,2023-11-22,1
dai,2594,2023-11-22,1
usdt_eth,98988,2023-11-22,1
usdc_eth,28940,2023-11-22,1
usdc_eth,24812,2023-11-23,1
usdt_eth,89068,2023-11-23,1
dai,2255,2023-11-23,1
usdt_trx,882051,2023-11-23,1
usdt_trx,855003,2023-11-24,1
usdt_eth,93576,2023-11-24,1
usdc_eth,26689,2023-11-24,1
dai,2402,2023-11-24,1
usdc_eth,21526,2023-11-25,1
usdt_eth,71937,2023-11-25,1
dai,2011,2023-11-25,1
usdt_trx,752277,2023-11-25,1
usdt_eth,66958,2023-11-26,1
dai,1950,2023-11-26,1
usdc_eth,20625,2023-11-26,1
usdt_trx,709806,2023-11-26,1
dai,2321,2023-11-27,1
usdt_trx,888665,2023-11-27,1
usdt_eth,84741,2023-11-27,1
usdc_eth,26584,2023-11-27,1
usdt_trx,871716,2023-11-28,1
usdt_eth,84041,2023-11-28,1
usdc_eth,26453,2023-11-28,1
dai,2135,2023-11-28,1
dai,2658,2023-11-29,1
usdt_trx,885328,2023-11-29,1
usdc_eth,31407,2023-11-29,1
usdt_eth,107375,2023-11-29,1
usdt_eth,93120,2023-11-30,1
usdt_trx,896622,2023-11-30,1
dai,2298,2023-11-30,1
usdc_eth,29056,2023-11-30,1
dai,2494,2023-12-01,1
usdt_trx,919685,2023-12-01,1
usdc_eth,30954,2023-12-01,1
usdt_eth,94776,2023-12-01,1
usdt_eth,77726,2023-12-02,1
dai,2252,2023-12-02,1
usdc_eth,26216,2023-12-02,1
usdt_trx,769894,2023-12-02,1
dai,2297,2023-12-03,1
usdc_eth,25216,2023-12-03,1
usdt_eth,70992,2023-12-03,1
usdt_trx,745336,2023-12-03,1
usdc_eth,34625,2023-12-04,1
dai,2935,2023-12-04,1
usdt_trx,939333,2023-12-04,1
usdt_eth,102537,2023-12-04,1
dai,2756,2023-12-05,1
usdc_eth,33920,2023-12-05,1
usdt_trx,929554,2023-12-05,1
usdt_eth,101249,2023-12-05,1
dai,2537,2023-12-06,1
usdc_eth,33855,2023-12-06,1
usdt_eth,92166,2023-12-06,1
usdt_trx,910085,2023-12-06,1
usdt_trx,928105,2023-12-07,1
usdt_eth,110017,2023-12-07,1
dai,2698,2023-12-07,1
usdc_eth,34642,2023-12-07,1
dai,2720,2023-12-08,1
usdt_trx,913016,2023-12-08,1
usdc_eth,36151,2023-12-08,1
usdt_eth,104144,2023-12-08,1
usdc_eth,29195,2023-12-09,1
dai,2562,2023-12-09,1
usdt_eth,82562,2023-12-09,1
usdt_trx,799481,2023-12-09,1
usdc_eth,27595,2023-12-10,1
dai,2311,2023-12-10,1
usdt_eth,78156,2023-12-10,1
usdt_trx,751570,2023-12-10,1
usdt_eth,103637,2023-12-11,1
usdt_trx,926708,2023-12-11,1
dai,2863,2023-12-11,1
usdc_eth,35635,2023-12-11,1
usdt_trx,907715,2023-12-12,1
usdc_eth,29635,2023-12-12,1
dai,2628,2023-12-12,1
usdt_eth,88739,2023-12-12,1
dai,2761,2023-12-13,1
usdt_trx,896049,2023-12-13,1
usdc_eth,27262,2023-12-13,1
usdt_eth,85412,2023-12-13,1
usdt_eth,90791,2023-12-14,1
dai,2390,2023-12-14,1
usdc_eth,30312,2023-12-14,1
usdt_trx,911678,2023-12-14,1
usdc_eth,30845,2023-12-15,1
dai,2137,2023-12-15,1
usdt_eth,87509,2023-12-15,1
usdt_trx,937989,2023-12-15,1
usdt_trx,775802,2023-12-16,1
usdt_eth,69926,2023-12-16,1
usdc_eth,22930,2023-12-16,1
dai,1896,2023-12-16,1
dai,1868,2023-12-17,1
usdt_trx,739912,2023-12-17,1
usdt_eth,66877,2023-12-17,1
usdc_eth,23353,2023-12-17,1
usdt_trx,963874,2023-12-18,1
usdc_eth,46380,2023-12-18,1
dai,3182,2023-12-18,1
usdt_eth,144154,2023-12-18,1
usdt_trx,925792,2023-12-19,1
usdc_eth,29944,2023-12-19,1
dai,2542,2023-12-19,1
usdt_eth,92603,2023-12-19,1
usdt_trx,940515,2023-12-20,1
usdt_eth,89854,2023-12-20,1
usdc_eth,29402,2023-12-20,1
dai,2357,2023-12-20,1
usdt_eth,89945,2023-12-21,1
usdc_eth,33092,2023-12-21,1
usdt_trx,869554,2023-12-21,1
dai,2507,2023-12-21,1
usdt_eth,104732,2023-12-22,1
usdc_eth,36546,2023-12-22,1
dai,2621,2023-12-22,1
usdt_trx,859994,2023-12-22,1
dai,2295,2023-12-23,1
usdt_eth,81428,2023-12-23,1
usdt_trx,781373,2023-12-23,1
usdc_eth,28874,2023-12-23,1
usdt_trx,744512,2023-12-24,1
dai,2233,2023-12-24,1
usdc_eth,28034,2023-12-24,1
usdt_eth,74012,2023-12-24,1
usdt_trx,824004,2023-12-25,1
usdc_eth,27464,2023-12-25,1
dai,2229,2023-12-25,1
usdt_eth,76199,2023-12-25,1
usdt_trx,860411,2023-12-26,1
usdc_eth,31235,2023-12-26,1
dai,2716,2023-12-26,1
usdt_eth,87039,2023-12-26,1
usdc_eth,31312,2023-12-27,1
dai,2669,2023-12-27,1
usdt_eth,91575,2023-12-27,1
usdt_trx,866808,2023-12-27,1
usdc_eth,34051,2023-12-28,1
usdt_trx,901592,2023-12-28,1
dai,2840,2023-12-28,1
usdt_eth,95628,2023-12-28,1
usdt_eth,94404,2023-12-29,1
usdc_eth,33237,2023-12-29,1
usdt_trx,911850,2023-12-29,1
dai,2530,2023-12-29,1
usdt_trx,736682,2023-12-30,1
usdt_eth,79791,2023-12-30,1
usdc_eth,27766,2023-12-30,1
dai,2291,2023-12-30,1
usdc_eth,27661,2023-12-31,1
usdt_trx,685320,2023-12-31,1
dai,2545,2023-12-31,1
usdt_eth,70285,2023-12-31,1
usdt_trx,695035,2024-01-01,1
dai,2396,2024-01-01,1
usdt_eth,68727,2024-01-01,1
usdc_eth,27998,2024-01-01,1
usdt_eth,98021,2024-01-02,1
usdc_eth,36415,2024-01-02,1
dai,2977,2024-01-02,1
usdt_trx,824028,2024-01-02,1
usdt_eth,98453,2024-01-03,1
dai,3064,2024-01-03,1
usdt_trx,889093,2024-01-03,1
usdc_eth,35583,2024-01-03,1
dai,2942,2024-01-04,1
usdc_eth,34108,2024-01-04,1
usdt_trx,837922,2024-01-04,1
usdt_eth,99656,2024-01-04,1
dai,2704,2024-01-05,1
usdc_eth,32078,2024-01-05,1
usdt_eth,95169,2024-01-05,1
usdt_trx,837330,2024-01-05,1
usdt_trx,739984,2024-01-06,1
usdc_eth,24168,2024-01-06,1
dai,2099,2024-01-06,1
usdt_eth,71920,2024-01-06,1
usdc_eth,20432,2024-01-07,1
dai,1838,2024-01-07,1
usdt_eth,65685,2024-01-07,1
usdt_trx,696860,2024-01-07,1
usdt_eth,100464,2024-01-08,1
usdc_eth,34252,2024-01-08,1
usdt_trx,875010,2024-01-08,1
dai,2913,2024-01-08,1
dai,2670,2024-01-09,1
usdt_eth,96899,2024-01-09,1
usdc_eth,34606,2024-01-09,1
usdt_trx,882654,2024-01-09,1
usdc_eth,31138,2024-01-10,1
usdt_eth,96250,2024-01-10,1
usdt_trx,909081,2024-01-10,1
dai,2864,2024-01-10,1
usdc_eth,34613,2024-01-11,1
usdt_trx,929978,2024-01-11,1
usdt_eth,102911,2024-01-11,1
dai,3316,2024-01-11,1
dai,3073,2024-01-12,1
usdt_eth,95347,2024-01-12,1
usdt_trx,884827,2024-01-12,1
usdc_eth,33326,2024-01-12,1
usdt_trx,743456,2024-01-13,1
usdt_eth,76756,2024-01-13,1
usdc_eth,25165,2024-01-13,1
dai,2444,2024-01-13,1
dai,2184,2024-01-14,1
usdt_eth,69665,2024-01-14,1
usdt_trx,705556,2024-01-14,1
usdc_eth,23527,2024-01-14,1
dai,2837,2024-01-15,1
usdt_eth,94620,2024-01-15,1
usdc_eth,29620,2024-01-15,1
usdt_trx,892287,2024-01-15,1
usdt_trx,859982,2024-01-16,1
usdt_eth,90312,2024-01-16,1
usdc_eth,27200,2024-01-16,1
dai,3344,2024-01-16,1
usdt_eth,86594,2024-01-17,1
usdt_trx,854746,2024-01-17,1
usdc_eth,28634,2024-01-17,1
dai,2345,2024-01-17,1
usdt_eth,91102,2024-01-18,1
dai,2698,2024-01-18,1
usdt_trx,868150,2024-01-18,1
usdc_eth,32029,2024-01-18,1
dai,2895,2024-01-19,1
usdt_trx,894045,2024-01-19,1
usdt_eth,98881,2024-01-19,1
usdc_eth,32145,2024-01-19,1
dai,4151,2024-01-20,1
usdc_eth,24986,2024-01-20,1
usdt_trx,772112,2024-01-20,1
usdt_eth,72953,2024-01-20,1
usdt_eth,70336,2024-01-21,1
dai,2291,2024-01-21,1
usdc_eth,24645,2024-01-21,1
usdt_trx,741037,2024-01-21,1
usdc_eth,34671,2024-01-22,1
usdt_eth,100606,2024-01-22,1
usdt_trx,891703,2024-01-22,1
dai,3040,2024-01-22,1
usdt_trx,870689,2024-01-23,1
usdt_eth,99751,2024-01-23,1
dai,3332,2024-01-23,1
usdc_eth,35929,2024-01-23,1
usdc_eth,30946,2024-01-24,1
usdt_trx,839205,2024-01-24,1
usdt_eth,92922,2024-01-24,1
dai,2799,2024-01-24,1
usdt_trx,831199,2024-01-25,1
usdt_eth,86022,2024-01-25,1
dai,2336,2024-01-25,1
usdc_eth,29290,2024-01-25,1
usdt_eth,89117,2024-01-26,1
usdt_trx,823285,2024-01-26,1
usdc_eth,28884,2024-01-26,1
dai,2581,2024-01-26,1
usdt_trx,752742,2024-01-27,1
usdt_eth,68081,2024-01-27,1
dai,2295,2024-01-27,1
usdc_eth,22628,2024-01-27,1
usdc_eth,22853,2024-01-28,1
dai,2275,2024-01-28,1
usdt_trx,712303,2024-01-28,1
usdt_eth,68721,2024-01-28,1
usdc_eth,29272,2024-01-29,1
usdt_eth,103846,2024-01-29,1
usdt_trx,828127,2024-01-29,1
dai,2745,2024-01-29,1
usdt_trx,846979,2024-01-30,1
usdt_eth,101035,2024-01-30,1
dai,2945,2024-01-30,1
usdc_eth,30677,2024-01-30,1
usdc_eth,34633,2024-01-31,1
usdt_trx,889181,2024-01-31,1
dai,2841,2024-01-31,1
usdt_eth,97637,2024-01-31,1
usdt_eth,98397,2024-02-01,1
dai,2684,2024-02-01,1
usdc_eth,33700,2024-02-01,1
usdt_trx,896627,2024-02-01,1
usdt_eth,91196,2024-02-02,1
dai,2585,2024-02-02,1
usdt_trx,869498,2024-02-02,1
usdc_eth,34505,2024-02-02,1
usdt_trx,763333,2024-02-03,1
usdt_eth,70290,2024-02-03,1
dai,1952,2024-02-03,1
usdc_eth,24436,2024-02-03,1
dai,1949,2024-02-04,1
usdt_eth,64930,2024-02-04,1
usdc_eth,25638,2024-02-04,1
usdt_trx,714852,2024-02-04,1
dai,2574,2024-02-05,1
usdt_eth,90138,2024-02-05,1
usdc_eth,34785,2024-02-05,1
usdt_trx,884974,2024-02-05,1
usdt_eth,84816,2024-02-06,1
dai,2183,2024-02-06,1
usdt_trx,852267,2024-02-06,1
usdc_eth,28074,2024-02-06,1
usdt_trx,826370,2024-02-07,1
usdt_eth,85072,2024-02-07,1
dai,2185,2024-02-07,1
usdc_eth,28132,2024-02-07,1
dai,1984,2024-02-08,1
usdc_eth,27977,2024-02-08,1
usdt_eth,85512,2024-02-08,1
usdt_trx,799481,2024-02-08,1
usdt_trx,781319,2024-02-09,1
usdc_eth,26456,2024-02-09,1
usdt_eth,87027,2024-02-09,1
dai,2182,2024-02-09,1
usdt_eth,63170,2024-02-10,1
usdt_trx,647426,2024-02-10,1
dai,2030,2024-02-10,1
usdc_eth,24037,2024-02-10,1
usdc_eth,23612,2024-02-11,1
usdt_eth,62450,2024-02-11,1
usdt_trx,623958,2024-02-11,1
dai,2001,2024-02-11,1
usdt_eth,79189,2024-02-12,1
usdc_eth,25903,2024-02-12,1
dai,2490,2024-02-12,1
usdt_trx,762725,2024-02-12,1
usdt_eth,85414,2024-02-13,1
usdt_trx,789482,2024-02-13,1
dai,2608,2024-02-13,1
usdc_eth,29499,2024-02-13,1
usdt_eth,87252,2024-02-14,1
usdc_eth,30769,2024-02-14,1
usdt_trx,807567,2024-02-14,1
dai,2766,2024-02-14,1
dai,2608,2024-02-15,1
usdt_trx,841015,2024-02-15,1
usdc_eth,32084,2024-02-15,1
usdt_eth,87881,2024-02-15,1
usdt_trx,827907,2024-02-16,1
usdt_eth,88336,2024-02-16,1
usdc_eth,30903,2024-02-16,1
dai,2450,2024-02-16,1
dai,2158,2024-02-17,1
usdc_eth,25271,2024-02-17,1
usdt_trx,745506,2024-02-17,1
usdt_eth,70761,2024-02-17,1
usdt_eth,67582,2024-02-18,1
dai,2844,2024-02-18,1
usdc_eth,23852,2024-02-18,1
usdt_trx,742161,2024-02-18,1
usdt_eth,88202,2024-02-19,1
dai,2922,2024-02-19,1
usdc_eth,31295,2024-02-19,1
usdt_trx,894501,2024-02-19,1
usdc_eth,31880,2024-02-20,1
usdt_trx,903100,2024-02-20,1
dai,2591,2024-02-20,1
usdt_eth,90564,2024-02-20,1
usdc_eth,29569,2024-02-21,1
usdt_trx,885664,2024-02-21,1
usdt_eth,86395,2024-02-21,1
dai,2558,2024-02-21,1
dai,2153,2024-02-22,1
usdt_eth,83651,2024-02-22,1
usdt_trx,884518,2024-02-22,1
usdc_eth,28472,2024-02-22,1
usdc_eth,30283,2024-02-23,1
usdt_trx,849520,2024-02-23,1
dai,2257,2024-02-23,1
usdt_eth,81754,2024-02-23,1
dai,2229,2024-02-24,1
usdt_eth,67369,2024-02-24,1
usdt_trx,756542,2024-02-24,1
usdc_eth,24252,2024-02-24,1
usdc_eth,25137,2024-02-25,1
usdt_trx,753771,2024-02-25,1
dai,2149,2024-02-25,1
usdt_eth,66048,2024-02-25,1
usdt_trx,928562,2024-02-26,1
usdt_eth,91716,2024-02-26,1
usdc_eth,33016,2024-02-26,1
dai,2609,2024-02-26,1
dai,2779,2024-02-27,1
usdt_trx,982365,2024-02-27,1
usdc_eth,34114,2024-02-27,1
usdt_eth,95580,2024-02-27,1
dai,3244,2024-02-28,1
usdc_eth,35691,2024-02-28,1
usdt_trx,1046826,2024-02-28,1
usdt_eth,101798,2024-02-28,1
usdt_eth,104350,2024-02-29,1
usdc_eth,36768,2024-02-29,1
dai,3176,2024-02-29,1
usdt_trx,1052118,2024-02-29,1
usdt_eth,100560,2024-03-01,1
usdc_eth,37054,2024-03-01,1
dai,2715,2024-03-01,1
usdt_trx,1040293,2024-03-01,1
usdt_eth,82854,2024-03-02,1
usdt_trx,948980,2024-03-02,1
usdc_eth,30040,2024-03-02,1
dai,2519,2024-03-02,1
usdt_eth,79064,2024-03-03,1
dai,2461,2024-03-03,1
usdc_eth,30413,2024-03-03,1
usdt_trx,890131,2024-03-03,1
dai,2951,2024-03-04,1
usdt_trx,1056888,2024-03-04,1
usdt_eth,105879,2024-03-04,1
usdc_eth,36914,2024-03-04,1
usdt_eth,117216,2024-03-05,1
usdt_trx,1153057,2024-03-05,1
usdc_eth,40441,2024-03-05,1
dai,3381,2024-03-05,1
usdt_eth,100007,2024-03-06,1
dai,3003,2024-03-06,1
usdt_trx,1043135,2024-03-06,1
usdc_eth,34944,2024-03-06,1
usdt_eth,101390,2024-03-07,1
dai,2652,2024-03-07,1
usdc_eth,34832,2024-03-07,1
usdt_trx,1015393,2024-03-07,1
usdt_eth,95043,2024-03-08,1
dai,2988,2024-03-08,1
usdt_trx,997677,2024-03-08,1
usdc_eth,33235,2024-03-08,1
usdc_eth,27757,2024-03-09,1
usdt_eth,79988,2024-03-09,1
dai,2304,2024-03-09,1
usdt_trx,916624,2024-03-09,1
usdc_eth,26830,2024-03-10,1
usdt_trx,877785,2024-03-10,1
usdt_eth,74681,2024-03-10,1
dai,2590,2024-03-10,1
usdt_trx,1047652,2024-03-11,1
usdt_eth,96160,2024-03-11,1
dai,2887,2024-03-11,1
usdc_eth,34314,2024-03-11,1
dai,2703,2024-03-12,1
usdt_trx,1018576,2024-03-12,1
usdc_eth,33631,2024-03-12,1
usdt_eth,95939,2024-03-12,1
usdc_eth,33642,2024-03-13,1
usdt_eth,90664,2024-03-13,1
dai,2622,2024-03-13,1
usdt_trx,1022549,2024-03-13,1
usdc_eth,36346,2024-03-14,1
dai,2741,2024-03-14,1
usdt_trx,1018656,2024-03-14,1
usdt_eth,93304,2024-03-14,1
usdt_trx,1055345,2024-03-15,1
usdt_eth,101819,2024-03-15,1
dai,3275,2024-03-15,1
usdc_eth,39739,2024-03-15,1
usdt_eth,83859,2024-03-16,1
usdt_trx,923335,2024-03-16,1
dai,2655,2024-03-16,1
usdc_eth,31592,2024-03-16,1
dai,2665,2024-03-17,1
usdt_trx,887652,2024-03-17,1
usdc_eth,30186,2024-03-17,1
usdt_eth,78586,2024-03-17,1
dai,2675,2024-03-18,1
usdc_eth,33153,2024-03-18,1
usdt_trx,1013860,2024-03-18,1
usdt_eth,93127,2024-03-18,1
dai,3213,2024-03-19,1
usdt_trx,1036020,2024-03-19,1
usdc_eth,37122,2024-03-19,1
usdt_eth,99430,2024-03-19,1
usdt_eth,99812,2024-03-20,1
usdc_eth,35987,2024-03-20,1
dai,3034,2024-03-20,1
usdt_trx,1014437,2024-03-20,1
usdt_trx,991214,2024-03-21,1
usdc_eth,31312,2024-03-21,1
dai,2533,2024-03-21,1
usdt_eth,90971,2024-03-21,1
usdt_eth,93888,2024-03-22,1
usdc_eth,31295,2024-03-22,1
usdt_trx,965177,2024-03-22,1
dai,2679,2024-03-22,1
dai,2166,2024-03-23,1
usdt_trx,840685,2024-03-23,1
usdt_eth,83700,2024-03-23,1
usdc_eth,27258,2024-03-23,1
dai,2296,2024-03-24,1
usdc_eth,26312,2024-03-24,1
usdt_trx,811432,2024-03-24,1
usdt_eth,71168,2024-03-24,1
usdt_eth,102596,2024-03-25,1
usdc_eth,35981,2024-03-25,1
usdt_trx,984095,2024-03-25,1
dai,3082,2024-03-25,1
usdt_eth,107034,2024-03-26,1
usdc_eth,34891,2024-03-26,1
usdt_trx,1022956,2024-03-26,1
dai,2590,2024-03-26,1
usdc_eth,33607,2024-03-27,1
dai,2443,2024-03-27,1
usdt_trx,998474,2024-03-27,1
usdt_eth,97425,2024-03-27,1
usdt_eth,96221,2024-03-28,1
usdc_eth,33514,2024-03-28,1
usdt_trx,968467,2024-03-28,1
dai,2308,2024-03-28,1
usdt_eth,87108,2024-03-29,1
dai,2483,2024-03-29,1
usdc_eth,32422,2024-03-29,1
usdt_trx,926883,2024-03-29,1
dai,2082,2024-03-30,1
usdt_trx,834158,2024-03-30,1
usdc_eth,26361,2024-03-30,1
usdt_eth,72725,2024-03-30,1
usdt_eth,73838,2024-03-31,1
dai,2296,2024-03-31,1
usdc_eth,27229,2024-03-31,1
usdt_trx,833082,2024-03-31,1
dai,2961,2024-04-01,1
usdt_trx,1015585,2024-04-01,1
usdc_eth,34341,2024-04-01,1
usdt_eth,93424,2024-04-01,1
dai,3151,2024-04-02,1
usdt_trx,1016862,2024-04-02,1
usdt_eth,101101,2024-04-02,1
usdc_eth,41545,2024-04-02,1
usdt_trx,1006644,2024-04-03,1
usdc_eth,36220,2024-04-03,1
usdt_eth,94498,2024-04-03,1
dai,2593,2024-04-03,1
usdc_eth,39517,2024-04-04,1
usdt_eth,99099,2024-04-04,1
dai,2548,2024-04-04,1
usdt_trx,960914,2024-04-04,1
usdc_eth,36131,2024-04-05,1
usdt_eth,100329,2024-04-05,1
dai,2372,2024-04-05,1
usdt_trx,968382,2024-04-05,1
dai,2140,2024-04-06,1
usdt_eth,76679,2024-04-06,1
usdc_eth,27200,2024-04-06,1
usdt_trx,825448,2024-04-06,1
usdc_eth,25630,2024-04-07,1
usdt_eth,70369,2024-04-07,1
dai,2033,2024-04-07,1
usdt_trx,817849,2024-04-07,1
usdt_trx,989464,2024-04-08,1
dai,2642,2024-04-08,1
usdc_eth,34298,2024-04-08,1
usdt_eth,95230,2024-04-08,1
usdt_trx,976946,2024-04-09,1
dai,2339,2024-04-09,1
usdc_eth,35021,2024-04-09,1
usdt_eth,100336,2024-04-09,1
usdt_eth,100504,2024-04-10,1
usdt_trx,948856,2024-04-10,1
usdc_eth,35585,2024-04-10,1
dai,2345,2024-04-10,1
dai,2164,2024-04-11,1
usdt_trx,945460,2024-04-11,1
usdc_eth,33488,2024-04-11,1
usdt_eth,90357,2024-04-11,1
usdc_eth,35925,2024-04-12,1
usdt_trx,1000281,2024-04-12,1
dai,2785,2024-04-12,1
usdt_eth,99179,2024-04-12,1
usdc_eth,36227,2024-04-13,1
usdt_trx,909576,2024-04-13,1
usdt_eth,88090,2024-04-13,1
dai,3144,2024-04-13,1
usdc_eth,34593,2024-04-14,1
dai,2969,2024-04-14,1
usdt_trx,835898,2024-04-14,1
usdt_eth,88628,2024-04-14,1
usdt_eth,97326,2024-04-15,1
usdt_trx,998277,2024-04-15,1
dai,3251,2024-04-15,1
usdc_eth,37596,2024-04-15,1
dai,2703,2024-04-16,1
usdc_eth,36021,2024-04-16,1
usdt_trx,990646,2024-04-16,1
usdt_eth,100496,2024-04-16,1
usdt_trx,975722,2024-04-17,1
usdt_eth,88210,2024-04-17,1
dai,2457,2024-04-17,1
usdc_eth,31105,2024-04-17,1
usdt_eth,90179,2024-04-18,1
usdt_trx,947198,2024-04-18,1
dai,2308,2024-04-18,1
usdc_eth,34881,2024-04-18,1
usdt_trx,960627,2024-04-19,1
usdt_eth,89232,2024-04-19,1
dai,2430,2024-04-19,1
usdc_eth,33173,2024-04-19,1
dai,2103,2024-04-20,1
usdt_eth,71811,2024-04-20,1
usdc_eth,26763,2024-04-20,1
usdt_trx,847474,2024-04-20,1
dai,2085,2024-04-21,1
usdc_eth,26147,2024-04-21,1
usdt_eth,70874,2024-04-21,1
usdt_trx,789714,2024-04-21,1
usdt_eth,88859,2024-04-22,1
usdc_eth,31294,2024-04-22,1
dai,2183,2024-04-22,1
usdt_trx,943839,2024-04-22,1
usdt_eth,84238,2024-04-23,1
usdt_trx,966166,2024-04-23,1
dai,2228,2024-04-23,1
usdc_eth,30711,2024-04-23,1
usdt_trx,938676,2024-04-24,1
usdt_eth,87770,2024-04-24,1
dai,2284,2024-04-24,1
usdc_eth,31708,2024-04-24,1
usdt_eth,92783,2024-04-25,1
usdt_trx,908579,2024-04-25,1
usdc_eth,31260,2024-04-25,1
dai,2230,2024-04-25,1
dai,2387,2024-04-26,1
usdt_trx,883201,2024-04-26,1
usdc_eth,31029,2024-04-26,1
usdt_eth,89556,2024-04-26,1
dai,2108,2024-04-27,1
usdt_eth,71507,2024-04-27,1
usdc_eth,25749,2024-04-27,1
usdt_trx,788383,2024-04-27,1
usdt_eth,67484,2024-04-28,1
dai,1988,2024-04-28,1
usdt_trx,770866,2024-04-28,1
usdc_eth,22944,2024-04-28,1
usdc_eth,31066,2024-04-29,1
usdt_eth,103417,2024-04-29,1
dai,2247,2024-04-29,1
usdt_trx,910865,2024-04-29,1
usdt_eth,100015,2024-04-30,1
dai,2637,2024-04-30,1
usdc_eth,35632,2024-04-30,1
usdt_trx,961017,2024-04-30,1
usdc_eth,36301,2024-05-01,1
usdt_trx,935445,2024-05-01,1
usdt_eth,96504,2024-05-01,1
dai,3100,2024-05-01,1
usdt_trx,921599,2024-05-02,1
usdt_eth,91481,2024-05-02,1
dai,2439,2024-05-02,1
usdc_eth,33494,2024-05-02,1
usdc_eth,34728,2024-05-03,1
usdt_trx,912060,2024-05-03,1
usdt_eth,86989,2024-05-03,1
dai,2401,2024-05-03,1
dai,2042,2024-05-04,1
usdc_eth,28157,2024-05-04,1
usdt_eth,67909,2024-05-04,1
usdt_trx,812525,2024-05-04,1
usdt_eth,60498,2024-05-05,1
usdt_trx,787764,2024-05-05,1
usdc_eth,25263,2024-05-05,1
dai,1810,2024-05-05,1
usdt_eth,81665,2024-05-06,1
usdc_eth,44378,2024-05-06,1
dai,2468,2024-05-06,1
usdt_trx,953051,2024-05-06,1
usdc_eth,46295,2024-05-07,1
dai,2169,2024-05-07,1
usdt_eth,89294,2024-05-07,1
usdt_trx,948001,2024-05-07,1
usdt_eth,87767,2024-05-08,1
dai,2261,2024-05-08,1
usdc_eth,31721,2024-05-08,1
usdt_trx,946833,2024-05-08,1
dai,2821,2024-05-09,1
usdt_eth,87323,2024-05-09,1
usdc_eth,31246,2024-05-09,1
usdt_trx,914876,2024-05-09,1
dai,2131,2024-05-10,1
usdc_eth,35063,2024-05-10,1
usdt_trx,1217348,2024-05-10,1
usdt_eth,87527,2024-05-10,1
dai,1861,2024-05-11,1
usdc_eth,24700,2024-05-11,1
usdt_trx,916444,2024-05-11,1
usdt_eth,66400,2024-05-11,1
usdt_trx,848367,2024-05-12,1
usdc_eth,25578,2024-05-12,1
dai,1825,2024-05-12,1
usdt_eth,59621,2024-05-12,1
usdc_eth,37488,2024-05-13,1
usdt_eth,83028,2024-05-13,1
dai,2053,2024-05-13,1
usdt_trx,1024994,2024-05-13,1
usdt_trx,1040948,2024-05-14,1
usdt_eth,91649,2024-05-14,1
usdc_eth,33288,2024-05-14,1
dai,2129,2024-05-14,1
usdt_eth,89484,2024-05-15,1
usdc_eth,37227,2024-05-15,1
dai,2378,2024-05-15,1
usdt_trx,1099190,2024-05-15,1
usdc_eth,52747,2024-05-16,1
usdt_eth,91977,2024-05-16,1
dai,2368,2024-05-16,1
usdt_trx,1122492,2024-05-16,1
usdc_eth,46755,2024-05-17,1
dai,2326,2024-05-17,1
usdt_trx,1137109,2024-05-17,1
usdt_eth,88583,2024-05-17,1
dai,2132,2024-05-18,1
usdc_eth,30032,2024-05-18,1
usdt_trx,975910,2024-05-18,1
usdt_eth,88202,2024-05-18,1
usdt_trx,925240,2024-05-19,1
usdc_eth,25376,2024-05-19,1
usdt_eth,72512,2024-05-19,1
dai,1989,2024-05-19,1
usdt_eth,86243,2024-05-20,1
dai,2481,2024-05-20,1
usdc_eth,40434,2024-05-20,1
usdt_trx,1104385,2024-05-20,1
dai,2956,2024-05-21,1
usdc_eth,48951,2024-05-21,1
usdt_eth,97911,2024-05-21,1
usdt_trx,1130044,2024-05-21,1
usdc_eth,43137,2024-05-22,1
dai,2440,2024-05-22,1
usdt_eth,94834,2024-05-22,1
usdt_trx,1052314,2024-05-22,1
usdt_trx,1019463,2024-05-23,1
dai,2507,2024-05-23,1
usdc_eth,36332,2024-05-23,1
usdt_eth,87650,2024-05-23,1
dai,2380,2024-05-24,1
usdc_eth,35886,2024-05-24,1
usdt_eth,86774,2024-05-24,1
usdt_trx,999528,2024-05-24,1
dai,1991,2024-05-25,1
usdt_eth,71605,2024-05-25,1
usdc_eth,32689,2024-05-25,1
usdt_trx,860968,2024-05-25,1
usdt_trx,819231,2024-05-26,1
usdc_eth,27108,2024-05-26,1
dai,2167,2024-05-26,1
usdt_eth,64617,2024-05-26,1
usdt_trx,975513,2024-05-27,1
usdc_eth,29773,2024-05-27,1
usdt_eth,83938,2024-05-27,1
dai,2218,2024-05-27,1
usdt_trx,985380,2024-05-28,1
usdt_eth,85989,2024-05-28,1
usdc_eth,33143,2024-05-28,1
dai,2099,2024-05-28,1
dai,2200,2024-05-29,1
usdt_eth,91164,2024-05-29,1
usdc_eth,32642,2024-05-29,1
usdt_trx,960555,2024-05-29,1
dai,2086,2024-05-30,1
usdc_eth,30791,2024-05-30,1
usdt_trx,987097,2024-05-30,1
usdt_eth,90986,2024-05-30,1
dai,2590,2024-05-31,1
usdt_trx,1047874,2024-05-31,1
usdc_eth,32520,2024-05-31,1
usdt_eth,93036,2024-05-31,1
usdt_trx,961678,2024-06-01,1
usdt_eth,80578,2024-06-01,1
usdc_eth,26106,2024-06-01,1
dai,1815,2024-06-01,1
usdt_eth,68175,2024-06-02,1
usdc_eth,24205,2024-06-02,1
usdt_trx,864342,2024-06-02,1
dai,1687,2024-06-02,1
usdt_eth,95447,2024-06-03,1
dai,2119,2024-06-03,1
usdc_eth,32059,2024-06-03,1
usdt_trx,1048276,2024-06-03,1
usdt_trx,1008670,2024-06-04,1
dai,2185,2024-06-04,1
usdc_eth,31710,2024-06-04,1
usdt_eth,97711,2024-06-04,1
dai,2104,2024-06-05,1
usdt_trx,1030553,2024-06-05,1
usdc_eth,32129,2024-06-05,1
usdt_eth,93287,2024-06-05,1
dai,1942,2024-06-06,1
usdt_trx,1008580,2024-06-06,1
usdt_eth,88502,2024-06-06,1
usdc_eth,28760,2024-06-06,1
dai,2185,2024-06-07,1
usdt_eth,93659,2024-06-07,1
usdt_trx,1056029,2024-06-07,1
usdc_eth,30456,2024-06-07,1
usdc_eth,25376,2024-06-08,1
usdt_eth,82585,2024-06-08,1
dai,1982,2024-06-08,1
usdt_trx,864987,2024-06-08,1
usdt_eth,70642,2024-06-09,1
dai,1903,2024-06-09,1
usdt_trx,819616,2024-06-09,1
usdc_eth,23088,2024-06-09,1
dai,2070,2024-06-10,1
usdt_trx,1007170,2024-06-10,1
usdt_eth,96956,2024-06-10,1
usdc_eth,31436,2024-06-10,1
usdc_eth,31999,2024-06-11,1
usdt_trx,1120418,2024-06-11,1
dai,2486,2024-06-11,1
usdt_eth,103654,2024-06-11,1
usdt_trx,1059326,2024-06-12,1
usdc_eth,30498,2024-06-12,1
dai,2039,2024-06-12,1
usdt_eth,100829,2024-06-12,1
usdt_eth,92708,2024-06-13,1
usdc_eth,29911,2024-06-13,1
usdt_trx,1019281,2024-06-13,1
dai,1997,2024-06-13,1
usdt_eth,93474,2024-06-14,1
usdt_trx,1053356,2024-06-14,1
dai,2328,2024-06-14,1
usdc_eth,31843,2024-06-14,1
usdt_trx,935324,2024-06-15,1
usdt_eth,76227,2024-06-15,1
dai,2034,2024-06-15,1
usdc_eth,24523,2024-06-15,1
dai,2223,2024-06-16,1
usdt_trx,876541,2024-06-16,1
usdc_eth,22820,2024-06-16,1
usdt_eth,67669,2024-06-16,1
usdc_eth,33775,2024-06-17,1
usdt_trx,1068164,2024-06-17,1
usdt_eth,86047,2024-06-17,1
dai,2249,2024-06-17,1
usdc_eth,34199,2024-06-18,1
usdt_trx,1102914,2024-06-18,1
dai,2349,2024-06-18,1
usdt_eth,95741,2024-06-18,1
usdc_eth,29552,2024-06-19,1
dai,2185,2024-06-19,1
usdt_trx,1003252,2024-06-19,1
usdt_eth,83033,2024-06-19,1
usdc_eth,30590,2024-06-20,1
dai,2082,2024-06-20,1
usdt_eth,82637,2024-06-20,1
usdt_trx,1032186,2024-06-20,1
dai,2159,2024-06-21,1
usdt_trx,991834,2024-06-21,1
usdc_eth,32314,2024-06-21,1
usdt_eth,93216,2024-06-21,1
usdt_eth,86094,2024-06-22,1
usdc_eth,28525,2024-06-22,1
usdt_trx,835312,2024-06-22,1
dai,2399,2024-06-22,1
usdc_eth,31226,2024-06-23,1
dai,2040,2024-06-23,1
usdt_eth,66992,2024-06-23,1
usdt_trx,805523,2024-06-23,1
dai,2566,2024-06-24,1
usdc_eth,41437,2024-06-24,1
usdt_trx,1059971,2024-06-24,1
usdt_eth,97001,2024-06-24,1
usdt_eth,92493,2024-06-25,1
usdt_trx,1045113,2024-06-25,1
usdc_eth,48758,2024-06-25,1
dai,2219,2024-06-25,1
usdt_trx,1018318,2024-06-26,1
usdt_eth,94598,2024-06-26,1
dai,2228,2024-06-26,1
usdc_eth,30476,2024-06-26,1
usdt_eth,87054,2024-06-27,1
usdc_eth,29989,2024-06-27,1
dai,2128,2024-06-27,1
usdt_trx,983462,2024-06-27,1
usdt_eth,85075,2024-06-28,1
usdc_eth,43429,2024-06-28,1
dai,2188,2024-06-28,1
usdt_trx,988256,2024-06-28,1
usdt_trx,856378,2024-06-29,1
dai,2045,2024-06-29,1
usdt_eth,70458,2024-06-29,1
usdc_eth,35563,2024-06-29,1
usdt_trx,900185,2024-06-30,1
dai,2359,2024-06-30,1
usdt_eth,68662,2024-06-30,1
usdc_eth,30475,2024-06-30,1
dai,2321,2024-07-01,1
usdt_eth,96105,2024-07-01,1
usdt_trx,1128588,2024-07-01,1
usdc_eth,36061,2024-07-01,1
usdt_trx,1007913,2024-07-02,1
dai,2092,2024-07-02,1
usdc_eth,35964,2024-07-02,1
usdt_eth,93712,2024-07-02,1
usdt_trx,1035096,2024-07-03,1
dai,2081,2024-07-03,1
usdc_eth,33408,2024-07-03,1
usdt_eth,87430,2024-07-03,1
usdt_eth,93304,2024-07-04,1
usdc_eth,34160,2024-07-04,1
usdt_trx,1033116,2024-07-04,1
dai,2429,2024-07-04,1
usdt_trx,1087267,2024-07-05,1
usdc_eth,40032,2024-07-05,1
usdt_eth,104086,2024-07-05,1
dai,3085,2024-07-05,1
usdt_eth,75119,2024-07-06,1
usdt_trx,852493,2024-07-06,1
dai,2379,2024-07-06,1
usdc_eth,28151,2024-07-06,1
usdt_trx,811939,2024-07-07,1
dai,2345,2024-07-07,1
usdc_eth,28903,2024-07-07,1
usdt_eth,77128,2024-07-07,1
usdt_eth,90966,2024-07-08,1
usdt_trx,1020312,2024-07-08,1
dai,2543,2024-07-08,1
usdc_eth,34452,2024-07-08,1
usdt_trx,982686,2024-07-09,1
dai,2154,2024-07-09,1
usdc_eth,31279,2024-07-09,1
usdt_eth,85003,2024-07-09,1
dai,2078,2024-07-10,1
usdc_eth,30879,2024-07-10,1
usdt_eth,82932,2024-07-10,1
usdt_trx,1022456,2024-07-10,1
dai,2187,2024-07-11,1
usdt_eth,81135,2024-07-11,1
usdc_eth,32228,2024-07-11,1
usdt_trx,1013625,2024-07-11,1
usdt_trx,1009586,2024-07-12,1
usdt_eth,82034,2024-07-12,1
usdc_eth,32227,2024-07-12,1
dai,2264,2024-07-12,1
dai,2162,2024-07-13,1
usdt_trx,877656,2024-07-13,1
usdt_eth,69095,2024-07-13,1
usdc_eth,25056,2024-07-13,1
usdt_trx,890225,2024-07-14,1
usdt_eth,62294,2024-07-14,1
usdc_eth,23558,2024-07-14,1
dai,1846,2024-07-14,1
usdc_eth,33519,2024-07-15,1
dai,2326,2024-07-15,1
usdt_trx,1067234,2024-07-15,1
usdt_eth,85934,2024-07-15,1
usdc_eth,32987,2024-07-16,1
dai,2293,2024-07-16,1
usdt_trx,1025313,2024-07-16,1
usdt_eth,88225,2024-07-16,1
dai,2047,2024-07-17,1
usdt_trx,1003608,2024-07-17,1
usdt_eth,82054,2024-07-17,1
usdc_eth,31514,2024-07-17,1
usdc_eth,29704,2024-07-18,1
dai,1863,2024-07-18,1
usdt_trx,979550,2024-07-18,1
usdt_eth,78774,2024-07-18,1
dai,2059,2024-07-19,1
usdt_trx,983416,2024-07-19,1
usdc_eth,30700,2024-07-19,1
usdt_eth,81634,2024-07-19,1
usdc_eth,26142,2024-07-20,1
usdt_trx,861027,2024-07-20,1
usdt_eth,65658,2024-07-20,1
dai,1806,2024-07-20,1
usdt_eth,61031,2024-07-21,1
usdc_eth,24655,2024-07-21,1
usdt_trx,834021,2024-07-21,1
dai,1956,2024-07-21,1
dai,2016,2024-07-22,1
usdc_eth,31251,2024-07-22,1
usdt_trx,1017652,2024-07-22,1
usdt_eth,82173,2024-07-22,1
usdc_eth,33379,2024-07-23,1
usdt_trx,978399,2024-07-23,1
usdt_eth,82163,2024-07-23,1
dai,2216,2024-07-23,1
dai,2235,2024-07-24,1
usdt_eth,79138,2024-07-24,1
usdc_eth,31865,2024-07-24,1
usdt_trx,945809,2024-07-24,1
usdc_eth,35526,2024-07-25,1
usdt_eth,86943,2024-07-25,1
usdt_trx,983643,2024-07-25,1
dai,2707,2024-07-25,1
usdt_trx,946986,2024-07-26,1
dai,2142,2024-07-26,1
usdt_eth,84764,2024-07-26,1
usdc_eth,32212,2024-07-26,1
usdt_trx,818401,2024-07-27,1
usdc_eth,25798,2024-07-27,1
usdt_eth,64815,2024-07-27,1
dai,1946,2024-07-27,1
usdt_trx,783544,2024-07-28,1
usdt_eth,60653,2024-07-28,1
dai,1865,2024-07-28,1
usdc_eth,23249,2024-07-28,1
usdc_eth,33916,2024-07-29,1
dai,2363,2024-07-29,1
usdt_eth,84931,2024-07-29,1
usdt_trx,1014831,2024-07-29,1
dai,2120,2024-07-30,1
usdt_eth,82452,2024-07-30,1
usdt_trx,983622,2024-07-30,1
usdc_eth,32090,2024-07-30,1
usdc_eth,33459,2024-07-31,1
usdt_trx,1031361,2024-07-31,1
usdt_eth,84687,2024-07-31,1
dai,2117,2024-07-31,1
usdc_eth,34985,2024-08-01,1
usdt_eth,91706,2024-08-01,1
usdt_trx,1058726,2024-08-01,1
dai,2327,2024-08-01,1
usdt_eth,91172,2024-08-02,1
usdc_eth,36115,2024-08-02,1
dai,2524,2024-08-02,1
usdt_trx,1035568,2024-08-02,1
usdc_eth,35251,2024-08-03,1
usdt_trx,882140,2024-08-03,1
dai,2437,2024-08-03,1
usdt_eth,76058,2024-08-03,1
dai,3543,2024-08-04,1
usdt_eth,97964,2024-08-04,1
usdc_eth,38798,2024-08-04,1
usdt_trx,853999,2024-08-04,1
dai,4956,2024-08-05,1
usdt_eth,117495,2024-08-05,1
usdc_eth,48373,2024-08-05,1
usdt_trx,1195092,2024-08-05,1
dai,3658,2024-08-06,1
usdt_eth,97024,2024-08-06,1
usdc_eth,39859,2024-08-06,1
usdt_trx,1043292,2024-08-06,1
dai,2873,2024-08-07,1
usdc_eth,34136,2024-08-07,1
usdt_trx,991154,2024-08-07,1
usdt_eth,90105,2024-08-07,1
usdt_trx,1003172,2024-08-08,1
usdc_eth,33971,2024-08-08,1
usdt_eth,88935,2024-08-08,1
dai,2701,2024-08-08,1
usdc_eth,30829,2024-08-09,1
dai,2474,2024-08-09,1
usdt_trx,995048,2024-08-09,1
usdt_eth,83760,2024-08-09,1
usdt_eth,66206,2024-08-10,1
usdc_eth,25687,2024-08-10,1
usdt_trx,855013,2024-08-10,1
dai,1934,2024-08-10,1
usdc_eth,23187,2024-08-11,1
usdt_trx,828941,2024-08-11,1
usdt_eth,62002,2024-08-11,1
dai,1930,2024-08-11,1
usdt_trx,1016381,2024-08-12,1
dai,2229,2024-08-12,1
usdc_eth,32712,2024-08-12,1
usdt_eth,88314,2024-08-12,1
dai,3569,2024-08-13,1
usdc_eth,33185,2024-08-13,1
usdt_eth,90668,2024-08-13,1
usdt_trx,1031384,2024-08-13,1
dai,2420,2024-08-14,1
usdt_eth,93924,2024-08-14,1
usdt_trx,1002637,2024-08-14,1
usdc_eth,32050,2024-08-14,1
usdt_eth,87837,2024-08-15,1
usdc_eth,31087,2024-08-15,1
dai,2390,2024-08-15,1
usdt_trx,1020015,2024-08-15,1
dai,2427,2024-08-16,1
usdc_eth,34864,2024-08-16,1
usdt_trx,970817,2024-08-16,1
usdt_eth,90660,2024-08-16,1
usdt_eth,66986,2024-08-17,1
dai,2102,2024-08-17,1
usdt_trx,854513,2024-08-17,1
usdc_eth,23660,2024-08-17,1
usdt_eth,63710,2024-08-18,1
usdc_eth,23035,2024-08-18,1
dai,2074,2024-08-18,1
usdt_trx,845657,2024-08-18,1
usdc_eth,31173,2024-08-19,1
usdt_eth,87874,2024-08-19,1
usdt_trx,986538,2024-08-19,1
dai,2552,2024-08-19,1
usdt_eth,97962,2024-08-20,1
usdt_trx,996837,2024-08-20,1
dai,2641,2024-08-20,1
usdc_eth,34138,2024-08-20,1
usdc_eth,33202,2024-08-21,1
usdt_trx,960918,2024-08-21,1
dai,2383,2024-08-21,1
usdt_eth,96883,2024-08-21,1
dai,4019,2024-08-22,1
usdc_eth,33567,2024-08-22,1
usdt_eth,94048,2024-08-22,1
usdt_trx,938582,2024-08-22,1
usdt_trx,944040,2024-08-23,1
usdc_eth,36868,2024-08-23,1
usdt_eth,102614,2024-08-23,1
dai,3237,2024-08-23,1
usdt_trx,831331,2024-08-24,1
usdc_eth,30509,2024-08-24,1
usdt_eth,82017,2024-08-24,1
dai,3170,2024-08-24,1
dai,2236,2024-08-25,1
usdc_eth,27586,2024-08-25,1
usdt_trx,805197,2024-08-25,1
usdt_eth,74695,2024-08-25,1
usdt_trx,1081720,2024-08-26,1
usdt_eth,102697,2024-08-26,1
dai,2678,2024-08-26,1
usdc_eth,34877,2024-08-26,1
usdt_trx,1080644,2024-08-27,1
dai,2993,2024-08-27,1
usdc_eth,36943,2024-08-27,1
usdt_eth,107228,2024-08-27,1
usdc_eth,38216,2024-08-28,1
usdt_trx,1029703,2024-08-28,1
dai,3117,2024-08-28,1
usdt_eth,110975,2024-08-28,1
usdt_eth,115693,2024-08-29,1
dai,2818,2024-08-29,1
usdt_trx,968091,2024-08-29,1
usdc_eth,40167,2024-08-29,1
usdt_eth,113558,2024-08-30,1
usdt_trx,976859,2024-08-30,1
dai,2727,2024-08-30,1
usdc_eth,43340,2024-08-30,1
usdt_trx,861094,2024-08-31,1
dai,2395,2024-08-31,1
usdc_eth,31798,2024-08-31,1
usdt_eth,89492,2024-08-31,1
dai,2481,2024-09-01,1
usdt_eth,84272,2024-09-01,1
usdc_eth,30614,2024-09-01,1
usdt_trx,842506,2024-09-01,1
usdt_eth,100452,2024-09-02,1
usdt_trx,1030870,2024-09-02,1
dai,2351,2024-09-02,1
usdc_eth,34813,2024-09-02,1
usdc_eth,38507,2024-09-03,1
usdt_eth,105736,2024-09-03,1
dai,2935,2024-09-03,1
usdt_trx,1045872,2024-09-03,1
usdt_eth,104794,2024-09-04,1
dai,2900,2024-09-04,1
usdc_eth,38652,2024-09-04,1
usdt_trx,1023541,2024-09-04,1
usdt_eth,91740,2024-09-05,1
dai,2197,2024-09-05,1
usdt_trx,1042247,2024-09-05,1
usdc_eth,33263,2024-09-05,1
dai,3040,2024-09-06,1
usdt_trx,1065469,2024-09-06,1
usdt_eth,112668,2024-09-06,1
usdc_eth,40601,2024-09-06,1
usdt_eth,118433,2024-09-07,1
usdc_eth,40872,2024-09-07,1
dai,2766,2024-09-07,1
usdt_trx,885813,2024-09-07,1
usdt_trx,832864,2024-09-08,1
dai,2596,2024-09-08,1
usdc_eth,49090,2024-09-08,1
usdt_eth,147186,2024-09-08,1
usdc_eth,42595,2024-09-09,1
dai,2620,2024-09-09,1
usdt_trx,1044899,2024-09-09,1
usdt_eth,122348,2024-09-09,1
usdc_eth,36906,2024-09-10,1
dai,2179,2024-09-10,1
usdt_trx,1048294,2024-09-10,1
usdt_eth,98571,2024-09-10,1
dai,2313,2024-09-11,1
usdt_trx,1030043,2024-09-11,1
usdt_eth,108884,2024-09-11,1
usdc_eth,40142,2024-09-11,1
usdt_trx,1034079,2024-09-12,1
usdt_eth,125165,2024-09-12,1
usdc_eth,41962,2024-09-12,1
dai,2695,2024-09-12,1
usdt_eth,136414,2024-09-13,1
usdt_trx,1056606,2024-09-13,1
usdc_eth,46709,2024-09-13,1
dai,2846,2024-09-13,1
usdt_trx,933152,2024-09-14,1
usdc_eth,46363,2024-09-14,1
dai,2605,2024-09-14,1
usdt_eth,128860,2024-09-14,1
usdc_eth,57733,2024-09-15,1
usdt_eth,170322,2024-09-15,1
dai,2091,2024-09-15,1
usdt_trx,926113,2024-09-15,1
usdt_eth,111049,2024-09-16,1
dai,2282,2024-09-16,1
usdt_trx,1073825,2024-09-16,1
usdc_eth,39042,2024-09-16,1
dai,2346,2024-09-17,1
usdt_eth,95645,2024-09-17,1
usdt_trx,1028749,2024-09-17,1
usdc_eth,33853,2024-09-17,1
usdt_trx,1093390,2024-09-18,1
usdc_eth,30235,2024-09-18,1
dai,2243,2024-09-18,1
usdt_eth,90545,2024-09-18,1
usdt_trx,1138696,2024-09-19,1
dai,2145,2024-09-19,1
usdc_eth,31601,2024-09-19,1
usdt_eth,87812,2024-09-19,1
usdc_eth,30965,2024-09-20,1
usdt_eth,85605,2024-09-20,1
dai,2273,2024-09-20,1
usdt_trx,1124289,2024-09-20,1
usdt_eth,66748,2024-09-21,1
usdc_eth,23984,2024-09-21,1
dai,1713,2024-09-21,1
usdt_trx,925441,2024-09-21,1
usdt_trx,885222,2024-09-22,1
usdc_eth,22661,2024-09-22,1
dai,1786,2024-09-22,1
usdt_eth,64850,2024-09-22,1
usdt_trx,1138658,2024-09-23,1
usdc_eth,30940,2024-09-23,1
dai,2012,2024-09-23,1
usdt_eth,82595,2024-09-23,1
usdc_eth,29819,2024-09-24,1
usdt_eth,84811,2024-09-24,1
dai,2020,2024-09-24,1
usdt_trx,1132673,2024-09-24,1
usdc_eth,29686,2024-09-25,1
usdt_eth,84601,2024-09-25,1
usdt_trx,1093906,2024-09-25,1
dai,2075,2024-09-25,1
dai,2210,2024-09-26,1
usdc_eth,31467,2024-09-26,1
usdt_trx,1133309,2024-09-26,1
usdt_eth,87768,2024-09-26,1
usdt_eth,94044,2024-09-27,1
dai,2283,2024-09-27,1
usdc_eth,35897,2024-09-27,1
usdt_trx,1097944,2024-09-27,1
dai,2300,2024-09-28,1
usdc_eth,33097,2024-09-28,1
usdt_trx,919876,2024-09-28,1
usdt_eth,85456,2024-09-28,1
usdt_eth,67278,2024-09-29,1
usdt_trx,914782,2024-09-29,1
dai,1833,2024-09-29,1
usdc_eth,27498,2024-09-29,1
usdc_eth,39899,2024-09-30,1
usdt_trx,1145132,2024-09-30,1
usdt_eth,97644,2024-09-30,1
dai,2625,2024-09-30,1
usdc_eth,40605,2024-10-01,1
usdt_eth,95655,2024-10-01,1
dai,2584,2024-10-01,1
usdt_trx,1120154,2024-10-01,1
usdc_eth,37829,2024-10-02,1
usdt_eth,96922,2024-10-02,1
usdt_trx,1060112,2024-10-02,1
dai,2641,2024-10-02,1
usdc_eth,38440,2024-10-03,1
usdt_eth,103626,2024-10-03,1
dai,2989,2024-10-03,1
usdt_trx,1037845,2024-10-03,1
usdt_eth,97200,2024-10-04,1
usdc_eth,39259,2024-10-04,1
usdt_trx,1046697,2024-10-04,1
dai,2476,2024-10-04,1
usdt_trx,901490,2024-10-05,1
usdt_eth,73644,2024-10-05,1
dai,1849,2024-10-05,1
usdc_eth,29534,2024-10-05,1
usdt_eth,67744,2024-10-06,1
usdt_trx,867244,2024-10-06,1
usdc_eth,26584,2024-10-06,1
dai,1752,2024-10-06,1
usdt_trx,1084959,2024-10-07,1
usdt_eth,85914,2024-10-07,1
dai,2076,2024-10-07,1
usdc_eth,37027,2024-10-07,1
dai,1746,2024-10-08,1
usdc_eth,31115,2024-10-08,1
usdt_eth,84843,2024-10-08,1
usdt_trx,1095796,2024-10-08,1
dai,1799,2024-10-09,1
usdt_eth,84505,2024-10-09,1
usdt_trx,1063484,2024-10-09,1
usdc_eth,31934,2024-10-09,1
usdt_trx,1085597,2024-10-10,1
dai,2043,2024-10-10,1
usdc_eth,36071,2024-10-10,1
usdt_eth,94760,2024-10-10,1
usdt_trx,1044117,2024-10-11,1
dai,1753,2024-10-11,1
usdt_eth,83840,2024-10-11,1
usdc_eth,32877,2024-10-11,1
usdc_eth,33795,2024-10-12,1
usdt_trx,883707,2024-10-12,1
dai,2061,2024-10-12,1
usdt_eth,69080,2024-10-12,1
usdt_trx,847808,2024-10-13,1
usdc_eth,30519,2024-10-13,1
dai,1490,2024-10-13,1
usdt_eth,64617,2024-10-13,1
usdc_eth,34650,2024-10-14,1
usdt_trx,1103334,2024-10-14,1
dai,2278,2024-10-14,1
usdt_eth,88869,2024-10-14,1
usdc_eth,38209,2024-10-15,1
usdt_eth,93315,2024-10-15,1
usdt_trx,1147187,2024-10-15,1
dai,2085,2024-10-15,1
usdc_eth,34342,2024-10-16,1
usdt_eth,93080,2024-10-16,1
usdt_trx,1119617,2024-10-16,1
dai,2250,2024-10-16,1
usdt_eth,82204,2024-10-17,1
usdc_eth,30461,2024-10-17,1
dai,1841,2024-10-17,1
usdt_trx,1052996,2024-10-17,1
usdt_trx,1054666,2024-10-18,1
dai,1877,2024-10-18,1
usdt_eth,79492,2024-10-18,1
usdc_eth,29033,2024-10-18,1
usdt_trx,913287,2024-10-19,1
usdt_eth,65869,2024-10-19,1
dai,1682,2024-10-19,1
usdc_eth,25819,2024-10-19,1
usdt_trx,883779,2024-10-20,1
usdt_eth,68269,2024-10-20,1
dai,1916,2024-10-20,1
usdc_eth,24943,2024-10-20,1
dai,2353,2024-10-21,1
usdt_eth,88082,2024-10-21,1
usdt_trx,1073912,2024-10-21,1
usdc_eth,33783,2024-10-21,1
dai,2373,2024-10-22,1
usdc_eth,33354,2024-10-22,1
usdt_trx,1038548,2024-10-22,1
usdt_eth,89426,2024-10-22,1
dai,2193,2024-10-23,1
usdc_eth,34706,2024-10-23,1
usdt_trx,1059950,2024-10-23,1
usdt_eth,87884,2024-10-23,1
dai,2135,2024-10-24,1
usdt_eth,86578,2024-10-24,1
usdt_trx,1112379,2024-10-24,1
usdc_eth,33693,2024-10-24,1
usdt_trx,1134298,2024-10-25,1
usdc_eth,38078,2024-10-25,1
usdt_eth,95703,2024-10-25,1
dai,2402,2024-10-25,1
dai,2165,2024-10-26,1
usdt_trx,967395,2024-10-26,1
usdc_eth,29110,2024-10-26,1
usdt_eth,76787,2024-10-26,1
dai,1844,2024-10-27,1
usdt_eth,64560,2024-10-27,1
usdt_trx,878357,2024-10-27,1
usdc_eth,24482,2024-10-27,1
usdc_eth,34304,2024-10-28,1
dai,2090,2024-10-28,1
usdt_trx,1101345,2024-10-28,1
usdt_eth,88197,2024-10-28,1
usdc_eth,37688,2024-10-29,1
dai,2431,2024-10-29,1
usdt_trx,1125112,2024-10-29,1
usdt_eth,94992,2024-10-29,1
dai,2024,2024-10-30,1
usdt_trx,1071689,2024-10-30,1
usdt_eth,89847,2024-10-30,1
usdc_eth,34842,2024-10-30,1
usdt_trx,1092938,2024-10-31,1
usdc_eth,38615,2024-10-31,1
usdt_eth,93004,2024-10-31,1
dai,2254,2024-10-31,1
dai,2340,2024-11-01,1
usdc_eth,41397,2024-11-01,1
usdt_trx,1127380,2024-11-01,1
usdt_eth,104291,2024-11-01,1
usdt_trx,932840,2024-11-02,1
dai,1811,2024-11-02,1
usdc_eth,29383,2024-11-02,1
usdt_eth,78695,2024-11-02,1
usdc_eth,41470,2024-11-03,1
dai,2093,2024-11-03,1
usdt_eth,75137,2024-11-03,1
usdt_trx,883574,2024-11-03,1
dai,2291,2024-11-04,1
usdt_trx,1101839,2024-11-04,1
usdc_eth,40147,2024-11-04,1
usdt_eth,95617,2024-11-04,1
usdt_eth,99980,2024-11-05,1
dai,2497,2024-11-05,1
usdt_trx,1151411,2024-11-05,1
usdc_eth,42196,2024-11-05,1
dai,2830,2024-11-06,1
usdt_eth,105863,2024-11-06,1
usdc_eth,45128,2024-11-06,1
usdt_trx,1174300,2024-11-06,1
usdt_trx,1134819,2024-11-07,1
usdt_eth,97689,2024-11-07,1
usdc_eth,40688,2024-11-07,1
dai,2490,2024-11-07,1
usdt_trx,1126663,2024-11-08,1
usdt_eth,115257,2024-11-08,1
usdc_eth,38782,2024-11-08,1
dai,2299,2024-11-08,1
usdt_eth,80232,2024-11-09,1
dai,2067,2024-11-09,1
usdc_eth,31483,2024-11-09,1
usdt_trx,952586,2024-11-09,1
dai,2379,2024-11-10,1
usdc_eth,35537,2024-11-10,1
usdt_eth,87373,2024-11-10,1
usdt_trx,966606,2024-11-10,1
dai,2701,2024-11-11,1
usdc_eth,42093,2024-11-11,1
usdt_eth,108944,2024-11-11,1
usdt_trx,1235652,2024-11-11,1
usdt_eth,109373,2024-11-12,1
dai,2643,2024-11-12,1
usdt_trx,1243205,2024-11-12,1
usdc_eth,42742,2024-11-12,1
usdc_eth,39563,2024-11-13,1
usdt_trx,1172115,2024-11-13,1
usdt_eth,99831,2024-11-13,1
dai,2330,2024-11-13,1
usdc_eth,40335,2024-11-14,1
usdt_trx,1162214,2024-11-14,1
dai,2280,2024-11-14,1
usdt_eth,101307,2024-11-14,1
usdt_trx,1206647,2024-11-15,1
dai,2313,2024-11-15,1
usdt_eth,117994,2024-11-15,1
usdc_eth,44741,2024-11-15,1
usdt_eth,86964,2024-11-16,1
dai,1967,2024-11-16,1
usdt_trx,997961,2024-11-16,1
usdc_eth,36560,2024-11-16,1
usdt_eth,80687,2024-11-17,1
dai,2014,2024-11-17,1
usdt_trx,912036,2024-11-17,1
usdc_eth,32904,2024-11-17,1
dai,2408,2024-11-18,1
usdt_eth,102210,2024-11-18,1
usdc_eth,39007,2024-11-18,1
usdt_trx,1182157,2024-11-18,1
usdt_eth,100353,2024-11-19,1
usdc_eth,38718,2024-11-19,1
dai,2358,2024-11-19,1
usdt_trx,1166722,2024-11-19,1
usdt_trx,1131515,2024-11-20,1
dai,2318,2024-11-20,1
usdc_eth,43721,2024-11-20,1
usdt_eth,103584,2024-11-20,1
usdc_eth,44662,2024-11-21,1
dai,2935,2024-11-21,1
usdt_trx,1148352,2024-11-21,1
usdt_eth,106848,2024-11-21,1
dai,3636,2024-11-22,1
usdt_trx,1171067,2024-11-22,1
usdt_eth,112253,2024-11-22,1
usdc_eth,44552,2024-11-22,1
dai,2420,2024-11-23,1
usdt_trx,996278,2024-11-23,1
usdc_eth,37253,2024-11-23,1
usdt_eth,90221,2024-11-23,1
usdt_trx,921087,2024-11-24,1
usdc_eth,35530,2024-11-24,1
dai,2335,2024-11-24,1
usdt_eth,84473,2024-11-24,1
dai,2765,2024-11-25,1
usdc_eth,40777,2024-11-25,1
usdt_trx,1208915,2024-11-25,1
usdt_eth,105102,2024-11-25,1
usdt_trx,1220907,2024-11-26,1
usdt_eth,106280,2024-11-26,1
usdc_eth,42516,2024-11-26,1
dai,2845,2024-11-26,1
usdc_eth,42065,2024-11-27,1
usdt_eth,103661,2024-11-27,1
usdt_trx,1148051,2024-11-27,1
dai,2876,2024-11-27,1
usdt_eth,109962,2024-11-28,1
usdt_trx,1120335,2024-11-28,1
dai,2660,2024-11-28,1
usdc_eth,43950,2024-11-28,1
usdt_trx,1241743,2024-11-29,1
usdt_eth,116491,2024-11-29,1
dai,2607,2024-11-29,1
usdc_eth,47717,2024-11-29,1
usdt_eth,93629,2024-11-30,1
dai,2811,2024-11-30,1
usdc_eth,39261,2024-11-30,1
usdt_trx,1052073,2024-11-30,1
dai,2362,2024-12-01,1
usdc_eth,39811,2024-12-01,1
usdt_eth,91649,2024-12-01,1
usdt_trx,998845,2024-12-01,1
usdt_trx,1274396,2024-12-02,1
usdt_eth,120013,2024-12-02,1
dai,2744,2024-12-02,1
usdc_eth,48668,2024-12-02,1
usdt_trx,1252978,2024-12-03,1
usdt_eth,120511,2024-12-03,1
dai,2684,2024-12-03,1
usdc_eth,47655,2024-12-03,1
usdt_eth,115500,2024-12-04,1
usdt_trx,1149991,2024-12-04,1
dai,2759,2024-12-04,1
usdc_eth,48193,2024-12-04,1
usdc_eth,52757,2024-12-05,1
usdt_eth,120693,2024-12-05,1
usdt_trx,1163097,2024-12-05,1
dai,2965,2024-12-05,1
dai,2904,2024-12-06,1
usdc_eth,46742,2024-12-06,1
usdt_trx,1120384,2024-12-06,1
usdt_eth,113963,2024-12-06,1
usdt_eth,93676,2024-12-07,1
dai,2625,2024-12-07,1
usdc_eth,38760,2024-12-07,1
usdt_trx,918123,2024-12-07,1
usdc_eth,42417,2024-12-08,1
usdt_trx,880227,2024-12-08,1
dai,2758,2024-12-08,1
usdt_eth,99357,2024-12-08,1
dai,2704,2024-12-09,1
usdt_eth,107201,2024-12-09,1
usdt_trx,1153478,2024-12-09,1
usdc_eth,43609,2024-12-09,1
usdt_eth,134832,2024-12-10,1
dai,2680,2024-12-10,1
usdt_trx,1168224,2024-12-10,1
usdc_eth,45953,2024-12-10,1
dai,2543,2024-12-11,1
usdt_trx,1073368,2024-12-11,1
usdc_eth,42407,2024-12-11,1
usdt_eth,108019,2024-12-11,1
usdt_trx,1042438,2024-12-12,1
dai,2449,2024-12-12,1
usdc_eth,42415,2024-12-12,1
usdt_eth,106802,2024-12-12,1
usdt_eth,99634,2024-12-13,1
usdc_eth,42128,2024-12-13,1
dai,2175,2024-12-13,1
usdt_trx,1028965,2024-12-13,1
dai,2147,2024-12-14,1
usdt_eth,86226,2024-12-14,1
usdt_trx,874967,2024-12-14,1
usdc_eth,38232,2024-12-14,1
usdc_eth,36507,2024-12-15,1
dai,2198,2024-12-15,1
usdt_eth,82347,2024-12-15,1
usdt_trx,867500,2024-12-15,1
dai,2536,2024-12-16,1
usdt_eth,106795,2024-12-16,1
usdc_eth,45081,2024-12-16,1
usdt_trx,1113284,2024-12-16,1
usdc_eth,49482,2024-12-17,1
dai,2585,2024-12-17,1
usdt_eth,110352,2024-12-17,1
usdt_trx,1075986,2024-12-17,1
usdt_trx,1059652,2024-12-18,1
usdc_eth,51968,2024-12-18,1
dai,3079,2024-12-18,1
usdt_eth,104365,2024-12-18,1
usdc_eth,53345,2024-12-19,1
usdt_eth,111220,2024-12-19,1
usdt_trx,1078904,2024-12-19,1
dai,2769,2024-12-19,1
usdt_eth,116008,2024-12-20,1
dai,3056,2024-12-20,1
usdt_trx,1115360,2024-12-20,1
usdc_eth,51293,2024-12-20,1
usdc_eth,43816,2024-12-21,1
usdt_trx,883473,2024-12-21,1
dai,2385,2024-12-21,1
usdt_eth,106573,2024-12-21,1
usdt_trx,823174,2024-12-22,1
usdc_eth,36951,2024-12-22,1
dai,2690,2024-12-22,1
usdt_eth,87180,2024-12-22,1
dai,2692,2024-12-23,1
usdc_eth,44788,2024-12-23,1
usdt_trx,1023187,2024-12-23,1
usdt_eth,107285,2024-12-23,1
usdt_eth,99352,2024-12-24,1
usdc_eth,39494,2024-12-24,1
usdt_trx,985836,2024-12-24,1
dai,2235,2024-12-24,1
usdc_eth,31676,2024-12-25,1
usdt_trx,895711,2024-12-25,1
dai,2072,2024-12-25,1
usdt_eth,79264,2024-12-25,1
usdt_eth,85311,2024-12-26,1
usdc_eth,36694,2024-12-26,1
usdt_trx,936053,2024-12-26,1
dai,2021,2024-12-26,1
usdt_trx,959845,2024-12-27,1
dai,2261,2024-12-27,1
usdc_eth,42545,2024-12-27,1
usdt_eth,100267,2024-12-27,1
dai,2188,2024-12-28,1
usdt_trx,840662,2024-12-28,1
usdt_eth,90332,2024-12-28,1
usdc_eth,37867,2024-12-28,1
dai,2042,2024-12-29,1
usdt_trx,802968,2024-12-29,1
usdt_eth,87760,2024-12-29,1
usdc_eth,39729,2024-12-29,1
dai,2393,2024-12-30,1
usdt_trx,995631,2024-12-30,1
usdc_eth,50550,2024-12-30,1
usdt_eth,101696,2024-12-30,1
usdc_eth,49769,2024-12-31,1
usdt_trx,925864,2024-12-31,1
dai,2381,2024-12-31,1
usdt_eth,94292,2024-12-31,1
usdc_eth,34026,2025-01-01,1
dai,1668,2025-01-01,1
usdt_eth,65377,2025-01-01,1
usdt_trx,769264,2025-01-01,1
usdt_trx,924044,2025-01-02,1
dai,2052,2025-01-02,1
usdt_eth,82119,2025-01-02,1
usdc_eth,44525,2025-01-02,1
dai,2124,2025-01-03,1
usdt_eth,89451,2025-01-03,1
usdc_eth,46426,2025-01-03,1
usdt_trx,963932,2025-01-03,1
dai,1888,2025-01-04,1
usdc_eth,38124,2025-01-04,1
usdt_trx,828320,2025-01-04,1
usdt_eth,74038,2025-01-04,1
usdt_trx,808375,2025-01-05,1
usdt_eth,68376,2025-01-05,1
usdc_eth,35869,2025-01-05,1
dai,1674,2025-01-05,1
usdt_trx,1033524,2025-01-06,1
usdc_eth,44460,2025-01-06,1
usdt_eth,86651,2025-01-06,1
dai,2146,2025-01-06,1
usdt_eth,95828,2025-01-07,1
usdt_trx,996180,2025-01-07,1
usdc_eth,49071,2025-01-07,1
dai,2411,2025-01-07,1
dai,2420,2025-01-08,1
usdt_trx,991042,2025-01-08,1
usdc_eth,50987,2025-01-08,1
usdt_eth,96092,2025-01-08,1
usdc_eth,48880,2025-01-09,1
usdt_eth,94068,2025-01-09,1
usdt_trx,982533,2025-01-09,1
dai,2132,2025-01-09,1
usdc_eth,48475,2025-01-10,1
dai,2204,2025-01-10,1
usdt_eth,94944,2025-01-10,1
usdt_trx,1018236,2025-01-10,1
usdc_eth,38734,2025-01-11,1
usdt_trx,837580,2025-01-11,1
dai,1857,2025-01-11,1
usdt_eth,78546,2025-01-11,1
usdt_eth,74278,2025-01-12,1
dai,2049,2025-01-12,1
usdt_trx,801399,2025-01-12,1
usdc_eth,36978,2025-01-12,1
dai,2673,2025-01-13,1
usdt_trx,1027045,2025-01-13,1
usdt_eth,101680,2025-01-13,1
usdc_eth,49379,2025-01-13,1
dai,2494,2025-01-14,1
usdc_eth,49305,2025-01-14,1
usdt_trx,986412,2025-01-14,1
usdt_eth,95789,2025-01-14,1
usdt_eth,103024,2025-01-15,1
dai,2564,2025-01-15,1
usdc_eth,50301,2025-01-15,1
usdt_trx,1071303,2025-01-15,1
usdc_eth,51393,2025-01-16,1
dai,2371,2025-01-16,1
usdt_eth,105634,2025-01-16,1
usdt_trx,1037024,2025-01-16,1
usdt_trx,1013289,2025-01-17,1
usdc_eth,50245,2025-01-17,1
usdt_eth,96431,2025-01-17,1
dai,2296,2025-01-17,1
usdt_eth,87370,2025-01-18,1
usdc_eth,53841,2025-01-18,1
usdt_trx,926781,2025-01-18,1
dai,2197,2025-01-18,1
usdt_eth,102204,2025-01-19,1
usdc_eth,57606,2025-01-19,1
usdt_trx,1022116,2025-01-19,1
dai,2242,2025-01-19,1
dai,2278,2025-01-20,1
usdt_eth,123056,2025-01-20,1
usdc_eth,67544,2025-01-20,1
usdt_trx,1201692,2025-01-20,1
dai,2130,2025-01-21,1
usdc_eth,57170,2025-01-21,1
usdt_eth,103105,2025-01-21,1
usdt_trx,1058753,2025-01-21,1
usdt_trx,1014971,2025-01-22,1
usdc_eth,53422,2025-01-22,1
usdt_eth,104383,2025-01-22,1
dai,2119,2025-01-22,1
usdc_eth,58156,2025-01-23,1
dai,2698,2025-01-23,1
usdt_trx,988295,2025-01-23,1
usdt_eth,107450,2025-01-23,1
usdt_trx,970065,2025-01-24,1
usdt_eth,94803,2025-01-24,1
dai,2168,2025-01-24,1
usdc_eth,50552,2025-01-24,1
usdt_eth,76472,2025-01-25,1
usdt_trx,832562,2025-01-25,1
dai,1718,2025-01-25,1
usdc_eth,42729,2025-01-25,1
usdc_eth,46649,2025-01-26,1
usdt_trx,771732,2025-01-26,1
usdt_eth,84613,2025-01-26,1
dai,2054,2025-01-26,1
usdt_trx,991276,2025-01-27,1
dai,2530,2025-01-27,1
usdt_eth,100518,2025-01-27,1
usdc_eth,54927,2025-01-27,1
usdc_eth,53063,2025-01-28,1
dai,2252,2025-01-28,1
usdt_eth,100505,2025-01-28,1
usdt_trx,849056,2025-01-28,1
usdt_trx,780687,2025-01-29,1
usdc_eth,56156,2025-01-29,1
dai,2304,2025-01-29,1
usdt_eth,96084,2025-01-29,1
usdc_eth,54688,2025-01-30,1
dai,2414,2025-01-30,1
usdt_eth,97100,2025-01-30,1
usdt_trx,813524,2025-01-30,1
usdt_eth,102943,2025-01-31,1
usdt_trx,870333,2025-01-31,1
dai,2544,2025-01-31,1
usdc_eth,59467,2025-01-31,1
usdt_eth,85780,2025-02-01,1
usdc_eth,51666,2025-02-01,1
usdt_trx,772183,2025-02-01,1
dai,2335,2025-02-01,1
usdt_eth,87651,2025-02-02,1
usdt_trx,798787,2025-02-02,1
dai,2705,2025-02-02,1
usdc_eth,54550,2025-02-02,1
dai,3733,2025-02-03,1
usdt_eth,126332,2025-02-03,1
usdc_eth,66875,2025-02-03,1
usdt_trx,1067581,2025-02-03,1
usdt_trx,944824,2025-02-04,1
usdt_eth,119371,2025-02-04,1
dai,3386,2025-02-04,1
usdc_eth,68977,2025-02-04,1
usdt_eth,104234,2025-02-05,1
usdc_eth,55179,2025-02-05,1
dai,2696,2025-02-05,1
usdt_trx,956856,2025-02-05,1
usdc_eth,58752,2025-02-06,1
dai,2808,2025-02-06,1
usdt_trx,935748,2025-02-06,1
usdt_eth,108675,2025-02-06,1
usdt_trx,944917,2025-02-07,1
dai,3268,2025-02-07,1
usdc_eth,59949,2025-02-07,1
usdt_eth,103539,2025-02-07,1
usdt_trx,810315,2025-02-08,1
usdc_eth,44818,2025-02-08,1
usdt_eth,79879,2025-02-08,1
dai,2672,2025-02-08,1
usdc_eth,47068,2025-02-09,1
usdt_trx,775187,2025-02-09,1
dai,2553,2025-02-09,1
usdt_eth,94368,2025-02-09,1
dai,2715,2025-02-10,1
usdt_eth,126698,2025-02-10,1
usdc_eth,63642,2025-02-10,1
usdt_trx,1015298,2025-02-10,1
usdc_eth,76713,2025-02-11,1
usdt_eth,113766,2025-02-11,1
dai,2554,2025-02-11,1
usdt_trx,988185,2025-02-11,1
dai,2785,2025-02-12,1
usdc_eth,57889,2025-02-12,1
usdt_eth,107414,2025-02-12,1
usdt_trx,967930,2025-02-12,1
dai,2652,2025-02-13,1
usdt_trx,953564,2025-02-13,1
usdc_eth,58436,2025-02-13,1
usdt_eth,104846,2025-02-13,1
usdc_eth,58819,2025-02-14,1
usdt_trx,972073,2025-02-14,1
usdt_eth,103155,2025-02-14,1
dai,2382,2025-02-14,1
dai,2490,2025-02-15,1
usdc_eth,45789,2025-02-15,1
usdt_trx,850807,2025-02-15,1
usdt_eth,83797,2025-02-15,1
dai,2248,2025-02-16,1
usdt_eth,77500,2025-02-16,1
usdt_trx,809947,2025-02-16,1
usdc_eth,41787,2025-02-16,1
usdt_eth,102346,2025-02-17,1
usdt_trx,1000897,2025-02-17,1
dai,2471,2025-02-17,1
usdc_eth,53358,2025-02-17,1
usdt_eth,107819,2025-02-18,1
usdt_trx,1000566,2025-02-18,1
dai,3241,2025-02-18,1
usdc_eth,59615,2025-02-18,1
usdt_trx,974871,2025-02-19,1
dai,3235,2025-02-19,1
usdt_eth,101583,2025-02-19,1
usdc_eth,55681,2025-02-19,1
usdt_eth,110999,2025-02-20,1
usdt_trx,1051801,2025-02-20,1
usdc_eth,58642,2025-02-20,1
dai,3006,2025-02-20,1
dai,3042,2025-02-21,1
usdt_eth,108645,2025-02-21,1
usdc_eth,59885,2025-02-21,1
usdt_trx,1017885,2025-02-21,1
dai,2666,2025-02-22,1
usdt_eth,98503,2025-02-22,1
usdc_eth,49903,2025-02-22,1
usdt_trx,862741,2025-02-22,1
usdt_eth,77764,2025-02-23,1
usdc_eth,41618,2025-02-23,1
usdt_trx,806942,2025-02-23,1
dai,2518,2025-02-23,1
usdt_trx,1059916,2025-02-24,1
usdt_eth,112466,2025-02-24,1
dai,3426,2025-02-24,1
usdc_eth,60737,2025-02-24,1
usdc_eth,81347,2025-02-25,1
dai,5003,2025-02-25,1
usdt_eth,136605,2025-02-25,1
usdt_trx,1122602,2025-02-25,1
usdc_eth,65059,2025-02-26,1
dai,3410,2025-02-26,1
usdt_eth,116292,2025-02-26,1
usdt_trx,1059159,2025-02-26,1
usdc_eth,64300,2025-02-27,1
usdt_trx,1054207,2025-02-27,1
usdt_eth,121387,2025-02-27,1
dai,3341,2025-02-27,1
dai,4146,2025-02-28,1
usdc_eth,76815,2025-02-28,1
usdt_trx,1145527,2025-02-28,1
usdt_eth,135076,2025-02-28,1
usdt_trx,944640,2025-03-01,1
usdc_eth,64817,2025-03-01,1
dai,3096,2025-03-01,1
usdt_eth,116885,2025-03-01,1
usdt_eth,94093,2025-03-02,1
usdc_eth,53154,2025-03-02,1
usdt_trx,911705,2025-03-02,1
dai,2990,2025-03-02,1
usdt_eth,137063,2025-03-03,1
dai,3762,2025-03-03,1
usdt_trx,1115351,2025-03-03,1
usdc_eth,72954,2025-03-03,1
usdt_trx,1112749,2025-03-04,1
usdc_eth,73486,2025-03-04,1
dai,3664,2025-03-04,1
usdt_eth,132430,2025-03-04,1
usdt_eth,116820,2025-03-05,1
usdc_eth,64477,2025-03-05,1
dai,3057,2025-03-05,1
usdt_trx,1094037,2025-03-05,1
dai,3021,2025-03-06,1
usdc_eth,73075,2025-03-06,1
usdt_trx,1068025,2025-03-06,1
usdt_eth,126541,2025-03-06,1
usdt_trx,1080866,2025-03-07,1
usdc_eth,72702,2025-03-07,1
dai,5182,2025-03-07,1
usdt_eth,129483,2025-03-07,1
usdc_eth,55954,2025-03-08,1
usdt_trx,914500,2025-03-08,1
dai,2382,2025-03-08,1
usdt_eth,91129,2025-03-08,1
dai,2909,2025-03-09,1
usdc_eth,52306,2025-03-09,1
usdt_trx,880033,2025-03-09,1
usdt_eth,90486,2025-03-09,1
usdt_eth,135372,2025-03-10,1
usdc_eth,74057,2025-03-10,1
dai,4194,2025-03-10,1
usdt_trx,1133412,2025-03-10,1
usdt_eth,143510,2025-03-11,1
usdc_eth,86022,2025-03-11,1
dai,3743,2025-03-11,1
usdt_trx,1120351,2025-03-11,1
usdc_eth,68124,2025-03-12,1
dai,2974,2025-03-12,1
usdt_eth,115824,2025-03-12,1
usdt_trx,1047240,2025-03-12,1
usdc_eth,62477,2025-03-13,1
usdt_trx,1033780,2025-03-13,1
dai,2891,2025-03-13,1
usdt_eth,115254,2025-03-13,1
dai,2763,2025-03-14,1
usdc_eth,63581,2025-03-14,1
usdt_eth,111070,2025-03-14,1
usdt_trx,1042263,2025-03-14,1
usdt_eth,88506,2025-03-15,1
dai,2125,2025-03-15,1
usdc_eth,46084,2025-03-15,1
usdt_trx,920634,2025-03-15,1
usdt_eth,81896,2025-03-16,1
usdc_eth,43676,2025-03-16,1
dai,2039,2025-03-16,1
usdt_trx,894877,2025-03-16,1
usdt_trx,1101818,2025-03-17,1
dai,2786,2025-03-17,1
usdt_eth,111832,2025-03-17,1
usdc_eth,61229,2025-03-17,1
usdc_eth,59742,2025-03-18,1
dai,2641,2025-03-18,1
usdt_trx,1104139,2025-03-18,1
usdt_eth,110079,2025-03-18,1
usdc_eth,61751,2025-03-19,1
usdt_trx,1065343,2025-03-19,1
dai,2958,2025-03-19,1
usdt_eth,110107,2025-03-19,1
dai,2708,2025-03-20,1
usdt_trx,1064750,2025-03-20,1
usdt_eth,116276,2025-03-20,1
usdc_eth,64089,2025-03-20,1
usdc_eth,60385,2025-03-21,1
usdt_trx,1053330,2025-03-21,1
usdt_eth,106985,2025-03-21,1
dai,2596,2025-03-21,1
usdt_trx,896418,2025-03-22,1
usdt_eth,93646,2025-03-22,1
usdc_eth,48610,2025-03-22,1
dai,4722,2025-03-22,1
usdc_eth,43040,2025-03-23,1
usdt_eth,90158,2025-03-23,1
dai,2114,2025-03-23,1
usdt_trx,856845,2025-03-23,1
dai,3101,2025-03-24,1
usdt_trx,1076721,2025-03-24,1
usdc_eth,69521,2025-03-24,1
usdt_eth,128954,2025-03-24,1
usdt_eth,129813,2025-03-25,1
dai,2664,2025-03-25,1
usdc_eth,68559,2025-03-25,1
usdt_trx,1081039,2025-03-25,1
usdt_trx,1070456,2025-03-26,1
usdc_eth,66670,2025-03-26,1
usdt_eth,120879,2025-03-26,1
dai,2943,2025-03-26,1
usdc_eth,69593,2025-03-27,1
usdt_trx,1113290,2025-03-27,1
usdt_eth,133015,2025-03-27,1
dai,3001,2025-03-27,1
usdt_eth,131923,2025-03-28,1
usdc_eth,74355,2025-03-28,1
dai,3134,2025-03-28,1
usdt_trx,1096233,2025-03-28,1
usdc_eth,58989,2025-03-29,1
usdt_eth,100283,2025-03-29,1
usdt_trx,945956,2025-03-29,1
dai,2964,2025-03-29,1
dai,2793,2025-03-30,1
usdc_eth,50002,2025-03-30,1
usdt_eth,92135,2025-03-30,1
usdt_trx,884969,2025-03-30,1
usdc_eth,76415,2025-03-31,1
dai,3488,2025-03-31,1
usdt_trx,1124819,2025-03-31,1
usdt_eth,127182,2025-03-31,1
usdt_eth,129848,2025-04-01,1
dai,3083,2025-04-01,1
usdc_eth,77449,2025-04-01,1
usdt_trx,1138051,2025-04-01,1
usdt_trx,1106583,2025-04-02,1
dai,2881,2025-04-02,1
usdt_eth,128783,2025-04-02,1
usdc_eth,78163,2025-04-02,1
dai,6467,2025-04-03,1
usdc_eth,115362,2025-04-03,1
usdt_eth,196656,2025-04-03,1
usdt_trx,1112757,2025-04-03,1
usdt_eth,127592,2025-04-04,1
usdc_eth,76749,2025-04-04,1
usdt_trx,1061606,2025-04-04,1
dai,2874,2025-04-04,1
usdc_eth,51234,2025-04-05,1
usdt_trx,926284,2025-04-05,1
usdt_eth,91448,2025-04-05,1
dai,2046,2025-04-05,1
usdc_eth,72396,2025-04-06,1
usdt_eth,120495,2025-04-06,1
usdt_trx,933003,2025-04-06,1
dai,4267,2025-04-06,1
usdt_trx,1216070,2025-04-07,1
usdc_eth,136773,2025-04-07,1
usdt_eth,149465,2025-04-07,1
dai,8025,2025-04-07,1
usdt_eth,143745,2025-04-08,1
usdt_trx,1144880,2025-04-08,1
usdc_eth,85466,2025-04-08,1
dai,3757,2025-04-08,1
usdt_trx,1160573,2025-04-09,1
usdc_eth,78758,2025-04-09,1
dai,3483,2025-04-09,1
usdt_eth,134728,2025-04-09,1
usdt_trx,1134103,2025-04-10,1
usdc_eth,82458,2025-04-10,1
usdt_eth,147856,2025-04-10,1
dai,3289,2025-04-10,1
usdc_eth,75746,2025-04-11,1
usdt_trx,1094275,2025-04-11,1
dai,2645,2025-04-11,1
usdt_eth,117958,2025-04-11,1
usdt_eth,90906,2025-04-12,1
dai,2457,2025-04-12,1
usdc_eth,53871,2025-04-12,1
usdt_trx,918754,2025-04-12,1
usdt_trx,884751,2025-04-13,1
dai,2036,2025-04-13,1
usdc_eth,49038,2025-04-13,1
usdt_eth,87057,2025-04-13,1
usdt_trx,1083287,2025-04-14,1
usdc_eth,71054,2025-04-14,1
dai,2574,2025-04-14,1
usdt_eth,114048,2025-04-14,1
usdt_trx,1162378,2025-04-15,1
usdc_eth,73019,2025-04-15,1
dai,2526,2025-04-15,1
usdt_eth,123261,2025-04-15,1
usdt_trx,1118243,2025-04-16,1
dai,3244,2025-04-16,1
usdc_eth,68903,2025-04-16,1
usdt_eth,114576,2025-04-16,1
usdt_eth,138264,2025-04-17,1
usdt_trx,1061023,2025-04-17,1
dai,3397,2025-04-17,1
usdc_eth,80012,2025-04-17,1
usdt_eth,124062,2025-04-18,1
usdc_eth,71233,2025-04-18,1
dai,2690,2025-04-18,1
usdt_trx,989000,2025-04-18,1
usdt_eth,140003,2025-04-19,1
dai,2820,2025-04-19,1
usdt_trx,888378,2025-04-19,1
usdc_eth,72228,2025-04-19,1
usdt_trx,863801,2025-04-20,1
dai,1843,2025-04-20,1
usdt_eth,95555,2025-04-20,1
usdc_eth,50590,2025-04-20,1
usdt_trx,1046716,2025-04-21,1
usdt_eth,129811,2025-04-21,1
dai,2499,2025-04-21,1
usdc_eth,71186,2025-04-21,1
dai,2921,2025-04-22,1
usdt_trx,1053861,2025-04-22,1
usdc_eth,78607,2025-04-22,1
usdt_eth,131809,2025-04-22,1
dai,2960,2025-04-23,1
usdt_eth,148332,2025-04-23,1
usdt_trx,1025976,2025-04-23,1
usdc_eth,90306,2025-04-23,1
usdt_eth,223619,2025-04-24,1
usdt_trx,991452,2025-04-24,1
usdc_eth,131591,2025-04-24,1
dai,5499,2025-04-24,1
dai,3212,2025-04-25,1
usdt_eth,177923,2025-04-25,1
usdt_trx,1011644,2025-04-25,1
usdc_eth,107448,2025-04-25,1
dai,2691,2025-04-26,1
usdt_eth,146948,2025-04-26,1
usdc_eth,85340,2025-04-26,1
usdt_trx,876324,2025-04-26,1
usdt_trx,855969,2025-04-27,1
dai,2106,2025-04-27,1
usdt_eth,124118,2025-04-27,1
usdc_eth,68176,2025-04-27,1
usdt_trx,1051880,2025-04-28,1
dai,2783,2025-04-28,1
usdt_eth,157670,2025-04-28,1
usdc_eth,90696,2025-04-28,1
usdc_eth,95980,2025-04-29,1
usdt_trx,1068051,2025-04-29,1
dai,2526,2025-04-29,1
usdt_eth,154734,2025-04-29,1
usdt_trx,1118079,2025-04-30,1
dai,2737,2025-04-30,1
usdt_eth,155927,2025-04-30,1
usdc_eth,94167,2025-04-30,1
dai,2818,2025-05-01,1
usdt_eth,141414,2025-05-01,1
usdt_trx,1033601,2025-05-01,1
usdc_eth,87489,2025-05-01,1
usdc_eth,76147,2025-05-02,1
usdt_trx,1029923,2025-05-02,1
dai,2709,2025-05-02,1
usdt_eth,120966,2025-05-02,1
usdt_eth,115287,2025-05-03,1
usdt_trx,893449,2025-05-03,1
usdc_eth,60274,2025-05-03,1
dai,2240,2025-05-03,1
usdt_eth,98839,2025-05-04,1
usdc_eth,55299,2025-05-04,1
dai,2097,2025-05-04,1
usdt_trx,873280,2025-05-04,1
usdc_eth,78910,2025-05-05,1
usdt_eth,125378,2025-05-05,1
usdt_trx,1089839,2025-05-05,1
dai,2518,2025-05-05,1
dai,3023,2025-05-06,1
usdc_eth,94314,2025-05-06,1
usdt_trx,1109017,2025-05-06,1
usdt_eth,158386,2025-05-06,1
usdc_eth,81430,2025-05-07,1
dai,2664,2025-05-07,1
usdt_trx,1107781,2025-05-07,1
usdt_eth,138116,2025-05-07,1
dai,2982,2025-05-08,1
usdt_eth,134728,2025-05-08,1
usdt_trx,1135273,2025-05-08,1
usdc_eth,83444,2025-05-08,1
usdt_eth,138385,2025-05-09,1
usdt_trx,1085088,2025-05-09,1
usdc_eth,88144,2025-05-09,1
dai,3261,2025-05-09,1
usdt_trx,958929,2025-05-10,1
usdc_eth,61143,2025-05-10,1
usdt_eth,103365,2025-05-10,1
dai,2589,2025-05-10,1
usdt_eth,89783,2025-05-11,1
dai,2365,2025-05-11,1
usdc_eth,56926,2025-05-11,1
usdt_trx,920920,2025-05-11,1
dai,2598,2025-05-12,1
usdt_trx,1144278,2025-05-12,1
usdt_eth,121510,2025-05-12,1
usdc_eth,77720,2025-05-12,1
usdt_trx,742935,2025-05-13,1
usdc_eth,79091,2025-05-13,1
dai,3057,2025-05-13,1
usdt_eth,121308,2025-05-13,1
usdt_trx,1111288,2025-05-14,1
dai,2963,2025-05-14,1
usdc_eth,80988,2025-05-14,1
usdt_eth,124945,2025-05-14,1
dai,3183,2025-05-15,1
usdt_eth,131006,2025-05-15,1
usdc_eth,81867,2025-05-15,1
usdt_trx,1188077,2025-05-15,1
usdt_eth,130756,2025-05-16,1
usdc_eth,83796,2025-05-16,1
usdt_trx,1109460,2025-05-16,1
dai,2459,2025-05-16,1
dai,2516,2025-05-17,1
usdt_eth,121862,2025-05-17,1
usdc_eth,72340,2025-05-17,1
usdt_trx,962660,2025-05-17,1
usdt_eth,98595,2025-05-18,1
usdc_eth,57532,2025-05-18,1
dai,2281,2025-05-18,1
usdt_trx,939518,2025-05-18,1
usdt_trx,1117228,2025-05-19,1
usdc_eth,81384,2025-05-19,1
usdt_eth,133357,2025-05-19,1
dai,2823,2025-05-19,1
usdt_trx,1138648,2025-05-20,1
usdc_eth,91205,2025-05-20,1
dai,2811,2025-05-20,1
usdt_eth,140636,2025-05-20,1
usdt_eth,131420,2025-05-21,1
usdc_eth,79938,2025-05-21,1
dai,4383,2025-05-21,1
usdt_trx,1120918,2025-05-21,1
dai,2929,2025-05-22,1
usdt_trx,1125060,2025-05-22,1
usdc_eth,84644,2025-05-22,1
usdt_eth,134926,2025-05-22,1
usdt_eth,123988,2025-05-23,1
dai,3247,2025-05-23,1
usdt_trx,1121422,2025-05-23,1
usdc_eth,81780,2025-05-23,1
usdc_eth,75928,2025-05-24,1
usdt_eth,119293,2025-05-24,1
usdt_trx,955201,2025-05-24,1
dai,3107,2025-05-24,1
usdc_eth,59956,2025-05-25,1
usdt_eth,97750,2025-05-25,1
usdt_trx,944340,2025-05-25,1
dai,2525,2025-05-25,1
usdt_trx,1128645,2025-05-26,1
usdt_eth,126473,2025-05-26,1
usdc_eth,79974,2025-05-26,1
dai,2567,2025-05-26,1
usdt_trx,1128364,2025-05-27,1
dai,2651,2025-05-27,1
usdt_eth,124807,2025-05-27,1
usdc_eth,79661,2025-05-27,1
usdt_trx,1112145,2025-05-28,1
dai,2886,2025-05-28,1
usdc_eth,85788,2025-05-28,1
usdt_eth,129166,2025-05-28,1
usdt_trx,1105288,2025-05-29,1
usdc_eth,77981,2025-05-29,1
usdt_eth,118161,2025-05-29,1
dai,2547,2025-05-29,1
usdc_eth,82028,2025-05-30,1
dai,2722,2025-05-30,1
usdt_trx,1107927,2025-05-30,1
usdt_eth,126681,2025-05-30,1
usdt_eth,117008,2025-05-31,1
usdc_eth,73845,2025-05-31,1
dai,2876,2025-05-31,1
usdt_trx,997389,2025-05-31,1
usdt_eth,115115,2025-06-01,1
usdc_eth,81535,2025-06-01,1
usdt_trx,947592,2025-06-01,1
dai,3037,2025-06-01,1
usdt_trx,1130426,2025-06-02,1
usdc_eth,92009,2025-06-02,1
dai,2757,2025-06-02,1
usdt_eth,127689,2025-06-02,1
usdc_eth,86551,2025-06-03,1
usdt_trx,1116348,2025-06-03,1
dai,2746,2025-06-03,1
usdt_eth,129246,2025-06-03,1
usdt_trx,1112880,2025-06-04,1
dai,2905,2025-06-04,1
usdt_eth,125345,2025-06-04,1
usdc_eth,81674,2025-06-04,1
usdt_trx,1124100,2025-06-05,1
usdt_eth,134028,2025-06-05,1
dai,3098,2025-06-05,1
usdc_eth,88292,2025-06-05,1
usdt_trx,1058498,2025-06-06,1
usdc_eth,92599,2025-06-06,1
usdt_eth,140345,2025-06-06,1
dai,2885,2025-06-06,1
dai,2409,2025-06-07,1
usdt_trx,920046,2025-06-07,1
usdt_eth,144570,2025-06-07,1
usdc_eth,89568,2025-06-07,1
usdt_eth,135967,2025-06-08,1
usdc_eth,85722,2025-06-08,1
usdt_trx,898017,2025-06-08,1
dai,2439,2025-06-08,1
usdt_trx,1101136,2025-06-09,1
usdt_eth,136502,2025-06-09,1
dai,2793,2025-06-09,1
usdc_eth,89475,2025-06-09,1
usdt_eth,141707,2025-06-10,1
dai,2754,2025-06-10,1
usdc_eth,92584,2025-06-10,1
usdt_trx,1162844,2025-06-10,1
dai,2673,2025-06-11,1
usdc_eth,89673,2025-06-11,1
usdt_eth,155942,2025-06-11,1
usdt_trx,1117316,2025-06-11,1
usdt_trx,1094143,2025-06-12,1
dai,2661,2025-06-12,1
usdc_eth,82518,2025-06-12,1
usdt_eth,142636,2025-06-12,1
usdt_eth,149575,2025-06-13,1
dai,3439,2025-06-13,1
usdc_eth,93921,2025-06-13,1
usdt_trx,1083521,2025-06-13,1
usdc_eth,67570,2025-06-14,1
usdt_trx,940913,2025-06-14,1
dai,2469,2025-06-14,1
usdt_eth,114109,2025-06-14,1
usdt_trx,955477,2025-06-15,1
usdt_eth,119734,2025-06-15,1
dai,2423,2025-06-15,1
usdc_eth,67145,2025-06-15,1
usdt_trx,1134490,2025-06-16,1
dai,2489,2025-06-16,1
usdt_eth,132043,2025-06-16,1
usdc_eth,85183,2025-06-16,1
usdc_eth,94410,2025-06-17,1
dai,3283,2025-06-17,1
usdt_trx,1121276,2025-06-17,1
usdt_eth,149680,2025-06-17,1
usdc_eth,87005,2025-06-18,1
usdt_trx,1192820,2025-06-18,1
dai,2786,2025-06-18,1
usdt_eth,147379,2025-06-18,1
usdc_eth,75624,2025-06-19,1
usdt_trx,1039674,2025-06-19,1
dai,2659,2025-06-19,1
usdt_eth,128785,2025-06-19,1
usdc_eth,79781,2025-06-20,1
dai,2797,2025-06-20,1
usdt_trx,1053112,2025-06-20,1
usdt_eth,132362,2025-06-20,1
usdc_eth,64971,2025-06-21,1
dai,2791,2025-06-21,1
usdt_trx,955404,2025-06-21,1
usdt_eth,111332,2025-06-21,1
usdt_trx,919515,2025-06-22,1
usdc_eth,69014,2025-06-22,1
dai,3214,2025-06-22,1
usdt_eth,111100,2025-06-22,1
dai,3170,2025-06-23,1
usdt_eth,134272,2025-06-23,1
usdc_eth,83444,2025-06-23,1
usdt_trx,1091518,2025-06-23,1
usdt_trx,1072265,2025-06-24,1
dai,2687,2025-06-24,1
usdt_eth,135247,2025-06-24,1
usdc_eth,79633,2025-06-24,1
dai,2604,2025-06-25,1
usdt_trx,1052082,2025-06-25,1
usdc_eth,83104,2025-06-25,1
usdt_eth,129459,2025-06-25,1
usdc_eth,87708,2025-06-26,1
dai,2881,2025-06-26,1
usdt_eth,140522,2025-06-26,1
usdt_trx,1033018,2025-06-26,1
usdc_eth,98017,2025-06-27,1
usdt_eth,161189,2025-06-27,1
usdt_trx,1027235,2025-06-27,1
dai,3426,2025-06-27,1
dai,2488,2025-06-28,1
usdc_eth,65953,2025-06-28,1
usdt_trx,898080,2025-06-28,1
usdt_eth,113131,2025-06-28,1
dai,2756,2025-06-29,1
usdt_eth,105824,2025-06-29,1
usdc_eth,63883,2025-06-29,1
usdt_trx,879797,2025-06-29,1
usdc_eth,93975,2025-06-30,1
usdt_trx,1128443,2025-06-30,1
usdt_eth,144532,2025-06-30,1
dai,3010,2025-06-30,1
usdt_trx,1183628,2025-07-01,1
usdt_eth,166977,2025-07-01,1
dai,3356,2025-07-01,1
usdc_eth,106044,2025-07-01,1
dai,3330,2025-07-02,1
usdt_eth,152222,2025-07-02,1
usdt_trx,1136262,2025-07-02,1
usdc_eth,98307,2025-07-02,1
usdt_trx,1088496,2025-07-03,1
usdt_eth,157657,2025-07-03,1
dai,3238,2025-07-03,1
usdc_eth,101025,2025-07-03,1
usdt_trx,1047019,2025-07-04,1
usdt_eth,134070,2025-07-04,1
usdc_eth,88503,2025-07-04,1
dai,2940,2025-07-04,1
dai,2935,2025-07-05,1
usdc_eth,68392,2025-07-05,1
usdt_trx,910861,2025-07-05,1
usdt_eth,113689,2025-07-05,1
usdc_eth,60419,2025-07-06,1
usdt_trx,879732,2025-07-06,1
dai,2554,2025-07-06,1
usdt_eth,98779,2025-07-06,1
usdt_trx,1153968,2025-07-07,1
dai,2807,2025-07-07,1
usdc_eth,89107,2025-07-07,1
usdt_eth,135270,2025-07-07,1
usdt_eth,134064,2025-07-08,1
usdc_eth,88558,2025-07-08,1
dai,3305,2025-07-08,1
usdt_trx,1080254,2025-07-08,1
dai,3218,2025-07-09,1
usdc_eth,88255,2025-07-09,1
usdt_trx,1112360,2025-07-09,1
usdt_eth,133916,2025-07-09,1
usdt_eth,136952,2025-07-10,1
dai,3352,2025-07-10,1
usdc_eth,90135,2025-07-10,1
usdt_trx,1156341,2025-07-10,1
usdt_eth,145732,2025-07-11,1
usdc_eth,97329,2025-07-11,1
usdt_trx,1092935,2025-07-11,1
dai,3318,2025-07-11,1
usdt_trx,942796,2025-07-12,1
usdc_eth,89811,2025-07-12,1
dai,3579,2025-07-12,1
usdt_eth,134213,2025-07-12,1
usdt_trx,909339,2025-07-13,1
usdc_eth,69739,2025-07-13,1
dai,2919,2025-07-13,1
usdt_eth,110923,2025-07-13,1
usdc_eth,92167,2025-07-14,1
dai,3206,2025-07-14,1
usdt_eth,136532,2025-07-14,1
usdt_trx,1112103,2025-07-14,1
usdt_eth,136649,2025-07-15,1
usdt_trx,1153627,2025-07-15,1
dai,3081,2025-07-15,1
usdc_eth,90115,2025-07-15,1
usdt_eth,133536,2025-07-16,1
usdt_trx,1140423,2025-07-16,1
usdc_eth,91593,2025-07-16,1
dai,3286,2025-07-16,1
dai,3163,2025-07-17,1
usdt_eth,134965,2025-07-17,1
usdt_trx,1100881,2025-07-17,1
usdc_eth,92440,2025-07-17,1
usdc_eth,89223,2025-07-18,1
usdt_trx,1086851,2025-07-18,1
dai,3233,2025-07-18,1
usdt_eth,130031,2025-07-18,1
dai,3574,2025-07-19,1
usdc_eth,86573,2025-07-19,1
usdt_trx,908622,2025-07-19,1
usdt_eth,135887,2025-07-19,1
dai,3665,2025-07-20,1
usdc_eth,85055,2025-07-20,1
usdt_trx,898533,2025-07-20,1
usdt_eth,127519,2025-07-20,1
dai,4008,2025-07-21,1
usdc_eth,100799,2025-07-21,1
usdt_trx,1088060,2025-07-21,1
usdt_eth,134660,2025-07-21,1
dai,3751,2025-07-22,1
usdt_trx,1085487,2025-07-22,1
usdc_eth,96463,2025-07-22,1
usdt_eth,139159,2025-07-22,1
usdt_trx,1074105,2025-07-23,1
dai,3620,2025-07-23,1
usdc_eth,91307,2025-07-23,1
usdt_eth,142556,2025-07-23,1
dai,3628,2025-07-24,1
usdt_trx,1061316,2025-07-24,1
usdt_eth,150984,2025-07-24,1
usdc_eth,92582,2025-07-24,1
dai,3628,2025-07-25,1
usdc_eth,91916,2025-07-25,1
usdt_eth,137427,2025-07-25,1
usdt_trx,1051328,2025-07-25,1
usdt_eth,104202,2025-07-26,1
dai,3087,2025-07-26,1
usdc_eth,67445,2025-07-26,1
usdt_trx,920736,2025-07-26,1
dai,3379,2025-07-27,1
usdt_trx,893115,2025-07-27,1
usdc_eth,68586,2025-07-27,1
usdt_eth,104641,2025-07-27,1
usdt_trx,1056481,2025-07-28,1
usdt_eth,142889,2025-07-28,1
dai,3911,2025-07-28,1
usdc_eth,97086,2025-07-28,1
usdt_eth,143403,2025-07-29,1
usdt_trx,1043684,2025-07-29,1
dai,3530,2025-07-29,1
usdc_eth,91653,2025-07-29,1
usdt_eth,124134,2025-07-30,1
usdt_trx,1074205,2025-07-30,1
dai,2920,2025-07-30,1
usdc_eth,80556,2025-07-30,1
usdt_eth,138017,2025-07-31,1
usdc_eth,95245,2025-07-31,1
usdt_trx,1101609,2025-07-31,1
dai,3419,2025-07-31,1
usdc_eth,122542,2025-08-01,1
usdt_eth,182110,2025-08-01,1
usdt_trx,1131254,2025-08-01,1
dai,4799,2025-08-01,1
usdc_eth,87049,2025-08-02,1
usdt_eth,134908,2025-08-02,1
usdt_trx,939353,2025-08-02,1
dai,4045,2025-08-02,1
usdc_eth,68183,2025-08-03,1
usdt_eth,110373,2025-08-03,1
dai,2875,2025-08-03,1
usdt_trx,896269,2025-08-03,1
usdt_eth,148525,2025-08-04,1
usdt_trx,1095489,2025-08-04,1
usdc_eth,96411,2025-08-04,1
dai,3932,2025-08-04,1
usdt_trx,1113765,2025-08-05,1
dai,3468,2025-08-05,1
usdc_eth,97806,2025-08-05,1
usdt_eth,146342,2025-08-05,1
dai,3699,2025-08-06,1
usdc_eth,95542,2025-08-06,1
usdt_trx,1082614,2025-08-06,1
usdt_eth,147427,2025-08-06,1
usdt_trx,1053166,2025-08-07,1
usdt_eth,152932,2025-08-07,1
usdc_eth,97946,2025-08-07,1
dai,3726,2025-08-07,1
usdt_eth,158055,2025-08-08,1
dai,3777,2025-08-08,1
usdt_trx,1067597,2025-08-08,1
usdc_eth,102608,2025-08-08,1
dai,3714,2025-08-09,1
usdc_eth,98650,2025-08-09,1
usdt_eth,125129,2025-08-09,1
usdt_trx,923913,2025-08-09,1
dai,3474,2025-08-10,1
usdc_eth,81860,2025-08-10,1
usdt_eth,127393,2025-08-10,1
usdt_trx,908309,2025-08-10,1
usdc_eth,103474,2025-08-11,1
dai,3689,2025-08-11,1
usdt_trx,1141170,2025-08-11,1
usdt_eth,154749,2025-08-11,1
usdc_eth,106357,2025-08-12,1
usdt_eth,163344,2025-08-12,1
usdt_trx,1106203,2025-08-12,1
dai,4227,2025-08-12,1
usdt_trx,1079199,2025-08-13,1
usdt_eth,150444,2025-08-13,1
usdc_eth,101724,2025-08-13,1
dai,4637,2025-08-13,1
usdc_eth,105933,2025-08-14,1
usdt_eth,163858,2025-08-14,1
dai,4638,2025-08-14,1
usdt_trx,1121726,2025-08-14,1
usdt_trx,1114348,2025-08-15,1
dai,5791,2025-08-15,1
usdc_eth,139383,2025-08-15,1
usdt_eth,220615,2025-08-15,1
usdt_trx,951234,2025-08-16,1
dai,3643,2025-08-16,1
usdt_eth,134922,2025-08-16,1
usdc_eth,81207,2025-08-16,1
usdt_trx,901674,2025-08-17,1
dai,3457,2025-08-17,1
usdt_eth,117139,2025-08-17,1
usdc_eth,71527,2025-08-17,1
usdt_trx,1099439,2025-08-18,1
dai,4484,2025-08-18,1
usdc_eth,107389,2025-08-18,1
usdt_eth,173362,2025-08-18,1
usdc_eth,106318,2025-08-19,1
usdt_trx,1104667,2025-08-19,1
usdt_eth,167197,2025-08-19,1
dai,4641,2025-08-19,1
dai,4108,2025-08-20,1
usdt_eth,164386,2025-08-20,1
usdc_eth,100324,2025-08-20,1
usdt_trx,1130405,2025-08-20,1
usdc_eth,108050,2025-08-21,1
dai,4236,2025-08-21,1
usdt_eth,174773,2025-08-21,1
usdt_trx,1023946,2025-08-21,1
usdc_eth,106284,2025-08-22,1
usdt_eth,152903,2025-08-22,1
dai,4316,2025-08-22,1
usdt_trx,1068179,2025-08-22,1
usdc_eth,98309,2025-08-23,1
usdt_eth,161837,2025-08-23,1
usdt_trx,932184,2025-08-23,1
dai,4667,2025-08-23,1
usdc_eth,83950,2025-08-24,1
dai,3985,2025-08-24,1
usdt_trx,888646,2025-08-24,1
usdt_eth,132887,2025-08-24,1
usdt_trx,1101262,2025-08-25,1
usdc_eth,103920,2025-08-25,1
dai,4404,2025-08-25,1
usdt_eth,163683,2025-08-25,1
usdt_trx,1089400,2025-08-26,1
usdt_eth,173643,2025-08-26,1
usdc_eth,111469,2025-08-26,1
dai,4538,2025-08-26,1
dai,3915,2025-08-27,1
usdt_eth,151944,2025-08-27,1
usdt_trx,1049767,2025-08-27,1
usdc_eth,97094,2025-08-27,1
usdc_eth,113911,2025-08-28,1
usdt_eth,180401,2025-08-28,1
usdt_trx,1056159,2025-08-28,1
dai,4805,2025-08-28,1
dai,4767,2025-08-29,1
usdc_eth,116232,2025-08-29,1
usdt_eth,194794,2025-08-29,1
usdt_trx,1064091,2025-08-29,1
usdc_eth,78898,2025-08-30,1
usdt_eth,141338,2025-08-30,1
usdt_trx,928401,2025-08-30,1
dai,3945,2025-08-30,1
usdt_trx,927801,2025-08-31,1
usdt_eth,171414,2025-08-31,1
usdc_eth,100513,2025-08-31,1
dai,5599,2025-08-31,1
usdt_trx,1171801,2025-09-01,1
usdt_eth,174503,2025-09-01,1
usdc_eth,112865,2025-09-01,1
dai,4851,2025-09-01,1
dai,5693,2025-09-02,1
usdt_eth,203820,2025-09-02,1
usdt_trx,1186705,2025-09-02,1
usdc_eth,134610,2025-09-02,1
usdt_eth,202094,2025-09-03,1
dai,5214,2025-09-03,1
usdt_trx,1130373,2025-09-03,1
usdc_eth,120727,2025-09-03,1
dai,3844,2025-09-04,1
usdt_trx,1114644,2025-09-04,1
usdc_eth,103459,2025-09-04,1
usdt_eth,166158,2025-09-04,1
usdt_eth,180271,2025-09-05,1
dai,4367,2025-09-05,1
usdt_trx,1139526,2025-09-05,1
usdc_eth,111117,2025-09-05,1
dai,3464,2025-09-06,1
usdt_eth,126160,2025-09-06,1
usdc_eth,74536,2025-09-06,1
usdt_trx,922152,2025-09-06,1
usdt_trx,892381,2025-09-07,1
usdt_eth,117891,2025-09-07,1
usdc_eth,69501,2025-09-07,1
dai,2967,2025-09-07,1
dai,3450,2025-09-08,1
usdt_trx,1153713,2025-09-08,1
usdt_eth,158022,2025-09-08,1
usdc_eth,100012,2025-09-08,1
usdt_eth,168317,2025-09-09,1
usdc_eth,102403,2025-09-09,1
usdt_trx,1178539,2025-09-09,1
dai,3697,2025-09-09,1
dai,3830,2025-09-10,1
usdt_trx,1129286,2025-09-10,1
usdc_eth,111683,2025-09-10,1
usdt_eth,186224,2025-09-10,1
dai,3932,2025-09-11,1
usdt_trx,1089876,2025-09-11,1
usdt_eth,179336,2025-09-11,1
usdc_eth,109339,2025-09-11,1
usdt_trx,1135890,2025-09-12,1
usdc_eth,104369,2025-09-12,1
usdt_eth,161605,2025-09-12,1
dai,3926,2025-09-12,1
dai,4176,2025-09-13,1
usdt_eth,170175,2025-09-13,1
usdt_trx,1022712,2025-09-13,1
usdc_eth,100718,2025-09-13,1
usdt_trx,989911,2025-09-14,1
dai,3558,2025-09-14,1
usdt_eth,131953,2025-09-14,1
usdc_eth,79035,2025-09-14,1
usdt_trx,1194634,2025-09-15,1
dai,3830,2025-09-15,1
usdc_eth,106586,2025-09-15,1
usdt_eth,164204,2025-09-15,1
usdc_eth,117388,2025-09-16,1
usdt_eth,189724,2025-09-16,1
dai,4136,2025-09-16,1
usdt_trx,1188158,2025-09-16,1
usdt_trx,1170004,2025-09-17,1
usdc_eth,109895,2025-09-17,1
dai,4311,2025-09-17,1
usdt_eth,184342,2025-09-17,1
usdt_trx,1113239,2025-09-18,1
usdc_eth,123061,2025-09-18,1
dai,4347,2025-09-18,1
usdt_eth,196835,2025-09-18,1
dai,5178,2025-09-19,1
usdt_eth,203443,2025-09-19,1
usdt_trx,1117100,2025-09-19,1
usdc_eth,130154,2025-09-19,1
dai,5961,2025-09-20,1
usdt_eth,182598,2025-09-20,1
usdt_trx,954900,2025-09-20,1
usdc_eth,109882,2025-09-20,1
usdc_eth,80592,2025-09-21,1
usdt_eth,139509,2025-09-21,1
usdt_trx,933918,2025-09-21,1
dai,3974,2025-09-21,1
usdc_eth,114567,2025-09-22,1
usdt_trx,1132586,2025-09-22,1
dai,4403,2025-09-22,1
usdt_eth,182556,2025-09-22,1
usdc_eth,112976,2025-09-23,1
usdt_eth,172381,2025-09-23,1
usdt_trx,1142005,2025-09-23,1
dai,4543,2025-09-23,1
dai,4238,2025-09-24,1
usdc_eth,106762,2025-09-24,1
usdt_eth,167051,2025-09-24,1
usdt_trx,1103959,2025-09-24,1
dai,4927,2025-09-25,1
usdt_trx,1165704,2025-09-25,1
usdt_eth,178893,2025-09-25,1
usdc_eth,120013,2025-09-25,1
usdt_eth,204835,2025-09-26,1
usdt_trx,1123012,2025-09-26,1
dai,4801,2025-09-26,1
usdc_eth,130780,2025-09-26,1
usdt_trx,933159,2025-09-27,1
usdc_eth,83732,2025-09-27,1
usdt_eth,144220,2025-09-27,1
dai,3723,2025-09-27,1
dai,4233,2025-09-28,1
usdc_eth,91369,2025-09-28,1
usdt_trx,906250,2025-09-28,1
usdt_eth,152524,2025-09-28,1
usdt_eth,182897,2025-09-29,1
dai,4415,2025-09-29,1
usdc_eth,163194,2025-09-29,1
usdt_trx,1117017,2025-09-29,1
usdt_eth,203291,2025-09-30,1
usdc_eth,170365,2025-09-30,1
dai,4792,2025-09-30,1
usdt_trx,1228939,2025-09-30,1
usdc_eth,203392,2025-10-01,1
dai,5348,2025-10-01,1
usdt_eth,226999,2025-10-01,1
usdt_trx,1235821,2025-10-01,1
usdt_eth,201673,2025-10-02,1
usdt_trx,1165811,2025-10-02,1
dai,4851,2025-10-02,1
usdc_eth,197162,2025-10-02,1
dai,4715,2025-10-03,1
usdt_trx,1158758,2025-10-03,1
usdt_eth,202575,2025-10-03,1
usdc_eth,146546,2025-10-03,1
dai,4930,2025-10-04,1
usdc_eth,100934,2025-10-04,1
usdt_trx,949157,2025-10-04,1
usdt_eth,143773,2025-10-04,1
usdc_eth,101242,2025-10-05,1
dai,5606,2025-10-05,1
usdt_trx,930685,2025-10-05,1
usdt_eth,144099,2025-10-05,1
dai,4976,2025-10-06,1
usdt_trx,1138872,2025-10-06,1
usdt_eth,175919,2025-10-06,1
usdc_eth,118093,2025-10-06,1
usdc_eth,125423,2025-10-07,1
usdt_eth,181611,2025-10-07,1
dai,5589,2025-10-07,1
usdt_trx,1175342,2025-10-07,1
usdt_trx,1123819,2025-10-08,1
usdc_eth,140308,2025-10-08,1
usdt_eth,207629,2025-10-08,1
dai,5482,2025-10-08,1
usdt_eth,186551,2025-10-09,1
dai,5023,2025-10-09,1
usdt_trx,1182611,2025-10-09,1
usdc_eth,118682,2025-10-09,1
dai,5430,2025-10-10,1
usdt_trx,1274217,2025-10-10,1
usdt_eth,186268,2025-10-10,1
usdc_eth,117601,2025-10-10,1
usdt_eth,183057,2025-10-11,1
usdt_trx,1081386,2025-10-11,1
dai,6517,2025-10-11,1
usdc_eth,125748,2025-10-11,1
usdt_eth,183087,2025-10-12,1
dai,5204,2025-10-12,1
usdc_eth,111567,2025-10-12,1
usdt_trx,969777,2025-10-12,1
dai,4703,2025-10-13,1
usdc_eth,115823,2025-10-13,1
usdt_trx,1149848,2025-10-13,1
usdt_eth,185788,2025-10-13,1
usdt_trx,1231411,2025-10-14,1
dai,4253,2025-10-14,1
usdc_eth,115155,2025-10-14,1
usdt_eth,169048,2025-10-14,1
usdt_trx,1253734,2025-10-15,1
dai,4483,2025-10-15,1
usdt_eth,198303,2025-10-15,1
usdc_eth,126143,2025-10-15,1
usdt_trx,1184544,2025-10-16,1
usdc_eth,112670,2025-10-16,1
dai,4589,2025-10-16,1
usdt_eth,174466,2025-10-16,1
usdt_eth,200654,2025-10-17,1
usdc_eth,132275,2025-10-17,1
usdt_trx,1220051,2025-10-17,1
dai,8281,2025-10-17,1
usdc_eth,105265,2025-10-18,1
dai,5263,2025-10-18,1
usdt_eth,158894,2025-10-18,1
usdt_trx,995648,2025-10-18,1
usdt_eth,132384,2025-10-19,1
dai,4371,2025-10-19,1
usdc_eth,85593,2025-10-19,1
usdt_trx,947891,2025-10-19,1
usdc_eth,108502,2025-10-20,1
usdt_trx,1155434,2025-10-20,1
usdt_eth,162896,2025-10-20,1
dai,4344,2025-10-20,1
usdt_trx,1174365,2025-10-21,1
usdc_eth,116448,2025-10-21,1
usdt_eth,173562,2025-10-21,1
dai,4136,2025-10-21,1
dai,4575,2025-10-22,1
usdc_eth,122839,2025-10-22,1
usdt_trx,1139501,2025-10-22,1
usdt_eth,173780,2025-10-22,1
usdc_eth,124816,2025-10-23,1
usdt_eth,223748,2025-10-23,1
usdt_trx,1098198,2025-10-23,1
dai,6129,2025-10-23,1
usdt_trx,1094584,2025-10-24,1
usdt_eth,201449,2025-10-24,1
dai,5314,2025-10-24,1
usdc_eth,125146,2025-10-24,1
usdt_eth,142335,2025-10-25,1
usdt_trx,949743,2025-10-25,1
dai,4064,2025-10-25,1
usdc_eth,96567,2025-10-25,1
usdc_eth,86529,2025-10-26,1
usdt_trx,928548,2025-10-26,1
dai,4237,2025-10-26,1
usdt_eth,142196,2025-10-26,1
usdt_eth,201546,2025-10-27,1
dai,4206,2025-10-27,1
usdt_trx,1143836,2025-10-27,1
usdc_eth,122168,2025-10-27,1
dai,4594,2025-10-28,1
usdt_eth,203815,2025-10-28,1
usdt_trx,1149476,2025-10-28,1
usdc_eth,131913,2025-10-28,1
dai,4404,2025-10-29,1
usdc_eth,118685,2025-10-29,1
usdt_eth,198549,2025-10-29,1
usdt_trx,1140565,2025-10-29,1
usdt_trx,1168735,2025-10-30,1
usdc_eth,119573,2025-10-30,1
usdt_eth,203860,2025-10-30,1
dai,4318,2025-10-30,1
dai,4415,2025-10-31,1
usdc_eth,127678,2025-10-31,1
usdt_eth,198125,2025-10-31,1
usdt_trx,1188692,2025-10-31,1
dai,3632,2025-11-01,1
usdt_trx,1042346,2025-11-01,1
usdt_eth,157916,2025-11-01,1
usdc_eth,95400,2025-11-01,1
usdt_eth,148003,2025-11-02,1
usdt_trx,967215,2025-11-02,1
usdc_eth,85157,2025-11-02,1
dai,3535,2025-11-02,1
dai,4357,2025-11-03,1
usdt_trx,1201631,2025-11-03,1
usdc_eth,123557,2025-11-03,1
usdt_eth,187492,2025-11-03,1
usdc_eth,130159,2025-11-04,1
usdt_eth,198776,2025-11-04,1
dai,4726,2025-11-04,1
usdt_trx,1236359,2025-11-04,1
usdt_trx,1219172,2025-11-05,1
dai,5347,2025-11-05,1
usdc_eth,137922,2025-11-05,1
usdt_eth,208748,2025-11-05,1
dai,3640,2025-11-06,1
usdt_eth,217772,2025-11-06,1
usdt_trx,1149915,2025-11-06,1
usdc_eth,142132,2025-11-06,1
usdt_eth,206122,2025-11-07,1
usdt_trx,1157544,2025-11-07,1
usdc_eth,137594,2025-11-07,1
dai,3982,2025-11-07,1
dai,6577,2025-11-08,1
usdc_eth,152737,2025-11-08,1
usdt_trx,987388,2025-11-08,1
usdt_eth,264948,2025-11-08,1
usdc_eth,96262,2025-11-09,1
usdt_trx,956793,2025-11-09,1
usdt_eth,164196,2025-11-09,1
dai,4341,2025-11-09,1
usdt_eth,196805,2025-11-10,1
usdt_trx,1211856,2025-11-10,1
dai,4529,2025-11-10,1
usdc_eth,136542,2025-11-10,1
dai,4359,2025-11-11,1
usdc_eth,133921,2025-11-11,1
usdt_eth,182120,2025-11-11,1
usdt_trx,1236161,2025-11-11,1
usdt_eth,178461,2025-11-12,1
usdc_eth,128508,2025-11-12,1
usdt_trx,1167177,2025-11-12,1
dai,3885,2025-11-12,1
dai,4477,2025-11-13,1
usdt_eth,184932,2025-11-13,1
usdt_trx,1195741,2025-11-13,1
usdc_eth,129582,2025-11-13,1
usdt_trx,1230292,2025-11-14,1
dai,4947,2025-11-14,1
usdt_eth,209912,2025-11-14,1
usdc_eth,139305,2025-11-14,1
usdt_eth,181697,2025-11-15,1
usdt_trx,1043133,2025-11-15,1
usdc_eth,124851,2025-11-15,1
dai,5837,2025-11-15,1
usdt_trx,1011756,2025-11-16,1
usdt_eth,152278,2025-11-16,1
usdc_eth,107279,2025-11-16,1
dai,4291,2025-11-16,1
usdc_eth,144087,2025-11-17,1
usdt_trx,1216379,2025-11-17,1
usdt_eth,201179,2025-11-17,1
dai,5243,2025-11-17,1
dai,5320,2025-11-18,1
usdt_eth,211610,2025-11-18,1
usdc_eth,165210,2025-11-18,1
usdt_trx,1180951,2025-11-18,1
dai,4938,2025-11-19,1
usdt_eth,185088,2025-11-19,1
usdc_eth,135450,2025-11-19,1
usdt_trx,1168777,2025-11-19,1
usdt_trx,1182111,2025-11-20,1
usdt_eth,201832,2025-11-20,1
dai,4971,2025-11-20,1
usdc_eth,143176,2025-11-20,1
dai,5253,2025-11-21,1
usdt_trx,1213242,2025-11-21,1
usdc_eth,142611,2025-11-21,1
usdt_eth,194812,2025-11-21,1
dai,4854,2025-11-22,1
usdt_eth,178448,2025-11-22,1
usdc_eth,121094,2025-11-22,1
usdt_trx,986401,2025-11-22,1
dai,4824,2025-11-23,1
usdt_eth,165596,2025-11-23,1
usdc_eth,116841,2025-11-23,1
usdt_trx,958418,2025-11-23,1
usdc_eth,147338,2025-11-24,1
dai,4382,2025-11-24,1
usdt_trx,1165170,2025-11-24,1
usdt_eth,189488,2025-11-24,1
usdt_trx,1194635,2025-11-25,1
usdc_eth,164576,2025-11-25,1
dai,4930,2025-11-25,1
usdt_eth,202684,2025-11-25,1
usdt_eth,222439,2025-11-26,1
usdc_eth,156372,2025-11-26,1
dai,5789,2025-11-26,1
usdt_trx,1152184,2025-11-26,1
usdt_eth,245095,2025-11-27,1
usdc_eth,180152,2025-11-27,1
usdt_trx,1208236,2025-11-27,1
dai,7413,2025-11-27,1
usdc_eth,153766,2025-11-28,1
usdt_trx,1226492,2025-11-28,1
dai,5401,2025-11-28,1
usdt_eth,221141,2025-11-28,1
usdt_eth,156771,2025-11-29,1
dai,4182,2025-11-29,1
usdt_trx,1061681,2025-11-29,1
usdc_eth,393461,2025-11-29,1
usdt_eth,149884,2025-11-30,1
dai,4593,2025-11-30,1
usdt_trx,1044243,2025-11-30,1
usdc_eth,106305,2025-11-30,1
usdc_eth,169707,2025-12-01,1
usdt_trx,1322161,2025-12-01,1
dai,5950,2025-12-01,1
usdt_eth,237419,2025-12-01,1
usdt_trx,1281865,2025-12-02,1
dai,5484,2025-12-02,1
usdt_eth,231452,2025-12-02,1
usdc_eth,166952,2025-12-02,1
dai,5292,2025-12-03,1
usdt_eth,225930,2025-12-03,1
usdt_trx,1264208,2025-12-03,1
usdc_eth,166672,2025-12-03,1
usdt_eth,216003,2025-12-04,1
usdc_eth,157214,2025-12-04,1
dai,4988,2025-12-04,1
usdt_trx,1197561,2025-12-04,1
dai,4726,2025-12-05,1
usdt_eth,204083,2025-12-05,1
usdt_trx,1240603,2025-12-05,1
usdc_eth,151882,2025-12-05,1
usdc_eth,114218,2025-12-06,1
dai,4136,2025-12-06,1
usdt_eth,167145,2025-12-06,1
usdt_trx,1051944,2025-12-06,1
usdc_eth,89740,2025-12-07,1
dai,3176,2025-12-07,1
usdt_trx,963938,2025-12-07,1
usdt_eth,137133,2025-12-07,1
dai,3919,2025-12-08,1
usdt_trx,1222924,2025-12-08,1
usdt_eth,172150,2025-12-08,1
usdc_eth,117599,2025-12-08,1
usdt_trx,1214803,2025-12-09,1
dai,4556,2025-12-09,1
usdt_eth,200275,2025-12-09,1
usdc_eth,147713,2025-12-09,1
usdc_eth,146742,2025-12-10,1
dai,4195,2025-12-10,1
usdt_trx,1191344,2025-12-10,1
usdt_eth,206523,2025-12-10,1
usdc_eth,172203,2025-12-11,1
dai,5630,2025-12-11,1
usdt_trx,1154226,2025-12-11,1
usdt_eth,257786,2025-12-11,1
usdc_eth,139057,2025-12-12,1
usdt_trx,1150271,2025-12-12,1
dai,4054,2025-12-12,1
usdt_eth,200403,2025-12-12,1
usdt_trx,1041762,2025-12-13,1
usdt_eth,159310,2025-12-13,1
dai,3841,2025-12-13,1
usdc_eth,110831,2025-12-13,1
dai,3973,2025-12-14,1
usdc_eth,102682,2025-12-14,1
usdt_trx,1009437,2025-12-14,1
usdt_eth,164132,2025-12-14,1
dai,5079,2025-12-15,1
usdt_trx,1267316,2025-12-15,1
usdt_eth,228184,2025-12-15,1
usdc_eth,151407,2025-12-15,1
usdt_trx,1245117,2025-12-16,1
usdt_eth,237529,2025-12-16,1
usdc_eth,157659,2025-12-16,1
dai,5317,2025-12-16,1
usdt_eth,227153,2025-12-17,1
usdt_trx,1223501,2025-12-17,1
dai,5524,2025-12-17,1
usdc_eth,158471,2025-12-17,1
dai,4900,2025-12-18,1
usdt_eth,209846,2025-12-18,1
usdc_eth,142818,2025-12-18,1
usdt_trx,1148530,2025-12-18,1
dai,4364,2025-12-19,1
usdc_eth,134816,2025-12-19,1
usdt_eth,208937,2025-12-19,1
usdt_trx,1140168,2025-12-19,1
dai,4639,2025-12-20,1
usdc_eth,123280,2025-12-20,1
usdt_trx,1016448,2025-12-20,1
usdt_eth,209268,2025-12-20,1
usdc_eth,113525,2025-12-21,1
dai,5895,2025-12-21,1
usdt_trx,948257,2025-12-21,1
usdt_eth,194571,2025-12-21,1
usdt_trx,1172569,2025-12-22,1
usdc_eth,166296,2025-12-22,1
dai,7598,2025-12-22,1
usdt_eth,283168,2025-12-22,1
usdt_eth,375404,2025-12-23,1
usdt_trx,1157501,2025-12-23,1
dai,8891,2025-12-23,1
usdc_eth,208324,2025-12-23,1
usdt_eth,313673,2025-12-24,1
usdc_eth,156687,2025-12-24,1
usdt_trx,1115146,2025-12-24,1
dai,6942,2025-12-24,1
usdt_trx,998151,2025-12-25,1
usdt_eth,222960,2025-12-25,1
usdc_eth,111020,2025-12-25,1
dai,5057,2025-12-25,1
usdc_eth,132975,2025-12-26,1
dai,6462,2025-12-26,1
usdt_trx,1119470,2025-12-26,1
usdt_eth,273831,2025-12-26,1
usdc_eth,127188,2025-12-27,1
dai,6832,2025-12-27,1
usdt_trx,986006,2025-12-27,1
usdt_eth,247154,2025-12-27,1
usdc_eth,137865,2025-12-28,1
dai,7819,2025-12-28,1
usdt_trx,945024,2025-12-28,1
usdt_eth,254071,2025-12-28,1
dai,8064,2025-12-29,1
usdt_trx,1209795,2025-12-29,1
usdt_eth,313113,2025-12-29,1
usdc_eth,184356,2025-12-29,1
usdt_eth,341431,2025-12-30,1
usdc_eth,238432,2025-12-30,1
usdt_trx,1225111,2025-12-30,1
dai,8649,2025-12-30,1
usdc_eth,275206,2025-12-31,1
usdt_eth,293448,2025-12-31,1
usdt_trx,1172448,2025-12-31,1
dai,6930,2025-12-31,1
