month,stablecoin,stablecoin_id,total_supply_usd,n_chains
2020-01-01,DAI,5,106324527.0,1
2020-01-01,TUSD,7,136058696.0,2
2020-01-01,USDC,2,434105143.0,1
2020-01-01,USDP,11,227843848.0,1
2020-01-01,USDT,1,3047835351.0,2
2020-02-01,DAI,5,118876320.0,1
2020-02-01,TUSD,7,142573666.0,1
2020-02-01,USDC,2,439327964.0,1
2020-02-01,USDP,11,199687496.0,1
2020-02-01,USDT,1,3283329792.0,2
2020-03-01,DAI,5,80690771.0,1
2020-03-01,TUSD,7,136389747.0,1
2020-03-01,USDC,2,688139019.0,1
2020-03-01,USDP,11,244883291.0,1
2020-03-01,USDT,1,4953542994.0,2
2020-04-01,BUSD,4,190177306.0,1
2020-04-01,DAI,5,99337142.0,1
2020-04-01,TUSD,7,135583628.0,2
2020-04-01,USDC,2,722011498.0,1
2020-04-01,USDP,11,258478972.0,1
2020-04-01,USDT,1,6725524850.0,2
2020-05-01,BUSD,4,171665941.0,1
2020-05-01,DAI,5,123786037.0,1
2020-05-01,TUSD,7,137075261.0,2
2020-05-01,USDC,2,741759633.0,1
2020-05-01,USDP,11,245429131.0,1
2020-05-01,USDT,1,7996630509.0,2
2020-06-01,BUSD,4,168290402.0,1
2020-06-01,DAI,5,124705360.0,1
2020-06-01,SUSD,22,20240189.0,1
2020-06-01,TUSD,7,140743037.0,2
2020-06-01,USDC,2,974564885.0,1
2020-06-01,USDP,11,238676782.0,1
2020-06-01,USDT,1,8781268784.0,2
2020-07-01,BUSD,4,147007845.0,1
2020-07-01,DAI,5,333619464.0,1
2020-07-01,SUSD,22,37915378.0,1
2020-07-01,TUSD,7,196616453.0,1
2020-07-01,USDC,2,1142254948.0,1
2020-07-01,USDP,11,250895235.0,1
2020-07-01,USDT,1,9800967843.0,2
2020-08-01,BUSD,4,187590838.0,1
2020-08-01,DAI,5,437762117.0,1
2020-08-01,SUSD,22,83387430.0,1
2020-08-01,TUSD,7,383444525.0,2
2020-08-01,USDC,2,1466969581.0,1
2020-08-01,USDP,11,277682566.0,2
2020-08-01,USDT,1,12367845159.0,2
2020-09-01,BUSD,4,476277256.0,1
2020-09-01,DAI,5,894918827.0,1
2020-09-01,SUSD,22,72941112.0,1
2020-09-01,TUSD,7,395785058.0,1
2020-09-01,USDC,2,2539063886.0,2
2020-09-01,USDP,11,292357214.0,1
2020-09-01,USDT,1,14430472568.0,3
2020-10-01,BUSD,4,710353928.0,1
2020-10-01,DAI,5,917571148.0,1
2020-10-01,SUSD,22,56797992.0,1
2020-10-01,TUSD,7,252954005.0,1
2020-10-01,USDC,2,2893818230.0,3
2020-10-01,USDP,11,430492716.0,1
2020-10-01,USDT,1,15779767124.0,3
2020-11-01,BUSD,4,682066562.0,1
2020-11-01,DAI,5,1018737394.0,1
2020-11-01,SUSD,22,53687596.0,1
2020-11-01,TUSD,7,307405992.0,1
2020-11-01,USDC,2,2974734797.0,3
2020-11-01,USDP,11,406646163.0,1
2020-11-01,USDT,1,17987724989.0,4
2020-12-01,BUSD,4,917036463.0,3
2020-12-01,DAI,5,1145772340.0,6
2020-12-01,FLEXUSD,21,12.0,1
2020-12-01,FRAX,6,54570705.0,1
2020-12-01,FUSD,63,1691770.0,1
2020-12-01,GUSD,19,15851153.0,1
2020-12-01,MUSD,26,26747417.0,1
2020-12-01,RSV,25,1422789.0,1
2020-12-01,SUSD,22,127196620.0,1
2020-12-01,TUSD,7,272430516.0,1
2020-12-01,USDC,2,3706429865.0,6
2020-12-01,USDK,27,32478711.0,1
2020-12-01,USDN,12,95295862.0,1
2020-12-01,USDP,11,302151475.0,1
2020-12-01,USDP,33,162555.0,2
2020-12-01,USDT,1,20037511916.0,8
2020-12-01,USTC,3,37992525.0,2
2020-12-01,VAI,28,19980432.0,1
2020-12-01,ZUSD,43,201.0,1
2021-01-01,BUSD,4,1478559055.0,3
2021-01-01,DAI,5,1634892607.0,6
2021-01-01,FLEXUSD,21,30935.0,1
2021-01-01,FRAX,6,84973839.0,1
2021-01-01,FUSD,63,9541247.0,1
2021-01-01,GUSD,19,79269195.0,1
2021-01-01,MUSD,26,37874941.0,1
2021-01-01,OUSD,23,7478458.0,1
2021-01-01,RSV,25,1573788.0,1
2021-01-01,SUSD,22,168579115.0,1
2021-01-01,TUSD,7,399622989.0,1
2021-01-01,USDC,2,5850991943.0,7
2021-01-01,USDK,27,32478711.0,1
2021-01-01,USDN,12,89209837.0,1
2021-01-01,USDP,11,651665153.0,1
2021-01-01,USDP,33,869084.0,2
2021-01-01,USDT,1,25812442493.0,9
2021-01-01,USTC,3,75390518.0,2
2021-01-01,VAI,28,44062453.0,1
2021-01-01,ZUSD,43,201.0,1
2021-02-01,ALUSD,20,15352409.0,1
2021-02-01,BUSD,4,2351202839.0,4
2021-02-01,DAI,5,2253539837.0,9
2021-02-01,DOLA,15,205224.0,1
2021-02-01,FLEXUSD,21,1060531.0,1
2021-02-01,FRAX,6,80581101.0,1
2021-02-01,FUSD,63,52849118.0,1
2021-02-01,GUSD,19,124210787.0,1
2021-02-01,MUSD,26,45068535.0,2
2021-02-01,OUSD,23,6377053.0,1
2021-02-01,RSV,25,1574288.0,2
2021-02-01,SUSD,22,217156982.0,2
2021-02-01,TUSD,7,338311948.0,2
2021-02-01,USDC,2,8866232246.0,8
2021-02-01,USDK,27,32478711.0,1
2021-02-01,USDN,12,127477088.0,1
2021-02-01,USDP,11,877820280.0,1
2021-02-01,USDP,33,17124485.0,2
2021-02-01,USDT,1,34312355430.0,9
2021-02-01,USTC,3,178804095.0,2
2021-02-01,VAI,28,159935861.0,1
2021-02-01,ZUSD,43,605201.0,1
2021-03-01,ALUSD,20,196123970.0,1
2021-03-01,BUSD,4,3615574543.0,4
2021-03-01,DAI,5,2930334267.0,9
2021-03-01,DOLA,15,4705324.0,1
2021-03-01,FLEXUSD,21,2997425.0,1
2021-03-01,FRAX,6,111848503.0,1
2021-03-01,FUSD,63,44637397.0,1
2021-03-01,GUSD,19,124169085.0,1
2021-03-01,MUSD,26,39081527.0,2
2021-03-01,OUSD,23,7215554.0,1
2021-03-01,RSV,25,2479640.0,2
2021-03-01,SUSD,22,214515001.0,2
2021-03-01,TUSD,7,330611580.0,2
2021-03-01,USDC,2,10896802336.0,8
2021-03-01,USDK,27,32478711.0,1
2021-03-01,USDN,12,157639666.0,1
2021-03-01,USDP,11,945927446.0,1
2021-03-01,USDP,33,105571127.0,3
2021-03-01,USDT,1,41010478983.0,11
2021-03-01,USTC,3,337630282.0,2
2021-03-01,VAI,28,168301827.0,1
2021-03-01,ZUSD,43,605201.0,1
2021-04-01,ALUSD,20,248927038.0,1
2021-04-01,BUSD,4,7550384485.0,4
2021-04-01,DAI,5,3652739948.0,10
2021-04-01,DOLA,15,1400000.0,1
2021-04-01,FEI,9,1014619438.0,1
2021-04-01,FLEXUSD,21,4669677.0,1
2021-04-01,FRAX,6,119686603.0,1
2021-04-01,FUSD,63,45726473.0,1
2021-04-01,GUSD,19,106993165.0,1
2021-04-01,LUSD,8,1465377318.0,2
2021-04-01,MUSD,26,42418143.0,3
2021-04-01,OUSD,23,7305103.0,1
2021-04-01,RSV,25,2770623.0,2
2021-04-01,SUSD,22,184035164.0,2
2021-04-01,TUSD,7,469309450.0,3
2021-04-01,USDC,2,13963139361.0,8
2021-04-01,USDK,27,32478711.0,1
2021-04-01,USDN,12,203098780.0,1
2021-04-01,USDP,11,1191574868.0,1
2021-04-01,USDP,33,118496393.0,3
2021-04-01,USDT,1,50910478983.0,11
2021-04-01,USTC,3,404613421.0,2
2021-04-01,VAI,28,196455581.0,1
2021-04-01,ZUSD,43,555100.0,1
2021-05-01,ALUSD,20,273158631.0,1
2021-05-01,BUSD,4,8656430109.0,5
2021-05-01,DAI,5,4422997908.0,10
2021-05-01,DOLA,15,4237741.0,1
2021-05-01,FEI,9,600222236.0,1
2021-05-01,FLEXUSD,21,4696009.0,1
2021-05-01,FRAX,6,116152407.0,1
2021-05-01,FUSD,63,37013763.0,1
2021-05-01,GUSD,19,121456141.0,1
2021-05-01,LUSD,8,719449791.0,2
2021-05-01,MIM,10,42402716.0,1
2021-05-01,MUSD,26,31912774.0,3
2021-05-01,OUSD,23,18423352.0,1
2021-05-01,RSV,25,7721222.0,2
2021-05-01,SUSD,22,236197643.0,2
2021-05-01,TUSD,7,1219775965.0,4
2021-05-01,USDC,2,21802537310.0,8
2021-05-01,USDK,27,32478712.0,2
2021-05-01,USDN,12,163070058.0,1
2021-05-01,USDP,11,1266899373.0,1
2021-05-01,USDP,33,121537793.0,3
2021-05-01,USDT,1,59910478985.0,11
2021-05-01,USTC,3,443301942.0,3
2021-05-01,VAI,28,106780504.0,1
2021-05-01,ZUSD,43,1472237.0,1
2021-06-01,ALUSD,20,231881903.0,1
2021-06-01,BUSD,4,10109425905.0,5
2021-06-01,DAI,5,5079938739.0,10
2021-06-01,DOLA,15,3842194.0,1
2021-06-01,FEI,9,363286429.0,1
2021-06-01,FLEXUSD,21,4717880.0,1
2021-06-01,FRAX,6,180006697.0,1
2021-06-01,FUSD,63,28887578.0,1
2021-06-01,GUSD,19,226059887.0,1
2021-06-01,LUSD,8,738006797.0,2
2021-06-01,MIM,10,46981591.0,3
2021-06-01,MUSD,26,36585312.0,3
2021-06-01,OUSD,23,19299030.0,1
2021-06-01,RSV,25,7461784.0,2
2021-06-01,SUSD,22,164852104.0,3
2021-06-01,TUSD,7,1177349102.0,4
2021-06-01,USDC,2,24542817374.0,9
2021-06-01,USDK,27,32478711.0,2
2021-06-01,USDN,12,298514941.0,2
2021-06-01,USDP,11,836679422.0,1
2021-06-01,USDP,33,88381380.0,3
2021-06-01,USDT,1,62905955596.0,11
2021-06-01,USTC,3,377189674.0,3
2021-06-01,VAI,28,87781661.0,1
2021-06-01,ZUSD,43,939357.0,1
2021-07-01,ALUSD,20,241577044.0,1
2021-07-01,BUSD,4,12285746622.0,6
2021-07-01,DAI,5,5376799006.0,10
2021-07-01,DOLA,15,7775389.0,1
2021-07-01,FEI,9,350173371.0,1
2021-07-01,FLEXUSD,21,4738798.0,1
2021-07-01,FRAX,6,259481799.0,1
2021-07-01,FUSD,63,20921134.0,1
2021-07-01,GUSD,19,219918064.0,1
2021-07-01,HOME,60,12.0,1
2021-07-01,LUSD,8,485046049.0,2
2021-07-01,MIM,10,78175471.0,3
2021-07-01,MUSD,26,50700962.0,3
2021-07-01,OUSD,23,18889851.0,1
2021-07-01,RSV,25,7624177.0,2
2021-07-01,SUSD,22,193166316.0,3
2021-07-01,TUSD,7,977038919.0,5
2021-07-01,USDC,2,26493369902.0,9
2021-07-01,USDK,27,32478711.0,2
2021-07-01,USDN,12,320913582.0,2
2021-07-01,USDP,11,926059238.0,1
2021-07-01,USDP,33,143326843.0,3
2021-07-01,USDT,1,62903925764.0,12
2021-07-01,USTC,3,373902299.0,3
2021-07-01,VAI,28,100343581.0,1
2021-07-01,ZUSD,43,739457.0,1
2021-08-01,ALUSD,20,241099867.0,1
2021-08-01,BUSD,4,12246036765.0,6
2021-08-01,DAI,5,5840029430.0,10
2021-08-01,DOLA,15,4000136.0,1
2021-08-01,FEI,9,417377052.0,1
2021-08-01,FLEXUSD,21,6182375.0,1
2021-08-01,FRAX,6,311843161.0,1
2021-08-01,FUSD,63,21823684.0,1
2021-08-01,GUSD,19,212489628.0,1
2021-08-01,HOME,60,50.0,1
2021-08-01,LUSD,8,593718801.0,2
2021-08-01,MIM,10,101070828.0,4
2021-08-01,MUSD,26,57856878.0,3
2021-08-01,OUSD,23,25326628.0,1
2021-08-01,RSV,25,9999966.0,2
2021-08-01,SUSD,22,279042611.0,3
2021-08-01,TUSD,7,1125370203.0,5
2021-08-01,USDC,2,26120677176.0,11
2021-08-01,USDK,27,32478711.0,2
2021-08-01,USDN,12,374130518.0,2
2021-08-01,USDP,11,967906060.0,1
2021-08-01,USDP,33,139814640.0,3
2021-08-01,USDT,1,65866273216.0,12
2021-08-01,USTC,3,436715063.0,3
2021-08-01,VAI,28,183161517.0,1
2021-08-01,ZUSD,43,739457.0,1
2021-09-01,3USD,58,1129353.0,1
2021-09-01,ALUSD,20,238775672.0,1
2021-09-01,BEAN,67,35453884.0,1
2021-09-01,BUSD,4,13144289239.0,7
2021-09-01,DAI,5,6158183843.0,13
2021-09-01,DOLA,15,3751259.0,1
2021-09-01,FEI,9,498989702.0,1
2021-09-01,FLEXUSD,21,6243482.0,1
2021-09-01,FRAX,6,349686349.0,8
2021-09-01,FUSD,63,28859653.0,1
2021-09-01,GUSD,19,252486862.0,1
2021-09-01,HOME,60,81951.0,1
2021-09-01,HUSD,17,222593862.0,5
2021-09-01,LUSD,8,587428574.0,2
2021-09-01,MIM,10,542119670.0,6
2021-09-01,MUSD,26,47133715.0,3
2021-09-01,OUSD,23,27158129.0,1
2021-09-01,RSV,25,9999966.0,2
2021-09-01,STBL,38,265778.0,1
2021-09-01,SUSD,22,202275143.0,3
2021-09-01,TUSD,7,1076001852.0,5
2021-09-01,USDC,2,28544016125.0,13
2021-09-01,USDJ,37,56056369.0,1
2021-09-01,USDK,27,42478711.0,2
2021-09-01,USDN,12,391922232.0,3
2021-09-01,USDP,11,912391089.0,2
2021-09-01,USDP,33,79907023.0,3
2021-09-01,USDT,1,69854866927.0,16
2021-09-01,USTC,3,475650660.0,3
2021-09-01,VAI,28,140635806.0,1
2021-09-01,ZUSD,43,1039457.0,1
2021-10-01,ALUSD,20,250279740.0,1
2021-10-01,BUSD,4,13402331878.0,7
2021-10-01,DAI,5,7791670738.0,13
2021-10-01,DOLA,15,20572632.0,2
2021-10-01,FEI,9,627439637.0,1
2021-10-01,FLEXUSD,21,6325813.0,1
2021-10-01,FRAX,6,606324683.0,8
2021-10-01,FUSD,63,44821646.0,1
2021-10-01,GUSD,19,152218943.0,1
2021-10-01,HOME,60,1761438.0,1
2021-10-01,LUSD,8,671283104.0,2
2021-10-01,MIM,10,1889516766.0,6
2021-10-01,MUSD,26,142592230.0,3
2021-10-01,OUSD,23,27294494.0,1
2021-10-01,RSV,25,17101993.0,2
2021-10-01,SUSD,22,104975398.0,3
2021-10-01,TUSD,7,893548541.0,6
2021-10-01,USDC,2,30272136883.0,13
2021-10-01,USDK,27,42478711.0,2
2021-10-01,USDN,12,310075800.0,3
2021-10-01,USDP,11,949452483.0,2
2021-10-01,USDP,33,38812738.0,3
2021-10-01,USDT,1,69827038134.0,16
2021-10-01,USTC,3,508286113.0,3
2021-10-01,VAI,28,129681811.0,1
2021-10-01,ZUSD,43,1634857.0,1
2021-11-01,ALUSD,20,305570530.0,1
2021-11-01,BUSD,4,13268395328.0,8
2021-11-01,CUSD,24,701132.0,1
2021-11-01,DAI,5,8795526474.0,14
2021-11-01,DOLA,15,22500041.0,2
2021-11-01,FEI,9,681729979.0,1
2021-11-01,FLEXUSD,21,27065817.0,1
2021-11-01,FRAX,6,1229074681.0,9
2021-11-01,FUSD,63,60938141.0,1
2021-11-01,GUSD,19,196201406.0,1
2021-11-01,HOME,60,2618582.0,1
2021-11-01,LUSD,8,930011494.0,3
2021-11-01,MIM,10,2545860424.0,6
2021-11-01,MUSD,26,130616295.0,3
2021-11-01,OUSD,23,187418152.0,1
2021-11-01,RSV,25,28850667.0,2
2021-11-01,SUSD,22,183804378.0,4
2021-11-01,TUSD,7,1025662386.0,7
2021-11-01,USDC,2,34435642302.0,15
2021-11-01,USDK,27,42478711.0,2
2021-11-01,USDN,12,248466998.0,3
2021-11-01,USDP,11,1186155167.0,2
2021-11-01,USDP,33,31329477.0,4
2021-11-01,USDT,1,74825288073.0,19
2021-11-01,USTC,3,721901744.0,3
2021-11-01,VAI,28,110531000.0,1
2021-11-01,ZUSD,43,2135055.0,1
2021-12-01,ALUSD,20,293927739.0,1
2021-12-01,BUSD,4,14540785078.0,8
2021-12-01,CUSD,24,702051.0,1
2021-12-01,DAI,5,8927929608.0,16
2021-12-01,DOLA,15,33803991.0,2
2021-12-01,FEI,9,782877355.0,1
2021-12-01,FLEXUSD,21,42450578.0,1
2021-12-01,FRAX,6,1755574681.0,9
2021-12-01,FUSD,63,59853998.0,1
2021-12-01,GUSD,19,175682496.0,1
2021-12-01,HOME,60,3386140.0,1
2021-12-01,LUSD,8,867343239.0,3
2021-12-01,MIM,10,3517051647.0,7
2021-12-01,MUSD,26,111481995.0,3
2021-12-01,OUSD,23,296469238.0,1
2021-12-01,RSV,25,28424969.0,2
2021-12-01,SUSD,22,229128776.0,4
2021-12-01,TUSD,7,957620693.0,8
2021-12-01,USDC,2,37805302500.0,15
2021-12-01,USDK,27,42478711.0,2
2021-12-01,USDN,12,225094181.0,3
2021-12-01,USDP,11,1026611222.0,2
2021-12-01,USDP,33,28020131.0,4
2021-12-01,USDS,32,314072.0,1
2021-12-01,USDT,1,79326548036.0,20
2021-12-01,USTC,3,1232337989.0,5
2021-12-01,VAI,28,65299705.0,1
2021-12-01,ZUSD,43,2131615.0,1
2022-01-01,ALUSD,20,259488650.0,1
2022-01-01,BUSD,4,15030689715.0,8
2022-01-01,CUSD,24,702054.0,1
2022-01-01,DAI,5,9156879558.0,16
2022-01-01,DOLA,15,54825922.0,2
2022-01-01,DUSD,70,1140.0,1
2022-01-01,FEI,9,533007990.0,1
2022-01-01,FLEXUSD,21,92893543.0,1
2022-01-01,FRAX,6,2639042158.0,10
2022-01-01,FUSD,63,27755802.0,1
2022-01-01,GUSD,19,175001749.0,1
2022-01-01,HOME,60,5002491.0,1
2022-01-01,LUSD,8,480852409.0,3
2022-01-01,MIM,10,1739003766.0,7
2022-01-01,MONEY,74,3124828.0,1
2022-01-01,MUSD,26,110169491.0,3
2022-01-01,OUSD,23,260073169.0,1
2022-01-01,RSV,25,28424969.0,2
2022-01-01,SUSD,22,163314170.0,4
2022-01-01,TOR,29,326748.0,1
2022-01-01,TUSD,7,1161106852.0,8
2022-01-01,USD+,46,20189.0,1
2022-01-01,USDC,2,43856325795.0,17
2022-01-01,USDK,27,42478711.0,2
2022-01-01,USDL,68,999971.0,1
2022-01-01,USDN,12,186005043.0,3
2022-01-01,USDP,11,1034057224.0,2
2022-01-01,USDP,33,27669877.0,4
2022-01-01,USDS,32,4677501.0,1
2022-01-01,USDT,1,75798167793.0,21
2022-01-01,USTC,3,1759268700.0,5
2022-01-01,VAI,28,60396973.0,1
2022-01-01,ZUSD,43,2131615.0,1
2022-02-01,ALUSD,20,246221350.0,1
2022-02-01,BUSD,4,18138248449.0,8
2022-02-01,CUSD,24,702170.0,1
2022-02-01,DAI,5,9227358680.0,16
2022-02-01,DOLA,15,58813267.0,2
2022-02-01,DUSD,70,885715.0,1
2022-02-01,FEI,9,557102844.0,1
2022-02-01,FLEXUSD,21,93456962.0,1
2022-02-01,FRAX,6,2853242157.0,10
2022-02-01,FUSD,63,27551247.0,1
2022-02-01,GUSD,19,214298424.0,1
2022-02-01,HOME,60,6534843.0,1
2022-02-01,LUSD,8,469238913.0,3
2022-02-01,MIM,10,1699985256.0,7
2022-02-01,MONEY,74,3355062.0,1
2022-02-01,MUSD,26,101553166.0,3
2022-02-01,OUSD,23,165855022.0,1
2022-02-01,RSV,25,28359677.0,2
2022-02-01,SUSD,22,187867129.0,4
2022-02-01,TOR,29,6565048.0,1
2022-02-01,TUSD,7,1151134391.0,8
2022-02-01,USD+,46,19448.0,1
2022-02-01,USDC,2,47231365498.0,17
2022-02-01,USDK,27,42478711.0,2
2022-02-01,USDL,68,975321.0,1
2022-02-01,USDN,12,165973841.0,3
2022-02-01,USDP,11,1021213325.0,2
2022-02-01,USDP,33,28598242.0,4
2022-02-01,USDS,32,16702068.0,1
2022-02-01,USDT,1,77747938275.0,21
2022-02-01,USTC,3,1042564737.0,6
2022-02-01,VAI,28,59311915.0,1
2022-02-01,VST,71,20738591.0,1
2022-02-01,ZUSD,43,2131615.0,1
2022-03-01,ALUSD,20,184498332.0,1
2022-03-01,BUSD,4,17469156103.0,8
2022-03-01,CUSD,24,702301.0,1
2022-03-01,DAI,5,9206137045.0,16
2022-03-01,DOLA,15,45887193.0,2
2022-03-01,DUSD,70,1847976.0,1
2022-03-01,FEI,9,559480383.0,1
2022-03-01,FLEXUSD,21,90612177.0,1
2022-03-01,FRAX,6,2690095600.0,10
2022-03-01,FUSD,63,27044341.0,1
2022-03-01,GUSD,19,235980526.0,1
2022-03-01,HOME,60,6485691.0,1
2022-03-01,LUSD,8,473146172.0,6
2022-03-01,MIM,10,1525343758.0,7
2022-03-01,MONEY,74,2226252.0,1
2022-03-01,MUSD,26,88245223.0,3
2022-03-01,OUSD,23,142771923.0,1
2022-03-01,RSV,25,28359677.0,2
2022-03-01,SUSD,22,220915443.0,4
2022-03-01,TOR,29,12801836.0,1
2022-03-01,TUSD,7,1108507913.0,8
2022-03-01,USD+,46,505965.0,1
2022-03-01,USDB,34,5633226.0,1
2022-03-01,USDC,2,46037076692.0,17
2022-03-01,USDK,27,42478711.0,2
2022-03-01,USDL,68,950849.0,1
2022-03-01,USDN,12,143699588.0,3
2022-03-01,USDP,11,964998845.0,2
2022-03-01,USDP,33,26561413.0,4
2022-03-01,USDS,32,25043663.0,1
2022-03-01,USDT,1,80101364421.0,21
2022-03-01,USTC,3,1433278779.0,8
2022-03-01,VAI,28,56255566.0,1
2022-03-01,VST,71,7048896.0,1
2022-03-01,ZUSD,43,2122425.0,1
2022-04-01,ALUSD,20,185952855.0,2
2022-04-01,BUSD,4,17689269906.0,8
2022-04-01,CUSD,24,702196.0,1
2022-04-01,DAI,5,8474209228.0,16
2022-04-01,DOLA,15,49568985.0,2
2022-04-01,DUSD,70,1828599.0,1
2022-04-01,FEI,9,559511383.0,1
2022-04-01,FIAT,61,599846.0,1
2022-04-01,FLEXUSD,21,91391606.0,1
2022-04-01,FRAX,6,2697095598.0,10
2022-04-01,FUSD,63,25227859.0,1
2022-04-01,GUSD,19,212085514.0,1
2022-04-01,HOME,60,7205596.0,1
2022-04-01,LUSD,8,479451975.0,6
2022-04-01,MIM,10,1137429692.0,7
2022-04-01,MONEY,74,1742317.0,1
2022-04-01,MUSD,26,74621159.0,3
2022-04-01,OUSD,23,93500125.0,1
2022-04-01,PUSD,62,7517087.0,1
2022-04-01,RSV,25,28359677.0,2
2022-04-01,SUSD,22,211649347.0,4
2022-04-01,TOR,29,16854483.0,1
2022-04-01,TUSD,7,1114706488.0,8
2022-04-01,USD+,46,522768.0,1
2022-04-01,USDB,34,8108287.0,1
2022-04-01,USDC,2,43760339503.0,17
2022-04-01,USDK,27,42478711.0,2
2022-04-01,USDL,68,998178.0,1
2022-04-01,USDN,12,115158907.0,3
2022-04-01,USDP,11,1012606434.0,2
2022-04-01,USDP,33,17744056.0,4
2022-04-01,USDS,31,1230972.0,1
2022-04-01,USDS,32,23809135.0,1
2022-04-01,USDT,1,80409847278.0,21
2022-04-01,USTC,3,1370516513.0,8
2022-04-01,VAI,28,55698917.0,1
2022-04-01,VST,71,7725511.0,1
2022-04-01,YUSD,13,229706863.0,1
2022-04-01,ZUSD,43,2122424.0,1
2022-05-01,ALUSD,20,189707953.0,3
2022-05-01,BUSD,4,17969610916.0,27
2022-05-01,CUSD,24,701174.0,1
2022-05-01,DAI,5,6294313830.0,28
2022-05-01,DOLA,15,78252862.0,2
2022-05-01,DUSD,70,1736028.0,1
2022-05-01,FEI,9,539106408.0,1
2022-05-01,FIAT,61,558744.0,1
2022-05-01,FLEXUSD,21,92108728.0,1
2022-05-01,FRAX,6,1426192622.0,16
2022-05-01,FUSD,63,3371139.0,1
2022-05-01,GUSD,19,298213532.0,1
2022-05-01,HOME,60,6914463.0,1
2022-05-01,HUSD,17,392876496.0,5
2022-05-01,LUSD,8,324062244.0,6
2022-05-01,MIM,10,379331614.0,7
2022-05-01,MONEY,74,540249.0,1
2022-05-01,MUSD,26,62198803.0,3
2022-05-01,OUSD,23,63601767.0,1
2022-05-01,PAI,16,23103001.0,1
2022-05-01,PUSD,62,7857698.0,1
2022-05-01,RSV,25,28332814.0,2
2022-05-01,SUSD,22,163455740.0,4
2022-05-01,TOR,29,17070482.0,1
2022-05-01,TUSD,7,1252733092.0,9
2022-05-01,USD+,46,735180.0,1
2022-05-01,USDB,34,3574976.0,1
2022-05-01,USDC,2,53675903689.0,40
2022-05-01,USDD,14,601861097.0,4
2022-05-01,USDK,27,42478711.0,2
2022-05-01,USDL,68,961134.0,1
2022-05-01,USDN,12,837401411.0,4
2022-05-01,USDP,11,951666007.0,2
2022-05-01,USDP,33,7818558.0,4
2022-05-01,USDS,31,14325350.0,1
2022-05-01,USDS,32,15556562.0,1
2022-05-01,USDT,1,72545195682.0,44
2022-05-01,USTC,3,11281750320.0,14
2022-05-01,VAI,28,24616900.0,1
2022-05-01,VST,71,6630650.0,1
2022-05-01,YUSD,13,132806601.0,1
2022-05-01,ZUSD,43,1382914.0,1
2022-06-01,3USD,58,1571778.0,1
2022-06-01,ALUSD,20,187620355.0,4
2022-06-01,BAI,48,4815885.0,1
2022-06-01,BUSD,4,17546831136.0,27
2022-06-01,CUSD,24,55910955.0,3
2022-06-01,DAI,5,6322265245.0,28
2022-06-01,DOC,30,4315989.0,2
2022-06-01,DOLA,15,24109082.0,3
2022-06-01,DUSD,70,1661202.0,1
2022-06-01,FEI,9,360421937.0,1
2022-06-01,FIAT,61,542774.0,1
2022-06-01,FLEXUSD,21,196211767.0,2
2022-06-01,FRAX,6,1366914189.0,16
2022-06-01,FUSD,63,2643518.0,1
2022-06-01,GUSD,19,171875389.0,2
2022-06-01,HOME,60,6760209.0,1
2022-06-01,HUSD,17,267455695.0,5
2022-06-01,LUSD,8,157284708.0,3
2022-06-01,MIM,10,199720042.0,7
2022-06-01,MONEY,74,440825.0,1
2022-06-01,MUSD,26,53811017.0,3
2022-06-01,NUSD,18,20636968.0,12
2022-06-01,OUSD,23,66717433.0,1
2022-06-01,PAI,16,19103001.0,1
2022-06-01,PUSD,62,9431433.0,1
2022-06-01,RSV,25,28332814.0,2
2022-06-01,STBL,38,8146571.0,1
2022-06-01,SUSD,22,149683835.0,4
2022-06-01,TOR,29,17070482.0,1
2022-06-01,TUSD,7,1203601655.0,9
2022-06-01,USD+,46,2110658.0,1
2022-06-01,USDB,34,2781677.0,1
2022-06-01,USDC,2,54815382334.0,42
2022-06-01,USDD,14,723321758.0,4
2022-06-01,USDI,76,7327054.0,1
2022-06-01,USDJ,37,14724460.0,1
2022-06-01,USDK,27,42478711.0,4
2022-06-01,USDL,68,805870.0,1
2022-06-01,USDN,12,786940212.0,4
2022-06-01,USDP,11,857619848.0,2
2022-06-01,USDP,33,4255440.0,4
2022-06-01,USDS,31,17890245.0,4
2022-06-01,USDS,32,9046109.0,1
2022-06-01,USDT,1,66515808941.0,45
2022-06-01,USDX,42,111226226.0,1
2022-06-01,USTC,3,11271744537.0,16
2022-06-01,USX,44,205982076.0,7
2022-06-01,VAI,28,21602453.0,1
2022-06-01,VST,71,3496807.0,1
2022-06-01,YUSD,13,59454705.0,1
2022-06-01,ZUSD,43,1382914.0,1
2022-06-01,aSEED,45,8145550.0,2
2022-07-01,3USD,58,1848884.0,1
2022-07-01,ALUSD,20,187073667.0,4
2022-07-01,BAI,48,3932593.0,1
2022-07-01,BUSD,4,17858195421.0,27
2022-07-01,CUSD,24,50305931.0,3
2022-07-01,DAI,5,7000315772.0,28
2022-07-01,DOC,30,5745829.0,2
2022-07-01,DOLA,15,77309734.0,3
2022-07-01,DUSD,70,2155442.0,1
2022-07-01,FEI,9,201014612.0,1
2022-07-01,FIAT,61,1672403.0,1
2022-07-01,FLEXUSD,21,196350222.0,2
2022-07-01,FRAX,6,1466058926.0,16
2022-07-01,FUSD,63,2594136.0,1
2022-07-01,GUSD,19,174575434.0,2
2022-07-01,HOME,60,6746508.0,1
2022-07-01,HUSD,17,161469051.0,5
2022-07-01,LUSD,8,173088307.0,6
2022-07-01,MIM,10,229692025.0,7
2022-07-01,MONEY,74,757380.0,1
2022-07-01,MUSD,26,50334980.0,3
2022-07-01,NUSD,18,21719274.0,12
2022-07-01,OUSD,23,52350148.0,1
2022-07-01,PAI,16,19103000.0,1
2022-07-01,PUSD,62,9312955.0,1
2022-07-01,RSV,25,28222700.0,2
2022-07-01,SIGUSD,59,787969.0,1
2022-07-01,STBL,38,8065890.0,1
2022-07-01,SUSD,22,197260257.0,4
2022-07-01,TOR,29,17070482.0,1
2022-07-01,TUSD,7,1187831790.0,9
2022-07-01,USD+,46,3639925.0,1
2022-07-01,USDB,34,2493051.0,1
2022-07-01,USDC,2,53641843066.0,42
2022-07-01,USDD,14,725332038.0,4
2022-07-01,USDI,76,3253371.0,1
2022-07-01,USDJ,37,109406157.0,1
2022-07-01,USDK,27,42478711.0,4
2022-07-01,USDL,68,618214.0,1
2022-07-01,USDN,12,735894660.0,4
2022-07-01,USDP,11,868718810.0,2
2022-07-01,USDP,33,4536003.0,4
2022-07-01,USDS,31,17930314.0,4
2022-07-01,USDS,32,5612004.0,1
2022-07-01,USDT,1,66624418576.0,44
2022-07-01,USDX,42,115954288.0,1
2022-07-01,USH,57,6602409.0,1
2022-07-01,USN,54,136565235.0,2
2022-07-01,USX,44,107881851.0,7
2022-07-01,VAI,28,21241956.0,1
2022-07-01,VST,71,4846907.0,1
2022-07-01,YUSD,13,53831023.0,1
2022-07-01,ZUSD,43,1382914.0,1
2022-07-01,aSEED,45,8893864.0,2
2022-08-01,3USD,58,1459362.0,1
2022-08-01,ALUSD,20,181759484.0,4
2022-08-01,BAI,48,4006948.0,1
2022-08-01,BEAN,67,31547002.0,1
2022-08-01,BUSD,4,19364522488.0,30
2022-08-01,CUSD,24,52053703.0,4
2022-08-01,DAI,5,6512850248.0,34
2022-08-01,DOC,30,5466376.0,2
2022-08-01,DOLA,15,56311296.0,3
2022-08-01,DUSD,70,2046613.0,1
2022-08-01,FEI,9,132322804.0,1
2022-08-01,FIAT,61,1866269.0,1
2022-08-01,FLEXUSD,21,196350222.0,2
2022-08-01,FRAX,6,1498771032.0,18
2022-08-01,FUSD,63,2503635.0,1
2022-08-01,GUSD,19,317366253.0,2
2022-08-01,HOME,60,6719211.0,1
2022-08-01,HUSD,17,160663906.0,5
2022-08-01,KUSD,72,1589512.0,1
2022-08-01,LISUSD,79,5269921.0,1
2022-08-01,LUSD,8,184899086.0,6
2022-08-01,MIM,10,234312888.0,7
2022-08-01,MONEY,74,739559.0,1
2022-08-01,MUSD,26,45111799.0,3
2022-08-01,NOTE,78,19354765.0,1
2022-08-01,NUSD,18,22014686.0,12
2022-08-01,OUSD,23,48547658.0,1
2022-08-01,PAI,16,19102997.0,1
2022-08-01,PUSD,62,9406956.0,1
2022-08-01,RSV,25,28222700.0,2
2022-08-01,SIGUSD,59,916401.0,1
2022-08-01,STBL,38,7593987.0,1
2022-08-01,SUSD,22,164649341.0,5
2022-08-01,TOR,29,17070482.0,1
2022-08-01,TUSD,7,1073413022.0,10
2022-08-01,USD+,46,4253395.0,4
2022-08-01,USDB,34,2504404.0,1
2022-08-01,USDC,2,51631310258.0,54
2022-08-01,USDD,14,725332037.0,4
2022-08-01,USDH,65,7344373.0,1
2022-08-01,USDI,76,5859820.0,1
2022-08-01,USDJ,37,113863731.0,1
2022-08-01,USDK,27,42478711.0,4
2022-08-01,USDL,68,604976.0,1
2022-08-01,USDN,12,685235578.0,4
2022-08-01,USDP,11,965195270.0,2
2022-08-01,USDP,33,4647942.0,4
2022-08-01,USDS,31,18162487.0,4
2022-08-01,USDS,32,3773086.0,1
2022-08-01,USDT,1,67537198825.0,57
2022-08-01,USDTZ,73,801003.0,1
2022-08-01,USDX,42,110962510.0,1
2022-08-01,USH,57,8809119.0,1
2022-08-01,USN,54,120321083.0,2
2022-08-01,USX,44,68522412.0,7
2022-08-01,UUSD,75,2593718.0,1
2022-08-01,UXD,64,18719260.0,1
2022-08-01,VAI,28,21161267.0,1
2022-08-01,VST,71,7628510.0,1
2022-08-01,YUSD,13,45066708.0,1
2022-08-01,ZUSD,43,1323374.0,1
2022-08-01,aSEED,45,10952487.0,2
2022-09-01,3USD,58,1338435.0,1
2022-09-01,ALUSD,20,178941219.0,4
2022-09-01,BAI,48,2782294.0,1
2022-09-01,BEAN,67,31525024.0,1
2022-09-01,BUSD,4,20801112811.0,30
2022-09-01,CUSD,24,51821328.0,4
2022-09-01,DAI,5,6418237874.0,36
2022-09-01,DOC,30,5102969.0,2
2022-09-01,DOLA,15,45402697.0,3
2022-09-01,DUSD,70,3158170.0,1
2022-09-01,FEI,9,59711305.0,1
2022-09-01,FIAT,61,610512.0,1
2022-09-01,FLEXUSD,21,196350222.0,2
2022-09-01,FRAX,6,1356065654.0,18
2022-09-01,FUSD,63,2257493.0,1
2022-09-01,GUSD,19,309176189.0,2
2022-09-01,HOME,60,6700096.0,1
2022-09-01,HUSD,17,160663907.0,5
2022-09-01,KUSD,72,1611527.0,1
2022-09-01,LISUSD,79,29611997.0,1
2022-09-01,LUSD,8,171326344.0,6
2022-09-01,MIM,10,209642032.0,7
2022-09-01,MONEY,74,1015321.0,1
2022-09-01,MUSD,26,40508323.0,3
2022-09-01,NOTE,78,15507273.0,1
2022-09-01,NUSD,18,24222643.0,11
2022-09-01,OUSD,23,41939911.0,1
2022-09-01,PAI,16,19102997.0,1
2022-09-01,PUSD,62,11356587.0,1
2022-09-01,RSV,25,28222700.0,2
2022-09-01,SIGUSD,59,1096388.0,1
2022-09-01,STBL,38,4318068.0,1
2022-09-01,SUSD,22,139036902.0,5
2022-09-01,TOR,29,17070482.0,1
2022-09-01,TUSD,7,879393819.0,10
2022-09-01,USD+,46,5820677.0,4
2022-09-01,USDB,34,2522567.0,1
2022-09-01,USDC,2,47893618077.0,57
2022-09-01,USDD,14,745878692.0,4
2022-09-01,USDH,65,8388455.0,1
2022-09-01,USDI,76,2627180.0,1
2022-09-01,USDJ,37,119157577.0,1
2022-09-01,USDK,27,42478711.0,4
2022-09-01,USDL,68,576734.0,2
2022-09-01,USDN,12,130149872.0,4
2022-09-01,USDP,11,925848074.0,2
2022-09-01,USDP,33,3633957.0,4
2022-09-01,USDS,31,18186660.0,4
2022-09-01,USDS,32,4499325.0,1
2022-09-01,USDT,1,67951622603.0,59
2022-09-01,USDTZ,73,809003.0,1
2022-09-01,USH,57,9572764.0,1
2022-09-01,USK,81,220330.0,1
2022-09-01,USN,54,119321544.0,2
2022-09-01,USX,44,66781952.0,7
2022-09-01,UUSD,75,4615383.0,1
2022-09-01,UXD,64,14999623.0,1
2022-09-01,VAI,28,21061895.0,1
2022-09-01,VST,71,11753568.0,1
2022-09-01,YUSD,13,33359635.0,1
2022-09-01,ZUSD,43,1323374.0,1
2022-09-01,aSEED,45,4497265.0,1
2022-10-01,3USD,58,1329126.0,1
2022-10-01,ALUSD,20,175395241.0,4
2022-10-01,ARUSD,82,201093.0,1
2022-10-01,BAI,48,2490969.0,1
2022-10-01,BEAN,67,32888841.0,1
2022-10-01,BOB,84,10000151.0,3
2022-10-01,BUSD,4,21300490356.0,29
2022-10-01,CUSD,24,49706874.0,4
2022-10-01,DAI,5,5774665505.0,36
2022-10-01,DOC,30,4215777.0,2
2022-10-01,DOLA,15,44204353.0,3
2022-10-01,DUSD,70,2941343.0,1
2022-10-01,FEI,9,59514603.0,1
2022-10-01,FIAT,61,679005.0,1
2022-10-01,FLEXUSD,21,196350222.0,2
2022-10-01,FRAX,6,1216821863.0,18
2022-10-01,FUSD,63,2171356.0,1
2022-10-01,GUSD,19,480097345.0,2
2022-10-01,HOME,60,6692317.0,1
2022-10-01,HUSD,17,222593861.0,5
2022-10-01,KUSD,72,1629770.0,1
2022-10-01,LISUSD,79,34135971.0,1
2022-10-01,LUSD,8,181574701.0,6
2022-10-01,MIM,10,199622474.0,7
2022-10-01,MONEY,74,541957.0,1
2022-10-01,MUSD,26,25217401.0,3
2022-10-01,NOTE,78,26714635.0,1
2022-10-01,NUSD,18,22207208.0,11
2022-10-01,OUSD,23,44943568.0,1
2022-10-01,PAI,16,19102996.0,1
2022-10-01,PUSD,62,11222436.0,1
2022-10-01,RSV,25,28043824.0,2
2022-10-01,SIGUSD,59,832811.0,1
2022-10-01,STBL,38,3498687.0,1
2022-10-01,SUSD,22,131944922.0,5
2022-10-01,TOR,29,17070482.0,1
2022-10-01,TUSD,7,824830290.0,10
2022-10-01,USD+,46,8073815.0,4
2022-10-01,USDB,34,2117654.0,1
2022-10-01,USDC,2,43011883236.0,57
2022-10-01,USDD,14,725332173.0,4
2022-10-01,USDH,65,8487799.0,1
2022-10-01,USDI,76,694578.0,1
2022-10-01,USDJ,37,61915333.0,1
2022-10-01,USDK,27,42478711.0,4
2022-10-01,USDL,68,565107.0,2
2022-10-01,USDN,12,113039290.0,4
2022-10-01,USDP,11,897076717.0,2
2022-10-01,USDP,33,3997738.0,4
2022-10-01,USDS,31,18186651.0,4
2022-10-01,USDS,32,3611610.0,1
2022-10-01,USDT,1,69248869189.0,59
2022-10-01,USDTZ,73,704370.0,1
2022-10-01,USDW,83,5223.0,1
2022-10-01,USDX,42,111504748.0,1
2022-10-01,USH,57,9270625.0,1
2022-10-01,USK,81,281362.0,1
2022-10-01,USN,54,38439516.0,2
2022-10-01,USX,44,67307533.0,7
2022-10-01,UUSD,75,12784064.0,1
2022-10-01,UXD,64,16618453.0,1
2022-10-01,VAI,28,20817136.0,1
2022-10-01,VST,71,10916557.0,1
2022-10-01,YUSD,13,29469857.0,1
2022-10-01,ZUSD,43,1323374.0,1
2022-10-01,aSEED,45,4322349.0,1
2022-11-01,3USD,58,943699.0,1
2022-11-01,ALUSD,20,68533074.0,4
2022-11-01,ARUSD,82,238494.0,1
2022-11-01,BAI,48,2175404.0,1
2022-11-01,BEAN,67,33718659.0,1
2022-11-01,BOB,84,16000251.0,4
2022-11-01,BUSD,4,22297924928.0,29
2022-11-01,CUSD,24,44637361.0,4
2022-11-01,DAI,5,5177223840.0,36
2022-11-01,DOC,30,2883899.0,2
2022-11-01,DOLA,15,23040696.0,3
2022-11-01,DUSD,70,2861470.0,1
2022-11-01,FEI,9,50668535.0,1
2022-11-01,FIAT,61,622051.0,1
2022-11-01,FLEXUSD,21,196350222.0,2
2022-11-01,FRAX,6,1021827327.0,18
2022-11-01,FUSD,63,2107388.0,1
2022-11-01,GUSD,19,600153444.0,2
2022-11-01,HOME,60,7028249.0,1
2022-11-01,HUSD,17,222593862.0,5
2022-11-01,IUSD,88,1768391.0,1
2022-11-01,KUSD,72,1305919.0,1
2022-11-01,LISUSD,79,32130327.0,1
2022-11-01,LUSD,8,179669283.0,6
2022-11-01,MIM,10,83186870.0,7
2022-11-01,MONEY,74,466038.0,1
2022-11-01,MUSD,26,18470687.0,3
2022-11-01,NOTE,78,17911275.0,1
2022-11-01,NUSD,18,16026666.0,11
2022-11-01,OUSD,23,44570000.0,1
2022-11-01,PAI,16,17173774.0,1
2022-11-01,PUSD,62,4954982.0,1
2022-11-01,RSV,25,28081548.0,2
2022-11-01,RUSD,90,40772.0,1
2022-11-01,SIGUSD,59,634651.0,1
2022-11-01,STBL,38,3324860.0,1
2022-11-01,SUSD,22,100776424.0,5
2022-11-01,TOR,29,17070482.0,1
2022-11-01,TUSD,7,806775317.0,10
2022-11-01,USD+,46,9309613.0,4
2022-11-01,USDB,34,271988.0,1
2022-11-01,USDC,2,42806103124.0,57
2022-11-01,USDD,14,725332036.0,4
2022-11-01,USDH,65,2104763.0,1
2022-11-01,USDI,76,257332.0,1
2022-11-01,USDI,87,314243.0,1
2022-11-01,USDJ,37,44804633.0,1
2022-11-01,USDK,27,42478710.0,4
2022-11-01,USDL,68,357124.0,2
2022-11-01,USDN,12,102241179.0,4
2022-11-01,USDP,11,790056096.0,2
2022-11-01,USDP,33,2911362.0,4
2022-11-01,USDR,85,40696.0,1
2022-11-01,USDS,31,18047728.0,4
2022-11-01,USDS,32,2596389.0,1
2022-11-01,USDT,1,65273116255.0,59
2022-11-01,USDTZ,73,516370.0,1
2022-11-01,USDW,83,3083.0,1
2022-11-01,USDX,42,87667607.0,1
2022-11-01,USH,57,3444407.0,1
2022-11-01,USK,81,290557.0,1
2022-11-01,USN,54,38439517.0,2
2022-11-01,USX,44,32722216.0,7
2022-11-01,UUSD,75,11382059.0,1
2022-11-01,UXD,64,16004424.0,1
2022-11-01,VAI,28,20615998.0,1
2022-11-01,VST,71,10497924.0,1
2022-11-01,XAI,89,1891569.0,1
2022-11-01,YUSD,13,13007870.0,1
2022-11-01,ZUSD,43,874335.0,1
2022-11-01,aSEED,45,3818044.0,1
2022-12-01,3USD,58,919110.0,1
2022-12-01,ALUSD,20,57950502.0,4
2022-12-01,ARUSD,82,247530.0,1
2022-12-01,BAI,48,2031000.0,1
2022-12-01,BEAN,67,33753734.0,1
2022-12-01,BOB,84,4832750.0,4
2022-12-01,BUSD,4,16649645439.0,29
2022-12-01,CUSD,24,43179150.0,4
2022-12-01,DAI,5,5061642711.0,36
2022-12-01,DOC,30,2415921.0,2
2022-12-01,DOLA,15,35019474.0,3
2022-12-01,DUSD,70,2815313.0,1
2022-12-01,FEI,9,41192607.0,1
2022-12-01,FIAT,61,672186.0,1
2022-12-01,FLEXUSD,21,196350222.0,2
2022-12-01,FRAX,6,1018393135.0,18
2022-12-01,FUSD,63,2069518.0,1
2022-12-01,GUSD,19,577238195.0,2
2022-12-01,HOME,60,6604686.0,1
2022-12-01,HUSD,17,222593862.0,5
2022-12-01,IUSD,88,2738193.0,1
2022-12-01,KUSD,72,1250027.0,1
2022-12-01,LISUSD,79,48915455.0,1
2022-12-01,LUSD,8,178829827.0,6
2022-12-01,MIM,10,91739315.0,7
2022-12-01,MONEY,74,405872.0,1
2022-12-01,MUSD,26,15021503.0,3
2022-12-01,NOTE,78,17369260.0,1
2022-12-01,NUSD,18,15019083.0,11
2022-12-01,OUSD,23,49061057.0,1
2022-12-01,PAI,16,17173774.0,1
2022-12-01,PUSD,62,3388311.0,1
2022-12-01,RSV,25,28132548.0,2
2022-12-01,RUSD,90,38670.0,1
2022-12-01,SIGUSD,59,564071.0,1
2022-12-01,STBL,38,658327.0,1
2022-12-01,SUSD,22,103992092.0,5
2022-12-01,TOR,29,17070482.0,1
2022-12-01,TUSD,7,754804950.0,10
2022-12-01,USD+,46,7907208.0,4
2022-12-01,USDB,34,268933.0,1
2022-12-01,USDC,2,44097781768.0,57
2022-12-01,USDD,14,725332036.0,4
2022-12-01,USDH,65,3179329.0,1
2022-12-01,USDI,76,413307.0,1
2022-12-01,USDI,87,9173.0,1
2022-12-01,USDJ,37,44581799.0,1
2022-12-01,USDK,27,42478710.0,4
2022-12-01,USDL,68,369048.0,2
2022-12-01,USDN,12,98845350.0,4
2022-12-01,USDP,11,880661431.0,2
2022-12-01,USDP,33,3127120.0,4
2022-12-01,USDR,85,45090.0,1
2022-12-01,USDS,31,18047728.0,4
2022-12-01,USDS,32,2349670.0,1
2022-12-01,USDT,1,66246650043.0,59
2022-12-01,USDTZ,73,455965.0,1
2022-12-01,USDW,83,1339.0,1
2022-12-01,USDX,42,72700528.0,1
2022-12-01,USH,57,1401662.0,1
2022-12-01,USK,81,670244.0,1
2022-12-01,USN,54,38439517.0,2
2022-12-01,USX,44,34662018.0,6
2022-12-01,UUSD,75,11841139.0,1
2022-12-01,UXD,64,4272161.0,1
2022-12-01,VAI,28,20517523.0,1
2022-12-01,VST,71,10060412.0,1
2022-12-01,XAI,89,3380635.0,1
2022-12-01,YUSD,13,13927418.0,1
2022-12-01,ZUSD,43,1033835.0,1
2022-12-01,aSEED,45,3775991.0,1
2023-01-01,3USD,58,831233.0,1
2023-01-01,ALUSD,20,52406734.0,4
2023-01-01,ARUSD,82,172685.0,1
2023-01-01,BAI,48,1831137.0,1
2023-01-01,BEAN,67,33742380.0,1
2023-01-01,BOB,84,4148240.0,4
2023-01-01,BUSD,4,15685486827.0,29
2023-01-01,CUSD,24,43552953.0,4
2023-01-01,DAI,5,5124180778.0,36
2023-01-01,DOC,30,2117477.0,2
2023-01-01,DOLA,15,46833570.0,4
2023-01-01,DUSD,70,2604721.0,1
2023-01-01,FEI,9,39272505.0,1
2023-01-01,FIAT,61,881314.0,1
2023-01-01,FLEXUSD,21,196350222.0,2
2023-01-01,FRAX,6,1023393135.0,18
2023-01-01,FUSD,63,2855668.0,1
2023-01-01,GUSD,19,572072025.0,2
2023-01-01,HOME,60,6601687.0,1
2023-01-01,HUSD,17,222593862.0,5
2023-01-01,IUSD,88,4116900.0,1
2023-01-01,KUSD,72,1358340.0,1
2023-01-01,LISUSD,79,41981649.0,1
2023-01-01,LUSD,8,226565641.0,6
2023-01-01,MIM,10,94681683.0,7
2023-01-01,MONEY,74,576037.0,1
2023-01-01,MUSD,26,14321957.0,3
2023-01-01,NOTE,78,33010063.0,1
2023-01-01,NUSD,18,18730960.0,11
2023-01-01,OUSD,23,47264035.0,1
2023-01-01,PAI,16,17173771.0,1
2023-01-01,PINA,92,131884.0,1
2023-01-01,PUSD,62,1283526.0,1
2023-01-01,RSV,25,28257548.0,2
2023-01-01,RUSD,90,38670.0,1
2023-01-01,SIGUSD,59,627341.0,1
2023-01-01,STBL,38,486117.0,1
2023-01-01,SUSD,22,126443709.0,5
2023-01-01,TOR,29,17070482.0,1
2023-01-01,TUSD,7,945589428.0,10
2023-01-01,USD+,46,11228464.0,4
2023-01-01,USDB,34,265377.0,1
2023-01-01,USDC,2,42152860533.0,57
2023-01-01,USDD,14,725332036.0,4
2023-01-01,USDH,65,3932798.0,1
2023-01-01,USDI,76,996478.0,1
2023-01-01,USDI,87,19360.0,1
2023-01-01,USDJ,37,56083098.0,1
2023-01-01,USDK,27,40428710.0,4
2023-01-01,USDL,68,315678.0,2
2023-01-01,USDN,12,66597415.0,4
2023-01-01,USDP,11,967646078.0,2
2023-01-01,USDP,33,3127120.0,4
2023-01-01,USDR,85,35121.0,1
2023-01-01,USDS,31,18047728.0,4
2023-01-01,USDS,32,2251060.0,1
2023-01-01,USDT,1,67794272952.0,59
2023-01-01,USDTZ,73,432269.0,1
2023-01-01,USDW,83,824.0,1
2023-01-01,USDX,42,74353119.0,1
2023-01-01,USH,57,977412.0,1
2023-01-01,USK,81,1156129.0,1
2023-01-01,USN,54,38439517.0,2
2023-01-01,USX,44,36696024.0,6
2023-01-01,UUSD,75,11958406.0,1
2023-01-01,UXD,64,4648988.0,1
2023-01-01,VAI,28,20430984.0,1
2023-01-01,VST,71,9416805.0,1
2023-01-01,XAI,89,3564085.0,1
2023-01-01,YUSD,13,13878032.0,1
2023-01-01,ZUSD,43,1508835.0,1
2023-01-01,aSEED,45,3635256.0,1
2023-02-01,3USD,58,1118106.0,1
2023-02-01,ALUSD,20,51962383.0,4
2023-02-01,ARUSD,82,170948.0,1
2023-02-01,BAI,48,1659843.0,1
2023-02-01,BAOUSD,94,2228167.0,1
2023-02-01,BEAN,67,35446154.0,1
2023-02-01,BOB,84,4139095.0,4
2023-02-01,BUSD,4,10601203486.0,29
2023-02-01,CASH,99,3765768.0,1
2023-02-01,CUSD,24,43478069.0,4
2023-02-01,CUSD,96,3338955.0,3
2023-02-01,DAI,5,5031412008.0,36
2023-02-01,DJED,93,2344160.0,1
2023-02-01,DOC,30,2286299.0,2
2023-02-01,DOLA,15,76359177.0,4
2023-02-01,DSU,100,1737247.0,1
2023-02-01,DUSD,70,2583200.0,1
2023-02-01,FEI,9,39864999.0,1
2023-02-01,FIAT,61,282848.0,1
2023-02-01,FLEXUSD,21,196350222.0,2
2023-02-01,FRAX,6,1039853684.0,18
2023-02-01,FUSD,63,7278291.0,1
2023-02-01,GUSD,19,562848282.0,2
2023-02-01,HOME,60,6598246.0,1
2023-02-01,HUSD,17,222593861.0,5
2023-02-01,IUSD,88,6545591.0,1
2023-02-01,KUSD,72,1420495.0,1
2023-02-01,LISUSD,79,41611335.0,1
2023-02-01,LUSD,8,230288034.0,7
2023-02-01,MIM,10,111706223.0,7
2023-02-01,MONEY,74,531317.0,1
2023-02-01,MUSD,26,11673102.0,3
2023-02-01,NOTE,78,46045032.0,1
2023-02-01,NUSD,18,18639016.0,11
2023-02-01,OUSD,23,54503472.0,1
2023-02-01,PAI,16,17173770.0,1
2023-02-01,PINA,92,875566.0,1
2023-02-01,PUSD,62,1503498.0,1
2023-02-01,RSV,25,27885046.0,2
2023-02-01,RUSD,90,38702.0,1
2023-02-01,SIGUSD,59,605264.0,1
2023-02-01,STBL,38,280986.0,1
2023-02-01,SUSD,22,127159437.0,5
2023-02-01,TOR,29,17070482.0,1
2023-02-01,TUSD,7,1120319352.0,10
2023-02-01,USD+,46,18715910.0,4
2023-02-01,USDB,34,233062.0,1
2023-02-01,USDC,2,42128599712.0,57
2023-02-01,USDD,14,725332036.0,4
2023-02-01,USDH,65,3629094.0,1
2023-02-01,USDI,76,968714.0,1
2023-02-01,USDI,87,17029.0,1
2023-02-01,USDJ,37,57256185.0,1
2023-02-01,USDK,27,22428710.0,4
2023-02-01,USDL,68,274416.0,2
2023-02-01,USDN,12,66250758.0,4
2023-02-01,USDP,11,739049813.0,2
2023-02-01,USDP,33,3127119.0,4
2023-02-01,USDR,85,5094660.0,1
2023-02-01,USDS,31,18047728.0,4
2023-02-01,USDS,32,2299478.0,1
2023-02-01,USDT,1,70910352348.0,59
2023-02-01,USDTZ,73,432269.0,1
2023-02-01,USDW,83,101800.0,1
2023-02-01,USDX,42,61942873.0,1
2023-02-01,USH,57,850703.0,1
2023-02-01,USK,81,1623573.0,1
2023-02-01,USN,54,38439517.0,2
2023-02-01,USP,97,65437889.0,1
2023-02-01,USX,44,31952453.0,6
2023-02-01,UUSD,75,12103243.0,1
2023-02-01,UXD,64,4803060.0,1
2023-02-01,VAI,28,20184388.0,1
2023-02-01,VST,71,8455128.0,1
2023-02-01,XAI,89,5554457.0,1
2023-02-01,YUSD,13,13799772.0,1
2023-02-01,ZUSD,43,1408935.0,1
2023-02-01,aSEED,45,3621541.0,1
2023-03-01,3USD,58,1092125.0,1
2023-03-01,ALUSD,20,50161496.0,4
2023-03-01,ANONUSD,102,72163.0,1
2023-03-01,ARUSD,82,166997.0,1
2023-03-01,BAI,48,1372333.0,1
2023-03-01,BAOUSD,94,2228167.0,1
2023-03-01,BEAN,67,35457839.0,1
2023-03-01,BOB,84,4353907.0,4
2023-03-01,BUSD,4,7592299269.0,29
2023-03-01,CASH,99,4051409.0,1
2023-03-01,CUSD,24,40767955.0,4
2023-03-01,CUSD,96,2000535.0,3
2023-03-01,DAI,5,5096653579.0,36
2023-03-01,DJED,93,2711160.0,1
2023-03-01,DOC,30,2645081.0,2
2023-03-01,DOLA,15,60022780.0,6
2023-03-01,DSU,100,5178909.0,2
2023-03-01,DUSD,70,2693265.0,1
2023-03-01,DUSD,104,145610.0,1
2023-03-01,EUSD,106,8569729.0,1
2023-03-01,FEI,9,41351650.0,1
2023-03-01,FIAT,61,87780.0,1
2023-03-01,FLEXUSD,21,196350222.0,2
2023-03-01,FRAX,6,1044853136.0,17
2023-03-01,FUSD,63,7254125.0,1
2023-03-01,GUSD,19,391859508.0,2
2023-03-01,HOME,60,6356101.0,1
2023-03-01,HUSD,17,222593862.0,5
2023-03-01,IUSD,88,7110044.0,1
2023-03-01,KUSD,72,1375740.0,1
2023-03-01,LISUSD,79,40670801.0,1
2023-03-01,LUSD,8,267721514.0,7
2023-03-01,MIM,10,115680217.0,7
2023-03-01,MONEY,74,447958.0,1
2023-03-01,MUSD,26,8541520.0,3
2023-03-01,NOTE,78,22400543.0,1
2023-03-01,NUSD,18,15650911.0,11
2023-03-01,NXUSD,103,8723173.0,2
2023-03-01,OUSD,23,34877825.0,1
2023-03-01,PAI,16,17173767.0,1
2023-03-01,PINA,92,914011.0,1
2023-03-01,PUSD,62,1464777.0,1
2023-03-01,RSV,25,532324.0,2
2023-03-01,RUSD,90,38702.0,1
2023-03-01,SIGUSD,59,575840.0,1
2023-03-01,STBL,38,264845.0,1
2023-03-01,SUSD,22,103625408.0,5
2023-03-01,TOR,29,17070482.0,1
2023-03-01,TUSD,7,2036276690.0,10
2023-03-01,USD+,46,14115351.0,4
2023-03-01,USDB,34,179650.0,1
2023-03-01,USDC,2,32593774371.0,56
2023-03-01,USDD,14,725332035.0,4
2023-03-01,USDH,65,3620639.0,1
2023-03-01,USDI,76,922177.0,1
2023-03-01,USDI,87,17694.0,1
2023-03-01,USDJ,37,56754296.0,1
2023-03-01,USDK,27,488710.0,4
2023-03-01,USDL,68,189878.0,2
2023-03-01,USDN,12,102302931.0,4
2023-03-01,USDP,11,757552716.0,2
2023-03-01,USDP,33,2923195.0,4
2023-03-01,USDR,85,11425903.0,1
2023-03-01,USDS,31,18047728.0,4
2023-03-01,USDS,32,1620813.0,1
2023-03-01,USDT,1,79655302728.0,58
2023-03-01,USDTZ,73,382269.0,1
2023-03-01,USDW,83,101800.0,1
2023-03-01,USDX,42,49459601.0,1
2023-03-01,USH,57,307924.0,1
2023-03-01,USK,81,1709843.0,1
2023-03-01,USN,54,38439517.0,2
2023-03-01,USP,97,65437889.0,1
2023-03-01,USX,44,39545983.0,6
2023-03-01,UUSD,75,11471101.0,1
2023-03-01,UXD,64,4533672.0,1
2023-03-01,VAI,28,4642249.0,1
2023-03-01,VST,71,6683029.0,1
2023-03-01,XAI,89,10916777.0,1
2023-03-01,YUSD,13,12285253.0,1
2023-03-01,ZUSD,43,1383935.0,1
2023-03-01,aSEED,45,3549206.0,1
2023-04-01,3USD,58,1087953.0,1
2023-04-01,ALUSD,20,50324208.0,4
2023-04-01,ANONUSD,102,69520.0,1
2023-04-01,ARUSD,82,138967.0,1
2023-04-01,BAI,48,1370710.0,1
2023-04-01,BAOUSD,94,2228167.0,1
2023-04-01,BOB,84,4406317.0,4
2023-04-01,BUSD,4,6178851712.0,30
2023-04-01,CASH,99,894376.0,1
2023-04-01,CUSD,24,41498014.0,4
2023-04-01,CUSD,96,2096084.0,3
2023-04-01,CZUSD,107,915356.0,1
2023-04-01,DAI,5,4732568598.0,37
2023-04-01,DJED,93,4136393.0,1
2023-04-01,DOC,30,2377660.0,2
2023-04-01,DOLA,15,66662015.0,7
2023-04-01,DSU,100,4868909.0,2
2023-04-01,DUSD,70,2702992.0,1
2023-04-01,DUSD,104,172984.0,1
2023-04-01,EUSD,106,12927856.0,1
2023-04-01,FEI,9,35457357.0,1
2023-04-01,FIAT,61,66537.0,1
2023-04-01,FLEXUSD,21,196350222.0,2
2023-04-01,FRAX,6,1012286819.0,17
2023-04-01,FUSD,63,7210671.0,1
2023-04-01,GUSD,19,486950183.0,2
2023-04-01,HOME,60,6356101.0,1
2023-04-01,HUSD,17,222593862.0,5
2023-04-01,IUSD,88,8362223.0,1
2023-04-01,KUSD,72,1374911.0,1
2023-04-01,LISUSD,79,39703474.0,1
2023-04-01,LUSD,8,274083382.0,7
2023-04-01,MIM,10,119051863.0,7
2023-04-01,MONEY,74,546442.0,1
2023-04-01,MUSD,26,6642015.0,3
2023-04-01,NOTE,78,26463380.0,1
2023-04-01,NUSD,18,26006319.0,11
2023-04-01,NXUSD,103,9029806.0,2
2023-04-01,OUSD,23,38746903.0,1
2023-04-01,PAI,16,17173767.0,1
2023-04-01,PINA,92,914011.0,1
2023-04-01,PUSD,62,1478333.0,1
2023-04-01,RSV,25,532324.0,2
2023-04-01,RUSD,90,38702.0,1
2023-04-01,SIGUSD,59,621622.0,1
2023-04-01,SUSD,22,117014087.0,5
2023-04-01,TOR,29,17070482.0,1
2023-04-01,TUSD,7,1995200173.0,10
2023-04-01,USD+,46,17231888.0,4
2023-04-01,USDB,34,179622.0,1
2023-04-01,USDC,2,30381278856.0,58
2023-04-01,USDD,14,725332036.0,4
2023-04-01,USDH,65,3829011.0,1
2023-04-01,USDI,76,805874.0,1
2023-04-01,USDI,87,17767.0,1
2023-04-01,USDJ,37,57614726.0,1
2023-04-01,USDK,27,488710.0,4
2023-04-01,USDL,68,163394.0,2
2023-04-01,USDN,12,97648687.0,4
2023-04-01,USDP,11,1041056795.0,2
2023-04-01,USDP,33,2899299.0,4
2023-04-01,USDR,85,23204505.0,1
2023-04-01,USDS,31,18047728.0,4
2023-04-01,USDS,32,1629286.0,1
2023-04-01,USDT,1,81688621462.0,60
2023-04-01,USDTZ,73,339227.0,1
2023-04-01,USDW,83,101800.0,1
2023-04-01,USDX,42,45179561.0,1
2023-04-01,USH,57,255052.0,1
2023-04-01,USK,81,1730456.0,1
2023-04-01,USN,54,38439517.0,2
2023-04-01,USP,97,65437889.0,1
2023-04-01,USX,44,34075696.0,6
2023-04-01,UUSD,75,11320169.0,1
2023-04-01,UXD,64,5295229.0,1
2023-04-01,VAI,28,4572783.0,1
2023-04-01,VST,71,7277980.0,1
2023-04-01,XAI,89,11565905.0,1
2023-04-01,YUSD,13,12589649.0,1
2023-04-01,ZUSD,43,1384035.0,1
2023-04-01,aSEED,45,3514228.0,1
2023-04-01,d2O,108,236485.0,2
2023-05-01,3USD,58,1065778.0,1
2023-05-01,ALUSD,20,50185929.0,4
2023-05-01,ANONUSD,102,44929.0,1
2023-05-01,ARUSD,82,129731.0,1
2023-05-01,BAI,48,1555185.0,1
2023-05-01,BAOUSD,94,2228167.0,1
2023-05-01,BOB,84,5356695.0,5
2023-05-01,BUSD,4,5233342736.0,29
2023-05-01,CASH,99,351204.0,1
2023-05-01,CUSD,24,42334184.0,4
2023-05-01,CUSD,96,1158906.0,3
2023-05-01,CZUSD,107,667000.0,1
2023-05-01,DAI,5,4628896273.0,36
2023-05-01,DAI+,111,14323962.0,2
2023-05-01,DJED,93,3626172.0,1
2023-05-01,DOC,30,3165310.0,2
2023-05-01,DOLA,15,63016961.0,7
2023-05-01,DSU,100,5839837.0,2
2023-05-01,DUSD,70,2702857.0,1
2023-05-01,DUSD,104,177076.0,1
2023-05-01,EUSD,106,13976285.0,1
2023-05-01,EUSD,109,92744992.0,1
2023-05-01,FDUSD,119,533.0,2
2023-05-01,FEI,9,34539944.0,1
2023-05-01,FIAT,61,61962.0,1
2023-05-01,FLEXUSD,21,196350222.0,2
2023-05-01,FRAX,6,1004141411.0,17
2023-05-01,FUSD,63,7168271.0,1
2023-05-01,GUSD,19,572046237.0,2
2023-05-01,HOME,60,6356089.0,1
2023-05-01,HUSD,17,222593861.0,5
2023-05-01,IUSD,88,9418780.0,1
2023-05-01,KUSD,72,1318098.0,1
2023-05-01,LISUSD,79,38948319.0,1
2023-05-01,LUSD,8,279740193.0,9
2023-05-01,MIM,10,122005231.0,7
2023-05-01,MONEY,74,335511.0,1
2023-05-01,MUSD,26,5947989.0,3
2023-05-01,NOTE,78,20094796.0,1
2023-05-01,NUSD,18,22116144.0,10
2023-05-01,NXUSD,103,6889135.0,2
2023-05-01,OUSD,23,27370005.0,1
2023-05-01,PAI,16,17173767.0,1
2023-05-01,PINA,92,913471.0,1
2023-05-01,PUSD,62,1516665.0,1
2023-05-01,RSV,25,430206.0,2
2023-05-01,RUSD,90,38702.0,1
2023-05-01,SIGUSD,59,621622.0,1
2023-05-01,SUSD,22,112169775.0,5
2023-05-01,TOR,29,17070482.0,1
2023-05-01,TUSD,7,2053756889.0,10
2023-05-01,USD+,46,37980591.0,6
2023-05-01,USDB,34,179604.0,1
2023-05-01,USDC,2,28820361410.0,58
2023-05-01,USDD,14,740598133.0,4
2023-05-01,USDH,65,3806380.0,1
2023-05-01,USDI,76,741491.0,1
2023-05-01,USDI,87,15311.0,1
2023-05-01,USDJ,37,58769232.0,1
2023-05-01,USDK,27,488710.0,4
2023-05-01,USDL,68,178991.0,2
2023-05-01,USDN,12,99611674.0,4
2023-05-01,USDP,11,1019052716.0,2
2023-05-01,USDP,33,2645840.0,4
2023-05-01,USDR,85,31196438.0,1
2023-05-01,USDS,31,18047728.0,4
2023-05-01,USDS,32,1771146.0,1
2023-05-01,USDT,1,83153762314.0,60
2023-05-01,USDT+,112,3074272.0,1
2023-05-01,USDTZ,73,334343.0,1
2023-05-01,USDW,83,110000.0,1
2023-05-01,USDX,42,46025941.0,1
2023-05-01,USH,57,256630.0,1
2023-05-01,USK,81,1801723.0,1
2023-05-01,USN,54,38439517.0,2
2023-05-01,USP,97,65437889.0,1
2023-05-01,USX,44,31598005.0,6
2023-05-01,UUSD,75,11650746.0,1
2023-05-01,UXD,64,6808110.0,1
2023-05-01,VAI,28,4542243.0,1
2023-05-01,VST,71,7299271.0,1
2023-05-01,XAI,89,11017337.0,1
2023-05-01,YUSD,13,12708932.0,1
2023-05-01,ZUSD,43,16134136.0,1
2023-05-01,aSEED,45,3445988.0,1
2023-05-01,crvUSD,110,7901674.0,1
2023-05-01,d2O,108,315212.0,2
2023-06-01,3USD,58,1081212.0,1
2023-06-01,ALUSD,20,50001115.0,4
2023-06-01,ANONUSD,102,33091.0,1
2023-06-01,ARUSD,82,129721.0,1
2023-06-01,BAI,48,1361868.0,1
2023-06-01,BAOUSD,94,2302587.0,1
2023-06-01,BOB,84,4629710.0,5
2023-06-01,BUSD,4,4122957663.0,30
2023-06-01,CASH,99,162515.0,1
2023-06-01,CUSD,24,42536846.0,4
2023-06-01,CUSD,96,1306568.0,3
2023-06-01,CZUSD,107,676360.0,1
2023-06-01,DAI,5,4379644550.0,36
2023-06-01,DAI+,111,9639227.0,2
2023-06-01,DJED,93,3372569.0,1
2023-06-01,DOC,30,2392347.0,2
2023-06-01,DOLA,15,52779318.0,7
2023-06-01,DSU,100,5588769.0,2
2023-06-01,DUSD,70,2768415.0,1
2023-06-01,DUSD,104,134966.0,1
2023-06-01,EUSD,106,20583955.0,1
2023-06-01,EUSD,109,127853887.0,1
2023-06-01,FDUSD,119,1074.0,2
2023-06-01,FEI,9,34681949.0,1
2023-06-01,FIAT,61,61962.0,1
2023-06-01,FLEXUSD,21,196350222.0,2
2023-06-01,FRAX,6,1012280455.0,17
2023-06-01,FUSD,63,7092657.0,1
2023-06-01,GRAI,116,11644037.0,1
2023-06-01,GUSD,19,564528395.0,2
2023-06-01,HOME,60,6314531.0,1
2023-06-01,HUSD,17,222593861.0,5
2023-06-01,IUSD,88,9525604.0,1
2023-06-01,KUSD,72,1115360.0,1
2023-06-01,LISUSD,79,38816962.0,1
2023-06-01,LUSD,8,282658011.0,9
2023-06-01,MIM,10,136376402.0,7
2023-06-01,MONEY,74,257933.0,1
2023-06-01,MUSD,26,5644557.0,3
2023-06-01,NOTE,78,12668751.0,1
2023-06-01,NUSD,18,23818306.0,11
2023-06-01,NXUSD,103,6915803.0,2
2023-06-01,OUSD,23,21740914.0,1
2023-06-01,PAI,16,17173766.0,1
2023-06-01,PINA,92,913471.0,1
2023-06-01,PUSD,62,2220073.0,1
2023-06-01,R,115,32418445.0,1
2023-06-01,RSV,25,427706.0,2
2023-06-01,RUSD,90,38702.0,1
2023-06-01,SIGUSD,59,537976.0,1
2023-06-01,SUSD,22,98795050.0,5
2023-06-01,TOR,29,17070482.0,1
2023-06-01,TUSD,7,3029595743.0,10
2023-06-01,USD+,46,31695015.0,6
2023-06-01,USDB,34,179325.0,1
2023-06-01,USDC,2,27721886066.0,58
2023-06-01,USDD,14,738850925.0,4
2023-06-01,USDH,65,3316766.0,1
2023-06-01,USDI,76,448401.0,1
2023-06-01,USDI,87,8132.0,1
2023-06-01,USDJ,37,58169008.0,1
2023-06-01,USDK,27,488710.0,4
2023-06-01,USDL,68,220534.0,2
2023-06-01,USDN,12,100573936.0,4
2023-06-01,USDP,11,989794018.0,2
2023-06-01,USDP,33,2645657.0,4
2023-06-01,USDR,85,46370630.0,1
2023-06-01,USDS,31,18047728.0,4
2023-06-01,USDS,32,2359253.0,1
2023-06-01,USDT,1,83359976048.0,60
2023-06-01,USDT+,112,2409815.0,1
2023-06-01,USDTZ,73,327657.0,1
2023-06-01,USDW,83,99881.0,1
2023-06-01,USDX,42,42543061.0,1
2023-06-01,USH,57,239390.0,1
2023-06-01,USK,81,1793590.0,1
2023-06-01,USN,54,38439517.0,2
2023-06-01,USP,97,65437889.0,1
2023-06-01,USX,44,35296898.0,6
2023-06-01,USYC,237,1629864.0,1
2023-06-01,UUSD,75,12268091.0,1
2023-06-01,UXD,64,6347725.0,1
2023-06-01,VAI,28,4383525.0,1
2023-06-01,VST,71,7081201.0,1
2023-06-01,XAI,89,13142404.0,1
2023-06-01,YUSD,13,12773638.0,1
2023-06-01,ZUSD,43,16132266.0,1
2023-06-01,aSEED,45,3419246.0,1
2023-06-01,clevUSD,114,2345950.0,1
2023-06-01,crvUSD,110,47413730.0,2
2023-06-01,d2O,108,308817.0,2
2023-07-01,3USD,58,1057793.0,1
2023-07-01,ALUSD,20,47316330.0,4
2023-07-01,ANONUSD,102,26825.0,1
2023-07-01,ARUSD,82,129721.0,1
2023-07-01,BAI,48,1368475.0,1
2023-07-01,BAOUSD,94,2310019.0,1
2023-07-01,BEAN,67,35182644.0,1
2023-07-01,BOB,84,4624205.0,5
2023-07-01,BUSD,4,3684029362.0,29
2023-07-01,CASH,99,249363.0,1
2023-07-01,CUSD,24,43133630.0,4
2023-07-01,CUSD,96,1070649.0,3
2023-07-01,CZUSD,107,683162.0,1
2023-07-01,DAI,5,4153599269.0,35
2023-07-01,DAI+,111,5059574.0,2
2023-07-01,DJED,93,3751021.0,1
2023-07-01,DOC,30,2352392.0,2
2023-07-01,DOLA,15,60653779.0,7
2023-07-01,DSU,100,5619396.0,2
2023-07-01,DUSD,70,2768438.0,1
2023-07-01,DUSD,104,174495.0,2
2023-07-01,ERN,117,3989621.0,1
2023-07-01,EUSD,106,20484627.0,1
2023-07-01,EUSD,109,161791999.0,1
2023-07-01,FDUSD,119,20204355.0,2
2023-07-01,FEI,9,35096185.0,1
2023-07-01,FIAT,61,8108.0,1
2023-07-01,FLEXUSD,21,196350245.0,2
2023-07-01,FRAX,6,812641410.0,16
2023-07-01,FUSD,63,6129185.0,1
2023-07-01,GHO,118,9449773.0,1
2023-07-01,GRAI,116,14103291.0,3
2023-07-01,GUSD,19,362586515.0,2
2023-07-01,HOME,60,6312081.0,1
2023-07-01,HUSD,17,222593862.0,5
2023-07-01,IUSD,88,11663033.0,1
2023-07-01,KUSD,72,1146843.0,1
2023-07-01,LISUSD,79,38853284.0,1
2023-07-01,LUSD,8,299037673.0,9
2023-07-01,MIM,10,79425579.0,8
2023-07-01,MONEY,74,299663.0,1
2023-07-01,MUSD,26,5142493.0,3
2023-07-01,NOTE,78,12063226.0,1
2023-07-01,NUSD,18,20639570.0,10
2023-07-01,NXUSD,103,6889743.0,2
2023-07-01,OUSD,23,19541815.0,1
2023-07-01,PAI,16,17173766.0,1
2023-07-01,PINA,92,913471.0,1
2023-07-01,PUSD,62,1854205.0,1
2023-07-01,R,115,30871162.0,1
2023-07-01,RSV,25,427706.0,2
2023-07-01,RUSD,90,38702.0,1
2023-07-01,SIGUSD,59,447961.0,1
2023-07-01,STBL,38,245833.0,1
2023-07-01,SUSD,22,99876612.0,5
2023-07-01,TOR,29,17070482.0,1
2023-07-01,TUSD,7,3027298468.0,10
2023-07-01,USD+,46,20388129.0,6
2023-07-01,USDB,34,147531.0,1
2023-07-01,USDC,2,26261373280.0,57
2023-07-01,USDD,14,742973926.0,4
2023-07-01,USDH,65,3401023.0,1
2023-07-01,USDI,76,443007.0,1
2023-07-01,USDI,87,8132.0,1
2023-07-01,USDJ,37,58735322.0,1
2023-07-01,USDK,27,488710.0,4
2023-07-01,USDL,68,215400.0,2
2023-07-01,USDN,12,99062133.0,4
2023-07-01,USDP,11,549583263.0,2
2023-07-01,USDP,33,2640536.0,4
2023-07-01,USDR,85,40150617.0,1
2023-07-01,USDS,31,18047728.0,4
2023-07-01,USDS,32,1841368.0,1
2023-07-01,USDT,1,83795608828.0,59
2023-07-01,USDT+,112,1287508.0,1
2023-07-01,USDTZ,73,307657.0,1
2023-07-01,USDW,83,99881.0,1
2023-07-01,USDX,42,40201660.0,1
2023-07-01,USH,57,204793.0,1
2023-07-01,USK,81,1837867.0,1
2023-07-01,USN,54,38439517.0,2
2023-07-01,USP,97,65437889.0,1
2023-07-01,USX,44,33499960.0,7
2023-07-01,USYC,237,4603029.0,1
2023-07-01,UUSD,75,12392323.0,1
2023-07-01,UXD,64,11707923.0,1
2023-07-01,VAI,28,4339510.0,1
2023-07-01,VST,71,6957542.0,1
2023-07-01,XAI,89,13632463.0,1
2023-07-01,YUSD,13,13360472.0,1
2023-07-01,ZUSD,43,16132966.0,1
2023-07-01,aSEED,45,2920017.0,1
2023-07-01,clevUSD,114,2350887.0,1
2023-07-01,crvUSD,110,67768006.0,3
2023-07-01,d2O,108,333928.0,2
2023-08-01,3USD,58,927089.0,1
2023-08-01,ALUSD,20,47907232.0,4
2023-08-01,ANONUSD,102,25575.0,1
2023-08-01,ARUSD,82,129721.0,1
2023-08-01,BAI,48,1291676.0,1
2023-08-01,BAOUSD,94,2310019.0,1
2023-08-01,BEAN,67,35349372.0,1
2023-08-01,BOB,84,2319053.0,5
2023-08-01,BUSD,4,3059580389.0,29
2023-08-01,CASH,99,3806979.0,1
2023-08-01,CUSD,24,42223609.0,4
2023-08-01,CUSD,96,908714.0,3
2023-08-01,CZUSD,107,624013.0,1
2023-08-01,DAI,5,5204661950.0,35
2023-08-01,DAI+,111,1844130.0,2
2023-08-01,DJED,93,3750821.0,1
2023-08-01,DOC,30,2180298.0,2
2023-08-01,DOLA,15,63191868.0,8
2023-08-01,DSU,100,4473563.0,2
2023-08-01,DUSD,70,2768039.0,1
2023-08-01,DUSD,104,62813.0,2
2023-08-01,ERN,117,3456936.0,1
2023-08-01,EUSD,106,19575758.0,1
2023-08-01,EUSD,109,177902074.0,1
2023-08-01,FDUSD,119,325197279.0,2
2023-08-01,FEI,9,35162593.0,1
2023-08-01,FIAT,61,8108.0,1
2023-08-01,FLEXUSD,21,196350245.0,2
2023-08-01,FRAX,6,806723781.0,16
2023-08-01,FUSD,63,6073954.0,1
2023-08-01,GHO,118,23617358.0,1
2023-08-01,GRAI,116,14635400.0,4
2023-08-01,GUSD,19,310641207.0,2
2023-08-01,HOME,60,6310110.0,1
2023-08-01,HUSD,17,222593862.0,5
2023-08-01,IUSD,88,11230959.0,1
2023-08-01,KUSD,72,1071360.0,1
2023-08-01,LISUSD,79,38867985.0,1
2023-08-01,LUSD,8,290935345.0,7
2023-08-01,MIM,10,58245843.0,10
2023-08-01,MONEY,74,253470.0,1
2023-08-01,MUSD,26,4740447.0,3
2023-08-01,NOTE,78,10428702.0,1
2023-08-01,NUSD,18,20919089.0,10
2023-08-01,NXUSD,103,7053197.0,2
2023-08-01,OUSD,23,15926125.0,1
2023-08-01,PAI,16,17173766.0,1
2023-08-01,PINA,92,913471.0,1
2023-08-01,PUSD,62,1519935.0,1
2023-08-01,PYUSD,120,4499342.0,1
2023-08-01,R,115,24465450.0,1
2023-08-01,RSV,25,427705.0,2
2023-08-01,RUSD,90,38702.0,1
2023-08-01,SIGUSD,59,426640.0,1
2023-08-01,STAR,123,1095334.0,2
2023-08-01,STBL,38,239252.0,1
2023-08-01,SUSD,22,87130811.0,4
2023-08-01,TOR,29,17070482.0,1
2023-08-01,TUSD,7,3398384676.0,10
2023-08-01,USD+,46,11346623.0,6
2023-08-01,USDB,34,147529.0,1
2023-08-01,USDC,2,25827476369.0,59
2023-08-01,USDD,14,725332035.0,4
2023-08-01,USDH,65,3488183.0,1
2023-08-01,USDI,76,431848.0,1
2023-08-01,USDI,87,8132.0,1
2023-08-01,USDJ,37,58204859.0,1
2023-08-01,USDK,27,488710.0,4
2023-08-01,USDL,68,200917.0,2
2023-08-01,USDN,12,95002348.0,4
2023-08-01,USDP,11,505170765.0,2
2023-08-01,USDP,33,2640536.0,4
2023-08-01,USDR,85,49102597.0,1
2023-08-01,USDS,31,18047728.0,4
2023-08-01,USDS,32,1465702.0,1
2023-08-01,USDT,1,82837442202.0,58
2023-08-01,USDT+,112,689767.0,1
2023-08-01,USDTZ,73,303967.0,1
2023-08-01,USDW,83,99881.0,1
2023-08-01,USDX,42,36418489.0,1
2023-08-01,USH,57,177836.0,1
2023-08-01,USK,81,1773216.0,1
2023-08-01,USN,54,38439517.0,2
2023-08-01,USP,97,65437889.0,1
2023-08-01,USX,44,32228331.0,7
2023-08-01,USYC,237,5946951.0,1
2023-08-01,UUSD,75,12449375.0,1
2023-08-01,UXD,64,17831637.0,1
2023-08-01,VAI,28,4240792.0,1
2023-08-01,VST,71,6134263.0,1
2023-08-01,XAI,89,13347741.0,1
2023-08-01,YUSD,13,12620566.0,1
2023-08-01,ZUSD,43,16121678.0,3
2023-08-01,aSEED,45,2889533.0,1
2023-08-01,clevUSD,114,1141469.0,1
2023-08-01,crvUSD,110,103252919.0,4
2023-08-01,d2O,108,276774.0,2
2023-08-01,eUSD(v2),125,216900.0,1
2023-08-01,peUSD,124,1.0,1
2023-09-01,3USD,58,925663.0,1
2023-09-01,ALUSD,20,47874822.0,4
2023-09-01,ANONUSD,102,26075.0,1
2023-09-01,ARUSD,82,129721.0,1
2023-09-01,BAI,48,1278203.0,1
2023-09-01,BAOUSD,94,2308868.0,1
2023-09-01,BEAN,67,35797241.0,1
2023-09-01,BOB,84,167775.0,5
2023-09-01,BUSD,4,2248102537.0,29
2023-09-01,CASH,99,3971607.0,1
2023-09-01,CUSD,24,40990101.0,4
2023-09-01,CUSD,96,698859.0,3
2023-09-01,CZUSD,107,677080.0,1
2023-09-01,DAI,5,5485378689.0,35
2023-09-01,DAI+,111,7029968.0,3
2023-09-01,DJED,93,3750821.0,1
2023-09-01,DOC,30,2043551.0,2
2023-09-01,DOLA,15,50981400.0,8
2023-09-01,DSU,100,3382300.0,2
2023-09-01,DUSD,70,2768039.0,1
2023-09-01,DUSD,104,57350.0,2
2023-09-01,ERN,117,4289302.0,1
2023-09-01,EUSD,106,19309887.0,1
2023-09-01,EUSD,109,22433559.0,1
2023-09-01,FDUSD,119,406763578.0,2
2023-09-01,FEI,9,17293013.0,1
2023-09-01,FIAT,61,8108.0,1
2023-09-01,FLEXUSD,21,166350245.0,2
2023-09-01,FRAX,6,671723781.0,16
2023-09-01,FUSD,63,5912711.0,1
2023-09-01,GHO,118,22907400.0,1
2023-09-01,GRAI,116,15071213.0,4
2023-09-01,GUSD,19,300832301.0,2
2023-09-01,HOME,60,6304661.0,1
2023-09-01,HUSD,17,222593861.0,5
2023-09-01,IUSD,88,12020757.0,1
2023-09-01,KUSD,72,1066803.0,1
2023-09-01,LISUSD,79,38924528.0,1
2023-09-01,LUSD,8,257738035.0,7
2023-09-01,MIM,10,50359506.0,10
2023-09-01,MONEY,74,228180.0,1
2023-09-01,MUSD,26,4583596.0,3
2023-09-01,NEX,128,5177.0,2
2023-09-01,NOTE,78,10662264.0,1
2023-09-01,NUSD,18,19412007.0,10
2023-09-01,NXUSD,103,7130346.0,2
2023-09-01,OUSD,23,15572866.0,1
2023-09-01,PAI,16,17173766.0,1
2023-09-01,PINA,92,913471.0,1
2023-09-01,PUSD,62,1796436.0,1
2023-09-01,PYUSD,120,60919231.0,1
2023-09-01,R,115,20819760.0,2
2023-09-01,RSV,25,427704.0,2
2023-09-01,RUSD,90,38702.0,1
2023-09-01,SIGUSD,59,407543.0,1
2023-09-01,STAR,123,2328087.0,2
2023-09-01,STBL,38,229136.0,1
2023-09-01,SUSD,22,83207258.0,4
2023-09-01,SVUSD,130,439123.0,1
2023-09-01,TOR,29,17070482.0,1
2023-09-01,TUSD,7,3420035252.0,10
2023-09-01,USD+,46,19675615.0,8
2023-09-01,USDB,34,147529.0,1
2023-09-01,USDC,2,24725622537.0,59
2023-09-01,USDD,14,727524699.0,4
2023-09-01,USDH,65,3466320.0,1
2023-09-01,USDI,76,407850.0,1
2023-09-01,USDI,87,8132.0,1
2023-09-01,USDJ,37,59216325.0,1
2023-09-01,USDK,27,488710.0,4
2023-09-01,USDL,68,200928.0,2
2023-09-01,USDN,12,90623049.0,4
2023-09-01,USDP,11,486062948.0,2
2023-09-01,USDP,33,2640536.0,4
2023-09-01,USDR,85,69433485.0,1
2023-09-01,USDS,31,18047728.0,4
2023-09-01,USDS,32,1282122.0,1
2023-09-01,USDT,1,83225290126.0,58
2023-09-01,USDT+,112,474631.0,2
2023-09-01,USDTZ,73,303967.0,1
2023-09-01,USDW,83,99881.0,1
2023-09-01,USDX,42,31946325.0,1
2023-09-01,USDY,129,122508.0,1
2023-09-01,USH,57,172888.0,1
2023-09-01,USK,81,2102948.0,1
2023-09-01,USN,54,38439517.0,2
2023-09-01,USP,97,65437889.0,1
2023-09-01,USX,44,32178730.0,7
2023-09-01,USYC,237,7486898.0,1
2023-09-01,UUSD,75,12431659.0,1
2023-09-01,UXD,64,16845847.0,1
2023-09-01,VAI,28,4102304.0,1
2023-09-01,VST,71,5441741.0,1
2023-09-01,XAI,89,13241741.0,1
2023-09-01,YUSD,13,12649761.0,1
2023-09-01,ZUSD,43,19423356.0,3
2023-09-01,aSEED,45,2883331.0,1
2023-09-01,clevUSD,114,1142533.0,1
2023-09-01,crvUSD,110,119441535.0,4
2023-09-01,d2O,108,290160.0,2
2023-09-01,eUSD(v2),125,84156669.0,1
2023-09-01,mkUSD,126,29999907.0,1
2023-09-01,peUSD,124,10353469.0,1
2023-10-01,3USD,58,924671.0,1
2023-10-01,ALUSD,20,46785831.0,4
2023-10-01,ANONUSD,102,27827.0,1
2023-10-01,ARUSD,82,129721.0,1
2023-10-01,BAI,48,1247567.0,1
2023-10-01,BAOUSD,94,2308868.0,1
2023-10-01,BEAN,67,36507967.0,1
2023-10-01,BOB,84,129573.0,5
2023-10-01,BUSD,4,2013792583.0,29
2023-10-01,CASH,99,2873804.0,1
2023-10-01,CASH,134,1010.0,1
2023-10-01,CUSD,24,39770824.0,4
2023-10-01,CUSD,96,314557.0,3
2023-10-01,CZUSD,107,677897.0,1
2023-10-01,DAI,5,5342821156.0,35
2023-10-01,DAI+,111,5442212.0,3
2023-10-01,DJED,93,3258697.0,1
2023-10-01,DOC,30,3508896.0,2
2023-10-01,DOLA,15,45468433.0,8
2023-10-01,DSU,100,2207346.0,2
2023-10-01,DUSD,70,2952239.0,1
2023-10-01,DUSD,104,38960.0,2
2023-10-01,ERN,117,4643415.0,1
2023-10-01,EUSD,106,17466590.0,1
2023-10-01,EUSD,109,13099729.0,1
2023-10-01,FDUSD,119,467686206.0,2
2023-10-01,FEI,9,12150804.0,1
2023-10-01,FIAT,61,7607.0,1
2023-10-01,FLEXUSD,21,166350245.0,2
2023-10-01,FRAX,6,671723781.0,16
2023-10-01,FUSD,63,5762835.0,1
2023-10-01,GHO,118,28046868.0,1
2023-10-01,GRAI,116,12479524.0,4
2023-10-01,GUSD,19,162518479.0,2
2023-10-01,HOME,60,6304611.0,1
2023-10-01,HUSD,17,222593860.0,5
2023-10-01,IUSD,88,13424310.0,1
2023-10-01,KUSD,72,1177963.0,1
2023-10-01,LISUSD,79,39129425.0,1
2023-10-01,LUSD,8,223777906.0,7
2023-10-01,MIM,10,46516696.0,10
2023-10-01,MONEY,74,181502.0,1
2023-10-01,MUSD,26,4440695.0,3
2023-10-01,NEX,128,5177.0,2
2023-10-01,NOTE,78,20363581.0,1
2023-10-01,NUSD,18,8861853.0,10
2023-10-01,NXUSD,103,7233264.0,2
2023-10-01,OUSD,23,15261796.0,1
2023-10-01,PAI,16,17173766.0,1
2023-10-01,PINA,92,913471.0,1
2023-10-01,PUSD,62,1481178.0,1
2023-10-01,PYUSD,120,114584921.0,1
2023-10-01,R,115,9550262.0,2
2023-10-01,RSV,25,392759.0,2
2023-10-01,RUSD,90,38702.0,1
2023-10-01,SIGUSD,59,382943.0,1
2023-10-01,STAR,123,1823610.0,2
2023-10-01,STBL,38,215802.0,1
2023-10-01,SUSD,22,80368601.0,4
2023-10-01,SVUSD,130,452024.0,1
2023-10-01,TBILL,257,10790539.0,1
2023-10-01,TOR,29,17070482.0,1
2023-10-01,TUSD,7,3325133071.0,10
2023-10-01,USD+,46,16300456.0,8
2023-10-01,USDB,34,147529.0,1
2023-10-01,USDC,2,24344687410.0,59
2023-10-01,USDD,14,725332025.0,4
2023-10-01,USDH,65,3560699.0,1
2023-10-01,USDI,76,379902.0,1
2023-10-01,USDI,87,8132.0,1
2023-10-01,USDJ,37,63702355.0,1
2023-10-01,USDK,27,488710.0,4
2023-10-01,USDL,68,200885.0,2
2023-10-01,USDM,132,5118920.0,1
2023-10-01,USDN,12,88790169.0,4
2023-10-01,USDP,11,483721450.0,2
2023-10-01,USDP,33,2639837.0,4
2023-10-01,USDR,85,44876970.0,1
2023-10-01,USDS,31,18047728.0,4
2023-10-01,USDS,32,1116781.0,1
2023-10-01,USDT,1,84562386662.0,56
2023-10-01,USDT+,112,367005.0,2
2023-10-01,USDTZ,73,303967.0,1
2023-10-01,USDW,83,99881.0,1
2023-10-01,USDX,42,27661396.0,1
2023-10-01,USDY,129,255083.0,1
2023-10-01,USH,57,131954.0,1
2023-10-01,USK,81,2582270.0,1
2023-10-01,USN,54,38439517.0,2
2023-10-01,USP,97,65437889.0,1
2023-10-01,USX,44,32278081.0,7
2023-10-01,USYC,237,39849876.0,1
2023-10-01,UUSD,75,12494176.0,1
2023-10-01,UXD,64,10653956.0,1
2023-10-01,VAI,28,3996257.0,1
2023-10-01,VST,71,2045506.0,1
2023-10-01,XAI,89,12987338.0,1
2023-10-01,YUSD,13,12473250.0,1
2023-10-01,ZUSD,43,19056544.0,2
2023-10-01,aSEED,45,2881675.0,1
2023-10-01,clevUSD,114,1105468.0,1
2023-10-01,crvUSD,110,125363354.0,4
2023-10-01,d2O,108,252186.0,2
2023-10-01,eUSD(v2),125,111061409.0,1
2023-10-01,mkUSD,126,39224097.0,1
2023-10-01,peUSD,124,14936522.0,2
2023-11-01,3USD,58,921926.0,1
2023-11-01,ALUSD,20,46693690.0,4
2023-11-01,ANONUSD,102,18015.0,1
2023-11-01,ARUSD,82,129721.0,1
2023-11-01,BAI,48,1235406.0,1
2023-11-01,BAOUSD,94,2308868.0,1
2023-11-01,BEAN,67,38181267.0,1
2023-11-01,BOB,84,91130.0,5
2023-11-01,BUSD,4,1683597884.0,30
2023-11-01,CASH,99,2354990.0,1
2023-11-01,CASH,134,1014.0,1
2023-11-01,CUSD,24,36387184.0,4
2023-11-01,CUSD,96,309721.0,3
2023-11-01,CZUSD,107,682417.0,1
2023-11-01,DAI,5,5279748079.0,35
2023-11-01,DAI+,111,3667702.0,3
2023-11-01,DJED,93,4012105.0,1
2023-11-01,DOC,30,3699018.0,2
2023-11-01,DOLA,15,45378865.0,8
2023-11-01,DSU,100,5541006.0,2
2023-11-01,DUSD,70,2952239.0,1
2023-11-01,DUSD,104,64394.0,2
2023-11-01,ERN,117,4550180.0,1
2023-11-01,EUSD,106,17739679.0,1
2023-11-01,EUSD,109,10962872.0,1
2023-11-01,FDUSD,119,845652972.0,2
2023-11-01,FEI,9,12829213.0,1
2023-11-01,FIAT,61,7607.0,1
2023-11-01,FLEXUSD,21,166350245.0,2
2023-11-01,FRAX,6,669656285.0,17
2023-11-01,FUSD,63,5622865.0,1
2023-11-01,GHO,118,34796567.0,1
2023-11-01,GRAI,116,12353670.0,4
2023-11-01,GUSD,19,150444019.0,2
2023-11-01,HOME,60,6304383.0,1
2023-11-01,HUSD,17,222593861.0,5
2023-11-01,HYDT,142,24873.0,1
2023-11-01,HYUSD,144,3325493.0,2
2023-11-01,IST,135,647019.0,2
2023-11-01,IUSD,88,16671646.0,1
2023-11-01,KUSD,72,1279623.0,1
2023-11-01,LISUSD,79,39472696.0,1
2023-11-01,LUSD,8,200880710.0,7
2023-11-01,MIM,10,48387845.0,11
2023-11-01,MONEY,74,99798.0,1
2023-11-01,MUSD,26,4303580.0,3
2023-11-01,NEX,128,5177.0,2
2023-11-01,NOTE,78,17369682.0,1
2023-11-01,NUSD,18,8258798.0,10
2023-11-01,NXUSD,103,7355061.0,2
2023-11-01,OUSD,23,14732430.0,1
2023-11-01,PAI,16,17173765.0,1
2023-11-01,PINA,92,913471.0,1
2023-11-01,PUSD,62,1617887.0,1
2023-11-01,PYUSD,120,113384862.0,1
2023-11-01,R,115,10959636.0,2
2023-11-01,RSV,25,235438.0,2
2023-11-01,RUSD,90,38702.0,1
2023-11-01,SIGUSD,59,395958.0,1
2023-11-01,STAR,123,1798170.0,2
2023-11-01,STBL,38,206618.0,1
2023-11-01,SUSD,22,96567000.0,4
2023-11-01,SVUSD,130,462426.0,1
2023-11-01,TBILL,257,19957898.0,1
2023-11-01,TOR,29,17070482.0,1
2023-11-01,TUSD,7,2932610804.0,10
2023-11-01,USD+,46,12023080.0,8
2023-11-01,USDB,34,147529.0,1
2023-11-01,USDC,2,23760044390.0,59
2023-11-01,USDD,14,725332026.0,4
2023-11-01,USDH,65,3677352.0,1
2023-11-01,USDI,76,371990.0,1
2023-11-01,USDI,87,8132.0,1
2023-11-01,USDJ,37,62925358.0,1
2023-11-01,USDK,27,488710.0,4
2023-11-01,USDL,68,200774.0,2
2023-11-01,USDM,132,13956784.0,1
2023-11-01,USDN,12,78339990.0,4
2023-11-01,USDP,11,446640156.0,2
2023-11-01,USDP,33,2639837.0,4
2023-11-01,USDR,85,44877156.0,1
2023-11-01,USDS,31,18047728.0,4
2023-11-01,USDS,32,1221312.0,1
2023-11-01,USDT,1,89256354619.0,57
2023-11-01,USDT+,112,341800.0,2
2023-11-01,USDTZ,73,303967.0,1
2023-11-01,USDV,143,15577721.0,5
2023-11-01,USDW,83,99881.0,1
2023-11-01,USDX,42,26583206.0,1
2023-11-01,USDY,129,12942558.0,2
2023-11-01,USH,57,114232.0,1
2023-11-01,USK,81,3709815.0,2
2023-11-01,USN,54,38439517.0,2
2023-11-01,USP,97,65437889.0,1
2023-11-01,USX,44,31882040.0,7
2023-11-01,USYC,237,44488792.0,1
2023-11-01,UUSD,75,12485295.0,1
2023-11-01,UXD,64,10794291.0,1
2023-11-01,VAI,28,3922989.0,1
2023-11-01,VST,71,1381336.0,1
2023-11-01,XAI,89,12875746.0,1
2023-11-01,YUSD,13,12359084.0,1
2023-11-01,ZUSD,43,19034905.0,2
2023-11-01,aSEED,45,2874283.0,1
2023-11-01,clevUSD,114,400335.0,1
2023-11-01,crvUSD,110,149018123.0,4
2023-11-01,d2O,108,183388.0,2
2023-11-01,eUSD,138,224300.0,2
2023-11-01,eUSD(v2),125,114612556.0,1
2023-11-01,mkUSD,126,162408167.0,1
2023-11-01,peUSD,124,37606501.0,2
2023-12-01,3USD,58,932637.0,1
2023-12-01,ALUSD,20,46697894.0,4
2023-12-01,ANONUSD,102,13015.0,1
2023-12-01,ARUSD,82,129721.0,1
2023-12-01,BAI,48,1305479.0,1
2023-12-01,BAOUSD,94,2308868.0,1
2023-12-01,BEAN,67,38958669.0,1
2023-12-01,BOB,84,82656.0,5
2023-12-01,BUSD,4,1013937982.0,30
2023-12-01,CASH,99,1927134.0,1
2023-12-01,CASH,134,3515.0,1
2023-12-01,CUSD,24,30662942.0,4
2023-12-01,CUSD,96,50929.0,3
2023-12-01,CZUSD,107,688125.0,1
2023-12-01,DAI,5,5189602664.0,35
2023-12-01,DAI+,111,4569427.0,3
2023-12-01,DJED,93,5606185.0,1
2023-12-01,DOC,30,3053796.0,2
2023-12-01,DOLA,15,49576042.0,8
2023-12-01,DSU,100,5250359.0,2
2023-12-01,DUSD,70,2952239.0,1
2023-12-01,DUSD,104,288373.0,5
2023-12-01,ERN,117,3624437.0,1
2023-12-01,EUSD,106,18579848.0,1
2023-12-01,EUSD,109,10253486.0,1
2023-12-01,FDUSD,119,1801091367.0,2
2023-12-01,FEI,9,13642479.0,1
2023-12-01,FIAT,61,7607.0,1
2023-12-01,FLEXUSD,21,166350245.0,2
2023-12-01,FRAX,6,649462237.0,16
2023-12-01,FUSD,63,5506993.0,1
2023-12-01,GHO,118,34707009.0,1
2023-12-01,GRAI,116,13650656.0,4
2023-12-01,GUSD,19,38919432.0,2
2023-12-01,HOME,60,6304061.0,1
2023-12-01,HUSD,17,222593860.0,5
2023-12-01,HYDT,142,24404.0,1
2023-12-01,HYUSD,144,3186931.0,2
2023-12-01,IST,135,653572.0,2
2023-12-01,IUSD,88,19206049.0,1
2023-12-01,KUSD,72,1367304.0,1
2023-12-01,LISUSD,79,22587113.0,1
2023-12-01,LUSD,8,177815954.0,7
2023-12-01,MIM,10,60709001.0,11
2023-12-01,MONEY,74,68090.0,1
2023-12-01,MUSD,26,4194341.0,3
2023-12-01,MyUSD,148,76603.0,1
2023-12-01,NEX,128,5177.0,2
2023-12-01,NOTE,78,18607554.0,1
2023-12-01,NUSD,18,9053503.0,10
2023-12-01,NXUSD,103,7492133.0,2
2023-12-01,OUSD,23,13956941.0,1
2023-12-01,PAI,16,17173748.0,1
2023-12-01,PINA,92,913471.0,1
2023-12-01,PUSD,62,2231333.0,1
2023-12-01,PYUSD,120,234087336.0,1
2023-12-01,R,115,10804388.0,2
2023-12-01,RSV,25,235438.0,2
2023-12-01,RUSD,90,38702.0,1
2023-12-01,SIGUSD,59,395958.0,1
2023-12-01,STAR,123,1711423.0,2
2023-12-01,STBL,38,200611.0,1
2023-12-01,SUSD,22,114607642.0,4
2023-12-01,SVUSD,130,432770.0,1
2023-12-01,TBILL,257,23992078.0,1
2023-12-01,TOR,29,17070482.0,1
2023-12-01,TUSD,7,2279874619.0,10
2023-12-01,USD+,46,12230372.0,8
2023-12-01,USDB,34,147529.0,1
2023-12-01,USDC,2,24019410268.0,57
2023-12-01,USDD,14,725332033.0,4
2023-12-01,USDH,65,2972883.0,1
2023-12-01,USDI,76,342172.0,1
2023-12-01,USDI,87,8132.0,1
2023-12-01,USDJ,37,62979013.0,1
2023-12-01,USDK,27,488710.0,4
2023-12-01,USDL,68,200577.0,2
2023-12-01,USDM,132,119639749.0,5
2023-12-01,USDN,12,76104232.0,4
2023-12-01,USDP,11,372639106.0,2
2023-12-01,USDP,33,2639837.0,4
2023-12-01,USDR,85,44877132.0,1
2023-12-01,USDS,31,18047728.0,4
2023-12-01,USDS,32,1028766.0,1
2023-12-01,USDT,1,91674881525.0,55
2023-12-01,USDT+,112,592255.0,2
2023-12-01,USDTZ,73,303967.0,1
2023-12-01,USDV,143,18373990.0,5
2023-12-01,USDW,83,99881.0,1
2023-12-01,USDX,42,24633146.0,1
2023-12-01,USDY,129,15639098.0,2
2023-12-01,USDe,146,84509889.0,1
2023-12-01,USH,57,94058.0,1
2023-12-01,USK,81,5128197.0,2
2023-12-01,USN,54,38439517.0,2
2023-12-01,USP,97,65437889.0,1
2023-12-01,USX,44,31234837.0,7
2023-12-01,USYC,237,44390310.0,1
2023-12-01,UUSD,75,12515167.0,1
2023-12-01,UXD,64,11084384.0,1
2023-12-01,VAI,28,4168168.0,1
2023-12-01,VST,71,1257021.0,1
2023-12-01,XAI,89,6672592.0,1
2023-12-01,YUSD,13,12050318.0,1
2023-12-01,ZUSD,43,19012301.0,2
2023-12-01,aSEED,45,2846324.0,1
2023-12-01,clevUSD,114,400417.0,1
2023-12-01,crvUSD,110,101829946.0,5
2023-12-01,d2O,108,124179.0,2
2023-12-01,eUSD,138,224304.0,2
2023-12-01,eUSD(v2),125,112384620.0,1
2023-12-01,mkUSD,126,162290171.0,1
2023-12-01,peUSD,124,28840456.0,2
2024-01-01,3USD,58,914759.0,1
2024-01-01,ALUSD,20,46651713.0,4
2024-01-01,ANONUSD,102,11439.0,1
2024-01-01,ARUSD,82,129721.0,1
2024-01-01,BAI,48,1261100.0,1
2024-01-01,BAOUSD,94,2308968.0,1
2024-01-01,BEAN,67,39980933.0,1
2024-01-01,BOB,84,78058.0,5
2024-01-01,BUCK,154,5668453.0,1
2024-01-01,BUSD,4,502081566.0,31
2024-01-01,BUSD,153,384565963.0,25
2024-01-01,CASH,99,1345413.0,1
2024-01-01,CASH,134,1018.0,1
2024-01-01,CUSD,24,29484477.0,4
2024-01-01,CUSD,96,48944.0,3
2024-01-01,CZUSD,107,697457.0,1
2024-01-01,DAI,5,4888965330.0,36
2024-01-01,DAI+,111,3118980.0,3
2024-01-01,DJED,93,3979132.0,1
2024-01-01,DOC,30,2762155.0,2
2024-01-01,DOLA,15,46023890.0,8
2024-01-01,DSU,100,5419676.0,2
2024-01-01,DUSD,70,2952239.0,1
2024-01-01,DUSD,104,283244.0,5
2024-01-01,ERN,117,2883129.0,1
2024-01-01,EUSD,106,17912631.0,1
2024-01-01,EUSD,109,8376415.0,1
2024-01-01,FDUSD,119,2168278951.0,2
2024-01-01,FEI,9,13485612.0,1
2024-01-01,FIAT,61,7607.0,1
2024-01-01,FLEXUSD,21,166350245.0,2
2024-01-01,FRAX,6,649462237.0,18
2024-01-01,FUSD,63,5405531.0,1
2024-01-01,GHO,118,34571525.0,1
2024-01-01,GRAI,116,12275076.0,4
2024-01-01,GUSD,19,37439788.0,2
2024-01-01,HOME,60,6301334.0,1
2024-01-01,HUSD,17,222593860.0,5
2024-01-01,HYDT,142,21756.0,1
2024-01-01,HYUSD,144,2566499.0,2
2024-01-01,IST,135,721109.0,2
2024-01-01,IUSD,88,18561159.0,1
2024-01-01,KUSD,72,1544742.0,1
2024-01-01,LISUSD,79,27822641.0,1
2024-01-01,LUSD,8,146975463.0,9
2024-01-01,MIM,10,61516952.0,11
2024-01-01,MONEY,74,55428.0,1
2024-01-01,MUSD,26,4157166.0,3
2024-01-01,MyUSD,148,135771.0,1
2024-01-01,NEX,128,5177.0,2
2024-01-01,NOTE,78,20074242.0,1
2024-01-01,NUSD,18,7308203.0,11
2024-01-01,NXUSD,103,7558912.0,2
2024-01-01,OUSD,23,13426473.0,1
2024-01-01,PAI,16,5173748.0,1
2024-01-01,PINA,92,913471.0,1
2024-01-01,PUSD,62,2645045.0,1
2024-01-01,PYUSD,120,269472806.0,1
2024-01-01,R,115,10795391.0,2
2024-01-01,RSV,25,235438.0,2
2024-01-01,RUSD,90,38702.0,1
2024-01-01,SCB,150,1609110.0,1
2024-01-01,SIGUSD,59,395958.0,1
2024-01-01,STAR,123,599466.0,2
2024-01-01,STBL,38,200611.0,1
2024-01-01,SUSD,22,104209929.0,4
2024-01-01,SVUSD,130,400924.0,1
2024-01-01,TBILL,257,24369961.0,1
2024-01-01,TOR,29,17070482.0,1
2024-01-01,TUSD,7,1458282093.0,10
2024-01-01,USD+,46,13689075.0,8
2024-01-01,USDB,34,147529.0,1
2024-01-01,USDC,2,25600726613.0,59
2024-01-01,USDD,14,725332035.0,4
2024-01-01,USDGLO,155,2314083.0,6
2024-01-01,USDH,65,2332645.0,1
2024-01-01,USDI,76,338580.0,1
2024-01-01,USDI,87,8132.0,1
2024-01-01,USDJ,37,63004764.0,1
2024-01-01,USDK,27,488710.0,4
2024-01-01,USDL,68,206333.0,2
2024-01-01,USDL,152,28592813.0,1
2024-01-01,USDM,132,154563285.0,5
2024-01-01,USDN,12,85507807.0,4
2024-01-01,USDP,11,352851006.0,2
2024-01-01,USDP,33,2639837.0,4
2024-01-01,USDR,85,44877188.0,1
2024-01-01,USDS,31,18047728.0,4
2024-01-01,USDS,32,796066.0,1
2024-01-01,USDS,149,110069.0,2
2024-01-01,USDT,1,96169854803.0,59
2024-01-01,USDT+,112,475233.0,2
2024-01-01,USDTZ,73,294967.0,1
2024-01-01,USDV,143,21312081.0,7
2024-01-01,USDW,83,99881.0,1
2024-01-01,USDX,42,23439891.0,1
2024-01-01,USDY,129,18397133.0,2
2024-01-01,USDe,146,135590811.0,1
2024-01-01,USH,57,66144.0,1
2024-01-01,USK,81,6004455.0,2
2024-01-01,USN,54,38439517.0,2
2024-01-01,USP,97,65437889.0,1
2024-01-01,USX,44,31613002.0,7
2024-01-01,USYC,237,42945701.0,1
2024-01-01,UUSD,75,12496208.0,1
2024-01-01,UXD,64,9849419.0,1
2024-01-01,VAI,28,6169395.0,1
2024-01-01,VST,71,990107.0,1
2024-01-01,XAI,89,6277731.0,1
2024-01-01,YUSD,13,12014126.0,1
2024-01-01,ZUSD,43,19012425.0,2
2024-01-01,aSEED,45,2842050.0,1
2024-01-01,clevUSD,114,393410.0,1
2024-01-01,crvUSD,110,105298761.0,6
2024-01-01,d2O,108,145921.0,2
2024-01-01,eUSD,138,224304.0,2
2024-01-01,eUSD(v2),125,83766070.0,1
2024-01-01,mkUSD,126,132224404.0,1
2024-01-01,peUSD,124,25259054.0,2
2024-01-01,zkUSD,151,1386137.0,1
2024-02-01,3USD,58,913988.0,1
2024-02-01,ALUSD,20,45488596.0,4
2024-02-01,ANONUSD,102,11439.0,1
2024-02-01,ARUSD,82,129721.0,1
2024-02-01,BAI,48,1233170.0,1
2024-02-01,BAOUSD,94,2700108.0,1
2024-02-01,BEAN,67,45821343.0,1
2024-02-01,BOB,84,77913.0,5
2024-02-01,BUCK,154,6446882.0,1
2024-02-01,BUSD,4,84511464.0,10
2024-02-01,BUSD,153,355675713.0,25
2024-02-01,CASH,99,870966.0,1
2024-02-01,CASH,134,1019.0,1
2024-02-01,CUSD,24,39756434.0,4
2024-02-01,CUSD,96,46122.0,3
2024-02-01,CZUSD,107,708210.0,1
2024-02-01,DAI,5,4918653400.0,36
2024-02-01,DAI+,111,1882951.0,3
2024-02-01,DJED,93,3615422.0,1
2024-02-01,DLLR,160,4298710.0,1
2024-02-01,DOC,30,3253569.0,2
2024-02-01,DOLA,15,45181590.0,8
2024-02-01,DSU,100,5150444.0,2
2024-02-01,DUSD,70,2952324.0,1
2024-02-01,DUSD,104,227857.0,5
2024-02-01,ERN,117,2516558.0,1
2024-02-01,EUSD,106,18014000.0,1
2024-02-01,EUSD,109,4162988.0,1
2024-02-01,FDUSD,119,2929647853.0,2
2024-02-01,FEI,9,14631950.0,1
2024-02-01,FIAT,61,7607.0,1
2024-02-01,FLEXUSD,21,166350245.0,2
2024-02-01,FRAX,6,649462237.0,18
2024-02-01,FUSD,63,5282760.0,1
2024-02-01,GHO,118,34429886.0,1
2024-02-01,GRAI,116,8973323.0,4
2024-02-01,GUSD,19,145289397.0,2
2024-02-01,HOME,60,6298355.0,1
2024-02-01,HUSD,17,222593860.0,5
2024-02-01,HYDT,142,22090.0,1
2024-02-01,HYUSD,144,2980975.0,2
2024-02-01,IST,135,1318186.0,2
2024-02-01,IUSD,88,19761484.0,1
2024-02-01,KUSD,72,1290986.0,1
2024-02-01,LISUSD,79,57199617.0,1
2024-02-01,LUSD,8,144734708.0,9
2024-02-01,MIM,10,58391396.0,11
2024-02-01,MONEY,74,60584.0,1
2024-02-01,MUSD,26,4153807.0,3
2024-02-01,MyUSD,148,200646.0,1
2024-02-01,NEX,128,5177.0,2
2024-02-01,NOTE,78,11398685.0,1
2024-02-01,NUSD,18,8662309.0,11
2024-02-01,NXUSD,103,7351153.0,2
2024-02-01,OUSD,23,12666679.0,1
2024-02-01,PAI,16,5173747.0,1
2024-02-01,PINA,92,913471.0,1
2024-02-01,PUSD,62,5360156.0,1
2024-02-01,PYUSD,120,274014969.0,1
2024-02-01,R,115,10740865.0,2
2024-02-01,RSV,25,221657.0,2
2024-02-01,RUSD,90,38702.0,1
2024-02-01,SCB,150,1508859.0,1
2024-02-01,SIGUSD,59,395958.0,1
2024-02-01,STAR,123,654798.0,2
2024-02-01,STBL,38,200511.0,1
2024-02-01,SUSD,22,86937050.0,4
2024-02-01,SVUSD,130,498462.0,1
2024-02-01,TBILL,257,22438198.0,2
2024-02-01,TOR,29,17070481.0,1
2024-02-01,TUSD,7,1258280087.0,10
2024-02-01,ULTRA,163,14035303.0,1
2024-02-01,USD+,46,14088608.0,8
2024-02-01,USDB,34,147529.0,1
2024-02-01,USDB,172,293.0,1
2024-02-01,USDC,2,27337439575.0,61
2024-02-01,USDD,14,737891406.0,4
2024-02-01,USDGLO,155,2469409.0,6
2024-02-01,USDH,65,2869583.0,1
2024-02-01,USDI,76,324653.0,1
2024-02-01,USDI,87,8132.0,1
2024-02-01,USDJ,37,62995035.0,1
2024-02-01,USDK,27,488710.0,4
2024-02-01,USDL,68,206333.0,2
2024-02-01,USDL,152,32155611.0,1
2024-02-01,USDM,132,152246457.0,5
2024-02-01,USDN,12,74722400.0,4
2024-02-01,USDP,11,207754731.0,2
2024-02-01,USDP,33,2638610.0,4
2024-02-01,USDR,85,44876731.0,1
2024-02-01,USDRIF,159,790245.0,1
2024-02-01,USDS,31,18047728.0,4
2024-02-01,USDS,32,987588.0,1
2024-02-01,USDS,149,110059.0,2
2024-02-01,USDT,1,98678321015.0,61
2024-02-01,USDT+,112,411267.0,2
2024-02-01,USDTZ,73,294967.0,1
2024-02-01,USDV,143,23714941.0,7
2024-02-01,USDW,83,1444852.0,1
2024-02-01,USDX,42,25848717.0,1
2024-02-01,USDY,129,22136651.0,2
2024-02-01,USDe,146,519514619.0,1
2024-02-01,USH,57,58698.0,1
2024-02-01,USK,81,7591374.0,2
2024-02-01,USN,54,38439517.0,2
2024-02-01,USP,97,65437889.0,1
2024-02-01,USX,44,32103857.0,7
2024-02-01,USYC,237,42888418.0,1
2024-02-01,UUSD,75,12597745.0,1
2024-02-01,UXD,64,9068975.0,1
2024-02-01,VAI,28,5542869.0,1
2024-02-01,VST,71,882833.0,1
2024-02-01,XAI,89,6090682.0,1
2024-02-01,XUSD,162,2122507.0,1
2024-02-01,YUSD,13,12045253.0,1
2024-02-01,ZUSD,43,19017832.0,3
2024-02-01,aSEED,45,2839378.0,1
2024-02-01,cgUSD,166,3626125.0,1
2024-02-01,clevUSD,114,136768.0,1
2024-02-01,crvUSD,110,155662373.0,7
2024-02-01,d2O,108,90996.0,2
2024-02-01,eUSD,138,226767.0,3
2024-02-01,eUSD(v2),125,40637579.0,1
2024-02-01,mkUSD,126,93370457.0,1
2024-02-01,peUSD,124,4986235.0,2
2024-02-01,zkUSD,151,1244186.0,1
2024-03-01,3USD,58,635883.0,1
2024-03-01,ALUSD,20,45154521.0,4
2024-03-01,ANONUSD,102,11439.0,1
2024-03-01,ARUSD,82,129721.0,1
2024-03-01,BAI,48,1134178.0,1
2024-03-01,BAOUSD,94,2700108.0,1
2024-03-01,BEAN,67,46296542.0,1
2024-03-01,BOB,84,75665.0,5
2024-03-01,BUCK,154,7107140.0,1
2024-03-01,BUIDL,173,274807253.0,1
2024-03-01,BUSD,4,84511464.0,10
2024-03-01,BUSD,153,356165075.0,25
2024-03-01,CASH,99,634476.0,1
2024-03-01,CASH,134,1019.0,1
2024-03-01,CUSD,24,38970074.0,4
2024-03-01,CUSD,96,45616.0,3
2024-03-01,CZUSD,107,690411.0,1
2024-03-01,DAI,5,4828051345.0,36
2024-03-01,DAI+,111,825919.0,3
2024-03-01,DJED,93,3392920.0,1
2024-03-01,DLLR,160,4961719.0,1
2024-03-01,DOC,30,2350671.0,2
2024-03-01,DOLA,15,83907482.0,8
2024-03-01,DSU,100,3866057.0,2
2024-03-01,DUSD,70,2952324.0,1
2024-03-01,DUSD,104,242470.0,5
2024-03-01,ERN,117,2293681.0,1
2024-03-01,EUSD,106,22679951.0,1
2024-03-01,EUSD,109,3789085.0,1
2024-03-01,FDUSD,119,2173955537.0,2
2024-03-01,FEI,9,15471972.0,1
2024-03-01,FIAT,61,7607.0,1
2024-03-01,FLEXUSD,21,166350245.0,2
2024-03-01,FRAX,6,392167023.0,18
2024-03-01,FUSD,63,19668901.0,1
2024-03-01,GAI,169,145452.0,1
2024-03-01,GHO,118,41245639.0,1
2024-03-01,GRAI,116,6183606.0,4
2024-03-01,GUSD,19,130655647.0,2
2024-03-01,HAI,171,1455088.0,1
2024-03-01,HOME,60,6296974.0,1
2024-03-01,HUSD,17,222593861.0,5
2024-03-01,HYDT,142,24007.0,1
2024-03-01,HYUSD,144,5363902.0,2
2024-03-01,IST,135,1392271.0,2
2024-03-01,IUSD,88,21946474.0,1
2024-03-01,KUSD,72,1373613.0,1
2024-03-01,LISUSD,79,68017727.0,1
2024-03-01,LUSD,8,124859640.0,9
2024-03-01,MIM,10,59413088.0,12
2024-03-01,MONEY,74,61412.0,1
2024-03-01,MUSD,26,4099433.0,3
2024-03-01,MyUSD,148,267836.0,1
2024-03-01,NEX,128,5177.0,2
2024-03-01,NOTE,78,15149454.0,1
2024-03-01,NUSD,18,8853138.0,11
2024-03-01,NXUSD,103,7466911.0,2
2024-03-01,OUSD,23,10481099.0,1
2024-03-01,PAI,16,5173747.0,1
2024-03-01,PINA,92,913471.0,1
2024-03-01,PUSD,62,5326252.0,1
2024-03-01,PXDC,175,9565116.0,1
2024-03-01,PYUSD,120,158351953.0,1
2024-03-01,R,115,10722198.0,2
2024-03-01,RSV,25,221657.0,2
2024-03-01,RUSD,90,38702.0,1
2024-03-01,SCB,150,1508859.0,1
2024-03-01,SIGUSD,59,540282.0,1
2024-03-01,STAR,123,3365554.0,3
2024-03-01,STBL,38,200510.0,1
2024-03-01,SUSD,22,81392031.0,4
2024-03-01,SVUSD,130,503092.0,1
2024-03-01,TBILL,257,22012694.0,2
2024-03-01,TOR,29,17070481.0,1
2024-03-01,TUSD,7,464281087.0,10
2024-03-01,ULTRA,163,1406472.0,1
2024-03-01,USD+,46,41158007.0,8
2024-03-01,USDB,34,147529.0,1
2024-03-01,USDB,172,292399835.0,1
2024-03-01,USDC,2,31815689677.0,63
2024-03-01,USDCB,164,225200.0,1
2024-03-01,USDD,14,731886399.0,4
2024-03-01,USDGLO,155,2468802.0,6
2024-03-01,USDH,65,3480438.0,1
2024-03-01,USDI,76,201446.0,1
2024-03-01,USDI,87,8132.0,1
2024-03-01,USDJ,37,63003069.0,1
2024-03-01,USDK,27,488710.0,4
2024-03-01,USDL,68,206333.0,2
2024-03-01,USDL,152,16601425.0,1
2024-03-01,USDM,132,156082373.0,5
2024-03-01,USDN,12,75124607.0,4
2024-03-01,USDP,11,147734649.0,2
2024-03-01,USDP,33,2638610.0,4
2024-03-01,USDR,85,42777412.0,1
2024-03-01,USDRIF,159,1273476.0,1
2024-03-01,USDS,31,18047728.0,4
2024-03-01,USDS,32,762416.0,1
2024-03-01,USDS,149,110069.0,2
2024-03-01,USDT,1,104459259358.0,63
2024-03-01,USDT+,112,182083.0,2
2024-03-01,USDTZ,73,294967.0,1
2024-03-01,USDV,143,25132960.0,7
2024-03-01,USDW,83,1444852.0,1
2024-03-01,USDX,42,24841918.0,1
2024-03-01,USDX,214,68108.0,3
2024-03-01,USDY,129,46736912.0,2
2024-03-01,USDe,146,1532428087.0,1
2024-03-01,USH,57,52308.0,1
2024-03-01,USK,81,8801002.0,2
2024-03-01,USN,54,38439517.0,2
2024-03-01,USP,97,65437889.0,1
2024-03-01,USX,44,31279901.0,7
2024-03-01,USYC,237,42647501.0,1
2024-03-01,UUSD,75,11456686.0,1
2024-03-01,UXD,64,7526577.0,1
2024-03-01,VAI,28,5002233.0,1
2024-03-01,VST,71,634437.0,1
2024-03-01,XAI,89,5800314.0,1
2024-03-01,XUSD,162,2322456.0,1
2024-03-01,YUSD,13,11890774.0,1
2024-03-01,ZUSD,43,19073980.0,3
2024-03-01,aSEED,45,2836866.0,1
2024-03-01,cgUSD,166,9075660.0,1
2024-03-01,clevUSD,114,142090.0,1
2024-03-01,crvUSD,110,150535945.0,8
2024-03-01,d2O,108,34900.0,2
2024-03-01,eUSD,138,226767.0,3
2024-03-01,eUSD(v2),125,20122388.0,1
2024-03-01,fxUSD,168,11295319.0,1
2024-03-01,mkUSD,126,23993645.0,1
2024-03-01,peUSD,124,3814181.0,2
2024-03-01,rUSD,174,2500031.0,1
2024-03-01,zkUSD,151,1088089.0,1
2024-04-01,3USD,58,495942.0,1
2024-04-01,ALUSD,20,42295098.0,4
2024-04-01,ANONUSD,102,10803.0,1
2024-04-01,ARUSD,82,129721.0,1
2024-04-01,BAI,48,1071756.0,1
2024-04-01,BAOUSD,94,2498870.0,1
2024-04-01,BEAN,67,46444985.0,1
2024-04-01,BOB,84,71571.0,5
2024-04-01,BREAD,180,255345.0,1
2024-04-01,BUCK,154,15959015.0,1
2024-04-01,BUIDL,173,375057330.0,1
2024-04-01,BUSD,4,70511463.0,10
2024-04-01,BUSD,153,357045594.0,25
2024-04-01,BtcUSD,183,3943069.0,1
2024-04-01,CASH,99,586582.0,1
2024-04-01,CASH,134,1020.0,1
2024-04-01,CUSD,24,37137618.0,4
2024-04-01,CUSD,96,45616.0,3
2024-04-01,CZUSD,107,635469.0,1
2024-04-01,DAI,5,5198338331.0,37
2024-04-01,DAI+,111,869708.0,3
2024-04-01,DJED,93,2970894.0,1
2024-04-01,DLLR,160,4395875.0,1
2024-04-01,DOC,30,1649316.0,2
2024-04-01,DOLA,15,111302576.0,8
2024-04-01,DSU,100,2862023.0,2
2024-04-01,DUSD,70,2952324.0,1
2024-04-01,DUSD,104,203208.0,5
2024-04-01,ERN,117,1558335.0,1
2024-04-01,EUSD,106,22660985.0,1
2024-04-01,EUSD,109,2472992.0,1
2024-04-01,FDUSD,119,3941764447.0,2
2024-04-01,FEI,9,15733759.0,1
2024-04-01,FIAT,61,7607.0,1
2024-04-01,FLEXUSD,21,166350245.0,2
2024-04-01,FRAX,6,380817295.0,19
2024-04-01,FUSD,63,19662278.0,1
2024-04-01,FXD,176,2821696.0,1
2024-04-01,GAI,169,192856.0,1
2024-04-01,GHO,118,49012604.0,1
2024-04-01,GRAI,116,4377031.0,4
2024-04-01,GUSD,19,94926092.0,2
2024-04-01,GYD,185,20013109.0,2
2024-04-01,HAI,171,1495993.0,1
2024-04-01,HOME,60,6294902.0,1
2024-04-01,HUSD,17,222593861.0,5
2024-04-01,HYDT,142,24141.0,1
2024-04-01,HYUSD,144,10142174.0,2
2024-04-01,IST,135,1375220.0,2
2024-04-01,IUSD,88,17860712.0,1
2024-04-01,KUSD,72,1189378.0,1
2024-04-01,LISUSD,79,51055799.0,1
2024-04-01,LUSD,8,111651212.0,9
2024-04-01,MIM,10,56010298.0,12
2024-04-01,MONEY,74,41990.0,1
2024-04-01,MUSD,26,4136056.0,3
2024-04-01,MyUSD,148,190942.0,1
2024-04-01,NEX,128,5177.0,2
2024-04-01,NOTE,78,11542412.0,1
2024-04-01,NUSD,18,8416143.0,11
2024-04-01,NXUSD,103,7473159.0,2
2024-04-01,OUSD,23,8537673.0,1
2024-04-01,PAI,16,5173746.0,1
2024-04-01,PINA,92,913471.0,1
2024-04-01,PUSD,62,4953101.0,1
2024-04-01,PXDC,175,4951148.0,1
2024-04-01,PYUSD,120,166829598.0,1
2024-04-01,R,115,10722198.0,2
2024-04-01,RSV,25,221657.0,2
2024-04-01,RUSD,90,38702.0,1
2024-04-01,SCB,150,1406785.0,1
2024-04-01,SIGUSD,59,386971.0,1
2024-04-01,STAR,123,2909315.0,3
2024-04-01,STBL,38,200278.0,1
2024-04-01,SUSD,22,81336925.0,4
2024-04-01,SVUSD,130,411631.0,1
2024-04-01,TBILL,257,29426787.0,2
2024-04-01,TOR,29,17070481.0,1
2024-04-01,TUSD,7,479526087.0,10
2024-04-01,ULTRA,163,2067617.0,1
2024-04-01,UNO,177,328058.0,1
2024-04-01,USD+,46,54183343.0,9
2024-04-01,USD3,178,3056647.0,1
2024-04-01,USDB,34,147529.0,1
2024-04-01,USDB,172,330432688.0,1
2024-04-01,USDC,2,32608795042.0,64
2024-04-01,USDCB,164,225200.0,1
2024-04-01,USDD,14,725332033.0,4
2024-04-01,USDGLO,155,2404098.0,6
2024-04-01,USDH,65,2890809.0,1
2024-04-01,USDI,76,188804.0,1
2024-04-01,USDI,87,8132.0,1
2024-04-01,USDJ,37,63085166.0,1
2024-04-01,USDK,27,488710.0,4
2024-04-01,USDL,68,206333.0,2
2024-04-01,USDL,152,16849933.0,1
2024-04-01,USDL,244,1069.0,1
2024-04-01,USDM,132,51989847.0,5
2024-04-01,USDN,12,75238968.0,4
2024-04-01,USDP,11,148253495.0,2
2024-04-01,USDP,33,2638610.0,4
2024-04-01,USDR,85,42777421.0,1
2024-04-01,USDRIF,159,1194136.0,1
2024-04-01,USDS,31,18047728.0,4
2024-04-01,USDS,32,742389.0,1
2024-04-01,USDS,149,109858.0,2
2024-04-01,USDT,1,110553995637.0,64
2024-04-01,USDT+,112,6573896.0,3
2024-04-01,USDTZ,73,279967.0,1
2024-04-01,USDV,143,22388509.0,7
2024-04-01,USDW,83,1444852.0,1
2024-04-01,USDX,42,23824411.0,1
2024-04-01,USDX,214,73421.0,3
2024-04-01,USDY,129,94281612.0,2
2024-04-01,USDe,146,2345859065.0,1
2024-04-01,USH,57,52308.0,1
2024-04-01,USK,81,7091704.0,2
2024-04-01,USN,54,38439517.0,2
2024-04-01,USP,97,65437889.0,1
2024-04-01,USX,44,16107429.0,7
2024-04-01,USYC,237,40608130.0,1
2024-04-01,UUSD,75,11570547.0,1
2024-04-01,UXD,64,9598506.0,1
2024-04-01,VAI,28,5115918.0,1
2024-04-01,VST,71,763649.0,1
2024-04-01,WEN,184,1449480.0,1
2024-04-01,XAI,89,3706643.0,1
2024-04-01,XUSD,162,2233619.0,1
2024-04-01,YUSD,13,11916357.0,1
2024-04-01,ZUSD,43,18934926.0,3
2024-04-01,aSEED,45,2836866.0,1
2024-04-01,cgUSD,166,14278601.0,1
2024-04-01,clevUSD,114,139736.0,1
2024-04-01,crvUSD,110,122010756.0,8
2024-04-01,d2O,108,13381.0,2
2024-04-01,eUSD,138,214410.0,3
2024-04-01,eUSD(v2),125,10425110.0,1
2024-04-01,fxUSD,168,12737323.0,1
2024-04-01,mkUSD,126,17915880.0,1
2024-04-01,peUSD,124,3539661.0,2
2024-04-01,rUSD,174,2882931.0,1
2024-04-01,zkUSD,151,1179587.0,1
2024-04-01,zunUSD,181,340697.0,1
2024-05-01,3USD,58,496040.0,1
2024-05-01,ALUSD,20,40377294.0,4
2024-05-01,ANONUSD,102,10803.0,1
2024-05-01,ARUSD,82,129721.0,1
2024-05-01,BAI,48,1035657.0,1
2024-05-01,BAOUSD,94,2498870.0,1
2024-05-01,BEAN,67,50360095.0,1
2024-05-01,BOB,84,72088.0,5
2024-05-01,BREAD,180,280572.0,1
2024-05-01,BUCK,154,18212015.0,1
2024-05-01,BUIDL,173,454090665.0,1
2024-05-01,BUSD,4,70511464.0,10
2024-05-01,BUSD,153,358968919.0,25
2024-05-01,BtcUSD,183,4045808.0,1
2024-05-01,CASH,99,382491.0,1
2024-05-01,CASH,134,1020.0,1
2024-05-01,CUSD,24,35648129.0,4
2024-05-01,CUSD,96,45517.0,3
2024-05-01,CZUSD,107,636504.0,1
2024-05-01,DAI,5,5263559987.0,37
2024-05-01,DAI+,111,908336.0,3
2024-05-01,DJED,93,2738118.0,1
2024-05-01,DLLR,160,4249191.0,1
2024-05-01,DOC,30,1944920.0,2
2024-05-01,DOLA,15,132327555.0,8
2024-05-01,DSU,100,2289125.0,2
2024-05-01,DUSD,70,2952324.0,1
2024-05-01,DUSD,104,186244.0,5
2024-05-01,ERN,117,1175385.0,1
2024-05-01,EUSD,106,21238283.0,3
2024-05-01,EUSD,109,2378673.0,1
2024-05-01,FDUSD,119,2540265884.0,2
2024-05-01,FEI,9,16417217.0,1
2024-05-01,FIAT,61,7607.0,1
2024-05-01,FLEXUSD,21,166350245.0,2
2024-05-01,FRAX,6,381923653.0,20
2024-05-01,FUSD,63,19651846.0,1
2024-05-01,FXD,176,3077176.0,1
2024-05-01,GAI,169,78990.0,1
2024-05-01,GHO,118,64943080.0,1
2024-05-01,GRAI,116,3128349.0,5
2024-05-01,GUSD,19,176153628.0,2
2024-05-01,GYD,185,22212994.0,2
2024-05-01,HAI,171,1743819.0,1
2024-05-01,HOME,60,6293272.0,1
2024-05-01,HUSD,17,222593861.0,5
2024-05-01,HYDT,142,27585.0,1
2024-05-01,HYUSD,144,7972457.0,2
2024-05-01,IST,135,1354666.0,2
2024-05-01,IUSD,88,13933666.0,1
2024-05-01,KNOX,187,405415.0,1
2024-05-01,KUSD,72,1182763.0,1
2024-05-01,LISUSD,79,64363449.0,1
2024-05-01,LUSD,8,112121793.0,9
2024-05-01,MIM,10,48480069.0,12
2024-05-01,MONEY,74,41990.0,1
2024-05-01,MUSD,26,4062386.0,3
2024-05-01,MyUSD,148,223088.0,1
2024-05-01,NEX,128,5177.0,2
2024-05-01,NOTE,78,12074497.0,1
2024-05-01,NUSD,18,8491615.0,12
2024-05-01,NXUSD,103,7469125.0,2
2024-05-01,OUSD,23,8103770.0,1
2024-05-01,PAI,16,5173745.0,1
2024-05-01,PINA,92,913471.0,1
2024-05-01,PUSD,62,5078438.0,1
2024-05-01,PXDC,175,2959920.0,1
2024-05-01,PYUSD,120,272348624.0,1
2024-05-01,R,115,10722198.0,2
2024-05-01,RSV,25,221657.0,2
2024-05-01,RUSD,90,38702.0,1
2024-05-01,SCB,150,1333785.0,1
2024-05-01,SIGUSD,59,390959.0,1
2024-05-01,STAR,123,2305829.0,3
2024-05-01,STBL,38,200278.0,1
2024-05-01,SUSD,22,67519087.0,4
2024-05-01,SVUSD,130,372836.0,1
2024-05-01,TBILL,257,31028190.0,2
2024-05-01,TOR,29,17070481.0,1
2024-05-01,TUSD,7,470585643.0,10
2024-05-01,ULTRA,163,1422290.0,1
2024-05-01,UNO,177,211757.0,1
2024-05-01,USC,188,23103208.0,1
2024-05-01,USC,193,1046275.0,1
2024-05-01,USD+,46,46804047.0,9
2024-05-01,USD0,195,21616466.0,1
2024-05-01,USD3,178,18760186.0,2
2024-05-01,USDA,192,23861608.0,1
2024-05-01,USDB,34,147529.0,1
2024-05-01,USDB,172,410638094.0,1
2024-05-01,USDC,2,32023906920.0,66
2024-05-01,USDCB,164,225200.0,1
2024-05-01,USDD,14,731736881.0,4
2024-05-01,USDGLO,155,2380542.0,6
2024-05-01,USDH,65,3036126.0,1
2024-05-01,USDI,76,139688.0,1
2024-05-01,USDI,87,8132.0,1
2024-05-01,USDJ,37,63107492.0,1
2024-05-01,USDK,27,488710.0,4
2024-05-01,USDL,68,206333.0,2
2024-05-01,USDL,152,14631637.0,1
2024-05-01,USDL,244,478675.0,1
2024-05-01,USDM,132,51544261.0,5
2024-05-01,USDN,12,408891347.0,4
2024-05-01,USDP,11,145732288.0,2
2024-05-01,USDP,33,2638610.0,4
2024-05-01,USDR,85,42777425.0,1
2024-05-01,USDRIF,159,1147440.0,1
2024-05-01,USDS,31,18047728.0,4
2024-05-01,USDS,32,682630.0,1
2024-05-01,USDS,149,109858.0,2
2024-05-01,USDT,1,111573708628.0,64
2024-05-01,USDT+,112,4995725.0,3
2024-05-01,USDTZ,73,279967.0,1
2024-05-01,USDV,143,19182799.0,7
2024-05-01,USDW,83,1444852.0,1
2024-05-01,USDX,42,24653939.0,1
2024-05-01,USDX,214,180500598.0,3
2024-05-01,USDY,129,175903291.0,5
2024-05-01,USDe,146,2971576105.0,1
2024-05-01,USDz,202,4650603.0,2
2024-05-01,USH,57,55725.0,1
2024-05-01,USK,81,6957893.0,2
2024-05-01,USN,54,38439517.0,2
2024-05-01,USP,97,65437889.0,1
2024-05-01,USX,44,15524533.0,8
2024-05-01,USYC,237,63475686.0,1
2024-05-01,UUSD,75,11757583.0,1
2024-05-01,UXD,64,8515231.0,1
2024-05-01,VAI,28,4912303.0,1
2024-05-01,VST,71,798312.0,1
2024-05-01,WEN,184,1588527.0,1
2024-05-01,XAI,89,3728501.0,1
2024-05-01,XUSD,162,2493351.0,1
2024-05-01,YUSD,13,11886355.0,1
2024-05-01,ZUSD,43,18842945.0,3
2024-05-01,aSEED,45,2836866.0,1
2024-05-01,bitUSD,191,8595911.0,1
2024-05-01,btcUSD,189,2152677.0,1
2024-05-01,cgUSD,166,15386010.0,1
2024-05-01,clevUSD,114,139736.0,1
2024-05-01,crvUSD,110,124976008.0,8
2024-05-01,d2O,108,12177.0,2
2024-05-01,eUSD,138,10208.0,3
2024-05-01,eUSD(v2),125,13396192.0,1
2024-05-01,fxUSD,168,13940677.0,1
2024-05-01,mkUSD,126,15009845.0,1
2024-05-01,peUSD,124,3655334.0,2
2024-05-01,rUSD,174,2345510.0,1
2024-05-01,rgUSD,190,4572163.0,3
2024-05-01,sLSD,121,404.0,1
2024-05-01,zkUSD,151,1175929.0,1
2024-05-01,zunUSD,181,893488.0,1
2024-06-01,3USD,58,495616.0,1
2024-06-01,ALUSD,20,37477104.0,4
2024-06-01,ANONUSD,102,10803.0,1
2024-06-01,ARUSD,82,129721.0,1
2024-06-01,BAI,48,1000399.0,1
2024-06-01,BAOUSD,94,2197983.0,1
2024-06-01,BEAN,67,50378953.0,1
2024-06-01,BOB,84,71322.0,5
2024-06-01,BREAD,180,284450.0,1
2024-06-01,BUCK,154,13831527.0,1
2024-06-01,BUIDL,173,483311326.0,1
2024-06-01,BUSD,4,70511463.0,10
2024-06-01,BUSD,153,359139469.0,25
2024-06-01,BtcUSD,183,4061550.0,1
2024-06-01,CASH,99,351107.0,1
2024-06-01,CASH,134,1020.0,1
2024-06-01,CUSD,24,35293349.0,4
2024-06-01,CUSD,96,45517.0,3
2024-06-01,CZUSD,107,642469.0,1
2024-06-01,DAI,5,5059898649.0,37
2024-06-01,DAI+,111,539970.0,3
2024-06-01,DJED,93,2999290.0,1
2024-06-01,DLLR,160,4143924.0,1
2024-06-01,DOC,30,1536792.0,2
2024-06-01,DOLA,15,151573509.0,8
2024-06-01,DSU,100,1677075.0,2
2024-06-01,DUSD,70,2952324.0,1
2024-06-01,DUSD,104,156087.0,5
2024-06-01,ERN,117,1101486.0,1
2024-06-01,EUSD,106,23102794.0,3
2024-06-01,EUSD,109,2346599.0,1
2024-06-01,FDUSD,119,1803771486.0,2
2024-06-01,FEI,9,16484287.0,1
2024-06-01,FIAT,61,7607.0,1
2024-06-01,FLEXUSD,21,166350245.0,2
2024-06-01,FRAX,6,385986943.0,20
2024-06-01,FUSD,63,18936996.0,1
2024-06-01,FXD,176,2827458.0,1
2024-06-01,GAI,169,71488.0,1
2024-06-01,GHO,118,88854763.0,1
2024-06-01,GRAI,116,6086205.0,5
2024-06-01,GUSD,19,115803336.0,1
2024-06-01,GYD,185,22212922.0,2
2024-06-01,HAI,171,1773880.0,1
2024-06-01,HOME,60,6293178.0,1
2024-06-01,HUSD,17,222593861.0,5
2024-06-01,HYDT,142,24465.0,1
2024-06-01,HYUSD,144,7306330.0,2
2024-06-01,IST,135,1315377.0,2
2024-06-01,IUSD,88,12359631.0,1
2024-06-01,KNOX,187,444285.0,1
2024-06-01,KUSD,72,1247868.0,1
2024-06-01,LISUSD,79,42266955.0,1
2024-06-01,LUSD,8,84164362.0,9
2024-06-01,M,213,41.0,1
2024-06-01,MIM,10,37155571.0,12
2024-06-01,MONEY,74,36905.0,1
2024-06-01,MUSD,26,3951842.0,3
2024-06-01,MyUSD,148,2128669.0,1
2024-06-01,NEX,128,5177.0,2
2024-06-01,NOTE,78,9520534.0,1
2024-06-01,NUSD,18,8976921.0,12
2024-06-01,NXUSD,103,7477962.0,2
2024-06-01,OUSD,23,7698105.0,1
2024-06-01,PAI,16,5173744.0,1
2024-06-01,PINA,92,913471.0,1
2024-06-01,PUSD,62,4631787.0,1
2024-06-01,PXDC,175,2016495.0,1
2024-06-01,PYUSD,120,499487565.0,2
2024-06-01,R,115,10725213.0,2
2024-06-01,RSV,25,221657.0,2
2024-06-01,RUSD,90,38702.0,1
2024-06-01,SCB,150,1333785.0,1
2024-06-01,SIGUSD,59,358911.0,1
2024-06-01,STAR,123,2337955.0,3
2024-06-01,STBL,38,200278.0,1
2024-06-01,SUSD,22,72265928.0,4
2024-06-01,SVUSD,130,358808.0,1
2024-06-01,TBILL,257,50229147.0,2
2024-06-01,TOR,29,17070481.0,1
2024-06-01,TUSD,7,485585651.0,10
2024-06-01,ULTRA,163,864813.0,1
2024-06-01,UNO,177,81869.0,1
2024-06-01,USC,188,23218577.0,1
2024-06-01,USC,193,863288.0,1
2024-06-01,USC,196,43305.0,2
2024-06-01,USD+,46,44763496.0,9
2024-06-01,USD0,195,62591351.0,1
2024-06-01,USD3,178,28159430.0,2
2024-06-01,USDA,192,31715146.0,1
2024-06-01,USDB,34,147529.0,1
2024-06-01,USDB,172,392117736.0,1
2024-06-01,USDC,2,31862932985.0,66
2024-06-01,USDCB,164,225200.0,1
2024-06-01,USDD,14,735213575.0,4
2024-06-01,USDGLO,155,2467941.0,6
2024-06-01,USDH,65,2987544.0,1
2024-06-01,USDI,76,77274.0,1
2024-06-01,USDI,87,8132.0,1
2024-06-01,USDJ,37,63078421.0,1
2024-06-01,USDK,27,488710.0,4
2024-06-01,USDL,68,206168.0,2
2024-06-01,USDL,152,13854144.0,1
2024-06-01,USDL,244,3354718.0,1
2024-06-01,USDM,132,47151548.0,5
2024-06-01,USDN,12,408891343.0,4
2024-06-01,USDP,11,121400340.0,2
2024-06-01,USDP,33,2638610.0,4
2024-06-01,USDR,85,42777425.0,1
2024-06-01,USDRIF,159,1068551.0,1
2024-06-01,USDS,31,18047728.0,4
2024-06-01,USDS,32,647282.0,1
2024-06-01,USDS,149,104756.0,2
2024-06-01,USDT,1,112747303788.0,65
2024-06-01,USDT+,112,5246667.0,3
2024-06-01,USDTZ,73,275714.0,1
2024-06-01,USDV,143,19404325.0,7
2024-06-01,USDW,83,1444852.0,1
2024-06-01,USDX,42,22754203.0,1
2024-06-01,USDX,214,181163130.0,3
2024-06-01,USDY,129,298303710.0,5
2024-06-01,USDe,146,3605240241.0,1
2024-06-01,USDz,202,19553451.0,2
2024-06-01,USH,57,57070.0,1
2024-06-01,USK,81,6939021.0,2
2024-06-01,USN,54,38439517.0,2
2024-06-01,USP,97,65437889.0,1
2024-06-01,USR,197,9228633.0,1
2024-06-01,USX,44,15033563.0,8
2024-06-01,USYC,237,108638638.0,1
2024-06-01,UUSD,75,11656630.0,1
2024-06-01,UXD,64,8144508.0,1
2024-06-01,VAI,28,3923826.0,1
2024-06-01,VST,71,727124.0,1
2024-06-01,WEN,184,1563741.0,1
2024-06-01,XAI,89,3733724.0,1
2024-06-01,XUSD,162,2015711.0,1
2024-06-01,YUSD,13,11863105.0,1
2024-06-01,ZUSD,43,18643015.0,3
2024-06-01,aSEED,45,2836866.0,1
2024-06-01,aUSD,198,598035.0,1
2024-06-01,bitUSD,191,8546375.0,1
2024-06-01,btcUSD,189,2943105.0,1
2024-06-01,cgUSD,166,26025999.0,1
2024-06-01,clevUSD,114,139736.0,1
2024-06-01,crvUSD,110,121943913.0,8
2024-06-01,d2O,108,11956.0,2
2024-06-01,eUSD,138,19939.0,2
2024-06-01,eUSD(v2),125,8891580.0,1
2024-06-01,fxUSD,168,20339113.0,1
2024-06-01,mkUSD,126,11128419.0,1
2024-06-01,peUSD,124,3298112.0,2
2024-06-01,rUSD,174,5056301.0,1
2024-06-01,rgUSD,190,3962355.0,3
2024-06-01,sLSD,121,404.0,1
2024-06-01,zkUSD,151,1179099.0,1
2024-06-01,zunUSD,181,934157.0,1
2024-07-01,3USD,58,495739.0,1
2024-07-01,ALUSD,20,37384629.0,4
2024-07-01,ANONUSD,102,10803.0,1
2024-07-01,ARUSD,82,129721.0,1
2024-07-01,AUSD,205,40144686.0,1
2024-07-01,BAI,48,983121.0,1
2024-07-01,BAOUSD,94,2248043.0,1
2024-07-01,BEAN,67,50399115.0,1
2024-07-01,BOB,84,72571.0,5
2024-07-01,BREAD,180,293128.0,1
2024-07-01,BUCK,154,10658455.0,1
2024-07-01,BUIDL,173,519026248.0,1
2024-07-01,BUSD,4,69511463.0,10
2024-07-01,BUSD,153,359184745.0,25
2024-07-01,BtcUSD,183,4095604.0,1
2024-07-01,CASH,99,317618.0,1
2024-07-01,CASH,134,1030.0,1
2024-07-01,CUSD,24,35111212.0,4
2024-07-01,CUSD,96,45517.0,3
2024-07-01,CZUSD,107,642988.0,1
2024-07-01,DAI,5,5211038903.0,40
2024-07-01,DAI+,111,940686.0,3
2024-07-01,DEUSD,210,67191255.0,1
2024-07-01,DJED,93,2967201.0,1
2024-07-01,DLLR,160,3882404.0,1
2024-07-01,DOC,30,1602624.0,2
2024-07-01,DOLA,15,144911415.0,8
2024-07-01,DSU,100,4608251.0,2
2024-07-01,DUSD,70,2952324.0,1
2024-07-01,DUSD,104,159108.0,5
2024-07-01,ERN,117,957781.0,1
2024-07-01,EUSD,106,23779329.0,3
2024-07-01,EUSD,109,840104.0,1
2024-07-01,FDUSD,119,1629865232.0,2
2024-07-01,FEI,9,16692872.0,1
2024-07-01,FIAT,61,7607.0,1
2024-07-01,FLEXUSD,21,166350245.0,2
2024-07-01,FRAX,6,393048550.0,20
2024-07-01,FUSD,63,18936996.0,1
2024-07-01,FXD,176,2757548.0,1
2024-07-01,GAI,169,49579.0,1
2024-07-01,GHO,118,102966556.0,1
2024-07-01,GRAI,116,5288177.0,7
2024-07-01,GUSD,19,102100054.0,1
2024-07-01,GYD,185,22212916.0,2
2024-07-01,HAI,171,1617346.0,1
2024-07-01,HEXDC,201,1004532.0,1
2024-07-01,HOME,60,6292384.0,1
2024-07-01,HUSD,17,222593861.0,5
2024-07-01,HYDT,142,25437.0,1
2024-07-01,HYUSD,144,7178842.0,2
2024-07-01,IST,135,1465613.0,2
2024-07-01,IUSD,88,11569438.0,1
2024-07-01,KNOX,187,673488.0,1
2024-07-01,KUSD,72,1166285.0,1
2024-07-01,LISUSD,79,39324404.0,1
2024-07-01,LUSD,8,82877604.0,10
2024-07-01,M,213,10006722.0,1
2024-07-01,MIM,10,37983313.0,12
2024-07-01,MONEY,74,36905.0,1
2024-07-01,MUSD,26,3895475.0,3
2024-07-01,MyUSD,148,2250086.0,1
2024-07-01,NEX,128,5177.0,2
2024-07-01,NOTE,78,8017397.0,1
2024-07-01,NUSD,18,8665295.0,12
2024-07-01,NXUSD,103,7442704.0,2
2024-07-01,OUSD,23,7348764.0,1
2024-07-01,PAI,16,4223744.0,1
2024-07-01,PINA,92,913471.0,1
2024-07-01,PUSD,62,3267965.0,1
2024-07-01,PXDC,175,1723720.0,1
2024-07-01,PYUSD,120,611689734.0,2
2024-07-01,R,115,10725213.0,2
2024-07-01,RSV,25,221657.0,2
2024-07-01,RUSD,90,38702.0,1
2024-07-01,SCB,150,1283689.0,1
2024-07-01,SIGUSD,59,329356.0,1
2024-07-01,STAR,123,1990482.0,3
2024-07-01,STBL,38,199976.0,1
2024-07-01,SUSD,22,44725289.0,4
2024-07-01,SVUSD,130,347945.0,1
2024-07-01,TBILL,257,80324727.0,2
2024-07-01,TOR,29,17070481.0,1
2024-07-01,TUSD,7,485085699.0,10
2024-07-01,ULTRA,163,340457.0,1
2024-07-01,UNO,177,76744.0,1
2024-07-01,USC,188,23117610.0,1
2024-07-01,USC,193,839562.0,1
2024-07-01,USC,196,53537.0,2
2024-07-01,USD+,46,53992921.0,9
2024-07-01,USD0,195,141327606.0,1
2024-07-01,USD3,178,35063787.0,2
2024-07-01,USDA,192,27310333.0,1
2024-07-01,USDB,34,147529.0,1
2024-07-01,USDB,172,336745072.0,1
2024-07-01,USDC,2,33076969850.0,70
2024-07-01,USDCB,164,225200.0,1
2024-07-01,USDD,14,742054961.0,4
2024-07-01,USDGLO,155,2381661.0,7
2024-07-01,USDH,65,3015883.0,1
2024-07-01,USDI,76,57838.0,1
2024-07-01,USDI,87,3743.0,1
2024-07-01,USDJ,37,63124945.0,1
2024-07-01,USDK,27,488710.0,4
2024-07-01,USDL,68,206067.0,2
2024-07-01,USDL,152,9669088.0,1
2024-07-01,USDL,244,8143497.0,1
2024-07-01,USDM,132,44752666.0,5
2024-07-01,USDN,12,408891339.0,4
2024-07-01,USDP,11,114399806.0,3
2024-07-01,USDP,33,2638610.0,4
2024-07-01,USDR,85,42777425.0,2
2024-07-01,USDRIF,159,1001243.0,1
2024-07-01,USDS,31,18047728.0,4
2024-07-01,USDS,32,1069635.0,1
2024-07-01,USDS,149,104320.0,2
2024-07-01,USDT,1,114432047430.0,69
2024-07-01,USDT+,112,8940542.0,3
2024-07-01,USDTZ,73,275714.0,1
2024-07-01,USDV,143,19485726.0,7
2024-07-01,USDW,83,1444852.0,1
2024-07-01,USDX,42,23078936.0,1
2024-07-01,USDX,214,181351450.0,3
2024-07-01,USDY,129,307659380.0,5
2024-07-01,USDe,146,3210124697.0,1
2024-07-01,USDz,202,33268868.0,4
2024-07-01,USH,57,57103.0,1
2024-07-01,USK,81,6436558.0,2
2024-07-01,USN,54,38439517.0,2
2024-07-01,USP,97,65437889.0,1
2024-07-01,USR,197,9334295.0,1
2024-07-01,USX,44,14675959.0,8
2024-07-01,USYC,237,156982187.0,1
2024-07-01,UUSD,75,11560853.0,1
2024-07-01,UXD,64,7651254.0,1
2024-07-01,VAI,28,4283145.0,1
2024-07-01,VST,71,740330.0,1
2024-07-01,WEN,184,1006894.0,1
2024-07-01,XAI,89,3741000.0,1
2024-07-01,XUSD,162,2071175.0,1
2024-07-01,YUSD,13,11860051.0,1
2024-07-01,ZUSD,43,18644117.0,5
2024-07-01,aSEED,45,2836866.0,1
2024-07-01,aUSD,198,1689742.0,1
2024-07-01,bitUSD,191,8905188.0,1
2024-07-01,btcUSD,189,3173493.0,1
2024-07-01,cUSD,203,1055.0,1
2024-07-01,cgUSD,166,33134975.0,1
2024-07-01,clevUSD,114,139736.0,1
2024-07-01,crvUSD,110,103353433.0,8
2024-07-01,d2O,108,11466.0,2
2024-07-01,eUSD,138,37104.0,2
2024-07-01,eUSD(v2),125,6861791.0,1
2024-07-01,fxUSD,168,15809727.0,1
2024-07-01,mkUSD,126,6193024.0,1
2024-07-01,peUSD,124,2963196.0,2
2024-07-01,rUSD,174,5458925.0,1
2024-07-01,rgUSD,190,1634301.0,3
2024-07-01,sLSD,121,404.0,1
2024-07-01,zkUSD,151,1179099.0,1
2024-07-01,zunUSD,181,2260966.0,1
2024-08-01,3USD,58,511249.0,1
2024-08-01,ALUSD,20,37296338.0,4
2024-08-01,ANONUSD,102,10803.0,1
2024-08-01,ARUSD,82,78372.0,1
2024-08-01,AUSD,205,57962878.0,2
2024-08-01,BAI,48,967873.0,1
2024-08-01,BAOUSD,94,2318043.0,1
2024-08-01,BEAN,67,50418027.0,1
2024-08-01,BNUSD,204,4274455.0,8
2024-08-01,BOB,84,44558.0,5
2024-08-01,BREAD,180,308260.0,1
2024-08-01,BUCK,154,7840943.0,1
2024-08-01,BUIDL,173,502545709.0,1
2024-08-01,BUSD,4,69511464.0,10
2024-08-01,BUSD,153,304416315.0,25
2024-08-01,BtcUSD,183,4086879.0,2
2024-08-01,CASH,99,308747.0,1
2024-08-01,CASH,134,1030.0,1
2024-08-01,CASH,206,252006.0,1
2024-08-01,CUSD,24,35845317.0,4
2024-08-01,CUSD,96,45517.0,3
2024-08-01,CZUSD,107,658180.0,1
2024-08-01,DAI,5,5250188561.0,40
2024-08-01,DAI+,111,694063.0,3
2024-08-01,DEUSD,210,124242871.0,1
2024-08-01,DJED,93,2739646.0,1
2024-08-01,DLLR,160,3399632.0,1
2024-08-01,DOC,30,1727662.0,2
2024-08-01,DOLA,15,147558866.0,8
2024-08-01,DSU,100,5003805.0,2
2024-08-01,DUSD,70,2952324.0,1
2024-08-01,DUSD,104,176809.0,5
2024-08-01,ERN,117,785996.0,1
2024-08-01,EUSD,106,25842455.0,3
2024-08-01,EUSD,109,484510.0,1
2024-08-01,FDUSD,119,2478163497.0,2
2024-08-01,FEI,9,6978777.0,1
2024-08-01,FIAT,61,7607.0,1
2024-08-01,FLEXUSD,21,166350245.0,2
2024-08-01,FRAX,6,367405916.0,20
2024-08-01,FUSD,63,18936996.0,1
2024-08-01,FXD,176,2716615.0,1
2024-08-01,GAI,169,43254.0,1
2024-08-01,GHO,118,121226673.0,1
2024-08-01,GRAI,116,4650824.0,7
2024-08-01,GUSD,19,95479080.0,1
2024-08-01,GYD,185,22214094.0,2
2024-08-01,HAI,171,886727.0,1
2024-08-01,HEXDC,201,667700.0,1
2024-08-01,HOME,60,6292001.0,1
2024-08-01,HUSD,17,222593861.0,5
2024-08-01,HYDT,142,26288.0,1
2024-08-01,HYUSD,144,7629954.0,2
2024-08-01,IST,135,1457484.0,2
2024-08-01,IUSD,88,9137277.0,1
2024-08-01,KNOX,187,1025325.0,1
2024-08-01,KUSD,72,1071767.0,1
2024-08-01,LISUSD,79,34571754.0,1
2024-08-01,LUSD,8,71098000.0,10
2024-08-01,M,213,42512860.0,1
2024-08-01,MIM,10,33931349.0,12
2024-08-01,MONEY,74,33912.0,1
2024-08-01,MUSD,26,3860059.0,3
2024-08-01,MyUSD,148,2284293.0,1
2024-08-01,NEX,128,5177.0,2
2024-08-01,NOTE,78,5401282.0,1
2024-08-01,NUSD,18,8244032.0,12
2024-08-01,NXUSD,103,7435671.0,2
2024-08-01,OUSD,23,6095738.0,1
2024-08-01,PAI,16,4223744.0,1
2024-08-01,PINA,92,913471.0,1
2024-08-01,PUSD,62,2254748.0,1
2024-08-01,PXDC,175,1457707.0,1
2024-08-01,PYUSD,120,908164708.0,2
2024-08-01,R,115,10725213.0,2
2024-08-01,RLUSD,250,200.0,1
2024-08-01,RSV,25,221657.0,2
2024-08-01,RUSD,90,38702.0,1
2024-08-01,SCB,150,1222763.0,1
2024-08-01,SIGUSD,59,320813.0,1
2024-08-01,STAR,123,1111932.0,3
2024-08-01,STBL,38,199976.0,1
2024-08-01,SUSD,22,60127031.0,4
2024-08-01,SVUSD,130,325388.0,1
2024-08-01,TBILL,257,94429509.0,2
2024-08-01,TOR,29,17070481.0,1
2024-08-01,TUSD,7,485485719.0,10
2024-08-01,ULTRA,163,226092.0,1
2024-08-01,UNO,177,74975.0,1
2024-08-01,USC,188,18305222.0,1
2024-08-01,USC,193,336331.0,1
2024-08-01,USC,196,48717.0,2
2024-08-01,USD+,46,65582880.0,9
2024-08-01,USD0,195,214828654.0,1
2024-08-01,USD3,178,55530430.0,2
2024-08-01,USDA,192,30546346.0,1
2024-08-01,USDB,34,147529.0,1
2024-08-01,USDB,172,273207915.0,1
2024-08-01,USDC,2,34502850798.0,72
2024-08-01,USDCB,164,225200.0,1
2024-08-01,USDD,14,752830076.0,4
2024-08-01,USDGLO,155,2467411.0,7
2024-08-01,USDH,65,2740223.0,1
2024-08-01,USDI,76,41826.0,1
2024-08-01,USDI,87,3743.0,1
2024-08-01,USDJ,37,63079607.0,1
2024-08-01,USDK,27,488710.0,4
2024-08-01,USDL,68,206067.0,2
2024-08-01,USDL,152,9279576.0,1
2024-08-01,USDL,244,29879567.0,1
2024-08-01,USDM,132,54183654.0,5
2024-08-01,USDN,12,408891334.0,4
2024-08-01,USDP,11,106634505.0,3
2024-08-01,USDP,33,2638610.0,4
2024-08-01,USDR,85,42777425.0,2
2024-08-01,USDRIF,159,975877.0,1
2024-08-01,USDS,31,18047728.0,4
2024-08-01,USDS,32,903108.0,1
2024-08-01,USDS,149,104320.0,2
2024-08-01,USDT,1,118197713025.0,71
2024-08-01,USDT+,112,7520547.0,3
2024-08-01,USDTZ,73,275714.0,1
2024-08-01,USDV,143,17559470.0,7
2024-08-01,USDW,83,1444852.0,1
2024-08-01,USDX,42,22478680.0,1
2024-08-01,USDX,214,181370280.0,3
2024-08-01,USDY,129,348949233.0,8
2024-08-01,USDe,146,2841583093.0,15
2024-08-01,USDz,202,30861990.0,4
2024-08-01,USH,57,56833.0,1
2024-08-01,USK,81,3157677.0,2
2024-08-01,USN,54,38439517.0,2
2024-08-01,USP,97,65437889.0,1
2024-08-01,USR,197,9410186.0,1
2024-08-01,USX,44,14614328.0,8
2024-08-01,USYC,237,227822122.0,1
2024-08-01,UUSD,75,11195117.0,1
2024-08-01,UXD,64,7299601.0,1
2024-08-01,VAI,28,4846244.0,1
2024-08-01,VST,71,774431.0,1
2024-08-01,WEN,184,1008062.0,1
2024-08-01,XAI,89,3711814.0,1
2024-08-01,XUSD,162,2007891.0,1
2024-08-01,YUSD,13,11860051.0,1
2024-08-01,ZUSD,43,18645118.0,5
2024-08-01,aSEED,45,2836866.0,1
2024-08-01,aUSD,198,1799570.0,1
2024-08-01,bitUSD,191,7497014.0,1
2024-08-01,btcUSD,189,3073917.0,1
2024-08-01,cUSD,203,995.0,1
2024-08-01,cgUSD,166,33303287.0,1
2024-08-01,clevUSD,114,139736.0,1
2024-08-01,crvUSD,110,76702377.0,8
2024-08-01,d2O,108,11466.0,2
2024-08-01,eUSD,138,32190.0,2
2024-08-01,eUSD(v2),125,5311416.0,1
2024-08-01,fxUSD,168,19802741.0,1
2024-08-01,mkUSD,126,4010178.0,1
2024-08-01,peUSD,124,2881481.0,2
2024-08-01,rUSD,174,2698177.0,1
2024-08-01,rUSD,217,508710.0,1
2024-08-01,rgUSD,190,448317.0,3
2024-08-01,sLSD,121,404.0,1
2024-08-01,zkUSD,151,1179099.0,1
2024-08-01,zunUSD,181,2262574.0,1
2024-09-01,3USD,58,511447.0,1
2024-09-01,ALUSD,20,37069064.0,4
2024-09-01,ANONUSD,102,10803.0,1
2024-09-01,ARUSD,82,78372.0,1
2024-09-01,AUSD,205,64318806.0,3
2024-09-01,BAI,48,953262.0,1
2024-09-01,BAOUSD,94,2318043.0,1
2024-09-01,BEAN,67,50474376.0,1
2024-09-01,BNUSD,204,4648640.0,8
2024-09-01,BOB,84,43987.0,5
2024-09-01,BREAD,180,311072.0,1
2024-09-01,BUCK,154,17005823.0,1
2024-09-01,BUIDL,173,513264247.0,1
2024-09-01,BUSD,4,69511465.0,10
2024-09-01,BUSD,153,304521526.0,26
2024-09-01,BtcUSD,183,4079983.0,2
2024-09-01,CASH,99,304662.0,1
2024-09-01,CASH,134,1030.0,1
2024-09-01,CASH,206,252026.0,1
2024-09-01,CUSD,24,37450019.0,4
2024-09-01,CUSD,96,45517.0,3
2024-09-01,CZUSD,107,658364.0,1
2024-09-01,DAI,5,5034511226.0,40
2024-09-01,DAI+,111,144110.0,3
2024-09-01,DCKUSD,208,60906.0,1
2024-09-01,DEUSD,210,145213533.0,1
2024-09-01,DJED,93,2699195.0,1
2024-09-01,DLLR,160,3104030.0,1
2024-09-01,DOC,30,1964650.0,2
2024-09-01,DOLA,15,152874089.0,8
2024-09-01,DSU,100,4982682.0,2
2024-09-01,DUSD,70,2952324.0,1
2024-09-01,DUSD,104,180364.0,5
2024-09-01,DYAD,207,15208850.0,1
2024-09-01,ERN,117,493642.0,1
2024-09-01,EUSD,106,25989473.0,3
2024-09-01,EUSD,109,484510.0,1
2024-09-01,FDUSD,119,2506012372.0,2
2024-09-01,FEI,9,7067538.0,1
2024-09-01,FIAT,61,7607.0,1
2024-09-01,FLEXUSD,21,166350245.0,2
2024-09-01,FRAX,6,353236562.0,21
2024-09-01,FUSD,63,18936996.0,1
2024-09-01,FXD,176,2758875.0,1
2024-09-01,GAI,169,43254.0,1
2024-09-01,GHO,118,152301130.0,1
2024-09-01,GRAI,116,4071844.0,7
2024-09-01,GUSD,19,75452618.0,1
2024-09-01,GYD,185,23218997.0,2
2024-09-01,HAI,171,1182675.0,1
2024-09-01,HEXDC,201,641543.0,1
2024-09-01,HOME,60,6292001.0,1
2024-09-01,HUSD,17,222593861.0,5
2024-09-01,HYDT,142,26662.0,1
2024-09-01,HYUSD,144,8455478.0,2
2024-09-01,IST,135,1362267.0,2
2024-09-01,IUSD,88,8989040.0,1
2024-09-01,KNOX,187,286638.0,1
2024-09-01,KUSD,72,1047033.0,1
2024-09-01,LISUSD,79,35877914.0,1
2024-09-01,LUSD,8,69499584.0,10
2024-09-01,M,213,42757856.0,1
2024-09-01,MIM,10,43886220.0,12
2024-09-01,MOD,212,15340241.0,1
2024-09-01,MONEY,74,31354.0,1
2024-09-01,MUSD,26,3856458.0,3
2024-09-01,MyUSD,148,2292433.0,1
2024-09-01,NEX,128,5177.0,2
2024-09-01,NOTE,78,4069643.0,1
2024-09-01,NUSD,18,7752522.0,12
2024-09-01,NXUSD,103,7445683.0,2
2024-09-01,OUSD,23,6126448.0,1
2024-09-01,PAI,16,4223744.0,1
2024-09-01,PINA,92,913471.0,1
2024-09-01,PUSD,62,2122208.0,1
2024-09-01,PXDC,175,1335153.0,1
2024-09-01,PYUSD,120,695599166.0,2
2024-09-01,R,115,10725213.0,2
2024-09-01,RLUSD,250,956028.0,1
2024-09-01,RSV,25,221657.0,2
2024-09-01,RUSD,90,38702.0,1
2024-09-01,SCB,150,30595.0,1
2024-09-01,SIGUSD,59,325610.0,1
2024-09-01,STAR,123,1125943.0,3
2024-09-01,STBL,38,199976.0,1
2024-09-01,SUSD,22,36476695.0,4
2024-09-01,SVUSD,130,324779.0,1
2024-09-01,TBILL,257,108874890.0,2
2024-09-01,THUSD,211,3277984.0,1
2024-09-01,TOR,29,17070481.0,1
2024-09-01,TUSD,7,485485719.0,10
2024-09-01,ULTRA,163,213392.0,1
2024-09-01,UNO,177,69748.0,1
2024-09-01,USC,188,18323778.0,1
2024-09-01,USC,193,319131.0,1
2024-09-01,USC,196,53544.0,2
2024-09-01,USD+,46,73488472.0,9
2024-09-01,USD0,195,265481940.0,1
2024-09-01,USD3,178,39366871.0,2
2024-09-01,USDA,192,31418096.0,1
2024-09-01,USDB,34,147529.0,1
2024-09-01,USDB,172,244269389.0,1
2024-09-01,USDC,2,35997573428.0,73
2024-09-01,USDCB,164,225200.0,1
2024-09-01,USDD,14,735987592.0,4
2024-09-01,USDGLO,155,2319340.0,7
2024-09-01,USDH,65,2732512.0,1
2024-09-01,USDI,76,41985.0,1
2024-09-01,USDI,87,3743.0,1
2024-09-01,USDJ,37,62556367.0,1
2024-09-01,USDK,27,488710.0,4
2024-09-01,USDL,68,205967.0,2
2024-09-01,USDL,152,9224988.0,1
2024-09-01,USDL,244,48140055.0,2
2024-09-01,USDM,132,56866481.0,5
2024-09-01,USDN,12,408891330.0,4
2024-09-01,USDP,11,106773218.0,3
2024-09-01,USDP,33,2638610.0,4
2024-09-01,USDR,85,42821707.0,2
2024-09-01,USDRIF,159,945757.0,1
2024-09-01,USDS,31,18047728.0,4
2024-09-01,USDS,32,888486.0,1
2024-09-01,USDS,149,104320.0,2
2024-09-01,USDS,209,613046336.0,1
2024-09-01,USDT,1,119591185151.0,74
2024-09-01,USDT+,112,4798122.0,3
2024-09-01,USDTZ,73,275714.0,1
2024-09-01,USDV,143,1521673.0,7
2024-09-01,USDW,83,1444852.0,1
2024-09-01,USDX,42,23049846.0,1
2024-09-01,USDX,214,181370261.0,3
2024-09-01,USDY,129,382352722.0,9
2024-09-01,USDe,146,2545181198.0,16
2024-09-01,USDz,202,47082442.0,4
2024-09-01,USH,57,51139.0,1
2024-09-01,USK,81,2735956.0,2
2024-09-01,USN,54,38439516.0,2
2024-09-01,USP,97,65437889.0,1
2024-09-01,USR,197,9317645.0,1
2024-09-01,USX,44,15309637.0,9
2024-09-01,USYC,237,277000241.0,1
2024-09-01,UUSD,75,11326381.0,1
2024-09-01,UXD,64,7298940.0,1
2024-09-01,VAI,28,5155403.0,1
2024-09-01,VST,71,758684.0,1
2024-09-01,WEN,184,1115367.0,1
2024-09-01,XAI,89,3728117.0,1
2024-09-01,XUSD,162,1996127.0,1
2024-09-01,YUSD,13,11862158.0,1
2024-09-01,ZUSD,43,18645009.0,5
2024-09-01,aSEED,45,2836866.0,1
2024-09-01,aUSD,198,2169019.0,1
2024-09-01,bitUSD,191,6970130.0,1
2024-09-01,btcUSD,189,3725133.0,1
2024-09-01,cUSD,203,995.0,1
2024-09-01,cgUSD,166,33916722.0,1
2024-09-01,clevUSD,114,139736.0,1
2024-09-01,crvUSD,110,61800845.0,10
2024-09-01,d2O,108,12365.0,2
2024-09-01,eUSD,138,27047.0,3
2024-09-01,eUSD(v2),125,5150075.0,1
2024-09-01,fxUSD,168,24909911.0,1
2024-09-01,mkUSD,126,3881957.0,1
2024-09-01,peUSD,124,2843172.0,2
2024-09-01,rUSD,174,2228181.0,1
2024-09-01,rUSD,217,10279037.0,1
2024-09-01,rgUSD,190,443812.0,3
2024-09-01,sLSD,121,404.0,1
2024-09-01,zkUSD,151,1179099.0,1
2024-09-01,zunUSD,181,2163968.0,1
2024-10-01,3USD,58,509962.0,1
2024-10-01,ALUSD,20,37119440.0,4
2024-10-01,ANONUSD,102,10803.0,1
2024-10-01,ARUSD,82,78372.0,1
2024-10-01,AUSD,205,62537765.0,4
2024-10-01,BAI,48,937979.0,1
2024-10-01,BAOUSD,94,2318043.0,1
2024-10-01,BEAN,67,33511155.0,1
2024-10-01,BNUSD,204,4763414.0,8
2024-10-01,BOB,84,40448.0,5
2024-10-01,BREAD,180,322586.0,1
2024-10-01,BUCK,154,20292400.0,1
2024-10-01,BUIDL,173,523537034.0,1
2024-10-01,BUSD,4,68223497.0,10
2024-10-01,BUSD,153,304614227.0,26
2024-10-01,BtcUSD,183,4002044.0,2
2024-10-01,CASH,99,154001.0,1
2024-10-01,CASH,134,1030.0,1
2024-10-01,CUSD,24,28804334.0,4
2024-10-01,CUSD,96,45517.0,3
2024-10-01,CZUSD,107,658448.0,1
2024-10-01,DAI,5,4923684761.0,40
2024-10-01,DAI+,111,74462.0,3
2024-10-01,DCKUSD,208,42344.0,1
2024-10-01,DEUSD,210,153405814.0,1
2024-10-01,DJED,93,1798869.0,1
2024-10-01,DLLR,160,2714815.0,1
2024-10-01,DOC,30,2109450.0,2
2024-10-01,DOLA,15,206777352.0,8
2024-10-01,DSU,100,4523981.0,2
2024-10-01,DUSD,70,2952324.0,1
2024-10-01,DUSD,104,109991.0,5
2024-10-01,DYAD,207,13034182.0,1
2024-10-01,ERN,117,451851.0,1
2024-10-01,EUSD,106,23595862.0,3
2024-10-01,EUSD,109,464249.0,1
2024-10-01,FDUSD,119,2227925328.0,2
2024-10-01,FEI,9,7091405.0,1
2024-10-01,FIAT,61,7607.0,1
2024-10-01,FLEXUSD,21,166350245.0,2
2024-10-01,FRAX,6,362695584.0,21
2024-10-01,FUSD,63,18936996.0,1
2024-10-01,FXD,176,2789899.0,1
2024-10-01,GAI,169,14918.0,1
2024-10-01,GHO,118,172191527.0,1
2024-10-01,GRAI,116,3490810.0,7
2024-10-01,GUSD,19,67440470.0,1
2024-10-01,GYD,185,24222352.0,2
2024-10-01,HAI,171,1217519.0,1
2024-10-01,HEXDC,201,725624.0,1
2024-10-01,HOME,60,6292001.0,1
2024-10-01,HUSD,17,222593861.0,5
2024-10-01,HYDT,142,88418.0,1
2024-10-01,HYUSD,144,9518042.0,2
2024-10-01,IST,135,1350966.0,2
2024-10-01,IUSD,88,8746631.0,1
2024-10-01,KNOX,187,124835.0,1
2024-10-01,KUSD,72,1049884.0,1
2024-10-01,LISUSD,79,40912823.0,1
2024-10-01,LUSD,8,69681602.0,10
2024-10-01,LVLUSD,229,432430.0,1
2024-10-01,M,213,71914150.0,1
2024-10-01,MIM,10,58131745.0,12
2024-10-01,MOD,212,18463828.0,1
2024-10-01,MONEY,74,31354.0,1
2024-10-01,MUSD,26,3838159.0,3
2024-10-01,MyUSD,148,2292433.0,1
2024-10-01,NEX,128,5177.0,2
2024-10-01,NOTE,78,3497512.0,1
2024-10-01,NUSD,18,8796307.0,12
2024-10-01,NXUSD,103,7422092.0,2
2024-10-01,OUSD,23,6168456.0,1
2024-10-01,PAI,16,4223744.0,1
2024-10-01,PINA,92,913471.0,1
2024-10-01,PUSD,62,1621326.0,1
2024-10-01,PXDC,175,1215018.0,1
2024-10-01,PYUSD,120,579080492.0,2
2024-10-01,R,115,10722183.0,2
2024-10-01,RLUSD,250,48708367.0,1
2024-10-01,RSV,25,221657.0,2
2024-10-01,RUSD,90,38702.0,1
2024-10-01,SCB,150,28793.0,1
2024-10-01,SIGUSD,59,307761.0,1
2024-10-01,STAR,123,1146423.0,3
2024-10-01,STBL,38,199976.0,1
2024-10-01,SUSD,22,29919641.0,4
2024-10-01,SVUSD,130,324553.0,1
2024-10-01,TBILL,257,135134968.0,2
2024-10-01,THUSD,211,2211519.0,1
2024-10-01,TOR,29,17070481.0,1
2024-10-01,TUSD,7,485485719.0,10
2024-10-01,ULTRA,163,230486.0,1
2024-10-01,USC,188,18272192.0,1
2024-10-01,USC,193,230869.0,1
2024-10-01,USC,196,53559.0,2
2024-10-01,USD+,46,37516605.0,9
2024-10-01,USD0,195,370052967.0,1
2024-10-01,USD3,178,45397295.0,2
2024-10-01,USDA,192,28545644.0,1
2024-10-01,USDB,34,147529.0,1
2024-10-01,USDB,172,205033951.0,1
2024-10-01,USDC,2,34772535402.0,73
2024-10-01,USDCB,164,225200.0,1
2024-10-01,USDD,14,754823503.0,4
2024-10-01,USDGLO,155,3696137.0,7
2024-10-01,USDH,65,2329926.0,1
2024-10-01,USDI,76,38035.0,1
2024-10-01,USDI,87,3743.0,1
2024-10-01,USDJ,37,62577239.0,1
2024-10-01,USDK,27,488710.0,4
2024-10-01,USDL,68,205967.0,2
2024-10-01,USDL,152,9122727.0,1
2024-10-01,USDL,244,48317953.0,2
2024-10-01,USDM,132,59354924.0,5
2024-10-01,USDM,215,7648477.0,1
2024-10-01,USDN,12,408891327.0,4
2024-10-01,USDP,11,108973711.0,3
2024-10-01,USDP,33,2638610.0,4
2024-10-01,USDR,85,44236730.0,2
2024-10-01,USDRIF,159,884840.0,1
2024-10-01,USDS,31,18047728.0,4
2024-10-01,USDS,32,840674.0,1
2024-10-01,USDS,149,104320.0,2
2024-10-01,USDS,209,1039532056.0,1
2024-10-01,USDT,1,120512423812.0,74
2024-10-01,USDT+,112,2839690.0,3
2024-10-01,USDTZ,73,262520.0,1
2024-10-01,USDV,143,827014.0,7
2024-10-01,USDW,83,1444852.0,1
2024-10-01,USDX,42,23187774.0,1
2024-10-01,USDX,214,181442955.0,3
2024-10-01,USDY,129,417398872.0,9
2024-10-01,USDe,146,2717478271.0,16
2024-10-01,USDz,202,81329045.0,4
2024-10-01,USH,57,51139.0,1
2024-10-01,USK,81,2619283.0,2
2024-10-01,USN,54,38439517.0,2
2024-10-01,USP,97,65437889.0,1
2024-10-01,USR,197,9129044.0,1
2024-10-01,USX,44,15203939.0,9
2024-10-01,USYC,237,373355249.0,1
2024-10-01,UUSD,75,11365230.0,1
2024-10-01,UXD,64,712563.0,1
2024-10-01,VAI,28,4344609.0,1
2024-10-01,VST,71,742725.0,1
2024-10-01,WEN,184,1112542.0,1
2024-10-01,XAI,89,3730172.0,1
2024-10-01,XUSD,162,1876569.0,1
2024-10-01,YUSD,13,11860562.0,1
2024-10-01,ZUSD,43,18645008.0,5
2024-10-01,aSEED,45,2836866.0,1
2024-10-01,aUSD,198,2318430.0,1
2024-10-01,bitUSD,191,6741598.0,1
2024-10-01,btcUSD,189,3075846.0,1
2024-10-01,cUSD,203,995.0,1
2024-10-01,cgUSD,166,34058431.0,1
2024-10-01,clevUSD,114,89448.0,1
2024-10-01,crvUSD,110,60485071.0,10
2024-10-01,d2O,108,12365.0,2
2024-10-01,eUSD,138,26797.0,3
2024-10-01,eUSD(v2),125,4860488.0,1
2024-10-01,fxUSD,168,25290068.0,1
2024-10-01,mkUSD,126,3925184.0,1
2024-10-01,peUSD,124,2787669.0,2
2024-10-01,rUSD,174,2220935.0,1
2024-10-01,rUSD,217,10082938.0,1
2024-10-01,rgUSD,190,27872.0,3
2024-10-01,sLSD,121,404.0,1
2024-10-01,zkUSD,151,1179099.0,1
2024-10-01,zunUSD,181,1888429.0,1
2024-11-01,3USD,58,510339.0,1
2024-11-01,ALUSD,20,38291905.0,4
2024-11-01,ANONUSD,102,10803.0,1
2024-11-01,ARUSD,82,78372.0,1
2024-11-01,AUSD,205,51912191.0,4
2024-11-01,BAI,48,927086.0,1
2024-11-01,BAOUSD,94,2088272.0,1
2024-11-01,BEAN,67,33414559.0,1
2024-11-01,BNUSD,204,5724069.0,9
2024-11-01,BOB,84,39074.0,5
2024-11-01,BREAD,180,357288.0,1
2024-11-01,BUCK,154,26104068.0,1
2024-11-01,BUIDL,173,533295422.0,6
2024-11-01,BUSD,4,68223496.0,10
2024-11-01,BUSD,153,307776430.0,26
2024-11-01,BtcUSD,183,4130433.0,2
2024-11-01,CASH,99,142698.0,1
2024-11-01,CASH,134,1030.0,1
2024-11-01,CASH,206,712234.0,1
2024-11-01,CUSD,24,29470204.0,4
2024-11-01,CUSD,96,45517.0,3
2024-11-01,CZUSD,107,603275.0,1
2024-11-01,DAI,5,4747946276.0,42
2024-11-01,DAI+,111,60059.0,3
2024-11-01,DCKUSD,208,30207.0,1
2024-11-01,DEUSD,210,163699688.0,3
2024-11-01,DJED,93,4771461.0,1
2024-11-01,DLLR,160,2987344.0,1
2024-11-01,DOC,30,3668076.0,2
2024-11-01,DOLA,15,206562303.0,8
2024-11-01,DSU,100,2104407.0,2
2024-11-01,DUSD,70,2952324.0,1
2024-11-01,DUSD,104,99594.0,5
2024-11-01,DYAD,207,10742255.0,1
2024-11-01,ERN,117,363403.0,1
2024-11-01,EUSD,106,20736214.0,3
2024-11-01,EUSD,109,462025.0,1
2024-11-01,FDUSD,119,1667121521.0,2
2024-11-01,FEI,9,7643448.0,1
2024-11-01,FIAT,61,7607.0,1
2024-11-01,FLEXUSD,21,166350245.0,2
2024-11-01,FRAX,6,354635723.0,21
2024-11-01,FUSD,63,18936996.0,1
2024-11-01,FXD,176,2836934.0,1
2024-11-01,GAI,169,15078.0,1
2024-11-01,GHO,118,176093805.0,1
2024-11-01,GRAI,116,2689840.0,7
2024-11-01,GUSD,19,66130829.0,1
2024-11-01,GYD,185,26225711.0,2
2024-11-01,HAI,171,1223945.0,1
2024-11-01,HEXDC,201,921536.0,1
2024-11-01,HOME,60,6143142.0,1
2024-11-01,HUSD,17,222593861.0,5
2024-11-01,HYDT,142,88891.0,1
2024-11-01,HYUSD,144,9754684.0,2
2024-11-01,IST,135,1074790.0,2
2024-11-01,IUSD,88,8665332.0,1
2024-11-01,KNOX,187,161093.0,1
2024-11-01,KUSD,72,866911.0,1
2024-11-01,LISUSD,79,55496174.0,1
2024-11-01,LUSD,8,64819112.0,10
2024-11-01,LVLUSD,229,1909762.0,1
2024-11-01,M,213,72199275.0,1
2024-11-01,MIM,10,49295148.0,12
2024-11-01,MOD,212,9159921.0,1
2024-11-01,MONEY,74,31354.0,1
2024-11-01,MUSD,26,3509266.0,3
2024-11-01,MyUSD,148,2392433.0,1
2024-11-01,NEX,128,5177.0,2
2024-11-01,NOTE,78,3318423.0,1
2024-11-01,NUSD,18,8173690.0,12
2024-11-01,NXUSD,103,7641197.0,2
2024-11-01,OUSD,23,6406050.0,1
2024-11-01,PAI,16,4223741.0,1
2024-11-01,PINA,92,913471.0,1
2024-11-01,PUSD,62,2056765.0,1
2024-11-01,PXDC,175,1190769.0,1
2024-11-01,PYUSD,120,539827757.0,2
2024-11-01,R,115,10722183.0,2
2024-11-01,RLUSD,250,1607.0,1
2024-11-01,RSV,25,221657.0,2
2024-11-01,RUSD,90,38702.0,1
2024-11-01,SCB,150,28774.0,1
2024-11-01,SIGUSD,59,620200.0,1
2024-11-01,STAR,123,15047471.0,3
2024-11-01,STBL,38,199976.0,1
2024-11-01,SUSD,22,31467886.0,4
2024-11-01,SVUSD,130,322669.0,1
2024-11-01,TBILL,257,88617150.0,2
2024-11-01,THUSD,211,2085936.0,1
2024-11-01,TOR,29,17070481.0,1
2024-11-01,TUSD,7,485485719.0,10
2024-11-01,ULTRA,163,203649.0,1
2024-11-01,UNO,177,33341.0,1
2024-11-01,USC,188,18291202.0,1
2024-11-01,USC,193,97379.0,1
2024-11-01,USC,196,53750.0,2
2024-11-01,USD+,46,20518524.0,9
2024-11-01,USD0,195,475576272.0,1
2024-11-01,USD3,178,31636835.0,2
2024-11-01,USDA,192,26477598.0,1
2024-11-01,USDA,220,206500026.0,4
2024-11-01,USDB,34,147529.0,1
2024-11-01,USDB,172,149243666.0,1
2024-11-01,USDC,2,39741287383.0,76
2024-11-01,USDCB,164,225200.0,1
2024-11-01,USDD,14,756103783.0,4
2024-11-01,USDF,219,10870832.0,1
2024-11-01,USDGLO,155,3739916.0,7
2024-11-01,USDH,65,2326957.0,1
2024-11-01,USDI,76,31604.0,1
2024-11-01,USDI,87,3743.0,1
2024-11-01,USDJ,37,62503544.0,1
2024-11-01,USDK,27,488710.0,4
2024-11-01,USDL,68,205967.0,2
2024-11-01,USDL,152,8659082.0,1
2024-11-01,USDL,244,48493380.0,2
2024-11-01,USDM,132,60907314.0,5
2024-11-01,USDM,215,7536477.0,1
2024-11-01,USDN,12,408891323.0,4
2024-11-01,USDP,11,102756766.0,3
2024-11-01,USDP,33,2638610.0,4
2024-11-01,USDR,85,44236730.0,2
2024-11-01,USDRIF,159,926514.0,1
2024-11-01,USDS,31,18047728.0,4
2024-11-01,USDS,32,900806.0,1
2024-11-01,USDS,149,104320.0,2
2024-11-01,USDS,209,816579569.0,2
2024-11-01,USDT,1,135904525574.0,78
2024-11-01,USDT+,112,2636864.0,3
2024-11-01,USDTZ,73,302375.0,1
2024-11-01,USDV,143,663291.0,7
2024-11-01,USDW,83,1444852.0,1
2024-11-01,USDX,42,24856602.0,1
2024-11-01,USDX,214,184350791.0,3
2024-11-01,USDY,129,418816504.0,9
2024-11-01,USDe,146,4358192331.0,16
2024-11-01,USDz,202,92206043.0,4
2024-11-01,USH,57,42572.0,1
2024-11-01,USK,81,2440861.0,2
2024-11-01,USN,54,38439517.0,2
2024-11-01,USP,97,65437889.0,1
2024-11-01,USR,197,13534305.0,1
2024-11-01,USX,44,15360585.0,9
2024-11-01,USYC,237,476218048.0,1
2024-11-01,UUSD,75,11436956.0,1
2024-11-01,UXD,64,452903.0,1
2024-11-01,VAI,28,4018267.0,1
2024-11-01,VST,71,679650.0,1
2024-11-01,WEN,184,620933.0,1
2024-11-01,XAI,89,3712010.0,1
2024-11-01,XUSD,162,1956592.0,1
2024-11-01,YUSD,13,11866262.0,1
2024-11-01,ZUSD,43,18644961.0,5
2024-11-01,aSEED,45,2836866.0,1
2024-11-01,aUSD,198,2375818.0,1
2024-11-01,bitUSD,191,6099090.0,1
2024-11-01,btcUSD,189,2639218.0,1
2024-11-01,cUSD,203,995.0,1
2024-11-01,cgUSD,166,34175475.0,1
2024-11-01,clevUSD,114,89448.0,1
2024-11-01,crvUSD,110,68117933.0,10
2024-11-01,d2O,108,12365.0,2
2024-11-01,eUSD,138,19078.0,3
2024-11-01,eUSD(v2),125,5994211.0,1
2024-11-01,fxUSD,168,20492015.0,1
2024-11-01,mkUSD,126,3331590.0,1
2024-11-01,peUSD,124,2794596.0,2
2024-11-01,rUSD,174,2014644.0,1
2024-11-01,rUSD,217,13849034.0,1
2024-11-01,rgUSD,190,40671.0,3
2024-11-01,sLSD,121,404.0,1
2024-11-01,sUSD,216,22893829.0,1
2024-11-01,satUSD,218,583997.0,4
2024-11-01,zkUSD,151,1179099.0,1
2024-11-01,zunUSD,181,1271626.0,1
2024-12-01,3USD,58,581587.0,1
2024-12-01,ALUSD,20,38717529.0,4
2024-12-01,ANONUSD,102,10803.0,1
2024-12-01,ARUSD,82,78372.0,1
2024-12-01,AUSD,205,54362150.0,4
2024-12-01,BAI,48,941707.0,1
2024-12-01,BAOUSD,94,2088272.0,1
2024-12-01,BEAN,67,33410060.0,1
2024-12-01,BNUSD,204,5984930.0,9
2024-12-01,BOB,84,37679.0,5
2024-12-01,BREAD,180,383410.0,1
2024-12-01,BUCK,154,41954846.0,1
2024-12-01,BUIDL,173,550336426.0,6
2024-12-01,BUSD,4,68223498.0,10
2024-12-01,BUSD,153,307838701.0,26
2024-12-01,CASH,99,134204.0,1
2024-12-01,CASH,134,1034.0,1
2024-12-01,CASH,206,351058.0,1
2024-12-01,CUSD,24,27734575.0,4
2024-12-01,CUSD,96,45517.0,3
2024-12-01,CZUSD,107,613414.0,1
2024-12-01,DAI,5,4421090422.0,42
2024-12-01,DAI+,111,46164.0,3
2024-12-01,DCKUSD,208,17205.0,1
2024-12-01,DEUSD,210,239104166.0,3
2024-12-01,DJED,93,3678471.0,1
2024-12-01,DLLR,160,2847831.0,1
2024-12-01,DOC,30,3140400.0,2
2024-12-01,DOLA,15,170292773.0,8
2024-12-01,DSU,100,2689108.0,2
2024-12-01,DUSD,70,2952324.0,1
2024-12-01,DUSD,104,97885.0,5
2024-12-01,DYAD,207,9763758.0,1
2024-12-01,ERN,117,301646.0,1
2024-12-01,EUSD,106,22436076.0,3
2024-12-01,EUSD,109,373256.0,1
2024-12-01,FDUSD,119,1905103913.0,3
2024-12-01,FEI,9,7949172.0,1
2024-12-01,FIAT,61,7607.0,1
2024-12-01,FLEXUSD,21,166350245.0,2
2024-12-01,FRAX,6,315425935.0,21
2024-12-01,FUSD,63,18936996.0,1
2024-12-01,FXD,176,2881788.0,1
2024-12-01,GAI,169,14551.0,1
2024-12-01,GHO,118,146068028.0,1
2024-12-01,GRAI,116,1540160.0,7
2024-12-01,GUSD,19,58966536.0,1
2024-12-01,GYD,185,26231059.0,2
2024-12-01,HAI,171,1482295.0,1
2024-12-01,HEXDC,201,919665.0,1
2024-12-01,HOME,60,6066832.0,1
2024-12-01,HUSD,17,222593861.0,5
2024-12-01,HYDT,142,88087.0,1
2024-12-01,HYUSD,144,10568921.0,2
2024-12-01,IST,135,1079583.0,2
2024-12-01,IUSD,88,9589737.0,1
2024-12-01,KNOX,187,301581.0,1
2024-12-01,KUSD,72,884195.0,1
2024-12-01,LISUSD,79,74959954.0,1
2024-12-01,LUSD,8,61425718.0,10
2024-12-01,LVLUSD,229,8844244.0,1
2024-12-01,M,213,100539846.0,1
2024-12-01,MIM,10,49510481.0,12
2024-12-01,MOD,212,8300256.0,1
2024-12-01,MONEY,74,31354.0,1
2024-12-01,MUSD,26,3456354.0,3
2024-12-01,MyUSD,148,2392433.0,1
2024-12-01,NEX,128,5177.0,2
2024-12-01,NOTE,78,1692812.0,1
2024-12-01,NUSD,18,5809520.0,12
2024-12-01,NXUSD,103,7652669.0,2
2024-12-01,OUSD,23,6530943.0,1
2024-12-01,PAI,16,4223740.0,1
2024-12-01,PAUSD,222,64302.0,2
2024-12-01,PINA,92,913471.0,1
2024-12-01,PUSD,62,1741473.0,1
2024-12-01,PXDC,175,1317058.0,1
2024-12-01,PYUSD,120,559507565.0,2
2024-12-01,R,115,10722183.0,2
2024-12-01,RLUSD,250,57602318.0,1
2024-12-01,RSV,25,221657.0,2
2024-12-01,RUSD,90,38702.0,1
2024-12-01,SCB,150,28574.0,1
2024-12-01,SIGUSD,59,503051.0,1
2024-12-01,STAR,123,32049575.0,3
2024-12-01,STBL,38,199976.0,1
2024-12-01,SUSD,22,55766684.0,4
2024-12-01,SVUSD,130,173784.0,1
2024-12-01,TBILL,257,77007830.0,2
2024-12-01,THUSD,211,2758188.0,1
2024-12-01,TOR,29,17070481.0,1
2024-12-01,TUSD,7,485485719.0,10
2024-12-01,ULTRA,163,220952.0,1
2024-12-01,UNO,177,24400.0,1
2024-12-01,USC,188,18351046.0,1
2024-12-01,USC,193,51042.0,1
2024-12-01,USC,196,53879.0,2
2024-12-01,USD+,46,23827884.0,9
2024-12-01,USD0,195,1775149792.0,2
2024-12-01,USD3,178,31575245.0,2
2024-12-01,USDA,192,27796259.0,1
2024-12-01,USDA,220,243830154.0,5
2024-12-01,USDB,34,147529.0,1
2024-12-01,USDB,172,94976027.0,1
2024-12-01,USDC,2,43821101924.0,77
2024-12-01,USDCB,164,225200.0,1
2024-12-01,USDD,14,759936417.0,4
2024-12-01,USDF,219,59295808.0,1
2024-12-01,USDGLO,155,3615590.0,7
2024-12-01,USDH,65,2251575.0,1
2024-12-01,USDI,76,31656.0,1
2024-12-01,USDI,87,3743.0,1
2024-12-01,USDJ,37,22470904.0,1
2024-12-01,USDK,27,488710.0,4
2024-12-01,USDL,68,205967.0,2
2024-12-01,USDL,152,8173654.0,1
2024-12-01,USDL,244,148359631.0,2
2024-12-01,USDM,132,54959410.0,5
2024-12-01,USDM,215,7536477.0,1
2024-12-01,USDN,12,408891315.0,4
2024-12-01,USDP,11,93118743.0,3
2024-12-01,USDP,33,2638610.0,4
2024-12-01,USDR,85,44236731.0,2
2024-12-01,USDRIF,159,866079.0,1
2024-12-01,USDS,31,18047728.0,4
2024-12-01,USDS,32,879544.0,1
2024-12-01,USDS,149,100474.0,2
2024-12-01,USDS,209,1265043223.0,3
2024-12-01,USDT,1,137792302381.0,78
2024-12-01,USDT+,112,2581445.0,3
2024-12-01,USDTB,221,89359939.0,1
2024-12-01,USDTZ,73,302375.0,1
2024-12-01,USDV,143,602357.0,7
2024-12-01,USDW,83,1444852.0,1
2024-12-01,USDX,42,24452243.0,1
2024-12-01,USDX,214,510119195.0,3
2024-12-01,USDe,146,5882489525.0,17
2024-12-01,USDz,202,97223270.0,4
2024-12-01,USH,57,42567.0,1
2024-12-01,USK,81,2276192.0,2
2024-12-01,USN,54,38439517.0,2
2024-12-01,USP,97,65437889.0,1
2024-12-01,USR,197,304924910.0,1
2024-12-01,USX,44,15646299.0,9
2024-12-01,USYC,237,1649225909.0,1
2024-12-01,UUSD,75,11706041.0,1
2024-12-01,UXD,64,442629.0,1
2024-12-01,VAI,28,3075275.0,1
2024-12-01,VST,71,659463.0,1
2024-12-01,WEN,184,158381.0,1
2024-12-01,XAI,89,3712010.0,1
2024-12-01,XUSD,162,1643793.0,1
2024-12-01,YUSD,13,11868123.0,1
2024-12-01,ZUSD,43,18645986.0,5
2024-12-01,aSEED,45,2836866.0,1
2024-12-01,aUSD,198,2191410.0,1
2024-12-01,bitUSD,191,6099090.0,1
2024-12-01,btcUSD,189,2029211.0,1
2024-12-01,cUSD,203,995.0,1
2024-12-01,cgUSD,166,34402408.0,1
2024-12-01,clevUSD,114,89448.0,1
2024-12-01,crvUSD,110,77503098.0,10
2024-12-01,csUSDL,243,1.0,1
2024-12-01,d2O,108,12365.0,2
2024-12-01,eUSD,138,23910.0,2
2024-12-01,eUSD(v2),125,5987413.0,1
2024-12-01,fxUSD,168,20894904.0,1
2024-12-01,mkUSD,126,1987095.0,1
2024-12-01,peUSD,124,2653475.0,2
2024-12-01,rUSD,174,1715219.0,1
2024-12-01,rUSD,217,25217830.0,1
2024-12-01,rgUSD,190,14352.0,3
2024-12-01,sLSD,121,404.0,1
2024-12-01,sUSD,216,23103961.0,1
2024-12-01,satUSD,218,1631187.0,4
2024-12-01,zkUSD,151,1179099.0,1
2024-12-01,zunUSD,181,1242960.0,1
2025-01-01,3USD,58,580778.0,1
2025-01-01,ALUSD,20,15641407.0,4
2025-01-01,ANONUSD,102,10803.0,1
2025-01-01,ARUSD,82,78372.0,1
2025-01-01,AUSD,205,76763772.0,4
2025-01-01,BAI,48,935018.0,1
2025-01-01,BAOUSD,94,2038322.0,1
2025-01-01,BEAN,67,33410060.0,1
2025-01-01,BNUSD,204,6070157.0,9
2025-01-01,BOB,84,37029.0,5
2025-01-01,BOLD,227,19005243.0,5
2025-01-01,BREAD,180,384705.0,1
2025-01-01,BUCK,154,35789628.0,1
2025-01-01,BUIDL,173,553072867.0,6
2025-01-01,BUSD,4,60490548.0,10
2025-01-01,BUSD,153,308179791.0,26
2025-01-01,BtcUSD,183,9433643.0,2
2025-01-01,CASH,99,91020.0,1
2025-01-01,CASH,134,1034.0,1
2025-01-01,CASH,206,378094.0,1
2025-01-01,CUSD,24,27893514.0,4
2025-01-01,CUSD,96,45517.0,3
2025-01-01,CZUSD,107,590647.0,1
2025-01-01,DAI,5,4696122108.0,42
2025-01-01,DAI+,111,37418.0,3
2025-01-01,DCKUSD,208,11210.0,1
2025-01-01,DEUSD,210,250925802.0,3
2025-01-01,DJED,93,4250093.0,1
2025-01-01,DLLR,160,3037098.0,1
2025-01-01,DOC,30,3977186.0,2
2025-01-01,DOLA,15,205813273.0,8
2025-01-01,DSU,100,2309074.0,2
2025-01-01,DUSD,70,2952324.0,1
2025-01-01,DUSD,104,97728.0,5
2025-01-01,DYAD,207,7648291.0,1
2025-01-01,ERN,117,223398.0,1
2025-01-01,EUSD,106,22493795.0,3
2025-01-01,EUSD,109,273763.0,1
2025-01-01,FDUSD,119,1690984118.0,4
2025-01-01,FEI,9,4899702.0,1
2025-01-01,FIAT,61,7607.0,1
2025-01-01,FLEXUSD,21,166350245.0,2
2025-01-01,FRAX,6,318980669.0,21
2025-01-01,FRXUSD,235,907100.0,1
2025-01-01,FUSD,63,18936996.0,1
2025-01-01,FXD,176,2942880.0,1
2025-01-01,GAI,169,14551.0,1
2025-01-01,GHO,118,182309622.0,1
2025-01-01,GRAI,116,1381870.0,7
2025-01-01,GUSD,19,57922752.0,1
2025-01-01,GYD,185,26443978.0,2
2025-01-01,HAI,171,1240690.0,1
2025-01-01,HEXDC,201,685181.0,1
2025-01-01,HOME,60,6066832.0,1
2025-01-01,HUSD,17,222593861.0,5
2025-01-01,HYDT,142,88329.0,1
2025-01-01,HYUSD,144,9662600.0,2
2025-01-01,IST,135,1063812.0,2
2025-01-01,IUSD,88,9422534.0,1
2025-01-01,KNOX,187,303308.0,1
2025-01-01,KUSD,72,858364.0,1
2025-01-01,LISUSD,79,71273436.0,1
2025-01-01,LUSD,8,59212728.0,10
2025-01-01,LVLUSD,229,25396864.0,1
2025-01-01,M,213,106460474.0,1
2025-01-01,MIM,10,51856315.0,12
2025-01-01,MOD,212,8119306.0,1
2025-01-01,MONEY,74,31354.0,1
2025-01-01,MUSD,26,3419755.0,3
2025-01-01,MyUSD,148,2392433.0,1
2025-01-01,NEX,128,5177.0,2
2025-01-01,NOTE,78,1668631.0,1
2025-01-01,NUSD,18,6315242.0,12
2025-01-01,NXUSD,103,7092252.0,2
2025-01-01,OUSD,23,9104655.0,1
2025-01-01,PAI,16,4223740.0,1
2025-01-01,PAUSD,222,136833.0,2
2025-01-01,PINA,92,913471.0,1
2025-01-01,PUSD,62,235572.0,1
2025-01-01,PXDC,175,1352421.0,1
2025-01-01,PYUSD,120,514445264.0,2
2025-01-01,R,115,10722183.0,2
2025-01-01,RLUSD,250,74352502.0,1
2025-01-01,RSV,25,221657.0,2
2025-01-01,RUSD,90,38702.0,1
2025-01-01,SCB,150,28574.0,1
2025-01-01,SIGUSD,59,394113.0,1
2025-01-01,STAR,123,443696.0,3
2025-01-01,STBL,38,199976.0,1
2025-01-01,SUSD,22,51448790.0,4
2025-01-01,SVUSD,130,173785.0,1
2025-01-01,TBILL,257,76720012.0,2
2025-01-01,THUSD,211,2610291.0,1
2025-01-01,TOR,29,17070481.0,1
2025-01-01,TUSD,7,485832713.0,10
2025-01-01,ULTRA,163,226431.0,1
2025-01-01,UNO,177,26235.0,1
2025-01-01,USC,188,18394980.0,1
2025-01-01,USC,193,41958.0,1
2025-01-01,USC,196,53355.0,2
2025-01-01,USD+,46,22004939.0,9
2025-01-01,USD0,195,1200838154.0,2
2025-01-01,USD3,178,33375123.0,2
2025-01-01,USDA,192,30175444.0,1
2025-01-01,USDA,220,258552377.0,6
2025-01-01,USDB,34,147529.0,1
2025-01-01,USDB,172,87786203.0,1
2025-01-01,USDC,2,53135658610.0,78
2025-01-01,USDCB,164,225200.0,1
2025-01-01,USDD,14,743618822.0,4
2025-01-01,USDF,219,78027580.0,1
2025-01-01,USDGLO,155,3553491.0,7
2025-01-01,USDH,65,2723794.0,1
2025-01-01,USDI,76,31786.0,1
2025-01-01,USDI,87,3743.0,1
2025-01-01,USDJ,37,22480469.0,1
2025-01-01,USDK,27,488710.0,4
2025-01-01,USDL,68,205967.0,2
2025-01-01,USDL,152,7639083.0,1
2025-01-01,USDL,244,87263214.0,2
2025-01-01,USDM,132,56886388.0,6
2025-01-01,USDM,215,7547587.0,1
2025-01-01,USDN,12,408891307.0,4
2025-01-01,USDO,241,5190475.0,1
2025-01-01,USDP,11,79444771.0,3
2025-01-01,USDP,33,2638610.0,4
2025-01-01,USDQ,228,246721.0,1
2025-01-01,USDR,85,44241085.0,2
2025-01-01,USDRIF,159,1001106.0,1
2025-01-01,USDS,31,18047728.0,4
2025-01-01,USDS,32,993805.0,1
2025-01-01,USDS,149,100474.0,2
2025-01-01,USDS,209,2637170057.0,3
2025-01-01,USDT,1,139697230645.0,78
2025-01-01,USDT+,112,1249351.0,3
2025-01-01,USDTB,221,89360040.0,1
2025-01-01,USDTZ,73,302375.0,1
2025-01-01,USDV,143,604515.0,7
2025-01-01,USDW,83,1444852.0,1
2025-01-01,USDX,42,25176383.0,1
2025-01-01,USDX,214,624734868.0,3
2025-01-01,USDY,129,356947949.0,11
2025-01-01,USDe,146,5928224959.0,17
2025-01-01,USDz,202,102417346.0,4
2025-01-01,USH,57,37735.0,1
2025-01-01,USK,81,2038180.0,2
2025-01-01,USN,54,38439517.0,2
2025-01-01,USP,97,65437889.0,1
2025-01-01,USR,197,566708693.0,1
2025-01-01,USX,44,15714540.0,9
2025-01-01,USYC,237,1107277271.0,1
2025-01-01,UUSD,75,11824544.0,1
2025-01-01,UXD,64,344666.0,1
2025-01-01,VAI,28,2901399.0,1
2025-01-01,VST,71,659463.0,1
2025-01-01,WEN,184,123018.0,1
2025-01-01,XAI,89,3708575.0,1
2025-01-01,XUSD,162,1754861.0,1
2025-01-01,XY,223,215248.0,1
2025-01-01,YUSD,13,11870429.0,1
2025-01-01,YUSD,255,861.0,1
2025-01-01,ZUSD,43,18645854.0,5
2025-01-01,ZeUSD,225,21708545.0,4
2025-01-01,aSEED,45,2715985.0,1
2025-01-01,aUSD,198,2246162.0,1
2025-01-01,bitUSD,191,6084961.0,1
2025-01-01,btcUSD,189,1474272.0,1
2025-01-01,cUSD,203,50.0,1
2025-01-01,cgUSD,166,36293160.0,1
2025-01-01,clevUSD,114,89448.0,1
2025-01-01,crvUSD,110,77320655.0,10
2025-01-01,csUSDL,243,16567830.0,1
2025-01-01,d2O,108,12365.0,2
2025-01-01,dUSD,224,1921846.0,1
2025-01-01,eUSD,138,23905.0,2
2025-01-01,eUSD(v2),125,5810368.0,1
2025-01-01,fxUSD,168,40448869.0,1
2025-01-01,mkUSD,126,776293.0,1
2025-01-01,peUSD,124,2569790.0,2
2025-01-01,rUSD,174,1654668.0,1
2025-01-01,rUSD,217,35196576.0,1
2025-01-01,rgUSD,190,14143.0,3
2025-01-01,sLSD,121,404.0,1
2025-01-01,sUSD,216,30920871.0,1
2025-01-01,satUSD,218,1613838.0,4
2025-01-01,zkUSD,151,1179099.0,1
2025-01-01,zunUSD,181,615545.0,1
2025-02-01,3USD,58,580833.0,1
2025-02-01,ALUSD,20,15625302.0,4
2025-02-01,ANONUSD,102,10803.0,1
2025-02-01,ARUSD,82,78372.0,1
2025-02-01,AUSD,205,79283197.0,4
2025-02-01,BAI,48,921047.0,1
2025-02-01,BAOUSD,94,2038322.0,1
2025-02-01,BEAN,67,33410060.0,1
2025-02-01,BNUSD,204,5514615.0,9
2025-02-01,BOB,84,36898.0,5
2025-02-01,BOLD,227,10614165.0,5
2025-02-01,BREAD,180,374842.0,1
2025-02-01,BUCK,154,38081855.0,1
2025-02-01,BUIDL,173,563637405.0,6
2025-02-01,BUSD,4,60490549.0,10
2025-02-01,BUSD,153,264023144.0,26
2025-02-01,BtcUSD,183,10871790.0,2
2025-02-01,CASH,99,88900.0,1
2025-02-01,CASH,134,1034.0,1
2025-02-01,CASH,206,315235.0,1
2025-02-01,CUSD,24,25736862.0,4
2025-02-01,CUSD,96,45517.0,3
2025-02-01,CZUSD,107,591397.0,1
2025-02-01,DAI,5,4290043618.0,43
2025-02-01,DAI+,111,37417.0,3
2025-02-01,DCKUSD,208,11165.0,1
2025-02-01,DEUSD,210,288646352.0,3
2025-02-01,DJED,93,3834726.0,1
2025-02-01,DLLR,160,2960188.0,1
2025-02-01,DOC,30,3129331.0,2
2025-02-01,DOLA,15,207317845.0,8
2025-02-01,DSU,100,890308.0,2
2025-02-01,DUSD,70,2952324.0,1
2025-02-01,DUSD,104,98083.0,5
2025-02-01,DYAD,207,3241602.0,1
2025-02-01,ERN,117,202016.0,1
2025-02-01,EUSD,106,24036695.0,3
2025-02-01,EUSD,109,176245.0,1
2025-02-01,FDUSD,119,1879062799.0,4
2025-02-01,FEI,9,5009325.0,1
2025-02-01,FIAT,61,7607.0,1
2025-02-01,FLEXUSD,21,166350245.0,2
2025-02-01,FRAX,6,287269990.0,21
2025-02-01,FRXUSD,235,178640237.0,13
2025-02-01,FUSD,63,18936996.0,1
2025-02-01,FXD,176,2943109.0,1
2025-02-01,GAI,169,14551.0,1
2025-02-01,GHO,118,209885702.0,1
2025-02-01,GRAI,116,1081268.0,7
2025-02-01,GUSD,19,53979060.0,1
2025-02-01,GYD,185,26502143.0,2
2025-02-01,HAI,171,1166369.0,1
2025-02-01,HEXDC,201,634474.0,1
2025-02-01,HOME,60,6066832.0,1
2025-02-01,HONEY,231,454293264.0,1
2025-02-01,HUSD,17,192313548.0,3
2025-02-01,HYDT,142,88609.0,1
2025-02-01,HYUSD,144,8852062.0,2
2025-02-01,IST,135,1016808.0,2
2025-02-01,IUSD,88,7700304.0,1
2025-02-01,KNOX,187,240039.0,1
2025-02-01,KUSD,72,822881.0,1
2025-02-01,LISUSD,79,62870032.0,1
2025-02-01,LUSD,8,54983314.0,10
2025-02-01,LVLUSD,229,35227424.0,1
2025-02-01,M,213,106799929.0,1
2025-02-01,MIM,10,51362217.0,12
2025-02-01,MOD,212,7722907.0,1
2025-02-01,MONEY,74,31354.0,1
2025-02-01,MUSD,26,3391594.0,3
2025-02-01,MyUSD,148,2392433.0,1
2025-02-01,NEX,128,5177.0,2
2025-02-01,NOTE,78,1590518.0,1
2025-02-01,NUSD,18,5379393.0,12
2025-02-01,NXUSD,103,7034452.0,2
2025-02-01,OUSD,23,9055215.0,1
2025-02-01,PAI,16,4223740.0,1
2025-02-01,PAUSD,222,141891.0,2
2025-02-01,PINA,92,913471.0,1
2025-02-01,PINTO,232,12624825.0,1
2025-02-01,PUSD,62,171937.0,1
2025-02-01,PXDC,175,1250959.0,1
2025-02-01,PYUSD,120,710948838.0,4
2025-02-01,R,115,10722183.0,2
2025-02-01,RLUSD,250,89337633.0,1
2025-02-01,RSV,25,221657.0,2
2025-02-01,RUSD,90,38702.0,1
2025-02-01,SCB,150,28563.0,1
2025-02-01,SIGUSD,59,402631.0,1
2025-02-01,STAR,123,278877.0,3
2025-02-01,STBL,38,199976.0,1
2025-02-01,SUSD,22,48891758.0,4
2025-02-01,SVUSD,130,173773.0,1
2025-02-01,TBILL,257,88114816.0,2
2025-02-01,THUSD,211,2356794.0,1
2025-02-01,TOR,29,17070481.0,1
2025-02-01,TUSD,7,485485719.0,9
2025-02-01,ULTRA,163,226431.0,1
2025-02-01,UNO,177,24283.0,1
2025-02-01,USC,188,18278228.0,1
2025-02-01,USC,193,34315.0,1
2025-02-01,USC,196,52402.0,2
2025-02-01,USD+,46,21447494.0,9
2025-02-01,USD0,195,1087931973.0,2
2025-02-01,USD3,178,34309431.0,2
2025-02-01,USDA,192,28005818.0,1
2025-02-01,USDA,220,255222223.0,7
2025-02-01,USDB,34,147529.0,1
2025-02-01,USDB,172,93571516.0,1
2025-02-01,USDC,2,55641736331.0,95
2025-02-01,USDCB,164,225200.0,1
2025-02-01,USDD,14,733036375.0,4
2025-02-01,USDF,219,92837543.0,1
2025-02-01,USDGLO,155,3456437.0,7
2025-02-01,USDH,65,1779400.0,1
2025-02-01,USDI,76,31853.0,1
2025-02-01,USDI,87,3743.0,1
2025-02-01,USDJ,37,8905727.0,1
2025-02-01,USDK,27,488710.0,4
2025-02-01,USDL,68,205867.0,2
2025-02-01,USDL,152,7236098.0,1
2025-02-01,USDL,244,56755010.0,2
2025-02-01,USDM,132,53554901.0,6
2025-02-01,USDM,215,7428887.0,1
2025-02-01,USDN,12,408891300.0,4
2025-02-01,USDO,241,28092623.0,2
2025-02-01,USDP,11,79418755.0,3
2025-02-01,USDP,33,2638610.0,4
2025-02-01,USDQ,228,9831.0,1
2025-02-01,USDR,85,44241085.0,2
2025-02-01,USDRIF,159,1097215.0,1
2025-02-01,USDS,31,18047728.0,4
2025-02-01,USDS,32,881420.0,1
2025-02-01,USDS,149,100474.0,2
2025-02-01,USDS,209,4059795706.0,4
2025-02-01,USDS,233,318000.0,1
2025-02-01,USDT,1,142300388640.0,79
2025-02-01,USDT+,112,1231898.0,3
2025-02-01,USDTB,221,89661121.0,1
2025-02-01,USDTZ,73,277375.0,1
2025-02-01,USDV,143,580125.0,7
2025-02-01,USDW,83,1444852.0,1
2025-02-01,USDX,42,23501024.0,1
2025-02-01,USDX,214,625058411.0,3
2025-02-01,USDY,129,489767239.0,11
2025-02-01,USDe,146,5877645158.0,18
2025-02-01,USDz,202,105867879.0,4
2025-02-01,USH,57,38146.0,1
2025-02-01,USK,81,1819404.0,2
2025-02-01,USN,54,38439517.0,2
2025-02-01,USN,230,31424094.0,2
2025-02-01,USP,97,65437889.0,1
2025-02-01,USR,197,528587798.0,1
2025-02-01,USX,44,15653815.0,9
2025-02-01,USYC,237,965855623.0,1
2025-02-01,UUSD,75,11814579.0,1
2025-02-01,UXD,64,343808.0,1
2025-02-01,VAI,28,2692955.0,1
2025-02-01,VST,71,694429.0,1
2025-02-01,WEN,184,111022.0,1
2025-02-01,WUSD,234,14381967.0,2
2025-02-01,XAI,89,3708454.0,1
2025-02-01,XUSD,162,1663456.0,1
2025-02-01,XY,223,4581.0,1
2025-02-01,YUSD,13,11870429.0,1
2025-02-01,YUSD,255,5034439.0,1
2025-02-01,ZUSD,43,18645478.0,5
2025-02-01,ZeUSD,225,27696206.0,4
2025-02-01,aSEED,45,2714397.0,1
2025-02-01,aUSD,198,2027088.0,1
2025-02-01,bitUSD,191,6077195.0,1
2025-02-01,btcUSD,189,396856.0,1
2025-02-01,cUSD,203,50.0,1
2025-02-01,cgUSD,166,37123481.0,1
2025-02-01,clevUSD,114,89448.0,1
2025-02-01,crvUSD,110,64548712.0,10
2025-02-01,csUSDL,243,31340829.0,1
2025-02-01,d2O,108,12365.0,2
2025-02-01,dUSD,224,1637996.0,1
2025-02-01,eUSD,138,23891.0,2
2025-02-01,eUSD(v2),125,4142213.0,1
2025-02-01,fxUSD,168,35049902.0,1
2025-02-01,mkUSD,126,531142.0,1
2025-02-01,peUSD,124,2447077.0,2
2025-02-01,rUSD,174,730164.0,1
2025-02-01,rUSD,217,48060950.0,1
2025-02-01,rgUSD,190,14070.0,3
2025-02-01,sLSD,121,404.0,1
2025-02-01,sUSD,216,13983779.0,1
2025-02-01,satUSD,218,1404836.0,4
2025-02-01,zkUSD,151,1179099.0,1
2025-02-01,zunUSD,181,251879.0,1
2025-03-01,3USD,58,580180.0,1
2025-03-01,ALUSD,20,15704873.0,4
2025-03-01,ANONUSD,102,10803.0,1
2025-03-01,ARUSD,82,78372.0,1
2025-03-01,AUSD,205,74824750.0,4
2025-03-01,BAI,48,765666.0,1
2025-03-01,BAOUSD,94,2038322.0,1
2025-03-01,BEAN,67,33410060.0,1
2025-03-01,BNUSD,204,5108049.0,9
2025-03-01,BOB,84,36416.0,5
2025-03-01,BOLD,227,4998013.0,5
2025-03-01,BREAD,180,501751.0,1
2025-03-01,BUCK,154,49449441.0,1
2025-03-01,BUIDL,173,1914716329.0,6
2025-03-01,BUSD,4,57893557.0,10
2025-03-01,BUSD,153,264066259.0,26
2025-03-01,BtcUSD,183,10388252.0,2
2025-03-01,CASH,99,77612.0,1
2025-03-01,CASH,134,1034.0,1
2025-03-01,CASH,206,316778.0,1
2025-03-01,CUSD,24,24080280.0,4
2025-03-01,CUSD,96,45517.0,3
2025-03-01,CZUSD,107,875805.0,1
2025-03-01,DAI,5,4154494200.0,43
2025-03-01,DAI+,111,30055.0,3
2025-03-01,DCKUSD,208,11159.0,1
2025-03-01,DEUSD,210,201440351.0,4
2025-03-01,DJED,93,3778639.0,1
2025-03-01,DLLR,160,3370913.0,1
2025-03-01,DOC,30,3455836.0,2
2025-03-01,DOLA,15,214495108.0,8
2025-03-01,DSU,100,845125.0,2
2025-03-01,DUSD,70,2952324.0,1
2025-03-01,DUSD,104,95828.0,5
2025-03-01,DYAD,207,717681.0,1
2025-03-01,ERN,117,142167.0,1
2025-03-01,EUSD,106,24063355.0,3
2025-03-01,EUSD,109,175269.0,1
2025-03-01,FDUSD,119,2323196705.0,4
2025-03-01,FEI,9,3456289.0,1
2025-03-01,FIAT,61,7607.0,1
2025-03-01,FLEXUSD,21,166350245.0,2
2025-03-01,FRAX,6,218367487.0,21
2025-03-01,FRXUSD,235,150994009.0,14
2025-03-01,FUSD,63,18936996.0,1
2025-03-01,FXD,176,3233859.0,1
2025-03-01,GAI,169,14399.0,1
2025-03-01,GHO,118,213712490.0,1
2025-03-01,GRAI,116,834467.0,7
2025-03-01,GUSD,19,50948991.0,1
2025-03-01,GYD,185,26506707.0,2
2025-03-01,HAI,171,855772.0,1
2025-03-01,HEXDC,201,368728.0,1
2025-03-01,HOME,60,6066832.0,1
2025-03-01,HONEY,231,637813112.0,1
2025-03-01,HUSD,17,192313548.0,3
2025-03-01,HYDT,142,88776.0,1
2025-03-01,HYUSD,144,8568218.0,2
2025-03-01,IST,135,1011653.0,2
2025-03-01,IUSD,88,7607647.0,1
2025-03-01,KNOX,187,276390.0,1
2025-03-01,KUSD,72,822348.0,1
2025-03-01,LISUSD,79,63339496.0,1
2025-03-01,LUSD,8,47446434.0,10
2025-03-01,LVLUSD,229,117571497.0,1
2025-03-01,M,213,159825327.0,1
2025-03-01,MIM,10,69840897.0,12
2025-03-01,MOD,212,3492982.0,1
2025-03-01,MONEY,74,31354.0,1
2025-03-01,MUSD,26,3311804.0,3
2025-03-01,MyUSD,148,1086434.0,1
2025-03-01,NEX,128,5177.0,2
2025-03-01,NOTE,78,1371816.0,1
2025-03-01,NUSD,18,4480805.0,12
2025-03-01,NXUSD,103,7144678.0,2
2025-03-01,OUSD,23,7423952.0,1
2025-03-01,PAI,16,4223740.0,1
2025-03-01,PAUSD,222,117515.0,2
2025-03-01,PINA,92,913471.0,1
2025-03-01,PINTO,232,11127599.0,1
2025-03-01,PUSD,62,114810.0,1
2025-03-01,PXDC,175,835911.0,1
2025-03-01,PYUSD,120,802871348.0,4
2025-03-01,R,115,10722183.0,2
2025-03-01,REUSD,256,41452362.0,1
2025-03-01,RLUSD,250,149637600.0,1
2025-03-01,RSV,25,208774.0,2
2025-03-01,RUSD,90,38702.0,1
2025-03-01,SCB,150,28563.0,1
2025-03-01,SCUSD,238,81311644.0,1
2025-03-01,SIGUSD,59,278768.0,1
2025-03-01,STAR,123,269125.0,3
2025-03-01,STBL,38,199976.0,1
2025-03-01,SUSD,22,55337660.0,4
2025-03-01,SVUSD,130,173785.0,1
2025-03-01,TBILL,257,91005655.0,2
2025-03-01,THUSD,211,1786273.0,1
2025-03-01,TOR,29,17070481.0,1
2025-03-01,TUSD,7,485485719.0,9
2025-03-01,ULTRA,163,226431.0,1
2025-03-01,UNO,177,27538.0,1
2025-03-01,USC,188,15190057.0,1
2025-03-01,USC,193,22953.0,1
2025-03-01,USC,196,52479.0,2
2025-03-01,USD+,46,21068764.0,9
2025-03-01,USD0,195,898194588.0,2
2025-03-01,USD3,178,33614036.0,2
2025-03-01,USDA,192,27691730.0,1
2025-03-01,USDA,220,304500083.0,15
2025-03-01,USDA,245,7294827.0,1
2025-03-01,USDB,34,147529.0,1
2025-03-01,USDB,172,86295794.0,1
2025-03-01,USDC,2,60261428400.0,96
2025-03-01,USDCB,164,225200.0,1
2025-03-01,USDD,14,253065751.0,4
2025-03-01,USDF,219,132118448.0,1
2025-03-01,USDFC,248,93159.0,1
2025-03-01,USDGLO,155,3584866.0,8
2025-03-01,USDH,65,1802033.0,1
2025-03-01,USDH,242,4485214.0,1
2025-03-01,USDI,76,31714.0,1
2025-03-01,USDI,87,3743.0,1
2025-03-01,USDJ,37,8909722.0,1
2025-03-01,USDK,27,488710.0,4
2025-03-01,USDL,68,205867.0,2
2025-03-01,USDL,152,5440943.0,1
2025-03-01,USDL,244,55583531.0,2
2025-03-01,USDM,132,53266893.0,6
2025-03-01,USDM,215,10481377.0,1
2025-03-01,USDN,12,408891279.0,4
2025-03-01,USDO,241,50119648.0,2
2025-03-01,USDP,11,78283538.0,3
2025-03-01,USDP,33,2638610.0,4
2025-03-01,USDQ,228,4731.0,1
2025-03-01,USDR,85,44241085.0,2
2025-03-01,USDR,240,6350637.0,1
2025-03-01,USDRIF,159,1046420.0,1
2025-03-01,USDS,31,18047728.0,4
2025-03-01,USDS,32,837930.0,1
2025-03-01,USDS,149,100474.0,2
2025-03-01,USDS,209,4353041310.0,4
2025-03-01,USDS,233,351994.0,1
2025-03-01,USDT,1,144365345568.0,80
2025-03-01,USDT+,112,766174.0,3
2025-03-01,USDTB,221,1432561679.0,1
2025-03-01,USDTZ,73,277375.0,1
2025-03-01,USDV,143,504284.0,7
2025-03-01,USDW,83,1444852.0,1
2025-03-01,USDX,42,23223108.0,1
2025-03-01,USDX,214,625901371.0,3
2025-03-01,USDY,129,545331956.0,11
2025-03-01,USDe,146,5247319854.0,18
2025-03-01,USDf,246,112265298.0,1
2025-03-01,USDz,202,127718868.0,4
2025-03-01,USH,57,38148.0,1
2025-03-01,USK,81,1733267.0,2
2025-03-01,USN,54,38439517.0,2
2025-03-01,USN,230,33266806.0,3
2025-03-01,USP,97,65437889.0,1
2025-03-01,USR,197,477291471.0,1
2025-03-01,USX,44,15479553.0,9
2025-03-01,USYC,237,629131741.0,1
2025-03-01,UUSD,75,11755412.0,1
2025-03-01,UXD,64,342268.0,1
2025-03-01,VAI,28,2587154.0,1
2025-03-01,VST,71,708968.0,1
2025-03-01,WEN,184,109507.0,1
2025-03-01,WUSD,234,11157653.0,2
2025-03-01,XAI,89,3708454.0,1
2025-03-01,XUSD,162,2059636.0,1
2025-03-01,XY,223,4579.0,1
2025-03-01,YUSD,13,11861163.0,1
2025-03-01,YUSD,255,10241322.0,1
2025-03-01,ZUSD,43,18645202.0,5
2025-03-01,ZeUSD,225,27645937.0,4
2025-03-01,aSEED,45,2714363.0,1
2025-03-01,aUSD,198,1807044.0,1
2025-03-01,bitUSD,191,4064683.0,1
2025-03-01,btcUSD,189,66972.0,1
2025-03-01,cUSD,203,50.0,1
2025-03-01,cgUSD,166,37324884.0,1
2025-03-01,clevUSD,114,89448.0,1
2025-03-01,crvUSD,110,85694484.0,10
2025-03-01,csUSDL,243,35597764.0,1
2025-03-01,d2O,108,11744.0,2
2025-03-01,dUSD,224,1881200.0,1
2025-03-01,eUSD,138,22076.0,2
2025-03-01,eUSD(v2),125,2434744.0,1
2025-03-01,fxUSD,168,15646096.0,1
2025-03-01,mkUSD,126,504838.0,1
2025-03-01,peUSD,124,2141525.0,2
2025-03-01,rUSD,174,574758.0,1
2025-03-01,rUSD,217,44769051.0,1
2025-03-01,rgUSD,190,276916.0,3
2025-03-01,sLSD,121,404.0,1
2025-03-01,sUSD,216,11617573.0,1
2025-03-01,satUSD,218,1349207.0,4
2025-03-01,syUSD,236,1324490.0,1
2025-03-01,zkUSD,151,1179099.0,1
2025-03-01,zunUSD,181,226793.0,1
2025-04-01,3USD,58,580688.0,1
2025-04-01,ALUSD,20,15835332.0,4
2025-04-01,ANONUSD,102,10803.0,1
2025-04-01,ARUSD,82,78372.0,1
2025-04-01,AUSD,205,77498841.0,4
2025-04-01,BAI,48,743245.0,1
2025-04-01,BAOUSD,94,2000962.0,1
2025-04-01,BEAN,67,33410060.0,1
2025-04-01,BNUSD,204,5367291.0,9
2025-04-01,BOB,84,36220.0,5
2025-04-01,BOLD,227,2407352.0,5
2025-04-01,BREAD,180,525737.0,1
2025-04-01,BUCK,154,65684804.0,1
2025-04-01,BUIDL,173,2533213109.0,6
2025-04-01,BUSD,4,57792684.0,10
2025-04-01,BUSD,153,264071069.0,26
2025-04-01,BtcUSD,183,9873143.0,2
2025-04-01,CASH,99,75980.0,1
2025-04-01,CASH,134,1034.0,1
2025-04-01,CASH,206,315348.0,1
2025-04-01,CUSD,24,22943486.0,4
2025-04-01,CUSD,96,37513.0,3
2025-04-01,CZUSD,107,884666.0,1
2025-04-01,DAI,5,4116125014.0,44
2025-04-01,DAI+,111,28803.0,3
2025-04-01,DCKUSD,208,11159.0,1
2025-04-01,DEUSD,210,177482057.0,4
2025-04-01,DJED,93,3246143.0,1
2025-04-01,DLLR,160,3250267.0,1
2025-04-01,DOC,30,3508297.0,2
2025-04-01,DOLA,15,214256751.0,8
2025-04-01,DSU,100,827086.0,2
2025-04-01,DUSD,70,2952324.0,1
2025-04-01,DUSD,104,95469.0,5
2025-04-01,DUSD,252,22425209.0,2
2025-04-01,DYAD,207,152637.0,1
2025-04-01,ERN,117,126058.0,1
2025-04-01,EUSD,106,22581342.0,3
2025-04-01,EUSD,109,156364.0,1
2025-04-01,FDUSD,119,1211166472.0,4
2025-04-01,FEI,9,3492556.0,1
2025-04-01,FEUSD,251,52250755.0,1
2025-04-01,FIAT,61,7607.0,1
2025-04-01,FLEXUSD,21,166350245.0,2
2025-04-01,FRAX,6,211776038.0,21
2025-04-01,FRXUSD,235,153703391.0,15
2025-04-01,FUSD,63,18936996.0,1
2025-04-01,FXD,176,3404836.0,1
2025-04-01,GAI,169,14399.0,1
2025-04-01,GHO,118,233134448.0,1
2025-04-01,GRAI,116,518276.0,7
2025-04-01,GUSD,19,58236078.0,1
2025-04-01,GYD,185,26514086.0,2
2025-04-01,HAI,171,629483.0,1
2025-04-01,HEXDC,201,360576.0,1
2025-04-01,HOME,60,6066832.0,1
2025-04-01,HONEY,231,281971165.0,1
2025-04-01,HUSD,17,192313548.0,3
2025-04-01,HYDT,142,88944.0,1
2025-04-01,HYUSD,144,3244707.0,2
2025-04-01,IST,135,849289.0,2
2025-04-01,IUSD,88,5793931.0,1
2025-04-01,KNOX,187,310757.0,1
2025-04-01,KUSD,72,794798.0,1
2025-04-01,LISUSD,79,63101092.0,1
2025-04-01,LUSD,8,43459560.0,10
2025-04-01,LVLUSD,229,166852135.0,1
2025-04-01,M,213,205888828.0,1
2025-04-01,MIM,10,60376992.0,12
2025-04-01,MOD,212,2104022.0,1
2025-04-01,MONEY,74,31354.0,1
2025-04-01,MSD,259,14682.0,1
2025-04-01,MUSD,26,3311644.0,3
2025-04-01,MyUSD,148,215449.0,1
2025-04-01,NEX,128,5177.0,2
2025-04-01,NOTE,78,1345467.0,1
2025-04-01,NUSD,18,3501105.0,12
2025-04-01,NXUSD,103,7296227.0,2
2025-04-01,OUSD,23,6951478.0,1
2025-04-01,PAI,16,4223738.0,1
2025-04-01,PAUSD,222,96897.0,2
2025-04-01,PINA,92,913471.0,1
2025-04-01,PINTO,232,10979554.0,1
2025-04-01,PUSD,62,114810.0,1
2025-04-01,PXDC,175,729803.0,1
2025-04-01,PYUSD,120,880104994.0,4
2025-04-01,R,115,10722183.0,2
2025-04-01,REUSD,256,101154216.0,1
2025-04-01,RLUSD,250,317042712.0,2
2025-04-01,RSV,25,208774.0,2
2025-04-01,RUSD,90,38702.0,1
2025-04-01,SCB,150,28563.0,1
2025-04-01,SCUSD,238,45228712.0,1
2025-04-01,SIGUSD,59,325698.0,1
2025-04-01,STAR,123,258734.0,3
2025-04-01,STBL,38,199976.0,1
2025-04-01,SUSD,22,55543443.0,4
2025-04-01,SVUSD,130,173785.0,1
2025-04-01,TBILL,257,167298257.0,4
2025-04-01,THUSD,211,1383340.0,1
2025-04-01,TOR,29,17070481.0,1
2025-04-01,TUSD,7,485485719.0,9
2025-04-01,ULTRA,163,178414.0,1
2025-04-01,UNO,177,29195.0,1
2025-04-01,USBD,253,2001322.0,3
2025-04-01,USC,188,12609640.0,1
2025-04-01,USC,193,22953.0,1
2025-04-01,USC,196,52532.0,2
2025-04-01,USD+,46,20828484.0,9
2025-04-01,USD0,195,657358951.0,2
2025-04-01,USD1,262,2127970410.0,2
2025-04-01,USD3,178,43010074.0,2
2025-04-01,USDA,192,27525421.0,1
2025-04-01,USDA,220,305639061.0,15
2025-04-01,USDA,245,10725364.0,1
2025-04-01,USDB,34,147529.0,1
2025-04-01,USDB,172,78330993.0,1
2025-04-01,USDC,2,62036391439.0,102
2025-04-01,USDCB,164,225200.0,1
2025-04-01,USDD,14,329399566.0,4
2025-04-01,USDF,219,128918001.0,1
2025-04-01,USDFC,248,238827.0,1
2025-04-01,USDGLO,155,3566561.0,8
2025-04-01,USDH,65,1726170.0,1
2025-04-01,USDH,242,5002725.0,1
2025-04-01,USDI,76,31714.0,1
2025-04-01,USDI,87,3743.0,1
2025-04-01,USDJ,37,8821922.0,1
2025-04-01,USDK,27,488711.0,4
2025-04-01,USDL,68,175116.0,2
2025-04-01,USDL,152,4677904.0,1
2025-04-01,USDL,244,94967078.0,2
2025-04-01,USDM,132,34949174.0,6
2025-04-01,USDM,215,10610257.0,1
2025-04-01,USDN,12,408891268.0,4
2025-04-01,USDO,241,147394159.0,2
2025-04-01,USDP,11,70111880.0,3
2025-04-01,USDP,33,2638610.0,4
2025-04-01,USDQ,228,4517.0,1
2025-04-01,USDR,85,44241086.0,2
2025-04-01,USDR,240,5400469.0,1
2025-04-01,USDRIF,159,1035762.0,1
2025-04-01,USDS,31,18047728.0,4
2025-04-01,USDS,32,904286.0,1
2025-04-01,USDS,149,97260.0,2
2025-04-01,USDS,209,4200537336.0,4
2025-04-01,USDS,233,460170.0,1
2025-04-01,USDT,1,148641451664.0,86
2025-04-01,USDT+,112,286333.0,3
2025-04-01,USDTB,221,1438233379.0,1
2025-04-01,USDTZ,73,271875.0,1
2025-04-01,USDV,143,504283.0,7
2025-04-01,USDV,261,1033969.0,1
2025-04-01,USDW,83,1444852.0,1
2025-04-01,USDX,42,24142175.0,1
2025-04-01,USDX,214,626674267.0,3
2025-04-01,USDX,263,25250069.0,3
2025-04-01,USDY,129,537773494.0,11
2025-04-01,USDe,146,4672995838.0,20
2025-04-01,USDf,246,204528041.0,1
2025-04-01,USDz,202,127718086.0,4
2025-04-01,USH,57,38148.0,1
2025-04-01,USK,81,1690330.0,2
2025-04-01,USN,54,38439517.0,2
2025-04-01,USN,230,27488288.0,3
2025-04-01,USP,97,65437889.0,1
2025-04-01,USR,197,283000438.0,1
2025-04-01,USX,44,15353577.0,9
2025-04-01,USYC,237,414738353.0,1
2025-04-01,UUSD,75,11639647.0,1
2025-04-01,UXD,64,342194.0,1
2025-04-01,VAI,28,2453530.0,1
2025-04-01,VST,71,275546.0,1
2025-04-01,VUSD,260,466663.0,3
2025-04-01,WEN,184,109087.0,1
2025-04-01,WUSD,234,9810981.0,2
2025-04-01,XAI,89,4848250.0,1
2025-04-01,XUSD,162,2086507.0,1
2025-04-01,XY,223,4579.0,1
2025-04-01,YUSD,13,11874724.0,1
2025-04-01,YUSD,255,19094026.0,2
2025-04-01,ZUSD,43,18645219.0,5
2025-04-01,ZeUSD,225,27645937.0,4
2025-04-01,aSEED,45,2714333.0,1
2025-04-01,aUSD,198,3149616.0,1
2025-04-01,bitUSD,191,2061163.0,1
2025-04-01,btcUSD,189,49251.0,1
2025-04-01,cUSD,203,50.0,1
2025-04-01,cgUSD,166,37553319.0,1
2025-04-01,clevUSD,114,89448.0,1
2025-04-01,crvUSD,110,160256882.0,11
2025-04-01,csUSDL,243,72783176.0,1
2025-04-01,d2O,108,11744.0,2
2025-04-01,dUSD,224,1790189.0,1
2025-04-01,eUSD,138,22076.0,2
2025-04-01,eUSD(v2),125,2238562.0,1
2025-04-01,fxUSD,168,19683410.0,1
2025-04-01,mkUSD,126,472131.0,1
2025-04-01,peUSD,124,1290054.0,2
2025-04-01,rUSD,174,534839.0,1
2025-04-01,rUSD,217,85117074.0,1
2025-04-01,rgUSD,190,12688.0,3
2025-04-01,sLSD,121,404.0,1
2025-04-01,sUSD,216,10869558.0,1
2025-04-01,satUSD,218,3841650.0,4
2025-04-01,syUSD,236,2249934.0,1
2025-04-01,zkUSD,151,1179099.0,1
2025-04-01,zunUSD,181,303360.0,1
2025-05-01,3USD,58,550396.0,1
2025-05-01,ALUSD,20,14815082.0,4
2025-05-01,ANONUSD,102,10803.0,1
2025-05-01,ARUSD,82,78372.0,1
2025-05-01,AUSD,205,76666610.0,4
2025-05-01,BAI,48,746951.0,1
2025-05-01,BAOUSD,94,2000067.0,1
2025-05-01,BEAN,67,33410055.0,1
2025-05-01,BNUSD,204,5662787.0,9
2025-05-01,BOB,84,35739.0,5
2025-05-01,BOLD,227,1930041.0,5
2025-05-01,BOLD,269,33039388.0,5
2025-05-01,BREAD,180,461182.0,1
2025-05-01,BUCK,154,68054507.0,1
2025-05-01,BUIDL,173,2900407190.0,6
2025-05-01,BUSD,4,57792684.0,10
2025-05-01,BUSD,153,259861906.0,26
2025-05-01,BtcUSD,183,9295092.0,2
2025-05-01,CASH,99,75704.0,1
2025-05-01,CASH,134,1034.0,1
2025-05-01,CASH,206,325658.0,1
2025-05-01,CUSD,24,22584483.0,4
2025-05-01,CUSD,96,37513.0,3
2025-05-01,CZUSD,107,892693.0,1
2025-05-01,DAI,5,4712281072.0,44
2025-05-01,DAI+,111,27709.0,3
2025-05-01,DCKUSD,208,11159.0,1
2025-05-01,DEUSD,210,178833957.0,4
2025-05-01,DJED,93,3272195.0,1
2025-05-01,DLLR,160,3376539.0,1
2025-05-01,DOC,30,3376066.0,2
2025-05-01,DOLA,15,179239604.0,8
2025-05-01,DSU,100,771899.0,2
2025-05-01,DUSD,70,2952324.0,1
2025-05-01,DUSD,104,97501.0,5
2025-05-01,DUSD,252,24486534.0,2
2025-05-01,DYAD,207,108241.0,1
2025-05-01,ERN,117,95756.0,1
2025-05-01,EUSD,106,21316443.0,3
2025-05-01,EUSD,109,155261.0,1
2025-05-01,FDUSD,119,1405120905.0,4
2025-05-01,FEI,9,3602455.0,1
2025-05-01,FEUSD,251,54617301.0,1
2025-05-01,FIAT,61,7607.0,1
2025-05-01,FLEXUSD,21,166350245.0,2
2025-05-01,FRAX,6,190163131.0,21
2025-05-01,FRXUSD,235,133523458.0,15
2025-05-01,FUSD,63,18936996.0,1
2025-05-01,FXD,176,2477865.0,1
2025-05-01,GAI,169,14399.0,1
2025-05-01,GHO,118,246920655.0,1
2025-05-01,GRAI,116,418715.0,7
2025-05-01,GUSD,19,49419839.0,1
2025-05-01,GYD,185,26528807.0,2
2025-05-01,HAI,171,622886.0,1
2025-05-01,HEXDC,201,337714.0,1
2025-05-01,HOME,60,6066832.0,1
2025-05-01,HONEY,231,79448675.0,1
2025-05-01,HUSD,17,192313548.0,3
2025-05-01,HYDT,142,89050.0,1
2025-05-01,HYUSD,144,3334050.0,2
2025-05-01,IST,135,820662.0,2
2025-05-01,IUSD,88,6211849.0,1
2025-05-01,KNOX,187,401361.0,1
2025-05-01,KUSD,72,791125.0,1
2025-05-01,LISUSD,79,62113377.0,1
2025-05-01,LUSD,8,41378555.0,10
2025-05-01,LVLUSD,229,151008462.0,1
2025-05-01,M,213,242200445.0,1
2025-05-01,MEAD,267,756461.0,1
2025-05-01,MIM,10,58427850.0,12
2025-05-01,MOD,212,1279682.0,1
2025-05-01,MONEY,74,31354.0,1
2025-05-01,MSD,259,13386.0,1
2025-05-01,MUSD,26,3311429.0,3
2025-05-01,MyUSD,148,213449.0,1
2025-05-01,NEX,128,5177.0,2
2025-05-01,NOTE,78,1313252.0,1
2025-05-01,NUSD,18,3351901.0,12
2025-05-01,NXUSD,103,7455829.0,2
2025-05-01,OUSD,23,7569671.0,1
2025-05-01,PAI,16,4223738.0,1
2025-05-01,PAUSD,222,81214.0,2
2025-05-01,PINA,92,913471.0,1
2025-05-01,PINTO,232,10711994.0,1
2025-05-01,PUSD,62,6646.0,1
2025-05-01,PXDC,175,752859.0,1
2025-05-01,PYUSD,120,906606815.0,5
2025-05-01,R,115,10722183.0,2
2025-05-01,REUSD,256,124245464.0,1
2025-05-01,RLUSD,250,309043794.0,2
2025-05-01,RSV,25,208774.0,2
2025-05-01,RUSD,90,38702.0,1
2025-05-01,SCB,150,28563.0,1
2025-05-01,SCUSD,238,44213842.0,1
2025-05-01,SIGUSD,59,366155.0,1
2025-05-01,STAR,123,344902.0,3
2025-05-01,STBL,38,199976.0,1
2025-05-01,SUSD,22,52548224.0,4
2025-05-01,SVUSD,130,173773.0,1
2025-05-01,TBILL,257,171802576.0,4
2025-05-01,THUSD,211,1298249.0,1
2025-05-01,TOR,29,17070481.0,1
2025-05-01,TUSD,7,485485720.0,9
2025-05-01,ULTRA,163,45595.0,1
2025-05-01,UNO,177,29135.0,1
2025-05-01,USBD,253,2003399.0,4
2025-05-01,USC,188,12343386.0,1
2025-05-01,USC,193,21852.0,1
2025-05-01,USC,196,52621.0,2
2025-05-01,USD+,46,21294932.0,9
2025-05-01,USD0,195,629838024.0,2
2025-05-01,USD1,262,2176592011.0,2
2025-05-01,USD3,178,46828343.0,2
2025-05-01,USDA,192,26022237.0,1
2025-05-01,USDA,220,305639060.0,15
2025-05-01,USDA,245,10322467.0,1
2025-05-01,USDB,34,147529.0,1
2025-05-01,USDB,172,81532301.0,1
2025-05-01,USDC,2,60627591232.0,103
2025-05-01,USDCB,164,225200.0,1
2025-05-01,USDD,14,394845815.0,4
2025-05-01,USDE,264,49195.0,1
2025-05-01,USDF,219,132763427.0,1
2025-05-01,USDFC,248,333246.0,1
2025-05-01,USDGLO,155,3500407.0,8
2025-05-01,USDH,65,1615436.0,1
2025-05-01,USDH,242,4857196.0,1
2025-05-01,USDI,76,29603.0,1
2025-05-01,USDI,87,3743.0,1
2025-05-01,USDJ,37,8328260.0,1
2025-05-01,USDK,27,488710.0,4
2025-05-01,USDK,265,849021.0,1
2025-05-01,USDL,68,175116.0,2
2025-05-01,USDL,152,4543373.0,1
2025-05-01,USDL,244,112694593.0,2
2025-05-01,USDM,132,18070248.0,6
2025-05-01,USDM,215,11552989.0,1
2025-05-01,USDN,12,408891244.0,4
2025-05-01,USDO,241,236846301.0,2
2025-05-01,USDP,11,71561431.0,3
2025-05-01,USDP,33,2638610.0,4
2025-05-01,USDQ,228,222944.0,1
2025-05-01,USDR,85,44241086.0,2
2025-05-01,USDR,240,5850474.0,1
2025-05-01,USDRIF,159,1123349.0,1
2025-05-01,USDS,31,18047728.0,4
2025-05-01,USDS,32,844705.0,1
2025-05-01,USDS,149,97260.0,2
2025-05-01,USDS,209,3529915710.0,4
2025-05-01,USDS,233,418162.0,1
2025-05-01,USDT,1,153394758658.0,90
2025-05-01,USDT+,112,290285.0,3
2025-05-01,USDTB,221,1449159857.0,1
2025-05-01,USDTZ,73,271875.0,1
2025-05-01,USDV,143,493070.0,7
2025-05-01,USDV,261,1133984.0,1
2025-05-01,USDW,83,1444852.0,1
2025-05-01,USDX,42,25118568.0,1
2025-05-01,USDX,214,672826907.0,3
2025-05-01,USDX,263,26210069.0,3
2025-05-01,USDY,129,581684655.0,11
2025-05-01,USDe,146,5356961147.0,22
2025-05-01,USDf,246,447680923.0,1
2025-05-01,USDz,202,124093457.0,4
2025-05-01,USH,57,38711.0,1
2025-05-01,USK,81,1676541.0,2
2025-05-01,USN,54,38439517.0,2
2025-05-01,USN,230,25619690.0,3
2025-05-01,USP,97,65437889.0,1
2025-05-01,USR,197,236872052.0,1
2025-05-01,USX,44,15292839.0,9
2025-05-01,USYC,237,351014744.0,1
2025-05-01,UUSD,75,11704383.0,1
2025-05-01,UXD,64,338699.0,1
2025-05-01,VAI,28,2799390.0,1
2025-05-01,VST,71,263213.0,1
2025-05-01,VUSD,260,880049.0,3
2025-05-01,WEN,184,109085.0,1
2025-05-01,WUSD,234,12970405.0,2
2025-05-01,XAI,89,4848250.0,1
2025-05-01,XUSD,162,2040230.0,1
2025-05-01,XY,223,4579.0,1
2025-05-01,YU,268,18793841.0,2
2025-05-01,YUSD,13,11847635.0,1
2025-05-01,YUSD,255,24601784.0,2
2025-05-01,ZUSD,43,18644914.0,5
2025-05-01,ZeUSD,225,27645937.0,4
2025-05-01,aSEED,45,2714282.0,1
2025-05-01,aUSD,198,3368036.0,1
2025-05-01,avUSD,271,62235220.0,1
2025-05-01,bitUSD,191,2056003.0,1
2025-05-01,btcUSD,189,51647.0,1
2025-05-01,cUSD,203,50.0,1
2025-05-01,cgUSD,166,68077108.0,1
2025-05-01,clevUSD,114,89448.0,1
2025-05-01,crvUSD,110,140102102.0,11
2025-05-01,csUSDL,243,126121209.0,1
2025-05-01,d2O,108,11744.0,2
2025-05-01,dUSD,224,1888187.0,1
2025-05-01,eUSD,138,22076.0,2
2025-05-01,eUSD(v2),125,3288824.0,1
2025-05-01,fxUSD,168,51894238.0,1
2025-05-01,mkUSD,126,305183.0,1
2025-05-01,pUSD,266,31095976.0,1
2025-05-01,peUSD,124,1293224.0,2
2025-05-01,rUSD,174,784002.0,1
2025-05-01,rUSD,217,75992361.0,1
2025-05-01,rgUSD,190,19647.0,3
2025-05-01,sLSD,121,404.0,1
2025-05-01,sUSD,216,13963523.0,1
2025-05-01,satUSD,218,23038058.0,8
2025-05-01,syUSD,236,2500487.0,1
2025-05-01,zkUSD,151,1179099.0,1
2025-05-01,zunUSD,181,303360.0,1
2025-06-01,3USD,58,548773.0,1
2025-06-01,ALUSD,20,14819028.0,4
2025-06-01,ANONUSD,102,10803.0,1
2025-06-01,ARUSD,82,78372.0,1
2025-06-01,AUSD,205,75096336.0,4
2025-06-01,BAI,48,725755.0,1
2025-06-01,BAOUSD,94,16161.0,1
2025-06-01,BEAN,67,33410055.0,1
2025-06-01,BNUSD,204,5804288.0,9
2025-06-01,BOB,84,35808.0,5
2025-06-01,BOLD,227,1529161.0,5
2025-06-01,BOLD,269,42922765.0,5
2025-06-01,BREAD,180,433338.0,1
2025-06-01,BUCK,154,61374761.0,1
2025-06-01,BUIDL,173,2853385633.0,6
2025-06-01,BUSD,4,57792684.0,10
2025-06-01,BUSD,153,259868626.0,26
2025-06-01,BtcUSD,183,10097899.0,2
2025-06-01,CASH,99,74814.0,1
2025-06-01,CASH,134,1034.0,1
2025-06-01,CASH,206,346676.0,1
2025-06-01,CUSD,24,20890623.0,4
2025-06-01,CUSD,96,37513.0,3
2025-06-01,CZUSD,107,900685.0,1
2025-06-01,DAI,5,4293530440.0,44
2025-06-01,DAI+,111,23908.0,3
2025-06-01,DCKUSD,208,11159.0,1
2025-06-01,DEUSD,210,163050195.0,4
2025-06-01,DJED,93,4058096.0,1
2025-06-01,DLLR,160,3620670.0,1
2025-06-01,DOC,30,3388537.0,2
2025-06-01,DOLA,15,199039604.0,8
2025-06-01,DSU,100,767677.0,2
2025-06-01,DUSD,70,2952324.0,1
2025-06-01,DUSD,104,95956.0,5
2025-06-01,DUSD,252,32338412.0,2
2025-06-01,DYAD,207,77880.0,1
2025-06-01,ERN,117,84063.0,1
2025-06-01,EUSD,106,22601551.0,3
2025-06-01,EUSD,109,158795.0,1
2025-06-01,FDUSD,119,1225274646.0,5
2025-06-01,FEI,9,3644324.0,1
2025-06-01,FEUSD,251,73499440.0,1
2025-06-01,FIAT,61,7607.0,1
2025-06-01,FLEXUSD,21,166350245.0,2
2025-06-01,FRAX,6,175739573.0,21
2025-06-01,FRXUSD,235,113199204.0,15
2025-06-01,FUSD,63,18936996.0,1
2025-06-01,FXD,176,2583447.0,1
2025-06-01,GAI,169,14399.0,1
2025-06-01,GHO,118,224263086.0,1
2025-06-01,GRAI,116,410768.0,7
2025-06-01,GUSD,19,46872772.0,1
2025-06-01,GYD,185,26536887.0,2
2025-06-01,HAI,171,628646.0,1
2025-06-01,HEXDC,201,311198.0,1
2025-06-01,HOME,60,6066832.0,1
2025-06-01,HONEY,231,50916260.0,1
2025-06-01,HUSD,17,192313548.0,3
2025-06-01,HYDT,142,89113.0,1
2025-06-01,HYUSD,144,3919084.0,2
2025-06-01,IST,135,816926.0,2
2025-06-01,IUSD,88,6264462.0,1
2025-06-01,KNOX,187,304332.0,1
2025-06-01,KUSD,72,783419.0,1
2025-06-01,LISUSD,79,62893499.0,1
2025-06-01,LUSD,8,41032078.0,10
2025-06-01,LVLUSD,229,124724549.0,1
2025-06-01,M,213,314443459.0,1
2025-06-01,MEAD,267,663644.0,1
2025-06-01,MIM,10,58304331.0,14
2025-06-01,MOD,212,1206588.0,1
2025-06-01,MONEY,74,31354.0,1
2025-06-01,MSD,259,10822.0,1
2025-06-01,MUSD,26,3307398.0,3
2025-06-01,MyUSD,148,213449.0,1
2025-06-01,NEX,128,5177.0,2
2025-06-01,NOTE,78,1316144.0,1
2025-06-01,NUSD,18,3069166.0,12
2025-06-01,NXUSD,103,7729127.0,2
2025-06-01,OUSD,23,10042952.0,1
2025-06-01,PAI,16,4223738.0,1
2025-06-01,PAUSD,222,74791.0,2
2025-06-01,PINA,92,913471.0,1
2025-06-01,PINTO,232,10623068.0,1
2025-06-01,PUSD,62,6646.0,1
2025-06-01,PXDC,175,762686.0,1
2025-06-01,PYUSD,120,967753806.0,5
2025-06-01,R,115,10722183.0,2
2025-06-01,REUSD,256,82008225.0,1
2025-06-01,RLUSD,250,455243694.0,2
2025-06-01,RSV,25,208774.0,2
2025-06-01,RUSD,90,38702.0,1
2025-06-01,SCB,150,28559.0,1
2025-06-01,SCUSD,238,20816881.0,1
2025-06-01,SIGUSD,59,348011.0,1
2025-06-01,STAR,123,255532.0,3
2025-06-01,STBL,38,199976.0,1
2025-06-01,SUSD,22,54905333.0,4
2025-06-01,SVUSD,130,173775.0,1
2025-06-01,TBILL,257,170272270.0,4
2025-06-01,THUSD,211,1028928.0,1
2025-06-01,TOR,29,17070481.0,1
2025-06-01,TUSD,7,484484720.0,9
2025-06-01,ULTRA,163,12915.0,1
2025-06-01,UNO,177,28603.0,1
2025-06-01,USBD,253,7478746.0,4
2025-06-01,USC,188,13006660.0,1
2025-06-01,USC,193,21822.0,1
2025-06-01,USC,196,52740.0,2
2025-06-01,USD+,46,21057048.0,9
2025-06-01,USD0,195,592341937.0,2
2025-06-01,USD1,262,2204586586.0,2
2025-06-01,USD3,178,47402136.0,2
2025-06-01,USDA,192,26225675.0,1
2025-06-01,USDA,220,285630022.0,15
2025-06-01,USDA,245,10158894.0,1
2025-06-01,USDB,34,147529.0,1
2025-06-01,USDB,172,76356312.0,1
2025-06-01,USDC,2,61340779585.0,105
2025-06-01,USDCB,164,225200.0,1
2025-06-01,USDD,14,432767417.0,4
2025-06-01,USDE,264,49165.0,1
2025-06-01,USDF,219,63903050.0,1
2025-06-01,USDFC,248,302084.0,1
2025-06-01,USDGLO,155,3390812.0,8
2025-06-01,USDH,65,1617020.0,1
2025-06-01,USDH,242,4849624.0,1
2025-06-01,USDI,76,29395.0,1
2025-06-01,USDI,87,3743.0,1
2025-06-01,USDJ,37,7860685.0,1
2025-06-01,USDK,27,488710.0,4
2025-06-01,USDK,265,509828.0,1
2025-06-01,USDL,68,175116.0,2
2025-06-01,USDL,152,4590043.0,1
2025-06-01,USDL,244,110235879.0,2
2025-06-01,USDM,132,6158166.0,6
2025-06-01,USDM,215,11316008.0,1
2025-06-01,USDN,12,408891223.0,4
2025-06-01,USDN,277,3703914.0,1
2025-06-01,USDO,241,275728082.0,3
2025-06-01,USDP,11,65391431.0,3
2025-06-01,USDP,33,2638610.0,4
2025-06-01,USDQ,228,268737.0,1
2025-06-01,USDQ,275,88297.0,1
2025-06-01,USDR,85,44241085.0,2
2025-06-01,USDR,240,6249984.0,1
2025-06-01,USDRIF,159,1106623.0,1
2025-06-01,USDS,31,18047728.0,4
2025-06-01,USDS,32,827680.0,1
2025-06-01,USDS,149,97260.0,2
2025-06-01,USDS,209,4247804751.0,6
2025-06-01,USDS,233,426077.0,1
2025-06-01,USDT,1,158056723273.0,91
2025-06-01,USDT+,112,291249.0,3
2025-06-01,USDTB,221,1461530438.0,1
2025-06-01,USDTZ,73,271875.0,1
2025-06-01,USDV,143,492366.0,7
2025-06-01,USDV,261,1386051.0,1
2025-06-01,USDW,83,1444852.0,1
2025-06-01,USDX,42,24793919.0,1
2025-06-01,USDX,214,670342218.0,3
2025-06-01,USDX,263,25610069.0,3
2025-06-01,USDY,129,627813570.0,11
2025-06-01,USDaf,273,510648.0,1
2025-06-01,USDe,146,5299560565.0,22
2025-06-01,USDf,246,485810220.0,1
2025-06-01,USDz,202,123843693.0,4
2025-06-01,USH,57,38867.0,1
2025-06-01,USH,276,2346221.0,1
2025-06-01,USK,81,1668563.0,2
2025-06-01,USN,54,38439517.0,2
2025-06-01,USN,230,26013175.0,3
2025-06-01,USP,97,65437889.0,1
2025-06-01,USR,197,208056760.0,1
2025-06-01,USX,44,15276277.0,9
2025-06-01,USYC,237,283068400.0,1
2025-06-01,UUSD,75,11639833.0,1
2025-06-01,UXD,64,323525.0,1
2025-06-01,VAI,28,2381245.0,1
2025-06-01,VST,71,257023.0,1
2025-06-01,VUSD,260,945502.0,3
2025-06-01,WEN,184,108876.0,1
2025-06-01,WEUSD,278,547010.0,4
2025-06-01,WUSD,234,3606754.0,2
2025-06-01,XAI,89,4858106.0,1
2025-06-01,XUSD,162,2073862.0,1
2025-06-01,XY,223,4579.0,1
2025-06-01,YLDS,272,4078319.0,1
2025-06-01,YU,268,77774526.0,2
2025-06-01,YUSD,13,11847710.0,1
2025-06-01,YUSD,255,25077557.0,2
2025-06-01,ZUSD,43,18644816.0,5
2025-06-01,ZeUSD,225,27645937.0,4
2025-06-01,aSEED,45,2714282.0,1
2025-06-01,aUSD,198,1420827.0,1
2025-06-01,avUSD,271,76157221.0,1
2025-06-01,bitUSD,191,2056003.0,1
2025-06-01,btcUSD,189,62447.0,1
2025-06-01,cUSD,203,50.0,1
2025-06-01,cgUSD,166,72836935.0,1
2025-06-01,clevUSD,114,89448.0,1
2025-06-01,crvUSD,110,123290119.0,11
2025-06-01,csUSDL,243,137254497.0,1
2025-06-01,d2O,108,11744.0,2
2025-06-01,dUSD,224,1609437.0,1
2025-06-01,eUSD,138,22076.0,2
2025-06-01,eUSD(v2),125,1187243.0,1
2025-06-01,fxUSD,168,70345693.0,1
2025-06-01,mkUSD,126,304173.0,1
2025-06-01,pUSD,266,35201009.0,1
2025-06-01,paraUSD,279,255052.0,1
2025-06-01,peUSD,124,1171634.0,2
2025-06-01,rUSD,174,942649.0,1
2025-06-01,rUSD,217,75789450.0,1
2025-06-01,rgUSD,190,18275.0,3
2025-06-01,sLSD,121,404.0,1
2025-06-01,sUSD,216,11817544.0,1
2025-06-01,satUSD,218,59447307.0,8
2025-06-01,syUSD,236,3107125.0,1
2025-06-01,zkUSD,151,1179099.0,1
2025-06-01,zunUSD,181,303360.0,1
2025-07-01,3USD,58,472440.0,1
2025-07-01,ALUSD,20,14458016.0,4
2025-07-01,ANONUSD,102,10803.0,1
2025-07-01,ARUSD,82,78372.0,1
2025-07-01,AUSD,205,174765634.0,8
2025-07-01,BAI,48,514278.0,1
2025-07-01,BAOUSD,94,16161.0,1
2025-07-01,BEAN,67,33410055.0,1
2025-07-01,BNBUSD,293,487180.0,1
2025-07-01,BNUSD,204,6236836.0,9
2025-07-01,BOB,84,27824.0,5
2025-07-01,BOLD,227,1136217.0,5
2025-07-01,BOLD,269,41881969.0,6
2025-07-01,BREAD,180,428330.0,1
2025-07-01,BUCK,154,63521959.0,1
2025-07-01,BUIDL,173,2400979415.0,6
2025-07-01,BUSD,4,55026240.0,10
2025-07-01,BUSD,153,259879640.0,26
2025-07-01,BtcUSD,183,11585261.0,2
2025-07-01,CASH,99,74808.0,1
2025-07-01,CASH,134,976.0,1
2025-07-01,CASH,206,366392.0,1
2025-07-01,CUSD,24,18361184.0,4
2025-07-01,CUSD,96,37511.0,3
2025-07-01,CZUSD,107,887474.0,1
2025-07-01,DAI,5,4345393474.0,45
2025-07-01,DAI+,111,23780.0,3
2025-07-01,DCKUSD,208,11159.0,1
2025-07-01,DEUSD,210,158264834.0,4
2025-07-01,DJED,93,3779874.0,1
2025-07-01,DLLR,160,3653499.0,1
2025-07-01,DOC,30,3999213.0,2
2025-07-01,DOLA,15,202239604.0,8
2025-07-01,DSU,100,744929.0,2
2025-07-01,DUSD,70,2952324.0,1
2025-07-01,DUSD,104,94066.0,5
2025-07-01,DUSD,252,32640205.0,2
2025-07-01,DYAD,207,21034.0,1
2025-07-01,EBUSD,288,321488.0,1
2025-07-01,ERN,117,69803.0,1
2025-07-01,EUSD,106,24875868.0,3
2025-07-01,EUSD,109,185444.0,1
2025-07-01,FDUSD,119,1055423641.0,6
2025-07-01,FEI,9,3811034.0,1
2025-07-01,FEUSD,251,67480290.0,1
2025-07-01,FIAT,61,7607.0,1
2025-07-01,FLEXUSD,21,166350245.0,2
2025-07-01,FRAX,6,174344366.0,21
2025-07-01,FRXUSD,235,83958171.0,15
2025-07-01,FUSD,63,18936996.0,1
2025-07-01,FXD,176,2304091.0,1
2025-07-01,GAI,169,14399.0,1
2025-07-01,GGUSD,285,3451943.0,3
2025-07-01,GHO,118,305699090.0,1
2025-07-01,GRAI,116,490591.0,7
2025-07-01,GUSD,19,54198926.0,1
2025-07-01,GYD,185,26543369.0,2
2025-07-01,HAI,171,829677.0,1
2025-07-01,HEXDC,201,266898.0,1
2025-07-01,HOME,60,6066832.0,1
2025-07-01,HONEY,231,42624815.0,1
2025-07-01,HUSD,17,192313548.0,3
2025-07-01,HYDT,142,89189.0,1
2025-07-01,HYUSD,144,2619856.0,2
2025-07-01,IST,135,804562.0,2
2025-07-01,IUSD,88,6418458.0,1
2025-07-01,KNOX,187,162801.0,1
2025-07-01,KUSD,72,735210.0,1
2025-07-01,LISUSD,79,69957657.0,1
2025-07-01,LUSD,8,40794853.0,10
2025-07-01,LVLUSD,229,67903644.0,1
2025-07-01,M,213,302323431.0,7
2025-07-01,MEAD,267,678077.0,1
2025-07-01,MIM,10,53902270.0,14
2025-07-01,MNEE,284,39239364.0,1
2025-07-01,MOD,212,737191.0,1
2025-07-01,MONEY,74,31354.0,1
2025-07-01,MSD,259,10823.0,1
2025-07-01,MUSD,26,3296522.0,3
2025-07-01,MyUSD,148,213449.0,1
2025-07-01,NEX,128,5177.0,2
2025-07-01,NOTE,78,1306625.0,1
2025-07-01,NUSD,18,2990565.0,12
2025-07-01,NXUSD,103,7788773.0,2
2025-07-01,OUSD,23,9223203.0,1
2025-07-01,PAI,16,4223738.0,1
2025-07-01,PAUSD,222,76258.0,2
2025-07-01,PINA,92,913471.0,1
2025-07-01,PINTO,232,10898555.0,1
2025-07-01,PUSD,62,6646.0,1
2025-07-01,PXDC,175,849883.0,1
2025-07-01,PYUSD,120,943126232.0,6
2025-07-01,R,115,10722183.0,2
2025-07-01,REUSD,256,83938104.0,1
2025-07-01,RLUSD,250,577743524.0,2
2025-07-01,RSV,25,208774.0,2
2025-07-01,RUSD,90,38702.0,1
2025-07-01,SCB,150,28559.0,1
2025-07-01,SCUSD,238,13410226.0,1
2025-07-01,SIGUSD,59,353019.0,1
2025-07-01,STAR,123,260084.0,3
2025-07-01,STBL,38,199976.0,1
2025-07-01,SUSD,22,55862922.0,4
2025-07-01,SVUSD,130,173772.0,1
2025-07-01,TBILL,257,178930252.0,4
2025-07-01,THUSD,211,978700.0,1
2025-07-01,TOR,29,17070481.0,1
2025-07-01,TUSD,7,484484721.0,9
2025-07-01,ULTRA,163,12915.0,1
2025-07-01,UNO,177,25699.0,1
2025-07-01,USBD,253,7478712.0,4
2025-07-01,USC,188,13664756.0,1
2025-07-01,USC,193,22112.0,1
2025-07-01,USC,196,60444.0,2
2025-07-01,USD+,46,20976286.0,9
2025-07-01,USD0,195,584807587.0,2
2025-07-01,USD1,262,2176688325.0,3
2025-07-01,USD3,178,42103056.0,2
2025-07-01,USDA,192,23436191.0,1
2025-07-01,USDA,220,290500069.0,16
2025-07-01,USDA,245,9911249.0,1
2025-07-01,USDB,34,147529.0,1
2025-07-01,USDB,172,68844069.0,1
2025-07-01,USDC,2,63696587416.0,112
2025-07-01,USDCB,164,225200.0,1
2025-07-01,USDD,14,578711145.0,4
2025-07-01,USDE,264,49165.0,1
2025-07-01,USDF,219,49941008.0,1
2025-07-01,USDFC,248,336110.0,1
2025-07-01,USDG,286,311539500.0,3
2025-07-01,USDGLO,155,3393956.0,8
2025-07-01,USDH,65,1526202.0,1
2025-07-01,USDH,242,4994282.0,1
2025-07-01,USDI,76,29395.0,1
2025-07-01,USDI,87,3743.0,1
2025-07-01,USDJ,37,7531523.0,1
2025-07-01,USDK,27,488710.0,4
2025-07-01,USDK,265,323231.0,1
2025-07-01,USDL,68,175116.0,2
2025-07-01,USDL,152,4509412.0,1
2025-07-01,USDL,244,107060417.0,2
2025-07-01,USDM,132,3582612.0,6
2025-07-01,USDM,215,12036279.0,1
2025-07-01,USDN,12,408891202.0,4
2025-07-01,USDN,277,3434872.0,1
2025-07-01,USDN,282,105428969.0,1
2025-07-01,USDO,241,281364741.0,3
2025-07-01,USDP,11,62941431.0,3
2025-07-01,USDP,33,2638610.0,4
2025-07-01,USDQ,228,275586.0,1
2025-07-01,USDQ,275,88297.0,1
2025-07-01,USDR,85,44241086.0,2
2025-07-01,USDR,240,7075003.0,1
2025-07-01,USDRIF,159,1389035.0,1
2025-07-01,USDS,31,18047728.0,4
2025-07-01,USDS,32,838722.0,1
2025-07-01,USDS,149,97260.0,2
2025-07-01,USDS,209,4873295153.0,6
2025-07-01,USDS,233,407918.0,1
2025-07-01,USDT,1,164116395081.0,92
2025-07-01,USDT+,112,268080.0,3
2025-07-01,USDTB,221,1445467437.0,1
2025-07-01,USDTZ,73,271875.0,1
2025-07-01,USDU,283,3418744.0,1
2025-07-01,USDV,143,492366.0,7
2025-07-01,USDV,261,1392907.0,1
2025-07-01,USDW,83,1444852.0,1
2025-07-01,USDX,42,26473256.0,1
2025-07-01,USDX,214,676710079.0,3
2025-07-01,USDX,263,25070069.0,3
2025-07-01,USDY,129,622899792.0,11
2025-07-01,USDaf,273,27823.0,1
2025-07-01,USDe,146,8202649078.0,22
2025-07-01,USDf,246,1076797711.0,1
2025-07-01,USDp,291,123.0,12
2025-07-01,USDz,202,123093398.0,4
2025-07-01,USH,57,38867.0,1
2025-07-01,USH,276,1356175.0,1
2025-07-01,USK,81,1652988.0,2
2025-07-01,USN,54,38439517.0,2
2025-07-01,USN,230,24148094.0,3
2025-07-01,USND,287,2191457.0,1
2025-07-01,USP,97,65437889.0,1
2025-07-01,USR,197,270663643.0,6
2025-07-01,USX,44,15159714.0,9
2025-07-01,USYC,237,213840225.0,1
2025-07-01,UUSD,75,11492651.0,1
2025-07-01,UXD,64,323510.0,1
2025-07-01,VAI,28,2827467.0,1
2025-07-01,VST,71,256778.0,1
2025-07-01,VUSD,260,2367283.0,3
2025-07-01,WEN,184,108876.0,1
2025-07-01,WEUSD,278,1083020.0,4
2025-07-01,WUSD,234,9179688.0,2
2025-07-01,XAI,89,4858106.0,1
2025-07-01,XUSD,162,2098974.0,1
2025-07-01,XUSD,290,55255702.0,2
2025-07-01,XY,223,4579.0,1
2025-07-01,YLDS,272,18688717.0,1
2025-07-01,YU,268,117971202.0,2
2025-07-01,YUSD,13,11847710.0,1
2025-07-01,YUSD,255,29738524.0,2
2025-07-01,ZUSD,43,18644662.0,5
2025-07-01,ZeUSD,225,27645937.0,4
2025-07-01,aSEED,45,2712560.0,1
2025-07-01,aUSD,198,1407825.0,1
2025-07-01,avUSD,271,97588331.0,1
2025-07-01,bitUSD,191,249778.0,1
2025-07-01,btcUSD,189,68079.0,1
2025-07-01,cUSD,203,50.0,1
2025-07-01,cgUSD,166,73194742.0,1
2025-07-01,clevUSD,114,89409.0,1
2025-07-01,crvUSD,110,127552252.0,11
2025-07-01,csUSDL,243,109449090.0,1
2025-07-01,d2O,108,11744.0,2
2025-07-01,dUSD,224,1715710.0,1
2025-07-01,eUSD,138,22075.0,2
2025-07-01,eUSD(v2),125,1157155.0,1
2025-07-01,fxUSD,168,75485958.0,1
2025-07-01,mkUSD,126,303825.0,1
2025-07-01,pUSD,266,35505659.0,1
2025-07-01,paraUSD,279,255141.0,1
2025-07-01,peUSD,124,1096096.0,2
2025-07-01,rUSD,174,1004194.0,1
2025-07-01,rUSD,217,61081659.0,1
2025-07-01,rgUSD,190,18274.0,3
2025-07-01,sLSD,121,404.0,1
2025-07-01,sUSD,216,10119432.0,1
2025-07-01,satUSD,218,113810055.0,8
2025-07-01,syUSD,236,3436101.0,1
2025-07-01,zkUSD,151,1179099.0,1
2025-07-01,zunUSD,181,303360.0,1
2025-08-01,3USD,58,471819.0,1
2025-08-01,ALUSD,20,14572944.0,4
2025-08-01,ANONUSD,102,10803.0,1
2025-08-01,ARUSD,82,78372.0,1
2025-08-01,AUSD,205,180019257.0,9
2025-08-01,BAI,48,88416.0,1
2025-08-01,BAOUSD,94,16161.0,1
2025-08-01,BEAN,67,33410053.0,1
2025-08-01,BNBUSD,293,1974445.0,1
2025-08-01,BNUSD,204,6269108.0,9
2025-08-01,BOB,84,26791.0,5
2025-08-01,BOLD,227,900067.0,5
2025-08-01,BOLD,269,43107990.0,6
2025-08-01,BREAD,180,439980.0,1
2025-08-01,BUCK,154,68184977.0,1
2025-08-01,BUIDL,173,2383530122.0,6
2025-08-01,BUSD,4,55026240.0,10
2025-08-01,BUSD,153,259905537.0,26
2025-08-01,BtcUSD,183,11583234.0,2
2025-08-01,CASH,99,73870.0,1
2025-08-01,CASH,134,976.0,1
2025-08-01,CASH,206,369088.0,1
2025-08-01,CUSD,24,17857919.0,4
2025-08-01,CUSD,96,37511.0,3
2025-08-01,CUSD,296,72015329.0,1
2025-08-01,CZUSD,107,896040.0,1
2025-08-01,DAI,5,5177972350.0,45
2025-08-01,DAI+,111,23572.0,3
2025-08-01,DCKUSD,208,11159.0,1
2025-08-01,DEUSD,210,132546135.0,4
2025-08-01,DJED,93,4147543.0,1
2025-08-01,DLLR,160,3482336.0,1
2025-08-01,DOC,30,3687073.0,2
2025-08-01,DOLA,15,196669055.0,8
2025-08-01,DSU,100,741511.0,2
2025-08-01,DUSD,70,2952324.0,1
2025-08-01,DUSD,104,91462.0,5
2025-08-01,DUSD,252,29460232.0,2
2025-08-01,DYAD,207,17034.0,1
2025-08-01,EBUSD,288,703454.0,1
2025-08-01,ERN,117,68806.0,1
2025-08-01,EUSD,106,24672021.0,3
2025-08-01,EUSD,109,191546.0,1
2025-08-01,FDUSD,119,909549387.0,6
2025-08-01,FEI,9,3995145.0,1
2025-08-01,FEUSD,251,64650092.0,1
2025-08-01,FIAT,61,7607.0,1
2025-08-01,FLEXUSD,21,166350245.0,2
2025-08-01,FRAX,6,180402222.0,21
2025-08-01,FRXUSD,235,97097772.0,15
2025-08-01,FUSD,63,18936996.0,1
2025-08-01,FXD,176,2195840.0,1
2025-08-01,GAI,169,14299.0,1
2025-08-01,GGUSD,285,3562660.0,3
2025-08-01,GHO,118,350489127.0,1
2025-08-01,GRAI,116,488545.0,7
2025-08-01,GUSD,19,51428140.0,1
2025-08-01,GYD,185,26548432.0,2
2025-08-01,HAI,171,1001225.0,1
2025-08-01,HEXDC,201,313993.0,1
2025-08-01,HOME,60,6066832.0,1
2025-08-01,HONEY,231,34456371.0,1
2025-08-01,HUSD,17,192313548.0,3
2025-08-01,HYDT,142,89046.0,1
2025-08-01,HYUSD,144,2749005.0,2
2025-08-01,IST,135,800798.0,2
2025-08-01,IUSD,88,6533218.0,1
2025-08-01,IUSD,298,96840552.0,1
2025-08-01,KNOX,187,50034.0,1
2025-08-01,KUSD,72,660637.0,1
2025-08-01,LISUSD,79,69728792.0,1
2025-08-01,LUSD,8,38728083.0,10
2025-08-01,LVLUSD,229,49065275.0,1
2025-08-01,M,213,307302150.0,7
2025-08-01,MEAD,267,448044.0,1
2025-08-01,MIM,10,55017123.0,14
2025-08-01,MNEE,284,53937321.0,1
2025-08-01,MOD,212,402473.0,1
2025-08-01,MONEY,74,31354.0,1
2025-08-01,MSD,259,10821.0,1
2025-08-01,MSUSD,297,3060769.0,1
2025-08-01,MUSD,26,3209749.0,3
2025-08-01,MyUSD,148,213449.0,1
2025-08-01,NEX,128,5177.0,2
2025-08-01,NOTE,78,1300563.0,1
2025-08-01,NUSD,18,2999517.0,12
2025-08-01,NXUSD,103,7790184.0,2
2025-08-01,OUSD,23,9503274.0,1
2025-08-01,PAI,16,4223738.0,1
2025-08-01,PAUSD,222,31959.0,2
2025-08-01,PINA,92,913471.0,1
2025-08-01,PINTO,232,10947612.0,1
2025-08-01,PUSD,62,6646.0,1
2025-08-01,PXDC,175,867368.0,1
2025-08-01,PYUSD,120,1169215143.0,6
2025-08-01,R,115,10722183.0,2
2025-08-01,REUSD,256,79635894.0,1
2025-08-01,RLUSD,250,701950756.0,2
2025-08-01,RSV,25,208774.0,2
2025-08-01,RUSD,90,38702.0,1
2025-08-01,SCB,150,28559.0,1
2025-08-01,SCUSD,238,10215126.0,1
2025-08-01,SIGUSD,59,330221.0,1
2025-08-01,STAR,123,265689.0,3
2025-08-01,STBL,38,199976.0,1
2025-08-01,SUSD,22,63993225.0,4
2025-08-01,SVUSD,130,173772.0,1
2025-08-01,TBILL,257,252077565.0,4
2025-08-01,THUSD,211,965571.0,1
2025-08-01,TOR,29,17070481.0,1
2025-08-01,TUSD,7,484484720.0,9
2025-08-01,ULTRA,163,12915.0,1
2025-08-01,UNO,177,22099.0,1
2025-08-01,USBD,253,7478712.0,4
2025-08-01,USC,188,13509031.0,1
2025-08-01,USC,193,21950.0,1
2025-08-01,USC,196,58623.0,2
2025-08-01,USD+,46,21440377.0,9
2025-08-01,USD0,195,577355511.0,2
2025-08-01,USD1,262,2403850366.0,3
2025-08-01,USD3,178,37442526.0,2
2025-08-01,USDA,192,24181774.0,1
2025-08-01,USDA,220,274265288.0,16
2025-08-01,USDA,245,10030604.0,1
2025-08-01,USDA+,294,53550.0,2
2025-08-01,USDB,34,147529.0,1
2025-08-01,USDB,172,69676782.0,1
2025-08-01,USDC,2,71341870646.0,111
2025-08-01,USDCB,164,225200.0,1
2025-08-01,USDD,14,443685693.0,4
2025-08-01,USDE,264,49165.0,1
2025-08-01,USDF,219,47512255.0,1
2025-08-01,USDFC,248,282895.0,1
2025-08-01,USDG,286,551553110.0,3
2025-08-01,USDGLO,155,3397402.0,8
2025-08-01,USDH,65,1514222.0,1
2025-08-01,USDH,242,5440726.0,1
2025-08-01,USDI,76,27543.0,1
2025-08-01,USDI,87,3743.0,1
2025-08-01,USDJ,37,7106457.0,1
2025-08-01,USDK,27,488710.0,4
2025-08-01,USDK,265,122166.0,1
2025-08-01,USDL,68,175116.0,2
2025-08-01,USDL,152,4444094.0,1
2025-08-01,USDL,244,53853218.0,2
2025-08-01,USDM,132,1398687.0,6
2025-08-01,USDM,215,12689152.0,1
2025-08-01,USDN,12,408891184.0,4
2025-08-01,USDN,277,3723406.0,1
2025-08-01,USDN,282,54986184.0,1
2025-08-01,USDO,241,288110002.0,3
2025-08-01,USDP,11,64941431.0,3
2025-08-01,USDP,33,2638610.0,4
2025-08-01,USDQ,228,277922.0,1
2025-08-01,USDQ,275,88298.0,1
2025-08-01,USDR,85,48804323.0,2
2025-08-01,USDR,240,8805738.0,1
2025-08-01,USDRIF,159,1487554.0,1
2025-08-01,USDS,31,18047728.0,4
2025-08-01,USDS,32,818403.0,1
2025-08-01,USDS,149,97260.0,2
2025-08-01,USDS,209,4536937663.0,6
2025-08-01,USDS,233,106406.0,1
2025-08-01,USDT,1,168005950275.0,92
2025-08-01,USDT+,112,266013.0,3
2025-08-01,USDTB,221,1480143017.0,1
2025-08-01,USDTZ,73,271875.0,1
2025-08-01,USDU,283,9421282.0,1
2025-08-01,USDV,143,486301.0,7
2025-08-01,USDV,261,1400334.0,1
2025-08-01,USDW,83,1444852.0,1
2025-08-01,USDX,42,25231355.0,1
2025-08-01,USDX,214,680979680.0,3
2025-08-01,USDX,263,33337867.0,3
2025-08-01,USDY,129,622714393.0,11
2025-08-01,USDaf,273,22714.0,1
2025-08-01,USDaf,295,11063996.0,1
2025-08-01,USDe,146,12323217711.0,22
2025-08-01,USDf,246,1229918088.0,2
2025-08-01,USDp,291,435800.0,12
2025-08-01,USDz,202,122438574.0,4
2025-08-01,USH,57,38303.0,1
2025-08-01,USH,276,1289178.0,1
2025-08-01,USK,81,995091.0,2
2025-08-01,USN,54,38439517.0,2
2025-08-01,USN,230,24127081.0,3
2025-08-01,USND,287,2461772.0,1
2025-08-01,USP,97,65437889.0,1
2025-08-01,USR,197,310278827.0,6
2025-08-01,USX,44,15158356.0,9
2025-08-01,USYC,237,570516179.0,2
2025-08-01,UUSD,75,11495264.0,1
2025-08-01,UXD,64,303047.0,1
2025-08-01,VAI,28,2933919.0,1
2025-08-01,VST,71,256578.0,1
2025-08-01,VUSD,260,1984275.0,3
2025-08-01,WEN,184,107476.0,1
2025-08-01,WEUSD,278,1073262.0,4
2025-08-01,WUSD,234,3953507.0,2
2025-08-01,XAI,89,4858106.0,1
2025-08-01,XUSD,162,2196105.0,1
2025-08-01,XUSD,290,70594625.0,2
2025-08-01,XY,223,4579.0,1
2025-08-01,YLDS,272,18927187.0,1
2025-08-01,YU,268,132486863.0,4
2025-08-01,YUSD,13,11843188.0,1
2025-08-01,YUSD,255,30023169.0,2
2025-08-01,ZUSD,43,884572.0,4
2025-08-01,ZeUSD,225,27645937.0,4
2025-08-01,aSEED,45,2712560.0,1
2025-08-01,aUSD,198,1222403.0,1
2025-08-01,avUSD,271,96817980.0,1
2025-08-01,bitUSD,191,243778.0,1
2025-08-01,btcUSD,189,55077.0,1
2025-08-01,cUSD,203,50.0,1
2025-08-01,cgUSD,166,73487442.0,1
2025-08-01,clevUSD,114,89409.0,1
2025-08-01,crvUSD,110,112686893.0,11
2025-08-01,csUSDL,243,63965171.0,1
2025-08-01,d2O,108,11744.0,2
2025-08-01,dUSD,224,2324464.0,3
2025-08-01,eUSD,138,22075.0,2
2025-08-01,eUSD(v2),125,711091.0,1
2025-08-01,fxUSD,168,126032692.0,1
2025-08-01,mkUSD,126,301247.0,1
2025-08-01,pUSD,266,10603981.0,1
2025-08-01,paraUSD,279,255141.0,1
2025-08-01,peUSD,124,571000.0,2
2025-08-01,rUSD,174,1240766.0,1
2025-08-01,rUSD,217,72425236.0,1
2025-08-01,rgUSD,190,18274.0,3
2025-08-01,sLSD,121,404.0,1
2025-08-01,sUSD,216,9268509.0,1
2025-08-01,satUSD,218,271804430.0,11
2025-08-01,syUSD,236,3884590.0,1
2025-08-01,zkUSD,151,1179099.0,1
2025-08-01,zunUSD,181,303360.0,1
2025-09-01,3USD,58,471851.0,1
2025-09-01,ALUSD,20,14495122.0,4
2025-09-01,ANONUSD,102,10803.0,1
2025-09-01,ARUSD,82,78372.0,1
2025-09-01,AUSD,205,190198258.0,10
2025-09-01,BAI,48,89966.0,1
2025-09-01,BAOUSD,94,16161.0,1
2025-09-01,BEAN,67,33410041.0,1
2025-09-01,BNBUSD,293,1966785.0,1
2025-09-01,BNUSD,204,5878177.0,9
2025-09-01,BOB,84,26629.0,5
2025-09-01,BOLD,227,578314.0,5
2025-09-01,BOLD,269,46349587.0,6
2025-09-01,BREAD,180,431925.0,1
2025-09-01,BUCK,154,45858472.0,1
2025-09-01,BUIDL,173,2329983883.0,6
2025-09-01,BUSD,4,55026240.0,10
2025-09-01,BUSD,153,259994154.0,26
2025-09-01,BtcUSD,183,11630492.0,2
2025-09-01,CASH,99,72479.0,1
2025-09-01,CASH,134,976.0,1
2025-09-01,CASH,206,333739.0,1
2025-09-01,CUSD,24,17408819.0,4
2025-09-01,CUSD,96,37511.0,3
2025-09-01,CUSD,296,144438822.0,1
2025-09-01,CZUSD,107,904444.0,1
2025-09-01,D,308,40.0,1
2025-09-01,DAI,5,5079990047.0,45
2025-09-01,DAI+,111,23414.0,3
2025-09-01,DCKUSD,208,11159.0,1
2025-09-01,DEUSD,210,113214479.0,4
2025-09-01,DJED,93,4286292.0,1
2025-09-01,DLLR,160,3649004.0,1
2025-09-01,DOC,30,3984293.0,2
2025-09-01,DOLA,15,181579054.0,8
2025-09-01,DSU,100,739953.0,2
2025-09-01,DUSD,70,2952324.0,1
2025-09-01,DUSD,104,127193.0,5
2025-09-01,DUSD,252,149601381.0,2
2025-09-01,DYAD,207,16645.0,1
2025-09-01,EBUSD,288,721535.0,1
2025-09-01,ERN,117,68351.0,1
2025-09-01,EUSD,106,23238345.0,3
2025-09-01,EUSD,109,156451.0,1
2025-09-01,FDUSD,119,815712675.0,6
2025-09-01,FEI,9,3366495.0,1
2025-09-01,FEUSD,251,55096137.0,1
2025-09-01,FIAT,61,7607.0,1
2025-09-01,FLEXUSD,21,166350245.0,2
2025-09-01,FRAX,6,135850055.0,21
2025-09-01,FRXUSD,235,96678075.0,15
2025-09-01,FUSD,63,18936996.0,1
2025-09-01,FXD,176,2101121.0,1
2025-09-01,GAI,169,14299.0,1
2025-09-01,GGUSD,285,3976747.0,3
2025-09-01,GHO,118,352821319.0,1
2025-09-01,GRAI,116,477963.0,7
2025-09-01,GUSD,19,48697037.0,1
2025-09-01,GYD,185,26550981.0,2
2025-09-01,HAI,171,992444.0,1
2025-09-01,HEXDC,201,304507.0,1
2025-09-01,HOME,60,6066832.0,1
2025-09-01,HONEY,231,35016593.0,1
2025-09-01,HUSD,17,192313548.0,3
2025-09-01,HYDT,142,89164.0,1
2025-09-01,HYUSD,144,2892945.0,2
2025-09-01,HYUSD,302,21321265.0,1
2025-09-01,IST,135,799861.0,2
2025-09-01,IUSD,88,6206533.0,1
2025-09-01,IUSD,298,139415610.0,1
2025-09-01,JUSD,301,435109.0,1
2025-09-01,KNOX,187,40356.0,1
2025-09-01,KUSD,72,679502.0,1
2025-09-01,LISUSD,79,75416585.0,1
2025-09-01,LUSD,8,37559052.0,9
2025-09-01,LVLUSD,229,7599895.0,1
2025-09-01,M,213,756444979.0,7
2025-09-01,MEAD,267,65234.0,1
2025-09-01,MIM,10,54531680.0,14
2025-09-01,MNEE,284,70196105.0,1
2025-09-01,MOD,212,351222.0,1
2025-09-01,MONEY,74,31354.0,1
2025-09-01,MSD,259,10821.0,1
2025-09-01,MSUSD,297,6571030.0,1
2025-09-01,MUSD,26,3209752.0,3
2025-09-01,MUSD,303,3330757.0,1
2025-09-01,MyUSD,148,68571.0,1
2025-09-01,NEX,128,5177.0,2
2025-09-01,NOTE,78,1259387.0,1
2025-09-01,NUSD,18,2921012.0,12
2025-09-01,NXUSD,103,7790184.0,2
2025-09-01,OUSD,23,9534535.0,1
2025-09-01,PAI,16,4223738.0,1
2025-09-01,PAUSD,222,35607.0,2
2025-09-01,PINA,92,913471.0,1
2025-09-01,PINTO,232,10830566.0,1
2025-09-01,PUSD,62,6646.0,1
2025-09-01,PXDC,175,865520.0,1
2025-09-01,PYUSD,120,2395013277.0,6
2025-09-01,R,115,10722183.0,2
2025-09-01,REUSD,256,82498495.0,1
2025-09-01,RLUSD,250,789696777.0,2
2025-09-01,RSV,25,208774.0,2
2025-09-01,RUSD,90,38702.0,1
2025-09-01,SCB,150,28459.0,1
2025-09-01,SCUSD,238,7555081.0,1
2025-09-01,SIGUSD,59,259274.0,1
2025-09-01,STAR,123,274710.0,3
2025-09-01,STBL,38,199976.0,1
2025-09-01,SUSD,22,65844781.0,4
2025-09-01,SVUSD,130,173772.0,1
2025-09-01,TBILL,257,214201983.0,4
2025-09-01,THUSD,211,881715.0,1
2025-09-01,TOR,29,17070481.0,1
2025-09-01,TUSD,7,484484720.0,9
2025-09-01,ULTRA,163,12915.0,1
2025-09-01,UNO,177,19796.0,1
2025-09-01,USBD,253,7478712.0,4
2025-09-01,USC,188,14403511.0,1
2025-09-01,USC,193,21937.0,1
2025-09-01,USC,196,52313.0,2
2025-09-01,USD+,46,21514115.0,9
2025-09-01,USD0,195,555740435.0,2
2025-09-01,USD1,262,2687396025.0,4
2025-09-01,USD3,178,33115748.0,2
2025-09-01,USDA,192,22629195.0,1
2025-09-01,USDA,220,261666321.0,17
2025-09-01,USDA,245,10415529.0,1
2025-09-01,USDA+,294,89555.0,2
2025-09-01,USDB,34,147529.0,1
2025-09-01,USDB,172,55308275.0,1
2025-09-01,USDC,2,73214442255.0,112
2025-09-01,USDCB,164,225200.0,1
2025-09-01,USDCV,307,31450200.0,2
2025-09-01,USDD,14,472923420.0,4
2025-09-01,USDE,264,49165.0,1
2025-09-01,USDF,219,361005632.0,1
2025-09-01,USDFC,248,277217.0,1
2025-09-01,USDG,286,729592321.0,3
2025-09-01,USDGLO,155,3400438.0,8
2025-09-01,USDH,65,1447283.0,1
2025-09-01,USDH,242,5420626.0,1
2025-09-01,USDI,76,27543.0,1
2025-09-01,USDI,87,3743.0,1
2025-09-01,USDJ,37,7045316.0,1
2025-09-01,USDK,27,488710.0,4
2025-09-01,USDK,265,153462.0,1
2025-09-01,USDL,68,175116.0,2
2025-09-01,USDL,152,4264568.0,1
2025-09-01,USDL,244,46244406.0,2
2025-09-01,USDM,132,1398688.0,6
2025-09-01,USDM,215,13008274.0,1
2025-09-01,USDN,12,408891167.0,4
2025-09-01,USDN,277,3806319.0,1
2025-09-01,USDN,282,48957242.0,1
2025-09-01,USDO,241,234799595.0,4
2025-09-01,USDP,11,61252531.0,3
2025-09-01,USDP,33,2638610.0,4
2025-09-01,USDQ,228,280046.0,1
2025-09-01,USDQ,275,88298.0,1
2025-09-01,USDR,85,44241086.0,1
2025-09-01,USDR,240,5286138.0,1
2025-09-01,USDRIF,159,1612006.0,1
2025-09-01,USDS,31,18047728.0,4
2025-09-01,USDS,32,811945.0,1
2025-09-01,USDS,149,97260.0,2
2025-09-01,USDS,209,4360249435.0,6
2025-09-01,USDS,233,106366.0,1
2025-09-01,USDT,1,174592599411.0,93
2025-09-01,USDT+,112,268489.0,3
2025-09-01,USDTB,221,1834942530.0,1
2025-09-01,USDTZ,73,271875.0,1
2025-09-01,USDU,283,14615212.0,1
2025-09-01,USDU,304,10045.0,1
2025-09-01,USDV,143,486293.0,7
2025-09-01,USDV,261,1404504.0,1
2025-09-01,USDW,83,1444852.0,1
2025-09-01,USDX,42,25467559.0,1
2025-09-01,USDX,214,681463898.0,3
2025-09-01,USDX,263,35764367.0,3
2025-09-01,USDY,129,620461016.0,12
2025-09-01,USDaf,273,17039.0,1
2025-09-01,USDaf,295,15572186.0,1
2025-09-01,USDai,309,503430000.0,3
2025-09-01,USDe,146,14462399821.0,23
2025-09-01,USDf,246,1899214528.0,2
2025-09-01,USDp,291,801529.0,13
2025-09-01,USDz,202,116344724.0,4
2025-09-01,USH,57,38303.0,1
2025-09-01,USH,276,1138392.0,1
2025-09-01,USK,81,964040.0,2
2025-09-01,USN,54,38439517.0,2
2025-09-01,USN,230,24106744.0,3
2025-09-01,USND,287,2502899.0,1
2025-09-01,USP,97,65437889.0,1
2025-09-01,USR,197,218728298.0,6
2025-09-01,USX,44,15154373.0,9
2025-09-01,USYC,237,656577313.0,2
2025-09-01,UUSD,75,11564609.0,1
2025-09-01,UXD,64,301017.0,1
2025-09-01,VAI,28,3399428.0,1
2025-09-01,VST,71,254713.0,1
2025-09-01,VUSD,260,1855825.0,3
2025-09-01,WEN,184,107476.0,1
2025-09-01,WEUSD,278,922873.0,4
2025-09-01,WUSD,234,4408390.0,2
2025-09-01,XAI,89,4858106.0,1
2025-09-01,XUSD,162,2180511.0,1
2025-09-01,XUSD,290,74566689.0,2
2025-09-01,XY,223,4579.0,1
2025-09-01,YLDS,272,21510646.0,1
2025-09-01,YU,268,115338271.0,4
2025-09-01,YUSD,13,11846946.0,1
2025-09-01,YUSD,255,34750548.0,2
2025-09-01,ZUSD,43,884624.0,4
2025-09-01,ZeUSD,225,27645937.0,4
2025-09-01,aSEED,45,2712560.0,1
2025-09-01,aUSD,198,1339496.0,1
2025-09-01,avUSD,271,131622674.0,1
2025-09-01,bitUSD,191,212778.0,1
2025-09-01,btcUSD,189,39125.0,1
2025-09-01,cUSD,203,50.0,1
2025-09-01,cgUSD,166,73803749.0,1
2025-09-01,clevUSD,114,89409.0,1
2025-09-01,crvUSD,110,117618450.0,11
2025-09-01,csUSDL,243,59715750.0,1
2025-09-01,d2O,108,11744.0,2
2025-09-01,dUSD,224,2125465.0,3
2025-09-01,eUSD,138,22075.0,2
2025-09-01,eUSD(v2),125,604601.0,1
2025-09-01,fxUSD,168,110639809.0,1
2025-09-01,mkUSD,126,286205.0,1
2025-09-01,pUSD,266,36820567.0,1
2025-09-01,paraUSD,279,255159.0,1
2025-09-01,peUSD,124,124825.0,2
2025-09-01,rUSD,174,942374.0,1
2025-09-01,rUSD,217,77365724.0,1
2025-09-01,rgUSD,190,18274.0,3
2025-09-01,sLSD,121,404.0,1
2025-09-01,sUSD,216,7654321.0,1
2025-09-01,satUSD,218,319956080.0,11
2025-09-01,syUSD,236,3674716.0,1
2025-09-01,zkUSD,151,1179099.0,1
2025-09-01,zunUSD,181,303360.0,1
2025-10-01,3USD,58,649372.0,1
2025-10-01,ALUSD,20,13743013.0,4
2025-10-01,ANONUSD,102,10803.0,1
2025-10-01,ARUSD,82,78372.0,1
2025-10-01,AUSD,205,194378879.0,10
2025-10-01,BAI,48,229347.0,1
2025-10-01,BAOUSD,94,16161.0,1
2025-10-01,BEAN,67,33410018.0,1
2025-10-01,BNBUSD,293,2080992.0,1
2025-10-01,BNUSD,204,5448529.0,9
2025-10-01,BOB,84,25204.0,5
2025-10-01,BOLD,227,578598.0,5
2025-10-01,BOLD,269,48334037.0,7
2025-10-01,BREAD,180,435689.0,1
2025-10-01,BUCK,154,38267761.0,1
2025-10-01,BUIDL,173,2689363821.0,6
2025-10-01,BUSD,4,55026240.0,10
2025-10-01,BUSD,153,259968073.0,25
2025-10-01,BtcUSD,183,11699469.0,2
2025-10-01,CASH,99,72267.0,1
2025-10-01,CASH,134,71.0,1
2025-10-01,CASH,206,337770.0,1
2025-10-01,CASH,316,76012659.0,1
2025-10-01,CUSD,24,17446474.0,4
2025-10-01,CUSD,96,37511.0,3
2025-10-01,CUSD,296,288946910.0,1
2025-10-01,CZUSD,107,913858.0,1
2025-10-01,D,308,141.0,1
2025-10-01,DAI,5,5127565922.0,44
2025-10-01,DAI+,111,23262.0,3
2025-10-01,DCKUSD,208,11159.0,1
2025-10-01,DEUSD,210,161107252.0,4
2025-10-01,DJED,93,3863945.0,1
2025-10-01,DLLR,160,3415593.0,1
2025-10-01,DOC,30,3958570.0,2
2025-10-01,DOLA,15,195754054.0,8
2025-10-01,DSU,100,739631.0,2
2025-10-01,DUSD,70,2952324.0,1
2025-10-01,DUSD,104,128148.0,5
2025-10-01,DUSD,252,208738749.0,2
2025-10-01,DYAD,207,16645.0,1
2025-10-01,EBUSD,288,656299.0,2
2025-10-01,ERN,117,68351.0,1
2025-10-01,EUSD,106,21659363.0,3
2025-10-01,EUSD,109,156450.0,1
2025-10-01,FDUSD,119,768334660.0,6
2025-10-01,FEI,9,3476051.0,1
2025-10-01,FEUSD,251,39972578.0,1
2025-10-01,FIAT,61,7607.0,1
2025-10-01,FLEXUSD,21,166350245.0,2
2025-10-01,FRAX,6,199395412.0,20
2025-10-01,FRXUSD,235,120116725.0,21
2025-10-01,FUSD,63,18936996.0,1
2025-10-01,FXD,176,1888190.0,1
2025-10-01,GAI,169,14299.0,1
2025-10-01,GGUSD,285,3479750.0,3
2025-10-01,GHO,118,427899238.0,1
2025-10-01,GRAI,116,441042.0,7
2025-10-01,GUSD,19,48397829.0,1
2025-10-01,GUSD,306,144821186.0,1
2025-10-01,GYD,185,26553120.0,2
2025-10-01,HAI,171,970990.0,1
2025-10-01,HEXDC,201,378946.0,1
2025-10-01,HOLLAR,312,6241793.0,1
2025-10-01,HOME,60,6066832.0,1
2025-10-01,HONEY,231,58771092.0,1
2025-10-01,HUSD,17,192313548.0,3
2025-10-01,HYDT,142,89254.0,1
2025-10-01,HYUSD,144,1153079.0,2
2025-10-01,HYUSD,302,36458654.0,1
2025-10-01,IAUSD,311,447041.0,1
2025-10-01,IST,135,518588.0,2
2025-10-01,IUSD,88,4943420.0,1
2025-10-01,IUSD,298,168039498.0,1
2025-10-01,JUSD,301,400812.0,1
2025-10-01,KNOX,187,27297.0,1
2025-10-01,KUSD,72,600740.0,1
2025-10-01,LISUSD,79,69810989.0,1
2025-10-01,LUSD,8,37630794.0,9
2025-10-01,LVLUSD,229,2389909.0,1
2025-10-01,M,213,822393429.0,7
2025-10-01,MEAD,267,54819.0,1
2025-10-01,MIM,10,34280986.0,14
2025-10-01,MNEE,284,86341252.0,1
2025-10-01,MOD,212,280088.0,1
2025-10-01,MONEY,74,31354.0,1
2025-10-01,MSD,259,10821.0,1
2025-10-01,MSUSD,297,3067986.0,1
2025-10-01,MUSD,26,3207681.0,3
2025-10-01,MUSD,303,22263485.0,2
2025-10-01,MUSD,313,49718066.0,2
2025-10-01,MyUSD,148,68571.0,1
2025-10-01,NEX,128,5185.0,2
2025-10-01,NOTE,78,1237326.0,1
2025-10-01,NUSD,18,2896253.0,12
2025-10-01,NXUSD,103,7594986.0,2
2025-10-01,OUSD,23,9568795.0,1
2025-10-01,PAI,16,4223736.0,1
2025-10-01,PAUSD,222,24357.0,2
2025-10-01,PINA,92,913471.0,1
2025-10-01,PINTO,232,10724313.0,1
2025-10-01,PUSD,62,6646.0,1
2025-10-01,PUSD,314,1036007.0,1
2025-10-01,PXDC,175,755356.0,1
2025-10-01,PYUSD,120,2813265633.0,6
2025-10-01,R,115,10722183.0,2
2025-10-01,REUSD,256,64080753.0,1
2025-10-01,RLUSD,250,908497082.0,2
2025-10-01,RSV,25,208774.0,2
2025-10-01,RUSD,90,38702.0,1
2025-10-01,SCB,150,28459.0,1
2025-10-01,SCUSD,238,5403851.0,1
2025-10-01,SIGUSD,59,269939.0,1
2025-10-01,STAR,123,261999.0,3
2025-10-01,STBL,38,199976.0,1
2025-10-01,SUSD,22,60935476.0,4
2025-10-01,SVUSD,130,173772.0,1
2025-10-01,TBILL,257,200595184.0,4
2025-10-01,THUSD,211,885663.0,1
2025-10-01,TOR,29,17070481.0,1
2025-10-01,TUSD,7,484484720.0,9
2025-10-01,ULTRA,163,12915.0,1
2025-10-01,UNO,177,19203.0,1
2025-10-01,USBD,253,7478712.0,4
2025-10-01,USC,188,10037392.0,1
2025-10-01,USC,193,21863.0,1
2025-10-01,USC,196,52149.0,2
2025-10-01,USD+,46,21458726.0,9
2025-10-01,USD0,195,542798625.0,2
2025-10-01,USD1,262,2981585750.0,5
2025-10-01,USD3,178,33059820.0,2
2025-10-01,USDA,192,22026619.0,1
2025-10-01,USDA,220,272656292.0,17
2025-10-01,USDA,245,10419446.0,1
2025-10-01,USDA+,294,75251.0,2
2025-10-01,USDB,34,147529.0,1
2025-10-01,USDB,172,43107683.0,1
2025-10-01,USDC,2,75561733625.0,113
2025-10-01,USDCB,164,225200.0,1
2025-10-01,USDCV,307,30650200.0,2
2025-10-01,USDD,14,440128998.0,4
2025-10-01,USDE,264,49165.0,1
2025-10-01,USDF,219,195957607.0,1
2025-10-01,USDFC,248,261967.0,1
2025-10-01,USDG,286,985696704.0,3
2025-10-01,USDGLO,155,3255571.0,8
2025-10-01,USDH,65,1422719.0,1
2025-10-01,USDH,242,4480957.0,1
2025-10-01,USDI,76,27571.0,1
2025-10-01,USDI,87,3743.0,1
2025-10-01,USDJ,37,7034302.0,1
2025-10-01,USDK,27,488710.0,4
2025-10-01,USDK,265,165248.0,1
2025-10-01,USDL,68,175116.0,2
2025-10-01,USDL,152,4136593.0,1
2025-10-01,USDL,244,35414188.0,2
2025-10-01,USDM,132,1398688.0,6
2025-10-01,USDM,215,13199684.0,1
2025-10-01,USDN,12,408891160.0,4
2025-10-01,USDN,277,4917770.0,1
2025-10-01,USDN,282,46990171.0,1
2025-10-01,USDO,241,221736085.0,4
2025-10-01,USDP,11,58252531.0,3
2025-10-01,USDP,33,2638610.0,4
2025-10-01,USDQ,228,205870.0,1
2025-10-01,USDQ,275,88298.0,1
2025-10-01,USDR,85,44241086.0,1
2025-10-01,USDR,240,6803148.0,1
2025-10-01,USDRIF,159,1571348.0,1
2025-10-01,USDS,31,18047728.0,4
2025-10-01,USDS,32,802618.0,1
2025-10-01,USDS,149,97260.0,2
2025-10-01,USDS,209,5270063644.0,6
2025-10-01,USDS,233,100772.0,1
2025-10-01,USDT,1,183363406168.0,93
2025-10-01,USDT+,112,271882.0,3
2025-10-01,USDTB,221,1832012463.0,1
2025-10-01,USDTZ,73,271875.0,1
2025-10-01,USDU,283,18317612.0,1
2025-10-01,USDU,304,5100035.0,1
2025-10-01,USDV,143,486294.0,7
2025-10-01,USDV,261,1408891.0,1
2025-10-01,USDW,83,1444852.0,1
2025-10-01,USDX,42,19847754.0,1
2025-10-01,USDX,214,683610195.0,3
2025-10-01,USDX,263,42064367.0,3
2025-10-01,USDY,129,619159911.0,12
2025-10-01,USDaf,273,14505.0,1
2025-10-01,USDaf,295,6646818.0,1
2025-10-01,USDai,309,578973122.0,3
2025-10-01,USDe,146,9556216546.0,23
2025-10-01,USDf,246,2016589598.0,2
2025-10-01,USDp,291,2362731.0,14
2025-10-01,USDz,202,115994748.0,4
2025-10-01,USH,57,38301.0,1
2025-10-01,USH,276,851478.0,1
2025-10-01,USK,81,955284.0,2
2025-10-01,USN,54,38439517.0,2
2025-10-01,USN,230,22747995.0,3
2025-10-01,USND,287,2403904.0,1
2025-10-01,USP,97,65437889.0,1
2025-10-01,USPD,315,264880.0,2
2025-10-01,USR,197,270238571.0,6
2025-10-01,USX,44,15131449.0,9
2025-10-01,USX,310,237743481.0,1
2025-10-01,USYC,237,777695742.0,2
2025-10-01,UTY,305,37489280.0,1
2025-10-01,UUSD,75,10963003.0,1
2025-10-01,UXD,64,300759.0,1
2025-10-01,VAI,28,2371132.0,1
2025-10-01,VST,71,256298.0,1
2025-10-01,VUSD,260,1805681.0,3
2025-10-01,WEN,184,107476.0,1
2025-10-01,WEUSD,278,1053666.0,4
2025-10-01,WUSD,234,3229182.0,2
2025-10-01,XAI,89,4858095.0,1
2025-10-01,XUSD,162,2066796.0,1
2025-10-01,XUSD,290,56423153.0,2
2025-10-01,XY,223,4579.0,1
2025-10-01,YLDS,272,74533763.0,1
2025-10-01,YU,268,125912533.0,4
2025-10-01,YUSD,13,11842447.0,1
2025-10-01,YUSD,255,40441884.0,2
2025-10-01,ZUSD,43,884590.0,4
2025-10-01,ZeUSD,225,27645937.0,4
2025-10-01,aSEED,45,2712560.0,1
2025-10-01,aUSD,198,1374365.0,1
2025-10-01,avUSD,271,127972480.0,1
2025-10-01,bitUSD,191,203808.0,1
2025-10-01,btcUSD,189,33999.0,1
2025-10-01,cUSD,203,50.0,1
2025-10-01,cgUSD,166,74097241.0,1
2025-10-01,clevUSD,114,27263.0,1
2025-10-01,crvUSD,110,275508249.0,12
2025-10-01,csUSDL,243,10799288.0,1
2025-10-01,d2O,108,11744.0,2
2025-10-01,dUSD,224,1956203.0,4
2025-10-01,eUSD,138,22075.0,2
2025-10-01,eUSD(v2),125,603794.0,1
2025-10-01,fxUSD,168,106602074.0,1
2025-10-01,litUSD,318,195346.0,1
2025-10-01,mkUSD,126,280169.0,1
2025-10-01,pUSD,266,17911203.0,1
2025-10-01,paraUSD,279,28570.0,1
2025-10-01,peUSD,124,122959.0,2
2025-10-01,rUSD,174,740668.0,1
2025-10-01,rUSD,217,56054266.0,1
2025-10-01,rgUSD,190,18274.0,3
2025-10-01,sLSD,121,404.0,1
2025-10-01,sUSD,216,7132716.0,1
2025-10-01,satUSD,218,399565194.0,11
2025-10-01,syUSD,236,3608556.0,1
2025-10-01,zkUSD,151,1179099.0,1
2025-10-01,zunUSD,181,303360.0,1
2025-11-01,3USD,58,649438.0,1
2025-11-01,ALUSD,20,13716373.0,4
2025-11-01,ANONUSD,102,10803.0,1
2025-11-01,ARUSD,82,78372.0,1
2025-11-01,AUSD,205,359528057.0,13
2025-11-01,BAI,48,231834.0,1
2025-11-01,BAOUSD,94,16160.0,1
2025-11-01,BEAN,67,33410018.0,1
2025-11-01,BNBUSD,293,1270862.0,1
2025-11-01,BNUSD,204,4166554.0,9
2025-11-01,BOB,84,25354.0,5
2025-11-01,BOLD,227,454930.0,5
2025-11-01,BOLD,269,46156962.0,7
2025-11-01,BREAD,180,461607.0,1
2025-11-01,BUCK,154,26363742.0,1
2025-11-01,BUIDL,173,2299389072.0,7
2025-11-01,BUSD,4,55026240.0,10
2025-11-01,BUSD,153,259976005.0,25
2025-11-01,BtcUSD,183,10014848.0,2
2025-11-01,CASH,99,71420.0,1
2025-11-01,CASH,134,71.0,1
2025-11-01,CASH,206,345109.0,1
2025-11-01,CASH,316,97170956.0,1
2025-11-01,CUSD,24,16492036.0,4
2025-11-01,CUSD,96,37511.0,3
2025-11-01,CUSD,296,275084219.0,1
2025-11-01,CZUSD,107,891607.0,1
2025-11-01,D,308,1535852.0,1
2025-11-01,DAI,5,4753690616.0,44
2025-11-01,DAI+,111,23181.0,3
2025-11-01,DCKUSD,208,11159.0,1
2025-11-01,DEUSD,210,92162305.0,4
2025-11-01,DJED,93,3793681.0,1
2025-11-01,DLLR,160,3037321.0,1
2025-11-01,DOC,30,4177234.0,2
2025-11-01,DOLA,15,176095031.0,8
2025-11-01,DSU,100,734514.0,2
2025-11-01,DUSD,70,2952324.0,1
2025-11-01,DUSD,104,128316.0,5
2025-11-01,DUSD,252,166175220.0,2
2025-11-01,DYAD,207,16645.0,1
2025-11-01,EBUSD,288,314106.0,2
2025-11-01,ERN,117,64885.0,1
2025-11-01,EUSD,106,20708595.0,3
2025-11-01,EUSD,109,109202.0,1
2025-11-01,FDUSD,119,672811229.0,6
2025-11-01,FEI,9,3540662.0,1
2025-11-01,FEUSD,251,29590640.0,1
2025-11-01,FIAT,61,7607.0,1
2025-11-01,FLEXUSD,21,166350245.0,2
2025-11-01,FRAX,6,189876932.0,20
2025-11-01,FRXUSD,235,111830684.0,21
2025-11-01,FUSD,63,18936996.0,1
2025-11-01,FXD,176,1755577.0,1
2025-11-01,GAI,169,14299.0,1
2025-11-01,GGUSD,285,3164427.0,3
2025-11-01,GHO,118,419048251.0,1
2025-11-01,GRAI,116,431809.0,7
2025-11-01,GUSD,19,44791274.0,1
2025-11-01,GUSD,306,126479485.0,1
2025-11-01,GYD,185,26556216.0,2
2025-11-01,HAI,171,772587.0,1
2025-11-01,HEXDC,201,388160.0,1
2025-11-01,HOLLAR,312,8487734.0,1
2025-11-01,HOME,60,6066832.0,1
2025-11-01,HONEY,231,28149107.0,1
2025-11-01,HUSD,17,192313548.0,3
2025-11-01,HYDT,142,89338.0,1
2025-11-01,HYUSD,144,947391.0,2
2025-11-01,HYUSD,302,34126724.0,1
2025-11-01,IAUSD,311,468505.0,1
2025-11-01,IST,135,516847.0,2
2025-11-01,IUSD,88,3973067.0,1
2025-11-01,IUSD,298,163904183.0,1
2025-11-01,JUSD,301,148659.0,1
2025-11-01,KEI,323,75284.0,1
2025-11-01,KNOX,187,16498.0,1
2025-11-01,KUSD,72,593935.0,1
2025-11-01,LISUSD,79,64526732.0,1
2025-11-01,LUSD,8,36893251.0,9
2025-11-01,LVLUSD,229,1491768.0,1
2025-11-01,M,213,848608054.0,7
2025-11-01,MEAD,267,23083.0,1
2025-11-01,MIM,10,33273193.0,14
2025-11-01,MNEE,284,98340912.0,1
2025-11-01,MOD,212,170151.0,1
2025-11-01,MONEY,74,31354.0,1
2025-11-01,MSD,259,10821.0,1
2025-11-01,MSUSD,297,1896880.0,1
2025-11-01,MSUSD,326,23850913.0,4
2025-11-01,MUSD,26,3207681.0,3
2025-11-01,MUSD,303,20994581.0,2
2025-11-01,MUSD,313,25818636.0,2
2025-11-01,MyUSD,148,68571.0,1
2025-11-01,NEX,128,5185.0,2
2025-11-01,NOTE,78,1215088.0,1
2025-11-01,NUSD,18,2780973.0,12
2025-11-01,NXUSD,103,7557697.0,2
2025-11-01,OUSD,23,9592179.0,1
2025-11-01,PAI,16,4223735.0,1
2025-11-01,PAUSD,222,23138.0,2
2025-11-01,PINA,92,913471.0,1
2025-11-01,PINTO,232,10684174.0,1
2025-11-01,PUSD,62,6646.0,1
2025-11-01,PUSD,314,26056017.0,3
2025-11-01,PXDC,175,732192.0,1
2025-11-01,PYUSD,120,3861954682.0,6
2025-11-01,R,115,10722183.0,2
2025-11-01,REUSD,256,56123184.0,1
2025-11-01,RLUSD,250,1260898083.0,2
2025-11-01,RSV,25,208774.0,2
2025-11-01,RUSD,90,38702.0,1
2025-11-01,SBC,324,6056875.0,10
2025-11-01,SCB,150,12222.0,1
2025-11-01,SCUSD,238,3749678.0,1
2025-11-01,SIGUSD,59,266963.0,1
2025-11-01,STAR,123,149655.0,3
2025-11-01,STBL,38,199976.0,1
2025-11-01,SUSD,22,62887423.0,4
2025-11-01,SVUSD,130,173772.0,1
2025-11-01,TBILL,257,104580349.0,4
2025-11-01,THUSD,211,629568.0,1
2025-11-01,TOR,29,17070481.0,1
2025-11-01,TUSD,7,484484720.0,9
2025-11-01,ULTRA,163,12915.0,1
2025-11-01,UNO,177,16001.0,1
2025-11-01,USBD,253,7478712.0,4
2025-11-01,USC,188,2616701.0,1
2025-11-01,USC,193,21809.0,1
2025-11-01,USC,196,50771.0,2
2025-11-01,USD+,46,20718342.0,9
2025-11-01,USD0,195,550654260.0,2
2025-11-01,USD1,262,2758949351.0,7
2025-11-01,USD3,178,11317644.0,2
2025-11-01,USDA,192,20995401.0,1
2025-11-01,USDA,220,272650397.0,17
2025-11-01,USDA,245,10782121.0,1
2025-11-01,USDA+,294,42758.0,2
2025-11-01,USDB,34,147529.0,1
2025-11-01,USDB,172,35496380.0,1
2025-11-01,USDC,2,76261384661.0,115
2025-11-01,USDCB,164,225200.0,1
2025-11-01,USDCV,307,27531200.0,2
2025-11-01,USDD,14,492565386.0,4
2025-11-01,USDE,264,49148.0,1
2025-11-01,USDF,219,163972703.0,1
2025-11-01,USDFC,248,325461.0,1
2025-11-01,USDG,286,1036140692.0,3
2025-11-01,USDGLO,155,3275066.0,8
2025-11-01,USDH,65,1418404.0,1
2025-11-01,USDH,242,4277659.0,1
2025-11-01,USDH,321,59697122.0,1
2025-11-01,USDI,76,27571.0,1
2025-11-01,USDI,87,3743.0,1
2025-11-01,USDJ,37,1680808.0,1
2025-11-01,USDK,27,488710.0,4
2025-11-01,USDK,265,61857.0,1
2025-11-01,USDL,68,175116.0,2
2025-11-01,USDL,152,3856618.0,1
2025-11-01,USDL,244,5220052.0,2
2025-11-01,USDM,132,1398687.0,6
2025-11-01,USDM,215,13978530.0,1
2025-11-01,USDN,12,408891157.0,4
2025-11-01,USDN,277,2406416.0,1
2025-11-01,USDN,282,39289447.0,1
2025-11-01,USDO,241,89495805.0,4
2025-11-01,USDP,11,55557425.0,3
2025-11-01,USDP,33,2638611.0,4
2025-11-01,USDQ,228,143166.0,1
2025-11-01,USDQ,275,52089801.0,4
2025-11-01,USDR,85,44241086.0,1
2025-11-01,USDR,240,7931803.0,1
2025-11-01,USDR,320,1.0,1
2025-11-01,USDRIF,159,1504672.0,1
2025-11-01,USDS,31,18047728.0,4
2025-11-01,USDS,32,881852.0,1
2025-11-01,USDS,149,97260.0,2
2025-11-01,USDS,209,5875397164.0,6
2025-11-01,USDS,233,100772.0,1
2025-11-01,USDT,1,184578594368.0,94
2025-11-01,USDT+,112,278757.0,3
2025-11-01,USDTB,221,1338401393.0,1
2025-11-01,USDTZ,73,271875.0,1
2025-11-01,USDU,283,26092175.0,1
2025-11-01,USDU,304,5389259.0,1
2025-11-01,USDV,143,486295.0,7
2025-11-01,USDV,261,2017196.0,1
2025-11-01,USDW,83,1444852.0,1
2025-11-01,USDX,42,18384013.0,1
2025-11-01,USDX,214,683442223.0,3
2025-11-01,USDX,263,51342948.0,3
2025-11-01,USDXL,322,1705506.0,1
2025-11-01,USDY,129,617935761.0,12
2025-11-01,USDaf,273,14451.0,1
2025-11-01,USDaf,295,3622107.0,1
2025-11-01,USDai,309,619818933.0,3
2025-11-01,USDe,146,7208262763.0,23
2025-11-01,USDf,246,2085383830.0,2
2025-11-01,USDp,291,1885702.0,14
2025-11-01,USDz,202,110478846.0,4
2025-11-01,USH,57,38300.0,1
2025-11-01,USH,276,276387.0,1
2025-11-01,USK,81,935386.0,2
2025-11-01,USN,54,1419100.0,2
2025-11-01,USN,230,19273275.0,3
2025-11-01,USND,287,1665781.0,1
2025-11-01,USP,97,65437889.0,1
2025-11-01,USPD,315,424896.0,2
2025-11-01,USR,197,161578715.0,6
2025-11-01,USX,44,15017584.0,9
2025-11-01,USX,310,322154170.0,1
2025-11-01,USYC,237,1079402525.0,2
2025-11-01,UTY,305,20989270.0,1
2025-11-01,UUSD,75,10997696.0,1
2025-11-01,UXD,64,300756.0,1
2025-11-01,VAI,28,2373405.0,1
2025-11-01,VST,71,255482.0,1
2025-11-01,VUSD,260,1650258.0,3
2025-11-01,WEN,184,81961.0,1
2025-11-01,WEUSD,278,863296.0,4
2025-11-01,WUSD,234,14985929.0,2
2025-11-01,XAI,89,4858095.0,1
2025-11-01,XUSD,162,2042710.0,1
2025-11-01,XUSD,290,37596294.0,2
2025-11-01,XY,223,4579.0,1
2025-11-01,YLDS,272,110414399.0,1
2025-11-01,YU,268,38298214.0,4
2025-11-01,YUSD,13,11839937.0,1
2025-11-01,YUSD,255,40553005.0,2
2025-11-01,ZUSD,43,877868.0,4
2025-11-01,ZeUSD,225,27645937.0,4
2025-11-01,aSEED,45,2712560.0,1
2025-11-01,aUSD,198,578545.0,1
2025-11-01,avUSD,271,88919060.0,1
2025-11-01,bitUSD,191,197278.0,1
2025-11-01,btcUSD,189,36029.0,1
2025-11-01,cUSD,203,50.0,1
2025-11-01,cgUSD,166,74270000.0,1
2025-11-01,clevUSD,114,27258.0,1
2025-11-01,crvUSD,110,280490113.0,12
2025-11-01,csUSDL,243,89602.0,1
2025-11-01,d2O,108,11605.0,2
2025-11-01,dUSD,224,781347.0,4
2025-11-01,eUSD,138,22036.0,2
2025-11-01,eUSD(v2),125,603604.0,1
2025-11-01,fxUSD,168,42788040.0,1
2025-11-01,litUSD,318,195696.0,1
2025-11-01,mkUSD,126,264519.0,1
2025-11-01,pUSD,266,23882185.0,1
2025-11-01,paraUSD,279,2032.0,1
2025-11-01,peUSD,124,122771.0,2
2025-11-01,rUSD,174,776835.0,1
2025-11-01,rUSD,217,967459.0,1
2025-11-01,rgUSD,190,18274.0,3
2025-11-01,sLSD,121,404.0,1
2025-11-01,sUSD,216,6328034.0,1
2025-11-01,satUSD,218,216008818.0,11
2025-11-01,syUSD,236,3591783.0,1
2025-11-01,zkUSD,151,1179099.0,1
2025-11-01,zunUSD,181,303360.0,1
2025-12-01,3USD,58,649400.0,1
2025-12-01,ALUSD,20,13802331.0,4
2025-12-01,ANONUSD,102,10803.0,1
2025-12-01,ARUSD,82,78372.0,1
2025-12-01,AUSD,205,216103263.0,13
2025-12-01,BAI,48,229577.0,1
2025-12-01,BAOUSD,94,30585.0,1
2025-12-01,BEAN,67,33404218.0,1
2025-12-01,BNBUSD,293,1629166.0,1
2025-12-01,BNUSD,204,4150271.0,9
2025-12-01,BOB,84,25095.0,5
2025-12-01,BOLD,227,429654.0,5
2025-12-01,BOLD,269,40470052.0,7
2025-12-01,BREAD,180,460066.0,1
2025-12-01,BUCK,154,25930493.0,1
2025-12-01,BUIDL,173,1746390245.0,7
2025-12-01,BUSD,4,55026241.0,10
2025-12-01,BUSD,153,259990000.0,25
2025-12-01,BtcUSD,183,8917972.0,2
2025-12-01,CASH,99,71420.0,1
2025-12-01,CASH,134,71.0,1
2025-12-01,CASH,206,343653.0,1
2025-12-01,CASH,316,91668252.0,1
2025-12-01,CUSD,24,15037745.0,4
2025-12-01,CUSD,96,37511.0,3
2025-12-01,CUSD,296,345402695.0,1
2025-12-01,CZUSD,107,900852.0,1
2025-12-01,D,308,2019058.0,1
2025-12-01,DAI,5,4498017374.0,44
2025-12-01,DAI+,111,22723.0,3
2025-12-01,DCKUSD,208,11159.0,1
2025-12-01,DEUSD,210,92162304.0,4
2025-12-01,DJED,93,3813509.0,1
2025-12-01,DLLR,160,2167100.0,1
2025-12-01,DOC,30,4257579.0,3
2025-12-01,DOLA,15,175664118.0,8
2025-12-01,DSU,100,733405.0,2
2025-12-01,DUSD,70,2952324.0,1
2025-12-01,DUSD,104,129692.0,5
2025-12-01,DUSD,252,157002995.0,2
2025-12-01,DYAD,207,16645.0,1
2025-12-01,EBUSD,288,420698.0,2
2025-12-01,ERN,117,64870.0,1
2025-12-01,EUSD,106,28417570.0,3
2025-12-01,EUSD,109,103971.0,1
2025-12-01,FDUSD,119,516314246.0,6
2025-12-01,FEI,9,3634294.0,1
2025-12-01,FEUSD,251,19775578.0,1
2025-12-01,FIAT,61,7607.0,1
2025-12-01,FLEXUSD,21,166350245.0,2
2025-12-01,FRAX,6,212315390.0,20
2025-12-01,FRXUSD,235,99082311.0,21
2025-12-01,FUSD,63,18936996.0,1
2025-12-01,FXD,176,1534986.0,1
2025-12-01,GAI,169,14299.0,1
2025-12-01,GGUSD,285,2048477.0,3
2025-12-01,GHO,118,495256818.0,1
2025-12-01,GRAI,116,431821.0,7
2025-12-01,GUSD,19,45548006.0,1
2025-12-01,GUSD,306,145545671.0,1
2025-12-01,GYD,185,26557007.0,2
2025-12-01,HAI,171,763775.0,1
2025-12-01,HEXDC,201,383144.0,1
2025-12-01,HOLLAR,312,14032092.0,1
2025-12-01,HOME,60,6066832.0,1
2025-12-01,HONEY,231,32726527.0,1
2025-12-01,HUSD,17,192313548.0,3
2025-12-01,HYDT,142,89338.0,1
2025-12-01,HYUSD,144,593946.0,2
2025-12-01,HYUSD,302,35055681.0,1
2025-12-01,IAUSD,311,470984.0,1
2025-12-01,IST,135,516116.0,2
2025-12-01,IUSD,88,3299074.0,1
2025-12-01,IUSD,298,187964714.0,1
2025-12-01,JUSD,301,89069.0,1
2025-12-01,KEI,323,40968.0,1
2025-12-01,KNOX,187,16451.0,1
2025-12-01,KUSD,72,562859.0,1
2025-12-01,LISUSD,79,74470266.0,1
2025-12-01,LUSD,8,35090334.0,9
2025-12-01,LVLUSD,229,1280420.0,1
2025-12-01,M,213,877719379.0,7
2025-12-01,MEAD,267,17066.0,1
2025-12-01,MIM,10,33083862.0,14
2025-12-01,MNEE,284,101791352.0,1
2025-12-01,MOD,212,131690.0,1
2025-12-01,MONEY,74,31354.0,1
2025-12-01,MSD,259,10821.0,1
2025-12-01,MSUSD,297,4121657.0,2
2025-12-01,MSUSD,326,24815544.0,4
2025-12-01,MUSD,26,3207521.0,3
2025-12-01,MUSD,303,21172502.0,2
2025-12-01,MUSD,313,23392040.0,2
2025-12-01,MUST,328,1944444.0,1
2025-12-01,MyUSD,148,68571.0,1
2025-12-01,NECT,329,7269172.0,1
2025-12-01,NEX,128,5185.0,2
2025-12-01,NOTE,78,1211345.0,1
2025-12-01,NUSD,18,2765382.0,12
2025-12-01,NXUSD,103,7663847.0,2
2025-12-01,OUSD,23,9263978.0,1
2025-12-01,PAI,16,4223734.0,1
2025-12-01,PAUSD,222,20690.0,2
2025-12-01,PINA,92,913471.0,1
2025-12-01,PINTO,232,10671287.0,1
2025-12-01,PUSD,62,6646.0,1
2025-12-01,PUSD,314,31070.0,3
2025-12-01,PXDC,175,731117.0,1
2025-12-01,PYUSD,120,3531300289.0,6
2025-12-01,R,115,10722183.0,2
2025-12-01,REUSD,256,51182277.0,1
2025-12-01,RLUSD,250,1336206103.0,2
2025-12-01,RSV,25,207270.0,2
2025-12-01,RUSD,90,38702.0,1
2025-12-01,SBC,324,7092758.0,10
2025-12-01,SCB,150,821.0,1
2025-12-01,SCUSD,238,3316771.0,1
2025-12-01,SIGUSD,59,239289.0,1
2025-12-01,STAR,123,133373.0,3
2025-12-01,STBL,38,199976.0,1
2025-12-01,SUSD,22,62808085.0,4
2025-12-01,SVUSD,130,173772.0,1
2025-12-01,TBILL,257,94123828.0,4
2025-12-01,THUSD,211,624786.0,1
2025-12-01,TOR,29,17070481.0,1
2025-12-01,TUSD,7,484484720.0,9
2025-12-01,ULTRA,163,12915.0,1
2025-12-01,UNO,177,15320.0,1
2025-12-01,USBD,253,7478712.0,4
2025-12-01,USC,188,2088998.0,1
2025-12-01,USC,193,21809.0,1
2025-12-01,USC,196,49819.0,2
2025-12-01,USD+,46,20061560.0,9
2025-12-01,USD0,195,547500742.0,2
2025-12-01,USD1,262,3359212969.0,8
2025-12-01,USD3,178,11384091.0,2
2025-12-01,USDA,192,19423326.0,1
2025-12-01,USDA,220,272425118.0,17
2025-12-01,USDA,245,11384619.0,1
2025-12-01,USDA+,294,46781.0,2
2025-12-01,USDB,34,147529.0,1
2025-12-01,USDB,172,28702117.0,1
2025-12-01,USDC,2,76003970099.0,116
2025-12-01,USDCB,164,225200.0,1
2025-12-01,USDCV,307,29631200.0,2
2025-12-01,USDD,14,842388952.0,4
2025-12-01,USDE,264,49148.0,1
2025-12-01,USDF,219,172868075.0,1
2025-12-01,USDFC,248,232485.0,1
2025-12-01,USDG,286,1224334898.0,3
2025-12-01,USDGLO,155,2720540.0,8
2025-12-01,USDH,65,1419384.0,1
2025-12-01,USDH,242,5034993.0,1
2025-12-01,USDH,321,67431091.0,1
2025-12-01,USDI,76,22499.0,1
2025-12-01,USDI,87,3743.0,1
2025-12-01,USDJ,37,1680860.0,1
2025-12-01,USDK,27,488710.0,4
2025-12-01,USDK,265,22295.0,1
2025-12-01,USDL,68,175116.0,2
2025-12-01,USDL,152,3649667.0,1
2025-12-01,USDL,244,140510.0,2
2025-12-01,USDM,132,1398688.0,6
2025-12-01,USDM,215,14679710.0,1
2025-12-01,USDN,12,408891153.0,4
2025-12-01,USDN,277,1728566.0,1
2025-12-01,USDN,282,39656327.0,1
2025-12-01,USDO,241,77051699.0,4
2025-12-01,USDP,11,45557425.0,3
2025-12-01,USDP,33,2638611.0,4
2025-12-01,USDQ,228,143338.0,1
2025-12-01,USDQ,275,52089811.0,4
2025-12-01,USDR,85,44241086.0,1
2025-12-01,USDR,240,7599132.0,1
2025-12-01,USDR,320,1.0,1
2025-12-01,USDRIF,159,1494585.0,1
2025-12-01,USDS,31,18047728.0,4
2025-12-01,USDS,32,837641.0,1
2025-12-01,USDS,149,97260.0,2
2025-12-01,USDS,209,6010881241.0,6
2025-12-01,USDS,233,100772.0,1
2025-12-01,USDT,1,187311388514.0,97
2025-12-01,USDT+,112,286767.0,3
2025-12-01,USDTB,221,843833021.0,1
2025-12-01,USDTZ,73,246875.0,1
2025-12-01,USDU,283,25340882.0,2
2025-12-01,USDU,304,5748351.0,1
2025-12-01,USDV,143,470602.0,7
2025-12-01,USDV,261,3002243.0,1
2025-12-01,USDW,83,1444852.0,1
2025-12-01,USDX,42,14470768.0,1
2025-12-01,USDX,214,683442223.0,3
2025-12-01,USDX,263,49489651.0,3
2025-12-01,USDXL,322,1378674.0,1
2025-12-01,USDY,129,626263001.0,12
2025-12-01,USDaf,273,14451.0,1
2025-12-01,USDaf,295,2012736.0,1
2025-12-01,USDai,309,653578242.0,3
2025-12-01,USDe,146,6303188832.0,23
2025-12-01,USDf,246,2055532302.0,2
2025-12-01,USDp,291,3147548.0,14
2025-12-01,USDz,202,110479578.0,4
2025-12-01,USH,57,38300.0,1
2025-12-01,USH,276,107053.0,1
2025-12-01,USK,81,906154.0,2
2025-12-01,USN,54,1419100.0,2
2025-12-01,USN,230,22446655.0,3
2025-12-01,USND,287,1600340.0,1
2025-12-01,USP,97,65437889.0,1
2025-12-01,USP,331,5326065.0,1
2025-12-01,USPD,315,480300.0,2
2025-12-01,USR,197,301716947.0,6
2025-12-01,USX,44,15135647.0,9
2025-12-01,USX,310,310219940.0,1
2025-12-01,USYC,237,1367617013.0,2
2025-12-01,UTY,305,20989270.0,1
2025-12-01,UUSD,75,11959725.0,1
2025-12-01,UXD,64,300752.0,1
2025-12-01,VAI,28,2423398.0,1
2025-12-01,VST,71,252460.0,1
2025-12-01,VUSD,260,1652827.0,3
2025-12-01,WEN,184,81048.0,1
2025-12-01,WEUSD,278,760192.0,4
2025-12-01,WUSD,234,16249859.0,2
2025-12-01,XAI,89,4858095.0,1
2025-12-01,XUSD,162,1908732.0,1
2025-12-01,XUSD,290,45096294.0,2
2025-12-01,XY,223,4579.0,1
2025-12-01,YLDS,272,328092852.0,1
2025-12-01,YU,268,28333059.0,4
2025-12-01,YUSD,13,11839137.0,1
2025-12-01,YUSD,255,43758904.0,2
2025-12-01,ZUSD,43,885735.0,4
2025-12-01,ZeUSD,225,27645937.0,4
2025-12-01,aSEED,45,2712560.0,1
2025-12-01,aUSD,198,630513.0,1
2025-12-01,avUSD,271,101039881.0,1
2025-12-01,bitUSD,191,197278.0,1
2025-12-01,btcUSD,189,29995.0,1
2025-12-01,cUSD,203,50.0,1
2025-12-01,cgUSD,166,74576535.0,1
2025-12-01,clevUSD,114,27258.0,1
2025-12-01,crvUSD,110,345737490.0,12
2025-12-01,csUSDL,243,70801.0,1
2025-12-01,d2O,108,11605.0,2
2025-12-01,dUSD,224,1374255.0,4
2025-12-01,eUSD,138,18547.0,2
2025-12-01,eUSD(v2),125,603604.0,1
2025-12-01,fxUSD,168,31883629.0,1
2025-12-01,litUSD,318,196248.0,1
2025-12-01,mantraUSD,333,350031.0,1
2025-12-01,mkUSD,126,245228.0,1
2025-12-01,pUSD,266,8519570.0,1
2025-12-01,paraUSD,279,2032.0,1
2025-12-01,peUSD,124,119475.0,2
2025-12-01,pmUSD,332,9038683.0,1
2025-12-01,rUSD,174,847230.0,1
2025-12-01,rUSD,217,639988.0,1
2025-12-01,rgUSD,190,18243.0,3
2025-12-01,sLSD,121,404.0,1
2025-12-01,sUSD,216,5796378.0,1
2025-12-01,satUSD,218,159097525.0,11
2025-12-01,syUSD,236,3589570.0,1
2025-12-01,xpUSD,330,50166.0,1
2025-12-01,zkUSD,151,1179099.0,1
2025-12-01,zunUSD,181,303360.0,1
