month,tx_hash,from,to,value_usdt,fee_sun,fee_trx,date,post_nov_2022
2020-01,a5a8f1c4bb065bf33173cb88879d2aa245172460542b7be1d8f1b470088896ac,TEpC1DGvDdfrDf83JZDUzdNZydeHz9w21H,TKSTxazAZsGDtiyqQrFVtYuoVMv4vjAz3y,14.290454,0,0.0,2020-01-07,0
2020-01,6fa152fab423453cd1d477fbaec16c13cf9ab938a165c59726d640f46532dec3,TM1zzNDZD2DPASbKcgdVoTYhfmYgtfwx9R,TMdTauKsN4T16JVmknQL7ACZi3aP76FAo9,4362.796,92360,0.09236,2020-01-07,0
2020-01,75c6f8e85ff796841ee06dff800d6760c412b15dc2c005426c70cb7dd5c36c79,TM1zzNDZD2DPASbKcgdVoTYhfmYgtfwx9R,TDZyqSuQ8KWy6iqCDtdpuY8wrvLJqfUWf6,3882.612,92360,0.09236,2020-01-07,0
2020-01,50f8bcf83ceead3dd97782eaab4ee28c9fe8182021d27edd376829782ffe56ac,TAUN6FwrnwwmaEqYcckffC7wYmbaS6cBiX,TCsyEnKvZ9XvQHMPSy1SHXLT2K2Pd5Ywzr,166.25332,47350,0.04735,2020-01-07,0
2020-01,8627e209851538edac6b4b83264788e23e9d4e2db5e3b3d14bf0bfcb9a99e3d5,TNnDBWuvaQAweeq1KHM9tk1xtWqbXX53BL,TNaRAoLUyYEV2uF7GUrzSjRQTU8v5ZJ5VR,601.26,43900,0.0439,2020-01-07,0
2020-01,43363d9947a426d16dad9cfa1a9d36838c7418dbc4681f77cdad8af9c0f8d939,TG4HZgXsWuUxS43Bjy136NBuE7J41AdF2d,TNaRAoLUyYEV2uF7GUrzSjRQTU8v5ZJ5VR,76.875,43900,0.0439,2020-01-07,0
2020-01,03fc4e8338b4f3390f612bb877d5c49655efcbb0d3ab318aa1850b74ce6ff4f1,TNaRAoLUyYEV2uF7GUrzSjRQTU8v5ZJ5VR,TBbrKQnSR3CWhXgd76hpbVsbNK3boLA95s,14.2904,47350,0.04735,2020-01-07,0
2020-01,0f031175f1e32157dbec4c1fe5833db1642c2291db13dae84c2f6e30324e8eff,TS6RUcdRe9kKnMweGpgKM3LYNKBxuRRbnp,TEpC1DGvDdfrDf83JZDUzdNZydeHz9w21H,10.314596,4430,0.00443,2020-01-07,0
2020-01,ea5ef0d3b373f86e8c3ea950d9c0f02dffdcdd659f2814fdd7fa88801dba41f9,TM1zzNDZD2DPASbKcgdVoTYhfmYgtfwx9R,TPT26gbzLQi9HcwDNpzVrH5Ho4zxsdajCH,30000.0,88900,0.0889,2020-01-07,0
2020-01,6f71b00b7fc8c415629663e6a48f743546389603aa0348910c4067b52bf63559,TNaRAoLUyYEV2uF7GUrzSjRQTU8v5ZJ5VR,TB1ch9KgCMnhDWbk1oBmBZWSyhXkxS5ywa,16694.0,47350,0.04735,2020-01-07,0
2020-01,7e358bb4a2645d5c6aa48ef4aac87d976befc144d9d975c95ab6a83d3a53f265,TNaRAoLUyYEV2uF7GUrzSjRQTU8v5ZJ5VR,TB1ch9KgCMnhDWbk1oBmBZWSyhXkxS5ywa,15202.0,47350,0.04735,2020-01-07,0
2020-01,0cc165cb113e143705a77a061edfbea9c39e95cbd62ac8c57db34cdae05c2713,TBwJd8yCnnzAabDAsaEP4zbx7UuDpZGGLY,TNaRAoLUyYEV2uF7GUrzSjRQTU8v5ZJ5VR,1568.75,43900,0.0439,2020-01-07,0
2020-01,1f7447c22f13a02f372ac11e380bc40dfad5f729484861ada9f0993f9073ec74,TAUN6FwrnwwmaEqYcckffC7wYmbaS6cBiX,TS6RUcdRe9kKnMweGpgKM3LYNKBxuRRbnp,10.314515,47350,0.04735,2020-01-07,0
2020-01,f40b5ef301cbf0a5c503c9638eb2e19978eee26652afe4e010ba6f3a3acc5f43,TBbrKQnSR3CWhXgd76hpbVsbNK3boLA95s,TEpC1DGvDdfrDf83JZDUzdNZydeHz9w21H,14.428336,0,0.0,2020-01-07,0
2020-01,d9841fc94c13297899dde059a6a2f86eaca3a245cfabf403fd22d612f5a257b9,TLWE45u7eusdewSDCjZqUNmyhTUL1NBMzo,TJFG9MiQrC2yJg9tQ3j8pnzSstewLfSp9i,128376.5977,0,0.0,2020-01-07,0
2020-01,89a453627aee66a70ecd7053f737b36587fcdf0ce506639efc8e9c1260020b14,TNaRAoLUyYEV2uF7GUrzSjRQTU8v5ZJ5VR,TWacsAE7CXoQkMDFk66RZv4dUweWQWrcW2,2663.1996,92350,0.09235,2020-01-07,0
2020-01,b4507c3cf61c8d3bfae07d3112e2611ce7643228d5fcf1d3eb3b3dbad7ebb8d3,TAUN6FwrnwwmaEqYcckffC7wYmbaS6cBiX,TT6DVizaXUunu1twpZXMqQa4BMZpht6yER,1987.0,92350,0.09235,2020-01-07,0
2020-01,fac8f27eaa24d32eeb944589ae90196e15754be644f4761b74f4b8467725e472,TEpC1DGvDdfrDf83JZDUzdNZydeHz9w21H,TKSTxazAZsGDtiyqQrFVtYuoVMv4vjAz3y,10.314596,0,0.0,2020-01-07,0
2020-01,e9f4ee8a27dfca52ea015aba4de6d504a6cf81c7d03c504f86d0fefbfc9f921e,TEpC1DGvDdfrDf83JZDUzdNZydeHz9w21H,TKSTxazAZsGDtiyqQrFVtYuoVMv4vjAz3y,14.428336,0,0.0,2020-01-07,0
2020-01,6aabe29414cb1dac7d7e5dfaeb19c3c8b5b4bc5abd39568a6ab5ad1fa9c3bf97,TAUN6FwrnwwmaEqYcckffC7wYmbaS6cBiX,TCsyEnKvZ9XvQHMPSy1SHXLT2K2Pd5Ywzr,167.84179,47350,0.04735,2020-01-07,0
2020-02,47d72609c394403e08c5252ef53681d5be4de41ecd27b8c1b226be5da0447b08,TXWCzrW2gobUhnEW18VmKNp26MJevjsR7K,TAUN6FwrnwwmaEqYcckffC7wYmbaS6cBiX,22946.0,43900,0.0439,2020-02-07,0
2020-02,6b410046ba34e0b331f3daa0c17037755e148a9191fa4c297ac9a0bc6588c112,TAUN6FwrnwwmaEqYcckffC7wYmbaS6cBiX,THZFE7Zhpgev7jk97FnuPLpWNK1HhqVQih,10.0,92350,0.09235,2020-02-07,0
2020-02,d2cb8d51dc7930f031e1a2be8b30a9230b3e84253c64c41c675798b7f6e25272,TPM4ZCjUe6ce3CtFTWpMqeSBo3775FQDbW,TCgnJmYmMUJ9eS6x62Vj7YFfpBM1DTL8V8,45.838156,0,0.0,2020-02-07,0
2020-02,376dc405c72ff5d8286447b4d331a4d4e612eaf0eca218f0ccad395db104cb36,TCgnJmYmMUJ9eS6x62Vj7YFfpBM1DTL8V8,TSEdWqLtawXMWBB7xnVjxKh3V9QE6B7uq1,7.312615,471200,0.4712,2020-02-07,0
2020-02,a0a2e08e7ab085aeb5a672993b57fb4cd6abcf17ba575b049d92da971e241fd4,TCgnJmYmMUJ9eS6x62Vj7YFfpBM1DTL8V8,TUqqW1xknGkjp2pEmKahQGZg54SvKzJuud,9.328713,471200,0.4712,2020-02-07,0
2020-02,5bbe68b5823145a932c4f2fa3f6f2049465c68a2fc9d3481cfadb91b904e2f5c,TNaRAoLUyYEV2uF7GUrzSjRQTU8v5ZJ5VR,TA9oTNx8oK9a2EhKdeeSuYUiUxqmN1NnAj,138437.4667,47340,0.04734,2020-02-07,0
2020-02,1a59eab25e8ae8165d2450b056c813936ad6d704ee2408f5f2967b8149ce24cf,TPM4ZCjUe6ce3CtFTWpMqeSBo3775FQDbW,TCgnJmYmMUJ9eS6x62Vj7YFfpBM1DTL8V8,45.838156,0,0.0,2020-02-07,0
2020-02,75a7ed41444b9f44547749edf10b659efc6449ebfba8a76e2b787c8ab30f2ade,TEpC1DGvDdfrDf83JZDUzdNZydeHz9w21H,TSLYJGR9u8X4CmKBNrd2RW1C54G4Usx4hA,1.620416,0,0.0,2020-02-07,0
2020-02,7232abefbeb8216f8a7e0f32fb6e31c73df6a709b1058d6ffab2be31cbe7dec3,THZFE7Zhpgev7jk97FnuPLpWNK1HhqVQih,TNaRAoLUyYEV2uF7GUrzSjRQTU8v5ZJ5VR,10.0,43900,0.0439,2020-02-07,0
2020-02,41a979e4a742a00e107fd0fde7ef7e4909bb18b9314559ae4724480f5e0c308c,TCgnJmYmMUJ9eS6x62Vj7YFfpBM1DTL8V8,TPM4ZCjUe6ce3CtFTWpMqeSBo3775FQDbW,45.838156,437780,0.43778,2020-02-07,0
2020-02,b55bb2cef748852834ff283db994108219f1184a450dfcab04720200eef026bd,TXFBqBbqJommqZf7BV8NNYzePh97UmJodJ,TVQVNGe8s5pweZpvsCy6s6Q5tM75huG7L2,17643.103213,0,0.0,2020-02-07,0
2020-02,167c436fe40b73a55861a3bd2a001e1fbc7bb16c0a04e9a5a2c29784464f031b,TUhHAfzwmuzrmw9hQ9zhJvjLvqDh19BMth,TNaRAoLUyYEV2uF7GUrzSjRQTU8v5ZJ5VR,1000.0,43900,0.0439,2020-02-07,0
2020-02,60bf8d64973297c11cb3bab46ac22abcde6e14858c9c6f889d19dcb53145484e,TAUN6FwrnwwmaEqYcckffC7wYmbaS6cBiX,TZCfyE4YfopVHpwhXes8Yjct1XD7cW5HLk,8.832784,92350,0.09235,2020-02-07,0
2020-02,df83de6a25a50190f39a8311e9c47a3b689b6fd576f174e70a0d2ac2cee7db3d,TNaRAoLUyYEV2uF7GUrzSjRQTU8v5ZJ5VR,TGSaTnByUYtrDUfcRGRehkEBFtcZDVG5ts,14.1849,92340,0.09234,2020-02-07,0
2020-02,2ff8a8242118cf24e10c3fcdb4853eb1284b50f3af45c207aaa459a1e606e530,TLWE45u7eusdewSDCjZqUNmyhTUL1NBMzo,TG6BpTzL7mUHEX6k4xLPGaaUXGyKcVfFMa,99999.08,0,0.0,2020-02-07,0
2020-02,0dad0f1b4dd1ec21499715fdc0748e8d74860f8035fef74183008adb7ec578cb,TNaRAoLUyYEV2uF7GUrzSjRQTU8v5ZJ5VR,TSjxg6RR5kXJEkry9jKwKKutgMsrTRtUj6,3691.5287,92340,0.09234,2020-02-07,0
2020-02,8d0981480a4c3227977624e72ac01e0ae40541dcb89777ce9a64ba9a39ad8ff7,TNaRAoLUyYEV2uF7GUrzSjRQTU8v5ZJ5VR,TTJJwJfFbSpLBxc7DiakHZvNWJiAbrWCWX,7826.2,47340,0.04734,2020-02-07,0
2020-02,bc99d09ee740cda3cc6df657dd9e2ecc65d7a397a352d338d160be4773cd858d,TSjxg6RR5kXJEkry9jKwKKutgMsrTRtUj6,TFAnWbTT3KjEHckJWS51utF1dbKX7TiEdi,3691.5287,43900,0.0439,2020-02-07,0
2020-02,aa86a239c989ba01cbdb18f03929ae35518eaedd745e6fbe8b437eae41cebd07,TCjGYtTjZoVhmHV1Ls4ksjvfkj2HB4LSaK,TM3PWarjwNA4XUHN7xakvej2cHtgCwaRGs,3.0,43900,0.0439,2020-02-07,0
2020-02,c18297f8e52a6617e5d23d6321a626dd535dda5ed2a8b2e75de2ef87a4eae8dd,TKEEQn3AbnGrMz2vSfGPmGd2WA7VXHFC8W,TNaRAoLUyYEV2uF7GUrzSjRQTU8v5ZJ5VR,911.677476,43900,0.0439,2020-02-07,0
2020-03,e7e5040c8adef6f3067ae7eb5bba135633602e6fe41efc2813fcea3481f33375,TBA6CypYJizwA9XdC7Ubgc5F1bxrQ7SqPt,TD5R2Cwg9ywVGWoDhhnuUvUY9yRhNv1yJ5,1115.999896,92270,0.09227,2020-03-07,0
2020-03,295abe1b197a7f53a8adeab88ffd8d8c673a81fc88629cb1aca05ed242f0338a,TSjK5ncFNyje8xjmmk5jKiteqnwUxkEzf9,TVqxFQon6jMkLTdvaXXunvVHPVP4vowf1P,47.0,43900,0.0439,2020-03-07,0
2020-03,2fbbc1c6b0eb40a59ff4251e49f5bca962a8b465e96d6c85bca0ee9169c47f4e,TBA6CypYJizwA9XdC7Ubgc5F1bxrQ7SqPt,TU49N6c5QwY4AWpTEb4T8DJKqqewujjzUq,13503.0,92270,0.09227,2020-03-07,0
2020-03,16acac75908261157aee584309cff7d6b6bcd56288748bee95717b654c82a562,TVqxFQon6jMkLTdvaXXunvVHPVP4vowf1P,TMXnYjgCe1f2htMAeoVvvn78nnm6ogfktg,12.496994,88900,0.0889,2020-03-07,0
2020-03,ebdc055531d440b3de29587f3c1c992b4804a794a3a177900061762a50b9de08,TM1zzNDZD2DPASbKcgdVoTYhfmYgtfwx9R,TDH3uUN4sGHbWdUMiWaknym9KVC58wLDQ9,90000.0,92360,0.09236,2020-03-07,0
2020-03,610cc95c4efb8cdb180c8cd4fb1c7f2fea417353cb4ca99a2c44765c92df2244,TEpC1DGvDdfrDf83JZDUzdNZydeHz9w21H,TQooBX9o8iSSprLWW96YShBogx7Uwisuim,5.635989,0,0.0,2020-03-07,0
2020-03,70b750a83a4a011cd5ccfc49ba16ce52aec446f9208e2f33539843c32c31d627,TBQLkwEHMJcRCw14SjZc2PgDzkCcGP39sg,TNaRAoLUyYEV2uF7GUrzSjRQTU8v5ZJ5VR,10828.546731,43900,0.0439,2020-03-07,0
2020-03,08d45a2f5c0b5eb4aa8d45590bef598629cf624287c1625f7ef191cf7c769252,TNaRAoLUyYEV2uF7GUrzSjRQTU8v5ZJ5VR,TJ2qhZSQ9g5YqEAJgYfPZZxn1djbf5ogkC,5234.6,47350,0.04735,2020-03-07,0
2020-03,af140b2a3bd3eb417ac3aefcf43302003053f99989bce965d4bb5dbd2eb4fdee,TU49N6c5QwY4AWpTEb4T8DJKqqewujjzUq,TNaRAoLUyYEV2uF7GUrzSjRQTU8v5ZJ5VR,13503.0,43900,0.0439,2020-03-07,0
2020-03,e6c4ce1c390ebdeea9f92a6369933eab8521af20525399e80b1215dffbd66041,TNaRAoLUyYEV2uF7GUrzSjRQTU8v5ZJ5VR,TXWCzrW2gobUhnEW18VmKNp26MJevjsR7K,17376.0,47340,0.04734,2020-03-07,0
2020-03,3dbf8cd349c068b80e1781ea96f8a443a195f3f1f90457cd197dfeeb4aa13d54,TCxztL7uRjQhDxs8UAsTc9c3Sm9ch1jje9,TNaRAoLUyYEV2uF7GUrzSjRQTU8v5ZJ5VR,1003.0,43900,0.0439,2020-03-07,0
2020-03,45600a5631a604732c2a80255006de5b5078c374ca1af424b7da0e8ce9af761c,TNaRAoLUyYEV2uF7GUrzSjRQTU8v5ZJ5VR,TEP2VEgawTDPFmzG28FasdvitjBiKm76EU,3745.4,92340,0.09234,2020-03-07,0
2020-03,4b7b7bde6c85de4198937ca6720828af8c20b59bf3da8fc0c4c7f1b27d1f0818,TNaRAoLUyYEV2uF7GUrzSjRQTU8v5ZJ5VR,TMxkXYTdVNBC8z3Q8o2r7ZxVDojbNFj8i7,53666.0,92340,0.09234,2020-03-07,0
2020-03,0a7c4af5ea2e90f4c4d17e0cf28fb020afa3231d14128f6da298548b004599e7,TAUN6FwrnwwmaEqYcckffC7wYmbaS6cBiX,TMxkXYTdVNBC8z3Q8o2r7ZxVDojbNFj8i7,51232.0,47350,0.04735,2020-03-07,0
2020-03,caf87f808fddd2da214d36f3f1dd2fb906d63940924b5b3b594f481262661567,TBwkXiaXuMebygTV1Y3vjBYFX69fG8ETfL,TCxztL7uRjQhDxs8UAsTc9c3Sm9ch1jje9,1003.0,92350,0.09235,2020-03-07,0
2020-03,76adced72479c745f289ad05ba77a4005d54ce59c96dd795ea0cb73b4bdc9b57,TM1zzNDZD2DPASbKcgdVoTYhfmYgtfwx9R,TXZQYzc8eSGZ979ZANcXBcs8gTLr7zvuzf,201.0,92360,0.09236,2020-03-07,0
2020-03,e1f63c1bc25f5bb193aceaf5f355c29bdb71543b6fc1a5088bccd39bde2d94b4,TNaRAoLUyYEV2uF7GUrzSjRQTU8v5ZJ5VR,TXWCzrW2gobUhnEW18VmKNp26MJevjsR7K,14654.0,47340,0.04734,2020-03-07,0
2020-03,d7357e8153cf10f6d4fa55a68dd00b89e4d1c94d5ea5c86452f683eb99e59476,TXJu7T29DwiCNeAW9sKgXcyDa4zYuL9VPj,TF9bS6xkVLF2WohfQaZEZA1GUmJMLDE36r,1.87,47360,0.04736,2020-03-07,0
2020-03,824faff3da0783522107613e1fc6afd685d8ce6d3d5cf789b3f0cd6d272ee788,TFAnWbTT3KjEHckJWS51utF1dbKX7TiEdi,TPAQBkLwcW7W6FkDMPyJfBjXTkkXAPkkFA,247.702314,88900,0.0889,2020-03-07,0
2020-03,388574c65c92c596fbb504b8f834e8e66e3dfa2ab91b7541d8d304b6d373e111,TNaRAoLUyYEV2uF7GUrzSjRQTU8v5ZJ5VR,TJWNxd4zKiqNqqMNdhs95XJuhgdcFEQnWi,2828.8543,92340,0.09234,2020-03-07,0
2020-04,b6c92994ce37f42483fca4c1cc74d6292a4e597e2bd6f3819df54c17dfb136a4,TWHNA1c6QghEomHgm2e3VPTsneXH9pj77J,TNaRAoLUyYEV2uF7GUrzSjRQTU8v5ZJ5VR,6954.0,43900,0.0439,2020-04-07,0
2020-04,270ccb5db9b501fe5a594f16d259c74417a8c19dba3310c7a565b267533c6ae2,TNaRAoLUyYEV2uF7GUrzSjRQTU8v5ZJ5VR,TTjbB8oASjiLNw5tiL1rCJXk3ECgyjEtpo,1736.4395,47340,0.04734,2020-04-07,0
2020-04,511b1e17ba2e64140d6d811029c5b2be770f27231ea20c7d43bc23edf961ddf3,TKz8vyTAmkLoBqJvkaZvtCr1r7uaUpBnxM,TBwkXiaXuMebygTV1Y3vjBYFX69fG8ETfL,1384.458251,43900,0.0439,2020-04-07,0
2020-04,8a55ed3b7adcdf14f1a3fe915f63ddd43d9ce1fed704505f8edfad66e0c10534,TVqxFQon6jMkLTdvaXXunvVHPVP4vowf1P,TLyJoBgQD1r9E65qYpyzJ48WRSFtrNcxR3,1107.219296,88900,0.0889,2020-04-07,0
2020-04,0ae6d30880607e37d8507f86689442da12e8342a091654f215a20164823fbd10,TQCcKNd5abqVQd7nSnBKmxhVseB6tGPRxy,TBwkXiaXuMebygTV1Y3vjBYFX69fG8ETfL,103.2,43900,0.0439,2020-04-07,0
2020-04,2f3eb4fb6f6df7020b76bcbe003db0580c9f4346f030557d5f5a68223d515bb1,TPeK1sSvBJKAj6BNkEPVYpVFcdKc1dN69T,TFZJQaNyJTaVmq7FSrq2xY2GqihAx2QLre,895.926628,92350,0.09235,2020-04-07,0
2020-04,4bd4e1732f36260c518555d3c4cb8d7b1e8411200361e26bb4d56f2d07b1d210,TPvXJxGcTdgZPPnQL6xcVgV1kv4eYgKHWB,TNaRAoLUyYEV2uF7GUrzSjRQTU8v5ZJ5VR,283.105455,43900,0.0439,2020-04-07,0
2020-04,5bce2965db374a8bec3b82527c59b097dd8ceb5cdb14caf1cbf326b57a9d9c5f,TAUN6FwrnwwmaEqYcckffC7wYmbaS6cBiX,TCCPXY84iDJCAWfES6S23H9WSaUV5ASWit,83.83201,92350,0.09235,2020-04-07,0
2020-04,cdd7cdf9f46473871c4fd86397c124ef1d2e8c7b3971374ab3c0cbebe255f41c,TDsCbfKuekiNLJN1rV1QgJe1PxnWmWUWK4,TNaRAoLUyYEV2uF7GUrzSjRQTU8v5ZJ5VR,8.0,43900,0.0439,2020-04-07,0
2020-04,dd26e48b0cf9e9771a6bae296f4cd1a719d2e470c582d7a453610a65ae465e8f,TMJZJsuZQRkzntJMJXcaJbCAo9AjHGs3j5,TNaRAoLUyYEV2uF7GUrzSjRQTU8v5ZJ5VR,261.04,43900,0.0439,2020-04-07,0
2020-04,ac231e9be362c7ac2c1a6e703405d05957d1ce4fb39ae3813c2605512b745da3,TWDchZBmYvTQBeXD4w8rRUowDv5ka8kiFU,TWHNA1c6QghEomHgm2e3VPTsneXH9pj77J,6954.0,92370,0.09237,2020-04-07,0
2020-04,8def295136cdc9d1173a52e7a97ce6066bc2eaa47ef3bb1dbf26829b45afe800,TAgWf2haN39qCvfWwTG3UHhJged24tFupw,TXphYHMUvT2ptHt8QtQb5i9T9DWUtfBWha,9735.74,43900,0.0439,2020-04-07,0
2020-04,a08df81c63dcf56ecdb9d6904b03602f007c4bcf011b5b9187d10789aeab9a7e,TC58vz9xYSZKnnUUJEDxA7QbRdCiNpJ5HC,TJ3ZMnST5MpyGpwWy7pkip5KQxKgstNiSd,2286.374,0,0.0,2020-04-07,0
2020-04,074dcaa386d860591fcbea590f7ac8d739ebd9fea951f8889b1aff08b650b9f9,TNaRAoLUyYEV2uF7GUrzSjRQTU8v5ZJ5VR,TKHLuhzBz2tu2GtUCHrmEo9juACPauf85B,10000.0,47350,0.04735,2020-04-07,0
2020-04,21f01b5aa24e18a49e6e42091cdc09d5f24f5b6feb21d9be596576367be6ef56,TDsCbfKuekiNLJN1rV1QgJe1PxnWmWUWK4,TNaRAoLUyYEV2uF7GUrzSjRQTU8v5ZJ5VR,2.5,43900,0.0439,2020-04-07,0
2020-04,edb5ebf050882fd293cf9c49218945d97b0f036e96c5a799b66b44d956b8d739,TPeK1sSvBJKAj6BNkEPVYpVFcdKc1dN69T,TFZJQaNyJTaVmq7FSrq2xY2GqihAx2QLre,1044.97555,92350,0.09235,2020-04-07,0
2020-04,90db20415aa3d2f58add71fe2e1539b079199ea17ba0f3e2bb8289afb9795c5a,TAUN6FwrnwwmaEqYcckffC7wYmbaS6cBiX,TALsB4hvBTbsFmUq7n3XQeMK7X11B5bsT7,1000.0,47350,0.04735,2020-04-07,0
2020-04,537509763258043488692977585eca783cc95f6185bc7f65980a8056f65d0026,TBA6CypYJizwA9XdC7Ubgc5F1bxrQ7SqPt,TJuHHh2jzQLDaqoath17F9g9gtJ9namkG9,600.0,92270,0.09227,2020-04-07,0
2020-04,49eb6d1013daa059843708051aea4c7aa86a87e75328e54749f7518445bb0851,TFZJQaNyJTaVmq7FSrq2xY2GqihAx2QLre,TNaRAoLUyYEV2uF7GUrzSjRQTU8v5ZJ5VR,895.926628,43900,0.0439,2020-04-07,0
2020-04,68fe16c85fd5ee43397ca20ed50d6cd6065461195cc93d0e7352bb8344f53b1f,TNGUzq4fdZR8gk2XnPueXd2KYDkw1jnuHX,TAUN6FwrnwwmaEqYcckffC7wYmbaS6cBiX,1156.8834,43900,0.0439,2020-04-07,0
2020-05,595d946b0f0b5b44054fb9a7aca5c1ea9ac05967a6c44e7f5761740d3c0fd3b6,TNaRAoLUyYEV2uF7GUrzSjRQTU8v5ZJ5VR,TNx75uLXckr3mKrKmehLNgqxxyPMkYREZH,4267.521367,92350,0.09235,2020-05-07,0
2020-05,66f80e5ea3f4339a0aec842e824fe68c258078b72c2b3785b487d8d9fff6ce1c,TAUN6FwrnwwmaEqYcckffC7wYmbaS6cBiX,TBWS8GHVfU1HqbN3qPGZ54NSZeHovWc74T,7467.3,92350,0.09235,2020-05-07,0
2020-05,368ae62229fed4224a77a375076643d853da055ea2386a52692073419fd9c077,TAUN6FwrnwwmaEqYcckffC7wYmbaS6cBiX,TFmiXCA1TBYsZQ32MMbeyxx8FS8DDR2wRE,74999.0,92350,0.09235,2020-05-07,0
2020-05,6251e55f4d2535311631cc3219bb1bce092490c8153a239f60ed7c61d7b761f6,TAK2P1YFo3q6vQs5qmRdjmDXffWqx1ZhZX,TNaRAoLUyYEV2uF7GUrzSjRQTU8v5ZJ5VR,6733.49,43900,0.0439,2020-05-07,0
2020-05,4c894a559106590a20b646d53c6e7beadf62b8ac8e6985719c553cadbbc65db7,TWaYov3tJVAhm7bkFdBsTAuK3zSZD1K8zR,TEPSrSYPDSQ7yXpMFPq91Fb1QEWpMkRGfn,5483.0,43900,0.0439,2020-05-07,0
2020-05,2ecb151e9c4e9ccbbccc2719ea0646db2b18a45b32e3bc27202b99d880c92172,TNaRAoLUyYEV2uF7GUrzSjRQTU8v5ZJ5VR,TUmGUKWRPsfe2RcapT4FK48wDxUewx4Gm5,9925.665937,92340,0.09234,2020-05-07,0
2020-05,750a529b3cfac6e6f218f8240a9d7dd1a43cc9c613906bd30a4c4aacbe86e1a2,TBwkXiaXuMebygTV1Y3vjBYFX69fG8ETfL,TTR13AJPRR2JHZqt44hC6vao7bz6tr2NmQ,2938.398,92350,0.09235,2020-05-07,0
2020-05,30dd5ddad802cbab7dae921f28e6abf8d0a4ec32976e4b2891392c3bcb2dc888,TAUN6FwrnwwmaEqYcckffC7wYmbaS6cBiX,TZF8h3P9uBdKiytgafog8QPHaniEidmRAN,25000.0,92350,0.09235,2020-05-07,0
2020-05,5dd800e39ec74d5414aeb8b29cbad59e574d2cbba350cba21f8087c0d7c6d308,TM1zzNDZD2DPASbKcgdVoTYhfmYgtfwx9R,TQUJkxZv1rZrR4BhMnqNRYApVRkSkzZqEh,70000.0,92360,0.09236,2020-05-07,0
2020-05,ac256e1913c0122563a9dff7ef851282637abdb98fb3337a971f8bffe24a1d17,TBWS8GHVfU1HqbN3qPGZ54NSZeHovWc74T,TNaRAoLUyYEV2uF7GUrzSjRQTU8v5ZJ5VR,7467.3,43900,0.0439,2020-05-07,0
2020-05,b5e3af5f49813d2f15c592d5fddd496b23d1099db8a0f3ca99227aaee23b372c,TLfih9Tdu8FSxgK3XYnXDyKLNmLxphgthh,TNaRAoLUyYEV2uF7GUrzSjRQTU8v5ZJ5VR,23596.0,43900,0.0439,2020-05-07,0
2020-05,9279a37dbd7b11c5822a0682c585a354f6e796196e11adc97227826dc83c1be9,TXFKsMi6sCCVE6kTfyNpMoEHWccrmxXSwe,TXFBqBbqJommqZf7BV8NNYzePh97UmJodJ,230616.0,43900,0.0439,2020-05-07,0
2020-05,b1ef790e34c166e761a49b25ef43cd207d810bc2f0f7cf09b9d0322f154d0fed,TVKLTqFohLGXXhEwJVWhA2DKoo9UuHhCpc,TNaRAoLUyYEV2uF7GUrzSjRQTU8v5ZJ5VR,11768.7,43900,0.0439,2020-05-07,0
2020-05,b16562e4ed49aa412333bc4f35d56a3356812d5392049790b42a2f88564d97e8,TBA6CypYJizwA9XdC7Ubgc5F1bxrQ7SqPt,TY1GydBZ8n9bSymQMcQe5JRNioQ9CAVwR2,497.0,88900,0.0889,2020-05-07,0
2020-05,7e10185e9f3b44b96fd2af5902df9c136df775daf9acc31e105c720c4ae71017,TNaRAoLUyYEV2uF7GUrzSjRQTU8v5ZJ5VR,TR7voU7kdnZS5Z34sNehf2o8oayobi4KXK,7000.0,92350,0.09235,2020-05-07,0
2020-05,e4e38996a68d3b1ea38ed357981fcce1ce0d46551314b2dd95a2750c0b737c83,TLxoEgSwMkS2kZ8evbEqvuVq4yWRCJV3kV,TNCmcTdyrYKMtmE1KU2itzeCX76jGm5Not,3000.0,155610,0.15561,2020-05-07,0
2020-05,3902d296293bbb10c12b5717b2a8415d07b1323632d1fb357821208ec403b528,TY1GydBZ8n9bSymQMcQe5JRNioQ9CAVwR2,TEPSrSYPDSQ7yXpMFPq91Fb1QEWpMkRGfn,497.0,43900,0.0439,2020-05-07,0
2020-05,947fa9c29fa00e54344966220def0e7d6abecd262d0aa68b76a737b2a39e5498,TEPSrSYPDSQ7yXpMFPq91Fb1QEWpMkRGfn,TP9QNZdxuxKgvGGoP6QahWgs6JXwt9N3FK,7637.191095,88900,0.0889,2020-05-07,0
2020-05,d4f7fb269fba5d5cc2a3f2f9ff6458edb4ea7c6080af46a0951c74b11c039b82,TEPSrSYPDSQ7yXpMFPq91Fb1QEWpMkRGfn,TM472Sa2FvgAxHN3rzvHx1PKaBSiY77nfi,220.0,88900,0.0889,2020-05-07,0
2020-05,367451529a1c94669d27fe27916a1d2df47dc4043b460e651e61fdf0e1445872,TN83tB9Q9ha2gRECegpT9oCzwBwDnrVYLr,TNaRAoLUyYEV2uF7GUrzSjRQTU8v5ZJ5VR,197.6,43900,0.0439,2020-05-07,0
2020-06,ef828c40d766435932432f07d217bf8a48bff000e705cd8e00335d16020e91f4,TEVXE1fRSr9Pe4QA3g4NqQDCRK7mJNm9Bz,TWXSBE43yfscVXXu9TkeS6n8wziBBvdV7r,1000.0,43900,0.0439,2020-06-07,0
2020-06,0f75c33bc3a9625bb683722c2035e48fb0a7912f26f8c15a30f310e7e555778b,TMdGratuw1Nsq9GDEUS3DFueDyAGXvRUBg,TLZTzkSuhsQyHt6xNVLDMcsr7UKS7UQPf5,0.000179,92340,0.09234,2020-06-07,0
2020-06,d30ee8997589126664c825a2cb6f9cca71d41931b23b488a23efe7b469352082,TDMj5eX7foZiL1njeFPAXK8dq1FpAbrEe5,TLE1ULX9x8EvUQkSraxMQut4mvmXGm7Q74,5.6e-05,92340,0.09234,2020-06-07,0
2020-06,3d2346a45356d0621c62afe023a26f3f86f0d9499d85cc1806d95f9b31e207b7,TGAFXVmEkpVCiJaxYCujMKhHu47xj3Rq9r,TQrZW5TCQH6WoqoHfzHvCSiTkHCsyPbzPv,0.000744,88900,0.0889,2020-06-07,0
2020-06,fb5374cdf5e555f581e2d21c44cb38ceedcbaf34e4448ff49dfa353b28cf6805,TAUN6FwrnwwmaEqYcckffC7wYmbaS6cBiX,TVBMMznCJutCftukBR37nk2Suks4jyVecv,20000.0,92350,0.09235,2020-06-07,0
2020-06,5a724884a8ce5ae06fc42c60e1fa1d38cb299ed258a007f89a1ae1a667f561cb,TPMXRknSE4yptrkPLUGodrw3FqDyK2GqN3,TWXSBE43yfscVXXu9TkeS6n8wziBBvdV7r,6529.160739,43900,0.0439,2020-06-07,0
2020-06,949091bb0d53b5f6509e03e87bbc2a2fee42520609416c7e1bea71d7f39e1bde,TUi4XjEkhxmfDZJQV4NKXbWCetyYKUWyTC,TM1zzNDZD2DPASbKcgdVoTYhfmYgtfwx9R,10789.200984,0,0.0,2020-06-07,0
2020-06,26d9e742bf6e5aa637e364630d7caffdecbb326018b04bb3a69c016462170808,TFAnWbTT3KjEHckJWS51utF1dbKX7TiEdi,TTXL5SqUm8wtYQCT6A9XUn6h7QoZYWYM2Q,16500.0,92350,0.09235,2020-06-07,0
2020-06,30b81c28569f23628a724c9409e2fa71c7fbd53752c2eb8c07ac523280415308,TKyWiegWCoDjfbMstFqhxA7moJTQdsruWm,TAjEEgpLeLRoPDj2WFPfuwZwoD2fFEdnNC,0.000158,92340,0.09234,2020-06-07,0
2020-06,94d8ac8610585779299bec1575fa890a3c9d6a5a89f219a08a3afa058110cab4,TNLLai3BssHUqdF9NkczStkm3WrQN37DWS,TFAnWbTT3KjEHckJWS51utF1dbKX7TiEdi,1553.0,43900,0.0439,2020-06-07,0
2020-06,5cdd4c0209f7db98694560938edf5f3f41c3d808f5e5cf4ed8b78abcd069783d,TEpC1DGvDdfrDf83JZDUzdNZydeHz9w21H,TMJD8RkRpPkxc9dQiBDh14cjyYoLVMKCX3,5.2671,0,0.0,2020-06-07,0
2020-06,e2a5e39344c84c0dd352289ac556ed19669cd6cdbabe0f4a1af778ebd2249e13,TAo23VC3JxFQv1PBTsG9FCRwncoVjzJDca,TTrQQZBL52D2NZz9sbZYcfAHMpvaxQYExu,0.000101,92340,0.09234,2020-06-07,0
2020-06,7b9f109196c375a97f60cc5a12070bbcd23e8f3e4a719b1aa6ea2f8a9c026e7d,TMxThiQiYPtu2d1MKRCdHzFUi6MVXTYHmP,TJJjJCKkQh5YaNCuLwHADPEn5Kxn7Ygx9Q,0.00039,92340,0.09234,2020-06-07,0
2020-06,699934e8092eb27c160b8cfdd2d77ba9bf220095dad8c1ddf60d4fa355379bea,TPTkbNQAkwspzKzJFy53CGNRiqKBkKDWBx,TNaRAoLUyYEV2uF7GUrzSjRQTU8v5ZJ5VR,399999.89,43900,0.0439,2020-06-07,0
2020-06,243d35bab9ef4683f2ced1c65bca8f5ba8af9ec2669a6785c7ff94044033b0e9,TNaRAoLUyYEV2uF7GUrzSjRQTU8v5ZJ5VR,TXWCzrW2gobUhnEW18VmKNp26MJevjsR7K,19812.0,92340,0.09234,2020-06-07,0
2020-06,f4cdaab5b8ce9ffd87bda886f56464dc1cd21b8c516e3f65ca3ab895db1faf20,TAv7MmGYVo4o3b3qXHv2iXZTfXiFTWhhg8,TQKSUXkzCW83FRAcy1L3sCBokiWFo36yCB,0.000225,92340,0.09234,2020-06-07,0
2020-06,6254e466a54fb573ac07c2d6aa13280b972179ea073b897b528acc6c1deed47d,TTXL5SqUm8wtYQCT6A9XUn6h7QoZYWYM2Q,TNaRAoLUyYEV2uF7GUrzSjRQTU8v5ZJ5VR,16500.0,43900,0.0439,2020-06-07,0
2020-06,03b317949487783375cb762c70bfa57e375b39d6e0a7b0d77116cbc37dce6f6c,TH5Nr1oEHHtQMreK4i8NtkW5NVRvJcmeTD,TSi6p35CvksEuFj6fqJCeE8JawEB2UHnv7,0.000179,92340,0.09234,2020-06-07,0
2020-06,ccb663ca7b347bd17bde5c6570a4a42ca648f68601b14641904c4c7403876e07,TNaRAoLUyYEV2uF7GUrzSjRQTU8v5ZJ5VR,TYqwd8Qv1ByCj9Y1ujbvqjYLXKyKu5rTP8,5681.818181,92340,0.09234,2020-06-07,0
2020-06,bb017ec1324e4b53483e929aa95b1c32aaf7f39bc018a8acb25365336d2f4d42,TCChEHLFmqEbrLxMJ6jyjjjPrMePWNfae1,TQVtNqxKLrU8MsejBigww7bwafHtcusuD8,0.000471,92340,0.09234,2020-06-07,0
2020-07,1c238c262dcce30bb368903239b4ddf9d357e6c30cee8f4117762994ba70f38c,TM1zzNDZD2DPASbKcgdVoTYhfmYgtfwx9R,TQSoWSTuVe2G6ddGs9E47v1DRfpZD1hSgE,8000.0,161850,0.16185,2020-07-07,0
2020-07,724417923c62cef365708e44c9dca3e869775ddf9675182deab6290f5bff6fd4,TBjoCfa6U1iygdDAc8nG1KsXq3CXG7imHG,TKKA9o5Lcy4RG1rYm1sude9hxhVW6hiVu1,70.0,77470,0.07747,2020-07-07,0
2020-07,1fff83ec3da8097cdc4e38f509de45a1ef42ce1fae3cb703805cf3cdbb88c949,TTyNMpfybCb3zr8EHyWiuHtsGRcghCBVq7,TSLLAUft7Dy64QrjKAAytNzLAmdYprtcfH,0.000102,230910,0.23091,2020-07-07,0
2020-07,1173712a9f15eb6eb5c6a8b998269c57c571704e1cc2961e63e435cedd47f9e4,TNaRAoLUyYEV2uF7GUrzSjRQTU8v5ZJ5VR,TXWCzrW2gobUhnEW18VmKNp26MJevjsR7K,13268.0,299750,0.29975,2020-07-07,0
2020-07,f6a5ca5ac268ae84fefd08bf9afa05ea35b36d2c74de79b8b5e11c18b952130b,TZD36zEfzgQWJBB1HpjnJhybPZJpNeM5n5,TCxuBbZrMY9qd7cmubAbLKcM6cSdrrpYJY,0.000637,92340,0.09234,2020-07-07,0
2020-07,5c422925f0d98642e58f8e1a2d2afdbf1e4095bd4b3a0d11db295f5db3394c81,TSaJqQ1AZ2bEYyqBwBmJqCBSPv8KPRTAdv,TKUiDycp6MWKqobxJ2QTJWHSwoaiZpDMCV,72312.432,230850,0.23085,2020-07-07,0
2020-07,c94040873caab91bb1cb25d962946ac048a061ddadf9cbd5b0b1cab7ab7fc881,THUf3Tokwad3N3GHq7AJxYfr3ekiQMrcYG,TKKA9o5Lcy4RG1rYm1sude9hxhVW6hiVu1,55.28645,77470,0.07747,2020-07-07,0
2020-07,09a7e4d8d9785e463901c5abe9acf56f55c89d47f7c7288668bcd94c85b34954,TFau3fBJBSpM6PA7NoFTmANNZGTwBdeZ6w,TKKA9o5Lcy4RG1rYm1sude9hxhVW6hiVu1,74.10845,77470,0.07747,2020-07-07,0
2020-07,3acbf231b4bb2b1affc6ad1bbb117399fd780e85b91391f0f0645983e4ba5663,TSxMf6HnzpyKDMvFR8LFoqmwwXTd75V867,TKyz6GCw2dD28e2cEGwrimTXUFeg3NwN1b,0.000469,125200,0.1252,2020-07-07,0
2020-07,b2da8cbbed5bbcf7646245b4fcd8a3d5ca6a8be73b4c932550c27788df540124,TW29bkWgmShnP9aJpbsBz73MtUzWpRJbmg,TEyTcQrxUEHo7ecQo3u8ZprsNs73ENbdSd,0.000401,92990,0.09299,2020-07-07,0
2020-07,1182b3840fa95ccf05b289d7f6ff0a047b692e6755f3b24e13e285d091d0332c,TTZcMGGyVb1pthNMr3dEJ7LkVTkhurJ1C8,TV7H7vKH8gdX1ma1dsxU87qUjjCT4bkJf4,0.000103,93240,0.09324,2020-07-07,0
2020-07,799b863555bcb1b14042b2656a3e4bcfb8f7b70fbeed7be2d29081b691176132,TCRMtvJLYpJCyrzMcSjUqcUJnepoAyEsUF,TYrYVcN1hD6BJYVrdufSZaaLM1D7eoetYs,0.000334,230910,0.23091,2020-07-07,0
2020-07,d667c4ac2fad63c6223d6a5f3ddf908e77b98bc65ac907660a274eaf0edf9e45,TJhFpE7cVyTBBZLsRHQXrENQKzEkQRr5DW,TBjoCfa6U1iygdDAc8nG1KsXq3CXG7imHG,70.0,227470,0.22747,2020-07-07,0
2020-07,f644d814dd166726a2b845d2d238fe8b7185267a681003003c993ee24eb76ce3,TCkdxNLkME2aZc2vi9j7VEYD5uCsJNqNrc,TVTZmhw9reN65WNVebQZDDKKkFxCTgAZac,93.98148,158640,0.15864,2020-07-07,0
2020-07,b138b38fe83d14fee08b23a6032708903b5e5e45e12059275851ec0e4682a48a,TQNLNttZ6i1eKoNfA89PmB4W3a82cc9pDK,TBhJT5L72akcN1yVN8VLsWaWzfiaTt7L5g,0.000671,92340,0.09234,2020-07-07,0
2020-07,5edbe55242b54cf1fb4e2df06e13181375bd1e1ebcde18980d86249c5242f85d,TUQtc91Jy157sBZEfzkpPyq6tA4uNr6RLy,TCkdxNLkME2aZc2vi9j7VEYD5uCsJNqNrc,93.98148,230920,0.23092,2020-07-07,0
2020-07,f8a08823cfefeea171039a410ca38bf4dfa6bb663ebf469d3f78df17a76caade,TFnpKiTN9B6j6npzbacnNWTnh7QWC8cFki,TFxEut1uNPnGEUgGPwHHUEtFFcDu684oCA,0.000526,94240,0.09424,2020-07-07,0
2020-07,9bb5657e12ba59205a07c766c49cc91bfec87f5484f984e9c41b96eece0edb79,TCxfA6TBLurcuXSscUtRcG7ogLCLythZ6Q,TKKA9o5Lcy4RG1rYm1sude9hxhVW6hiVu1,75.67856,77470,0.07747,2020-07-07,0
2020-07,a32ef3eecc18ab1905fdcb8dce2def08c429af6e54088e16f88c693eda9e3af6,TXnbcjm56pwqebQiULRPYh2mopjr2wHNot,TUDRmQ3y9kHCQmgmgjHJZ6JA3c919zQEs9,72.785633,43900,0.0439,2020-07-07,0
2020-07,89cc04a3b8459aacc3c401f9aa5445eb82d663c1c31289d09eb9ba728724835d,TJQGYKiXHHaH2BFVMEpT7GVZ853eaqcJ5q,TWcSHQNzj3gbDUZGTdmDLUAxXcC7715grC,77.062969,89800,0.0898,2020-07-08,0
2020-08,b362ac23c838a5f4acb3addb691c9a20261cb286657b1e58bde9e465adfe6b38,TCEqgPMSNYMjAwVBinnFkLgvynyxGqcTYv,TRbWQXVThA5PmiDDK1XzzuYE3vytACjMaZ,0.000572,235360,0.23536,2020-08-07,0
2020-08,daaf73a1f729e812388be88d6e70bfa66c7ed90db65c122eb3fc70dcaf1ef5ed,TDmBGJDZ7VDQ3L6vv38JgxtFjrzhZmRVNy,TNaRAoLUyYEV2uF7GUrzSjRQTU8v5ZJ5VR,97.1,89850,0.08985,2020-08-07,0
2020-08,f09f793dacca953f62778ffa3854e24995138ed9ae2c3d3000bb7618f0781dc5,THJ862u6NXSqgvjAV8KdnrAEAcXiEYD3Cw,TV9DjTMd79PUQMMTgsYMFzCYwLiP2fP5GV,978.0,299760,0.29976,2020-08-07,0
2020-08,e7608cf45c8e853cc9154bdd9cdf8597b8c100740af06a5e8185092eac5ea282,TD8mvHVhMKX2wCgbPwZehWAk6wEvNtHcgL,TNoMvDdFH8J1eW3xxtteAxJEjUPbVqwtQn,16000.0,146310,0.14631,2020-08-07,0
2020-08,af29cc08e5837b599860e2684e2e7fbe1d889bf019546246f99226efa0fb412c,TXtHmc719HbrZ2yGdjggGSn6jdVNEubsnc,TMEWyuR3UPgSzJtPCwMokx58b3yAsN7o4e,0.000755,106600,0.1066,2020-08-07,0
2020-08,1eecf3e40936beed2e19aba33d0f7d12c04f8d8ffe7d9fabf674e6319b53dd6f,TA93aXxVxqPr6PW2drb26tKHFBjfQnPVPS,TM1zzNDZD2DPASbKcgdVoTYhfmYgtfwx9R,3496.43,0,0.0,2020-08-07,0
2020-08,425befd799769076d6cc95012dd4ebae36678bd7e731be95c9fb1e1678878f2e,TF2JoYVdPNnGwsGAXr8iY2godsCEnziaMo,TRqdj4uT8f93gPARk4gcube2SWWeTwwc57,105.6345,82430,0.08243,2020-08-07,0
2020-08,8a5b046ed491d861fe00ecbb12d4f81ec63f474c21a817da3992f250c3117ae2,TBA6CypYJizwA9XdC7Ubgc5F1bxrQ7SqPt,TKs3pTogDRRh1ZhQRZpS2bnQ2zhv3o2TGR,1500.0,235290,0.23529,2020-08-07,0
2020-08,05b06677ed8e1b10faacd76a55a0351144650b632bce8d0eb1c8659e27689b18,TH98bPQC8jkmYnwD3K3yu4aNZGpdULJf3T,THJ862u6NXSqgvjAV8KdnrAEAcXiEYD3Cw,2.0,43900,0.0439,2020-08-07,0
2020-08,8e057f2c7e62179531374d1b6c63e3c61195ea17f206ca58334b3c0706ec97c7,TXoYocbhN76a7cyHtoKk1ZaCmsUvPCp514,TC92eki2P4ku5reQkUWCMpxmm3jSjsSYgu,0.000598,235360,0.23536,2020-08-07,0
2020-08,8d258ded31ce029ca4294b026e8876d38736b36bbcf6952b6b3fcf3a5f8922eb,TAUN6FwrnwwmaEqYcckffC7wYmbaS6cBiX,TVg7ruzCTpPKFEUBRxWFzxLW7ocJMJxyyW,1105.122713,235370,0.23537,2020-08-07,0
2020-08,dcdcf42c1be9398fde0c633492083f74767964d58ad7cd6a42814c50d6a9ffbe,TGJeL2TxVDJqUobxXKMSBpf1RhZH2MLRVJ,TNaRAoLUyYEV2uF7GUrzSjRQTU8v5ZJ5VR,2000.0,146310,0.14631,2020-08-07,0
2020-08,e9bdbbdd3cfb8904ff3c193a838565bbb1c95621e40d038c4790feb9f416ac7c,TAUN6FwrnwwmaEqYcckffC7wYmbaS6cBiX,TBcVMEvgkbiwDBScdR7nJ1XPwm2SZQWeSD,10.942973,170990,0.17099,2020-08-07,0
2020-08,4d4dcec89aa95e5529504d4d5abbbd90d273821062ab84514a66c2199a261901,TCewC1GQ8bC1J76LCHixu7z6vLUhFtjDmm,TVTSJNcDX1cyo2a7ymhcCc3oz7NVdtJ5t7,0.0585,0,0.0,2020-08-07,0
2020-08,20814925dfd2f190506dd93afab122c761705ed0f931eb6069925c64103a17e7,TCewC1GQ8bC1J76LCHixu7z6vLUhFtjDmm,TZ2hZGrosE2NWGTXAqksBZegHzAQH8RbRr,16.0678,0,0.0,2020-08-07,0
2020-08,655883513f6f7deb882a16116792a1789290b7c30c4e3ff786edfa30afe84e37,TVTSJNcDX1cyo2a7ymhcCc3oz7NVdtJ5t7,TCewC1GQ8bC1J76LCHixu7z6vLUhFtjDmm,16.1585,0,0.0,2020-08-07,0
2020-08,c245e593f335cb0c9dc3b2b9c954a02d32499958d7e0e6649e065df5f0cdbc5a,TV9DjTMd79PUQMMTgsYMFzCYwLiP2fP5GV,TNaRAoLUyYEV2uF7GUrzSjRQTU8v5ZJ5VR,978.0,43900,0.0439,2020-08-07,0
2020-08,5b3a5027c544d28fa9ba75d80a2288f2e63744c5ac9c3b460d990f52de7521b8,TAUN6FwrnwwmaEqYcckffC7wYmbaS6cBiX,TB4TWfQXBYJzLYtG8Av6ZMJgnfSTQU9zhd,1500.0,299760,0.29976,2020-08-07,0
2020-08,9c5b9dad4d88dc3cbc6a3f5a4e77354a1ad5f8b4e3d1b968643d26f8db78727a,TD8mvHVhMKX2wCgbPwZehWAk6wEvNtHcgL,TPgJqvahymWKck5qMYKr83fneiTCWJaFnY,16000.0,103160,0.10316,2020-08-07,0
2020-08,64b232e57ae76f4d170fbef131ecb37eff42c1d1879a735a03ca916356b43ac9,TM1zzNDZD2DPASbKcgdVoTYhfmYgtfwx9R,TGJeL2TxVDJqUobxXKMSBpf1RhZH2MLRVJ,2000.0,273410,0.27341,2020-08-07,0
2020-09,f05e485545aad06810fc5064088205d37dcf63c7b8bdae3dd6eb0778d12d96c5,TQn9Y2khEsLJW1ChVWFMSMeRDow5KcbLSE,TTSMk3iGxavrUq4LXBrjU2ANp6ck1svWuJ,3.492248,809240,0.80924,2020-09-07,0
2020-09,fc59c908d134ab27c3dc60c2d3cdef759725f4453a144cad810342a6984e3fdd,TMiQSv9g5zV5L9gE5LoGLFVU64Wt69Eycp,TAYBjaZayTvWxC2vfPpyev2JKk4Wtyd6mb,4821.1,47350,0.04735,2020-09-07,0
2020-09,a3323531917c427b9ad29136e3ea991d4f5e3bd3ce6508d0c2923bf301d904bc,TAAhjNmTz2vUFZbW3VuLuHQN7yRJKBLdgV,TNaRAoLUyYEV2uF7GUrzSjRQTU8v5ZJ5VR,24508.66,43900,0.0439,2020-09-07,0
2020-09,c61d0616cc10e1bc32fa0000c2a55abec9520e073e23c7075a98286290efe2ec,TMPdGLFgJzySUz6ybW4swwXv6EjKpWcD9B,TM1zzNDZD2DPASbKcgdVoTYhfmYgtfwx9R,1000.0,0,0.0,2020-09-07,0
2020-09,52d51aaeef8b498c1dad0e1b3882d66d4670ccafb6845572c3ecf6d50100a5fa,TKucyAyGLKqSR3QWyviZrsv1b4uNXW2pRM,TQn9Y2khEsLJW1ChVWFMSMeRDow5KcbLSE,16158.676532,405590,0.40559,2020-09-07,0
2020-09,29124cc930205b392e4597569bcc41f5444d1bee252f8029037c73b1dc3214aa,TNaRAoLUyYEV2uF7GUrzSjRQTU8v5ZJ5VR,TQ4jxrCpvCYXnW6ZHpQVerGEe8aeB6V7MB,1875.901875,149760,0.14976,2020-09-07,0
2020-09,c59853c0ab588476e93b9cb23e22f04e088579b7a7ef49bc49f73205eee7800c,TLPj7oREuJdDFWWr5zrrVAGfVFhJ8mrtaL,TYDzsYUEpvnYmQk4zGP9sWWcTEd2MiAtW6,13843.0,115610,0.11561,2020-09-07,0
2020-09,5771821d80b7faa7c15c798a971846d1a4a6eddfea6088e955bec4fb1a7a0388,TNvFXgQeft9xuCM33cejxTWqFdkNp9RZ33,TM1zzNDZD2DPASbKcgdVoTYhfmYgtfwx9R,3043.317158,0,0.0,2020-09-07,0
2020-09,9792173b72934606ee06bcc3d46453f54d515277c3d92a13ce7381222f9e8fc4,TQme55SmAHbHEWJVnrwNenrDgMY6EHyhNg,TNaRAoLUyYEV2uF7GUrzSjRQTU8v5ZJ5VR,870.828493,144120,0.14412,2020-09-07,0
2020-09,94e4ef249ae7048f8ba830f1d936c1498398a2f76d2fd77a7b70dfe6858c14df,TAh7S9wEBqo559vtyNpktZ3vqT4jjwgsoZ,TLr3bn7nUGoNNhmmY8QhCqfBTXcVap151Z,27351.951,1076410,1.07641,2020-09-07,0
2020-09,d8af41ecd76514a11319ae3a6f81cdee77fbbe84d4b9d2aef15a27a2bfe54832,TUxHi5dwV9XMATbmpNis7XisTempRpqoa3,TQn9Y2khEsLJW1ChVWFMSMeRDow5KcbLSE,3228.873416,406250,0.40625,2020-09-07,0
2020-09,15838f51788d025926e21da5628e3c6438e74b5c289b87b9f6ccba0a45a59e7d,TJQP3NpcCvnJRyDsqSyCknqdZnf1VzGTWg,TQ1NxJBt41wSRFfnjk3FX3LeAZi76c7Fw1,4023.999152,194320,0.19432,2020-09-07,0
2020-09,61124c409343f128abf556aa2ca4c26b581ec36efc518bfaf3137ddbe93e4185,TQSqKKq4vcrdLF3sZcE5AELHAYP7JH2dq2,TEpC1DGvDdfrDf83JZDUzdNZydeHz9w21H,273.3568,4430,0.00443,2020-09-07,0
2020-09,49de23accaefe8ead01d406f476512d4539bf42d2aff45b3f2d7c1c41ebb9015,TNaRAoLUyYEV2uF7GUrzSjRQTU8v5ZJ5VR,TTQueqaJXzpySCpY8xzMo7a6YDj6suYzdG,1991.201,228260,0.22826,2020-09-07,0
2020-09,dafd10802aa0ed10c70ffb288610fbfd0ba92b4c848c80434823ec85ecd0ed1c,TLWE45u7eusdewSDCjZqUNmyhTUL1NBMzo,TXoWQPMxkpbPr1QHAR9TBmAVZag68iVoSP,25926.9088,0,0.0,2020-09-07,0
2020-09,e7c9f5b3ea0a3a4c33cbb94c44cfb5223b1f094f33628018773f610a697087bc,TKZE7fkqYe73HLrja7v6H3E4645PbFm6M8,TM1zzNDZD2DPASbKcgdVoTYhfmYgtfwx9R,2041.0,0,0.0,2020-09-07,0
2020-09,ebab2652e8ff3b2b62472153b695791e781099d7caa4604788544c0ac6075b41,TV1T3qXd9mSMu6izTW4sk1zzNDGW4qYEg5,TYmbq6sGxEe2VkhpSpvfiw5f8ir5HxpAun,9.999999,926540,0.92654,2020-09-07,0
2020-09,4fd93d95784de9a18acc2d69d3c135b5e427d7bbedecd42a7778294aba9808a5,TXLmWt1ovoqu4mUyDeJuk5z6gojFkYAzvM,TBBJ87RfwJ75nvnQNf9uCMmAL8uZpX7wpu,39.99,149760,0.14976,2020-09-07,0
2020-09,79b0a0a2b1ceaa2d8ba9311591054066bd62a4e2037c82301558344c000395b1,TLKA4WF4RXuJhG3gtKpevEUoAitpmgoNtF,TGX8f9J3inxgY1hyBPKdRULkoDLKcq4BWH,2884.387873,299750,0.29975,2020-09-07,0
2020-09,e419c45a5594b42937586c9f075522c6976eea2547e5d126e0517695da75a7ab,TJ6u9juvm662CqidK57KRfHJSSen9bDJnE,THXeEcXKfJej6C6dTDRGYQosTDdK45LfXh,1597.358624,149760,0.14976,2020-09-07,0
2020-10,82e009a011028b5eefdd2d069dd8f563f9561884ba216df4009f05085747a4de,TDZmNAhbGrrSzZZ8JJx1E3YhnSQ9TZQtYy,TK2pNgEGMscfyuYjdHucANwadRhDsetZZq,324.0,197450,0.19745,2020-10-07,0
2020-10,e8ac44ca4949d7ca15c6dfa241f56c202b011be72a2178cf8f6b9bf0e910972d,TSbARM4eupJELVrDvzx4RVcz5Y54GGb2YS,TTU7icZN9VBs3ReUCVBUnwyvdU41hGJzbL,1010.145,146310,0.14631,2020-10-07,0
2020-10,e77f0d2d2047ebf1bf988bf1e02f9c3e7572534b5e1cf322c8593830f3f0d181,TWVd9WQTLx8biBNaAaek1rgoeJKLmgaY1D,TQn9Y2khEsLJW1ChVWFMSMeRDow5KcbLSE,500.000494,0,0.0,2020-10-07,0
2020-10,3133eb3cf2469fe0bcef33876975f108a6a98fbef7cf3486e39a144f25cba7c1,TUaK93xiCg5Lyc6o3QCTE3ywuoP6taMrKb,TLjiPFnSzx6sYGhWMXQZhFhESvWTAh3e8d,149.7987,1430790,1.43079,2020-10-07,0
2020-10,5222011c4094af37781cbbceff7ac6d0533375a6312ebf574176fa5ae0e5bf2b,TJxz31Ldf8VDXqzvHizrmNK6ZzjaPKWJeU,TTi2EDAKqzSLUGVPCmRpuG2SC7CbZpmPWH,30.0,228880,0.22888,2020-10-07,0
2020-10,42d759c2ef66bed83513bf4601d1dea88315ba263d24dcc4709b22f45534d6a6,TYJee2XGcoRYEgPpmMPw9oArc61qQvgVSY,TWDchZBmYvTQBeXD4w8rRUowDv5ka8kiFU,1000.0,146310,0.14631,2020-10-07,0
2020-10,cf2dfcae9040cb0890130463a2bafcc9b6b9e90978bee5fca380b6860229fcb5,TEH4bhF1oUfLecdSbutzqFUV6yf1wqEPmh,TNb6vEVyQ1JDKhAda1oKk9i1PNpVTYpRub,156.0,299760,0.29976,2020-10-07,0
2020-10,334883cf8a53d1023e498444d7e6b7db61ee45cebd7aa8b78131e665c1699c33,TGR3kYhfAsxFGkAyWLRegaVSTXQ3Y36tfM,TEE21wznqEpyL2HmMo1bYq5C7tVBrAmKMr,50.0,299760,0.29976,2020-10-07,0
2020-10,89c99157dda4ad1b2ccd4e617496c2f51352cfa1c620b70af3dd64dfbc041a15,TVgiz2MhuNV4A7PoxMBMrd4XyfQ7ita7G5,TPaErUUwbPTsvfrKemMkEXCKaB63MwxKWj,1402.288341,296310,0.29631,2020-10-07,0
2020-10,c21afd5b601725998c2b2ba7316864b50d37b1a93ef95ece73294591ecf1c447,TDxE4ZrKCxzK78oPnnVyRWycjgNzyAhv1W,TEPSrSYPDSQ7yXpMFPq91Fb1QEWpMkRGfn,2000.0,95150,0.09515,2020-10-07,0
2020-10,b5b5dd61a1802a85584bd558cac11ecfa569ce926e5fdf984d7a742484350137,TNaRAoLUyYEV2uF7GUrzSjRQTU8v5ZJ5VR,TNKa8TLJBLDvRwpYt5vQ79FJBpQAZoaJc1,130.0,299760,0.29976,2020-10-07,0
2020-10,4069c81a1f7399c44dce4fc7b51c7adc8bf3eaf449ac20e4d1be70fc1fb6beea,TWyieznstEsjYHQgQXqPHfngKnvfwcZjH1,TLjiPFnSzx6sYGhWMXQZhFhESvWTAh3e8d,149.7886,1480990,1.48099,2020-10-07,0
2020-10,fe1aed820dbdcd3224b1f50f8d89d9f239df3182ff40d2fd883a5896788e0e40,TZBXJo7bWJNK2uy8VB4WK5Gbf66MuELXWH,TNaRAoLUyYEV2uF7GUrzSjRQTU8v5ZJ5VR,570.0,43990,0.04399,2020-10-07,0
2020-10,0cd7ecfbeada2201f1e94017b27ccc44cd6bf58cbb06147b1b1a2225425e946d,TQn9Y2khEsLJW1ChVWFMSMeRDow5KcbLSE,TXWJVFggwHvsdM9bQwkNsYcjRUcZL1XZbm,0.134029,808340,0.80834,2020-10-07,0
2020-10,9a33c90aec22e9ff8666517d15bdef317a1f1c416e7ef454f417884af4b8385d,TLQ4DERvvW3ABJwLBBoyo97yhLsp6JbMy9,TYRk24u81peLwBpPuuAZtyTKFoW8Ketxdf,163.514,299750,0.29975,2020-10-07,0
2020-10,f325c07c3db157ab877c76573cf4d7935df8195f0d9dcb3ac7aaeeaadcab5e07,TBKo9hqr1p2i4AdPd1kDL6xc74rSTQQ9k9,TNaRAoLUyYEV2uF7GUrzSjRQTU8v5ZJ5VR,446.0,95200,0.0952,2020-10-07,0
2020-10,3a73124c78ffc46ad64ebd4ec64c662192df2a4fcf2ddca55c86d3b2bef96a4f,TWyieznstEsjYHQgQXqPHfngKnvfwcZjH1,TLjiPFnSzx6sYGhWMXQZhFhESvWTAh3e8d,0.374973,1306600,1.3066,2020-10-07,0
2020-10,482d004fd5b0ea61fd82921c9d7dd3085f69882539803f23bfaf21613444bbfb,TVfTPdi1TvmKaaBE6ZSGtSRp5qqfYiGzDR,TVLtWjk3J1HnPSEWJ1dJNvRxP1TN33AmZZ,300.0,1528230,1.52823,2020-10-07,0
2020-10,ffd4d32c83cc18b96b476c0ae00e60cb2beeed59a7bda420428e2ccb78f1f1d3,TXUxuLuVw2Z95y3f9CR1SBCh3UYadBvqFF,TXiNiYz5dcAzMQMv8jLpb2Qz8sfgCQVSdR,70.38,47340,0.04734,2020-10-07,0
2020-10,04ee8b4aa5baa64b6ffcec45f37ee73ff2f218b0b536cd6fce6ee99885f23dd5,TUqejXwyez6toTyAV7ZAAtAw4AwExvkdzh,TLt3qzFeZGv6X2nTLAazLca9CsuGx2sVxc,5006.0,3197210,3.19721,2020-10-08,0
2020-11,d578ad9360f9755ff9c2ba8229ce9adaf82bf88e63e1c08b5bad60926c4c70ee,TTaPHXZzKe1UYjvdsRx6LrZdssmTSVDQpA,TNaRAoLUyYEV2uF7GUrzSjRQTU8v5ZJ5VR,710.0,100660,0.10066,2020-11-07,0
2020-11,24d5afc3740f63d888b541142055d1b9127c95d202a1c7a5867b409531aa21f9,TNaRAoLUyYEV2uF7GUrzSjRQTU8v5ZJ5VR,TKRaXdvkFZGfuac5zWbGaaQcm6yrRUrczP,259.541984,267960,0.26796,2020-11-07,0
2020-11,2d4b17545853d5eabbf5551f105db2c3a5f1c576491638e4e79cea31344e962c,TVLqW3Jktf5BeqQSNai4SBBtfUNm8i2g9o,TNAC1y2FSBbGwqWsp7FApWHFd6RupnRZDq,401.8,0,0.0,2020-11-07,0
2020-11,4279812b6465c15e06a53a94fdfef6a4d86fac4b5ba46c641f1ac261bf65a1f1,TL7jCSdBZaKFAc8dCyd71mKPqJE1RD5NSN,TBwkXiaXuMebygTV1Y3vjBYFX69fG8ETfL,1000.699999,114510,0.11451,2020-11-07,0
2020-11,5e202d25c3b7313624764855eb2ebcb9295857ea150d63f2a28ed7a319349113,TL7Eq3rGaJrn9Atby5zrpf549ZJ6edFtLS,TF8pVjgeV9SpEgRF3Q6k2G2RUNjr99DFnM,2.06,296310,0.29631,2020-11-07,0
2020-11,4bf949926f488d2cd59b241b3630c4596eaffaa4a14b5bf40ce1ed5dcefde591,TQn9Y2khEsLJW1ChVWFMSMeRDow5KcbLSE,TXFNbeHnePVG4X3r7ZVhv98KDUxyBCurnG,2.713908,483630,0.48363,2020-11-07,0
2020-11,043f79a00b6804f69657ac436a46d0981bf4a654e155072a21fe748f5a347252,TGf3iMLqzhK6EdzFbMrmBYkS5D78UnP4m4,TH4hQAi8gp4oLgWzrduyczDY4oF2SDKYsU,241.584053,899670,0.89967,2020-11-07,0
2020-11,d2027e42e6f4cfef3cb3ff8fb5a84d67a265c0bad026789c56fc7438ed7a2499,TTU7icZN9VBs3ReUCVBUnwyvdU41hGJzbL,TFHsUV8WYkf7xyMpW19ZPrFkH5w8dQ9JX3,1901.0,149760,0.14976,2020-11-07,0
2020-11,2fa2e339c54b2b6be3f59ee755b9f2671611df8fb9438f492309b561b9f32c6a,TEgMqhnoEPMemipFh9Kx4qoc9nk7eFiPBY,TQQGdFAJgh1Zn1sekETBBvTNDCoin1n4S4,10.0,250660,0.25066,2020-11-07,0
2020-11,8534fec8b113b5c3d1abface296c15297cb56c9024d3f560ab3b83e46ed4ad92,TH4hQAi8gp4oLgWzrduyczDY4oF2SDKYsU,TQn9Y2khEsLJW1ChVWFMSMeRDow5KcbLSE,239.000001,778920,0.77892,2020-11-07,0
2020-11,e6eb31a5cab6ba7fdee5e1f02ff5e8b288c4b277ef98c5ac335e8887c3faeb6c,TBA6CypYJizwA9XdC7Ubgc5F1bxrQ7SqPt,TQEg2TDue86K2SDpZ7f4oXEgBgSjrugeWQ,100.0,104030,0.10403,2020-11-07,0
2020-11,b3933af3cb0746f1ac5f717802dbd92c9f6af4599fa113d3cfcbf4e699311812,TVvxP68ZpXnUz6T7RHunWhPdJGNjzHJXui,TM8LvPnnb5HFARJH7sYiqPbKgu3CcCCM9y,10.0,146310,0.14631,2020-11-07,0
2020-11,86b8623cc4a02fa7880a6778c0deee596127dfa17a4ba75c976e6e23746352de,TNaRAoLUyYEV2uF7GUrzSjRQTU8v5ZJ5VR,TL4yLpQ89htgKsqFkcLWCGyR5N4KStAGo4,2.0,149760,0.14976,2020-11-07,0
2020-11,5ec38ecdbeda3750cec6ffbe7f36f2fbab46ea978238f2065fd26dce7595a825,TM8LvPnnb5HFARJH7sYiqPbKgu3CcCCM9y,TPDGVA7aSM9jNgUS2CqZK77TBVT4W5scs3,10.0,267950,0.26795,2020-11-07,0
2020-11,7d38f6281cf876c673b98aa501a69841f8e120f0185b0ea725dd60baa9672f99,TRpw8ecEFaxvr673x7A9v7b7PkU5SW1i9C,TNaRAoLUyYEV2uF7GUrzSjRQTU8v5ZJ5VR,558.576344,100660,0.10066,2020-11-07,0
2020-11,56e83bbfd7cd4f9d18faefe4e13d3cc088c3841743e4da897f487e642a8ece8d,TYQySEMHftkbZRLa1hxKrgC8pfXZU3kEDM,TChcGXdMW1BKVfXo1D1wZ6dMBHaYL1EYHp,35.0,100660,0.10066,2020-11-07,0
2020-11,629effd96b7cd32948ea159ebad38ba7289b4e215418fb3a15470efdcca96a8a,TYss8p37QSm65BHZ3qaF5h8Cy2tfXxKDW5,TJqFoYEC15B5SwQD6CDPjY8achGizcR89s,60000.0,0,0.0,2020-11-07,0
2020-11,a5e2517483e40279a8e06f7e9f1b3e6103f124009dfbe05d29831a0047e7f7c4,TNaRAoLUyYEV2uF7GUrzSjRQTU8v5ZJ5VR,TRH3ohzrtC4w36LMGyjFWBCgVaUQ48xQjL,1272.537761,299760,0.29976,2020-11-07,0
2020-11,b315559f2cfb857f460ee5d891b5666c1f34c74d6f4c946130281b13b3e99096,TFFjHdpmwr7YKwTGaTnWpL65Y1V4snVgvW,TEPSrSYPDSQ7yXpMFPq91Fb1QEWpMkRGfn,50.204633,128360,0.12836,2020-11-07,0
2020-11,1804fc47188de342d383a05bbc3c3e2776a085070068d7b680df70b295a29790,TLYCaS9cZErMpUuwjZQbkFvYqx6Zaq11hE,TJZTJdk7DTCa7Z9zi2Rt4JxLJwMsLpt7ZB,23639.97,0,0.0,2020-11-08,0
2020-12,a7b734249a8519533079a2f4d20d775497df3eebd509f827b99001bdfdc1bd4f,TAUN6FwrnwwmaEqYcckffC7wYmbaS6cBiX,TU6Q7YgZogTko5yznTSxeBiQvFnxA74Evq,1.0,1047320,1.04732,2020-12-07,0
2020-12,5cc7dc7c693dc1d65841afcaccc024395eaeca5eb10cd53094ab75dbe27642a0,TNaRAoLUyYEV2uF7GUrzSjRQTU8v5ZJ5VR,TNR9399G52qeesAfKWqACnX8jrYoSTM94L,15.432098,447360,0.44736,2020-12-07,0
2020-12,620eb004ad8947692e2f72194cd4a5e67b8e8ca165e26510b0e0598d6cc2afbe,TNaRAoLUyYEV2uF7GUrzSjRQTU8v5ZJ5VR,TQZSkX4ot3h1QM8h7WWo6s1q5om5Q9Doy4,110.035093,1047360,1.04736,2020-12-07,0
2020-12,a215f2aeec7790275c33181d4186a5f331da33b19a7ca04e86a620bbd79f1868,TNaRAoLUyYEV2uF7GUrzSjRQTU8v5ZJ5VR,TTHp4nrCaxsuCYwtKBNZs67AfXaJKaK7KC,157.6,599040,0.59904,2020-12-07,0
2020-12,f1b19efff2dea905ac29d9bfe3497d195cbd65677db48b80d172716b942c25bf,TD3Q4SiSt66SdDKbEVNxaz68GknVUDiTbm,TT6L6H2Wa2MG7NykPE3Fw9ga6s2buoEmkF,109.0,3048360,3.04836,2020-12-07,0
2020-12,444447d547c174e4387c2e8b794844602ce8e2c2cb0746979bec640b1f17c62a,TFTreqFCMJecF5Ucqo5MVurhAE214FJ7Am,TMSxsUxYiNH2jJYZzo5zmMNgz9ostKvBdo,3203.545739,3985960,3.98596,2020-12-07,0
2020-12,5fabeb971a875d4a016a876c6e95c1db7a374ced4c07b3a33415a609a0a1e46f,TGV8TsLLqY4gKPQYoFHz6jtQaiE3pQ6P5o,TLYVP6sarFPpPaQTynqVquTmTv4T2x8Wdr,99.032378,1199080,1.19908,2020-12-07,0
2020-12,8717729423c6799d0340708b3afca15c4d1d2a989b728c8c20d06034be3aa0b9,TJjgWZnyftvpGtGtDwuCnYycC1L4eDX84F,TAsxcHEQWhwErEGyowu1NBGqq48bpHiPRJ,202.6286,1185240,1.18524,2020-12-07,0
2020-12,9e98c94b2df6d0693b289b4e3ba47f17de93b6fead4961881bd790bd634032ad,TD3Q4SiSt66SdDKbEVNxaz68GknVUDiTbm,TT6L6H2Wa2MG7NykPE3Fw9ga6s2buoEmkF,108.692843,4009120,4.00912,2020-12-07,0
2020-12,f80223375371d64331e1f10018f29144f6602e662b65d200d1a074f5c9b53a57,TNaRAoLUyYEV2uF7GUrzSjRQTU8v5ZJ5VR,TL4yLpQ89htgKsqFkcLWCGyR5N4KStAGo4,2.0,447360,0.44736,2020-12-07,0
2020-12,d5b02d1d045871175bb7587864eee127ae36045d2c8376a26fe6353e788e368c,TQqbtjk4x4YuuPEoizdaNfVqDpkVzGAXgi,TGYXCLQNZZKrU9ePPKvCGDDK1MjB8fTX5T,1.5153,16440,0.01644,2020-12-07,0
2020-12,4606078ac6eeb0eea9f4ccf2b6eafd568104c384312c72d18332af29f528ed48,TKg3Kp8Hdpm56jVrg41SXCJ9syfNCmvmTJ,TGv7xCKPfTT2BWbpUgENZJZeENGV6Qe799,800.0,8504280,8.50428,2020-12-07,0
2020-12,5d3e2ba09184998b8f72f9c0ec216819d790745631eb84d81b2c846a84297b00,TNaRAoLUyYEV2uF7GUrzSjRQTU8v5ZJ5VR,TEyfgnGN2NdKaEdYWkfmKUDpCQKFFLyFzw,4586.77863,599040,0.59904,2020-12-07,0
2020-12,2355f26d2ae540c8de691578b73436d0c27c01c943e2cf150cd76ea653bc2b10,TUN4dKBLbAZjArUS7zYewHwCYA6GSUeSaK,THhkNotcfLexjvXy5PWN9syQSRdbqZ6HqL,10.0,0,0.0,2020-12-07,0
2020-12,5f21eb3f73af510059debbfbd6e49b01a456b97072270a1d6ebccbce6a10b03d,TNinx5KKmPwoj42ymqMApFGbD6ebAaunnQ,TExdKA1MsGwhbjmHryfqmnwxHoeCzzPucT,50.0,433560,0.43356,2020-12-07,0
2020-12,480bc577a4da6f9261ca5eaf5c00be500949947738a05e570939a96e50fd5e92,TKPE6YW5P83A3kE8mp1MNNNS6jnqeNwn4g,TNaRAoLUyYEV2uF7GUrzSjRQTU8v5ZJ5VR,1052.0,585240,0.58524,2020-12-07,0
2020-12,c2cd52f8f3da79cb9e89ef51b17828dd83c3661a2b0fd145174b328618493394,TBLcDt9AxFU7mBqER86qqJCUMmpYpBCjz8,TEAGt7kHQnKFoDdtFBZtgm4T8SStZWnTCD,80.0,189440,0.18944,2020-12-07,0
2020-12,736e396fc294140a8abeb39e21a7094258457b68d12f79b1d8ceb59f18227ac7,TJ9xMkUbhgepY2oSGjaYJJj6GaAzgsnNg8,TNaRAoLUyYEV2uF7GUrzSjRQTU8v5ZJ5VR,1052.18,433560,0.43356,2020-12-07,0
2020-12,6f68fc764d549187e40cf4a5aba95715f58ffea3d3ff3f041a5589a45f5cae3e,TCU2utoB2ShPX37exeMnPtWQ7AMAsYXSD9,TNaRAoLUyYEV2uF7GUrzSjRQTU8v5ZJ5VR,1051.774644,433560,0.43356,2020-12-08,0
2020-12,7d438ef10dc48b71253c8e6e4a818019020844d6d71fc234d5fcc9a3b5213047,TLQ4DERvvW3ABJwLBBoyo97yhLsp6JbMy9,TU4hM5HwehRK8WAuqSpwoLpN5AmjGXpyeD,278.35,599040,0.59904,2020-12-08,0
2021-01,49bf926ac9908158d0e76fcc3cd850421ea352394fe9ae2bd2560b06fa28fcc7,TMpkzcmPb1BWcFXUCMANr4YShxhNhyAsH5,TQYsVQFkJv1Fsb7pprDuR7AFNhYprgHeEt,10.7,636280,0.63628,2021-01-07,0
2021-01,66b3f132178e56ca9034a2bcd2f5cb98b0e0910a525679483d409a7dadafad0f,TMpkzcmPb1BWcFXUCMANr4YShxhNhyAsH5,TX7UCcQXSBz68QyvhfJCrvAts5696BHLsS,10.7,636280,0.63628,2021-01-07,0
2021-01,2fb18362d1ab98f74e762e90916d3f689fb0fc02d1d9eafc2190fd7af1f4ed74,TMpkzcmPb1BWcFXUCMANr4YShxhNhyAsH5,TUUhbvoTpMAnihtoC6HyGrPb8VmEYuAZzc,10.7,636280,0.63628,2021-01-07,0
2021-01,adb55f645f23cbf8ceebd53eaf4a5735bbb2af0bf685abeb3c56fd14d57c4076,TAUN6FwrnwwmaEqYcckffC7wYmbaS6cBiX,TKb12CKwjXP4PgJyxhyJTWhMPPfsdLtbs4,2.0,364680,0.36468,2021-01-07,0
2021-01,88dfe5af306a78391d819868eb609b1943024a58b80fdef9079f4b9e5ca3b8dc,TBA6CypYJizwA9XdC7Ubgc5F1bxrQ7SqPt,TAqaiZdZhVqKmcsEAVjWftGZ7ZWnifao8X,522.141165,0,0.0,2021-01-07,0
2021-01,e5c63ec12151aa168cd64d3c4833970e95112622dfd325d14e07a6f1410d6dbf,TAsKwgwTqozHTUiujSQqxfEozYwweqrPyi,TYsntTHrZBrdjvXAQyAY1JgZLsTxHAqcD1,95.0,350920,0.35092,2021-01-07,0
2021-01,86145e50f80fd217a7f84da1f06b603619e6d8cb286c6c266ea6d02c5f1c5187,TAUN6FwrnwwmaEqYcckffC7wYmbaS6cBiX,TML6wzmnAo2P5q1wJz4joLaF7hfwTR7Wi4,3000.0,599000,0.599,2021-01-07,0
2021-01,088cfc1fbe290e9e18df7624193dd66ca71ba34fa88d280b44811e89ba3c28bf,TMpkzcmPb1BWcFXUCMANr4YShxhNhyAsH5,TMBECSYedb8m5nwSmHPsUMpnsE3WPrg89U,10.7,636280,0.63628,2021-01-07,0
2021-01,67aeae102a59d156414652a8b5b32ca2247422399d5b8966a0ed4c60984b50e3,TQooBX9o8iSSprLWW96YShBogx7Uwisuim,TQn9Y2khEsLJW1ChVWFMSMeRDow5KcbLSE,1149.953674,15120,0.01512,2021-01-07,0
2021-01,a2fda8245c584ed2c373f3fba18bed86b15e34ec1e8e3ead0e78a878f9495de6,TXFKsMi6sCCVE6kTfyNpMoEHWccrmxXSwe,TXFBqBbqJommqZf7BV8NNYzePh97UmJodJ,310500.0,585240,0.58524,2021-01-07,0
2021-01,b7ada138ab066ff40d21fe83c49bcdf3b0c4e9eba12d663a4fae5df78b27b200,TK1UXQBkvAwBypz1bTWcuLHFaB8JmTjoUw,TNw4NSfZ8rXDryaSPMQfxkjvMHQVeBP8Xg,242.802899,592320,0.59232,2021-01-07,0
2021-01,c8ba3ce73ed2453f41bc714e92e6ad0bed9fef091b81f0fc4e33de729a6cd88f,TBA6CypYJizwA9XdC7Ubgc5F1bxrQ7SqPt,TDBnJXFmK9aQRJuKZihie81pw4QNnSvEd3,3152.205165,0,0.0,2021-01-07,0
2021-01,521deec17fd941dd6277393172d17801987ee6dd04170a67887df84f20780999,TSFa2foJ75NmiTPfVwnyJdrvWVH5Bzz3YF,TDwws59sQPVVtjzcrFCBtVDshmt8Sk9BAW,66.88,1199120,1.19912,2021-01-07,0
2021-01,b64229a77014d1c705780db4cad6846a133a0f48cd8efce7a8b3a5c9e083cc62,TNaRAoLUyYEV2uF7GUrzSjRQTU8v5ZJ5VR,TBrcPcfSeCbjP5mUt1w1pio5XvdGRQmofJ,2397.990002,599040,0.59904,2021-01-07,0
2021-01,e62ced6e45b237b8345310c35580f1cc96ea3b1e2a3511d8350fea524f21aaf4,TAUN6FwrnwwmaEqYcckffC7wYmbaS6cBiX,TPajm2Wmg8KfxcBNDR9c33TzTxCZHvmwTE,150.0,964680,0.96468,2021-01-07,0
2021-01,7213e3d55bf69681a26b8fe5504949b53a298cbef45e4925734d30b5b4cf1633,TYJsT1wnKiJr8XZxsh3SAarHqw74TFksGy,TSDkNfbVWbYFh2r6evcBUH398gZNniSscF,376.925198,585240,0.58524,2021-01-07,0
2021-01,ed342f58399b99b148956d7ce25b54ea941f9b7aac74ae4d134c3aeea0126113,TEia7apsgqAVoCSHYYA9EzJVwcit5HnyFA,TNaRAoLUyYEV2uF7GUrzSjRQTU8v5ZJ5VR,2379.8,350920,0.35092,2021-01-07,0
2021-01,686ccffd5ba41dbc02c4be0c498a4fd29d74e9a19d2670534b8252a2c6d6ce1b,TPMF2n3hJLcCwoHq6bwLeVXBbNZgj73AEd,TPj2fCeBBwCkctSkQfNEKYt12mT4cnMREF,999.9,43080,0.04308,2021-01-07,0
2021-01,11fa32664ab3f844ea6484d883ebedc444ad921c86300cf8644fb571c630324e,TLQ4DERvvW3ABJwLBBoyo97yhLsp6JbMy9,TQzCnZ4NCQL2wChG2LWdDPqb99JoDq3Y6H,20.52,599040,0.59904,2021-01-08,0
2021-01,a59c50056abe26a3b18099a7c48b2480a7e1cc93cc32503333d916f2dbe69575,TY1rGnXD3nLoCNKzqabWBBtsTfchoprzpp,TDmwZ6ZrNAwdceFsB1f2ef5kgGGPsuiVbo,7.739007,633480,0.63348,2021-01-08,0
2021-02,4a4d4924bbd810f417e41676aee14473fdcb319532a2d55ddcc29059cf79d0af,TQn9Y2khEsLJW1ChVWFMSMeRDow5KcbLSE,TJoLGQeV3eFBUrriB46zaHDggersrL1Lnz,606.365469,3119480,3.11948,2021-02-07,0
2021-02,10f5e21a459880616c960554e81fc6863d63eb9980b6f1c37baa30f47d6338dd,TMpkzcmPb1BWcFXUCMANr4YShxhNhyAsH5,TUPDcRYsfdPmDCgoBh1S9uKTzbePAyBbqW,10.7,636280,0.63628,2021-02-07,0
2021-02,33da1d07c4462effc2e0515af6d3ccca027987f0c4dea6aab3aa918828c5e0de,TPLDCaUkKpx28x84YnYM4deZLT7omKL2KN,TJxiQuTpzf9LoLRJ6mmPDb9DV5vKDjW6m7,700.0,43176760,43.17676,2021-02-07,0
2021-02,b5099e2dfd177e903e1028857c21598f49d19c9ac35bdc4fe0d1d9dbd1e472ac,TBA6CypYJizwA9XdC7Ubgc5F1bxrQ7SqPt,TEHEg5BkeCdkmX6rtMnBfV2K28fhm1H57q,1777.915648,472560,0.47256,2021-02-07,0
2021-02,77dd54393a350e7d72c01d790158342a3fb6474ff84004b1adf902657f22bc65,TMpkzcmPb1BWcFXUCMANr4YShxhNhyAsH5,TAvKU6GVQ5XN8Xi3iZADsqZVWyAePRHAU3,10.7,636280,0.63628,2021-02-07,0
2021-02,a1d1799209e816442aaa457f56706e318562ec9c5a5d567f8d4ef58a1397f597,TNnknE8BYGZY2xMGPXfV6q1Vs83nFRiXag,TQqbtjk4x4YuuPEoizdaNfVqDpkVzGAXgi,5.0,16440,0.01644,2021-02-07,0
2021-02,065e6ff7c6a94926609b184f50772f71c1f72c6237753e9dcb72467394d4fa82,TMpkzcmPb1BWcFXUCMANr4YShxhNhyAsH5,TUh8Hg2nhAkvmSEowzXtU6PXGr7F5YtruX,10.7,636280,0.63628,2021-02-07,0
2021-02,d39b76921b18164dc12e70e96bf6856d1ef1cff52fd6974947e3fcee499a309c,TMpkzcmPb1BWcFXUCMANr4YShxhNhyAsH5,TUh8Hg2nhAkvmSEowzXtU6PXGr7F5YtruX,10.7,636280,0.63628,2021-02-07,0
2021-02,a499eaa5b3eac6c99cf281400e63e144c45ce1dd3b2628d383ede8dd773f79c4,TMpkzcmPb1BWcFXUCMANr4YShxhNhyAsH5,TFskyvfTZ2seVx2d8uPCj2ohDreTekhNmz,10.7,636280,0.63628,2021-02-07,0
2021-02,66a7a331e77d75a3dddfb5dc7be948bd59f837562a8cc27d3eead22f3075c6d1,TQqbtjk4x4YuuPEoizdaNfVqDpkVzGAXgi,TNnknE8BYGZY2xMGPXfV6q1Vs83nFRiXag,7.2425,16440,0.01644,2021-02-07,0
2021-02,bb5985769c46206a8f4b79543b94214292cda50ad434e30c64d68e38fe287baa,TLYCaS9cZErMpUuwjZQbkFvYqx6Zaq11hE,THCB2NTgc1sR7sDSs4Pgr5mV6nKnHe6Whv,1237.0,991240,0.99124,2021-02-07,0
2021-02,234ee0b80aaa9e5e3ad1aaa2a72d13862e2134e6aaef5e0d6017bff3d0f6c8b9,TFMrXotbCPVcC1PwJEqruXYAK6L99zVbuQ,TSs7V5LELspBau9zPsC4FxZbo18T2S8xxS,9.0,599000,0.599,2021-02-07,0
2021-02,570468b9286256faa4d132690cc6b4eccb800fc32d2f41b11c5ccf0686b567da,TP1BCpGbkfaLJuiFDwPkAdChs3qVKipr8x,TLYCaS9cZErMpUuwjZQbkFvYqx6Zaq11hE,100.59996,585240,0.58524,2021-02-07,0
2021-02,26910d16b79a00984787605bfe042f7ac7d46fdfc34a399846eba27789e0b489,TFaRiiMr8jceKGtDDNP5nEc13qkJC5bwSe,TBwkXiaXuMebygTV1Y3vjBYFX69fG8ETfL,2000.0,585240,0.58524,2021-02-07,0
2021-02,5d3089e1ed70872a09fefc5c0fcfbeb0e73a786ce3586bfce99e3b2ac3fd92c8,TMpkzcmPb1BWcFXUCMANr4YShxhNhyAsH5,TPv7pta7LsA3uskhQQ6ZxyYqKinRSYYfPo,10.7,636280,0.63628,2021-02-07,0
2021-02,67b40b5f37b246e0f5348107cd10bd65b4be21c30f57628096f754bbfd93965f,TFMrXotbCPVcC1PwJEqruXYAK6L99zVbuQ,THeCaDbhh86XsMDWH12dq6oLaHiXKf2tpn,1.0,460480,0.46048,2021-02-07,0
2021-02,3550cb07998fc4a8300e4d40636fd72e745488a2698dd8c18a9cbed0fa724ec1,TP1BCpGbkfaLJuiFDwPkAdChs3qVKipr8x,TLYCaS9cZErMpUuwjZQbkFvYqx6Zaq11hE,100.59376,585240,0.58524,2021-02-07,0
2021-02,a90a9c1b962182b7690cc4f88aac0f824f5b54ac2e8694efbb9118a1f2329f02,TP1BCpGbkfaLJuiFDwPkAdChs3qVKipr8x,TLYCaS9cZErMpUuwjZQbkFvYqx6Zaq11hE,100.59376,585240,0.58524,2021-02-07,0
2021-02,4ec84d5ea8699307dc518a5b61f38daa3d7f7ef3779aae8515c24c8accaf088a,TDumswVM85T3WCiPTd3qoVNNv1avhfKLNg,TTGUKCziMWZVPEg2RWwEg1LHh9Nf67kXBr,300.0,446680,0.44668,2021-02-08,0
2021-02,fa23765f5099a460a040c7c869c06a2f1d3e782a1aaa45c9595120adfa4f1e37,TNaRAoLUyYEV2uF7GUrzSjRQTU8v5ZJ5VR,TNaFU8pgprQ77EKmH2ecWaw9TBHMS7Q6Bq,4526.0,599040,0.59904,2021-02-08,0
2021-03,99dfeadadc934824e7cea1d25dee2aead21efbb1ca0aa467e015d63e73c22b5b,TXapQNRb5ZAssLsVDgDTBGEC8XNQPbXMaA,TKYuHVufyvYfiHUDVoF7ZE48dVeTak13vW,133.187818,0,0.0,2021-03-07,0
2021-03,81f1db7cf0e07aa4e83e5172c8bcb3d99163b3063d49359fa2eac32b5e8c7603,TAUN6FwrnwwmaEqYcckffC7wYmbaS6cBiX,TFrzQwnDZWcDE5BmwfAHgwyxFyN81GJFAF,299.0,2096640,2.09664,2021-03-07,0
2021-03,91a5ca04b7002dbfa9e8e2b27445cc9af18f21b60d2327c86b485f57ab1bfe9f,TAUN6FwrnwwmaEqYcckffC7wYmbaS6cBiX,TXWvkhHEPeKNQHZ4kLLZFK8aaQf7MtV8AL,59.0,4196640,4.19664,2021-03-07,0
2021-03,2eda78b61c1de94d5da44ae53e3bb37dae86675267b6a5b0d84e1130c08de748,TRGoXG6pZ18TwHNm3Bj2zCgi6ihKWSHf23,TAcjfKzzfGoy2TMKXZ9QZ6zGjyxz6QVUU5,62.14299,4148340,4.14834,2021-03-07,0
2021-03,b38cc2a668fae5b32a9bc0cc6c9750b8cc03366892140d186d20ff237313c99a,THSh49nSaPpUHiY9KwcXr7qNrND9W423Pw,TPEB1wuJ6EvJBaFjANsppQ2geqKVV8TMxE,109.659972,1587180,1.58718,2021-03-07,0
2021-03,092c34ee5a1a5fc837107d66f302caf073cc258417044bdb9f9fa7293d514163,TWRw231wWhFWBu4iiHNDTSkMVWC9DbdJmb,TJxiQuTpzf9LoLRJ6mmPDb9DV5vKDjW6m7,50.0,0,0.0,2021-03-07,0
2021-03,056ed27602c222ce521a5c5b036843160271206b56770a5dd26ba47e7cc1201b,TJxiQuTpzf9LoLRJ6mmPDb9DV5vKDjW6m7,TGZLahVdtWPrQaJnuKJ5C7hMvKGChu9dua,50.0,18469220,18.46922,2021-03-07,0
2021-03,3c31ebfb97089e5b787917f212f023cb7c4409bda1bc0f2931df65ecf95a4dc4,TAUN6FwrnwwmaEqYcckffC7wYmbaS6cBiX,TBirDuzwM3qiycZdWGKfVF43QJErRghVo5,35943.0,4196640,4.19664,2021-03-07,0
2021-03,58c92da6d5a9dfa6d35e16ed9d21b9b5aa5d4b192a21521fb6e5c62a248b2561,TNaRAoLUyYEV2uF7GUrzSjRQTU8v5ZJ5VR,TMhMDwi6uDcP9fC8WRv6BSRCXNqJ5kk22r,182538.9108,2096640,2.09664,2021-03-07,0
2021-03,d169dab15c709364b843a7d75e851532beacd824383fee6f3a4c45e1dfe398b9,TUN4dKBLbAZjArUS7zYewHwCYA6GSUeSaK,TSFzygZUDKfxfVKHQBrr7MQPoLNksetJVS,9000.0,0,0.0,2021-03-07,0
2021-03,813140432462c97a781340638f5fc33f15656a0b20edc3f500b70bf62447432a,TNaRAoLUyYEV2uF7GUrzSjRQTU8v5ZJ5VR,TDL5ia38YPQPgR9GA5weHecGPEDBTu5cuM,100.0,4196640,4.19664,2021-03-07,0
2021-03,aac867d9bd0d804155c9ea316516f5f61914f3403275080a8c72ce1e8989dff8,TAUN6FwrnwwmaEqYcckffC7wYmbaS6cBiX,TAZ5WsNvArwAgXXpFfCYtkmuEEbZxGNgdz,729.758862,3745700,3.7457,2021-03-07,0
2021-03,b74c83fffdb88eda10f37e612282542c86b576dcc9182d86590ecb4209f46c74,TNaRAoLUyYEV2uF7GUrzSjRQTU8v5ZJ5VR,THuDqg6iuNnzGq7DAQtTzjZBnTCMpt6qx8,3321.0,2096640,2.09664,2021-03-07,0
2021-03,1f3538cfb26402bce2aae0c57cbd5b809ca8312d619f14be62866228a974fcd5,TNaRAoLUyYEV2uF7GUrzSjRQTU8v5ZJ5VR,TMVQfB7Gxxz1s5XKx88RWjYVsFTrs78K6A,10.0,4196640,4.19664,2021-03-07,0
2021-03,0702d5b1c9084775217301a2b578547c6e26e0973be247d0ae7e730183720512,TAUN6FwrnwwmaEqYcckffC7wYmbaS6cBiX,TXXFbo5UGCgbSdZYnU82o5CnMYynv6ewct,116.737216,4196640,4.19664,2021-03-07,0
2021-03,66dec8a46d4e26b439e0aa106b44d87c2c49ea572714e17edb37b3552f78db36,TM7wMgxPLyhL3NaQ25PsMGEERgEoPjiVHj,TEpC1DGvDdfrDf83JZDUzdNZydeHz9w21H,87.38,0,0.0,2021-03-07,0
2021-03,f159fc04f97b1a7c2692ac9de03871aa1da54f661fc17ee1fb64fbb340ae71e0,TEkD4bC8vEtW1um24SJ5Cqyt138LffaHA9,TFpB7avyMGmHgW9MGGrqSbRa66KzAiTRLy,10.0,0,0.0,2021-03-07,0
2021-03,614e01e831e19850f34917ef298b58f4f7e53b5981b7c1c8db86e876b3ba5c1a,TBA6CypYJizwA9XdC7Ubgc5F1bxrQ7SqPt,TQVAuLT1aQnbjubthsMtRUNXwnR6Tjqdd1,5000.0,0,0.0,2021-03-07,0
2021-03,817118be31d40a42a8ec6e969cbf162cae50eba0a1ee651b12c4fe71872f59ca,TGEwJxVErWagXnriZATPMBFFbbeuad9m3h,TRsmRbMWzVKGnkKp1Wu6QK2ut9stnBtw8k,638.0,0,0.0,2021-03-08,0
2021-03,348c6944c3611667fcab4f07394acb44628ea46b141936b4e33f6813dd69fe70,TGEwJxVErWagXnriZATPMBFFbbeuad9m3h,TGg2GLtU5vnzAswhRBnpNUtiyJptH7ozVV,1035.0,0,0.0,2021-03-08,0
2021-04,b806088c6689a92313766f74f94dc5f8d2441d766b770b5208d8ef35906fd0a2,TEzoauLiWmv7eTxfpJRAs4E5BUyvQvAPBU,TNaRAoLUyYEV2uF7GUrzSjRQTU8v5ZJ5VR,130.706465,2048340,2.04834,2021-04-07,0
2021-04,525a49f97dd81c360a5ee71941ca63861e7134b5244c4b10063c60960c0844d1,TAExzKbFrm2V1bU9KnTprDeLixLhXH1GUu,TNaRAoLUyYEV2uF7GUrzSjRQTU8v5ZJ5VR,488.5,2048340,2.04834,2021-04-07,0
2021-04,6ed149313d6dd3de0d59f4ccbc745424f438491610f1bd809feafd4b9457c863,TNaRAoLUyYEV2uF7GUrzSjRQTU8v5ZJ5VR,TBsS4sXgWXXcWisPiHaAXHRbGTzAto76JB,99.0,4196640,4.19664,2021-04-07,0
2021-04,378659c0ddbd5fcb599e81f42a98dd5da7ac3fd174e59054b95fd067b20f0e2c,TLAiQcyKs5tuyztiy1syh7ykA6ked56Lkp,TLXXZ8RQ2GxCk5mc4qWwquWc2ZgQBFxwtB,117.829495,4196640,4.19664,2021-04-07,0
2021-04,1f8de6b70e8fe9fd975b975051e7c19ce54395253236596adbe24a8dae513487,TLzpxfZC62AYiax1RF7DrhiGLYAA5knKZH,TDxap5nuyewSWKyyfpspYJcpcu5BDMj8RN,999.0,1290800,1.2908,2021-04-07,0
2021-04,fb8eff1944b2cd1ba1f3b3dfcfc04c337de8fec5d6b55c913432f4efa0baa780,TUy8QtTWC3b9EFDAMuC19TFWT2kXMbpf1b,TYDzsYUEpvnYmQk4zGP9sWWcTEd2MiAtW6,446.847286,2896880,2.89688,2021-04-07,0
2021-04,8167d83c662dabe237917af9720f201efdff296bffc0558a7aedd65b10ce218e,TDCVqNNzaCgN6ynB4xYGDstUEhEvPRb9xi,TAUN6FwrnwwmaEqYcckffC7wYmbaS6cBiX,450.0,2048340,2.04834,2021-04-07,0
2021-04,03ea3c7e506048cb7731d31aca4588b5a6cd08f946681a1dfc7609843ebfc6f4,TLPneTq37g4xhJZCCpcFBZYqi3pTKN3u7A,THiX3CSofdDvYR23zTWJyD2Adf5c8GV7XT,199.0,0,0.0,2021-04-07,0
2021-04,22884a7c7929f8a0a4604fc4729fd86f90baed6e06d0c6ea108fdf3914d24d02,TNaRAoLUyYEV2uF7GUrzSjRQTU8v5ZJ5VR,TBXBbgWftGsU2JUJMMemDmoqfsvDWXruaG,91406.6,4196640,4.19664,2021-04-07,0
2021-04,52238258306fdee90701d1cbb0ae2f96fd53e90524bb0cbc43e71c017ba878d0,TGJ9o4vNnWdpbnwdTBHCcRPDfMi5yqMSNn,TSKcXoAtHkDL6Lv1gGNs1pFErh3R5jsZAh,610.0,0,0.0,2021-04-07,0
2021-04,97f8dcd76c8ac8f4bc33d91af97466d70a3c5b088d98587de90bc769e8a1e36a,TBuZd6Sd6P1FHz1vqn4KVetRKwv9fkZX9S,TGm7MivKkV5hfwT3p2XguCWGqstmsjPGiW,160.0,4196640,4.19664,2021-04-07,0
2021-04,50fb8ca9ad0f7c7ff7aa6c1165b6f7571042c1dac2dcec72e0e67601d5e10fff,TE4ypPr2JeiDmhXhVDYReLEzqhGCsE92N5,TBRkCgrCYLPWQALJJWKYizJtJhmxDVhxGW,93.0088,4148340,4.14834,2021-04-07,0
2021-04,036771ee9c55faf82063b4302d126e81b8ec3e21159dbf7abe49cd4e42dd07e6,TNaRAoLUyYEV2uF7GUrzSjRQTU8v5ZJ5VR,TFgEK9K14ynTQoyrai8mXtZYfFkznmq5io,29.0,4196640,4.19664,2021-04-07,0
2021-04,6ba2ae02debcc7611ab51034c7f7a25cb0016bfa7dd1e48ba49c84acb7fc2d3b,TNaRAoLUyYEV2uF7GUrzSjRQTU8v5ZJ5VR,TPqqkR5GzpKDGRRAtoFUaBR13tkP5x9bCZ,219.0,2096640,2.09664,2021-04-07,0
2021-04,a2bca0b5ee7aa882c9386c283e5a5a590d5fdb591218c8dff35db913981b0761,TFoNJT9KspgjZzAgc5whR2moxJBkQEDtU5,TCB5jqMd4Q6aqw3uUbZxGBt5VJZEpxdR9h,99.0,2048340,2.04834,2021-04-07,0
2021-04,c4ccf60e0b6df701f9c169c745f808b8c5642362c9706655ac28e160cca11cd2,TNaRAoLUyYEV2uF7GUrzSjRQTU8v5ZJ5VR,TFprCp9pT9vBg5bGpsAFDqm9fmFeCu4fv1,1009.991872,4196640,4.19664,2021-04-07,0
2021-04,bf3108a469be99b372197da4160aa027d55f93426246cf4f62f811204c3ed60d,TQ7wK19fhZZqLdj2Xcw2e6Ejs3cTZbfBbF,TMTrAkHMDGXZLwGnKH9yhtJYMiK1K1BhJA,172.956,4196640,4.19664,2021-04-07,0
2021-04,0f7ccbadc734d3770c2135bf3a440bc9e1831c3608e4a4b071d3ef2ac04a5c1b,TNaRAoLUyYEV2uF7GUrzSjRQTU8v5ZJ5VR,THRwAyahKzY4yzsKAW9tzAjaAhGGSeiYDx,444.08,2561300,2.5613,2021-04-07,0
2021-04,3f19be1722d0b088af23e3208e0d61146206a7cbadc0e3e0edebec758bc4979a,THNM5oNPPCNXPL4o534GzpuxtYnwq36uDk,TJcGcTNon1hBYexc3Q55Ew7di6QsZdVoCx,420.0,3379180,3.37918,2021-04-08,0
2021-04,d3757e1a7f1501eab268e410b79021b2bb1e6db2884de36580450ff07c5740c9,TDZu7rwKeMrcXQRfmzA2fQUb1bCYUoJfPw,TKezsjqdpik45ZgRmmDH6wsbVqZxF4TmFB,10.0,3930220,3.93022,2021-04-08,0
2021-05,553bc755d4d226490ff55d64994776fa084d78e63eabc19971a05208811cec6e,TJJ6s7CJS4pKrrQCYbNFuCkkjjVyRsd4k4,TBFogJH6A9zEsTVbVj69AfxC4sVqE7X97h,99.0,2048340,2.04834,2021-05-07,0
2021-05,4a0749016ea18c42ca768db9b0ee1d00fa849dff58c9ce181dc478226cb2a29a,TEXsb86rjbXPUaKrTdi77FoMNiifvKGF6T,TEPSrSYPDSQ7yXpMFPq91Fb1QEWpMkRGfn,113.331832,2048340,2.04834,2021-05-07,0
2021-05,cec9f2e148793e6f1de3a5bfb7ff0fa48f6415300d54b72b292e4923551833ec,TTvDqdL4npcdfFJDJX1xMuuy62ktweC1hS,TCAzQyUt91aW64pwjk876SKRpj3cLst3Rh,9492.3,0,0.0,2021-05-07,0
2021-05,eaae7f820b798f507636276fe3b4646d64bd173883dddeba56501645fc170f71,TATmCS9xnoHoSBkFe5rp1GPfLscn59hWEp,TUm327Li5ADQARr9FQFEMAZFNyyEZVMp4k,190.0,2096640,2.09664,2021-05-07,0
2021-05,1ee3d006edb837aa61a18cae4e64b3c5f7420b1d90a9579500d011ea2cf39537,TQn9Y2khEsLJW1ChVWFMSMeRDow5KcbLSE,TTExcsTfBEh2EQjDUPRdbPTQus8dkoZYS9,622.659944,13294680,13.29468,2021-05-07,0
2021-05,3014f9949d32f8d7a4c595ef5a6dcab08b12d36542ffcc28b397b6ba77959548,TMVcHpZLyWNuKT5wyPx35sCNKXrpoY7EPn,TC7JE3f1Z2F31DLL4AHG5TCAPec3Qrckm5,25.0,2048340,2.04834,2021-05-07,0
2021-05,f63f13fe34d2463ea2d369eabaa9c8e8e4605508a4eab8c5f1d4b1b40173ad8d,TUN4dKBLbAZjArUS7zYewHwCYA6GSUeSaK,TBhUy6kWoxSZp8yr2WA8zCr942QNd2gDux,287.053658,0,0.0,2021-05-07,0
2021-05,061aecaa2099e96bda6565647b22ce8f589dad84c53283165bc48b77b2153591,TUN4dKBLbAZjArUS7zYewHwCYA6GSUeSaK,THqAS8Tp1vmyqDp1pHFUvMSLedw5EgsdMT,2499.0,0,0.0,2021-05-07,0
2021-05,53f4c9c31e386008fe20a299316a27207b959c6aee9b8122699279b1f9713764,TJFG9MiQrC2yJg9tQ3j8pnzSstewLfSp9i,TNaRAoLUyYEV2uF7GUrzSjRQTU8v5ZJ5VR,122583.609,1500800,1.5008,2021-05-07,0
2021-05,791a83ed73269ab4f854c614cae9798f37dab451f66f867eab45a260f011fe20,TAnNBeBPappXnQhL8XyXFVMcRthocYwJHj,TLYCaS9cZErMpUuwjZQbkFvYqx6Zaq11hE,4400.0,2048340,2.04834,2021-05-07,0
2021-05,f68125b43b8d2c11375f430f0cf864893e9eb81c8ead7aebe3ab8568dfe70dce,TJNUMa3NvNY9Ruaiwmc9bTWC9TGhTxi3qE,TSwF3kVRF5Hg4kEuhuERkmPbpNmi6ayfgf,7000.0,2048340,2.04834,2021-05-07,0
2021-05,196138eee772c7991ed7ef658ca5fc02446b6b0693d7fc06f76ed27698567385,TNaRAoLUyYEV2uF7GUrzSjRQTU8v5ZJ5VR,TBdmNGGPX18JMD47FKrLwkNyWjbJmXL1dt,100.0,4196640,4.19664,2021-05-07,0
2021-05,5575faaec07b92c3664f1c8b8a0a4682ee06246c418377cc8dff67b4e7092224,TR6XyDBMZcvcPfekmtYgzmvQYAEtWnFjET,TQn9Y2khEsLJW1ChVWFMSMeRDow5KcbLSE,435.730816,0,0.0,2021-05-07,0
2021-05,4b805043811e070de7f2fec2fc840a5e23f034922cc948a52601ee3ffa82be86,TNaRAoLUyYEV2uF7GUrzSjRQTU8v5ZJ5VR,TXgYHZ4StNMLHz5Bf4Bz2Pxwd8qCQtPdaR,99.023052,4196640,4.19664,2021-05-07,0
2021-05,db3f35ec632298c1aabd7746fe7b1f9e9b228480c4bc0bea75a5ae0c1c5a65c1,THUmfWn5Ai12hJiuy2J2AWxfsEME3Tv7Mt,TNaRAoLUyYEV2uF7GUrzSjRQTU8v5ZJ5VR,13201.111391,2048340,2.04834,2021-05-08,0
2021-05,af187cda269f70d37fc12e1060f4cb5a7a2dee7975e6fc73068c3dd13e66fe67,TNimmHY1TynT9LTqkzWrBjDpp6vmHxdw5U,TNaRAoLUyYEV2uF7GUrzSjRQTU8v5ZJ5VR,119.0,2048340,2.04834,2021-05-08,0
2021-05,347719adc193d18ae6586d3d7b9c3dd29e2dad2148b2252dc6fb53dabc5ec3cd,TNdjqBy4x2U4xydr5YQZYFawkG2fqtV8yu,TRVgkAT7tJ26MCP4msGA16mAP5YdXsd2wu,9.216714,3546620,3.54662,2021-05-08,0
2021-05,3944c8a7ba9d83b3bb288edd66b29f5033e63cfd046a6859e83f74e35708eacc,TG7JnbL5vmXW22NmvqugWdcqTMa8ptQV6E,TWDchZBmYvTQBeXD4w8rRUowDv5ka8kiFU,149.0,2048340,2.04834,2021-05-08,0
2021-05,694c6787df4af33fcad5d33cdb9f34b2387a64419f6f06a9fb84d8fcffe3e950,TJSyAspTADrHGLKgY65CCFEz24VyB31hQU,TMXxDbNX9UsurBAgbEQnrHhQWFGx4XvE3Y,14.0,4148340,4.14834,2021-05-08,0
2021-05,c6e838ad904323b3fc9183f5bdb862316eae7c8a651d4301d706b2f794eeb5ad,TC3AFaRiYADrWmjXx3FtjEYB3gmYUT6MGt,TWDchZBmYvTQBeXD4w8rRUowDv5ka8kiFU,1236.563736,2048340,2.04834,2021-05-08,0
2021-06,7d680b235366eceb44bb4b7f93c38d137de247c9a3a50696ed3f100436644f4e,TAUN6FwrnwwmaEqYcckffC7wYmbaS6cBiX,TSNU5cxHBdEHopFwWim43JFReV9QB8Htwr,1685.672748,4196640,4.19664,2021-06-07,0
2021-06,9cecaae0d3c17408b901b55d1ee2e196afa32ffa1e9c46f8099b8691ea26ba3f,TNaRAoLUyYEV2uF7GUrzSjRQTU8v5ZJ5VR,TWNi7RUfyH4V2X7oLPyqEhYGWabzF6n6dA,4099.0,2096640,2.09664,2021-06-07,0
2021-06,15a14c4da603684491000f253dbdaff7420d28958c890e1c902381421cc10efb,TAUN6FwrnwwmaEqYcckffC7wYmbaS6cBiX,TBSpLwpejn7inDJ9xs772mvJccZWUMC1Qf,35.999,2094540,2.09454,2021-06-07,0
2021-06,f0a1e1c08293258eb2ede1a704654cdcd818d7792a72046d1f485d451a8df2e4,TAUN6FwrnwwmaEqYcckffC7wYmbaS6cBiX,TSvipCZZC8c4oaRZqg9adPzJrsouNW8F2u,628.11,4196640,4.19664,2021-06-07,0
2021-06,8b44ec98731c53683b6b71d96cf01c9175f19aabea6711829eb6572d9ad0be18,TNaRAoLUyYEV2uF7GUrzSjRQTU8v5ZJ5VR,TTBpZCfXe4EeFbvBKFXa9UrgoohNp9qNsi,3124.244522,4196640,4.19664,2021-06-07,0
2021-06,bbe400bd510330bd8906ae492d2fff3edd7d9510acc466ceadfe39ff9cedbd75,TTmiKEZFPdEzKpBLAqJKnZg1fVeRw9XvqR,TP85bxBuyMRuFscP2a5MVL13TwzUhr3ptz,1200.0,4148340,4.14834,2021-06-07,0
2021-06,a901b8b986e06d5dbf7e7bd331a5d8c05a4d18e1f3c274da241b7b3aacc208f9,TBwkXiaXuMebygTV1Y3vjBYFX69fG8ETfL,TTbXdBsuJwYFvMx1DuhbnngR1MzSbHsnkL,289.259,0,0.0,2021-06-07,0
2021-06,6d20c69594287fa2933d652145b861b3ed7726cf5ec7996565214597521395ab,TJAW9xcz7v6YFXqnLxVYbLWbwTpWxRqvmQ,THJ862u6NXSqgvjAV8KdnrAEAcXiEYD3Cw,509.0,2048340,2.04834,2021-06-07,0
2021-06,dd29784e952884dd5bdc92132ac2c4bb6e4b8a0f57b16e2c91a6c69604d11c69,TMvAQcGwfWvbaJ2d2St9fX1pSjAV9TJLKB,TNaRAoLUyYEV2uF7GUrzSjRQTU8v5ZJ5VR,2172.955975,2048340,2.04834,2021-06-07,0
2021-06,5ea035c824b70057e523d8f89dd97f8572fc67f32b8b34fc9db6d87890f32d45,TZ5hmVevyuyoAe5Vk3nTsv6ENnLCsWKb7j,TMicgTnUcaQT4nhnMpJfYASC3rv7So1BDG,2018.48,877940,0.87794,2021-06-07,0
2021-06,7e0c6390a9b8dc14886d0350f5dd8c613930477d3e98ed655cba7ff3cea5e49b,TAUN6FwrnwwmaEqYcckffC7wYmbaS6cBiX,TUM1J7gm2Swk21SZwqobieE9GSisTctXW6,3349.0,4196640,4.19664,2021-06-07,0
2021-06,653ff6fdfb532693e65d5d53e1f6700f12653188a73ade6e217d3c5cede36e6a,TCaun88C7QM9rft1VsqM4Fg7SEF4rG8ZE3,TUvtdmtenCGt4BfqjL7YhMzx3VwDp1YNDY,104.0,4148340,4.14834,2021-06-07,0
2021-06,4639cd8dd08c27fe9c9128fa48dbe114168d91bdddd44be326b5fe40c38cc395,TCb1jjfKYZkNWqNn2XYSDmYHCroWSQ8MJg,TN9iAbCuHQshULHzKXyUwzaf9ZtTdkQbCm,2.0,8318240,8.31824,2021-06-07,0
2021-06,bc2033592770c6fad723cd877d2a50d32d30d76998aac55cf8e81d1866d590a8,TAUN6FwrnwwmaEqYcckffC7wYmbaS6cBiX,TSpNjx4jfo2rUyUBdMfH9pYjdzwtm9Z1Vo,3390.0,4196640,4.19664,2021-06-07,0
2021-06,d0a7b747dbdfd72c3a15c2e1448dbc997a593b71d5647a6a26c52dce318ab3ab,TAUN6FwrnwwmaEqYcckffC7wYmbaS6cBiX,TEahEugxZzU1J6VLL8WuBm7wVTafAE7B4M,73.917907,2096640,2.09664,2021-06-07,0
2021-06,4639cd8dd08c27fe9c9128fa48dbe114168d91bdddd44be326b5fe40c38cc395,TCb1jjfKYZkNWqNn2XYSDmYHCroWSQ8MJg,TUpLKv7vjKW3ph2kUnNRC3YygFaRy24NQ8,1.8,8318240,8.31824,2021-06-07,0
2021-06,4639cd8dd08c27fe9c9128fa48dbe114168d91bdddd44be326b5fe40c38cc395,TCb1jjfKYZkNWqNn2XYSDmYHCroWSQ8MJg,TM8N9P9RfDAUfTSgKBXEXL98cvic7YQyy7,5.0,8318240,8.31824,2021-06-07,0
2021-06,4639cd8dd08c27fe9c9128fa48dbe114168d91bdddd44be326b5fe40c38cc395,TCb1jjfKYZkNWqNn2XYSDmYHCroWSQ8MJg,TMyQ2eYwiZESHuU9a3mzpRH9u1V9KNHdA2,2.0,8318240,8.31824,2021-06-07,0
2021-06,2df5e66c306a8e854e83103672e92ef01711d3d3c15df9d9bfc4040a8684b496,TAUN6FwrnwwmaEqYcckffC7wYmbaS6cBiX,TP1gPcX6Kduyo1mKGuzW2Prn2R6cRuWirC,57.986775,4196640,4.19664,2021-06-07,0
2021-06,f57e7197df25d62f521e09a758531c0f34dee927c63f80ab8c75cfe3f5acf778,TNaRAoLUyYEV2uF7GUrzSjRQTU8v5ZJ5VR,TYJN36BGm5wHjcgcbxuWwTvicjDgYAJuFY,100.0,3650640,3.65064,2021-06-08,0
2021-07,65791223020d0912ed3cf355d3e6e7e685bc1620ae6b3115639d212ecbf0f65e,TSQu9mcTKGPkyatWvMinKQtm3h43G7Pj2J,THF3JsNibpA2Kpyn59iRJJGLjhizKZe777,420.0,2047080,2.04708,2021-07-07,0
2021-07,8dcb0f0819e1153cece0249a56beb15b3ff2d4c9ac2152f5ec19fcccde4d592e,TDZmNAhbGrrSzZZ8JJx1E3YhnSQ9TZQtYy,TQgAgPEZq7tgiQUoA4p95rcuB5VRSKAyB2,37.0,4196640,4.19664,2021-07-07,0
2021-07,190bdee4cdd56a97726add8f8344ce983389acbb5db9fe78dc0fc182030499d8,TAUN6FwrnwwmaEqYcckffC7wYmbaS6cBiX,TTZyr5v7CBFdJXvCk9xKskqg1cvW9zeqmK,5720.0,2096640,2.09664,2021-07-07,0
2021-07,12cb5cad7055aeacd5616cba31e6b24fa65c4ec5bc11536dc8444b21981da6cd,TAUN6FwrnwwmaEqYcckffC7wYmbaS6cBiX,TLVjJSN4mjWW9oBtC2hAveAER12h2SYDeY,774.562569,4196640,4.19664,2021-07-07,0
2021-07,1915d7c1a49cfd888e25b778a28abb4282571cbc13e3668c052597d23a5bd68e,TAUN6FwrnwwmaEqYcckffC7wYmbaS6cBiX,TWowwMCD1tCfdYZN12sViT8oV1upATBqj4,799.0,2096640,2.09664,2021-07-07,0
2021-07,acfda5051b7e939890c57188827f0cf33b4c120083b6e8305106a147d9533241,TLyKQvnnJoe26LoWM7zk6oxBnL9M8CS9Bu,TRZey3TvtyEsKYJ5r7tnauuWoYNB1P7FVz,3129.890453,2085720,2.08572,2021-07-07,0
2021-07,3de0ac12b4748ed6e2213f447ba668f3ab2be47ec5fa72acf471020d6f0ae682,TAUN6FwrnwwmaEqYcckffC7wYmbaS6cBiX,TPUJ5Ekt6xD5orqGp48Wbz83Yk9UUscjg3,22.881407,4191180,4.19118,2021-07-07,0
2021-07,bc6a06afdb85789a8ce1181f132534d767ca7301a7c007b51521c0de7ef7c26b,TAUN6FwrnwwmaEqYcckffC7wYmbaS6cBiX,TAuPAqvc4wuVyPneeKSKB2mhLkSPUAiu8B,100.0,2096640,2.09664,2021-07-07,0
2021-07,b0407210d2b26993e14ae66d551cb436918cf3cf0df9c428cb40081633427e2a,TAUN6FwrnwwmaEqYcckffC7wYmbaS6cBiX,TTZZNeBFdJ5xvxF686fY1ghxLfF14mHDyB,9359.0,2096640,2.09664,2021-07-07,0
2021-07,42301582c3ff44c56898a50bcc53b9b9bf1a6f21c4d0793576b9dec5bf39405e,TNaRAoLUyYEV2uF7GUrzSjRQTU8v5ZJ5VR,TBHKyaBMVnZowAs3xa1Qt78YE4pRHhZoCM,156.281,1255240,1.25524,2021-07-07,0
2021-07,206ecf4354913ad7ef3ab75d466d5cafceb147570e08d12e8a6c8ba2c72e2bdb,TAUN6FwrnwwmaEqYcckffC7wYmbaS6cBiX,TGQqV6j6xSibrNxpiH4N1Fri7y8qtiN5Sf,499.0,4196640,4.19664,2021-07-07,0
2021-07,d1d8245d57c9ffa760da8612370142ca73d71f34b37a458af15d11789b102ee2,TPJZgXeizigcF32p9JGLHQav9B6tkKFM2j,TNaRAoLUyYEV2uF7GUrzSjRQTU8v5ZJ5VR,554.969505,2048340,2.04834,2021-07-07,0
2021-07,b977ad200dc6741c509a72d6d8880fe04f7957ae2d869e28f506b7b019697299,TGtwZ6HunXFGVcCcAW951gpxHG2S2wgndv,TNaRAoLUyYEV2uF7GUrzSjRQTU8v5ZJ5VR,507.5,2042880,2.04288,2021-07-07,0
2021-07,ecf88609710d122dd82b3cc892418aaa1f119bd1649ade8b0d327f7275bbbdd3,TBA6CypYJizwA9XdC7Ubgc5F1bxrQ7SqPt,TKw2dZhKmw7oY47UZdBh4XDBfk9aP5Jy11,2073.025371,0,0.0,2021-07-07,0
2021-07,570771dbff6f0699347a31d7e368f34a76525ec26c9f7a49e0b03fc468edddc4,TAUN6FwrnwwmaEqYcckffC7wYmbaS6cBiX,TWgMRdaKo3SBTAeXighWe1gg15jfcpEvyX,961.362188,4196640,4.19664,2021-07-07,0
2021-07,8c2eb8b5351abec49ef9f1ddf2c102ef8d1ace1af2c1e128ebd0a2599024f76c,TJF1dH5RuNmeFPKenwh7P7z5ZCZuckjwpi,TXBVEmTpgb5LrUfpWedB8hPnATB1pb6Hb2,1567.371,2042880,2.04288,2021-07-07,0
2021-07,70a2315faf87a46dcdda13da4fec79aa27b952f08488eec8d737505b40e24b5e,TQ25zSFdDH2Ruq3c9ghxXPLyKhZyBSJWjL,TXhchdwKYxR9ZnzxjvsyRRhRkQvTe14HLA,50.0,4148340,4.14834,2021-07-08,0
2021-07,c4f94b79b11547499aa5f6dd5c1fe419c415459624e4f72060e27ae8e6f3c358,TU26MqJjTkvwTeEP6pciq4briM1SmVWch8,TFmTwTdjPZUq7yX6KTurkp5LFNWtTLSmRs,532.62,4137560,4.13756,2021-07-08,0
2021-07,7c46e2c0b0ae9d8b6089702e99a40ad5e15f9eaf560000a5d6de1c44fc8ed89d,TNaRAoLUyYEV2uF7GUrzSjRQTU8v5ZJ5VR,TEae6RWePWcaEtA71jWbXSmvE2gNDU13UT,195.551721,1809500,1.8095,2021-07-08,0
2021-07,50dc62508e7dbfe1e3c92d53a636ee11e2f8e2fc09c69fa17ed92fe781c0ec6a,TBA6CypYJizwA9XdC7Ubgc5F1bxrQ7SqPt,TFC2rcPyesPLz88RNEo4XvFs297wm63ajG,7500.0,0,0.0,2021-07-08,0
2021-08,1a09f3a64cd1ab131bfe459173daf96d850daeab69b541b514c825573c9dc9a8,TTGXmpj1yXJm5K3WfnjZ3RQwfvGW65b91r,TCgSm4MWuQijrRAVvKrz1nHMtPTXrFHF1Q,69.0,2048340,2.04834,2021-08-07,0
2021-08,395888880462fd407d917f209e9af816decbe98dcfecfe0ac24b9fff0489393c,TBA6CypYJizwA9XdC7Ubgc5F1bxrQ7SqPt,TV46xWz95X8aPyKR8tJ8KKp81roovWVMe3,49638.239948,0,0.0,2021-08-07,0
2021-08,8ef5972dfa280e6561cc994ed810ab059d905554a9be94f6389f2df4d14287a0,TNaRAoLUyYEV2uF7GUrzSjRQTU8v5ZJ5VR,TBWZdfRK6yApLYvUP4EcUvBxnpgmJrxgRX,45.511627,2899440,2.89944,2021-08-07,0
2021-08,5d9f7571716ba39925d1dd1eba7c55ee119b042825ce59425a8be988d7c013ed,TRYCK6zzQKWELnUFBuorKeSAgcjEpDi2bq,TBA6CypYJizwA9XdC7Ubgc5F1bxrQ7SqPt,9622.878632,0,0.0,2021-08-07,0
2021-08,48cf5f1b8a70764c940d42558f97338a0dd6629cc7103dbb1c83db8d32fa73c8,TNaRAoLUyYEV2uF7GUrzSjRQTU8v5ZJ5VR,TD7QsTvE2yZFiL6guHUnKoCFszF3pFsnB8,1514.68,4493340,4.49334,2021-08-07,0
2021-08,623ed5e17f7c782d027de8ac79f0ed2f058790c2f2989ba1d12d533b0ba83090,TNaRAoLUyYEV2uF7GUrzSjRQTU8v5ZJ5VR,TWB5yFsh8vKE3PxLD6PUoJYZRaQ5PBA1Ai,1547.99,4493340,4.49334,2021-08-07,0
2021-08,36752e1becb1d8e20d852671d8d4e09cd89805cc284767f5f53dd15320766797,TCYGCdTkY52bFNDLMMaNqYjwB6ELoLecSj,TM9CHtJW3jFaGLXC6pFAWLm8rvnUHnMLiG,214.793995,4148340,4.14834,2021-08-07,0
2021-08,786dab290358749132256c912e4651bd3eee364151c35e3dadb01c710243898d,TNaRAoLUyYEV2uF7GUrzSjRQTU8v5ZJ5VR,TBm1ftaES7YqNrHVpJk3yvuKzmmqF8VCug,200233.0,4493340,4.49334,2021-08-07,0
2021-08,05c4c825381d821f79fe47ef80f10218ce67a55b4ecc8014788ab3cbd61e31cb,TNaRAoLUyYEV2uF7GUrzSjRQTU8v5ZJ5VR,TLMXfx4Q4hWabuR6JAigincAuu8NWfCBdm,576.0,4493340,4.49334,2021-08-07,0
2021-08,72fda2fe718e22d5072270e17246bca560166f85a66190d296199f61701e536c,TLrAR58AvegXPh2YHpuZYTmkvWkdmzCJr6,TQn9Y2khEsLJW1ChVWFMSMeRDow5KcbLSE,425.094122,12306560,12.30656,2021-08-07,0
2021-08,c1345b84409c06cc9681b1d6f547c202abe1fca95c67f8e1c4a8a55e8a41ac36,TFC11UAURQNS5YWFu36QmuQ4CTMKtuM6gL,TT2YwaJ8DXsrpycgBGDWEei1FUQm6YT85T,1201.567961,1511860,1.51186,2021-08-07,0
2021-08,1d216175eaf2e2d21d98c8a91c7dd9000bdeb13ff6bf88364698d6e755d4f918,TUN4dKBLbAZjArUS7zYewHwCYA6GSUeSaK,TXbLATUbfceLYhrfCMyDdUoc7sckWMqvyQ,102.06,0,0.0,2021-08-07,0
2021-08,1a7bbd08cb9442ad5e9d34bed8380bd8d74d0b5478370e1ef8488eab2d864318,TCwfxJiLfpuiZW1KSBgUruWKBC5pJiATyX,TLDYBcqxXo87gAsZdu34hg5qLaVUmjRvUP,324.2275,2048340,2.04834,2021-08-07,0
2021-08,7f3751a294feeb548cc7f42e41da8f9f434bdfb2cfee58eea2239b1a08bfc53c,TGjJwjWkbXKHXrjvqSbowU1USbTd3ZXXGE,TBA6CypYJizwA9XdC7Ubgc5F1bxrQ7SqPt,6704.0,0,0.0,2021-08-07,0
2021-08,c68b14f2c2d8dc47f98646e3427d8f027b778c7dfd370f102a4a2a1e067d35e7,TTHZYB7SNxHqkUhbszSiEk27VF24KC3zNt,TNaRAoLUyYEV2uF7GUrzSjRQTU8v5ZJ5VR,260.0,2048340,2.04834,2021-08-07,0
2021-08,b085241a9a92d29caa552c5eed0b50950e629568f337f257b117209a4cc0fd2a,THzX5sSQjJtqPNVL1CwpZrq3Ysp2g2ZA8T,TG7boJ41AQAAvbjRAU8ADE4pQfsBvBqEKW,6.0,2393340,2.39334,2021-08-08,0
2021-08,d7e65a5bb1e90ba2e0dff688c450681bbbfe7956a55e72138cbafc744cff8613,TWavmXoCoJjsxjTRhaBsCZ7xw14oFzngSL,TCjDdQ5ftmjJ9PozqjWWr5zN5qBDM4H37a,460.0,4148340,4.14834,2021-08-08,0
2021-08,a72147d8c0516d831e0551b186416c5a3db7f77e25db84ede8f7fa37b476f08f,TFoyVx4TktUohUUEmqKnT2mQDf3Bu82mgR,TVwEj2ebJZV3GcAE4pwJA2vhu4iJQp81hf,777.61,4148340,4.14834,2021-08-08,0
2021-08,a78d05d3f509e2f8f3d8ea2d1c21c54ca1fbf9b51140e67fff6019b82c814a52,TXDy1FaDjpHXJFxDzULyCytMeWBs5qXoMQ,TBA6CypYJizwA9XdC7Ubgc5F1bxrQ7SqPt,6000.940917,0,0.0,2021-08-08,0
2021-08,342f1687e088e9182436bd3e9787f82cd90b5685555997b0179b4cd404e24642,TFhXToyTDaRgyzhvnszBhQDm2dKijzABpd,TDtxYsNdTVKrmLFm37ssz5NZCHXhBN7Yo9,25.0,2048340,2.04834,2021-08-08,0
2021-09,fb1dfd39379285ffbc45c5688a29ebb8b4afab8acb3c390fd5a598881d4e8d77,THmseTyfuKVqy67pAkGfKk3GT3danPCZZ5,TZEaZdpBwmD2Qdiz9rLz1V1GZ1WU1DcHyi,123.877026,2393340,2.39334,2021-09-07,0
2021-09,59dd8821dc584fdf76ba5c2a738b61bac7946492c49b646388887a27caa7c1d4,TNaRAoLUyYEV2uF7GUrzSjRQTU8v5ZJ5VR,TLPL1DxfrdgXjoBFwNSndbjmxGwyN9e5SY,3086.42,3368300,3.3683,2021-09-07,0
2021-09,de82ff6ed1f50cc5662bfc9ee86f1320842a79005d1d97d7de0c2d2c6708592c,TWweESFvw1JcKfGMKMxj2rFVYPYE7nzAoJ,TBwnA1JUQgy2fzbsf2aKpJnCxABULD4Dmn,290.0,2421340,2.42134,2021-09-07,0
2021-09,16fa50efa0c6060cb9861fde8ae46490f95c14b44e8d6de2afcd26d181c73e83,TUx5ct3zpjqpSjxyRVjbYRinGdwQZj6JkG,TJvDU31xKv7kReaeMJfmEiC5Funv8CCtmV,1950.0,2048340,2.04834,2021-09-07,0
2021-09,37aaa6379c19e45fa7d4b5b2c00022075b083124cf1d0373bde9a7e3a163db6e,THmseTyfuKVqy67pAkGfKk3GT3danPCZZ5,TCmS3eFz2mDWBe8URbHd9cpUgjdJyX65SW,172.819988,4493340,4.49334,2021-09-07,0
2021-09,485b01390e37d735e4cd3cb04375e49f548b33a9f721a9a5c92d3f7dfdd68fb2,TPHuKRc5Zn1ctH5bM8KUchq1hM5vADZWzQ,TCCYZr41F4ygA99XLk2wUAMscyyN7NXuHy,96.654911,1538460,1.53846,2021-09-07,0
2021-09,7aa9adc54e3d81f9b78a8c08c0e079a9e3e8ff64f9dda4d036de7ff2bb0cbf6e,TE62CdMBjLKuB64PErogiqG3mMYu7e6qmy,TU1sQjCBEizKi1GiL72tKfsLzaY2Mb2sGo,1270.55,2393340,2.39334,2021-09-07,0
2021-09,42490d3d32f32919427b2d97613e47d982d3c37a581ed49e0704aca2d019366b,TZ9LWbL2LvCXsJCqJ1uQea6JRTkG3UoNPg,TJigFCamntpqGRtnkQ5FrB4eugyv574dRw,156.162306,4493340,4.49334,2021-09-07,0
2021-09,cd6ccbcc6d34bebaffe33b6660dc18d8417e2811375d5880588b9f77ba7a1087,TAXcahSrHrN2pDCMpo9E5NYvmyk7L62fQG,TCYpJ6MMzd9ytoUvD82HnS58iV75QimPh6,996.999998,0,0.0,2021-09-07,0
2021-09,fa2000658285dc056e0b560f98162f9cfc944f86a6354606777cdff56251e16c,TNaRAoLUyYEV2uF7GUrzSjRQTU8v5ZJ5VR,TLdqZ96tRDXqCoAgs67FSV1zfry11tL637,1248.07,2393340,2.39334,2021-09-07,0
2021-09,2f8611335548189b57c2e4cf94c6e0dc7d2966f50480c8ea03a5b4e49133b709,TK7LsLjhEC4W3jS24JEz9T62MQFJnioBUf,TVw6e3dkCKeBkSZFAEybCU8RuJvtS469xq,47.0,1883460,1.88346,2021-09-07,0
2021-09,e23890aaeb39db306f42918a0069dab65728dab42b85493f3723ef860e1b1c86,TNaRAoLUyYEV2uF7GUrzSjRQTU8v5ZJ5VR,TVksq89LUUFA6MTv4hmaxEpXjjtG3KGfhs,19.0,2950680,2.95068,2021-09-07,0
2021-09,ebad0b801cdc090e0d56c74b0214afe6a96c37c5e5c042a1a1802339e5d6d267,TRFhntrUuHaHMYZsmniqhLJTbE9v7ihMV5,TBA6CypYJizwA9XdC7Ubgc5F1bxrQ7SqPt,2e-06,0,0.0,2021-09-07,0
2021-09,6df3c7f0e1bfa80e436799865c778e0695e22f0f00a8e74a0ed90ccc2c471991,TUN4dKBLbAZjArUS7zYewHwCYA6GSUeSaK,TMTxfTsqeUFhEihtuRXKvMVdj6YCMc5ejn,4770.504683,0,0.0,2021-09-07,0
2021-09,33c475da1f6c4feba34ec721a0e35da08cce12cdf845bd3e5b2d71974f6854b1,TSTSqVNrLWHPiqBvevRfCJQ14zVSuyKuNm,TM1zzNDZD2DPASbKcgdVoTYhfmYgtfwx9R,28593.0,1538880,1.53888,2021-09-07,0
2021-09,42d48809cc305bfe2b7e20937d2c578ad839ef68a624ae54f76462361264cea5,TLEmbkVhqRmKc68f9NjoxcrXSXRHYYH2NT,TByxhqkBrdKuW984Yt9wJP3Kmsy57dnirw,1906.748675,2044700,2.0447,2021-09-07,0
2021-09,8393cb281730ba8ceaecb6496a06cf1ea6854045733bd48b2c842de33592dd36,TEmsat57LAKof1qXtE8QcfL7A91Rtxhcgs,TJeJfoWidWxbL7kteTvDKUg4LT18YDyHqV,10101.0,2048340,2.04834,2021-09-07,0
2021-09,2837ca1b6a481056bf302b92b187e4da8cc038d3c4aed6026c31606a856e141d,TNaRAoLUyYEV2uF7GUrzSjRQTU8v5ZJ5VR,TVZ6aF3PPwgBYioZ424ELuMCig2NHRPBpS,154.32,864260,0.86426,2021-09-07,0
2021-09,0110d971241ae2b5a43b5bd82f90a6c15d5f6aba8d8ea073b1e24664de4b04f8,TV8VRbyT1Cdr9P8zDBNr3dcmn1AGkVWapG,TCYpJ6MMzd9ytoUvD82HnS58iV75QimPh6,995.805728,0,0.0,2021-09-08,0
2021-09,f3068788833b1dd0a4244d6882307360703e0fec2fa6e7f8d9d7fd508b9ff073,TXYJ5AwE8eSHmycSwreDzjfW5yh8eipu9u,TQn9Y2khEsLJW1ChVWFMSMeRDow5KcbLSE,9.3,4775120,4.77512,2021-09-08,0
2021-10,32cffeb747b6eaed56cceed28c7e979e8d15bf6038f13df1089cc5e5f37dfb66,TV6MuMXfmLbBqPZvBHdwFsDnQeVfnmiuSi,TCoAcMEybhMND6Ly6kesMxmYHQcabMBpXY,53.0,4490540,4.49054,2021-10-07,0
2021-10,9be8368001a331968c5e568379c17a061d5b8d7c4b5bd75fffff86f220c57c38,TV6MuMXfmLbBqPZvBHdwFsDnQeVfnmiuSi,TUBzqfA8ikHKj2LH62v5k9w8TbHxo2n93M,40794.0,4493340,4.49334,2021-10-07,0
2021-10,dbf80a603406293a02e4affb3fb749b054f000422df82bb20f1e03f497777007,TMkwfHpyMTkrtXfv4tjx1Juegp8F5FSqhG,TEPSrSYPDSQ7yXpMFPq91Fb1QEWpMkRGfn,1298.0,2044840,2.04484,2021-10-07,0
2021-10,d0256641b3a8c9f13d2948d254cb8aede7736548488c52e3ef78638ab1867434,TWFkBPT6uHh69tduNavTPfkBmeyRPXsGoz,TEPSrSYPDSQ7yXpMFPq91Fb1QEWpMkRGfn,785.377579,2048340,2.04834,2021-10-07,0
2021-10,32a588a2535ce6167303e58712cac8c4f872c261b8290ab6f61399b59b23d8dd,TNXoiAJ3dct8Fjg4M9fkLFh9S2v9TXc32G,TA8BdF448KX5sXHHtX1MdiV3qomtNuppBb,49.452126,2393340,2.39334,2021-10-07,0
2021-10,8f3629c6edc9a194179ddd14acde5f866068a0b66705867e8a3fdc04db466c60,TCY7b1bM4hFz4nuPYUKcxV5dzDmhwwYRe4,TS9b9boewmB6tq874PnVZrKPf4NZw9qHPi,36.0,2048340,2.04834,2021-10-07,0
2021-10,7c2de154e0ea494e61107d954dd4d95086592688516c842ceeb2086c61503560,TJ8p9WeWNCCRUmNXddAPNafhSDyHCknHQ1,TP7gQuLvDmjZdFDythdEhfziUZop3hGHbC,323.0,2048340,2.04834,2021-10-07,0
2021-10,6108234b0729ef6aa0aed3418fd9f1b0d725d4a929c5340f78612d47e39fa227,TMuUGnfmUoVLmsh5RVVnPt68nufh2VpzZ5,TE27it3GtAd6PkST3GKM1DDX7AS9iv9vTi,3565.65,4148340,4.14834,2021-10-07,0
2021-10,c3662d3b198179152c426258d265ced090f5c8d9d6c91e7c99f6eef1f3ac404d,TXapQNRb5ZAssLsVDgDTBGEC8XNQPbXMaA,TM92EPaYrT3Gcpyt5z92vsmittxrFhYeBp,49.880135,0,0.0,2021-10-07,0
2021-10,9795c65d6c5a034436a99bc5cc26d63f69d0eb9981bf81966172b405d399b503,TF7ig2W3edSJFfbXq8eroSdGeRkuUSToSF,TLn8UgKKXxEiVBupdHqB32ETeoeDQRmpSu,2576.99,4148340,4.14834,2021-10-07,0
2021-10,e5b7e884d5283065867ae2f59769cd52b397fcd5133c92296af5bb0ceae4eb88,TTnA5kmEdRF4e7hZT2B5LWiVnpETugzBMZ,TQn9Y2khEsLJW1ChVWFMSMeRDow5KcbLSE,1200.0,12606440,12.60644,2021-10-07,0
2021-10,412a1100efb8d54d9e840800a9a49de07dddf779630dcae48e12fc25993c1c27,TYASr5UV6HEcXatwdFQfmLVUqQQQMUxHLS,TT4HwmDpsHu9P9f7hvDmgdJzRpckc5mdzi,103.0,4493340,4.49334,2021-10-07,0
2021-10,e8acd8dad8cebf5df631f04b5d8c95315aba8badc849bd6e1f2c31d99d543a34,TUxzYpvyUBVsGLSJ7MBuBHFACKF31NmVMg,TK5WSKegSq2QScZwV2gGHF8ucEZhqZ3VDu,99000.0,2393340,2.39334,2021-10-07,0
2021-10,02c71f71f4edf470670a9d6a16e76c9e34ebd4426cd4ab7ced30fce12d3ff148,TSiyaqr9MS5KYbqDoRLcKAcSE5AtGhjC9w,TBA6CypYJizwA9XdC7Ubgc5F1bxrQ7SqPt,963.857368,0,0.0,2021-10-07,0
2021-10,9cc4df260601c909fff4d50c19fcdb98b3bb95b245d45bdd113541f4a9a203e9,TM1zzNDZD2DPASbKcgdVoTYhfmYgtfwx9R,TVs81fMsUCYRmVe3YAyW4GbCxGYUqdaBCm,680.071,0,0.0,2021-10-08,0
2021-10,66fd081dc884311ab34677033fcefc0318e1b7571898a780bb618afd43187076,TWFtR4fTbWThkZVMnaH5TPhU83hdantNDs,TBA6CypYJizwA9XdC7Ubgc5F1bxrQ7SqPt,962.997995,0,0.0,2021-10-08,0
2021-10,a30ad68d60ca8c9259996718b3350d0871c39d89a766b20d1783616ab492c1bb,THG7skhbLg4dvkZrF6c5RSXowYv1ffTH74,TBA6CypYJizwA9XdC7Ubgc5F1bxrQ7SqPt,64.718444,0,0.0,2021-10-08,0
2021-10,e4ee1d010f3c04b43d13ad5e50576710e58cc5525da469460e575264b18f36ac,TYASr5UV6HEcXatwdFQfmLVUqQQQMUxHLS,TA4WCkBZ3J91cmdGSPTXoGneLbZZt2Vc82,772.0,4493340,4.49334,2021-10-08,0
2021-10,9e51e9f88c5dec5c0c7ccd90e21cc468cab83926ed204e111f4e54f3b05660fc,TV6MuMXfmLbBqPZvBHdwFsDnQeVfnmiuSi,TQ4P1dwtBS53rRsYcwaLBarZSViQwfFKhR,49.0,4493340,4.49334,2021-10-08,0
2021-10,673f486b9416b30a80a7a8a69ba91d3cc86ab62ff2e221f9d0caaf8251de4296,TV6MuMXfmLbBqPZvBHdwFsDnQeVfnmiuSi,TGTTcpF2hZ7Nq6pofZaiioYHYLoJPn4KRV,111.061799,2393340,2.39334,2021-10-08,0
2021-11,78b591ea0f646395565385182df41e9b4320575167c7608864e313d47c8fba45,TSaJqQ1AZ2bEYyqBwBmJqCBSPv8KPRTAdv,TBG7eHiSfvdjBdnusUdTB8pksXFZ8Bumg9,95.0,4434680,4.43468,2021-11-07,0
2021-11,545ba651a24503f815166d319e9717f6ac1f96de998c2a9b5d9c0b8c3da21161,TMcJu2H2gTntSGTKUmbDEbPXYHtBcSf7Hq,TYDzsYUEpvnYmQk4zGP9sWWcTEd2MiAtW6,3577.36805,6064680,6.06468,2021-11-07,0
2021-11,4431a303c1e05fca97376deb83a9aafbc60c5f397059cb80809234a42e2e2571,TZJWAUbeoruFZYvWnUQUscykT63yd3gWRv,TYDzsYUEpvnYmQk4zGP9sWWcTEd2MiAtW6,180.0,6066920,6.06692,2021-11-07,0
2021-11,e4973f325e7f315bbc6a5665823a2ba4079566b8847e5787c8a137ebefb786c6,TNXoiAJ3dct8Fjg4M9fkLFh9S2v9TXc32G,TDswnVghuMz7KgMybtYKYbUyGZ6xgCR9iw,16.6823,8641400,8.6414,2021-11-07,0
2021-11,ede0647d13bb4295b477c89e6325868e17e11046f44af3502fa27d389be67ad6,TQrY8tryqsYVCYS3MFbtffiPp2ccyn4STm,TLzkCfJYF22Hu4wmMcUn58CWMsNekbwPxp,53.218763,8641680,8.64168,2021-11-07,0
2021-11,f2acc659f10779aedb61edd6f4fa75869ffb54f398ef58f5c8f3b2d168d3ac57,TV6MuMXfmLbBqPZvBHdwFsDnQeVfnmiuSi,TW4eGN1aRkpDRSXxYpVdwpWEXGa9sY2mUu,71.627644,4439160,4.43916,2021-11-07,0
2021-11,7f904c14662104c0be1ab130613ccf394c7e18c942b66e2de751734e7b20d7d8,TAzsQ9Gx8eqFNFSKbeXrbi45CuVPHzA8wr,TCYJZ7ZdJ53tFV7jtgmLvcNLrRYeTzfCqY,116.8606,8641680,8.64168,2021-11-07,0
2021-11,4e97e432b9fa9448de8d0009c5acc871b14bfc1fc7e9ba2f704d60f31e7a735d,TUN4dKBLbAZjArUS7zYewHwCYA6GSUeSaK,TWwisQcAaSqZpQHGgBQmYUo3o39WTDeiBQ,201.0,0,0.0,2021-11-07,0
2021-11,56f92fe6e505fc78df53c2fa9e95a2824e16ccc8ad1a0a06f9f8f193e3871bde,TJDENsfBJs4RFETt1X1W8wMDc8M5XnJhCe,TSTRaqDR8TNb5Xor14DEGSXHs8j9S7dTQ3,24.0,4441680,4.44168,2021-11-07,0
2021-11,68f6f648d5685cc1c7ad7afe6ab9bec7d43d8fe9fdb85f866e42b30526684aef,TQrY8tryqsYVCYS3MFbtffiPp2ccyn4STm,TAn91dedkxCPND2W4vFHYDWG2kfUS63XQi,194.76,8641680,8.64168,2021-11-07,0
2021-11,87a20b4b1d9bc0a29bde7e41eb861446ecad48a60646dbbc49c727b7aa65eba0,TK1n7tuB2P4ttQmAAY3DwtQfuyDsMvHPKW,TZHeHvyinbgRYk4GM1wpqf1YeAgpBtXhVu,133.0,4441680,4.44168,2021-11-07,0
2021-11,09ca8bb2b2b063b84ebaa6ca3843c8bf18106373aba242194a5913ff4cc36457,TFHkMRnojR6gHKZYPXQX9c9A9Zcd5hvipd,TBA6CypYJizwA9XdC7Ubgc5F1bxrQ7SqPt,439.554071,0,0.0,2021-11-07,0
2021-11,eb0aa5143c4d3c50f8dd1a4f8cd40d14a72d406415654cc60e560c9ec040b2db,TYDzsYUEpvnYmQk4zGP9sWWcTEd2MiAtW6,TReCb4h5mrp7Nn8xYfBLtauWvoaoR6fM93,30.924749,8642680,8.64268,2021-11-07,0
2021-11,57c9b80e75f154961d8864c0766e2109df5425435bbef87ddfeb27f3d853d4ca,TCdU64VUCJ5H65duEChioV2A1S5PCQwTur,TKBiw5fDDcxfQ48jzYQkY9RhSntWjQFrWN,15.0,4441680,4.44168,2021-11-07,0
2021-11,03f535fd10660f2f9f031703a3ffc11da55e3d895ad28daf934390b154b44b60,TYASr5UV6HEcXatwdFQfmLVUqQQQMUxHLS,TM5v2BCJVSZnLrTYsqZqV4UTrNKb2NNdug,499.0,8641680,8.64168,2021-11-07,0
2021-11,5335fae5ea9d44dd1be16b73c24569623892e2e22655fbcdc2049386351f8b37,TChzeTf1GuYACWmxupwvv2VesuJDdYu1My,TS9b9boewmB6tq874PnVZrKPf4NZw9qHPi,265.0,4096680,4.09668,2021-11-07,0
2021-11,9190eefba9833f5acf8f07ece8af8da3d7d02f3b646eb52ad9bc20c7c0557ced,TKp4Wk9YiVSJnf7LmAQ4wxCbEPC9GfVLDa,TS9b9boewmB6tq874PnVZrKPf4NZw9qHPi,82.028588,4096680,4.09668,2021-11-08,0
2021-11,446d66ab3a5206b62d19459bf352074305fc0aff1a901fb648d463e00b5389b1,TV6S8TyZHh3V9gcKSvvzXodJ4uzxJDfqEC,THNM5oNPPCNXPL4o534GzpuxtYnwq36uDk,99.0,2839200,2.8392,2021-11-08,0
2021-11,83fbd8f4bf18e5cf469d81d9e349995ec17ab45de8e2b77d626e4816e75051bc,TQU19xWbgNb6nRqJjBuj4VsezodUbMtRY1,TQn9Y2khEsLJW1ChVWFMSMeRDow5KcbLSE,15.675735,11753000,11.753,2021-11-08,0
2021-11,f5dac58a24e0216b38644c6a51397abf510af0068a3bec9d7591cd2df6f1754f,TMorDbaFnyvpq6huaspmQjbRSx8BYRikC8,TS9b9boewmB6tq874PnVZrKPf4NZw9qHPi,16.9,4096680,4.09668,2021-11-08,0
2021-12,0256db93380046c20b54db6748f0e2cb68b9368272b387155dd9c6cc8601bc30,TYpUnxPMiif8RyqUmvEKNpSVL2Fv76ZhVq,TCWKG95Xm2PbWW8115KWuAbywW6y3sM3ep,1251.541,8641680,8.64168,2021-12-07,0
2021-12,cde45c2aa8fc0bbdb7665e471855415f186c716907d324f6f8d7c85c20bbf1b9,TQdfAgo4Doq56njKNRyLixSCk3zs4Ttr9A,TN26bHbP2A5zANY8RVC86VgqCXx4Z3tGqh,2520.0,4096680,4.09668,2021-12-07,0
2021-12,568d65c52030367d22f1598bab74b27f132293c75e34aa59970444b9ad40538c,TYpUnxPMiif8RyqUmvEKNpSVL2Fv76ZhVq,TUXfND7wXXUzRyCCspVUqQanobyHiq3iJZ,330.198321,8635800,8.6358,2021-12-07,0
2021-12,151fd766af3d3e2482a758b6d4f198f80816846d09c2e680b6409bc5b6bf5c1a,TDEmf8QYBuXcdMLpnZRWVcPy3z4nZHPpuJ,TVJ2TaofdQFsJ4emxiCFjvSpoXBodWz2mC,940.5,8641680,8.64168,2021-12-07,0
2021-12,e4f1b179e33f6b6d68af06d1d43d5884103445ff5e4f65ba3027c69c5625277b,TFA6RitkkqSeTyXbqp8gkBVcpSRAa2o1DB,TAxoFYMuiZCjUtEhkKWseuFyo5dSR9X3go,30.840377,7151200,7.1512,2021-12-07,0
2021-12,23109bd1c2a0f07981d243e834b9ff272cfa17a31ab048592154e93650d60b65,TA9TNDc74rwHoAjvhfVJUcMaKRZ8yCJmat,TBBDjTergaMwaoctwh9ZhPSWVqweyV6sZ1,2374.0,8296680,8.29668,2021-12-07,0
2021-12,bb07d7dabfdb27b1f88a1cb9c2a834ae3a1648399b99e25042dd36e4a8d6ed73,TQrY8tryqsYVCYS3MFbtffiPp2ccyn4STm,TK9YGcMgtEgdZ6xbnhQuuXWoKc2qsf569t,976.0,4441680,4.44168,2021-12-07,0
2021-12,dc7b274f85b123856fb11286e03133fa1bd80db2e24a6b09d5fc822ac5ef47b1,TWDm85Eiw4ZsS9cprhCkjk4gt2Bpv4njtV,TRUZfzB4U2qgqcHcZJrZT4FhRFfsQVWqTE,934.5,4096680,4.09668,2021-12-07,0
2021-12,e09b1a71422de4b8c9938d31ad9b76547a4020157577312ee94e62f23a40a1c9,TAzsQ9Gx8eqFNFSKbeXrbi45CuVPHzA8wr,TMxhEMnvbQV9if3VzZaHcw3XxQe5Eyjfj7,518.302735,7417800,7.4178,2021-12-07,0
2021-12,7df39468962f9fa5810f945bfe80e2e9ec5931b997eac87d5292c50780b5413e,TQrY8tryqsYVCYS3MFbtffiPp2ccyn4STm,TXM9wveYESy4ayezBWhZfHTJyMtAA9vVBw,215.410103,8641680,8.64168,2021-12-07,0
2021-12,ea08ae44fedbde169ac099758757e14a27a00800413245175a16515e6a3127f9,TYASr5UV6HEcXatwdFQfmLVUqQQQMUxHLS,TLuZTQUoATGeEZZcrz7e19tV9dUYA7ES2t,33.01187,4441680,4.44168,2021-12-07,0
2021-12,e3a483836c809cc6f708e15b05f33af0775dc249eb05da56f59e70bab43d959d,TDEmf8QYBuXcdMLpnZRWVcPy3z4nZHPpuJ,TWcxLBNBLSBu5fCiL35KNZCpDfQCKi722c,1239.75,8641680,8.64168,2021-12-07,0
2021-12,b7fcb39a18d3f0e133095c147dd0a03fe203827889db2c1082066790f4ea6f87,TKHcynhrE1QKu46q9TYB2hJCqVQbfrpD6T,TWKQHuUi4ZbPCHR6zMoFT2r7NRVTSHXGy6,110.0,8641680,8.64168,2021-12-07,0
2021-12,d39636fd53e4697797db65af0d3ddf2ea4ea434166a3b178dd3c6704cec799a0,TRJibgtU9niRR878a5gxDHxVwt7pjZyqNe,TPKk6ovGLYLAAAFWBbdSDNPy3GQDcvkYUu,150.729686,4096680,4.09668,2021-12-07,0
2021-12,539e51f67b1859f9e422bfb56991173dba0994f0dbdc30171d3fceb752f1dac3,TSFa2foJ75NmiTPfVwnyJdrvWVH5Bzz3YF,TT47c9HjBVmds9rurPiEyCBKrqvjPtQaSZ,640.99,8644680,8.64468,2021-12-08,0
2021-12,a007270fc03417cf38ba57f1606c9074a9a37427e9b3b48e22866d42782d128b,TPJvXntFiQEnPiRC7RA4HPyuGUhgxun36M,TR1pXhdxLjfE6cfTi7VqsASv7kvZNwTxja,100.0,8296680,8.29668,2021-12-08,0
2021-12,9f8dc6d3f651ee9b66f9ff07cf28c57ff5c03d48e09faa94f288bdc65dfe6f0a,TM1zzNDZD2DPASbKcgdVoTYhfmYgtfwx9R,TQVLSD5U823sn1ztVXf8VJasQV5haRobC1,46.0,0,0.0,2021-12-08,0
2021-12,208ea3cb7a57c3e0b3cd6d98cdfe447fd0933fa640f91e20061c2c4618ddf97c,TSFa2foJ75NmiTPfVwnyJdrvWVH5Bzz3YF,TTnGxMrpq6r7vS7qfwbXT6b3c86KwZ1YXs,140.92,4443840,4.44384,2021-12-08,0
2021-12,734116025774cfab98faef9b833efe0c5993bf2a551d42eb0c9e38b7376b3731,TURxHeNtXotYsLezgbiy444ZcVJAvaNQcV,TYDzsYUEpvnYmQk4zGP9sWWcTEd2MiAtW6,445748.0,6066080,6.06608,2021-12-08,0
2021-12,29da45d7b2853985585fa9e03d0e644ed4db6f7e682119a93118c4409ea27d5d,TFLMzLM3b6JtgGfR8whn9YpNvyLHGT4ayy,TFPVNHrLUgu1BLHUAbR5WAsX2ypugCzW2f,1950.0,8296680,8.29668,2021-12-08,0
2022-01,3c1695da8a5a07c67497be0a61f99ec40315284b83afe815b1e376bc5e790f4c,TQrY8tryqsYVCYS3MFbtffiPp2ccyn4STm,TMGfgNkcfxR6mtLe5PMeXmvvHe7FrYLhij,100.0,4441680,4.44168,2022-01-07,0
2022-01,30ccdd3fd6ac72c6f3432382b3d696f322b41e8eed56927fa7bf8db2f82dd2c5,TJDENsfBJs4RFETt1X1W8wMDc8M5XnJhCe,TXNURfnNxKACa6zQDLVPtwoyRCCZMkP435,15.8,8641680,8.64168,2022-01-07,0
2022-01,cc930a338c3acf3e79c5da5d4ecaf7a23ddba04b5dd8720f783efaa64b3ba926,TWFWazTJfe2Kq1RbUWidNBW9Z8YQM8jY1Z,TE6ZLKp4Hchy3PBxDs5FU8E91DCaYkHgXy,737.37,8296680,8.29668,2022-01-07,0
2022-01,2a7b48de117b3919863de43f4a7f09bdd34be79fda95a5e263319746b99fc22a,TVZF4Ukxa7zoUsui3FtYBZBNJVXrxorH9Q,TLAuvsmcrVaePz4EUfX6QArx6ziCRPoXE7,50.0,4441680,4.44168,2022-01-07,0
2022-01,c14e6f94bc3eb75644b17ee2eef580a507686269b4b813932ae6a2fef8e7911d,TAwmF2jqT5YpbUweV4avg99o1zR7iVfKvd,TV6MuMXfmLbBqPZvBHdwFsDnQeVfnmiuSi,1161.28,4096680,4.09668,2022-01-07,0
2022-01,fad35accd4ebce1b6ab76c7c88495add9658976789a4ba95d7cdbea2696b960b,TQ7wK19fhZZqLdj2Xcw2e6Ejs3cTZbfBbF,TXn9fWkxA8qAny979QBS9HUubhW2cstZvM,481.72,0,0.0,2022-01-07,0
2022-01,fef404bc5fbc0ab41c9b0c8c0dadc8ccaf0ce1902d693aa43b67ddd243678e7e,TK4iLe8yBShx1DFsPCdfAgavjPKig5Fhsg,TGGqmavM6qvGkEFJtJMAfjwAmBZAyRMfrs,1418.1102,4441680,4.44168,2022-01-07,0
2022-01,301d6568d5f0f220108e4ddc2351aa4b7906e7bf457321d41914f541f637555d,TLTggUAJtHvwEEfnfegRk5vB2GEWdB7Rk1,TC86zNPmqNVx98EhAPbxu8tPEqHvihvBnu,3.0,4441680,4.44168,2022-01-07,0
2022-01,3109363cf87a24762821a630c0e93d4c8e23e707d9cd9fe501ec5c875c4d710d,TU6ZpqM7g4nxgF3TnR1nojmXJQTvdYwt3L,TV6MuMXfmLbBqPZvBHdwFsDnQeVfnmiuSi,1149.26,4096680,4.09668,2022-01-07,0
2022-01,e3b88f19ba75848fc6d41a569660325f7705247172ad7ac1423c3112af083189,TNXoiAJ3dct8Fjg4M9fkLFh9S2v9TXc32G,TCAKwaP6AFjv9EGsH856tW9ozwp21cCSah,1580.0,4441680,4.44168,2022-01-07,0
2022-01,6e1f93df2b6400bde580e6b338850ba55497d1a578d6fe1a129581675a347206,TJDENsfBJs4RFETt1X1W8wMDc8M5XnJhCe,TLXqta8topAmnZC7gkqe93eZ44QAV2Tt6a,1000.878044,8641680,8.64168,2022-01-07,0
2022-01,e3adf8b1e02568dd1ae1b229394f69d2548dd0f58313f24a6f4d1b1efe2df52d,TAzsQ9Gx8eqFNFSKbeXrbi45CuVPHzA8wr,TMKeiaqV1n632Hd3amD4TdReHLjk9dW9HN,339.0,8641680,8.64168,2022-01-07,0
2022-01,14db57dfe521f95b4e7f0e2d09adc83070e2cbdab6ec0c86c95754ff4c5dd101,TTarg7nn9wM9hPF4N5P7uASnar8UdVNCvf,TBCtVZFaG7YRZAdHxjQpssNrdErgrGNCWF,199.0,4448680,4.44868,2022-01-07,0
2022-01,89f717b1da81903fa2e200c530103bd11d9e815a72b6128aeb66e4e8892a606f,TAzsQ9Gx8eqFNFSKbeXrbi45CuVPHzA8wr,TCdVbQy14NAReQJtsADRZuD12JzjFN6DQU,5222.379853,8641680,8.64168,2022-01-07,0
2022-01,da089342d7183b6fb43b1cc7d38197258e5495af2122537032a36021504955f2,TK4iLe8yBShx1DFsPCdfAgavjPKig5Fhsg,TYFcAEoLx9ajXvPvZ2QhNEgq5im1ma98DP,927.244,8641680,8.64168,2022-01-07,0
2022-01,e6f165522e07e5a53e9d407af05e6f5528acc21acab1630e04c288bb33bd8770,TWSn8pkBHWYsVQetMZuGYLYU7Y4y6dbtmp,TWCHKZrxozrYxL3HMbgwWbvQrR7wJ6osdM,305.810398,8641680,8.64168,2022-01-07,0
2022-01,f67bf24b4a61fab6ccbf0f2f0210c922d098228a858d9fe59415f8beb1f7d326,TQrY8tryqsYVCYS3MFbtffiPp2ccyn4STm,TYv6tNQPxqQrWFN6MbkAcQbBha6rSSaeWP,190.613531,8641680,8.64168,2022-01-07,0
2022-01,39cb5de2cea941260497fb5d52905364777e56a283042a926d9f26f30b2a6b1a,TNXoiAJ3dct8Fjg4M9fkLFh9S2v9TXc32G,TALc8PdyvLnRwPzVTBZvhmNW6ha5HBYzHn,3391.0,4441120,4.44112,2022-01-07,0
2022-01,20d9dc78a96aa89727a76abdb650c5c6683f59c75b671cd4587c40b45bc2d9cd,TEX9biFjXv5vHAFqejgiAdG4JtFKcutdhE,TTSjmkzUeeecRHsuZ8Y6bS8KUH8Cxs8AaR,37.803962,8296680,8.29668,2022-01-08,0
2022-01,83c0b11106ab68c4630ffeb963b5a2f2be5e460118e3fe19eb0e0d1162f25eab,TUf2ZbLr5LuxUqdciRU2qrntTQSY4MtL7i,TS9b9boewmB6tq874PnVZrKPf4NZw9qHPi,647.87,4096680,4.09668,2022-01-08,0
2022-02,e81b5cd0012ebbdbb1aecf9de93b4ed7e31ea058f4ccc164de134f418b8aac7b,TN4mKm1UXcJLxBeQEjWw8tGE4vGCqxqe8G,TKZV15BtFmcyQXkAGEt3cwKMrW3pUjsZaV,242.88,4441680,4.44168,2022-02-07,0
2022-02,fc2ef1367cab394505d667b3a29f314574460159c47f0e1e6d7212dd094e9591,TRaQe94fdYAUE5HZkbgTo62AADSxihc4Ah,TKuTPcaWfx3w7o2oaJZHfURf8qjxyzbK5b,55.0,0,0.0,2022-02-07,0
2022-02,076627fd37b5ece5fac5040b45ec322291f734b52e3f82d4a8a90d40bc3d5387,TUGQUT3gBNicEG8M8aUCDBXpnmKZzLsPzx,TPdVsWQeCFH3WeJBi5DLNaBnPygDUgBVFR,30.57,4441680,4.44168,2022-02-07,0
2022-02,183b16d2df4989a9c3b5d551f0c19aabfde9dffe63a5a305cad250e035760db1,TQrY8tryqsYVCYS3MFbtffiPp2ccyn4STm,THPP5H49eHF3fcMKne7QdbuRSQxMCuqcCW,300.0,4441680,4.44168,2022-02-07,0
2022-02,c86862474278fa5c7b05c2620d416b9d2280fa6a203babb1aaf33ed9e08c8dee,TM6a8oZhvRnqvsn298873p43APcdfs2V7Y,TS9b9boewmB6tq874PnVZrKPf4NZw9qHPi,190.0,4096680,4.09668,2022-02-07,0
2022-02,2655a34a5f2532ed1564d68e75c0c96ed238f7dbff22d24b95069d192a1bdb0a,TTDFt78iY1LdiWAuVZbhrPA52PqeU6X9LB,TTqE8JPa74D1ucDyEfQZgecaQa7rrkmUdm,108.1,4096680,4.09668,2022-02-07,0
2022-02,4a31a7944b956ee481f97d33350a97e3783418f60d4b81042c093de3f0afcb0c,THwK8UscEek9Bq6MwDvkuMb9RzHNqtR2ra,TFagA6Nnqzu8dH5r9oEesMrumm25eFvSmm,45.86,4441680,4.44168,2022-02-07,0
2022-02,5c221b1d1ccc49530dca5cdccc8870b0b81f52ed99067655fcaee47ec92826b9,TNaRAoLUyYEV2uF7GUrzSjRQTU8v5ZJ5VR,TLTLwQYngQCKJQM1KQQaXcdz6WQmV7mjeJ,53.675055,0,0.0,2022-02-07,0
2022-02,26fd92e08b4ee0bec5f647de0fe6a882e28546f638191bbeff64f99306062dea,TNaRAoLUyYEV2uF7GUrzSjRQTU8v5ZJ5VR,TBqNuRqaXKDUpGxHo1mXZgdKtyb5DGuWLT,10.0805,0,0.0,2022-02-07,0
2022-02,15435741f0f9632cf962cb1cf71a24520d068f67bc8ed0ea3e20388c401295b5,TNXoiAJ3dct8Fjg4M9fkLFh9S2v9TXc32G,TAmZVKnRq6AhgiMFHWCFh8X7g2ia81CQHc,1000.0,8641400,8.6414,2022-02-07,0
2022-02,1a2ae066e7f427d12caa89ac3ddf4ed2b89911859c4a46a295c88487d5322ef3,TV6MuMXfmLbBqPZvBHdwFsDnQeVfnmiuSi,TVSkAEoJv5VNjYnAiwNtwsTfYTiNwWy7uV,50.0,8641680,8.64168,2022-02-08,0
2022-02,4cb18ea6b432e07f4f95b98f9924300874b71154288a72730ca68a1e361bdff8,TN4mKm1UXcJLxBeQEjWw8tGE4vGCqxqe8G,TJEYXdUGAvEmsUJmApEFKMxz1y2iWoxkgH,121.92,4441680,4.44168,2022-02-08,0
2022-02,a877e5b0ce878bcda8ec545838645af352baf65f0b1bf8bb8090dcb04ca4d990,TECUfXh8toxN8TSHV13sq6pQUaPa6bRaHr,TRf5WxECCQARnGCGNRHDPTPny6pncWEbDb,88.696782,4441680,4.44168,2022-02-08,0
2022-02,b944ff8b40c4ed3cfbd68001c470a55116fbd0741c314d99b50243b483fd6058,TAzsQ9Gx8eqFNFSKbeXrbi45CuVPHzA8wr,TDgSFELn4YL1aN54JYLnYvnExhrsGC9ArC,1722.998251,8641680,8.64168,2022-02-08,0
2022-02,fc602bc449392984fca7cf566d3531f4dca096f895d6ff6a606ced04d5f6542c,TJDENsfBJs4RFETt1X1W8wMDc8M5XnJhCe,TUnWGkzkdkrfii3mVdHaE2zkLob9GNYw4i,210.94,4441680,4.44168,2022-02-08,0
2022-02,3d6ceb16ad52cef96957b7681eb31708e95c19534f993446c763563d2ff19570,TV6MuMXfmLbBqPZvBHdwFsDnQeVfnmiuSi,TFud8i8iiyvx6XJ6GURgWaf4LMRGA7yvF3,59.0,4441680,4.44168,2022-02-08,0
2022-02,d67027a0ffbd6b1cb3ec4a61c24f878984b1542a869dbacf17f6721d1b64ce94,TYDzsYUEpvnYmQk4zGP9sWWcTEd2MiAtW6,TRvnBKHuJpc3SsKcuQesvwcg3upqtC54Hk,55.0,4441120,4.44112,2022-02-08,0
2022-02,a563076ec3d26c1fbe821e7e26a23fc6834ad913c8065aff44c694e05efc9598,TM1zzNDZD2DPASbKcgdVoTYhfmYgtfwx9R,TBvx7Rd7cb328xSqSjRMqvscftBmgriovL,29.97,0,0.0,2022-02-08,0
2022-02,1a761f7a002a9f891ddb9ff75b44c3194826a561539dc6127dda0d73572bef0b,TAzsQ9Gx8eqFNFSKbeXrbi45CuVPHzA8wr,TYFRZSwwNhdvyZEH8TiUEkndCPJBCNRa3E,99.0,4441680,4.44168,2022-02-08,0
2022-02,af097a39c3953b32b238fcc064e174af75cb65409b4d41bab6d873b2f69081a1,TYASr5UV6HEcXatwdFQfmLVUqQQQMUxHLS,TMzHBBUUw6AxpoQULhgAj9Tq6BFVdVM4jm,9.0,8641680,8.64168,2022-02-08,0
2022-03,ce331432d854f7434651150af27595dbe1d80d04558bc0cff730d0fc8845c2da,TLLvTXrbwmdayPoEemozGyT761RQ3r2cCy,TM1zzNDZD2DPASbKcgdVoTYhfmYgtfwx9R,1482.0,2949520,2.94952,2022-03-07,0
2022-03,3838f0129d0375eca7d08c204020bb8e0010837811c35ea9539fb7f65ec1cac4,TQFtYnFVdzxwm2dbH8cTJq1QrTqode2SJ1,TQf9d2g2aF4nPQVehvWpkKedhaoGQhAr5c,6244.0,4096680,4.09668,2022-03-07,0
2022-03,afb4b2b1519e5ef4c340ecaaa072074ffc41faba524bd7ab45f2900737ee5b8b,TSFa2foJ75NmiTPfVwnyJdrvWVH5Bzz3YF,TSvPidJDqZx5LC7Ac8djNvBGUtSgkKpnS1,36.73,4444680,4.44468,2022-03-07,0
2022-03,e45ec1d411d1df55c8c3580794b04a6ae7109a9609afdc0f9c5b55f04ecb9c5a,TM1zzNDZD2DPASbKcgdVoTYhfmYgtfwx9R,TJo7VwCZbrYV1FkCKx4TTBu665ynhHTY4g,279.525,0,0.0,2022-03-07,0
2022-03,82bf18cf82edc05634b9a9d2ebc41c0201e2e8a381f6b38643647a7ec6e16640,TBCMSmdzuxvUf4FVFLmQCpMQQo5NR1Hv8z,TCfcUDfuAWcpGJMiDH7N54hropAdZRLRZB,140.8,4441680,4.44168,2022-03-07,0
2022-03,29991a9a146e9aaa805ada3e5e6d5169fd1540c9aafa2f425f3d6b4f68d10b8e,TYASr5UV6HEcXatwdFQfmLVUqQQQMUxHLS,TCBSNAPHAu9t4p7TWYXFmndPJ7TSMEC5DE,75.58,8641680,8.64168,2022-03-07,0
2022-03,a68a25eae08696cad1f05053bb1766885e6c6a95c7f2b927ce627403233d5e41,TJDENsfBJs4RFETt1X1W8wMDc8M5XnJhCe,TGk1zJSGGF3JGqE6mgqNbwcJnMjYQEkRza,13.0,8641680,8.64168,2022-03-07,0
2022-03,bca156eea37a5a964213d506d5869bc106f99326a57267294f20fa47885bde07,TYpUnxPMiif8RyqUmvEKNpSVL2Fv76ZhVq,TQe5TL29zZMqf4GreReqyxaz3tfjw1pFgo,3600.0,8641680,8.64168,2022-03-07,0
2022-03,7dd66fd76ad58fa3765fa5399411cd7603f84e20fc9ef5e8bf729e6c2eb740c4,TMG81u38iSTi5y3xj5GgEcJXZc4wSCgvLg,TYDzsYUEpvnYmQk4zGP9sWWcTEd2MiAtW6,1000.0,6066640,6.06664,2022-03-07,0
2022-03,26721883299864004e6d1bc87cde2f91ef5c97638b09a72d36bcb4d396c0deb1,TQrY8tryqsYVCYS3MFbtffiPp2ccyn4STm,TAy8swTHPxQ4CvZRegQgfqu3k17KbKs6DW,630.0,8641680,8.64168,2022-03-07,0
2022-03,44a6f2f542e1a9641499dc1be422b820cff79e96778abba7989837e364b81c3b,TQNheVnmrtnJ2KRUuePBhJWQWhFmPjX7iH,TBUE19x8zjpReKK7MZgWoFKwR36yyZ3zmo,1355.0,7568160,7.56816,2022-03-07,0
2022-03,f2c297acfa7c67dab638e60916e268fc7fa423ee143818260ad85633339dcd3b,TBXzf6zjMGN74s7Syg4LATtLgMWgqpvXn5,TCaB9QAhM6748Qetx2P71kbMHTvbmYK2GZ,18.045458,4441680,4.44168,2022-03-07,0
2022-03,3494f754993049fe9dcb0cc1c6ae91f31fe609a009eea560e3187807c18d96cd,TVqBn6T1wA8nptsGKdDDv6WwrNz6cJWMGP,TRj8xqfbUwdPBMM1gG1s5brVxptNMq1HP6,356.0,2949520,2.94952,2022-03-07,0
2022-03,966149a10729650997b83652183e00fa4ed979d5bc74b146d8498abd28a45419,TDh29p46FoHbit34P2TSuogKn1SxY5UWU5,TBbiMFzKFL48jfQcdPepZBvQiQe4fJxQJt,1278.3247,8641680,8.64168,2022-03-07,0
2022-03,ddc2827f6c83ac548c1ce00c5e8e78e20b5c56b630c55358b6f7d07f585f7f21,TQHjfHQHPut7YZzfLjWSN6uHdomEAVjmhy,TRy59MkC92k88RdvTDhM5NUtrhyv7Qwt5V,629.33,6065920,6.06592,2022-03-08,0
2022-03,70b8b0b33b565e2d2c49b39dba61554a094cffc0388ae59cb6e5d6efdca09336,TQn9Y2khEsLJW1ChVWFMSMeRDow5KcbLSE,TKYnL6vcFWvBZBAxrLaruTz8Fs91K323pM,35.151868,27112680,27.11268,2022-03-08,0
2022-03,e4bd02bf9b6a5bbaa571acacdc5250853a1690ec3ac05a450faccddedc492970,TAs33y97CqPtWbLYuQkzvMukihCQpHWSN1,THvthbhwMpc1irkTBXUwdGk2ifbfy2XVgR,42.485263,4096680,4.09668,2022-03-08,0
2022-03,b71978969ba76bdc5ac7ff0e03fa2b4d7b2bdf8227374a268e2d998e982db727,TQ6YZFTegXbu1yGaQtd9MRMTePVCsMGV66,TLPneTq37g4xhJZCCpcFBZYqi3pTKN3u7A,499.0,0,0.0,2022-03-08,0
2022-03,f713179b3002b3f8788f74b6f1e2b428a6c7375418bd14e02fcd1613cb5c701b,TNaRAoLUyYEV2uF7GUrzSjRQTU8v5ZJ5VR,TYtxuHQeC9soe37XLdE3L9SHVRc7DDDvVM,7.0,0,0.0,2022-03-08,0
2022-03,c7d944387ef8eedbac75197379f694d6ca1ecb9f509db2a5c5f351b846bd02b7,TLdmjXs7YKv3eYoDQ4aCWaWYsTmNd2bJe4,TKXbjbQMirrynrQmUtovPxy1jXvhQoUtjY,8.32,8641680,8.64168,2022-03-08,0
2022-04,e68d1d64bfd798c9c964773437490fdbc99f347723c03ebcbf0b914906441269,TLn18JQDxf7YQdag3ZL5arN3h53zoyRJuS,TUr6ZExYGt21j6AVDM5qVpaBG56huJY9Mt,185.364,6071920,6.07192,2022-04-07,0
2022-04,c426128863a60e149b83fb0b7b62681cea9d87f4552272051de078c059726c2b,TWhLrTLega7ZnyAL4Xnxe14LsHhZvsC9hU,TY4fknjjsRGx3u6Pn8r34qFxUAWfJGK7Py,41.511361,4096680,4.09668,2022-04-07,0
2022-04,6b865034d09b953bbe3096fc987df24d8cac703f2e61bb96c2367804a34dec8b,TNXoiAJ3dct8Fjg4M9fkLFh9S2v9TXc32G,TJYyeU3iNBTikWz5XJtw5pAsU1W1J3jAHK,47.238118,8641400,8.6414,2022-04-07,0
2022-04,d7a124a01aa79338d7a9f2dac49829512b5364356abcf96939682f4355c30adc,TYASr5UV6HEcXatwdFQfmLVUqQQQMUxHLS,TBQuJunsUuQKewc2McLVUndd3TcAv485Uw,2039.342588,8641680,8.64168,2022-04-07,0
2022-04,826da8b88823ff97ef064ca07b3f81ba2aa8e3fa6f42f97dfc8c6d396bb6961b,TNXoiAJ3dct8Fjg4M9fkLFh9S2v9TXc32G,TQTszqNYMyggXxmvaJUF4PGGvLCCaGzD3z,67.73,8641400,8.6414,2022-04-07,0
2022-04,ac8380c07c04cfa2ae0127908746e0442655c275aceb7951b635cd5ea9e4afbe,TN5rNoA4ZibQS15LxVptSgwwztXqfB6jgd,TRrynwv3vPEhspppmbNnuna5j6RGPyaWsU,198.516832,0,0.0,2022-04-07,0
2022-04,27f775900a1ab64832db7ecc37ccbd7f0fa2ac33df65b7f62c1c4eb00752be1d,TC6AvmZJrMwT3pJYe7cnk8KdnNUSXSut4W,TWS1onJnNTg8tJHomceqxBxTsUB1DHh7PV,505.0,4096680,4.09668,2022-04-07,0
2022-04,6d5cc2f934bb2b99d3a514138a457302811c4970ba5aa7e2ccda07aa3c8bfd93,TV6MuMXfmLbBqPZvBHdwFsDnQeVfnmiuSi,TRwjwKwbmtqrqfpM97Rncg8ncwnEkKnwDF,70.0,8641400,8.6414,2022-04-07,0
2022-04,421ffef614af61fa6687ee0b7196aaaea0e8ec7fcf82b9449bab89c95180d185,TAzsQ9Gx8eqFNFSKbeXrbi45CuVPHzA8wr,TEeiQ8Jk473GJQZxfU2E6HsAESHHE8HXEz,189.0,4441680,4.44168,2022-04-07,0
2022-04,a0b9d5a96aac729d7c6e2908b7942be8b3a68798625482e45773f2e37e0f11e2,TYASr5UV6HEcXatwdFQfmLVUqQQQMUxHLS,TQS6wQYNMhcV5EqXERkU6MsdE5avaEN5i9,943.692757,8641680,8.64168,2022-04-07,0
2022-04,9959d97d4fc6978d4d27fe797311689d2c6f86477af36ee3071789d0abb82d6b,TAzsQ9Gx8eqFNFSKbeXrbi45CuVPHzA8wr,TTpgmTgacsKaFUyMJ5SuPfghhBr4b1Q9ya,1048.928359,8641680,8.64168,2022-04-07,0
2022-04,695c8d293931617769930b0973ae68d069142657aaf308b54a7f0c098d083c14,TD1C5yhfUKbMLWcYtzHjrjEG2BYgHPnuNy,TNMvrGUqjwTuyJUNZaL2kb8m5owZzNGEXo,675.0,4096680,4.09668,2022-04-07,0
2022-04,d9f40c3d37072f7e3b937aa6b7b2bc81abbcc263232b240b730d284967318372,TM1zzNDZD2DPASbKcgdVoTYhfmYgtfwx9R,TQrqNi5SbTGMbExpPrhPhRcMbjsfbXFyAp,212.922,0,0.0,2022-04-07,0
2022-04,b018e6b7b334efcec883af26318bce545e5e5bde610d7f282e952e93b78a331d,TM1zzNDZD2DPASbKcgdVoTYhfmYgtfwx9R,TZHHikNEuxuRtDRyC2GM5eY3NBjQPAT4nk,154.09,0,0.0,2022-04-07,0
2022-04,2a740b6cf17e89d24a62dc5519f774fc4f25ee46b6c365b5a625e2abaa8c95d6,TLViszDHjgzzpa6wCAfsZKCtr9NGct61ET,TA3DAKwvBPY556TyLyGV29cNdnSFyA4PtR,20.9,4441680,4.44168,2022-04-08,0
2022-04,4075dd582b83d4e08bddc043353f1a131e4c7ba8a7139f4b44d66ded02efe18a,TNNrQrVm4MtVtbkZcytJzofV6q298oivwm,TNHXAXj8eWDEegmtohM4YoX3aEcXvUuNWj,99.0,8296680,8.29668,2022-04-08,0
2022-04,3e3a9ce541f4e946cf61c76b4a1962ad0f65d9e07dc37d28b61efa819710ce5c,TNejDazGBfSFLUHfVUSa8FY98a2KFyox2b,TGQQrXsqQNPjxewECy9aJkehH3o3Z9999y,199.0,4441400,4.4414,2022-04-08,0
2022-04,4af81991229ce773e239935edb2806deeee92e345a635774e514bff6305d7ced,TPQWzAXtzo4AXeE8KL6RhmGeNyr7JB5WRc,TMGHLMXLeVngZqrQXFbSPq2LB39FMtuiHb,361.0,4096680,4.09668,2022-04-08,0
2022-04,5af8ee7c2c8e314778d2891c40d4161bdb433dea7b8d7cab877e29fcb89e2973,TW3WXRdrzU61oVdu8uQyxzGVfYefGqkCmt,TCGJdQBDc845SzgYGsGE594ncJKWk2Rx9x,30.236675,4441680,4.44168,2022-04-08,0
2022-04,d11d9d1b94cb1982da50915f280fcb2a79ed5bb5d47ffa8a40dadd1b99cacdf6,TQH9qaKZz4m8sRToMtKP8jqXenJWnhmSAc,TMfubyzDh2BD87gVq1cAxsMhtMX3FWszkz,101.943918,4441680,4.44168,2022-04-08,0
2022-05,c2d9adda3bdcbe2d86c2550c039dd600a98c65119984444f48117733fa1ea2ee,TYASr5UV6HEcXatwdFQfmLVUqQQQMUxHLS,TXF8DqMswAc6wGssVAtnAKDAoX2nK9a4Fy,50.0,8641680,8.64168,2022-05-07,0
2022-05,0b732c0e13075292623b9d2263bff7851bb71d5ff79bf92112406d92348f9ff9,TJDENsfBJs4RFETt1X1W8wMDc8M5XnJhCe,TLoCZKxiHiZ1dkYJahnXxFqS9EwNj8TxaQ,300.0,8641680,8.64168,2022-05-07,0
2022-05,8b18181e5b35dd9bf969b0ecc3221aba5f2e07ecfc45c9a40f8eb79bbccc81a5,TT4WM8m5sZqqaZePBFiN27LTo7kxFr2RTB,TQy5KQuJWhHyCTN5NApKZzBiz2J1TkqntU,40.8656,4096680,4.09668,2022-05-07,0
2022-05,2339015a1fbc71c6345bea6e32b58563f5dc63809820f98a50924b26b3fca3c9,TQooBX9o8iSSprLWW96YShBogx7Uwisuim,TQn9Y2khEsLJW1ChVWFMSMeRDow5KcbLSE,1800.304913,0,0.0,2022-05-07,0
2022-05,39dc71bd612ea22e5aef45b117102db5c74de1ab9ff70070cdbad4c649b3a6d1,TYASr5UV6HEcXatwdFQfmLVUqQQQMUxHLS,TYvof7fMzGfAGu3rYYyAfcBjpQHK2fs97i,76.22,8641680,8.64168,2022-05-07,0
2022-05,c96255848e9f92b9764c4e4a9fd129310b296f45c067b89ba6fac380fdec79b4,TAzsQ9Gx8eqFNFSKbeXrbi45CuVPHzA8wr,TJyXhCp1whD8BmVMQFc3eb9k7ZKKbsiugp,426.645804,4441680,4.44168,2022-05-07,0
2022-05,7ab08d1d4aa215831ed24f7046eb40c5ebabba8edd2c3ec14c98b64ecacfe187,TV6MuMXfmLbBqPZvBHdwFsDnQeVfnmiuSi,TTRGnVTYta8S3j9hQdFDMxJ2ifmoRor91j,53.2,7729440,7.72944,2022-05-07,0
2022-05,16920840a6c23b3906da292829db7dca43541d29b0a894e98accb17212050874,TQooBX9o8iSSprLWW96YShBogx7Uwisuim,TQn9Y2khEsLJW1ChVWFMSMeRDow5KcbLSE,3000.080392,0,0.0,2022-05-07,0
2022-05,338ce2dc9c5a71d2efbfd10708aaa858d6ddef28213c30400fb44b92e7f9b792,TGrzsJ7oPPFbupLst3oLY3nVoKuw87HwyP,TXDMrahsBNsq5FRSWebxhwLQVdFGGoWZLS,500.0,4096680,4.09668,2022-05-07,0
2022-05,f01049a2857a98137fe496f68a168d6c3ba1150c548b4196ac3559fecf5bba0a,TJDENsfBJs4RFETt1X1W8wMDc8M5XnJhCe,TK1mf9pSsxaaaf1LyCD73RtXwAmvtCTdTK,204.452072,8641680,8.64168,2022-05-07,0
2022-05,f6218362bce71a6a6696c171c708670d7f74f188c213738cc297a232d379809e,TKmaqEt7NiNGd2m3yw2FdzqiqjBsch5yvB,TGJ6TJSFFaa7Ka3gWyFtqjQvYYAaLRUXtk,795.5,4096680,4.09668,2022-05-07,0
2022-05,9a5850f3a6c8824a09cc62ae8409db777e275e0a9e3f969a5bc1d7824d4cb70c,TU2ZfkwJW5h2twcJkshkTzr1oVFpz9dWv5,TY4fknjjsRGx3u6Pn8r34qFxUAWfJGK7Py,138.77,4096680,4.09668,2022-05-07,0
2022-05,216405609af709638f61c6add040a33495ae675c49f926e6a350f612a6922f5b,TQooBX9o8iSSprLWW96YShBogx7Uwisuim,TQn9Y2khEsLJW1ChVWFMSMeRDow5KcbLSE,5345.193619,0,0.0,2022-05-07,0
2022-05,8bc37a445b1c4e94241e894075cdd06bcaaf0f2413e4c0b1a808ef3d2a84d5f0,TNXoiAJ3dct8Fjg4M9fkLFh9S2v9TXc32G,TQYDxqHbQQBq8CUVKDS9X2VUA79gyP82FF,63.935,4441400,4.4414,2022-05-07,0
2022-05,41ba8a1c643007573ea1729a90fd2864acb6577543cce3e95504ca889fc9e77f,TR18ChYA2MibyHC8LxPzvCSwwHZEtgg6Yw,TWDhVUgw2zLJvwn7ThgPJrXsmEkVmUVbM6,30.57,4096680,4.09668,2022-05-08,0
2022-05,dceb9c7bb96c905926225efc5d7640081ad50395d332d534695b60d777857e15,TVN7eNp4XEREfgMRj4JsinKdm5egyEJpvG,TXTKaw48WnW59dHxFUTv6ctTnrMb1ca9tm,3.0,4096680,4.09668,2022-05-08,0
2022-05,b8acc8ddc9bf4896dfb756dbefbeb65bb2059a676e030fdf3d86f3328dfa07c8,TNaRAoLUyYEV2uF7GUrzSjRQTU8v5ZJ5VR,TCVSVGGaiKZgzPyphDCqgVBxMQAJz1H78g,69999.0,0,0.0,2022-05-08,0
2022-05,14adaa4ddc855eeca7e7e7b6c648ddb403af7ce73cd82ff721befa4f3d9bb087,TERemNbSCgAjdGffw5SBF5KtikdHamNTvw,TXBWVCYQQsDAkNHinm5MZ4ypzM8C3PUaMA,100.0,4096680,4.09668,2022-05-08,0
2022-05,404824d2c6a9aea3814643032220517a6e3e8a47691f111124b258dd0e7cf4f6,TVH7DMxtCzmaSkmhA5ZrRHSEfDjQKM67UX,TSqC6yXK8FVpEgwosdQEJHogUm2wnMzxbq,15.22,8296680,8.29668,2022-05-08,0
2022-05,bee5551a54563f871822dd28fa7b7df8e2405fc60e1ec67f93c436e7e1ed0ee8,TLYCaS9cZErMpUuwjZQbkFvYqx6Zaq11hE,TKgjhU7Tv8v8VrqQvPcNSBDWr4FFCTgM5E,50.0,0,0.0,2022-05-08,0
2022-06,7e110d808e469e11d8ad64d108fa778a3f5ab50a09e276d3c4dfb1d8a9f55eab,TSt1JFCAZqVZjE1VXLkgHyDyHCQQiZEep1,TRAfr286rV3fj3ZfSeUX7j2zQYAg6T9888,54.0,4441680,4.44168,2022-06-07,0
2022-06,6ec22b02f92da370586b17035e4bf2fa880871f09c5a54008026bcae3a8f5607,TR8ctZBn5Mwx2cApzdKAiJxCn8rBdaot3B,TYDzsYUEpvnYmQk4zGP9sWWcTEd2MiAtW6,16830.0,6066920,6.06692,2022-06-07,0
2022-06,7ea6369c10d0d8340a8d736a2f1916cb4e785f8163ece7898dc6f5025306a4b4,TYASr5UV6HEcXatwdFQfmLVUqQQQMUxHLS,TL5FZbM9P6JCGJ4SG3ktLtTp8r5DWqFeys,35.0,4441680,4.44168,2022-06-07,0
2022-06,db04326709017f5a3b5c515782333d7ce9530e5020374a05e716c3c3ab2d6900,TNXoiAJ3dct8Fjg4M9fkLFh9S2v9TXc32G,TG8UnN3N6SyhnkBYfPPX5EzobcmrayipAi,314.0,8641680,8.64168,2022-06-07,0
2022-06,44beea111581165aa08dde00be6e8e2b946795000bace8a316a80da63453d01e,TJDENsfBJs4RFETt1X1W8wMDc8M5XnJhCe,TAmsXzz3pyMgXSQumrmwWcwAoBBEXmQZoE,1900.0,8641680,8.64168,2022-06-07,0
2022-06,b40e871c11b60b5e499fdb5b0bcae3071d2a9b94c6a6b3bacd8ea3990cc9e0b7,TCLYJVb5uhfQvdeet8kqb8DsBJUtcipWX7,TFGguR9apZE4rioPdhBYQsa5hUHUyXExnx,100.0,4441680,4.44168,2022-06-07,0
2022-06,6a6f8c111581a3be243b736f0e5f3437cdb32e6e9824a3a80923c217b5299c61,TZ5hmVevyuyoAe5Vk3nTsv6ENnLCsWKb7j,TP39ayVNuS4cGcrzMop7VAxf7AckyLLW4K,10.19,3586280,3.58628,2022-06-07,0
2022-06,8b17e176a6d44c95a5109565dddf85b0577f63d1ae7bd2d0b77eaf32f5580d54,TNXoiAJ3dct8Fjg4M9fkLFh9S2v9TXc32G,TWwFELQw75x4eWZCydQRNVzXgZuDN51m2P,95.595877,4441400,4.4414,2022-06-07,0
2022-06,fc1155105caacf2e39d63d042e25c5e7adc8006eeb17493408d430eac362117f,TYASr5UV6HEcXatwdFQfmLVUqQQQMUxHLS,TAFpWHzT5xY4HNmg2QMVPmLx7T4eqhoKA6,10.0,4441680,4.44168,2022-06-07,0
2022-06,8412e1d2e3ab9785b9752cc782d269bc8b7627e82f9ad1d0b391bcc701fc37aa,TJDENsfBJs4RFETt1X1W8wMDc8M5XnJhCe,TA8gP1RKBkqneAWN9fD2rgyBRNS41oJm8G,77.761229,4441680,4.44168,2022-06-07,0
2022-06,281f33d0799685655d52ebfbba40f47b5b2191a56221f5a0f42ddbb6b55876fb,TMSU8Jn1xnszgWdVUJF7crbC3QfXyaipkf,TWpMEc2UAcTLfMgnNuJzRsDaCZSLa98888,10.0,4441680,4.44168,2022-06-07,0
2022-06,df3d68629ae6411e1eeceeb5fdc5b6890aad9b6390691d24a912f6e2bca6f04b,TG2WrW9K1Xce4mNZ6TonifVkFeAWMx6666,TEm5TcVTMD4cq2uuTDMA5iT3MYAfAeGTAV,5.94,4096680,4.09668,2022-06-08,0
2022-06,e62e78603d7a0db82cc2f1f34ee4c37f67bc828269dfa5747b86655dcb95b777,TGLfJVDLX29fyJEuTmYDbWWcuoVKDn6Miu,TRiAEsm6MCEKzSbqawUFzhU6YBDhsPA3Wb,25.04,4096680,4.09668,2022-06-08,0
2022-06,c1bb3514d7d8852b78637de210d8c0442429775eaa19ed5cb64468527c24c3c9,TAtgRKaxvqffnmbGBCn7XeiJKqWHfHifFK,TS9b9boewmB6tq874PnVZrKPf4NZw9qHPi,29.32,4096680,4.09668,2022-06-08,0
2022-06,43778cea981072634e9be781fce4a38751db950d45bf820738f63525e642d50e,TQf9d2g2aF4nPQVehvWpkKedhaoGQhAr5c,TUJGyNgKFR4hKtDfMsbxbQWQxFsG7GmxU2,99.955,345000,0.345,2022-06-08,0
2022-06,9b396dbc5424e66163e6dad6eb8b78e40f10c4aef1b70f079068065ea09e2623,TSRFPty4xtFzBEeHh1AYJX9u5gfBQxCH5j,TFLHTs9U9fiR7MypnQYQCofvne6611SJmd,31.08,4441680,4.44168,2022-06-08,0
2022-06,94766e52263af08faedd02e904df868259260e3542d27817066b29f170d2183d,TXwym1VaATMV1EEPKPmVcZ1oDK8GiB5psy,TMAJjT1C7CrwDGUaVLsvoLbJy2hj11VTE1,10.0,7689400,7.6894,2022-06-08,0
2022-06,3479d10160cf874c709f96b9d3ba04d43e2c383a0b50f2554fef71be8dfe6ffa,TBZPS21axGDT3f9KZAKRPyrTaWoScPFKFp,TWpMEc2UAcTLfMgnNuJzRsDaCZSLa98888,11.0,4441680,4.44168,2022-06-08,0
2022-06,32882025dd4124039c3519c160d9154bfb48eb73119c4d456658243ca093f46b,TLYCaS9cZErMpUuwjZQbkFvYqx6Zaq11hE,TGMq8K2Q7HAMPTV5ooCDEiuW6K57JJk3Ts,290.2,0,0.0,2022-06-08,0
2022-06,3f30f32aff6a619a78afee0c056bddbc93718454559e4d5a0b12e52fbd519dbe,TQ4Ct5hVPbhYV3qabEuPVJr1HEA1Q4A5p6,TY4fknjjsRGx3u6Pn8r34qFxUAWfJGK7Py,29722.0,4096680,4.09668,2022-06-08,0
2022-07,383965885e649141dd9e5881b73036fbb6cbfa76649ce416e3c0593ede5dcb9f,TJjwXcfURhwxJBFsieMPu74UghU5jXfMxt,TGi6kowMsRcxkpXuGuHQogswZvHjGNF7aE,193.7,4441680,4.44168,2022-07-07,0
2022-07,f4e70bacfebeeb879bd6ac3bc78a1d39d15e6e8e038cff7a02fac6934bf99f52,TYDzsYUEpvnYmQk4zGP9sWWcTEd2MiAtW6,TVNMgyozshQC8wounZKqvHTUCeYQqaxJD6,4850.0,8641680,8.64168,2022-07-07,0
2022-07,1a5c9eccc58186522b53391690251c649fc03d6f582ab0ec0fd2ef7f69f8e535,TGUKNPgDcWHsHNmuHm14tUAAYMgQtmMXAQ,TD6hHXN9Lq5QUBjHmJe7bvoUy4YVC9r5FR,300.0,8296680,8.29668,2022-07-07,0
2022-07,785d6aad189e8a2893a2c3ad9a3a172e17bc4d090f2e36bedba6d9069bdcce72,TQn9Y2khEsLJW1ChVWFMSMeRDow5KcbLSE,TLfVEx7b4ATJ3c2fo6WLgvnpPf4RhcUora,322.062395,26687080,26.68708,2022-07-07,0
2022-07,865b18e2fa7524683c9dfb469f2a5b11d45270125b68199b8f28f4cbc0ba29fa,TWUyG3KX7bim1EiAweivjVxY2azhHpt1gH,TMo8XB93XxHe3zqSmZaGztjmNLPPfmgBTA,18.108909,4096680,4.09668,2022-07-07,0
2022-07,e611cf20decd509b20df06e7a1f67f78024bd62cbff35a268c8df33a47e177ad,TBYoxQZKXsTqzsKTwiQUAfmLNTYPBx8cAE,TVCMN27j4NSP5irTZTdzE4Av92GQizB62c,5.0,8296680,8.29668,2022-07-07,0
2022-07,d44bef6189fc6408fab19310307d3acf45b0b6eab6697140d04c8b0d23dc5650,TYkKUQhri7MJ6P76YCySnrPZLk6DN7EwqH,TTB6yfwrWKNz8idkZ76675vwnmfptkd1Fi,44.7,8641680,8.64168,2022-07-07,0
2022-07,c3b611becb959af9b3dd78e09d9daaa50aa650786efda708c7188dc8c9f76c05,TT2MhpjJxUZV6qLrJooxNjuemxGzzTVyXV,TKGZE5pXLrRYiAsHMbTvSsgsJgSYPYtsRA,145.72736,4096680,4.09668,2022-07-07,0
2022-07,5dab8b84d710cfee2fa6e7b7806a79e9f93cf708ca28cef793de50ca9522b5ee,TJHPBrbHakSzx8yddrJMMgDeFo1h74jQXf,TMUAC8s8AvBByy9xjk5gpqx5366589VcLJ,31.2,4096680,4.09668,2022-07-07,0
2022-07,4a59475b226bef8cd5ccf5e65b7c2c927194a52eec8d8b87fb8ce670b4fc8e67,TR9uAQpfsMwytxyAkDxGWgg8vDSdzRUTaW,TMaD1wsACFd7T1bt9cxi5x8no8ZM8i7oCA,348.8,4441680,4.44168,2022-07-07,0
2022-07,afd06d008e4874870f460a3b2856a153132caa44ff25ce6ca3fc6aca65b4a69e,TDa3F9nbtZEYA2V6UjPdGDJBMcYt1Grppr,TBgUaovmc5nWSGGLJY9uDoGKKQWwbDSvoo,2936.0,2958760,2.95876,2022-07-07,0
2022-07,b586d1e63f48ccae800dfa16fcf03a8f63e2a22d60dc07ee1f5ef136196e39f9,TM1zzNDZD2DPASbKcgdVoTYhfmYgtfwx9R,TEJ7mQ28R5WtTsCchpVr9MYG2QXTnnnTDd,45.484,0,0.0,2022-07-07,0
2022-07,2e2b50089c32d6b158eca537cdae1b5b5f55f49ac07c2ea81806b63fe1e8d3ba,TDjExUFZmn4WJbgBtCg8WtA2aqosFacbWK,TRi62fguDvwG9PKC7UCTbZSboiZRr9CAsC,40.0,3303760,3.30376,2022-07-07,0
2022-07,39f57ebb9db8b3c6a8a8235aa7489331c412c4a7602053158908b4f17eb07e19,TLQ521hE6UqzpcEuero2FvLypSn9Zgzav3,THKwV7AVNNEsx6j6jRbxEL5WFxrcPSAa5E,15333.0,3303760,3.30376,2022-07-07,0
2022-07,95b9c1b95b9d18003368ea3209271808e4da0eb733ab53e2d56f3486cc316ed1,TEwDBLnGrK9VRyTfgqNvq54aAKRLg3Vsar,TQRKdUcnsEwAyckKkvDMVw6CVAi2hmJMP4,109.37,8641680,8.64168,2022-07-07,0
2022-07,9b8874ab732ccca2a8a35c05c03b3b6c33df483aa64638324c5666745738bbed,TXZtHsmUYTi3kyxze6Fh2HuvZPSjwKJVc2,THB8DmmjskawMUvQTxd2gmytTs71MwiwCe,8250.0,4096680,4.09668,2022-07-07,0
2022-07,a5de2e50e8ac42aa50f178b29334313101a0cc4e15e159bf1b97b6b385b30eba,TXBt3XKkrtmtfir2D74ZNsoLyaWtHMiYVB,TAm937jKKHTgJ8qsBuW8CwSRL9shLRQ7yn,168.0,0,0.0,2022-07-07,0
2022-07,90eaaf35b5a0a6ab81195304cea0f6ae27465ec9091108616606db2f2148d716,TXBxBzyVhk3zkze6pebvXQWVUYvMa4Grm5,TAm937jKKHTgJ8qsBuW8CwSRL9shLRQ7yn,20.78,0,0.0,2022-07-07,0
2022-07,94ddb7ba27105f30328c7238d081ff1153990a99bda77772eb386a12b46d6dde,TRpZDmpeGYhdj72wzm8rwA5hbm7fHEWqTr,TH8DcSKCSQ6njbN4oso83x872Pvor84Sgx,5131.96,4441680,4.44168,2022-07-07,0
2022-07,ed262d8e65151999d70cd9fd5bdbeb1f8e942be070c114bca5c0daa37990eeab,TMjQjsfQv1DkS8KVRPfudQ7EwQTsgm1iNT,TLQ521hE6UqzpcEuero2FvLypSn9Zgzav3,122664.0,3253800,3.2538,2022-07-08,0
2022-08,6e74c53546ba3d1940e08715320f3b6b4452a79c0f367df52a073340695e141d,TQrY8tryqsYVCYS3MFbtffiPp2ccyn4STm,TN5WmcJ6cUM8U5gFScacqimg7TXGuUdRvz,89.2,8647000,8.647,2022-08-07,0
2022-08,f93a18ec111fed700879cd2eb8e1af483cc8308712478979428739ff812c83fa,TNXoiAJ3dct8Fjg4M9fkLFh9S2v9TXc32G,TRb2i3oSHo3gwzfRYruHgdWdycp9r9YWQw,419.2,8646440,8.64644,2022-08-07,0
2022-08,8093e6dc2d21bb2186193d7f8261dd0d465eb9dd89059e659dd90260990a245f,TNXoiAJ3dct8Fjg4M9fkLFh9S2v9TXc32G,TL28Bd92D6WALvmyXc8i1WaqGLgx1NThS6,16.925257,8647000,8.647,2022-08-07,0
2022-08,1a6f6d0258e2fb7e613889a90d4255745c463fe29592713095ff734d7da5e5e3,TFmKyd48Cs3E8iPdxtA4GQgR6xUmv2star,TQ9X8Rjv7yAXzQvkfXfBr7DBacvDWgu8wJ,23.0,4447000,4.447,2022-08-07,0
2022-08,b3c442d0968008a6e15c5ca42b8dd6a463c5cc5ddeca6c2ea14f7768015df36c,TV6MuMXfmLbBqPZvBHdwFsDnQeVfnmiuSi,TKjFzcyd7VGzavyQj8WkwX3VMz3kV1wF8K,399.2,4447000,4.447,2022-08-07,0
2022-08,1a97474bd6e8e53d5eea163fc563273ee24bcb0f5e531d5109d8ebffb6e0c3e4,TXi32XG6ZLNmTFrMGTyYGmeNVcRSnSnWwF,TDzZRgA12HLnh5mCspBKtKzrQprJVwQTCA,200.0,4447000,4.447,2022-08-07,0
2022-08,7e5fa2d8770e690e76ed1006b4569512aa70b9cd2b5a537fdd7624092b24654b,TFmKyd48Cs3E8iPdxtA4GQgR6xUmv2star,TN3fQCvmBG8KmaLPSFc4x2KdLQzXDJcxno,7.0,4447000,4.447,2022-08-07,0
2022-08,d5e9c3fc707d337e1736b563690e60ee9553b0c6f4e56946ad5698595d47e3a4,TQrY8tryqsYVCYS3MFbtffiPp2ccyn4STm,THqpfBHtniRJ9GFsBAmc95kGZnzQXC8WFi,105.0,8647000,8.647,2022-08-07,0
2022-08,8a2e484cc74763af40a8f5e219cfc7db56be8d213ce085cab1be97cdce8a518d,TM1zzNDZD2DPASbKcgdVoTYhfmYgtfwx9R,TRuLjzHzHRs1pY6WaZkifPMo7LFz8rLzvX,148.225,0,0.0,2022-08-07,0
2022-08,6257091e237b26c8fb25757d92480ae60c730405e378a9805235d5b79c54c470,TM1zzNDZD2DPASbKcgdVoTYhfmYgtfwx9R,TMumd4mhWx4cvsw3EL9riKg9QKHPSCuKMg,160.0,0,0.0,2022-08-07,0
2022-08,32932d03d35288780898c4115580119f6c0c29af41d63644e0bd43adc9b1278a,TYASr5UV6HEcXatwdFQfmLVUqQQQMUxHLS,TJ71K2zrhy882equP8vrjuudeTcs2GGTNt,49.2,8647000,8.647,2022-08-07,0
2022-08,f234a4e7cf1a3079f56babca069babbabb599d7fd4fb2e192c98a4f98c3bf76a,TWkFqUzB3bZu6G3yLnFpRq7GJ8gyoYmwVc,T9zUnHrhX5m1MTe8jmHZwDic9dkXk3X5zt,0.000178,4450000,4.45,2022-08-07,0
2022-08,dbb7dc07fddbdf1289e334f48dea113e68c79e5396a5113c2b9a50ecdec71233,TJDENsfBJs4RFETt1X1W8wMDc8M5XnJhCe,TU2chhCFxU1haYvxjioa9Z4CUBdop7s3mA,61.96248,8647000,8.647,2022-08-07,0
2022-08,69b8fe09dc7fd354d789ccd8885d63bd3457f74a7019ce20f26559934033df79,TQrY8tryqsYVCYS3MFbtffiPp2ccyn4STm,TVKBfEAouRnPDawvzcDMmiAsw1qqkwAQsU,200.0,4447000,4.447,2022-08-07,0
2022-08,6e5298fec8bc963f53621e8db116979c10940cdd30e6dbf75f95c5e4449185e9,TFmKyd48Cs3E8iPdxtA4GQgR6xUmv2star,TUHL97hbNasyNu332vzr9MhrzToKWWYTon,22.0,4447000,4.447,2022-08-08,0
2022-08,ffb8cd44d181e178d842ef75f9d51dd05c203cc8794854e3f733b1a9f6346e77,TT9CYpkuQ9Eh3S7CsxW5FEJun8p6KVs4jL,TVHPLqit1BsVrokdBjwTaEjhjW2wqXf2xK,42.0,4102000,4.102,2022-08-08,0
2022-08,032043fefa94f6297bd7c457ad7665a96ea3f5b226edbf6c8c37e34db2922880,TK3pVnStWHeLha66amNvxT25KndoPaWruF,TQ4CznZJEWJS4weBto43TCoEUdGxLXVuio,150.0,4447000,4.447,2022-08-08,0
2022-08,0500cd45c3b6e69b0f35ef8ac8e1e7a4bec93eddf6003c0ca978e1f9cd4cc81c,TWkFqUzB3bZu6G3yLnFpRq7GJ8gyoYmwVc,T9zUnHrhX5m1MTe8jmHZwDic9dkXk3X5zt,0.000178,4450000,4.45,2022-08-08,0
2022-08,249474899e0973d943c2ea223676d4d1c3499ca6b79678a39f58079ca92a7f76,TTdUF6KowXb2KjwaBG49fXdwi94DKbrtcy,TRKtXgSUCvyKFCd1P6t6VJJ9AMxrNdWZMQ,4.2,4102000,4.102,2022-08-08,0
2022-08,0d2761e14968d66258f9636f1e662636e7a5183869aa4fe56edd0f6c95a9bf5e,TWkFqUzB3bZu6G3yLnFpRq7GJ8gyoYmwVc,T9zUnHrhX5m1MTe8jmHZwDic9dkXk3X5zt,0.000178,4450000,4.45,2022-08-08,0
2022-09,396b68e122169afc64b79849bf5f456766ea1a4f82afb9438b7f845f79929629,TV6MuMXfmLbBqPZvBHdwFsDnQeVfnmiuSi,TFYjg5FBLbcfuTrAuHtAWExY2oi1SEpHAs,20.0,8647000,8.647,2022-09-07,0
2022-09,f5d8d7375e38123962eaa8557b21ccf451a3d8c558451d7df7c199c26cd4ea87,TVxrP9XgiAwbsSXHWUaiLMCNfrDfmPiGHv,TA9LZUbyCwCNeK3jzySYNY2c74Wha8y7Yw,2250.0,4102000,4.102,2022-09-07,0
2022-09,6cce107f72a56548e34ea7038bb1e1344f8c958fefa26e2a17769e451d16558a,TFUnhcPKaKTH64TFgdh5DZWKpPYeM2ff17,TA9LZUbyCwCNeK3jzySYNY2c74Wha8y7Yw,250.0,4102000,4.102,2022-09-07,0
2022-09,f4f73f750844bb684742a233a08b3903ac0596027980418bf5347be392235e7f,TDP7GftKhT338goaSHVuKWzzMF7RT68EQ2,TRn8HabWUb7NrCK8cjEDKuVzCByqByG9cn,24.0,8647000,8.647,2022-09-07,0
2022-09,6c66b86503667f56cb5147c6857a54aa8ff4cb749cd0da29817eff61b65712a3,TEeoBtkgV7CjLMubhd6AvzWfpWrzHLgYTZ,TTRXZUneU9Np516nmdPkczuEWUNGn2wg11,421.2,4102000,4.102,2022-09-07,0
2022-09,18c852da10d779b23e5ccdc19d52351585e624eaa3f7e471e062e734850e13e3,TYASr5UV6HEcXatwdFQfmLVUqQQQMUxHLS,TMEaxE9bdZw3Zf8JkYbnP9AAuZPRPvrUED,13197.2,4447000,4.447,2022-09-07,0
2022-09,9031d4fbc956439172169e87e53aea6f9ce24948a0dd4875a54e74f86ac2f652,TDzRtfhBUsD7cQ78fx7snYcZGKz5mV3SAo,TN6K3zPdc8vsxh4WZ3miARggMYjJqh93Yy,956.61,4447000,4.447,2022-09-07,0
2022-09,45a9ad8df328849f7c4c396103fe49b9e91954194cbd48fd096005042c62ce86,TBaGEP2e5v81bP5fDnVKQeYJHdZwNwSFMC,TU9sF2NqaxTyYWFPsNHf3bMkLRau2GEvUk,9.5,4447000,4.447,2022-09-07,0
2022-09,695edf2f81153aaef4f8c800d4b85c7ef546a74538e094d8a794b637e1f55c64,TP7PQp98Z6j5z8fKJgWiVgspZ1pq3PcBYZ,TA9LZUbyCwCNeK3jzySYNY2c74Wha8y7Yw,122.15038,4102000,4.102,2022-09-07,0
2022-09,f243c2e07f60c5c18e4cb78f4cc7b08cb03cb0b5f8e9ae91f99afbfd0fca1fa8,TAZNme2bg2rgcw42xv1nXWRjC9tk3DyyYW,TA9zHA6xoxobYGLUPRFihWvuMX6C2PnwkH,19.8,4447000,4.447,2022-09-07,0
2022-09,15052d36184f77c35aab9d43011fc79d5ee82c62f02b7d874561770e8993390e,TM1zzNDZD2DPASbKcgdVoTYhfmYgtfwx9R,TC57yH8osWQdm3ET65PFtmKgCY6maMZMg1,563.58,0,0.0,2022-09-08,0
2022-09,a787fbfa5a1a6f25e1904b51fa69b8222bb29acd751976d55d3a15049c08f26a,TR94jdsbrGKfEUnYCkjXVcrbcdTrJuLwaH,TA9LZUbyCwCNeK3jzySYNY2c74Wha8y7Yw,120.0,4102000,4.102,2022-09-08,0
2022-09,0e4443730b04df65911e25b12b3f5908b0d10d8aa44dc16e1d3d206d9f7cd78d,THxyXPv2CP9NRZ6BiUnDrLMUSH7kMggpbJ,TA9LZUbyCwCNeK3jzySYNY2c74Wha8y7Yw,250.0,4102000,4.102,2022-09-08,0
2022-09,ec50c8cbf95b5f5ec6229bddd57c44ee75c5e23541d3bbead83e89fdf30d67e6,TH7RaBtGZSQkVDrgpTBAUTJoKQDq5dHSkS,TCGmHejRJGT5SgFo3N6iTSoMRRZFRc9kja,197.02,8647000,8.647,2022-09-08,0
2022-09,59eba972e3fba2e987af0254ab60824ae10e5e1457ec861b6ee624a762b3e825,TM1zzNDZD2DPASbKcgdVoTYhfmYgtfwx9R,TQzJWM1xDYzQyfAEG9UBhyfBxA3MDe5ftA,10.0,0,0.0,2022-09-08,0
2022-09,d80cc91f8cc2091e0fc7fb9ca47a1e07b3dff8bbcb823008d908e99d7b5d0d1e,TAxkCfKGYBsJmU3sHuKwHichM14bbp3GfA,TXmKBYcZyB9uvHcT3YkuYV3HKgW96HrWJb,71.676056,4102000,4.102,2022-09-08,0
2022-09,a8f05ea0da3fc7e211dc7d76555531d4194e8a7cff8ed852affcc30375f1f2c6,TM1zzNDZD2DPASbKcgdVoTYhfmYgtfwx9R,TPD1V3zDNorkfzgni1opoyKQHNMDuARLwH,8800.0,0,0.0,2022-09-08,0
2022-09,db14e4cd4590460a12f029a0668fc6bfad3dc9789c89ce1e8d9d27b66ef2d87a,TWPS5CZbz6GS67B5A7Zk9RMo15NvvVzPY5,THsY2UnfsNi4rAYJrhCc3uJudB7qKeuF8X,24828.0,4447000,4.447,2022-09-08,0
2022-09,d236fc662f2466f4ba1ef196777fa210e41be5919f4faed1904e325269f38be8,TRxaA7EiRfh6Lz6RNj11or9s4Q6RBZjy4G,TEEKjFaQXrfR8TDnRpHUpGuEZ6r9uKAJGi,71.77,4447000,4.447,2022-09-08,0
2022-09,132ea3dc4119b0bb71957111bb509b2e561fdca5d9c2653392ab3047920b93ac,TNW8hzGHJrxGH3WpvTz1Pd3DQyqc9pFrL2,TKjVDuNcxZKzBJw4gPzJN3qeMiixF1aBDf,151.0,3334840,3.33484,2022-09-08,0
2022-10,170cde83948ce51c8507e37cdb3f2e6a75154c5d74c3d27700777e447ae4b951,TJtf2PvZ6D37qHfweqyWuzD3DgM1BXQE6n,TNUFsq2im1fH9n5ygExPc9VvxYXbgtmJpv,8.0,83760360,83.76036,2022-10-07,0
2022-10,23c9eb352eb0d127cd2a55c64732c7901a19f1618ae1aac3d7c85a0b7aad4534,TCb1jjfKYZkNWqNn2XYSDmYHCroWSQ8MJg,TJtf2PvZ6D37qHfweqyWuzD3DgM1BXQE6n,74.8,85172120,85.17212,2022-10-07,0
2022-10,1aae3c2ee5a9455e1ec615491b591042c5c75142c9d22869ad358929a8f18db4,TRQWRkSy95eB9RjJSKGTYnmzTvtoNBfUtZ,TXEdCk63JTuYhhU1WcWCP32PEBRQhBTujX,54.39,4102000,4.102,2022-10-07,0
2022-10,3d3def90cc604dcf60ab1ae700cff60107b18bbccf8bebd68664fbc6c5dd84f3,TYASr5UV6HEcXatwdFQfmLVUqQQQMUxHLS,TJSiL7129rysnMecMrkBsGpEyGTmmYQaeD,101.86,4447000,4.447,2022-10-07,0
2022-10,e6bc3cdaa1bbbfaf4bd8c5ffad8e3bdce748829d91ea0bac88391dfcdcc36c3a,TRz6BJACZuURrcsPeQ7DDhHF2Bp43ehLBM,TLpYKanB2pWA5M9gaipjE62QVJzxx7W9dk,322.566426,4447000,4.447,2022-10-07,0
2022-10,23c9eb352eb0d127cd2a55c64732c7901a19f1618ae1aac3d7c85a0b7aad4534,TCb1jjfKYZkNWqNn2XYSDmYHCroWSQ8MJg,TYz7Ze6552j7t5aRZQXUJQVNds8JYrLtdy,5.4,85172120,85.17212,2022-10-07,0
2022-10,23c9eb352eb0d127cd2a55c64732c7901a19f1618ae1aac3d7c85a0b7aad4534,TCb1jjfKYZkNWqNn2XYSDmYHCroWSQ8MJg,TH8NXiGpdwcW8BMZuy2C8zs5CMdYjjTADz,7.2,85172120,85.17212,2022-10-07,0
2022-10,14444662b562e8e1a420b37a5a9f7d47ea860ddc184f52d603caa7e491b49d06,TV6MuMXfmLbBqPZvBHdwFsDnQeVfnmiuSi,TBWT4VM4YxZBEAe3vySA1ARgYbTHMRXPuc,98.3,8647000,8.647,2022-10-07,0
2022-10,9b847340a810d6d8a39f778f7721f323449c8c8999e9783626188aac9ddcfcdf,TJDENsfBJs4RFETt1X1W8wMDc8M5XnJhCe,TDs9AyT3vpfB8Pi5fYUgR1wsKLR5BHRbST,50.0,4447000,4.447,2022-10-07,0
2022-10,c691263679c73a7c79ffcf3489f6aff85fc01d1eae8d84a87df3318b631659c7,TNXoiAJ3dct8Fjg4M9fkLFh9S2v9TXc32G,TSHgw8rRUSzPMMXdUPH1RcjBSdkqLqvJB1,25.9,4446720,4.44672,2022-10-07,0
2022-10,afcec44699ce299fee6eb81b57cbf74a4f45ee0fc6708c0d31a9e460acc429dd,TM1zzNDZD2DPASbKcgdVoTYhfmYgtfwx9R,TGhKKe4xkZXzv3wdy64Ph77KxXxgKnQkSZ,150.0,0,0.0,2022-10-07,0
2022-10,170cde83948ce51c8507e37cdb3f2e6a75154c5d74c3d27700777e447ae4b951,TJtf2PvZ6D37qHfweqyWuzD3DgM1BXQE6n,TTi6f1MR93Jpu3Xo2bfT8NPbC25oJtW8Vf,13.6,83760360,83.76036,2022-10-07,0
2022-10,ff874536b0d40b8cf032411195c8bcd46c6ab95bfe296951bcf17898bfdef04c,TSrfyUwsLEsqz35zeyTnFiuMpjUfKazmih,TKYUcXTMHhrtCuXZfousABbX7CRgk4pMVd,422.0,7550800,7.5508,2022-10-07,0
2022-10,4b8aea961145bda2196ced32f4ca9e15aaf4e7b4cf39316525e502a124d20abd,TYASr5UV6HEcXatwdFQfmLVUqQQQMUxHLS,TAnFScUgVYFRQSUcMTJ3ZuFPMqbHPVZJi3,11.1872,8647000,8.647,2022-10-07,0
2022-10,6765f6c3786ab1ce581574d62bf34bcf771591a858d5c9f6c0fdff338a6173ad,TCUPj9T8UZoWwAxfZrWmwrF6fgZA7dNKpu,TVpvofuEhG9M9CTNxs6UV9R5PTGBekmSeF,55.0,0,0.0,2022-10-07,0
2022-10,4d80aa2b09e4c248d5082d73403026841de0bfc77d8b92f5831eba17bbac5af7,TM1zzNDZD2DPASbKcgdVoTYhfmYgtfwx9R,TNgd5x8CqW71K7E1iWLYuY75n83sBULuWr,28.5307,0,0.0,2022-10-07,0
2022-10,de50400554389fdc8ec22f93d2a8e1a51e73a854d9b58b7901a30b3f6ce4642a,TWoThkVx2TRSZZ4LL6MfQfGtJ7in4ohyAh,TTi65WiRNtVEP9B7M6WUtJffN74qhStW92,50.0,8302000,8.302,2022-10-07,0
2022-10,1a3144c8ffec0187c3f48a634ef4fe4daa2aced0589c5f8495858bd586f05a9f,TLED7chdphEnvP7UPd3tB5nTQseAYAU7Gh,TKzUMrbqeTJy95MWvQyy42UZEuTXTJDUq3,34.05,4102000,4.102,2022-10-08,0
2022-10,2328a2bcca8284bf7d66f32eeb9ddf05f8dfdd6889dd1fd6fd96eadaff5f3fe5,TNaRAoLUyYEV2uF7GUrzSjRQTU8v5ZJ5VR,TLUjJSQV5rgpCb1vf5RUWVxd3D7fZDesQD,20.0,4447000,4.447,2022-10-08,0
2022-10,fdd594519b54efed913e27a99fb75bb8fb19265d0f6a80279ec5fddfc9ff24c9,TGArhYy9vzePMAmVYaypFKYFprRKT1iwMB,TSDTdE9GuLptr3KBcQFnuXse6awDBZVSEE,0.001,3005800,3.0058,2022-10-08,0
2022-11,ed450b742102aa8b1f61d824399e2a1a66aa7d9df93c60e0f8a140a56cf5e319,TQrY8tryqsYVCYS3MFbtffiPp2ccyn4STm,TELU3UKJTfiDWAgyUiYyarfNwTMoZCZeSK,102.489683,4447000,4.447,2022-11-07,0
2022-11,bb3ecb4c25ce9d37cf6d6401cb83b9340381bbaa025e8d2f486de54113089e43,TCb1jjfKYZkNWqNn2XYSDmYHCroWSQ8MJg,TSeKUcb2KAjNTWK692Yx9aGVKZfvbfu3MZ,20.0,81629280,81.62928,2022-11-07,0
2022-11,38fec9c6bb09780a3d46a9574c701992efb47232c7ba4bfa76eba0d78264bd1d,THvdjHo4s3WTDWnDPQsCujpbbtyN5Pf7B2,TV5bfSkQdE46rDxJH29eEWVDxudEYA2g82,51.0,4102000,4.102,2022-11-07,0
2022-11,901805f64961d587077b8ff76dabc0e8d052e7dc30090acdb449e01222ba0f94,TYASr5UV6HEcXatwdFQfmLVUqQQQMUxHLS,TDSRtB1Kox1tmxMepf4FVf3fP5Q9YNd76D,1798.490911,4447000,4.447,2022-11-07,0
2022-11,bb3ecb4c25ce9d37cf6d6401cb83b9340381bbaa025e8d2f486de54113089e43,TCb1jjfKYZkNWqNn2XYSDmYHCroWSQ8MJg,TYz7Ze6552j7t5aRZQXUJQVNds8JYrLtdy,5.4,81629280,81.62928,2022-11-07,0
2022-11,a01db66d11459a00f75866490300e78d96e5c2867e520a9b15be60c0bd8a1a28,TJDENsfBJs4RFETt1X1W8wMDc8M5XnJhCe,TKCmiopF8QaSgUN8BvVW99Uw14TFrtvkwk,40.859,4447000,4.447,2022-11-07,0
2022-11,bb3ecb4c25ce9d37cf6d6401cb83b9340381bbaa025e8d2f486de54113089e43,TCb1jjfKYZkNWqNn2XYSDmYHCroWSQ8MJg,TPGraFHWoKJx7Qmbp1MpXwoxQWE9fB4mnn,280.0,81629280,81.62928,2022-11-07,0
2022-11,420c4833133bad7eb863ffc42d3a0bfef182fb4c4f391820f9ac885b2d604ac6,TTLcWgqie6x2o57stCFRbPuMC5uxconAck,THGstWYkL3hNF7hAAraGxJrQAYKUDthWqm,1300.0,4102000,4.102,2022-11-07,0
2022-11,023e65f98f71be1ee2dc2a4c9e8fca4a0e33172d5a6a6cc7ddae92ab30ef6230,TNXoiAJ3dct8Fjg4M9fkLFh9S2v9TXc32G,TMUwVnXbWWTK2swvG71JsFHgfA2auktDLc,200.2,8646440,8.64644,2022-11-07,0
2022-11,07bd0084d7aa1d2b522cda818d92b147c75a9504f53b07f5956386e7cd6c068b,TV6MuMXfmLbBqPZvBHdwFsDnQeVfnmiuSi,TXWoDEXt4zYeTth9c6ZhibpfdY43tuhfGP,140.2,8646720,8.64672,2022-11-07,0
2022-11,0f595cfb90ef96f5f23e56a2ebe416dadde3f25e6b70bf3792e5bf2e9976db22,TJbHp48Shg4tTD5x6fKkU7PodggL5mjcJP,TKzU5ihrU6n7TYFvX7eNdMKir7rJCkgrw6,140.5,0,0.0,2022-11-08,0
2022-11,1ebf909c5a748631e50feb8cb1701fba983bfcae663e6b8d315de897c385b636,TJbHp48Shg4tTD5x6fKkU7PodggL5mjcJP,TYjob9QuZ6bh1wbaioeZxq6eTKP9LyEd2G,1799.19,0,0.0,2022-11-08,0
2022-11,17f86b2ab535cd2d5ab51354a60d123e10f97b39a209a2887d500c775e594ef7,TFcRbxgMSguhmMcYZjAjEvMzN95RsDyYp4,TJtppHmsW6QwB4EASKacoyanzBEgH8zptp,903.62,4447000,4.447,2022-11-08,0
2022-11,53f4d74786413e8c0d10ef248688fe21234a349643c2ac387d06440c0dff8eca,TVimtoLv4tpY5qe4aX4nqg7GcxCEo1pDQg,TNEYfsakCh1nwLjXXNifioh8tC3PFnpen8,0.001,4102000,4.102,2022-11-08,0
2022-11,33361134b05841147e1acfdbecbf3fc93e098790bd72b2454bc2b7909a32f83a,TB3okdhv2k32XZrTrgEexHngsUMCRURD31,TMYNmDbRRJ6gptR3djEr3UY9gxvBVcbiLP,0.01,378000,0.378,2022-11-08,0
2022-11,2d875b5be6812debef25622e9d057ad430dcd85032e7e3ca18162234d8760772,TQrY8tryqsYVCYS3MFbtffiPp2ccyn4STm,TA32VAHVhk2zXQk3bKjuk5wbSF57w7UXCU,124.517567,8647000,8.647,2022-11-08,0
2022-11,13dc5f9c9f3a9450c8f4eb8041d59100e9a436de0e81faedfc6958eabca4f3d2,TDVcDWXTBTZDTwNHKYMoDheEz7JE4qNUqs,TF4GfiV3RRewU2juVgkAath6C2UkTnXv7V,14.68,4447000,4.447,2022-11-08,0
2022-11,e58c45e01d23852e4576bf2928003f06818970d0b041102a027948870e8014b3,TNXoiAJ3dct8Fjg4M9fkLFh9S2v9TXc32G,TGn1jxmfAMWZuPChi7QnYrm53VToLRepq9,75.2,8646720,8.64672,2022-11-08,0
2022-11,1ea3484a6c95e7e1c60f8bf4b3146971f9973a06b62928b7682f3ca017c09cf7,TJbHp48Shg4tTD5x6fKkU7PodggL5mjcJP,TQ9FcSnucLhng2ynyPGLXjdY8swPNhSmcB,1068.76,0,0.0,2022-11-08,0
2022-11,62f24d21d158601d68cc59da1cd7d058de72274c99a3429ec01297656ae2232e,TJDENsfBJs4RFETt1X1W8wMDc8M5XnJhCe,TQFJvvg9mNHtEELsTeGaG3W1h2Ljq4sfhJ,20499.2,8647000,8.647,2022-11-08,0
2022-12,821374462f1ee1d101bb544f1105ead50ae71a6048e350f7768a9a7d5b23ad88,TPzdG4mTrZaH9wViHneJvgnDiFeVTLKGhU,TRSQN49TAE6yd3tS7bE33oP8Yvbcdqvs61,0.0,378000,0.378,2022-12-07,1
2022-12,02027d97dfe6b079dedd5627ae495db8945645ce0b2abe90f6e255d1628a561b,TKmmCmRSeb8B8Eh4Y5eQbTBzRWZfHHFwKH,TTrtinQ9FxNANTdfgnz2iHwHxpQixuskVh,0.0,378000,0.378,2022-12-07,1
2022-12,e9019979aede7d18cecbc6ee6fdee6d24327b8eafcf5431c51462e25dfef922b,TEvfrbW9vWN7XpCbAK5NAEgAFTNv4CPeKx,TCADQ1j5vnpMfbDDZdEaqeE889MBSXkP23,19.45,6497160,6.49716,2022-12-07,1
2022-12,c21dbc39613bbcb93ccdeb8675d2fa53967a31c1a11634f57a32a451454c6e6b,TBTwMBjbGVtxczJqxUeYQWHWWWWnaY2M6r,TEr7f5wdnsN9DYN4Ps9N7q4ZUDFZyFmDL8,3000.0,6153000,6.153,2022-12-07,1
2022-12,ca6ce6ae5976a0d08e90b7d3f71c25fe69832b81d54530d652bfa89556feff19,TSaRZDiBPD8Rd5vrvX8a4zgunHczM9mj8S,TJQAUu3REQrggpXuix2PSz2jWmcnap1W78,2.4,0,0.0,2022-12-07,1
2022-12,f399abc8b185887fdaddc1571b6de097ac7017e95121c108ff7574db94a26512,TMdDEHdxcm9pLL7NqzKRaDpYz9jowntnnt,TN3RFy2MrHP7xRjRd8wvR8UqzQ6DX9YhDs,0.0,378000,0.378,2022-12-07,1
2022-12,b249d43b03313568b460b8da56d667017847fd16c24048bd49930bc4ea25d9d7,TMrDM4ZYd22oEVtWg1uUjfw58fXia7jiaF,TDgrPjV1Y6FmFwbhbDpn9Q9FAG8KsM3AY5,0.0,378000,0.378,2022-12-07,1
2022-12,bd7048cd830bb1803d41eef96a8442c7deb0edee1d77da57a8ee3538cedf97c5,TMg6eDsbFgk5ehBBYXLykNGhf9uW4KDAwV,TC9MReUdanVZ7TL8wA2dmpAsBzrF4xC13V,0.0,378000,0.378,2022-12-07,1
2022-12,a6403a7c6c56f259ea53bf77d0920a02bc517369715c6747163a4a134c1bd780,TBG3JAVfY3iu47wCCWPQrEMGRG1zhoFWq4,TVVzzzQx5WBL4bqe2C86ESpY6vu4DWbAMS,2900.0,12798000,12.798,2022-12-07,1
2022-12,99e6e3230eb22c2cc099c60bf091a7b3c8effc0defad5c8fc75233d4909fb69e,TQH11BXJezg31z2A8wsaUBXP8t4MGw6P3M,TBJGTdQux2PW4z7Nn22asXYxRXLKdGYRPT,0.0,378000,0.378,2022-12-07,1
2022-12,901ece957c3469bcb1f06ed3143c03beba8f563ae6a75e6fc79f32668bfbb396,TEpHa4aMXhGSjvsKKfSqxAa8gg4YFDHPox,TEgyqTHDeRFuY5U5xEjtCStVsE9tfhUeqW,0.0,378000,0.378,2022-12-08,1
2022-12,9748bed8315722d30aa99fac6198ae68f74e9cf45339ecc61fcf8ae1c0c2d9cf,TVRQeRRmd2Ff9jtLJLYSddfn5UySUsTvFY,TW7YtAd8j83oR4Np97AX75TpMi9PgM6k6w,0.0,378000,0.378,2022-12-08,1
2022-12,fe2dc6db5bd73a7285fb976d75277cde01a9b823c258318c96127c57c90bbf89,TJjc3xUPH24GB3mALHVmb5HeFTWJUqPNXr,TEorZTZ5MHx8SrvsYs1R3Ds5WvY1pVoMSA,409.18,60002880,60.00288,2022-12-08,1
2022-12,ff1be230d5c43c5d50a1967fc3cca96139f9afc0c8ddcdf7d383777e5abe8065,TKuKUvcMvWi7rykQXG4DCSJx9gpr5Nomhh,TVqMG29KimvP4DNdfWKPDtvdorBMxJesSv,0.0,378000,0.378,2022-12-08,1
2022-12,c733b317b3e136fad5bd45c0165bb407830e9ee276647f7373d20f5c2e6d0ebf,TUC8F1wU3vq7eoL5DzyVAAbtYZ11WtqigP,TSBbVCnq7HW6GTBmj2NQdBnFQodLL95cEH,425.0,6498000,6.498,2022-12-08,1
2022-12,16edcfefc05e019910a4d620342c9481251c37d0094da20a751e2295e35608b2,TMp1QiMPtH8bY2wy88kkMBdFyimYAcbCXy,TYNxhZ9iiEqZk1yXgQuUA7C6jkPva69bbA,2888.0,12453000,12.453,2022-12-08,1
2022-12,fe2dc6db5bd73a7285fb976d75277cde01a9b823c258318c96127c57c90bbf89,TKqQ7zuL7yKp1NWuhGpoXTDiE3j2qiAbRE,TJjc3xUPH24GB3mALHVmb5HeFTWJUqPNXr,409.18,60002880,60.00288,2022-12-08,1
2022-12,c41145ac33786d813f6597947672509652572d199a69dc6bc1616098f22e4ea2,TDWTRbZx8BYdP2GMkXaCn83vXXWEfnvGVM,TTHrujYvtj2JxtX3qkZ24um9HnSQkkKfFo,150.0,12453000,12.453,2022-12-08,1
2022-12,03c6a0e394e963364ef5acd05c87203d97b253e3bbd4d2a8b0221b216145b86d,TUMwPhk8MUH6hVtKRCitC9KHf7L98Gv7kU,TGcGXszAbs5uvwDKVywz99UxHdHTYN2ZC9,0.0,8895600,8.8956,2022-12-08,1
2022-12,6523696eea852c58af934885ba841490dd879d111ad600a3b55e78e1d509da8f,TGaeuWtpdNFhLhpVYEAznUwQmsLw8uJyyM,TKjxGUxU4pfxF4TRFPKEBhPT6nkGJe3FnE,0.0,5081340,5.08134,2022-12-08,1
2023-01,382ba33aa7e06965836a43996e87844803e4bb3bbc8d048dc2510c07d8c8fbe4,TFyyub93inrfefqxDd5wpiLHZNJF8x8888,TDJYn3Ez4Y8xzpTnaJGTVojQPRBxgJpz1p,155.0,352000,0.352,2023-01-07,1
2023-01,499291818e27e8a5ed9826d4a909ecd162346d466a3db2da74ae04fd5e378f5e,TSDD7xoToWxAY6Ya1YNxoFg1yMT51a4K1x,TSP79v4iPuGS2rFX7pqsTBgZvNRFQjjjjj,2099.0,5181040,5.18104,2023-01-07,1
2023-01,20c1ac8ea4cfc187e86aa3b001693c9e341ccb03f2e9e4288e8a79dabf1b452b,TREqtMvy35Lo7ifRT4ScGxKppNNejktQdS,TLh3zA5WnSfkL7KDccXERBcdTg4VgrUPcs,0.0,378000,0.378,2023-01-07,1
2023-01,2eba15c37aca0a4e020f68665d69d49d3e5931feb76ef9a62558eed2801fa744,TTxcApbtU5g5cdbuZq9CHpJLZny8ajAB8v,TU4vEruvZwLLkSfV9bNw12EJTPvNr7Pvaa,118.368927,6153000,6.153,2023-01-07,1
2023-01,4944825eee72e89d6b43afa92b834bb11129ed4407b102e7ca435d0e827331ad,TQn9Y2khEsLJW1ChVWFMSMeRDow5KcbLSE,TXwJRRXkMzqXoXrSBtmVtrp7XzdFNguB7y,186.381033,20330100,20.3301,2023-01-07,1
2023-01,c0d8b77d3cb64efdd7390beb4e78af8363d9e3b1a8a1d1f3e8879148b50016ba,TT8gSCiyVWsEQ4YBX44HR3qijQUxqwCv7k,TPjBsZbbJ8pVxRzFstQG6be6TXaH4AhqtP,146.839,6153000,6.153,2023-01-07,1
2023-01,1653b965e7a216ba5d7c49186736c863a4726626836bfd6889b6300cf8eeb391,T9yssSMcwoSXkh4jVpXG8KPPzeAyA5WQk6,TVJKFFAA25DyYRuNwwG1pgymrdz596d5Nk,0.0818,345000,0.345,2023-01-07,1
2023-01,ea617dcfab5cfca433c0049b4f7db79d892a6d1ef5f1384c5da82c82973eb824,TQBR9ya6PnPZePB5jMKb1M6dNWNu7rEzSy,TNHidfg14ZhmfXhNvUsPJHCb1wwq41MEi8,500.0,6153000,6.153,2023-01-07,1
2023-01,0c8b1440d3c5d6d307ba4ed4698ccf9c1c8f15d39220c5ba19171e990f227230,TPgH4J89i9FNoV35L6zSCq5VrfMNGHtU26,TQy5KQuJWhHyCTN5NApKZzBiz2J1TkqntU,17.809,6498000,6.498,2023-01-07,1
2023-01,5b9c5c1e70c9aa35c468f4724ad28aca67b22f385ebe0c35232a124527287e3b,TQP1E5E667Wzwskhzf3e5d6muwDakbzoUb,TSz82MuLcW8vSGqPNPDWcM72Z2DqgY3KrN,0.0,378000,0.378,2023-01-07,1
2023-01,aabec4442a31eb7761bdd9894386c4ba274d4e7af09fe1e54e16061af485be26,TGS2Ms71582os8pB6uiUGqxZdexhTV3VR9,TYmXaDZxYhEvkqGReDCW1LrNom8B8sTMgK,100.0,0,0.0,2023-01-07,1
2023-01,ea21a8e4459e4cfd46fe1c64804e8f29a6b901f42c6f434422fa80178de0b42c,TKvoxhoCCgTsewTbGti2BrdnzphBdKRbkq,TFRBDZHogDDpgkx9rGM7QhvGLQNsuVAAAA,1843.0,6498000,6.498,2023-01-07,1
2023-01,3742e75a469bf14688b433fa29efa5ab5c7ce47afec4651f7b9ab8c6d7548bfe,TKsM6ScWTtkcT46Zc2ZvrgYDK598dYNV4i,TNCkuKGZWhAFiaVfqaSswPLRY23pKMz89K,0.0,0,0.0,2023-01-07,1
2023-01,c8de7c393e64fd238c643524019bf83497b8507b3ed7056dd9d801d66ef056a1,TSQkxmHUs1Vbm2w2XocTpDVmMPVBHsb5XT,TBF3hiu8Bq3F85bYuz4UgaJSpq3XDGLVLL,0.0,378000,0.378,2023-01-07,1
2023-01,260287444d0c4e0f2a4ecc33291f0625f50fadbd3bdaf4356c6fd6733dbc2bb5,TCA1HVcGcZuykkNczfXBc2qW1WrLbgpsyG,TDEyLruEc8p9uzfhXDLTLTgUvMvzyvDj7Z,10.0,6153000,6.153,2023-01-08,1
2023-01,f4dac5320c03c46becf251e342e285e5835b31ce022d36247034655cd2a607de,TLmC7txEkFCdmNj9n5xNuMT1n6miJMatpV,TAm937jKKHTgJ8qsBuW8CwSRL9shLRQ7yn,18.8,0,0.0,2023-01-08,1
2023-01,c60126e81d7e41528a2699f1469eb6f74249a2361728ad6134a34154df75911b,TFyyub93inrfefqxDd5wpiLHZNJF8x8888,TJChL2rmoo8ATYbVaD5fFaSkcTgcpFLMTZ,81.0,352000,0.352,2023-01-08,1
2023-01,3bcb94045f2891b8ba5e59042880cf6cd597c79160d1a467bfc99b5e4fe03c7b,TPboH9ovWZ7XrgPzNj5oos9p7XqbvHa3Ka,TKSpgwnJGcE3d1fja73HCCQhUD1NTEnDtx,1e-06,6153000,6.153,2023-01-08,1
2023-01,65db9cb1a2312c76a5ad8717cf203720a421bd8b55c545e6a0cbf7301ac8de00,TN91a6ndo3qHkyeAajDJopDTsM9UmH5nUU,TTWsUsM7Xb6MTreHEKNU8R7LeVvacaEiWY,0.002,0,0.0,2023-01-08,1
2023-01,3e1e046e0fe4f2d7f18972963d911727b63fb821a57cf9e4a687dfc4830e56ab,TE4t36LR5UFdtaaN4FzxrRhxPJ9g5nD5cb,TVQg1RTjxoXTFW3s8xa2ktcCPg344JNmQQ,127.3,12798000,12.798,2023-01-08,1
2023-02,6a1b11851a9046db4f4b3618c3e510a12049d7034963493b658c2dd67266f28a,TEqhwpZibDefgBmfXER6biuL4jEuhE5u5G,THnyLfkJyzGU6iddUrFHaRpbKvwHQKGHkQ,0.0,378000,0.378,2023-02-07,1
2023-02,9b8dfc9460879e74850b670f4d554cbd7692c7b559417a5f8e6b89be0d96c414,TCpFbroR4ryXe9kZSG2FPKdi4oDdS1YB6v,TKAbXe79wuMCjeFe8wMESfnoYteHyPR6k6,11.00007,13395900,13.3959,2023-02-07,1
2023-02,913686d1ae64846d44c417bd51de41fa0da5db0fd57a8bd57b880f94cfb45311,TTgbhHXUuHHV7a6pLwAV2mMJ3PpbM7Ruqz,TLvz3mDQVYTEPJG9PZtjExrzFRScejMk9T,129.196663,27255900,27.2559,2023-02-07,1
2023-02,d2d2721a606cea94db8470b40a31087a6794d32497d904d2a557cd622493bb58,TPV3XxdHNLTHFdfMNJkUkxYos8iioHLaT8,TYTWrS2QHMvjYZNWw6AaSReFxHiz8cz3Ge,4203.0,13395900,13.3959,2023-02-07,1
2023-02,d3697b6fc0c539ebaae9ffd03b7626ac5c4577bed014d2f56262a532c674c948,TLE1jdVcRzQ31Aqp2Z575NhvVJXFBeEXTW,TB8AhAH2NdvcbAW2cjJVCMvZwBkKYgXaib,38.0,27255900,27.2559,2023-02-07,1
2023-02,2095d8c1fe50535b203c07ab4a97aa3a546f4d24b64ad654c42b699186529f26,TC3xfByfvNQhHoEnsMHuJBZpdYvwRmbDYA,TDfsYmWoquBdPUTjTsTqztjJkUxZ1ZmKKR,37.0,12430920,12.43092,2023-02-07,1
2023-02,754e16d200271c4e139d7cc6e4a8302112486b73f9521005365ed5297da90ee7,TGeki1i3arvHU1Awsv8FwGXYBaVPV6buEY,TXasD1AGVJH6BPUpVCbpXCQmh2KTwoBP9V,1808.0,0,0.0,2023-02-07,1
2023-02,ced727a7109f0da06f158b873a4aff203d2b028fa84b27605f1738a05e7cde2f,TW7gGvYA4hVRHqTkJENXimR7Hzh3efqCA6,TBq8bC5u5irnpadQP18quoKaTH1HUALpt4,0.0,378000,0.378,2023-02-07,1
2023-02,14fdf71972a2edaecd30711b520c9f5fe5075bcb19ec81fc8d69488cd76e5dcd,TSkF2TvmptCf6LRmACi51gLzpnYbCCCccC,TRVretT4yQvLSbSvHjXSw2pWvsrTSjg6ev,0.2,345000,0.345,2023-02-07,1
2023-02,23afe3ab5fcff154232bfecef207183d537b25c1f3682416b92358d15ce8dc41,TC3xfByfvNQhHoEnsMHuJBZpdYvwRmbDYA,TM7WFJqk5p1mdiRFfW7dPQ45Y7VNpSVpap,156.7,13740900,13.7409,2023-02-08,1
2023-02,18a8bf986b0e465e057544261a14663210385d60e1c6c2c7cd8c8241fd8be516,TNXoiAJ3dct8Fjg4M9fkLFh9S2v9TXc32G,TGi6M1AJfQ6txidK59QwHgXt25bNAEvFSG,236.9,27600900,27.6009,2023-02-08,1
2023-02,693aa67a75c4136488ddfd5016c3e5422927e87ea71a052be7e9722c3042c5c5,TTgZJfgf6E63Wb8Wdkcg4qM8nZQGKSuFr6,TFj3SXtjzXjR4ZXCN6SCxYPeGFzDwD5SNU,0.2,345000,0.345,2023-02-08,1
2023-02,79a9e237b585ddf2322d68117a6a076717904d9d93dd7416d5548dc7405f850b,TDh65TCRFVVk7hu8TQR1TpZJkNn4sgqpAa,TVo8CTKo5XQre6JbpPv6HuRr7ycyg4frM4,0.003,345000,0.345,2023-02-08,1
2023-02,42206df81aaf9eb474c0f22155e83f3430e9429d3778d7888f31d92667bc0482,TJDENsfBJs4RFETt1X1W8wMDc8M5XnJhCe,TLMxhGh9FTWh1A7Sczf4u7Bi8wRc7HZkci,32.0,13740900,13.7409,2023-02-08,1
2023-02,d99b789b74f945dff158235ca7193200c393c425554bda6c85b7c3133d3dfb31,TUM9VjW916zexs2eUM4HqU3B79zzvG4444,TRCFW9PZhzuVbqyQ6oHS9BrSeUcMRohNsQ,0.2,345000,0.345,2023-02-08,1
2023-02,a804c33f3bf55bc493b57e52935ec36f6b7c59f402f34cfcfc91b7a80adcc933,TV6MuMXfmLbBqPZvBHdwFsDnQeVfnmiuSi,TL5hWFCSMPsuWERhJkGrDeHNdehyDpgWsd,19.99832,13740480,13.74048,2023-02-08,1
2023-02,fa45b44a891c3e4085bf10867f2535e78f01c8a8f5f766de294d2422572e4b83,TCz47XgC9TjCeF4UzfB6qZbM9LTF9s1tG7,THgfNAFYC3xtLQPq5GkDs7cqhALxPW1AVD,500.0,0,0.0,2023-02-08,1
2023-02,7a7f3e53ad469c6569c8751787c875ee565a5790e9415772c8fd556980a2f965,TYhcfPvgQHivUZPugoSusHUKzQd6Evo2Fg,TBKi678YndPuNVKcKUJVR4ikgcwLiSFrPq,2521.64,0,0.0,2023-02-08,1
2023-02,a8414f1d4816a8381ccf7879b252df9b2cabd71228401b27595c034b219eaf30,TV8BeekqQ9KWJVYWSBH6HgTSSeKGnPkjki,TGDxjH71i33qpbTsV5b6Nq39rhddwfTRCV,0.001043,0,0.0,2023-02-08,1
2023-02,10aea7e619518ed75aa0ee4d55683ce79a504b3367b5352dcfaa28cd3ef613fd,TTvRVzvbRxhGMGijdfB8G8cTtucG5oMHnm,TJfCrC9YrR7cgDSPp33GYJkmGkrTSuFPYm,101.0,13740900,13.7409,2023-02-08,1
2023-03,1264dcdac5be09876b07018d5fcf156272a416378b7ec316af816d140f99e76d,TD9FxMaKVGCdd8Us316T88FAAxgaV2fYvu,THsQTnhQ7i3BcPz6pKaWDthQAN6giyLWwe,13.2017,13395900,13.3959,2023-03-08,1
2023-03,161e3e031748662a4720b8a32d94ecc9e75b2783124e3504af98e9bba230945a,TNnzUpcvWSK3DzrmQGXv5pW4N8582e1c2A,THsQTnhQ7i3BcPz6pKaWDthQAN6giyLWwe,10.59835,13395900,13.3959,2023-03-08,1
2023-03,77d37797c575ac9ebd2b87d2aeab3e80b01d7866990ccb98eae50cfb9adbd83e,TBoCUzYCoqDvT1pwYmrBh83VnnxifqpmJ6,THsQTnhQ7i3BcPz6pKaWDthQAN6giyLWwe,99.0,13395900,13.3959,2023-03-08,1
2023-03,ad5bbb5385142cd972cde7d9d5ca6c042e4f44768d2eb7e236b678f0073c8427,TGR7TvircBy7UZfnvszoKPsBcBsCJugN4j,THsQTnhQ7i3BcPz6pKaWDthQAN6giyLWwe,40.0,13395900,13.3959,2023-03-08,1
2023-03,f89cdcb2f84bb79c48ec87fc0ae1dbf900c7e0bdd3cba53da581a88c8b89c4e7,TLDX1hD6iLZF7vf9VvizJjA5aPSLipQ5xr,THsQTnhQ7i3BcPz6pKaWDthQAN6giyLWwe,85.994628,13395900,13.3959,2023-03-08,1
2023-03,7db8860eb0f742e3fcae3975990e16aacce8ce3caecb54eedf2b421896fe2894,TKYvTyNu8CuX3jt1VKidBUYTS1jfgu5w3h,THsQTnhQ7i3BcPz6pKaWDthQAN6giyLWwe,13.03,13395900,13.3959,2023-03-08,1
2023-03,b895965828633f23904434c76c5b8b9870fd1c3169ceb52cd252afc83eaa5a2c,TBaukwFpaJ9hrrV9fgyXZ4dVstd284yqoj,TFANUzYPEZqYjo6UrHrXTHBVNFDvLqhur7,0.0,378000,0.378,2023-03-08,1
2023-03,a60b8765e1a9f3d40cc5b476826a0119af00692ecd7b6563a5e11e770a434d66,TBheejKHNatoAXStHE2kAxHMFDaGcAveEM,THsQTnhQ7i3BcPz6pKaWDthQAN6giyLWwe,10.0,13395900,13.3959,2023-03-08,1
2023-03,fc302b0ab538cf163437b96fa438efcccc34ad0c38a666606720a729a33dd9ce,TQaRmnqB31avxpwK6Yuvroua8DVtxJLWjU,THsQTnhQ7i3BcPz6pKaWDthQAN6giyLWwe,99.082469,13395900,13.3959,2023-03-08,1
2023-03,2c00a6de4aa4338347b89cbea995a7636ef053ba665851e7893af98eb6c4962e,TMq8zMmaj3e7mWELhLS74br4KcycpiYfhQ,THsQTnhQ7i3BcPz6pKaWDthQAN6giyLWwe,13.218598,13395900,13.3959,2023-03-08,1
2023-03,dd2aeabb3696b8f49993cff5ea46cb803cd779d11ca2e1add18187abaa514cb6,TNXoiAJ3dct8Fjg4M9fkLFh9S2v9TXc32G,TLzsGs6jJ7u6tUiiunTi1y2dxHVvm7B8Fc,99.0,0,0.0,2023-03-08,1
2023-03,646e8b069f4cda0cda40a6312798e6cf2364697c2f69640ab9008ac09707fc23,TQrY8tryqsYVCYS3MFbtffiPp2ccyn4STm,TUEkparukQdYi2Nu5hmgPzfvrmVVMFS9jR,143.0,0,0.0,2023-03-08,1
2023-03,fcd41b3e4f04164ab085ad1bb86dea8a4c81aaccb9137c42c0c8c60ffed88072,TNfgcotaeEVQxCV4XuSptZM3Pcd73Mb9fJ,THsQTnhQ7i3BcPz6pKaWDthQAN6giyLWwe,14.0,13395900,13.3959,2023-03-08,1
2023-03,2d11aedb98f0e066ba94ab13cac89694a8351a83c117c71f6a31532c76d60d5d,TZDGju4ZT3taMedhsuLU4DphdiUtLFKjZN,THsQTnhQ7i3BcPz6pKaWDthQAN6giyLWwe,305.042392,13395900,13.3959,2023-03-08,1
2023-03,183da5944307fd9ef59891a2b898aa256d9b21354c2824869bf6495c38b71cb7,THBH1uuvgvD11pwsiCczUZpV4ioTUvUBAj,THsQTnhQ7i3BcPz6pKaWDthQAN6giyLWwe,100.9459,13395900,13.3959,2023-03-08,1
2023-03,9beda865861562faa66e0c89d3f77e0df8c11cd3151ff544b1c5283e2ea8b8d3,TQUhoF3BdwFkzaWyfYduD65vfJSaxRVnNC,THsQTnhQ7i3BcPz6pKaWDthQAN6giyLWwe,144.74,13395900,13.3959,2023-03-08,1
2023-03,320dcad130fc308078396d36d3a4ccac4ed192001df42cd9a29d6ae6cdf480f5,THkZYBqpRbBkrAUXPQMG3YfZz1Se8oNi2m,THsQTnhQ7i3BcPz6pKaWDthQAN6giyLWwe,50.0,13395900,13.3959,2023-03-08,1
2023-03,d728e427be8a7040eb45af27d300721e26728ffddce6678207b73c4724bc587c,TV6MuMXfmLbBqPZvBHdwFsDnQeVfnmiuSi,TCpCdEmpZq5mXDmbuL7BWHCNRYF57Z4CDT,103.45,0,0.0,2023-03-08,1
2023-03,d5dcef967d3f2986a05fe7a9a4438f0e22d49a106b2153823b01c9df9043231d,TW14aVD84gyhrH8ZrpLSGMeiApAYZ92222,TTYLME7nE8QXY4dm1PQKE9uGPEPS4sda2b,1.001,345000,0.345,2023-03-08,1
2023-03,789bb16858298b6c1f94921e486747bbfaa47be9a5ede6f06d488e79aa3cad35,TD8shtFCeJxcUNbSXWVwqn8rFX1NDRaHGg,THsQTnhQ7i3BcPz6pKaWDthQAN6giyLWwe,917.0,13395900,13.3959,2023-03-08,1
2023-04,36b461d728161a8e629a772534ff4a8a6ee856400fdd16953a46e07998d0aed1,TDCfukiZSjFXM1ho44e6EY3GhhjkWBvr7p,TGzn8QCU5uxfqPKF1xyJ8KNidtGm1VbZHs,0.0,378000,0.378,2023-04-07,1
2023-04,6db0473a8fc07ff5614ddc857b7a798e6e174c9270487aca1806db155e58c0e5,TLQs2d5wcxHx2CTLsi9qKJkYxj7JSnhMbW,TMfUD1iPgW5iBRuYseqafpYvpEKUN9x5wu,60.0,13395900,13.3959,2023-04-07,1
2023-04,d9a67a52dbb09a24685a6f97b23d36b9bc5f624b1ddba3e90b1f73cf9d43e523,TUpHuDkiCCmwaTZBHZvQdwWzGNm5t8J2b9,TK7PkRxL77YVsj3LN39zSVaM8Qk5gLdAYZ,5.782511,0,0.0,2023-04-07,1
2023-04,0cfa039c1d9f6c59056306f33e8836f14aa7b9095eca8d748c83dc2c1cea66ee,TCZND8qVmGDvM7g7mxXKs1KXswjzqsPiev,TFceXV28xcNHZPnLUUaLD7JP94YP2Tu2KP,9.975,13740900,13.7409,2023-04-07,1
2023-04,d000aca625969499411fc640d3638164caa6ac6d1620e35ed6774e729bab9497,TV7TkDEsEZRuryzzkpwU4J65Cn2iaRgZiC,TCRj8dXXPy1ET1SvSvCCZDVfmkrsDJR39T,0.03,0,0.0,2023-04-07,1
2023-04,37877af7214bafcb9821cea8e8eed443eba7062818ff06234872fb0fca8cd0c9,TLsC92iM9ZgbGUiA9B6s4w73rQAJSa6cSx,TQFVcKMPxmK41mZdeQ9w8ctFZSkmXDE2Vc,135.74,13740900,13.7409,2023-04-07,1
2023-04,afad320c0cfb9b3b0106a761f6528b096fc18d42bf2953c874169d61352c2b90,TUpHuDkiCCmwaTZBHZvQdwWzGNm5t8J2b9,TGKRupiTsuqnr4PbVGK3jYSUZtujkSpXS4,59.22,0,0.0,2023-04-07,1
2023-04,6f78d368c05474c3ada8aefb0fcb15cd7ad31e8aa37e955384950702c3dcc2b3,TTiVLCYh1xb3YhHMgd6wDwUNVHqU2X7sw8,TWS1onJnNTg8tJHomceqxBxTsUB1DHh7PV,704.35,13395900,13.3959,2023-04-07,1
2023-04,4cd97ec70717c24916dbd0718be00d2dd3a413ebfa763c7914c4e6c9143a1789,TTTyqjFTzUDZgi5df2cEaG3DqUuDs63VTv,TFN1axcTCfTixJhKUbXk4vtMUB7aAAAAAA,20.0,13740900,13.7409,2023-04-07,1
2023-04,368fd7610b23c192e631e8f940377ecd8d728b3bce4fa3788a0a1f41159be8b8,TCZND8qVmGDvM7g7mxXKs1KXswjzqsPiev,TLMFsPmgC4uZBMPgWWWNvwCkzmJTRJwX9L,16.8245,13740900,13.7409,2023-04-08,1
2023-04,a7987f967910d250b0b072fd0c1907e3d02de686863353685ba397398f66fb02,TAzsQ9Gx8eqFNFSKbeXrbi45CuVPHzA8wr,TWqJhD2HSiyo7HM4FEmNVEU8fJmLiTptvt,98.872242,0,0.0,2023-04-08,1
2023-04,1c090e818cdf962a03b057284f4281e46af9ce6422b5e27faa06774653938861,TKirjV441c9YjdFAKZDmJvjGDSpeFA71Ws,TQfQWyX9PhqGvceSrEB2RZGUxjXrPq4kun,193.0,27600900,27.6009,2023-04-08,1
2023-04,aa9846641a4eecb5e3444f8679b4372c5692b044cbdd56b553a7792abce8447d,TM1zzNDZD2DPASbKcgdVoTYhfmYgtfwx9R,TVaFy3m2hTVYWCHdv2xLwsGb391HGkqHcL,2330.0,0,0.0,2023-04-08,1
2023-04,5a3b4242a8c9099a9b53876f7f801de66c8c73e118e2f379e833dec9bd24ca48,TV6MuMXfmLbBqPZvBHdwFsDnQeVfnmiuSi,TGEtRbzczca7HP6RXbj5AGVaXNziE7dyun,9.0,0,0.0,2023-04-08,1
2023-04,b94b098d50fe75a94cdb9b9c1a27605270d08e1475cbeaea276a09924951db4b,TM1zzNDZD2DPASbKcgdVoTYhfmYgtfwx9R,TAruDe6viJRGUYxfwdTKV4Dc2fL8dP3MRf,66.0,0,0.0,2023-04-08,1
2023-04,6885164853f43a0c3fc1c7f76866d7fed2dde3a334886099de697e930e42985c,TX5aijNzgNfcjUvd99wipyoDGu9VUKAfL4,TXfGfqHKuu2WFGyTeXb2CgAewU8QcDXuwm,32.67,13740900,13.7409,2023-04-08,1
2023-04,11e1f5145f2ef75e3f2d855db99f76b51fe296cd2822bed6c0f943f476e7ea99,TR7cJxiJupSSmMG4fJ3X9tnBy4oz3Ayjwr,TYdwVPMUsuhKYarR4i9auZtGYN7jiJrM7p,0.0,378000,0.378,2023-04-08,1
2023-04,9c3f7cd4dc1c937e7e0efc3fb90da808185a315a37550c8f8e170310c0364a56,TYASr5UV6HEcXatwdFQfmLVUqQQQMUxHLS,TMWJALC1nq9AqzSMNvfKzmb51BzRKZh7uh,351.49,0,0.0,2023-04-08,1
2023-04,5867e4caf33d8a6cc0b302546821167c4727e28c8760b15ded1fb45655ea8fd6,TNXoiAJ3dct8Fjg4M9fkLFh9S2v9TXc32G,TWDwUaQaa3wsegvMHzucTDyypeh8tWYktm,94.531716,0,0.0,2023-04-08,1
2023-04,d3244de4149978ac11641546c1e3933abcfbb5024cf84dcbc7c81273a9b86e45,TQrY8tryqsYVCYS3MFbtffiPp2ccyn4STm,TCZ6L5teUjskVUV29KgSYL7LXfa8gZpPvE,54.0,0,0.0,2023-04-08,1
2023-05,1ffc6e87689f7d7046a57af96f881bdf861c6a9550c3640f40d0ff9047f3b046,TAvB891YW5wBCU2DkB289Xc7NBKYRZgMzL,TJtRC4AdhpMRJ5nEA5XtGXV2fxPrdXYTME,0.0,0,0.0,2023-05-07,1
2023-05,5a6223aa10471897abfdb169ee9103956ab0c92f2e789c9e46d20c61e919c412,TYASr5UV6HEcXatwdFQfmLVUqQQQMUxHLS,TZ3q6o6g1DxA1LJgEaHUx3yD3WZzz4LBRQ,140.0,0,0.0,2023-05-07,1
2023-05,2f161d9271bf940c65605692892d148172abef939e3d9e5c0cd151dfca844b90,TV6MuMXfmLbBqPZvBHdwFsDnQeVfnmiuSi,TTuuhxW6TH2TrsPBQAZtTuDt4MyaqiE6SK,48.0,0,0.0,2023-05-07,1
2023-05,54b8a84f89fb9e5aad93af26a31ed010f5bd35851db6a21e8b2f3b535a5111f6,TQrY8tryqsYVCYS3MFbtffiPp2ccyn4STm,THoFtM9jxJJf5e1tMSr3jJCRBzBosPS28M,14.0,0,0.0,2023-05-07,1
2023-05,4233c7a6298feb4cb9479c61e8cd566c0fd259f70ca89bd28ed320c04ac0268f,TRTbMdiCkDHDRHuFonksJzegS8SuaPMRE8,TEmkWk29fcMx3G48hRqAEhRYy5ad4YvMXF,0.0,378000,0.378,2023-05-07,1
2023-05,d2b18c9c0b574b5721101c61c349a861b8e45a0a00d5e22992a5bc511edfe25b,TBB57MqhcMYnuBEhT4UrDoTSDwkYF5D8Kb,TEbbgNxgCLDFES3XiS2fdJMwdJWtLGYcCq,0.036858,0,0.0,2023-05-07,1
2023-05,72fe0227c6dd52c2cf481c95a053156f3b923673d79092b549acbcbf49b41752,TYHW77icgvFx6uRGmY88sZv9rs7NQq6s6K,TMDtmNSBxtnCRJXftbN5HnU97Fy9yLwKia,0.050001,345000,0.345,2023-05-07,1
2023-05,820ba9e275b252bb4875117b7049509b33f64aebff664ca8c2a39ca6942a8c8c,TFWLFXA45UiupZ8Hv5JF1nXE925zzEQryQ,TLUUXR7WKrog9MGdNrwRKbN9GsoxdqpFN9,2014.92,27255900,27.2559,2023-05-07,1
2023-05,f108d6f749e695a16c83bc121103da599f6cfebec1f8812050dee3ca8e1df318,TMhp2m5ThR5jYkjNMmgLHXAgHYgtjPj3nq,TUz5DtCkQkVBKj6eJ9rhgyXV1D27HobZM9,0.0,378000,0.378,2023-05-07,1
2023-05,b63d73481c1cf24cb62edeecfea0ff9df76a8e77066d9b55d06b2512314c6426,THEYiMbzJUEb2QVdK9FFECjCTNfjWNLcUA,TW67GTj4MLCXBChQu1KzM7Rw7dbAkp1VhU,115.0,13395900,13.3959,2023-05-07,1
2023-05,87fb7d560c8cef99fd23947703121334f3aa0f2230b79a0a88fe0ce61d637729,TSsAAyA3CNs1qmAbwdnWoFSuD2duTbbdL4,TM1zzNDZD2DPASbKcgdVoTYhfmYgtfwx9R,1235.0,13395900,13.3959,2023-05-08,1
2023-05,e0484c4f0cb6d751ac15df2d278e38891e77c497ea436f51ee7a44900bd9d9dd,TJCJ3jGF6MCVNdWLHZKetLhRHE2LDDUVvm,TXWtw3tprZmgjReL9TbZJbp5qFtwShj4AQ,1390.0,13395900,13.3959,2023-05-08,1
2023-05,68b587fc98409c37ce4cca6a72ea93b7961099e7199c297fd5e1fec13d82622a,TUpHuDkiCCmwaTZBHZvQdwWzGNm5t8J2b9,TNS8zykk2VsduFEcF2FHAoZdPwpoXcFm6o,13.28728,0,0.0,2023-05-08,1
2023-05,fffe27fed23806edb0f0559a46b18b15a96b47ed8e1d9fc70c00cec68249956a,TPSNFpmVoBpCznCYxKMCFNQmVpuCQEX5zV,TYynAKgxVLAVEUAZjrsvPrA69UjeWSm8Zt,0.00143,0,0.0,2023-05-08,1
2023-05,c3b186a1d774016801f1464741633696c9e43ac8404afa080c32106de598d6ca,TMnEnxWCJCsDYvVc8vyqy5MMYVB6Hvfqdt,TUz5DVNk16pHav1sBxPp8eU58JtBHobZM9,100.0,13395900,13.3959,2023-05-08,1
2023-05,019990c1d93e35420dd599778239d3451469c65b920b0bab2a1b12fc12d50052,TRBiYRTo97yTr5ehfsjmQiFwwgFw43xBU4,TJou4khvd4otPUUBrxGTQHQ1kESf6fz2rq,0.003022,0,0.0,2023-05-08,1
2023-05,9a6418a762d5584024469cdf78838fe3bc864f3cf75bd93a2661b629cf46025d,TZCKvANAKxcy3HpzgevevCNMrYd8p16Lc8,TTyYG2eNViqUG6Ca2sRAtFA9cqCst2VB6P,10000.0,13740900,13.7409,2023-05-08,1
2023-05,dc221c0f8d7d854d14776f4b0c795b6964db39bfae8f86b6638aae42fcbddd0b,TZDSbKHtAF7UJPZmTgbx7EvFCpgKHX295g,TB7pq4GKm3SKnwP4y92tpgWRPDgdyth8Aa,51.771262,0,0.0,2023-05-08,1
2023-05,a626d9ecffb5d0751c21273d5c1d25f624f59515bf4c7069f6aa32f61d82f6b2,TUpHuDkiCCmwaTZBHZvQdwWzGNm5t8J2b9,TNEU4vfr43vYPRtgqWrLh1XTAdWrLEwMya,183.917472,0,0.0,2023-05-08,1
2023-05,579a1eec24b5b151784b581b3345cbed35e23ded7bb901e0f00f544d4ec9abb1,TNaRAoLUyYEV2uF7GUrzSjRQTU8v5ZJ5VR,TKVTf9h8tfusAzg2XJydk6mpRKW98W9zs6,7.0,0,0.0,2023-05-08,1
2023-06,2a55285b94bfb8e666158e9b8ca23b2991d9d331815009ba227a0b18d220a11e,TFab5ytrdFUzkyHjaPcXMgybtMQt6tqrDd,TWmF273YnJptJc3N4rpu79grX2nMjXD4Df,1e-06,345000,0.345,2023-06-07,1
2023-06,5ce04a9f0e1f216356f54b0995af00b3b3c626923814e8950a3cdbd8629c9c63,TEVyG8nqpmYRkods1iYKP2wPTm4G2XZWin,TYzdE3eEFjxMPJNd3uWY3YiyMvxkKKsWYS,1e-06,345000,0.345,2023-06-07,1
2023-06,fffe1b83542f0415d155d1df16190a3dcf025334ac79aea5fe26160e6b133ca9,TR1CB7weiTw3pC8U62JDyjQ2614ucYtbj3,TJpgsHppXp5gLEChSwPJPzNrDgLja9FD7Q,1e-06,345000,0.345,2023-06-07,1
2023-06,1793946091c9156d78bb636a0549ac5afd4c82160da9ba66ea56cab7c6317ebe,TWGZbjofbTLY3UCjCV4yiLkRg89zLqwRgi,TRqnyykHpkJY211a4X1hMttAksEx2CYP7T,5.0,0,0.0,2023-06-07,1
2023-06,a5956106c6bb4f2e592dbeacc6c8ea74295035383dc4e8fea066be2bbfec1e2d,TZEMC5DUvNa37MuVEDa9jCTMnt6Ky27qqn,TJk3Cyc9cS4QKqjRriLAh1oJNLf1jsFLCx,1e-06,345000,0.345,2023-06-07,1
2023-06,27dc88336c9bc3670d2bfaff1d6fa05acac2b80c0d05583517419eaf3e08ef80,TTzP1Q8r9oSkd1AN1ezewTvNcjNiGi5Hbk,TVnBKLZz7RZKyTjiMHwohnJpbBUtk9TCxU,1e-06,345000,0.345,2023-06-07,1
2023-06,044b6df7101c8dd8a343fea2d71e664d6cfa8a359a7a9e09d6da15f4455f0afb,TR29TqM7JxDaddJLQy9QpubmQ2AAooB5sc,TPdEhhjY9t3jUTyzCeDWot9bucVGgAhppg,0.582,0,0.0,2023-06-07,1
2023-06,b39b55bcf00068415727c21e08a087961401dee0686448c1b1e5ae085dcfa1aa,TLfQyhXdB4kZKiMg9MDRbHAAa3EEKErTEg,TDgmVGhQs78XH127bzzXWXFGUdVutGoHkw,1e-06,345000,0.345,2023-06-07,1
2023-06,9defb1176023e38889fbced3de9f25264cc646e57e9a854e39086b539811837f,TLWWmEB2Z2FPA3iFi79QHC1x48uuaM9gSj,TJbA97MZN32pi5ATQNVwTLh45B5ESqVVVF,1e-06,345000,0.345,2023-06-07,1
2023-06,2e7833dd65e24ddc725ba1bc4d6e4cce32698120cdca05789a65db3a9c27036a,TLm1g8d8PV1oPnxRZsNQ7F7YutZ6whHrRa,TQ1HnyxuiyDy6FyMCyDAy2GxvjZsZXqBX2,0.0,378000,0.378,2023-06-08,1
2023-06,fcd76198c766b17e8419c5e5d60bae47eb9138b17e0be3df67125336ea12ba9a,TTrPHtpCfFANwoHnC8R9m2SWZVvHL8gDKD,TNqKNQtr6sFrN5JRHtiSykB8VJ56MgDQj9,5.96,27600900,27.6009,2023-06-08,1
2023-06,338eeac1c4be3948dcd033f4797ce54286a35719385eb6953f07fa4d070b25e2,TA4CZ9yubgxzp764jTbKf7RuxCk83AvWsL,TVNGmNnapvAgRsqxqnjm4qmaaCXSSvidmq,3998.000035,13395900,13.3959,2023-06-08,1
2023-06,aded07c237d0aca729f9c1c8ddd4ffab73ddae034b06ceffb431d745027093c5,TCxZp5CE1Aj4yXYYdwxtLVYoRd8cb3RxvH,TMaqvTNwhufPk3c6e88CqNKES1ChigUKXZ,3732.205556,27255900,27.2559,2023-06-08,1
2023-06,86f0ca23dda34d825a22d159e843dd449d0ac7a6c321fb529096362fa83f3fc0,TKwnMifo6wXSZW9nVUHSBQNXj9Ny4SKNhe,TBvtCkWJYNccsegp2B35h5bSG68C3mjUeJ,0.004,345000,0.345,2023-06-08,1
2023-06,72a6a2b5827e926e0b70f7a4405cb3cdf344206d43dc3c607cbb9240505acaa6,TNaRAoLUyYEV2uF7GUrzSjRQTU8v5ZJ5VR,TMzQRfiQz1DqGU5Q2djmnD4Aop3UpLKvXr,5.43,0,0.0,2023-06-08,1
2023-06,bbfa300bab6ca8c292b550df568fab6d5475f0e6d55f4642fbc39ead09cee946,TMFTCTFz8b99ZTVBAkjcjw9sjMJ1N2U9DJ,TS3ky6by4hNNWipn65jX6JG4Aq54EB4xiA,143.0,13395900,13.3959,2023-06-08,1
2023-06,48fdb6f2f22272b0eb72011bea4dfa75432f85df7e8f4adc5bd3e35680ea0412,TL3s7TGD3LNDSSUUGwQaaiBkCBwJwKNdbJ,TLtcU1tDgh5Awdtdqkvo4SkaEfCo2xwfNL,1e-06,345000,0.345,2023-06-08,1
2023-06,0f836f556cd6c67842a3c0d3ecb2829d2f6b9c4a95dfbbafdce11b041bda8b6c,TC4stSveXM82f5YXWdfyA8gpU5CAoT4dBE,TQJPFmgEC8McAHAcWmXrY43ByCeFZr1NzK,0.0,378000,0.378,2023-06-08,1
2023-06,5114941ae81fd0472d7318fe4d03be89ef03cf1f4b53a3e454aa1f35145854d5,TBg6CPp2eq3NbHkNuf6DDzAKh9ak2jWapB,TAvRXYRMzWgn65D5DfVm2Qc6zKLjYjE3PG,1e-06,345000,0.345,2023-06-08,1
2023-06,8a640ca15285a735dc441efc8c5ed078cc3f940a3fcf63cf1a760ff63cf9f0e7,TDW1YxtpvyjENFe8t2d2rty3h21jZ3NbaG,TJoPYN6XtWAVKUx42ETMyg8LvRzmrA7qSC,1e-06,345000,0.345,2023-06-08,1
2023-07,3ff6818ef04ffccbd999b07d97e7f5e0097e4a6e821bfe2366123128dd59ca1f,TCZfXyYSMGTN5iNCrRvjnRXwiXAX5uNf9c,TUAgRRov1BehQtLzGDPNzaGgTWHDL7x31G,0.0,378000,0.378,2023-07-07,1
2023-07,6b1afe25feb990cba2e0c6e09b41e25db701ab6b090d0eea4d3782a1e98be3d4,TTgpg7CSgsb36H9beC2acn5m8BcLo6wwQg,TYseBDx9sG6cUJ7csBGngPdzhUXHnPS4nK,0.0,378000,0.378,2023-07-07,1
2023-07,91e9c2c1cd2854ee8ca48097304cc8338c83b2da132a16f139003a277497ac62,TThgNBHAovJeBrav9qcKQ3UBom5YpumfFH,TYYw9GeDB8e9FfkrTPPQ5RttSHHjfVVtLr,36.75,27600900,27.6009,2023-07-07,1
2023-07,517d2ee95bb2b03ae6f346fedd06404a66cab4aad3f6edb8a240d28564a24b57,TUo7K6hCtwdocMZup6kdWh1VhZYEgPj8W6,TXYWPNvkn3dGfs3FtXkQrt4BBr8wqe4YV9,887.98,13740900,13.7409,2023-07-07,1
2023-07,adb72ba5a4cd4232f213e27c9291d474bdc1368172f25e3c2fd6f1aeaa4f7f83,TYfZUN4NbunaVspcyF4sVPA1qSXMzQwnNU,TTYa4h21jodmCgtyVky7B1GPDSMogdkoTr,0.0,378000,0.378,2023-07-07,1
2023-07,c46139bcfee5aaa4ff4e96e03197127ec550d4c8f9a90e98532dd428fe246719,TThgNBHAovJeBrav9qcKQ3UBom5YpumfFH,TUrho2AFyEswTUedG8hXyrNDeUQNezUmu5,100.0,27600900,27.6009,2023-07-07,1
2023-07,e5af0d23539d73a5443c56978a4f5efae7bdd733af3d3dbbcb94036ac0ca8fbd,TUpHuDkiCCmwaTZBHZvQdwWzGNm5t8J2b9,TFoaDU5yPCskjohYKi7WnJ6N1v8FLRiZ1f,750.342037,0,0.0,2023-07-07,1
2023-07,e1564a3689b091f6528152823aa29afbb38c0d36aa952fd87d6d3ee3bdbbbc44,TZHacZ1XVy69LmZeJJm8gDswusG4H6X3Ka,TSJPqnBKYq4SgcYAFDPVoatRrrst9Wzmki,22.0,27594600,27.5946,2023-07-07,1
2023-07,0af6bdf43e40e906c91341936669bfe4f52a450e2ef6e0274dc5220901506214,TUpHuDkiCCmwaTZBHZvQdwWzGNm5t8J2b9,TL8UBPF5YXHFu2wDGZ4DdpuExMpYqinxop,4000.0,0,0.0,2023-07-07,1
2023-07,5b18f9f96ae8ba456dba4aeb430170d8c888b7360c0e013e5a391d19a2dcd778,TD6KxiMw1MJo7bEu6NUrQz812kEgmCrf2u,TAC5EJny3QFGwnVAMeF7Z3nQXGc41UMwXn,0.0,0,0.0,2023-07-07,1
2023-07,60522ec2c70f6ddef0468abdc8e8af05168408c1c00501e6d671e4b9c32ad1c4,THaUtFDnoj5NukFJxVNwbMtMQvwM3Mtjoe,TL3SFwZdLahr1B4p8XMyutwLBSM5Lk49Pz,10000.0,13740900,13.7409,2023-07-08,1
2023-07,48848bf57c953e0f910853d11b85f31cb862457a6ee3fae2d92bf5b0378a29d8,TAzsQ9Gx8eqFNFSKbeXrbi45CuVPHzA8wr,TCzfvY1n54vGK4HR4AQ83voawant3RLMrp,27.39,0,0.0,2023-07-08,1
2023-07,2b543a8913d993e4b710d5ee869a1b6d0fbabd54bb2fd9603659d8d896222359,TZBDFcepBwgYpEVhBFqmmGoDHDZhvFwoWr,TX66wFXZ7Tugpk5Y5FMK4ixgogBLrtVZTY,0.0,0,0.0,2023-07-08,1
2023-07,4f54537f67e156d4c10d433ea7ba60525ca41f9613c29c3dfaad68a33f512f4a,TG84T4g7ZT7AfKoYWrU4uUKqLGubxz4kGj,TAytXATuHbdBmyPJKHf71FT154ZDxUib1h,0.0,0,0.0,2023-07-08,1
2023-07,fc6c0c4fe22f2a6618231f5e516645a077bb2d5ca3301e3d36cf0f4684badda1,TRnUqEaqUs7ZJPaQGdZHpWY4XkTTYJ2rBt,TKXMygCnoF8reeNR9ZB2ckqJ3AaQbDiTjz,2698.0,27255900,27.2559,2023-07-08,1
2023-07,f8120de5f8b1497ab042cd8d51955eadc42c80a7bae8193fddc02a3eff5d3de4,TV6MuMXfmLbBqPZvBHdwFsDnQeVfnmiuSi,TLjAErszAwFpSPgJq1x82h67H3T8bhZy5M,681.0,0,0.0,2023-07-08,1
2023-07,a73f468a3ea7368c8a38d3bfefc53fc68825609a9c291e50d75e74a1e97612f3,TThgNBHAovJeBrav9qcKQ3UBom5YpumfFH,TQb4tDFQa7PxgJvmxbpFoDwgXfc3NHZkor,125.96,13740900,13.7409,2023-07-08,1
2023-07,6757578fe433ab282f76607b45772f2075c2293c74963ad38f9773c4857a8cd3,TYJvx5HmnVHV6VgbhMEdFpHJvrfj1dabnt,TCVpsat5Yu4XajWv6e2okhTvGH1QoSuAKw,0.0,0,0.0,2023-07-08,1
2023-07,dc07d607c195c616d85ba2287eeb01e04012606b2f1294434b14f09db0ac4dd7,TJbqBPDzQYmhsyBGGmSAYqRa9qprhfGy9X,TF78uGCcEW2KuQX7oZxQ7Eifx38RRsKng6,20.11,13395900,13.3959,2023-07-08,1
2023-07,785d808c9a5c4289f56c2402d6231f6a16c463d1ca5f7df986acabd7d7cfaec5,TXMaY23mMzKhxCV5DoCbWyZJ264sx1m2aZ,TBRGCPYcb1etW5nsKg2wuAFpNaxvCaK2VH,1010.0,13395900,13.3959,2023-07-08,1
2023-08,03e851481c0826e6259015b0c3c8671812d825df65149a5943ebf1992ed7f54b,TBp8L3PeGb2uiqsJ4E7MqmNto16sEJY6Nz,TRfxqUPux3T63naFcQrgdB44Z7aTZpwKqU,5000.0,27601900,27.6019,2023-08-07,1
2023-08,555b4a421227594efc751f4f3cd167ded44b5ad9b05bebc3faef5dd8a5b6a1e3,TX5yQ2xyWp4cyNAxJjutYbhJcyYwrMRHbk,TTH8AuwJANsDvPVTSFeaCgyRh7peFNQVRB,2000.0,13740900,13.7409,2023-08-07,1
2023-08,20214055b54040268b7b13e9a9c504c06f87b56fc3b46a8259dccc93b0a9d0d1,TQpzXnbuSUQxKKHCPv3p1WUoFbKgHHdpPr,TV6MuMXfmLbBqPZvBHdwFsDnQeVfnmiuSi,437.2866,13395900,13.3959,2023-08-07,1
2023-08,f6a2e4fcf7597da52f99283b268d76fb51150d33f430d521b5aad55112985600,TYASr5UV6HEcXatwdFQfmLVUqQQQMUxHLS,TXbJEAWbA1psw4kMN8swCmKZAqidK5hpeB,15.0,0,0.0,2023-08-07,1
2023-08,eb50e42aacfa457e8e2c35383fcf98c4541e819b96201bae35d83bb0524a34c0,TDy7Pptj2Nn2MhP12AGLiqyoW3nnjWERpo,TDX4WC6RVEWWRRniX3XXrRn45a15kNGLZn,0.090001,345000,0.345,2023-08-07,1
2023-08,c684a200a5f23147e866318b87732bcc6ee6916fc9d25f3feacd1af60efb3edd,TSBqCYe7938GYaYcHqd3twBgis9Fgoh4v8,TBVHmSjuWwDYH6zuWLk5W5mxsyKzazJ4Bj,500.0,13395900,13.3959,2023-08-07,1
2023-08,069519028055ba460b51a830c43bea459b0263fd3d001cac43c387b7394e5658,TMDpju5Ten5PuEAJKdEJzGcBU1jTrhk4sy,TAXNsPtPyqqGBPYdkMcNj2c47jWfTVAXJR,0.001113,0,0.0,2023-08-07,1
2023-08,2c1380f79e80eb999cddfe4bd0b8879c7c5ba38f88e163aca4ecdf6948d76c2d,TT2oU6KVcg2uvWjnwn1t2ufCwegF3faYhU,TV6MuMXfmLbBqPZvBHdwFsDnQeVfnmiuSi,437.288,13395900,13.3959,2023-08-07,1
2023-08,fdf2a38ad7fce1dadc8706600023869a7425e9dc2f0e73384bd484cf4e9bff5f,TCz47XgC9TjCeF4UzfB6qZbM9LTF9s1tG7,TPBYHxabqgrUfuZ94pMuZqSUYsgQjUFrcz,20.0,0,0.0,2023-08-07,1
2023-08,deab54dbf29aa870bc69d81c2b9e074ed87fc5d7aa17b0463dc28e6889d92957,TAzsQ9Gx8eqFNFSKbeXrbi45CuVPHzA8wr,TKUKomo85a9ZRTBndu6MADBFNjNP6bBGaK,50.01,0,0.0,2023-08-07,1
2023-08,27696f674eef2a11184d5ccd5c3d14e8f8a6825f7ccb4ad2ba4340e11423c9f2,TVgpE7stVSzuM2qiu2YRir6WMZxvnfABnm,TDW8gvN6idFsLTs6ooLwSF7WbXWTySbLYf,30000.0,13740900,13.7409,2023-08-07,1
2023-08,7211aeeefde667bb25015dcc5e4c380bd3dc1a3e5003ba8dec57d0f82fec35a6,TLzCf8ZZ3T95zjB9uMTntdnnMUbuG56rri,TQp1fLtshfrS9hWx1RKevM4DDVQwspg84J,100.0,13740900,13.7409,2023-08-07,1
2023-08,732ae0f7cced6f712035d0a3bb8971eee3fe92b61f7ceec43fdaa43015c92cb3,TQNPYydEpsLPswiapDiSLsD8jtcoLHAhCn,TM2oD5DubB9shJ6eQxbUL5QW2VAz6EgkNd,0.0,378000,0.378,2023-08-07,1
2023-08,dc1938deb39539f19672a9f0f9a29cd20c783cf0e86dff180cf12e3000dfde7a,TMYMKyZo6PorQjBZWRzkNmwVDSwGM68888,TPeg7ooC6CuG9fxcTvwpwrAiV65FQAHEJ8,301.0,345000,0.345,2023-08-07,1
2023-08,b59c06316f3b3206a815af0d200e19ad9d44b0db6a32b41cab9ebacb98e03646,TCXNG91jRxAZJDVkopevvgZA5WVoRqVRPi,TNDgE46Sbe3KNMpno4AK9oZHA6rKmdXhVq,3000.0,13740900,13.7409,2023-08-08,1
2023-08,e82a1a5d6f40b3f24a9c7eabde8d77b2e2c8eb89d0ac5d1a8455df9f882339a1,TNWkjmBdpo1RCC6jhXAa7tNqU2s8xdTLmN,TM6wAV3JxSTd3aCMHXpDz5rKrwxJCHn7zh,51.47,27600900,27.6009,2023-08-08,1
2023-08,75b7685d5b76a31ad34c8200b17646332112ed741df5dd25e47fedf96f4bd7ae,TRNV3xokvEBtZfu1Kqv5GZKq6UL8WmzXgP,TV6MuMXfmLbBqPZvBHdwFsDnQeVfnmiuSi,437.26,13395900,13.3959,2023-08-08,1
2023-08,50d7ee8c7600d1266cb703922349ef1dcd8b418444919669ccb75e38e47dcee7,TVgpE7stVSzuM2qiu2YRir6WMZxvnfABnm,TDW8gBFtUhqT3mcAz6mTEh3vZXRdySbLYf,0.0,378000,0.378,2023-08-08,1
2023-08,54b232e310f9f2ec511f44a8d4de6d3da49c750da7ab744da19d6383f9792663,TTDipJfRfoTg1XmtgwRf34kMkHEy7YKV83,TC9RrX2ebuH5wKYgvH6P6H8f6V3EvdBwZa,813.33233,13395900,13.3959,2023-08-08,1
2023-08,e047a3a7a96840430519788bc7f949cf8acc8f31cbc504b11a2c74ce2f3b1f29,TCmyEz6yv6W3cSEtfWQi968skXPkrN868o,TV6MuMXfmLbBqPZvBHdwFsDnQeVfnmiuSi,437.259104,13395900,13.3959,2023-08-08,1
2023-09,f7467e0a893241a6ee9609f812beea7cc7a5cd6e495c78d643ce995116a3cc5b,TKqQ7zuL7yKp1NWuhGpoXTDiE3j2qiAbRE,TNMSWQN6qCmmwJj7tcgnJm5ARzquktShxi,1994.0,75332800,75.3328,2023-09-07,1
2023-09,713519fe3dcded588bf07472593df76221ba3a82788142c5b1c42a3728ef6fa4,TSrutPMUWcQ1N5wJA6H6tYFupccwBaqPQ6,TTAtDdWYDY1cmzxPjwYyedNSGRWBU3UoUK,0.001001,345000,0.345,2023-09-07,1
2023-09,c30e1596ee14c7b77feb78d877cc11cbc5cdf49bc3d718b20882cf4636dcfb37,TSaRZDiBPD8Rd5vrvX8a4zgunHczM9mj8S,TBdLTBvdwDZLj4Wcn4nGsLbCQZUtzto2QR,2000.0,0,0.0,2023-09-07,1
2023-09,81acd8f0f6b59a471ecdfab83f94733faa2ca225612461cdb579ec5fba5a562c,TSaRZDiBPD8Rd5vrvX8a4zgunHczM9mj8S,TVQzWBsdU5SBCtL6YkUhHkruUJtVfsjUDh,67.25,0,0.0,2023-09-07,1
2023-09,f967b5154a02bd2babec0cdfc08e85d437e629008e3334e040732c4854c1bb3c,TEV2HnP6B2sz3dHFyYBPdt94TJF7y933rr,TNSuC1jkycTLNi5hdkaK29WLhGQ8JXAecC,0.099028,0,0.0,2023-09-07,1
2023-09,9fe5c60e583888e1f806e92dd18d0fa6f267e17566973bf813494fa3c65fbafd,TNXoiAJ3dct8Fjg4M9fkLFh9S2v9TXc32G,TQSRiGXr77qFeSbEhSJ7F2oE4hYX6Fj2Ha,58.880851,0,0.0,2023-09-07,1
2023-09,f8a0a7f81bc0c3ab4e872bf238e0e7d14d5a690764954fef81906b67fc60e897,TYbxV99EEDLCrtFcQiQPvYue2kZV7NspLV,TGy9nfzm4s5pRxdEcGC3KrRHCHafgcmN71,678.43,345000,0.345,2023-09-07,1
2023-09,b4f620ca7b637747e76752a3411da31f45022851ebc891f24f5aa15458a8da40,TSaRZDiBPD8Rd5vrvX8a4zgunHczM9mj8S,THZAgcmzC7vntfvkUSHPck3ZymMw2BAMvw,200.01,0,0.0,2023-09-07,1
2023-09,b3fad9afce4b9ff070c16e28494aa2fb9a59efff68a22f463c81d561b3eb6f12,TSaRZDiBPD8Rd5vrvX8a4zgunHczM9mj8S,TRpG3hMWqRfuRkpcQsMmpgtcDscbvQeSjw,134.22,0,0.0,2023-09-07,1
2023-09,eae286e36d08d5b36b305d7ed2a4f6b187db848f29fd36047b2c7c6f9056e46b,TAzYepBHaC2TnhQHq97CDPcoSurXsKuD8v,TVppfSyNAjgu291iwJEUZ7ncpSMdHQJa4U,32.011136,0,0.0,2023-09-07,1
2023-09,b40682d80bd47405d90f232ea3208391c1970f1da3781e0cc65a86750e3bcf60,TULpez7LAb6a5e8NCkzuQ7JB86S81rHhGP,TKZsPfJgzqJic22rQhqJv4rSzGh37MUXZB,4318.0,13740900,13.7409,2023-09-08,1
2023-09,b178983d34deb43fdb64e3586153785eb9d69db77f9c812c0c0512d19c6a6c11,TAzsQ9Gx8eqFNFSKbeXrbi45CuVPHzA8wr,TJpMyULASAwgYM44hDf23t4fS1segieh6z,38.96,0,0.0,2023-09-08,1
2023-09,a6d923112b9c9f2d3033354c81b529375e0a1936375b4c44a11f06c4d39b021b,TT1BixqSmByqZrxQpS4U96QHXkTMYJJ1Cr,TCdXMKSFL1ZjBc2ftv2QiPAcenXioz6Tpf,17000.0,13395900,13.3959,2023-09-08,1
2023-09,c84df62d761c3e28832040266a2f28876c3a139763bfa12caf94f598ce3b1765,TJzvSH52LFjZw6W7bhkHee2uf693TFsvKv,TTd9qHyjqiUkfTxe3gotbuTMpjU8LEbpkN,4836.54,13740900,13.7409,2023-09-08,1
2023-09,202ba58de4c4a8cd3e571faab4afa47644a0b8aaef646f03270c1337624575d7,TVXMhssFwiE11ms78D1mRj94pvm7kTbpCM,TTjQFbiRe9Du37tn5NaHHWCQUDuv4E4xjs,0.0,378000,0.378,2023-09-08,1
2023-09,2e6ce61b5206a92dded527ddd00615d1c7aeea946eee80084760ea08715479a2,TXCTSaTezmF5Zusd2mpKK7KxRDL1zZL9BT,TDqKkY7kgwfvh1tAAPSFiS6g8sTk64wS5i,408.164,13740900,13.7409,2023-09-08,1
2023-09,3bcfe318bfd0f8aa83e941342b7d891f682b7d9ccd1e3e781f65ed639bc8cca5,TV6MuMXfmLbBqPZvBHdwFsDnQeVfnmiuSi,TQLpUn4mXmdYUPFVQA4uuhzfXZxvD6XXsX,999.0,0,0.0,2023-09-08,1
2023-09,f0e565d8afefc7da9b553cfe100c804b195fce635b72ec93507defae69bcd84d,TVB9eTPgzfqxgfKZZXmSXkh5sGHL32uiME,TQUXuLo8uf7KM4BbxHXyB56inbd1wr18yv,100.0,27255900,27.2559,2023-09-08,1
2023-09,79dea465e57dd5c7f7b2ee15a2b4532a93eca22f22ba427786ac25e585d28584,TYASr5UV6HEcXatwdFQfmLVUqQQQMUxHLS,TKppXHiMCCzWTySaxAR6wBD4YzREJEZhtL,69.0,0,0.0,2023-09-08,1
2023-09,21a89b52c37eb13d7bf03cfec3b56e9ac7a45eebd4d355a54bba903f176e7443,TXU3mHNEjCkqBvoBbCMzCLejmRVBfC2f6z,TYitiE1m7x2Jo7u4aGWP3qk5zSbGv2H6Yt,845.65,27600900,27.6009,2023-09-08,1
2023-10,08bedb034f39586310b13f8ab25fe4127204ccb6bc1b227b1ee1a4542a2a7e61,TTgqf7D4cZU87EnFsbgqnQdrsXPf7gLv2N,TDfTP3La7YBdbYmNX9P3owTL8aKG4UHzgH,0.0,0,0.0,2023-10-07,1
2023-10,4dc17ef93a55f3e99d25acef07adca64aeadeb95a018cb197f7b7eab189abbf7,TUK2uquk6k6wTFfnwBDi6F4rLYockx6Lyj,TMepesyArZzc5ifTXRvjnbWTbsXdhbaBk1,0.470999,0,0.0,2023-10-07,1
2023-10,821d3cda902be24432c5162f406147a07d24dda12cd9e13bba5e823a5a29e928,TJ5QrydwoiBVQjHMNYmYS7gieXf3SqLCRr,TM2BL4unMwk143jecDcTXYYVgqHY4phy8g,960.0,13743900,13.7439,2023-10-07,1
2023-10,b4724ac510f7d5d27d14af822becf5b61771848b0a3c2957aa78a1a5574fa82e,TLz8FjTVotw8jJggQXiu6GCV28B66EPLnf,TJNXpy8p5sPS1WYd256HaxmE51QCwpcXU5,2.414,0,0.0,2023-10-07,1
2023-10,20d4a4b20587e3faa48d06c80ca0ef74d81b9754448e293f8bd14458c1d59399,TR8UtVSYeaLckRoLuKvJEkH8ftvFQwmWww,TYJEhstV4AQS8HMsWaeRvMgP9QnLkmPUVv,3000.0,11818560,11.81856,2023-10-07,1
2023-10,4849d1523494dd0548a563466396d7b49363659fe7f908c16b8ba0869c5273fb,TQRA6HGMbVkmCtP8ymVCezo5QXtjKP6F13,TWS1onJnNTg8tJHomceqxBxTsUB1DHh7PV,490.0,0,0.0,2023-10-07,1
2023-10,99a70143956599990a11b0464d6c8dd7574aa3d015cde63097744a401ffed479,TAVSZqXevHHgW5ScKHfGhS9A8XiekNJjFC,TGdr7m6xTU1drMgAZ5fat74x5ipNn9URJw,0.610001,345000,0.345,2023-10-07,1
2023-10,fb61c038921255f8e7e0ecdaf2a15f47630cd3ead92eb07e84ef24ce0a55842d,TYaFZgbsFwT2HNW7rpn93h5VGA4aA229vN,TGZ6U7HWxBLnDFViYDu33mzJQ6FUWJE3tg,17.3,345000,0.345,2023-10-07,1
2023-10,3dc58204d98f054b231957ef5b8a3bc7d45d236ed92345b32e29ff9d6881d35b,TLDtt1p9k5A3EtYPwmN2St1bHuZGmzoTAb,TWDZNHDui4GtX7SyXY5BwwyrLADgEGiJ36,678.0,13740900,13.7409,2023-10-07,1
2023-10,01ee873de371c0ff510a7e737d8cae545923a7ed1183e1a5f95e1168669c2e69,TSvjjQ2bfuWJtYM6qDPxsnmNaRtVsLqhfV,TLdPGdThSw8SgbeFmqndUN37RF2mxwdKWQ,150.0,0,0.0,2023-10-07,1
2023-10,3c0e072d411e71695cfcc6edc71dcecfd748e824452799c00623623bbec87013,TLX3xPv9uAztMMzNUSJgTbiYAB22tXK6eC,TGsSQ4tSawyN5GGWpSgd6ym2LZKGUBC3WA,400.0,13395900,13.3959,2023-10-08,1
2023-10,0aced1f79a39875a025104dd711f6881329b0066ce4df41b58321abec270a1cd,TYbxV99EEDLCrtFcQiQPvYue2kZV7NspLV,TJ3izxvWPmFGTpLkiaCWu23xxV6FQHn21k,283.67,345000,0.345,2023-10-08,1
2023-10,fc66ae6e88d808d6052f6d9223da4ab4152b4628d2ea73d79c5e48a3f3331144,TKDyheihsHnsZT2CY22dedS38JZdyFZMnq,TK3LjpyWhgGidMqEjWMivMzNqTLqzyCAGZ,67.56,27601900,27.6019,2023-10-08,1
2023-10,92de4e99d2a0ba86df51c2e371d51a750690a547f37c839ba942ab36409f2917,TEFigGHBwSwoMf35uFxwZP3eR6hgSLRJ5e,TTx8M8z5BrtqLipgq2knKHejJdi138eyyz,0.010001,0,0.0,2023-10-08,1
2023-10,e6bd084bebbc22978ac6cfe2729d7ef8edba02cd771c5cb05384f7e987b427c8,TJbHp48Shg4tTD5x6fKkU7PodggL5mjcJP,TEz3bVmY1GcMVfBBbzyuQEaBKuMSo4EETA,199.0,0,0.0,2023-10-08,1
2023-10,73d308d3c16464c88fd819301f9fdc19a419a00eab50ed118989d2b040b9a37d,TVENHxhectRatZt9WquNB9T7jHrXZm7i6M,TS8kXjDc2VpwDXLNg4Kpm48p21pdPATKb6,0.042001,0,0.0,2023-10-08,1
2023-10,0576fd0774cc042c52dcdc1d276dce4bb70481fffdc10a493d669887cbbbaa1a,TFWWpViXbeqJKVmqmE1NuuMQtTjJuHZZNj,TUuGcp24Ljnc9qvWSaQiJbZY4xLKybuSim,49.3164,27255900,27.2559,2023-10-08,1
2023-10,8c4b47c7b6bffccb7fd23079549ec3b0590d706145f832120aadde657c266552,TJbHp48Shg4tTD5x6fKkU7PodggL5mjcJP,TEJzs7FbL46XRBZz1mYrLb4oDiHyUeSWaj,80.0,0,0.0,2023-10-08,1
2023-10,57786dc5a6f38d182f705e1fb8e43eddc90a0ab8729d0184134fe449c74f44c9,TJbHp48Shg4tTD5x6fKkU7PodggL5mjcJP,TKCx3aBYchrf9bq453UXY1yyP8butGzrkp,405.5,0,0.0,2023-10-08,1
2023-10,6782320e61185bd43e0533d3cc338de3de55409bf6bca9c97570e221e0b8b857,TNp5ENdpdkMxVovNBEiVTnTt5xDfUQcf56,TMepesyArZzc5ifTXRvjnbWTbsXdhbaBk1,0.47493,0,0.0,2023-10-08,1
2023-11,5df50eaf1918edd473689d6e7bdeb847b76974cc12d90f0736116ddcb3477cbe,TEkFdztDAZQtBHb3GvqTCHjVtBLdUZ7fDd,TXBpWmnuUS9zAwvsP2yuUYbV83GA536G39,4483.0,13740900,13.7409,2023-11-07,1
2023-11,0b4d4d79e6398ecd3bd5023b88bece32e2e3523343f455af0093cedc0397b545,TXU3mHNEjCkqBvoBbCMzCLejmRVBfC2f6z,TELYZ861KZ46DZufhMXJ7HdbRApZxzXNuE,731.0,27600900,27.6009,2023-11-07,1
2023-11,6df460a4ab3087fa578e91dd58060ddc93adf0ca7c4c8587b37d1e8330f67968,TQ8XCdKtGwrEgeKbQmrJcNbjPcDgCY9u7Q,THiEXiBZteMR6mJSEE23asLuNhCVUtyaBc,0.100001,345000,0.345,2023-11-07,1
2023-11,168ed593cdc40e5af9b1909c1a66ea6ccc366c5202f03357fee018578ca0ca2e,TRuzpBERmbXjZYWn1o9sUErU8iFK1N9QcV,TSH2GziZDkB6N2ScTtXTZ5zhY29XCUnaay,0.00297,345000,0.345,2023-11-07,1
2023-11,e6cb947f2cad1d92ec6ceed20bb3ac4f922db1ef494ec2efa3e5be011f846dfc,TWkP3Fb5v4MwXYBYeTSq1BC6NAbnYGphF9,TLV4HFqFwWY7NuSMqaWjwdgiydTTqek8dT,0.0,378000,0.378,2023-11-07,1
2023-11,fb7e4bf03f8082b7ac7f291328333fa68754724a21101f82605170b3ce3d543c,TDZu7rwKeMrcXQRfmzA2fQUb1bCYUoJfPw,TWhcsNkmtwmpDdd2TXMA8XM8ZcjX5ts2bq,906.0,24859980,24.85998,2023-11-07,1
2023-11,c813d518241e257b67e5a73708aea6568a4660d98e2a99c257c0a9fb7fac7d2a,TDGg6Bfz4Wo2dbkpEHdJB3Sff5ZQD8cJbr,TF5zKmVKHftUWEMvMnfw9MKQ2WUAKgBioE,660.87,13740900,13.7409,2023-11-07,1
2023-11,26f98ae73b2fcbd8a67edf050d6e074ec41416bf33837bef8f4e766d825aa34f,TQG3KAtrQQK3WMtYGpCDijzentBTsJMBnq,TBySdnnKqUYu2FAsgEUfzZVjb1dUhMNhiL,670.0,27603900,27.6039,2023-11-07,1
2023-11,99d45e5938a987a16bd0e3bfbc5c9f142a48242ca13f2c444898a498e96a09a5,TBxgkJbBEG6FUGzrpatfNEsikaSNHRu665,TKgtoEfuc4BVf4d4gakjN5BKQ3dP2YVPvG,0.620001,345000,0.345,2023-11-07,1
2023-11,be1e6c25e60cf089b921551022aef8dff1728065d669a8b552d2e0fe9594499b,TFQyE654ND1AxAzGPy6GtZkxFMrixjejUs,TC7539gQxnrJryiPRYqgnow1swVVBERK8X,1.801,0,0.0,2023-11-07,1
2023-11,07c13cca2117e2eb72cc6e9876818e7cd6a67a00706c9716ff2a80a398d929d2,TVzTPNkFdn99TkBw82YnyiM8T32i78GtiC,TVL68CgCsr69LTpF7UnyAZxsf1DbDfHvvC,215.0,13740900,13.7409,2023-11-08,1
2023-11,f41802e6b299baac1584aa651556c6c7d7069c3c7c3b165166a72b6560c09c63,TGVFmhjSJTARQchPD5Ceduf9rvfpdtSRa7,TKpLDfzyxHFW8uWFxZDYfvV3RJbtwroRHh,1850.0,13395900,13.3959,2023-11-08,1
2023-11,ad52cbf7a91286ea3535cf0f521a525447e0df08abbe924517f97e6dd961d2e0,TNXoiAJ3dct8Fjg4M9fkLFh9S2v9TXc32G,TVBdjWvftnQ9YzWgM3yvMdt6Pd9fNPyFPe,50.0,0,0.0,2023-11-08,1
2023-11,a80e03943e8bef7d34650256d52623dc9da0e8df3e61221e4e34b6f41d701670,TJDENsfBJs4RFETt1X1W8wMDc8M5XnJhCe,TC6JPcVVf49iMotdFNdHXDD7PPENfD16KP,959.0,0,0.0,2023-11-08,1
2023-11,fb0e41b43feacaba9fa7192204bd7804b0ad161e6aa9bf01dd0e30bc66c34b3c,TUvc3wDmdM4rbnXw47EpUcZXaYmtRVeKeL,TTh2SMJTbhQH3SRKdD6uzMvD6AL9aK61qW,0.602627,0,0.0,2023-11-08,1
2023-11,1449c00adb8abe70f7701db9cafb9305d652577df92a7793d46bae4afb74d4e0,TQrY8tryqsYVCYS3MFbtffiPp2ccyn4STm,TYgZKYS8oumhfuaZTs6Sms68oaRHnTMKSx,99.0,0,0.0,2023-11-08,1
2023-11,2f41de58234be3d8820843ecbca68ae11609c51f28ee37f46df6db36310f3136,TY1ijkCmmLqSCuxnX4vz1v4Sj6hfUtGxBi,TES1PgfoTE8fMRBWeyJgxqmRB2uss74nVm,52.03,4620,0.00462,2023-11-08,1
2023-11,a48876fa18d8edd11a26086ed9f23af72a2e41bde64b010802d59bfa65be7c37,TBfLwPhdozpig6PnR1MwLGQnHKX5inQMvh,TPoHPmpnj7AHfAQPAtTkT7eweYJ5Y4sGhY,302.76,27600900,27.6009,2023-11-08,1
2023-11,a17330aefdadfdfcfad416705894ae8f80cdf597ff6bf7c35e4265109ec7c4c1,TLV4HvSW9ruXeC31JtRv8SGMj5bMMek8dT,TAsyrYpgVYg1YMwx2WPodDJnhoaikzeu6t,100000.0,27255900,27.2559,2023-11-08,1
2023-11,1c95537f4a55fb94cdea96458a44237f7158fd2a2f722c8296a72e9fb13c5d81,TAzsQ9Gx8eqFNFSKbeXrbi45CuVPHzA8wr,TGU9d9bLNAWU8vvRAQBekvrxafg14osA9L,65.0,0,0.0,2023-11-08,1
2023-12,671f4fc2efe3939576958f439f5e770d36179c14ca7486b6b468811111c4c489,TQiB5sSVmf2Ej9gVqhiSWns4Q8nPkkNKET,TF4pcsqpcPKoXA6qCz2XC2fubWwhZZeYP3,74.0,13395900,13.3959,2023-12-07,1
2023-12,a99830655e2b4d225412b96b9e4c7565ab6e97613e274d37861089b2c893554a,TY9R39x1tFzpTNgnrbnP1NZhmv4sRwunS8,TMEGkGoyqWLBr1JaQpHJSR1iMRjU6HE26f,27.26,0,0.0,2023-12-07,1
2023-12,d7ad8884ce4071a04b29637cc2e08556f202cc373cc860725c42f61c856b607d,TRAbzmeRd3tJuzyndcvQhvwmaC2RRVH5Sj,TGnutbwEhteu7v5PWSaXYyxh9uQAAPH9dk,549000.0,13740900,13.7409,2023-12-07,1
2023-12,d5a0f6ac2b3dcee97f4340e5f07e1e7aaed9ef858459e15a27dcc59c950c70b2,TAdad3tRUoCUe59ZUFZ3M2MECaYrN9pGVd,TPm8jtNEeeekaREDq48dCMLBXC5b2BwH5q,5000.0,13740900,13.7409,2023-12-07,1
2023-12,c6d14238d3f8f6af36b98439527ed9a8ac246185a57a84ddbf43ff97f4006517,THcCxR4g7X9bJw8x49UEu9CqkPa5yAnZfd,TYuxDyR4X1N69yUFbpg6vVo4X6mbzU3LbZ,2791.0,345000,0.345,2023-12-07,1
2023-12,e7be07e3c71de1de6e8396f689dc12cace68af99c63a64cf609623301bf4ed13,TPgZnvL2fMH3jYjundSK64nvQfER9btupE,TYdw1KmVYvyi7az4QtcMqhhksZNV2qS8gd,83.33,346000,0.346,2023-12-07,1
2023-12,3c616c4feccdb32ae44197cff2f93983716723d528ee559ea0ded55d8d6ccf88,TVE1eEr1bEcZrSYWNaxu8fHzFxCkrTkRdL,TWMWGrGuWpW2Vt4GiA2Uw8ZfWKUUnwQ1Te,13.34,13740900,13.7409,2023-12-07,1
2023-12,de955c7ee13d27ec1a45c9ebc7c476c07a23256c661a959d6b8395bb76c3c57d,TF6riizqvGbEh21UBfaYDopkoQgSAgZamY,TTgeJAo4UPXdjKPC93V2btRo44TWVJz6rE,6.3,345000,0.345,2023-12-07,1
2023-12,c8a1c012066d27f993cb1046e0378a81b839cf1e475bf0c40a8311afcf9de285,TPgZnvL2fMH3jYjundSK64nvQfER9btupE,TYffRF2o2VQWQta6GR1bg1w2EbWPdQApUq,902.77,346000,0.346,2023-12-07,1
2023-12,b16279c74900272d472c39a3f4d4821db89267cc6fc60f9816740cb304c80180,TF8ibR78xeJtezyRhpHamEfdMdciAiWhuE,TFDAMGUye1ULf7Hp8FtbRCHHyq8pdj54MH,25000.0,0,0.0,2023-12-08,1
2023-12,5e25e54fa7fa8840710e7ce2a7806251419dc7169f882364a4c951840933b839,TCz47XgC9TjCeF4UzfB6qZbM9LTF9s1tG7,TGUGEDKsvEJkkc5Mb66w23Z5zbVu4JpJDX,147601.0,0,0.0,2023-12-08,1
2023-12,c6c4282611a3e1283c1e0f2e89dc22933cae577c27e66d427be8b290de3b0d3f,TFmekDVENvFHPicSNffVHfqmuJV6i5xDDR,TC2xEedubp3E8xs4rnakFq1SvWgW2sAfHP,0.0,378000,0.378,2023-12-08,1
2023-12,5e934fe6a1483cf07428cbfca4a5c5fa27d5bf0526154ad9c3feba680ecf9d73,THYXcLsyoFXXcP51mWMe6nnURGTivkFXeh,TF9iur6spSh2cVnRBLRMzM7d9S5W4Eo8YH,21.68,345000,0.345,2023-12-08,1
2023-12,d389d0e1b257d9d5924a743396ea05e2cf887ca92f065408206ea9a1fe83bcac,TY9R39x1tFzpTNgnrbnP1NZhmv4sRwunS8,TSv6cr79jyELrpwMCm6mSfF96FhjoHitAz,19.37,0,0.0,2023-12-08,1
2023-12,1697eda0dbfd3ae7cbb90cf4afc2fd1348629eff04476a40040ea0c830ab9ff2,TCtuUgkmQsjMFNUCZTwixcviNWnv1qYcyJ,TPMNs5BkvkbKCeduWE2NVaGmJbMmJ2n3JE,200.0,27600900,27.6009,2023-12-08,1
2023-12,912d448c75860f46069c75b1b9017b110dbb6efe2457e5bf6b7f066b2a88530a,TB94sqSLL35eVXmEntBPCN9Q46idEbugQp,TQ1foWj4gmwqkxdzZJ4goCJspTbg5Z2CAe,208.33,345000,0.345,2023-12-08,1
2023-12,ceb33579c4ac76734529070a5011a30c82a0b188c5ae972149dc5532a78971fc,TV3kBpu1Bfa8DBgR8BQQ8WGygQHGv9wg8g,TMSjm5q6UySoRvcA4SzktkuZEKdB1qjGBt,10000.0,13711080,13.71108,2023-12-08,1
2023-12,8e079f0c088cfc497b90e01beaa89a6624b54f301c8fcdd825af7d8a7a8f972d,TDqSquXBgUCLYvYC4XZgrprLK589dkhSCf,TK7nWjgkmYtAYqTuPTP7Z3SZktow4pcK6Y,200.0,0,0.0,2023-12-08,1
2023-12,bb547b70501438e89d4f10a5bbf3dcb20e08ad983763b386b7b6545f22ee682e,TCz47XgC9TjCeF4UzfB6qZbM9LTF9s1tG7,TCRAr3Wxmc8R8RWsudiNBoFbUcpVfER356,444.288569,0,0.0,2023-12-08,1
2023-12,9d618cefaebd35849a61410298d10ef2ce0222fe0ce36faefefdc34ae84fd019,TCz47XgC9TjCeF4UzfB6qZbM9LTF9s1tG7,TYb1SQaNttMdrKzYJavpvayhQEpMH6XBbE,2576.433,0,0.0,2023-12-08,1
2024-01,cf4ff4fdb0700bbb8270152a11ef5464ef8a9de1bf1461e3172feeaa521c980a,TBB3RLZ7XwvrsLDJD4msKEjmqmNut36zes,TCCQgtbmat2smJwg8Ggzbn6JDou4XhJaG5,1073.61,345000,0.345,2024-01-07,1
2024-01,a51a7ac3bebadd68cfbf8854193a078af6cbc4c44c7bc0aa9fe3cfba23f0be63,TNXoiAJ3dct8Fjg4M9fkLFh9S2v9TXc32G,TWfc2uZkse1fE6V7szrkXR2LTQhBnpECfg,44.0,0,0.0,2024-01-07,1
2024-01,6745886a3c8288d4e30029f2dfda27a4265664d4e90f1649a2067e79b5a117b5,TCyV8RLExhcrLvhMR7hDWNBT5sMRSLRTMN,TBbNsXFNyPmSFiC7MPp668qfxFz1qiSCet,49.252496,13395900,13.3959,2024-01-07,1
2024-01,bcbf86482e786f5f934ef49e035bce6f80cb079946e8898ddd952710ee444ab9,TTp4w9PAsnQzLKHZesBUjDwQFhQGsHuSF2,TDD6RB6GoenkWnWEM8XV9qovGi2MNrAPUb,57.0,345000,0.345,2024-01-07,1
2024-01,971e9ca5e8afbc395f9022e0a422d6fa85df6b15fecac93f054b26aaab2ef1f4,TRs2czTXEJsrVr8VozvwCEckpWn3P7ADB7,TFDvdcftcLj9q9t826JvX1rM5cw6gkUb9P,2099.0,13395900,13.3959,2024-01-07,1
2024-01,12d427163573c4ee51ef4fabbeb98b2501b506fc7de8c933e462aa4ec834a15c,TRmRUN8ATGWBJfxHx2ngVt9AjwRev7CZPy,TCUDdTrt6UntcsoC2wFFLyupP3hM4Rwjuk,2114.21,0,0.0,2024-01-07,1
2024-01,40e32913619abac06305d45fb6f8afa8f65518928a4ddf221a7a877975f1da09,TU4vEruvZwLLkSfV9bNw12EJTPvNr7Pvaa,TGnfUAhoVffSVjbmPpw5buUbpsW3UjZp5X,2223.6835,345000,0.345,2024-01-07,1
2024-01,bc38f33dae465f34bfabc8b531de7709a40ab8d076ed5b1f7d7ad873c6869599,TJnmJPpsbmfaLPmkxWz5EXKxUCtzdGSvcT,TBbovAVsx55RHQYk1qSWN2mLUiDNYPCXrd,184.02,27600900,27.6009,2024-01-07,1
2024-01,6eb942e864fa83070ffc5b75898667dab1a2e7a8f9f5804f8a40ebb98e31aff4,TXHtQ1JpcgWgjBSX6mMUhsJwaUWaoSStKF,TW2E8ceW5mWGiXYtKnX1VJkULVvF1cHbwm,50000.0,13369200,13.3692,2024-01-07,1
2024-01,7cdbd0c0d4377e6db67751e12e121e3ba2cea72934d6912844b0ce714d176a44,TAvry1rT4VnYaq6AWtL9e3WT7oG9tnZjMK,TM3ri53bPiJgG5ASBBCycRpXCkRzSp5vLp,8.0,0,0.0,2024-01-07,1
2024-01,8cf85dc9951de1506b11eb4c2833fbd01f425b1e1ff9f471eacf453945b51ef7,TPWbVMys98CqVbkhvU9DiF9g7Zs1ppc3nW,TD3K9hpSD1EiEp5MvcXejkTdKMk7zCfDDH,14.6,345000,0.345,2024-01-07,1
2024-01,90bb6a7bcd4ef73465c2e25b2a20ad26ab2a282cf4fade35e1e932ebf29a8976,TGrdKcSuMaMoU4DFf92187KPPqdFW49PeM,TDTJHcUQTchshqTpCZ6AXLFCNnGZrUgvnp,300.0,13395900,13.3959,2024-01-07,1
2024-01,ade6715e699dd0b553f22eeb180fab50039b858c2ba98c068f247f28046caa72,TLWGfjraU79cPWfGFBdk74mvzw53gyEGp9,TEN4KrL95t6cSWZwb71gaiXj5ZbadJuT3o,9.0,0,0.0,2024-01-07,1
2024-01,4169ddc018af795a153d2d8919657418b8e700e83d2953556fdae11bd2f4c2fd,TEeEx7nSSLW7S7V9tkYAPWpac7PDFgqNRi,TBbNsXFNyPmSFiC7MPp668qfxFz1qiSCet,4618.0,13740900,13.7409,2024-01-07,1
2024-01,f25d1a74c2e678f3651421676e054596b9d915386af6eceb749e5ee45d90c6f0,TQrY8tryqsYVCYS3MFbtffiPp2ccyn4STm,TLhWHncHtvWSrBt68SkehuvdowVPH6jABU,13530.0,0,0.0,2024-01-08,1
2024-01,05ed9b41e6e3fd00b72fb09ce3009533e3accabecbf782164b87833749683b15,TCfUoAHQTVPdGnKZGpTeNBufLQeSZnr6Rc,TYpXogK9jZcse8bdEjodX2GqZhwoBYa2uK,372.59,13395900,13.3959,2024-01-08,1
2024-01,9cf8ef15f565e907af256f039a9e86c2c44ae78688107123f502c4faec4a6e01,TNXoiAJ3dct8Fjg4M9fkLFh9S2v9TXc32G,TBGZKdXgRpcBW1r6ffk2RdrpRCAAgvontX,10.0,0,0.0,2024-01-08,1
2024-01,7fe60c64facaeb053149be82f8c00581298ca89f15b131e448ca728ae668cff2,TDqSquXBgUCLYvYC4XZgrprLK589dkhSCf,TK3H1DtNqmYn8YqKik3L6BrqEArFHP9otA,1293.056,0,0.0,2024-01-08,1
2024-01,efa59877432451123caf0b7d61ed2d5cc788c806adb8845caf7ddc3f7af44898,TAzsQ9Gx8eqFNFSKbeXrbi45CuVPHzA8wr,TDvQCUw28SYUQrwo1bp4ShjJyS5PzGz8Ag,9999.0,0,0.0,2024-01-08,1
2024-01,50a254c7377ad95d83f76aa8a726459aaa59074a67cecc3a005b966d570fdb56,TFhdGWtz6Bgj8Azqz6HN64XpyinnUrZyGj,TL7GdbLBpK4voDx8KjNiCkTmq5MKq597YZ,219.6792,13733900,13.7339,2024-01-08,1
2024-02,79ea86f21f7c69b4fd9f2ce8fbec86098dc8284a8b521730f910a69b8de9d9a2,TGr4av4NSPSLhfyhtmFh4uL6eMuCWtWYZZ,TX2Dv58N7wwrwDxVQ3QyXJu45FfVa3FDEu,1.8052,0,0.0,2024-02-07,1
2024-02,a4d9f3ca730b6efff21b20c34672ee340cc52eae25e7dcda7beaca2ed324ddab,TWkzbjWYm1iLWb8zgkLbBhgpegUTaxt2jg,TBwqMSPCyRxfyMgDfWK7VNTJjeJtt6hpXQ,0.09831,0,0.0,2024-02-07,1
2024-02,84d122903bcb9960e51dfe304b6d12705449652cb74c50b20d49bd5db0450447,TU4vEruvZwLLkSfV9bNw12EJTPvNr7Pvaa,TLLMVVuWRuBBzqnGB8mAouB33zp3oeVFRV,24.0,0,0.0,2024-02-07,1
2024-02,4db3c0f08ab8cbe11a460e1fac4cda348218e130460d40bb592133b6310aacbe,TS1nnKERZK4YG3VbtquPnWjEvmjFBPqh9p,TTSMXdMwm5gEv1f69uFxrs4FHKN4VDrZa9,127373.62,13740900,13.7409,2024-02-07,1
2024-02,0c41e5285eb3b23d71d77b99feb3a5723f3b109c70268594a2ecc94b0d0cae3f,TACgzoyyK3HomejYqj62ZBXEMqkWWvAniZ,TPF7j7hQvruCoVrJmJurDmvavAjLhiPAFp,2000.0,345000,0.345,2024-02-07,1
2024-02,a66d6ed5e944c9f28d528bac85a0872a0cf0fea1950c6a83ba2eb0527af1da1f,TWRftbYyQWw68D6H2L7NVbQYpVSPLus274,TD3oAfdQCPjEesYdhNpMZu1gJJ7WB16jX7,0.09831,0,0.0,2024-02-07,1
2024-02,b89c13a21f4828b98757873dbaf5b3ef4ee44a267986445b23875ef7d72c7a22,TRkWy1mWgzNjsP8qfKDUxdXPBJ6mHu66xa,TWAi9gGBN7RqTvpMDm4zfhGuqDvsV4DHLE,100.0,13395900,13.3959,2024-02-07,1
2024-02,20d92e4fa1238621cbc2feaa9033ff77002374df415b0b3d13efec10dc9a357d,TKp8MvB9jojAwQ3vYFWFC2xoCzry4y7sr6,TEN4KrL95t6cSWZwb71gaiXj5ZbadJuT3o,149.0,345000,0.345,2024-02-07,1
2024-02,3e9efc8effc761abb87ea272efff8dd6d3f65c8e9220f42ce3ba091ca81c6981,TUKdsJTRubdbDkXSicioeppKbaYRm879nR,TWC4NLvPkKBAzW4M2PMMZ5VFSEZKecfM6A,700.0,13395900,13.3959,2024-02-07,1
2024-02,dfe3d8ac1d3bcdc125164ecb242c5aef7b41eebfa51d803c6efc744fcb48f7aa,TYhRj3V4EYmFLg58W7bT3KG1vPV2LDTrn1,TTp8m5ZKMjP4pH5iyC2Ljx4hurmLUVNtxq,467.18,0,0.0,2024-02-08,1
2024-02,851db2d1a0fadda24d3aaecbed0c0d786d7c94e325b624adbb2d63e0f98fc38c,TJDENsfBJs4RFETt1X1W8wMDc8M5XnJhCe,TQ8MBHfLxTndVDMqNZE37CTdrjDVJqKdZ1,50000.0,0,0.0,2024-02-08,1
2024-02,85699ae3ea9a7034453b330a2c5a0a544b019b9f95abf55bb1666a4ecd4869b4,TXXuk3DtqNL561cTcuUFByqzXZSNv9RBKX,TBwqMSPCyRxfyMgDfWK7VNTJjeJtt6hpXQ,0.09831,0,0.0,2024-02-08,1
2024-02,11c8607b89d03e23345dc59fc5054424ea3750895907046dc0cafe039ae93aa3,TWmyUS21jzPbqAcRgNCmgqPetoTfTLV8K9,TT2QPCdQEqt7WVA5U1pvT1BzpZU9pXTh9T,0.09831,0,0.0,2024-02-08,1
2024-02,a27e853788892114c8d5bc180508d5eed639fbfdc3db709cb5142698dcd5c803,TErzeCFmKT1BJvFhrckJatZBSJFhiDYpGW,TD5yhahQLmwKh7YqT3X9zsx3cL6pF8bq61,248.3193,0,0.0,2024-02-08,1
2024-02,dfda17c34069b26951c2c18a95c0bf145bc871dd6734da7eab3a438c65d40dad,TXQQNuB2JnXSMoS675zFHXCMje5F5eTmEm,TD3oAfdQCPjEesYdhNpMZu1gJJ7WB16jX7,0.09831,0,0.0,2024-02-08,1
2024-02,9fe587288131fed8767d8b91375f3e8e142a40b6c3a5eb1473fd18e2d40ecb00,TYASr5UV6HEcXatwdFQfmLVUqQQQMUxHLS,TVRvtKBdi7dJhEkGonb7VtK9CppGEE6fFv,3256.107,0,0.0,2024-02-08,1
2024-02,93773b6bab8cf0317c89b63dbe0138ba648cc62aa55387a717fe11fc243d5bea,TDqSquXBgUCLYvYC4XZgrprLK589dkhSCf,TRP7bRGa1FWniYsM5eFfUNsS4ZCgTRwFjY,195.0,0,0.0,2024-02-08,1
2024-02,adc8b4bb3ff13b41858c6d150c35f2ccc061aa235882960d1ab36d9345044d9a,TDqSquXBgUCLYvYC4XZgrprLK589dkhSCf,TW6ow1JQ64dU4MfPo2wciaWgFaFhVCnX1X,189.0,0,0.0,2024-02-08,1
2024-02,79293d95f9780c7d7e7827f7113f7664bee8bb244201b74f4bd65da68547500e,TXUCwBvcfeb4b9ue9AZG8ZaRZVGiLc3dAU,THa9qGPf8SufjDeAs79HVPmfm6uDiQgx4g,0.09831,0,0.0,2024-02-08,1
2024-02,bdaeb631a9065c1183790090367444357a916b341b674d0acdf90f3fe992d9f8,TYASr5UV6HEcXatwdFQfmLVUqQQQMUxHLS,TBNVjvWYsNbx3KPthzSArCnZf1XYWwhtqR,39.0,0,0.0,2024-02-08,1
2024-03,1675899f0c977a77e662cca0cbc23c672b9ce91e033081497fd4b92987ec6482,TJDENsfBJs4RFETt1X1W8wMDc8M5XnJhCe,TWsZ4zUo8kL1ZCjbt54kgSaeNCqnSL1faM,44.0,345000,0.345,2024-03-07,1
2024-03,44d77eacd274f04a533bb80ff7dfcff56397b533c990e72e343308da6b459a9e,TDqpDJpstdce7YowdipTVnJe3Y7jUXTf9A,TXLLebJNqsDdCFpZMvNxKXttvhAMCBTbn4,0.001499,0,0.0,2024-03-07,1
2024-03,aa943a5b829848582386f8cc3edf8cb738089b837184bf4ed6d960815ad9055e,THXnN861kv67ikaomNuGp1ie7qEZxHATUC,TGpKwhucwoP3fcRBXctRrWrdKSeiVY9Pop,40.0,13740900,13.7409,2024-03-07,1
2024-03,c80fa55e9e691902c0d4ef2d4163c2b793297d4285d75e5ff51d4578b3cc5bd4,TU4vEruvZwLLkSfV9bNw12EJTPvNr7Pvaa,TRvzNaSf7igAhXXXy6m2SVwjYDHWnb7eQ8,19998.7,0,0.0,2024-03-07,1
2024-03,4077d06299cf30222bcc0865223db446c1ad26cd860d28d08a58bc8842901960,TYCkRvxqkHbXTdQmzyAsz8Lzy5NYEX3JXL,TUbojUPizaRHJCVTuE1oESff8r6iyCMyrK,0.011826,13740900,13.7409,2024-03-07,1
2024-03,77a16a1167a2fcd812ba29fe453d7a5fa4f13c27d6543781643cf0a860bfbc31,TFTWNgDBkQ5wQoP8RXpRznnHvAVV8x5jLu,TLFDM8eGb2vMmr7vUdyixM5uUU3cMJostb,779.735211,0,0.0,2024-03-07,1
2024-03,c5229cca3183f9838442c9b2276f45178115ae765acf39a143f4a45365d96a68,TLe8uwMdMK3pYMpyB5iUN6dmnQBpNU7oUV,TKYhWsnpdtvUHMjoBHxa7QyHubFYsYWUkD,3000.0,345000,0.345,2024-03-07,1
2024-03,77d5c0687d131e2fdb5b7f645b9ab47b28d6d13b4f67050a300bd7f350654444,TU4vEruvZwLLkSfV9bNw12EJTPvNr7Pvaa,TUgYt7PDUx2gFjmmbVYfjBw4o7ubVX6gZ9,56.6027,0,0.0,2024-03-07,1
2024-03,152586c07a4bb3e26083d70d890c5420bfa41353d01f378d024b8e683e84e467,TU4vEruvZwLLkSfV9bNw12EJTPvNr7Pvaa,TY8fvJQRkYmz4cEeuUWyX1xtJvWYoAHAw6,101.0,0,0.0,2024-03-07,1
2024-03,e93441155e0932d62e8b5c8ce6178d41b3d811415a66cc85a164d6371b7d9d1f,TCigpV3TLxttVYv5VuivnvKFC1E1tXuheH,TMVF4mtMvvzPTqZ4obSqcCGsR16fiHswT6,98.0,345000,0.345,2024-03-07,1
2024-03,89eb8028c2080edba008f7d71db9ef943ed0291f051e37debffb92f0736a1d61,TAc2V9oJheJLnyV5ZbG5FrfhNHEt8gQ5Gv,TRZ7MPhFpwe8fp9HUEojLkKrEG5WPnsEgq,679.0,345000,0.345,2024-03-08,1
2024-03,caf6dc4274fc4b22984ccacc8ee5d2681c71ca39276a0024b4416bdb3aaaaeab,TYULGbfdheMSQBv7skFxNbgo7mbNjsWSrF,TZHveLNx8yUTE53z4yVSccz1AUrD5Ko4xk,1002.87,0,0.0,2024-03-08,1
2024-03,3a43569e295019c5d8b47aa8b675e170e339968a0f2463f0924ad4d3e8cee682,TA9X63KWafQz7Y3YCWTccNiwFFKfNmJ2A6,TN4yCkPeq8Mzwknp5ytsa7gGqLECrVRve3,406.0,0,0.0,2024-03-08,1
2024-03,6cc2fef74ba1a368060f62092bc4b987bde46cdb23816188335cda25c4c7bc84,TJDENsfBJs4RFETt1X1W8wMDc8M5XnJhCe,TZFM4Hu57PYxcePHqpb7AzP5a5zdKXSVXy,120.11876,345000,0.345,2024-03-08,1
2024-03,7bad95a1b40995798c845721c2ab491df5c7100ced656a133414d05d7cb22268,TMNQuKbykUSRqjfBJ9M3YepLLLuRbLbPed,TNJGdXJd3UofC6cexTzvt67fUvAeAdujh3,0.002216,0,0.0,2024-03-08,1
2024-03,61e6653fb160a1b430319de1d1caf6678924f56d57096750a6158339a6d93132,TTxCvvCPYXjLRXGFJAiDsLA8ViqqvkBPAm,TRTnWW9pCtBQVqoNVR2kkhHBoUXHgsJ2Y5,1230.0,346000,0.346,2024-03-08,1
2024-03,24dfd32623deda89e231b12f12e7cc5795108811038d2be9af6d291885c31286,TYboSWuiFwsKofUcva2DEab58haVQDisKU,TJomN8bQV1kYAST9gKW6C3uGGFPbiaRdAX,300.0,27255900,27.2559,2024-03-08,1
2024-03,53f603575e73940776c8df5b8e5b08e81958e3913bf3f62fab66a043a73b0945,TQSrn6cMrmJd1zPttmninBtDMUpjYqxif5,TKhcpUJNcrFeJrLteYEUx1wGxJUQ6JvFC7,1000.0,27600900,27.6009,2024-03-08,1
2024-03,7f55a48de33952221175fa8e11798759b9ca5293dca722da595a03576a0a89a3,TWvFazrbVncYd6GTCgXMfet2AdB1xnnMe9,TBRMJjcz8gBiLk2NPdYnwvf7hxvcM7kiCH,287.0,13743900,13.7439,2024-03-08,1
2024-03,25b2dff45d4b1cce9db172d16a076ba1f0136b0020818cfb90c3a9606ef5029c,TAzsQ9Gx8eqFNFSKbeXrbi45CuVPHzA8wr,TM9wUupyR848xjiXeCfEhgSufJq6Sx9LrK,336.493,0,0.0,2024-03-08,1
2024-04,2fa0a7b4d3686ead1be57142b791e5ecf4081f2fa5f80a05d9d14897e7f2b0b8,TVaHh34sfqxKwjAQ5NV6f5mcY7hpmPMYv1,THHK6XXVHjrofurQ5PPNUoJmhVPc5cASsx,207.0,13395900,13.3959,2024-04-07,1
2024-04,277d09e7bfd0c5320cedb6c37bdaebd5f70d3fd68b39ce94138240533ecd854d,TNFUZ2yxKWJ7Hi5LYJEzTfbXBfJ9prMujY,TLD9YHJpJF5SA8Zo9C2nWrwWWLQnZJg6Nu,1000.0,13395900,13.3959,2024-04-07,1
2024-04,f242b65e0c74b7999cfc5138cf67b8706fbecd95ca354cb086a3f7ddf095a673,TCcfHLv9pTZX2gQSkPxoP4asgUwpuqL9Mz,TTpJjDZRPg7ZdLyZiBtfkZv9VZTbdTjPMK,0.002,0,0.0,2024-04-07,1
2024-04,3ea85c07df8fe11ae84fb39d3bf5e000cd49c708ed21a28071028fb36fbbd831,TM1zzNDZD2DPASbKcgdVoTYhfmYgtfwx9R,THpNhHiAi4a946DqJgpUzZWast8JBn5R88,203.08,0,0.0,2024-04-07,1
2024-04,7d75e1c2f4424fac2f0128e661ab83710718f372d9734d46434843c8cd244627,TX6QuBXpDQsM7D5mYggEFjx9TAY3sBEr1E,TVRfKKwjW5b1pdi4bqSPfU4KUPknYne6v9,10000.0,0,0.0,2024-04-07,1
2024-04,97935ca26e2c93a4c1bc80f27dac751d6cb42e96e5be508ba8647ff3ad8d3736,TM1zzNDZD2DPASbKcgdVoTYhfmYgtfwx9R,TNuZQmqfDiue4Mjg5hWnZ4yj62zdXTvEwL,1357.7,0,0.0,2024-04-07,1
2024-04,816611871a1ee3da534ae044aa2a01c81ebce079003a583cab2a75e26163b2b1,TSawL7y76AXy7QDR2GwEQdPQZ8s63CTngS,TFgEH5jNhmt2swJp56tPLnqjeXddE3R4jw,50000.0,13395900,13.3959,2024-04-07,1
2024-04,3b0cf8fded157f19f1caf8810f0dc046e1991190e45bbb47fc8e9463e77b853f,TUpdfmtEH5Mj8qGRB3sfCZes3TFnu9ix4k,TSWAmjwiUVRD1rfgcoc4Tw9vduZAaWSMWJ,1299.29,27600900,27.6009,2024-04-07,1
2024-04,7312f6f41933cbf6dc0651e63fb7d0a04377f617af3ac8ba0803af1e0429c41a,TCCwQTDPodnpn62a7xeGtEjpujBqHxkL8d,TJGoPFULDUYK6jNEXHbXGwiDkYiXeK3SeY,29.0,13740900,13.7409,2024-04-07,1
2024-04,5dd579b7a7acf3b7c0c6277e9c3fd69165dab2454ffd32abe185261974e9e940,TSLBuosFPFFwSR5Hm1jPvTk1GAkk6xaXeZ,TWAjKgL63AySDs3WLsZXURDyiAGFnopCcp,0.001374,345000,0.345,2024-04-07,1
2024-04,2edffc4cdb56320e162db0202362e98db07ffe6a6340fec7f70e5128b37b6f26,TJDENsfBJs4RFETt1X1W8wMDc8M5XnJhCe,TETCVx5k2NjWxTtZUFEuwUMPHuiP1k2sSm,22.2,0,0.0,2024-04-08,1
2024-04,5d48e31f6ca589897d77c15dd0fe20af60e659c3c309cd4ff44b01c9d403cd87,TZHF6a17t1wWYBvzunaatrq1WbdR9sixaj,TKJxynkaadCLjyJTwHjVf6fr7dWYrsw92E,4415.0,13740900,13.7409,2024-04-08,1
2024-04,8870b528886d305aa371eb51aea361b8baaeea7733754f017714a85b017f9eff,TS7mgd68uJSJ18mHaKx1QmS924EizeF4N3,TUshNxPWg8nMAWj6TXCz8VmLRVxVpvZCVg,30000.0,345000,0.345,2024-04-08,1
2024-04,f86315155668d917e7a4ae4aeecb578f0713cec044d1b1f39cddc41fb2f03c97,TBMHhZ8hhWspa8EdPU1tiDXXuzu6rQNR6K,TYKYW2Kdt1vyeb22Jy1kjYnCRgMSwkSbX9,0.0,378000,0.378,2024-04-08,1
2024-04,4da650b1f00e13123bd4397fc3744c0aeb8d122668940f1a372e6f93cd99cbf2,TDqSquXBgUCLYvYC4XZgrprLK589dkhSCf,TRkUwdg8Q1YHpVKFUHHkrs3damRoKR9Vwq,1577.804515,0,0.0,2024-04-08,1
2024-04,965467971556ff43c1f795ab497871074b07861d2609cf4795569fd85ffd4f4c,TJDENsfBJs4RFETt1X1W8wMDc8M5XnJhCe,TT7pLgAFUGGCGM9x8XR3C2qyzZC9MMZpKD,110.245686,0,0.0,2024-04-08,1
2024-04,39ca1202b69d68d2bdb4c16908eee2911962002ecc9f6616e33c2c7af799ae76,TAzsQ9Gx8eqFNFSKbeXrbi45CuVPHzA8wr,TSrhuwnQFgQco2MNk8mQXaHhBnE9DMDRt5,142.706311,0,0.0,2024-04-08,1
2024-04,12d7ce008579ff2e1423d876e18f9b05ee7fba88048ede4607381f51e83675e7,TWT3L694985N2sF8aCQpMbtpxCUgRPsfME,TC8WXPfU2g3Xa2ydBkgcvd2QyzDhyK7d2p,71.390225,0,0.0,2024-04-08,1
2024-04,da97f23c60c853c33e084348c52efb0e391203922b1b21cb219fb1c33f416e5a,TNzJiz52EioU6oZfKUEBFoEenNm3rRgYsH,TBwZCdTWX5CAthmFUMojyrcp5eMSfrrQSp,500.8,345000,0.345,2024-04-08,1
2024-04,ca606a2b64ff863f01e005163acede76bfed8759e9c83f7586d99ccbe46f01df,TQrY8tryqsYVCYS3MFbtffiPp2ccyn4STm,TCc9E442cD6834czfMGHygLHNjDvq6RLfc,50.0,13395900,13.3959,2024-04-08,1
2024-05,591c5d2d51b0ad0e739b60043b06498049e35cf5334fb1e2aa7e0299f50fbbcd,TJbHp48Shg4tTD5x6fKkU7PodggL5mjcJP,THaQ8DHaawBpcst5yaPhEarZ5NhqunvmVe,200.0,0,0.0,2024-05-07,1
2024-05,c1529a626a73ca1abe43f40c1927faf30120388c8aebb51e94d92eb7e16302a4,TJbHp48Shg4tTD5x6fKkU7PodggL5mjcJP,TBunHshRXSmFqyv9RiueJC1eXX5QE6UqNZ,38.8349,0,0.0,2024-05-07,1
2024-05,6855cd83dafa636faf9d2dfc7b9782842f064aaa10347eecc93fa4918a8dc631,TS8mnRC1GbmqkHXYQyjtvSXvHzAkKXPZjg,TR3Y5cYicN7beNMCvgMhx2BNYYgGqid4MY,0.094843,0,0.0,2024-05-07,1
2024-05,9f9f82ff1f0f3cee48e040f8983be4cc5dcbad17d91435a9bf538cbd69f432c6,TW7fgWi2JK5Ah4qWwgjtbc7HsrZwXKF21B,TAkYPWQFpiXCEyHBdi2YTZ21LZdYB4EWpK,0.0017,0,0.0,2024-05-07,1
2024-05,334401fb964ce35208e514cdb426658b81c30ac51ed86bb836c99386ec38f75f,TEfZFRpsF3wf9nkUumfgX2T3csMyVYFc9W,TXji1XryGmRNz4WwkBUyUokuPkjKs41sTd,1500.0,345000,0.345,2024-05-07,1
2024-05,a76af4b1602086c4241ba37846558090e25769117cd433f058a2f1af0595fe5e,TL9b9NBHYke9nCkxCiFr5W317x7Z5295Yt,TC4eeddhsBiSMDadztqAM9JrdUvyCTVHe3,25.061635,13395900,13.3959,2024-05-08,1
2024-05,db6fb15442bf08f6758bff42f1c7b4956a4d106d03ef54d1ac4ca923479e5bae,TX7VGePoJure7z776tLestVUfBJR666666,TCcxMfjmCqRjV4GszKkJfvBsqprFMVTeuo,0.6002,0,0.0,2024-05-08,1
2024-05,813a95b97b6ce16603d9e8fd3faee2b2a313d0c2c16cae15b12dfcd705b4cb12,TDjY7BHCwuAg896V4dUwvocCzAPwWPddXv,TB6mv3X7C7SCiJokGxboHhUAbb8ppW3BVh,177.0,0,0.0,2024-05-08,1
2024-05,06c2ecf0c24858c9c220a3be0f5a25c41b634061359ebe7b9deaca5766d1769f,TBRAeo2yQYoxNUYxR1bs35T4rjBoQK9AvY,TBDM1tw7g5HrSzh5B4uhwDov9xEgHMJhqh,1500.0,13740900,13.7409,2024-05-08,1
2024-05,d51a3f924ef3cb807d5c062474d3b9f6e1ccb26de0c38be53ac34bc4abb1e969,TYASr5UV6HEcXatwdFQfmLVUqQQQMUxHLS,TAX3MVuYZLTN11U5S4ZxDaNrcrmY3mzjxE,14.18585,0,0.0,2024-05-08,1
2024-05,c5376c30cd7016064d2b5d42741ddf73f9a3369cd0dfe6504f8ff75b37fbfed4,TY6LNpATyf9DX73wZNmJbFmgqishJqGM8Y,TR3Y5cYicN7beNMCvgMhx2BNYYgGqid4MY,0.094843,0,0.0,2024-05-08,1
2024-05,b83f056037d01694d37b9ce67d656df3fb8e559f52864058c7ea649f6b874e9b,TR3Y5cYicN7beNMCvgMhx2BNYYgGqid4MY,TY2pYPwRCX8K2oxkzXmuTc8UwLN75fcbh4,0.606973,0,0.0,2024-05-08,1
2024-05,37498d3eef213d4b5ad9249e57084ad5313ba2ff7fb66b9b2b3a6d90e2016379,TAjY6AJzTFRtJSGQH1GygRrv3v5L99oPBb,TWb7gTW2qFpuYJtazrmH8imVT5CyFEsaYj,503760.79863,0,0.0,2024-05-08,1
2024-05,a6ae1ea6599dceab750a1952836fa8f71d4291581d8fbf825a6423d7c3cd279c,TPaKPnP2GBveKT9RDwqsAPLGDgw5NRKaej,TB73gtW1hsTxxA9XUYKLSJKTSHw6Jk53eH,747.458944,0,0.0,2024-05-08,1
2024-05,65a67a2b0873a639a69a516a8582b916765825dbe91314c183a951f7f810a34e,TAARqdtfQ4xSG7VSiHi2LJUpn53JJgsGFD,TJy2LR9FFrP7ZQw99CRfHeiFCG2RZUasGF,93.529376,13395900,13.3959,2024-05-08,1
2024-05,a821f5eaf3ed4ffe5b902f221614298815e7e79c3b522222ad817e632e179828,TYASr5UV6HEcXatwdFQfmLVUqQQQMUxHLS,TJtkZnz1d4B8bybsXwFvUQWK5joQU1bYoU,173.32,0,0.0,2024-05-08,1
2024-05,525aeb2391ec1a9fc4cd8e121db7051688081148ee6d16ddf0ab039010cf15dd,TWWp2MwhTDBHkLpMtxecmYFLur813Co3gW,TD3oAfdQCPjEesYdhNpMZu1gJJ7WB16jX7,0.094843,0,0.0,2024-05-08,1
2024-05,fe8f576a3ac9c5dfbdd77d329d7f3b39212fd2f8d1bee58a3409ce53d5edc6b2,TTGAEewFNf6JwJQ8LPQ7ABwLUPgfbLpza9,TSDnHutviJVXhHcfQeyzhMjygs3vnfhKYk,44.0,345000,0.345,2024-05-08,1
2024-05,819b705be15a5f12b9dfe855908480f69318d500a7edb0a0861d9db788490612,TKa2xYfLKzvbFNRSQdETmpXSLDL5LkTPUB,TWBPGLwQw2EbqYLLw1DJnTDt2ZQ9yJW1JJ,5000.0,13395900,13.3959,2024-05-08,1
2024-05,d8dc3edd1d6a75fc72f554cbaef7fca64981111d89ca110a47ddd5ad3fbf491a,TWw5saZLXLFQkdua7MoecYtsadgzUjZMGv,THa9qGPf8SufjDeAs79HVPmfm6uDiQgx4g,0.094843,0,0.0,2024-05-08,1
2024-06,eb7a839bcb1c9bdb5966fdad33019d00cd649bc1ceaf9e8d7f5e2d3ed7bade36,TKKhAJSx1byfMMhi8sqctfu6pZ2G8DDv2M,TL1TS1Z9GeF1kidjhR9Jr3gYyxQcrKsCkb,0.001501,345000,0.345,2024-06-07,1
2024-06,5c87726ca0bde86f2e6070f7937b8d818e3c88c0bba17710788e5a59d444435c,TFvtA8en6orxycqXEZxpdaoRaZLC8RxHRC,TFPkGKr8x7xTAbLXfv1RuoU7zHVGFDXuts,180000.0,13395900,13.3959,2024-06-07,1
2024-06,9b70dba579a46e4cbb978b030ff97f806da65003ce3e1ee0c4687658c299b0df,TJSMdzbnnR2ZqnWNS41oXJB5YKnrJXDMbg,TSbACp2M9MoRpQDHsgNjhT7yuswBHu4Vkf,200.0,27255900,27.2559,2024-06-07,1
2024-06,ed2bfe07b57c8ba58845c50da4632916ee94d2963591669814bf99dbbf95f4e6,TM1zzNDZD2DPASbKcgdVoTYhfmYgtfwx9R,TTEe6AjkzRhrPvq9wJLug1J7EgDwZhjXDL,99.0,0,0.0,2024-06-07,1
2024-06,5ee8751ad0e42bc7d108ecfd5d0e631b1140aa7d7fa9e50ffbad52e17f940747,TDE9DULDw3B2iGr8XEaNj4vN74jdUeyCFq,TV1BSUBkaZZntTHYmrvDtwG2eFJGqBvdyJ,199900.0,13740900,13.7409,2024-06-07,1
2024-06,e40a1fc31b8448ac51f9c516f937f74a89c1bbcb076b6311cf4fee9c8faa3a7d,TM1zzNDZD2DPASbKcgdVoTYhfmYgtfwx9R,TGmg1DpTygSqSkZeAbz6Ug5RLMd3nXoa6V,274.05,0,0.0,2024-06-07,1
2024-06,cae40e92ce2836c6f53db63b6992597d79442e86ac16de8aff2856cdd282c714,TXUyfRxZYXjykBncFZhrNyJNQptFmQKeJY,TMvM54bf7Xb3Xu3xggMZFY7E4n6tADEQot,2702.7,346000,0.346,2024-06-07,1
2024-06,09ae500d106e6c343db10d58591a7b693c9e988f4509350df81c0b14c196f041,TPkxy9ZxJPKURJpc1F9EckXGZkYJu23wJu,TQmVzR2rfAzDbCWpFSx56HtUc9Vh5UsXgB,0.035164,0,0.0,2024-06-07,1
2024-06,48df00a71bf5662e2f2d71bedbd081476e3a53b8f95807685eb7f841cd41c16c,TFPD7aVAEzPBQvR97xEQWGKqmrLmXZ6wBo,TXus2hPSU5bWe5ACuDv5dgSNi2HW9Hrkyc,16.0,345000,0.345,2024-06-07,1
2024-06,42eb7df012c2c477dbcb722a3832e2859ba56b849e7ed46b81d95a5e464e4819,TAuurWjQqTV2YfdLEAmZ194SSp9PG27kEa,TXYwKmPyQiUQuPFwGhFZDgH38hW5qLvzpJ,2000.0,13740900,13.7409,2024-06-07,1
2024-06,f8aceeb4ebeab06fab9119706eb4997a6beb8f6f8ce2108291ba4725154a8553,TDqSquXBgUCLYvYC4XZgrprLK589dkhSCf,TSRMwUzreGRZUmBBNpGjhgTdLQQUjwrkXL,388.63,0,0.0,2024-06-08,1
2024-06,5fca24408154cca5385db3855f40f07e176cffe5fd590adca21473bd206ca0d5,TQrY8tryqsYVCYS3MFbtffiPp2ccyn4STm,TXh3fsKC3UyuE86sNZKs7dq3MNBAjEkUkR,69.0,0,0.0,2024-06-08,1
2024-06,fd9f05d74cb8a113a5c7097bf655c7372c99be0e7e587fb393bedc3127314e61,TDqSquXBgUCLYvYC4XZgrprLK589dkhSCf,TPukwnA3rpfWmdys4rqhziSpj4JCSexjxR,200.0,0,0.0,2024-06-08,1
2024-06,fbc05984e5855d94e6f57f0806f002da44752dfe479c2197246af6eba6cd6524,TLbiX2SQ9joN8dcRG3FS95CEkRNFbjCM5x,TCSL1qLe3rfbeD5uZJbp8YBU9rRntgv9zH,20.0,13395900,13.3959,2024-06-08,1
2024-06,f91708baf218bd134b2d7b543be30f40a4fa13c00501341f30ea69b40728cb03,TAzsQ9Gx8eqFNFSKbeXrbi45CuVPHzA8wr,TAGzz6hFdV9aZoLjXjvF1KXwafiLQiE5zQ,136.0,0,0.0,2024-06-08,1
2024-06,b5f2158ddf59768db3e34bbb3f9161fe1e5d21f317be2c1ace851bca3139f463,TJDENsfBJs4RFETt1X1W8wMDc8M5XnJhCe,TCuY1uEEcasrYCKqBa1M7x2HqzdMiaK6QF,11.0,0,0.0,2024-06-08,1
2024-06,99091c09e9e67f4152d6a67aa3ed1560004ba9e507f7eb6c52982929f907241c,THRYLmLZdjhcdtjh2KtJFVBDKakLCPrvyY,TP5MCWSY7Gnyq6vjfXBfnLiiDEKR66Yr9S,69.34,346000,0.346,2024-06-08,1
2024-06,f0978d253509cd2ca6dcdbe787df10e76c544d8a88fb7e5f6af86c9464d58231,TXKsWRQVdSrWzfgGZC3qpRKeudqKXWG3yz,TCfc36VcVeczFyG7S8Mp23m4CyQLDEz8fZ,61.0,0,0.0,2024-06-08,1
2024-06,01c3f499280c3616ee0a38c06024d1bac05edaafb5c762d6a057bba882aee5bc,TAzsQ9Gx8eqFNFSKbeXrbi45CuVPHzA8wr,TRVoe61vXmJwz4TxYyrNnegS61Harw7XQK,20.0,0,0.0,2024-06-08,1
2024-06,63ac6d3d447f663cc7350dc56b78abc4892ca962fa50e3ab39ae34340014b0c0,TRweUmvnN3LimPe63TMHXYK1gBkjfyb1gW,TPQhkPk1G3v2dZYPucDue718pAUY23NKXu,3300.0,345000,0.345,2024-06-08,1
2024-07,eb2f1e271f3276e96eac4b503f9ad39c569f2436550b7ea51584cbc5e208d8d3,TPmfX6fwXCzd5oPJmMvyDwhwNnV3eT2Wz7,TTdjXyvcPinDFg5XWPtdCtT8SVJaURkzsU,60.0,13740900,13.7409,2024-07-07,1
2024-07,a8adc33975c6642f77ce1b75e98646ac7443b7aa5327a8091650fff82cdc6098,TQ2y2WdCSa4L55SuospLzdo3bQZR2c91cR,TG542b5wvCo4MmXRs6gYeqrneyxfobWRsJ,48.0,345000,0.345,2024-07-07,1
2024-07,9b72ad6560b41f1b0f2087ee0720faa26feead6da7ff0d2d74bcd65cf4771ba6,TT4EJhmVKEPWkYRPq2u4GKwYXRrwDy1smH,TV6otEoRKKbf3UK7KJFKpKqyuMio7HsG8x,50.0,12376140,12.37614,2024-07-07,1
2024-07,6e21b9dac7247b4b755c1ae5edae6a127334fb391f50988164ce35112f6ab44b,TDvZwrF86a4GzTXQcPqanVnDoCEBr22222,TFdY9hHUp127BMxdCvEV9u4mSKAUaxB5Eb,0.001766,345000,0.345,2024-07-07,1
2024-07,0d322339c52516e20580ce1f41e5af593e0c6d08c2b6a45e218f3c208de67dc8,THVw2EVXPNPQbLQUiyNxKoYFS8JEfHeXPb,TByc6q13HoLGeP93SV9pABPMnQ9hF5PTAQ,60.38007,0,0.0,2024-07-07,1
2024-07,32ff1ab583bd8f7e176c945cc47d95c73e6d6c6963fce0d46239e427e1682893,TVo97jwfVYq1cf4xRTB6NAecwENYxGkE3G,TFuLfvUmQDapzztesiyKbU6NoF1oATkKzw,600.0,27255900,27.2559,2024-07-07,1
2024-07,6e57f8da69674ed142c99ba0beecfbb3d34500ee38ab5ef10eeb8d56503b3456,TPHHBErDYTE7oQQ8tmUpaWVYWqkUkAp4oL,TVVoxFb1Vd81NMJeVd2viznHvsQRHdjeA7,300.11,13395900,13.3959,2024-07-07,1
2024-07,7138d535691ef463029d4b7ca56c0f49551a975e11327a34c7c32fc7aa9efca6,TJeKfEvrxhAQ68ifcu29Tr6n4MhxCK7NgS,TRjDrCMANB78tMHEt9BgYw3ciBfErHVnnn,0.024817,0,0.0,2024-07-07,1
2024-07,cca1a242a4a2f97e4f28389a1134bc976cfb43dc282392dc77f133c66b5c5f79,TVPTKBjkQwEUCygcsqUXgZggth8zx4YEw6,TYYiMhpkLcmRdABnRmVJyj6oUezaRog2Qe,0.001,345000,0.345,2024-07-07,1
2024-07,c90214b63655750f66cbe517b401eb5f18f78679212693309e897bce38008446,TWDZYkkRSr25CFD5kYrtg8JVjSnzgL6T2D,TJ2acdZjYE4tSN149FEbVYi8MaiYq766Fu,1000.0,0,0.0,2024-07-07,1
2024-07,d78dc9347320459a65577e2026f64f3fd68a79430f3f1a976a374f54ca0895c2,TAzsQ9Gx8eqFNFSKbeXrbi45CuVPHzA8wr,TT7EwyoqdFfXvUqT5gM3tmq7B8TGSsvtcv,301.5,0,0.0,2024-07-08,1
2024-07,f3974bd9d26b4eb3267e23432b3f2336309887289946e5aab01c3332ec5fc39c,TKiDkqQMXt4pvxpC4Zeh1aLFzcY7he5hTU,TMyyK4uJ5G19eicH99qu4fKNpU1k8SwJTA,0.0101,345000,0.345,2024-07-08,1
2024-07,4af47d90774552cf6927d2dfdd8b7ea70c4403a297614aa93f246f3020b15710,TGYtzBaDeKkdym9jcMmcUMNU53NpzbqCUS,TKiDkqQMXt4pvxpC4Zeh1aLFzcY7he5hTU,0.3121,0,0.0,2024-07-08,1
2024-07,153e67887d19c2979e523250e355207389ff6043618a78e311581b685ec7f8c4,TDqSquXBgUCLYvYC4XZgrprLK589dkhSCf,TB8YNzPDrv9C1UEZ4JAaRd7ezzHjcnZ5Up,149.0,0,0.0,2024-07-08,1
2024-07,874a9328d8f0de07376fafbc10497f09f6798e9b414a9ea454dbec117e3e94ff,TRoQAgvyKxu9hMSW98L6B5oCcZ4EWfE9pv,TRvfghQoRP1PDkCMRfq5YwHnLpptang999,472.0,345000,0.345,2024-07-08,1
2024-07,3f56c1192c599cabac392452a0a20a1a1137581713475ec809fcd3b96ab52b94,TRgbAQ218akZatUEgh6mDqpqSSD6YkM5FH,TGRhAUWaJ9CNnGevvGF1FE88zgpKYkHtaT,4.275,345000,0.345,2024-07-08,1
2024-07,c09dc757db06e0698493547053e56824853c284d108683327ab631a4cca2f8c8,TJDENsfBJs4RFETt1X1W8wMDc8M5XnJhCe,TUpqCvtpbzAu2HB7T3rD5H6hqJcN3shHGT,14.0,0,0.0,2024-07-08,1
2024-07,5d9718d10f9cdcd322922e0a65f81363dfce354ac3eb20018db38b88cdf99619,TPzaRmRTaemVZUMAaqkf2x6VVShgoJfkLF,TAuMbbjv6DhSmY985BNQ8ubj3qXXhyqsXN,1260.65845,0,0.0,2024-07-08,1
2024-07,b1991ce6403967706af9a2e2030c074f4e23df24b957482ef286584664e32cc7,TFdY9hHUp127BMxdCvEV9u4mSKAUaxB5Eb,TPUK1ztbLszgEyVZPc7Gah1iFHk2vXJfZ1,0.001765,0,0.0,2024-07-08,1
2024-07,67098c9cb12854e74db4568a7bfc98ef2348fa75fd7f02f72f6a1e68c70a92a1,TFUcv8H7wCyaTFkH5ESGxuAChbpnJBZ43F,TMby26ECvHdph9kn34Fa4AjKRzRZBDXvEZ,50.0,345000,0.345,2024-07-08,1
2024-08,35cbbb663483aa950fa2ca31f7efa39f4485ee04bc4bc4d0f7edf0703233d1a8,TGf9PYNG77uEshY2PGdDWXY2PNYKU41kke,TGYZwTJwhNpQHdwTehtsBPeHcVqkJKtPXr,1000.0,26252520,26.25252,2024-08-07,1
2024-08,66d1ceffcaf80f5931f73a106ae3bcd31b07b8c7af1ca1b40ac038566ed8e471,TCmY23upMTjk3W5FX15KqpeQQqaVfQHDnW,TYS4zjFf1Q447du8XGoeSVjw4wvHDPp2Hv,17000.0,345000,0.345,2024-08-07,1
2024-08,1564382fa3ca3fcb711c8d70ccc5d007cf94dd12f960a70ccae7fa08b5182275,TQG1bkxnQ8iNiAKCwxbDiHvfie6SNjtGyB,TVZPLq3DEq6vubo1VJnmSBYADsu9fYJJgj,3000.0,0,0.0,2024-08-07,1
2024-08,7711c5c431a9271968c79899617d4642296089e75da42717711fbf75763852bf,TLvaxRSAgZA2aXbJ9x34H53wZ4DwBaevEs,TTvDaNWWGRWUa4nEwnaM88bPvPiF4RuR4T,1.011937,0,0.0,2024-08-07,1
2024-08,edff0272e3d9a973ae3b20b1168aa87767a554fa4b4333341670f3a7cc151d85,TSHvaPrXn4os4DJMZEmS7ae9yMDDRt44ay,TBH2KY8ferobbuvxpcyPUGm7hm3SdxJbe9,5000.0,27600900,27.6009,2024-08-07,1
2024-08,c7172ad27a4396c9747ea03bb5c70ef1918c6f55ac747ae3d3edd32c2b3066dc,TGxqer43ujCx6Gwn4gs6BEA6vdsojryCbe,TAGzCENNNbfxZzoY5jaLDaFXkp35uPz4sB,310.0,13740900,13.7409,2024-08-07,1
2024-08,9492ac8709a3bbd30cdc2bac3d7deff6513c54363c91340579be6d3e3ff853d5,TYUi5f8CngGuxPhPhPYNeD12iBAirUPcDL,TLSsqNpmzFQMGcKWX2o3KYJSUT3X7FDB9q,1626.0,345000,0.345,2024-08-07,1
2024-08,09c1f29e26a50991f688ebbc8aad535f99d5f5447af71f0fbc756586591ac079,TUAts4DgSWCAyNQrcz88MzSTMvpK7GWsnX,TQWuFiPK2SLeQ2gudYuzpyXsN3g1Q1WLP5,1500.0,0,0.0,2024-08-07,1
2024-08,04a4bff4fc85bce89e9bb80ba22f2cee5791a9aaa8db08386bbc23e89953d12e,TJkuKaZy4baf6xa47C5VuPDBZio1ofnvTg,TJ3mLBW9audAymVPeU3G9AGSkiPgFrSSzL,0.0101,345000,0.345,2024-08-08,1
2024-08,6b4b113b4d7fad583457d470292f5ae4ecfd375259acdb02d730dc843472cd6e,TGYtzBaDeKkdym9jcMmcUMNU53NpzbqCUS,TFCsC3AzX9ALKgxUPZDPz7M96C4QoDuYNZ,0.03101,347000,0.347,2024-08-08,1
2024-08,fc4e5eb1cb9ff1983043f755f3a6f7a211b7f07f71e752223b0e0809a247da60,TFrDZx3QDVgpzGvefVHWhDtxG67y25qYDY,TKe9UsZNjVU6yshvH2LveyQkqFgry8niWf,0.0,0,0.0,2024-08-08,1
2024-08,725b06655869bc119d9d20051df334444459b4071bf4f2c3db38256469e75c39,TUKPfJQKELZTfFFUUgeckPZT9EDXv8DYdN,TES1PgfoTE8fMRBWeyJgxqmRB2uss74nVm,271.0,346000,0.346,2024-08-08,1
2024-08,d943579e7a19b57afd033efbf8c1513418ca037218b3c126cbec9646952bb333,TDqSquXBgUCLYvYC4XZgrprLK589dkhSCf,THf7QejDzzPzc5MPhFq1NHcKnX4cEsV97u,99.0,0,0.0,2024-08-08,1
2024-08,8653eb76ccd7e39bd4d94401282924ebb7bd90047428b19b5240a470664cf9aa,TCE9p1EGxeXDqKsLejTb1VFWoGyBqxGJF6,TGCFc2N5yDmrXEFoWyYWkuQqrqtU74cxRv,0.03195,0,0.0,2024-08-08,1
2024-08,c1934bfd11d5f37e50131757d92c0ef19c07687f84190fbf13b30063f00cc865,TC2a7nrvMgDXmf13YGpud2heDwZn718p5F,TCyPfm52uuBafW5CdEvcUgoDbzScYNDB87,0.0101,345000,0.345,2024-08-08,1
2024-08,945b8b744908e1ea747ddf5e2a9f7810b8ef741a347eba057b38f17e4b5b7d40,TDEx4r2ayVEiuHWgwFeipSiD1HbxyCxux9,TNWVQeDRXFbBosENKTJ5y1A2XMrfuinfFy,200.0,0,0.0,2024-08-08,1
2024-08,316b1d075f2415179194eddcb09f7127dc138d84a14d4bb5364e23fd70679ec1,TTdd1ftfonXgEFsowLTa9GpN1VJU9Lam8C,TBscaZkaSdhzbmDwK8Umc7TD6u7hXSpfCe,51.0,13740900,13.7409,2024-08-08,1
2024-08,1009191cd692f326129589a5a78724cffe25ee25411b77a5896f810ab1b986a7,TQrY8tryqsYVCYS3MFbtffiPp2ccyn4STm,TN5rrNCQj5gUZ8Jg8aDxVxU9W2SSiYc1ga,12.76,0,0.0,2024-08-08,1
2024-08,f52597a0b535250708701ff79d7c0538bb63ad2d3859836372c6e6ab18d82d05,TS3gotxwnDp9RTSSkQ85uYDMohAxtaDJ91,TDNteMmtLpzezxk2sz7E684BetcUfogEyD,1298.701298,0,0.0,2024-08-08,1
2024-08,96b1f1f538a2724fff8e68072b2140bf3d31872b000a1f243f8ab858fb16d67a,TEQ6WB4gqRUzgmk3suJbwpBUdpAcrhfvmg,TQyHQuJYw7vFU5EGKioHE2ejaeabWJgyEr,0.020001,0,0.0,2024-08-08,1
2024-09,10466e2dbc4d4cd356eee6610610d65995fc08d75f596d1d90c2ac6ffb968324,TRxXfiLYBvgcB8oPccNr2hVx5p9CgVdi6h,TPrNvUjc1eojJagHuvoA7x4uuLo8EU8sK7,0.05399,345000,0.345,2024-09-07,1
2024-09,77c671cb1e5f40d31031de119a0756de6d170d6589990d829d4455b3b746b28c,TNkcBq326NQj8kN4BpZEGuB87mG9UJwtvV,TBcaPfKh2am6Fyn8FAQPDycARgdJ85VwDZ,0.03101,0,0.0,2024-09-07,1
2024-09,af6bdd5d4c9cc76841fa12ad44420459238f4ad3bd3f0ef01bc7bfcc943e8b8f,TM1zzNDZD2DPASbKcgdVoTYhfmYgtfwx9R,TC53pSssEDggkQLXM2rrvBHRCHX1yQz1nY,419.16,0,0.0,2024-09-07,1
2024-09,437bf924700d49df118fa4367aa3ed223bf95cccc6cf4515c49a72303b9b1e31,TDChbPc5pkccfYptEYnPcw7TfR7QBDnnvY,TRxXfiLYBvgcB8oPccNr2hVx5p9CgVdi6h,0.59289,0,0.0,2024-09-07,1
2024-09,6a0a94700c2123a55cc5c8ee839d3a4b7bc902b1b1b995262602e4a0503e4608,TM1zzNDZD2DPASbKcgdVoTYhfmYgtfwx9R,TRhqvacdcMb4o3545uUeeN1qVj2CJi8sb8,300.0,0,0.0,2024-09-07,1
2024-09,ab95b8a1a32b1064eebe43dcd78d13a6533c97c5179c8017dcbf3e58010125e3,THUemBpHYVDhgeCpkWtifcTTLdbjaSfZ66,TDumZw9f4MB27CnHuJ1Ths4WW6HBa9w146,0.0301,0,0.0,2024-09-07,1
2024-09,1b3fcf7a4068242eea2acdfd1ba68020b09d10e577c16d09a4c5e120107dbe03,TSVmF1Qap6rgKVUiTWdwaLUETzveKhibnR,TUWZPykZCrCXjSAJTYQ6MWAXjk93KPrATU,28.12,13740900,13.7409,2024-09-07,1
2024-09,09eb4d6caa9cabd5a35b4147d0f54118c2abccbf5adba456a00bc3510e7ee2ed,TDEA1UnGUPETFiYs2uoZqjPjphJEaEGqTr,TL7FrijkLdfY6rguc6pWGtyshAcncvFMdB,78.88,0,0.0,2024-09-07,1
2024-09,72198cf2cd12209d8becedfe0c7925de01b69ad8898a4aa1992cae87e49090d6,TKJSdh25oaYfWZYkzNtg5dtC7fyCB6W4JJ,TUqYeyZ5prcNpaqDiAjVzCZvkoSfeRKadg,0.06778,0,0.0,2024-09-07,1
2024-09,346e54e437378a17dc6a464aec1e08f8f9fb90d16b092d4b04637c6992f8cb71,TRydzLHqiyuUh5yvwVrf1DmjibovXg1JRx,TFygqh4KMuJtGHKdBM6zCmcgBCsEAXX7nY,70.72,346000,0.346,2024-09-07,1
2024-09,85d89f8c2a21d104f47498a7876a202d548d6ce841be517c1faf8f0e871b2c5d,TAzsQ9Gx8eqFNFSKbeXrbi45CuVPHzA8wr,TAyiGGUipdmnCbmkHdc98sFtZjcas1vr3c,57.100544,0,0.0,2024-09-08,1
2024-09,2e546116b2197949cd3b430ee74a54cf521a46f9143fc03425dfcc89ce28ceb9,TJPvT8HzNHdvQMrWSLJmXfUFc1VXbCvHsd,TFTWNgDBkQ5wQoP8RXpRznnHvAVV8x5jLu,8000.0,0,0.0,2024-09-08,1
2024-09,ea1de9106df52c0429016b01b2ef72a40bce61dc24ba936181fe11207cc9ba27,TKLwxwDbHBa5yaW2XwVXmiFt1bo6QtsCmX,TPs3X9wZMU63oMmNGrSuXQN9E2aF4qtRch,87.36,13395900,13.3959,2024-09-08,1
2024-09,90ed39a57e7c0bd4f9e97ee429e0990c59c89cd2c95a696e8ced178108a3a53c,TYASr5UV6HEcXatwdFQfmLVUqQQQMUxHLS,TEGV3BKBn4jSJ5H9TbjNALRGJUsRPze7v6,13966.0,0,0.0,2024-09-08,1
2024-09,7e881951dad30a599df57d915c45ad9faef830892e54112f0b7709e9ea5bfad1,TRmK9phu3uM78TuXdudpr3HUd5ioJ5rc6D,TP7bC2mZ7p5xiwK6YczyRXYbKXNBfWQ7Le,1627.0,0,0.0,2024-09-08,1
2024-09,07e5b112b5e9bcd78da2be7ab7c25f8bd1a16f01841ca9fb265d2a78c1f874a0,TWngWAecfBxqgmsdpJugdbY951d2kBrTcR,TWZFkpNBhpi1WcqrxYfzNqsYP4yCCUvh4G,196.65,13395900,13.3959,2024-09-08,1
2024-09,a774c224b1caeebfee6903dfe98a5ba3a2cf0ef9c1e4cad72b5b26adbd99401a,TJryddNWriuLkn6z19GwEDg8WUVdxCrD7V,TFWxqeaJRt8Xre6FTx8NzWwM1Hmc4iSMYQ,831.22,0,0.0,2024-09-08,1
2024-09,74e9e57163d82d76c48e46252220d57c06c2df28ef77624d66c10b9c6f7b87d6,THTX49psET5xtERr5ZTu1rpA4DJYLXMxuK,TSCBYt5vZwaBQhAyY2vD82G6WJt6Y7ty23,159.63,13395900,13.3959,2024-09-08,1
2024-09,b1f9f55e2056df058d57516320761bf4721321107665465eb0fc7e8146f52689,TDqSquXBgUCLYvYC4XZgrprLK589dkhSCf,TJcHG7JftFct5sP44pupseGWzBtPSxV1nb,99.0,0,0.0,2024-09-08,1
2024-09,f5e915c22117d0faa87b65ca5817289a4999f6a6a455e2202495ef0827411cc4,TJDENsfBJs4RFETt1X1W8wMDc8M5XnJhCe,TJZKiirv76KbUsBnFNYCCMw6QyN3xpW1bD,299.0,0,0.0,2024-09-08,1
2024-10,2d7c45d1849310ce8c9d2bf16a97cf7d7ec01b81685400aadabe8e6669e415df,TSWNREQZx2qoEvhRo4M4UM7SX1akg7zQER,TNS4UmRwn6mmc7bKDt2LYXj2capAYkTvFr,613.072788,0,0.0,2024-10-07,1
2024-10,fb5c2963142a39c9ba07cdbcfbd924dfd773d43b5c14c5b6bff52088150eeb64,TDJteQgMLqrBgmF3KCX2oXXCP9WhCuC8nU,TEPSrSYPDSQ7yXpMFPq91Fb1QEWpMkRGfn,447.21,13499850,13.49985,2024-10-07,1
2024-10,4958631994013cb4f33cd82a24211a2238a4c62737dc16b013118ef0527400a0,TRFcQkX5sDb6Y53X918LqpErARZDzZTUKS,TEtN2JvYudUwW1FWq6Zc7MJwKFqqdbtSxZ,144.09,346000,0.346,2024-10-07,1
2024-10,8208447079a67b10646a040d80f727e194e0ecd0a35ab55a7db94d00d4e2a836,TSnavB2DLR4jFrQP5giv8kJcCoNnxRCpzE,TWJdjJbsWxt3wjidcenfBcWdbXEYauCHmf,300.0,345000,0.345,2024-10-07,1
2024-10,f60094f8381c82bc75df3869a407857d72fab0317f3d20f631bc7554c44215c9,TKWjFxnthUxN5xFJzjqQGG1MZWnBdSeBz6,TEPSrSYPDSQ7yXpMFPq91Fb1QEWpMkRGfn,500.0,13499850,13.49985,2024-10-07,1
2024-10,0db735ba830259f15f0675cca9e91d0f15a55bc14a0b4fc1d46d17f2d422df0f,TVreyZvJWKmcpJGioTzJ81T1JMSXMZ3pV9,TQDiZdZ78Dj6Ey33FcRnrmNM5Aff8J7FJF,700.0,0,0.0,2024-10-07,1
2024-10,8985d6a770b696f87d737812781bbb4ad6fecc60bc38a8ab0c883c03f6f71cb4,TU2JcggVrH7RCa7zw7LHuHQyCc6N7a42au,TBucjDh8XYNsuxQ1RkMvL4QssG7iw3Dz2m,100.0,345000,0.345,2024-10-07,1
2024-10,0d6abd88ab3b936cec2428143bdab27728a965e7cab70cfd107aa60cace184ca,TRxKwDzn9L8JQ3LpDZbHmT1zkimbBGmoth,TEtgtvUFWSHXniFQhE2ndkwcmyodXMq8Hq,1619.409517,13844850,13.84485,2024-10-07,1
2024-10,740ca9119b1e8352386f32caadcaf1bce0457d0baa12131c9ca0151694bec42c,TPU6Qo61C1W9FJ5f8MzQAKTPzNJ4kC8U99,TYjPJghQy357DqkvgTRdohm3fuYjbbEf1n,1.01,0,0.0,2024-10-07,1
2024-10,efa587e1c8247d638324bb05ab0667949420ee06a67b582f0b93810120e44cfa,TDhUN9asteJHFox9ytqKFUUErL6t98WU4x,TUbojUPizaRHJCVTuE1oESff8r6iyCMyrK,50.1,13499850,13.49985,2024-10-07,1
2024-10,e1fc1d186fd7c75988779ecec296b8c9b644c11a6f85a3d6f5e6e9649727578b,TJxARDXPmvnJmUNEPdGoTKPFUVfGNyMpdH,TV56uwBgzNLPTbqpShKh9TmUU6q2RoCBPS,78.0,27359850,27.35985,2024-10-08,1
2024-10,813c5594dc31e677c11d8f018a62e9b67b5b274614f828c9d3b65d5b25b0fa43,TH8tNBq1NJPfDdDksEaeQPjYsL9KCW713M,TS53LxUpPGVWsuVxkZsuwUKpDC3PxVC69K,22781.965156,0,0.0,2024-10-08,1
2024-10,bb205eec1e52b79f20af05d741a91a0d9b226e76dc4c408be247289e6acbec4b,TNXoiAJ3dct8Fjg4M9fkLFh9S2v9TXc32G,THTdqWRF4iKf6nhfe5r6fT5cAQPRjfHKZ5,999.0,0,0.0,2024-10-08,1
2024-10,2afad2c5a1e8eba962eba2dbaaa763c244b9b4dde491b8c13b622ef07f0073ef,TWHLRqyfi8rKQAuHHivdNPzrKufHiwfYMP,TD1FfjjU5nBU4MBkCG669v3EbvJNfAAHyG,40.0,0,0.0,2024-10-08,1
2024-10,701cef4793b82fb453e65237a13012d44de4c554c475ab47dc2adc02f6ba659b,TCLgK89AnXbC9rewvhNb9UgXCc2qJJpBXh,TWNMAFEHYqz4dy3LH6WzxkwapTHzLKJjaz,23.95,0,0.0,2024-10-08,1
2024-10,e980e386af65305139130cda08600fc8b84abb446ef8a3bfaffcd659e6b4f19d,TJ5usJLLwjwn7Pw3TPbdzreG7dvgKzfQ5y,TEBHeYPTmqJ5HaxovrntmbxWFwPxdyTxcH,955.0,0,0.0,2024-10-08,1
2024-10,56ef06811612b8ed95fa9114cdaf6574262ef095d6b3260f6b993b7c8958c087,TJDENsfBJs4RFETt1X1W8wMDc8M5XnJhCe,TWKVFTBxeU2wpEJNiNsZzyJzeSTEBCxiou,250.0,0,0.0,2024-10-08,1
2024-10,6ad31478fce7504681ee57372208b5eb2045c2de8d731c48027c9c55c3acecfe,TWeFMh6JD8EVy6nBQR3vNtnPUNb3r1WGxs,TWS1onJnNTg8tJHomceqxBxTsUB1DHh7PV,20.0,0,0.0,2024-10-08,1
2024-10,6e1225345be9c010ab99dbf3aa485671ea705faf007d3600a36d60b1b5322ab0,TYjPJghQy357DqkvgTRdohm3fuYjbbEf1n,TNUXZ33h7QvUHxS328WQY9feNPZeU2kXzg,1.01,345000,0.345,2024-10-08,1
2024-10,6d8b72fa263bb227a7ad46872122a9338f6c4fd0ee8f3d95dc0b479f27c705a8,TJc3FZJLoCEvk5b8xDxN3M1zNaPoEw4BJV,TTRQ3qTfM7sKJD7Vr6tPfi5G1UW2LcLwAS,530.0,13499850,13.49985,2024-10-08,1
2024-11,25c6ffc52a911613226bf75eaa25da2e83dddeedf7b3faab3a6ce94b33f6330f,TD2qpbAqSe2dDhhevukQGEyy7jDXZM1dGj,TN7tg1fJpHz45ChuxEDEotzhT8iPSQmqEB,10.76,345000,0.345,2024-11-07,1
2024-11,45927bccbd155f95030c05b6d5013742a382222c8c3c6ab8e854b033f2647ebb,TGJF2yJRivd8BaUbNkDsbWcMey5z5H4uic,TU9bgdK5ncE5xF5raVFSmTkveUhvPE2YQz,970.0,27704850,27.70485,2024-11-07,1
2024-11,fceeb4010887ae13bcbee7604ba84c83a5042d9644442a730081f2769d2b2bbd,TCVXSBkic4DZK4DGFC6x1BSRoLQWGchPwe,TQuFSvpct2FeBrKjRh8NDqtGAci2Z15RSa,100000.0,0,0.0,2024-11-07,1
2024-11,2fdb24120bf2f98748a2005ed7a01533a4e8ba1092685de69e81365f3f55fd74,TXbxVNVvgj1eUbwN4DrZfFqw4LxsEZJMnb,TRM4DADkfYroWW4r2tXkMfsPi2maBCoGoj,0.02117,0,0.0,2024-11-07,1
2024-11,0469ebef88a64757a3ff5cfe862364500281ad6de6a8a45758ba793dd1a9cb34,TKyZqpqMtjaEZxKjzBn3qEX3bFQMvyK2UQ,TZCKjqW6PppVrAVGkqgr5zJUf69HkszuSN,981.767,345000,0.345,2024-11-07,1
2024-11,c5108b6b42b6569227c435e18a29d74dd928e95f8bc7434c268ecfacede14bcd,TWGu9i8fD4PLNgXFbqVj4rQFL9z8Emhvix,TCfc36VcVeczFyG7S8Mp23m4CyQLDEz8fZ,128.0,0,0.0,2024-11-07,1
2024-11,3da36169971a1b7229ab5809acbc0b78be7cce8ad0e13c1be78e53476b3a4609,TS9LE5Ny5NfTvj7zEtnmiTGGmMg6JJYHXd,TSwozy3rdMyE4TTDFLe63sXvMRY7SgPTyH,100.0,0,0.0,2024-11-07,1
2024-11,8033a240e504ec1e15ecc55c8ecf66fd20aec2ab39b0248c4534287890646d3c,TWpwcKvVEagw7F5sRsiw4oWUnEYsQX4ad3,THdLegKk9YmtRheCeef2TtJZkqxJyBQxfP,5000.0,345000,0.345,2024-11-07,1
2024-11,5504694275b480e8865c9ad137c6775d819e340c8e112017836ad4446746fd95,TFqbMYCYbseWxj4pPsT1Zu4HzpqSYo9CyD,TRKZWuxZ5pPBoK3ei1nQDnjAo4YyUFUMKB,600.0,13499850,13.49985,2024-11-07,1
2024-11,f8654be8160fb30bde17179f753cd16fe74e24d8e72b7791305ab4db8f67d993,TCPjGSk6BthQVbEgDRFFPd6eT8EujzX7Zp,TKCConFuSEB9KGWNNf3StC3duYBDrm3DyB,186.751695,13844850,13.84485,2024-11-07,1
2024-11,f32213dc993595c13c7a4a2b066f0829e6cfdcd2ba8721b91c0cd04593974bba,TDqSquXBgUCLYvYC4XZgrprLK589dkhSCf,TX1EXN9QtG5yiFRzgsCJVcMny9CawZvAVZ,47.977249,0,0.0,2024-11-08,1
2024-11,00361f08a33053ec310951752c409fc4d01d0d54c1f6225e11598d2ecff74b56,TWBPGLwQw2EbqYLLw1DJnTDt2ZQ9yJW1JJ,TKXCrybaWCGj1Gb8apT3quHsZDRqamzZ5f,9606.1479,345000,0.345,2024-11-08,1
2024-11,c01f818b98a0fa48e84e57fe136849f6febf44fd2e19d5a05f16e645ada4a5a2,TKyZqpqMtjaEZxKjzBn3qEX3bFQMvyK2UQ,TXp4GZdju8FPLPSqHwhinbVPETamwT9sjT,2805.049,345000,0.345,2024-11-08,1
2024-11,98d99aa34c7eeb99650854393d401d946446e927fe8ae5f2e0a12b8c15bade12,TU4vEruvZwLLkSfV9bNw12EJTPvNr7Pvaa,TWEXQX2qQjWVYG1WBdJwmcQYdnhpwdBMF1,110.46,0,0.0,2024-11-08,1
2024-11,3bca43b304c5576710afa337dbaeb3f58d06b262be85c685ed8705f9e0d480cb,TK4ykR48cQQoyFcZ5N4xZCbsBaHcg6n3gJ,TC9eqkbisvU9atzvDvBiP71BcWu13c44Ag,27.4565,0,0.0,2024-11-08,1
2024-11,2447f9bce8fd8b294f10904b86ed61184cb1349211e60abb69790b679e257f3f,TTAENVfdCfXDkUVrm7mXmJQPvJ6g7N3jRR,TCfc36VcVeczFyG7S8Mp23m4CyQLDEz8fZ,1000.0,0,0.0,2024-11-08,1
2024-11,c59d522bf8fee251a310c98d8980d326ff4bc44f4becb7c3309595591d86dd5e,TCP5gm36y7uDWgquNuYmNngdq3NgCDcTNL,TDn5V4DfjXmorr8a5EEdnxC1foRCXFqe6C,1000.0,13845850,13.84585,2024-11-08,1
2024-11,202a599b8ec25258e4ad5afd1c2a3f5d43e21d65cd0c2b454ac1093e95df666d,TSCmFQLjv74t6YbeiASdSgat8kpLtTb92t,TMzxCvdt9rhdPvBNCVunD5VbafgSV7PkQG,61.06,0,0.0,2024-11-08,1
2024-11,e30da45e1be9a55b8131ca3db6287fea6e69603f43fd3ad211c70a127cf94096,TSvjjQ2bfuWJtYM6qDPxsnmNaRtVsLqhfV,TDNV8odpvi1q2ambekiXuzToSwbpUjEoTN,400.0,0,0.0,2024-11-08,1
2024-11,4f528363c552245c9c8723427995e0716db7b950981033e2c9acec2e61fec717,TFyucRqgRMVu3KMDwWeQQq1pChB3BEirDX,TNUY9ztD7AaB15PLxnLPTJ2NukQdjUQxsh,3000.0,345000,0.345,2024-11-08,1
2024-12,6564fa58574feb6600f65f120df533eb38ee815448007a15eba499f0cbda90cf,TNS4jHdEmzR5KxewnTLYtrddfR7hR3RUdn,TBA3W6or6ENyYTsNAaEJXioZCrEwKXiD1m,300.67,346470,0.34647,2024-12-07,1
2024-12,3ac1bd110f66ac83e3af9013619fdcd0a7d01bc1d8cd9d34a857649ed25dc327,TUEfLWQa4o7BLLb8mgJALM3ASpyhsqLnMB,TWd8ovv17GskWCkfQrhrRzN56bQ9uoqNav,104.907902,348000,0.348,2024-12-07,1
2024-12,1f1f8d3003bc2dad0fc94bf28e1f5283d7a3c88544eb105587ac780ff38eb144,TKfhxUQsY9GPsLgN9zvKcVg2aXTLTNgmKe,TSBMCyWw2DV2TNPFDFexrvFzjMxCesE3so,150.0,345000,0.345,2024-12-07,1
2024-12,7d40805d0246f638c17f73f17f4c70b7347ed5e801c60aab2ce0966f17dfda00,TUpHuDkiCCmwaTZBHZvQdwWzGNm5t8J2b9,TWS87eQipeVaqgoHEz4wrnh4Z5H6taHZpg,258.561686,0,0.0,2024-12-07,1
2024-12,3a35f7448ba76ff6ec012d63d059e3f45c8e64fb133624b7e1df936d78e70f00,TDZmNAhbGrrSzZZ8JJx1E3YhnSQ9TZQtYy,TAWtEvzoSBmKSg4Z9GGxn7VbgTk56dpJ6y,394.5,0,0.0,2024-12-07,1
2024-12,909292154342d18e3206253bb1b5f00ab7f08cd13c735efe32a09e28f076b61c,TAw9VTQXTJhRyMB2rKwFNVKnk2NUzr875s,TSnzBomE1yRxdCJapYRgFjxih4w4RNWRqL,5000.0,345000,0.345,2024-12-07,1
2024-12,25bb70c9c99f0ff0aeeb877eec5ee1695efbe2bb7bab38e36b81a6b09ba342f6,TW15pRgLG7J9sLTHfFtS3SD6Rn2VseJzij,TAZ6ECdBiCizxt3n7VnGEkxQcxxe4NcHEN,2177.0,345000,0.345,2024-12-07,1
2024-12,875d7c8480e06607d6f39bd36892026289d8d98ee7a7279792ecb27ac94541ed,TV2xriAMq8zfduK4SUC9yVESF9mvGqpDdz,TKDPQWcuQeoiRLyy5CNbdjTrfBwKo9cR2L,57.0,27359850,27.35985,2024-12-07,1
2024-12,f9019731d03ba05a0eac0c14ea0b47a9b6c4c8596ffb1271eb608750e5bba2f6,TUpHuDkiCCmwaTZBHZvQdwWzGNm5t8J2b9,TZAQna3bTKkCkdDFnCkcYsoKmtotraXFWz,501.072386,0,0.0,2024-12-07,1
2024-12,662bf7c2fd7d3d9eab2556d282a4660135add5a3c90121c957e74b017f865578,TYASr5UV6HEcXatwdFQfmLVUqQQQMUxHLS,TZ1MMwX3Vr3HLkT69RD3ThaP4WfHPpMmNg,284.0,0,0.0,2024-12-08,1
2024-12,51bb95e9de0fd87b9211e78aa3016e6e0fe5e1e4ee38e76a75611dbcd8eaf731,TJqwA7SoZnERE4zW5uDEiPkbz4B66h9TFj,TRzsmXQV3eQi1PiAGQ8eoFneeMiMCDhJ4q,10.98,0,0.0,2024-12-08,1
2024-12,0ea6db3c5df38b161a6f3a80e788ce1be883e39ea2fd0990eb3b9dd7f8bfbc50,TAzsQ9Gx8eqFNFSKbeXrbi45CuVPHzA8wr,TUHbFApmYzFKorrgPTCxSCVwQNBL6Bv2B9,999.0,0,0.0,2024-12-08,1
2024-12,0ad9fd06df843be5335b5380f8dce70fefd807def6ed7f0b2a40922af4993e70,TNXoiAJ3dct8Fjg4M9fkLFh9S2v9TXc32G,TXP7j2KkNbx4biEuy6HzjAGPjxXrK8GyA9,77.88771,0,0.0,2024-12-08,1
2024-12,9900440a869310d7c1d32319aba3d9ab30b007ea934041c3e29c07fb14e34ec3,TBMvgGMeJMHyGnNGHUvR3vugNwmEx7Gvut,THX3ja7wvFrtL1m4QpxJBQzT9MeJAEUDXZ,26.07,345000,0.345,2024-12-08,1
2024-12,a5387fc335e09b8a2b1ecbe4fe2c4b1773893a8ef3cffa78ac92d94a6e4cf200,TNXoiAJ3dct8Fjg4M9fkLFh9S2v9TXc32G,TSpoUX5tWDtb9iHvx67R5aeKQJJzbkuMQR,21.0,0,0.0,2024-12-08,1
2024-12,62f63fd7bed5a8beb54e1f0a32ab7221a1108d0aa9c141475598e42fbbdf30a2,TQrY8tryqsYVCYS3MFbtffiPp2ccyn4STm,TU9vSYKVfrgMqZLgXqVf68HQxyHbC2qLrW,85.01,0,0.0,2024-12-08,1
2024-12,a3872e58e1eda94278fde6c1ac36cebcc743f3b5419772b9226d3f671621835a,THxczp4n45TqVZQQ2FcP5NtL6Jp6PTgPXD,THQMc2SkmhgeMsrrAC5WctAM7afchFkmA8,20000.0,0,0.0,2024-12-08,1
2024-12,f012da778f2439688e2275e83827860c8d2c6f3187b3412ff8e5c73479de56bb,TDqSquXBgUCLYvYC4XZgrprLK589dkhSCf,TKQigyCjsNBE3jWPopTsi2GzfwAoZbGyMZ,12594.451261,0,0.0,2024-12-08,1
2024-12,1f6b8039d7c5e506d9dced8b1e91f13114e904d9996d1ecd78c2a80a41c1413d,TDqSquXBgUCLYvYC4XZgrprLK589dkhSCf,TNVkVvG4K7tTU8mH8M22iMn9NAsf5FTYL6,403.62,0,0.0,2024-12-08,1
2024-12,5ceefb87563ffb259e2c3551662800f05b12300e4f2fdfe681e810a616c63b6c,TJDENsfBJs4RFETt1X1W8wMDc8M5XnJhCe,TP9fv8JUXo5wn1R9arsbmYXGtU2dA2Ua54,100.61,0,0.0,2024-12-08,1
2025-01,c86ac62cc0e6dbc3e6b80ad55759d2496d25770a7c8d4410197c1b5d8fbe476c,TXHWENZL1hudEERzfuSEAMeiMVp6U4C82P,TPkPH1WHGoo95MmPK3tBQeGnh4fdFBrKKM,10.0,345000,0.345,2025-01-07,1
2025-01,54dbb11105aa2605c347bfe1790b48afd483bc0c8f3474324ac4791876fbb3bb,TA2ajCXkm9aCB1Cuc3zc15tNEsUXqQwuuF,TXGnjL2ia71yFH46VH6nTMmbjSodtiA87t,10.0,345000,0.345,2025-01-07,1
2025-01,d3586265d8e0c7848fb1d4b124fc36106b5989253d14f8cdbbab147e943b9bb2,TVmPypKjKExjHixaBiAtJVA4KpPLZGndB5,TTXGHX8zxtRuUn3va3SkaWv2sjzADCBwiT,1000.0,345000,0.345,2025-01-07,1
2025-01,77915c7fede778665ae812276742bd258f5071cad2a0cbde418397f1eea8fff3,TBCCwsGiZ4YMsCevYGhG6dEVkNS3WTn6Ca,TFv7mDGjSNU6ghktimw5B7CdWCyQCLHdvu,1600.0,27359850,27.35985,2025-01-07,1
2025-01,98ab565990d022f1b0685a68d48a80629c5f84c7f645a25eee542b7130bf7190,TUybPdmeMQKBHMTdEPm7iNKFzkSXkP9JnA,TX1mVYRtbhRNqByiTDazKWkVBD5z7dE4uy,150000.0,13844850,13.84485,2025-01-07,1
2025-01,0e826aff72898a063fac6a71983c1ff114ed7eeccab6688a3eaae02ae505d814,TKe2JNMJPpVfAxMvEXGkhkQiYvBKaeTaTp,TPBFkQ7VQ9iCSowpe6aM9xTUdmPJcyp717,1000.0,345000,0.345,2025-01-07,1
2025-01,a31035bbcc126415f97d5582745f515386dfc24a0d25793735ccf67a1869506f,TUzbvqP6dyiaASiYyM1ZF5VyWJATRujbj2,TFdyMp91Fd1XmrF4zrMJn9UEU5CSmxgAbH,10.0,345000,0.345,2025-01-07,1
2025-01,86d397509a9df14c0b2b53c1160b0b3cc2a2e8a80af55277af035575a237f82a,TWRBikczzNurRdyCEAcgWdLpyk87jazqJn,TTazA95BLVnUPkZFycNHQXrou12svNm3cW,51.0,345000,0.345,2025-01-07,1
2025-01,e6746679ac546fe6cdd649036b90715f77b402eb3d7313948cf51561bccc6fd7,TCTYyc1w6rzqnqRBcAhuAJUyNWZ9Bw9hrW,TBkpyGVuW3b4QpyzWCwTG6wFikpHJ2R6ZH,5207.04,0,0.0,2025-01-07,1
2025-01,5f34fad2bcafcca085e46706ae54d2a6e74d5732e580c8e857adce5294982490,TAzsQ9Gx8eqFNFSKbeXrbi45CuVPHzA8wr,TLjwLWtTgLcQ6UndeJ6Xijv6tE122WidFf,56.47,0,0.0,2025-01-07,1
2025-01,09ae6016ad459a5d8cc55815e67a7d300cfc57c3ef4e169956da38b7f14ce875,TBUcycKkd7PYuaz1i3j7KequCqbZhKMWfU,TV7DuaGMrMZy4RWurTyEUUsajeyYYzJeBN,5609.0,345000,0.345,2025-01-07,1
2025-01,dc15da15c5751fafbbb09919c7c8381ff6c593d8de2ecd0a047f11bb1d640ee1,TXuCXZR3VdvQRStutRjpzAFHci29GxCk7k,TF8kRffUwxSQjKquPK5KAGydm7RBKSVTDz,18000.0,345000,0.345,2025-01-08,1
2025-01,c9dbcb623a250d37d5ff9d538562e5a25f9f3e7427bb772bccf67ec4697593ab,TA8EkF4MnTzjAR5m7bbAJ6oCDUDhwFuEru,TFiiVegaJvHehoEUQWit61646DZ6CVk9qQ,155.0,0,0.0,2025-01-08,1
2025-01,6229445568f07f0d715e48bc0b13abada0249d5fcc7a8884adbce5e7bfa8d697,TJqwA7SoZnERE4zW5uDEiPkbz4B66h9TFj,TLuihJ8s85M2qj63bKvucQ53qKcB1i4DEc,100.0,0,0.0,2025-01-08,1
2025-01,14255b51744526e804127c3393dcd1b9b78aeff14cac046d8ca9a9a683cd9905,TVuCjMoYjWgj6WrJAnm68vPQsY2ct1k4vN,TQUkqtbiiucDMQZ4GAmTy2cecLM9ewR664,1595.0,13858850,13.85885,2025-01-08,1
2025-01,66eb9ac2287c8418e0774e74d5a8aff62fdc14f8e7b42258455908c3b7d0fba5,TYASr5UV6HEcXatwdFQfmLVUqQQQMUxHLS,TQ24xRGhzLU2ciQLzfWNscFMLwA8ysHMXT,517.508414,0,0.0,2025-01-08,1
2025-01,0908ba9667c8c3e58fbf19e2a8196d6b62239b33ca409afd6e9ac3202df6498d,TNXoiAJ3dct8Fjg4M9fkLFh9S2v9TXc32G,TC1xRZtyumiExmoBiF4BQ5wA9CkpQMHvgM,1132.0424,0,0.0,2025-01-08,1
2025-01,e3516dc00928317ff60d60f050b5c50457781eef09b4e1fd16a8051d01d8e3bb,TU2wmmbUCZyrNHYz9JqqJx46fc8gLjF6Sh,TLGqGZWtzaWbioRcDcXr2DY8PyczH16NoM,934.8422,13499850,13.49985,2025-01-08,1
2025-01,5571ab02513d4a0184477f91339a9807a38843b2d4b867693a84b14dc5c93b14,TGW3ZVTgmfDBVU4U4ED6vpyHFbwytxGDUu,TTssmeSG28rNWbRhekm8tZRLrf3D64qYJ3,1482.0,345000,0.345,2025-01-08,1
2025-01,4436ece6a04763d6087ea65c945fc6ea85346cab9b9f073c9e4f8141cbfce0ad,TKNviXKbnZPANFnZBHGCen7U7xSxwjM2Xn,TVqLc8FzHQFo481TkTEkzd8MdfiHHcByLD,5.45,13844850,13.84485,2025-01-08,1
2025-02,39f0e60def81c68a195913b704aa3ac174ba3b9f7a6777fff0154aaf14d8b6ae,TAecMqM4ESzBoCKdLLun9z8eSGgZenPBjG,TS7sWebCdTHN4CMzcrhGGtprwX2txc5X5N,60.654037,25973010,25.97301,2025-02-07,1
2025-02,3815f6c24d7b8d946fb62dcceebbbe8d3466ead1dc18d9deb12c3817b0c38c53,TPE3xaW8HXoDBmvtG4Dpcmm7M9zbRCmumW,TU14rRgrxvBXb2XgqLjACAdaFvfoDfZUgL,535.0,400230,0.40023,2025-02-07,1
2025-02,f525475992f67e72bc47967a14dfcbd968632a0097499688be07805a6f75e9bb,TMqDrZa5kEebg5wi3W3wusVZ6ZF2w6JczH,TNP1XebirDWM9AFKPUaMddwKXd11ZguiGY,98.0,0,0.0,2025-02-07,1
2025-02,e4ca8510a13d943c17ca34e3dee2fc23ec6e47dcbd43e32f2ca77925d6ca2c2a,TTuu8GoqE6XXUFHtViDfkk1mVFtzvFq915,TUFdG7EZhGisot6LYDptD1mbtM47sCCCHW,3000.0,0,0.0,2025-02-07,1
2025-02,527bec73574b4eed565234081f9dadaae0f3ea22e5cb76ca2f7bf976c7a916fa,TUeapnPqxRyQB2hePL2mSsm5HEZc7aSiwE,TXZCUdapxcNHmwdzmKVY6xE1W2Zab3iJBo,91.0,345000,0.345,2025-02-07,1
2025-02,4faab13830b0cc89d5c89f30aebcd7f729e7aec96e44f04adddadf2e9f2aefc3,TEPca1ZGTvJWm6tsLEKXuFzh7r9FqBTysf,TAXJRgHa4eizT1BwNTgv7mqt1idjtg5xUU,57.4767,0,0.0,2025-02-07,1
2025-02,f54fc7bb1156bbb6c60b111ffbbaf18d815f5213da34459a0f76854ef0b76851,TN3D8j3eSVbBTFFbSd8y6BiBTeS2GKG9Dt,TMCYLqhUNSTQC1vDbWtVFr7fcTcwH1QzPg,5760.0,13844850,13.84485,2025-02-07,1
2025-02,696af72219f2308da7994b2b5b06396aef1051ab4f5e83db65bd1b9837a7742e,TRzyjyFMWyRjSXMVLovNbGjmppMMtzwAc4,TEFdmnr8c4QmD8zp3L4qh2nU42TpuHyAMQ,16000.0,345000,0.345,2025-02-07,1
2025-02,552477bd00e03881c0c5185c15d4079f04d3c86df9cb790f1a3eaeb406d9716b,TMwriuiwPYjhdnb2FtrtqKziRPmW3icymT,TP255Nb9ByFXxsbL4vVTF83arayoc23r3h,34.153,345000,0.345,2025-02-07,1
2025-02,f44f2c6135a9173b7a61ced03bdca8e26f28e774b5c8b3b305f32619c40fbb3c,TK4ykR48cQQoyFcZ5N4xZCbsBaHcg6n3gJ,THYSxbA8ZqZxGXvG6cUADNNkbABc8P9UiF,1365.578409,0,0.0,2025-02-07,1
2025-02,6f04195206383132a781516c41e1ef97748ccb5151e7235390bfeb97e65dca2c,TM1zzNDZD2DPASbKcgdVoTYhfmYgtfwx9R,TMUeagKeH1KuimBegrDYdu6sMJ1ovEpwrv,255.005315,0,0.0,2025-02-08,1
2025-02,485c2bd8c8cecfc6335ba336ef8e071e50f04bf8cc05e46e9dacdc7d8163da7f,TMqDrZa5kEebg5wi3W3wusVZ6ZF2w6JczH,TDP6e1pVDjFwRUUJeA8US68X7CFcsGXucN,137.33,0,0.0,2025-02-08,1
2025-02,49ae051db77657841ff5059716bad565224bedf7d6c838291b63487e2f7a2c8b,TZ8Ksz21Hk1tQuztCKCUJBRXStCav9uyjM,TRQx7TATPkpEBwnD3vyAnteQjM9g3MrAYQ,18.548985,13844850,13.84485,2025-02-08,1
2025-02,ec169e790ece7b19fa89bfe0078f50c4f774fd4636b4a5d1ceb6958b6ed1fb50,TL2bFukMsgreTThfwy9QoVhfkEbTTU2dyb,TPHHZrnFfqXaFVa6mvQVRYSMeEZL1xfP8r,995.299972,22967700,22.9677,2025-02-08,1
2025-02,a1fc137f7cc5532df0c954f1d6a2369a327617a6f82f61dbf0136500aef753f8,TM1zzNDZD2DPASbKcgdVoTYhfmYgtfwx9R,TQ34wJs9bWfhJb9G3bY3z2gMBg1W87L5Ts,97.51,0,0.0,2025-02-08,1
2025-02,979755aa0e0382f325a499ef949215362ee8540bff80044fcd788eb800e30d74,TM1zzNDZD2DPASbKcgdVoTYhfmYgtfwx9R,TQT4gHHLcNbjiZNtBV89373fBe3RCTJnvL,498.0,0,0.0,2025-02-08,1
2025-02,50172e907fc836c60902af1a101a74a1bcbabfab75ad36a64b711fac87cd2c49,TP4SK1jXLeGQqxkXhfHGEfTCGiTRXTgZ9M,TGAsXBmrSGxkWe7FJWBoXqvSpdcc74dGYo,200.0,13499850,13.49985,2025-02-08,1
2025-02,e44c33fc4f8fad48974eb21ebc3604552e565d4aa5db3c383ef36fcb48877c65,TKx4oVh9Zx1NbtUVxHAJbnheYZS7HzK8ku,TCzLpXAVuyUbrqxdDWNmG5ovN1croPH9cS,7000.0,0,0.0,2025-02-08,1
2025-02,9d3add20c735657f850d2aa56ed9809dd4843934e8093c7543051fad304f96cb,TBDhcgUhXLjASFK6HXasyWFwzg5YayGbZP,TVcdTaa7bj9qbCSoqEYaWg3bUdgdH1Z6bm,830.0,13499850,13.49985,2025-02-08,1
2025-02,5d5b1521812719dd3c024292e3838d7538246364e9e893cfe6c6f00353985b76,TRt622uedTSBkSZtK7qDCfy2JvadWMEcTJ,TLkYDnVz9CnAoK1wQhm8u2i6JTfFZaQEBP,2.92,345000,0.345,2025-02-08,1
2025-03,d56834ca2f4440af03f7313feb5bdc759df08323ae959c0c42ec91183f52f240,TM1zzNDZD2DPASbKcgdVoTYhfmYgtfwx9R,TWkLAJoAEjjs71ESkhit1ERnWN3VhRGgfd,3.0,0,0.0,2025-03-07,1
2025-03,dc0086c6115e0301c9130e26c852a0f9e1e3af36be77952943ec16d9de2d31e6,TM1zzNDZD2DPASbKcgdVoTYhfmYgtfwx9R,TF7367YA4GAsKTGb4WFnVmiNM3Buv8tfCV,65.84,0,0.0,2025-03-07,1
2025-03,46d10ff68ccf68b673c45d1c19203940e6de7113a7731302c148140619720c01,TRhKsn1tW4q71K9ZJgCyShW2KyqSpPyynp,TVaKhsVpVrAyDuGwQV3VzKFaJ3YQgwS6B3,66.0,345000,0.345,2025-03-07,1
2025-03,38e1b9a71681a0b7eb30fd24e38f8d68b142cfccd67785539b96f416ad82f183,TPtYohzduNBXgCn7AuCmcghkbq616888HW,TGjyBB5dZvjttfYz5NvVuXZsZscfPwoAeo,19.5,0,0.0,2025-03-07,1
2025-03,6c5332a1d70e45d0f270cf5a8b0ef34c10bc3bab84cf42deefe9c8f2977475a1,TGmLMtwUhUgrzGFGiysknsYsT6WQHdM4Fg,TNXgYtb3i912rjarv2vdScxDtKN65MjF1J,258.0,345000,0.345,2025-03-07,1
2025-03,bce1aa9944dcb3aeb945ee2ec835ef4678a0f02be14ea705a8a44b5a87375a44,TFTWNgDBkQ5wQoP8RXpRznnHvAVV8x5jLu,TCGr2gPtAAKLw1rv6JwVX6nAMoRaCAj9JN,13.8,0,0.0,2025-03-07,1
2025-03,ea5c899137d310e40320985649dba879b73e905f7bc745bf215bf27147787989,TM1zzNDZD2DPASbKcgdVoTYhfmYgtfwx9R,TYYkD3hyi9AeHqPVa2Kb57L9KB8bUnxsjw,998.0,0,0.0,2025-03-07,1
2025-03,4f7548cd6075134d292af97486dd20e3521e2bc2d947946bb48e5207869ce95e,TCeh4fE5fBKeMkovN7oQ26EoXcXBqXD3vx,TFA4tYoKdzRT52TQ1Sise5CfChaR6vUKye,22820.0,27704850,27.70485,2025-03-07,1
2025-03,baa37c234c3a69ab5b26437f4e19a2f93b374d7f3046000e21a190c064fddb6b,TM1zzNDZD2DPASbKcgdVoTYhfmYgtfwx9R,TSbT5otfTZS9hStxru56TewjBsFSmTaQiz,98.0,0,0.0,2025-03-07,1
2025-03,bcb25a35bff7d9f3fbb09b11183b15d137b79ec98fb65440e16fe952daa03068,TJ5usJLLwjwn7Pw3TPbdzreG7dvgKzfQ5y,TQHb9kjdRzYPKc8Me8sBtNQYx1EM6giVrA,30.0,0,0.0,2025-03-08,1
2025-03,6f92232b1ad83eb16462bb246486adfa2e8cf172bb99539c276328470a184685,TJ6S41q5msqivoYnp4WhRSfAvuiWqYjfA6,TC4AJ4DsFx3Uri8JbTLb5s1rePhAAcGyWF,158.8,13499850,13.49985,2025-03-08,1
2025-03,8e1779c6eab077175b746f69ae04d8e325dcf722d062d05cf8389d8a98b876ca,TW3RFSLBYfKzptMRRJFFXMoKjq9AjLSJjr,TLfmXqEF93Q3CoxvU9zuWdbxSmWqryj2y8,424.0,13844850,13.84485,2025-03-08,1
2025-03,680393ed5c98b1c55d66c4fb074939e4e719d3850b903e167d113fbd9b7463f7,TD9wwwgDo6Mac9CX1jpHS6eHanvD3GPGsT,TDihbJXnTrjVGPaXohBvavDdPKtKwK5xas,6527.15,27359850,27.35985,2025-03-08,1
2025-03,289addfc604809e80d00ddd5af98447a769850e86c6ec86a47fec33a2cb5797e,TNXoiAJ3dct8Fjg4M9fkLFh9S2v9TXc32G,TKwvzLTS6BB2oHC8nVyjKHj9RfPzjEEJeT,3680.52,0,0.0,2025-03-08,1
2025-03,6a6d7eb0e1e7cf2df15e55658f0432f935bdb9a26842b114414251ca65d0a2c8,TQeJZvk2e2sjexzgJBdMC5EwqoWBkWFjQc,TKCxqBEBR1PkUj8NdNZuxGEeMfczXJfbNv,333.91,345000,0.345,2025-03-08,1
2025-03,cec9491184e3a1c7439bf8b02b15d8179136eae431d239d0a2a4182d95d8e305,TS7EmaESNR6XgL1bjqKFD68rxpBvMx9tHY,TJrcMK9EaYjstyQgLHmCB2toX1ZTCvmQ23,70.0,0,0.0,2025-03-08,1
2025-03,f3db74ea3ba6965cec2cdaaf10e18eb44d5ae49a9348acbe4bf0c0f118dfadc8,TUpHuDkiCCmwaTZBHZvQdwWzGNm5t8J2b9,TDfPswb49V1DmikdFN8xWrquJdKgc8q6ba,1498.5,0,0.0,2025-03-08,1
2025-03,3df5b4ddedc34ab02e9d4619d7b4c1662a23351921c8d182d10a6f8fd50cc3a0,TYASr5UV6HEcXatwdFQfmLVUqQQQMUxHLS,TYCCS1BQDxDoWNpsyBLCCixbMwSaBk514b,14.0,0,0.0,2025-03-08,1
2025-03,f00cad3f8ecd7ff239777c92b6d8ccbad897778418ada197d8fd3332d254a3e5,TEyMXgfDmPJ268gZnHXiwddipeMwPJ8ZRm,TU6AZuY4NGy8k1doaqXtfSJyuCKG2uDsTj,12761.0,345000,0.345,2025-03-08,1
2025-03,f3f3730d94661ceec16906f2b211cbb3084d2f0b50c3aa0acbd69829015b1cbb,TK4ykR48cQQoyFcZ5N4xZCbsBaHcg6n3gJ,TNe6QT15di5q3EN9YhZK8gG6BeWwThrbaM,29.854977,0,0.0,2025-03-08,1
2025-04,7204ae01c5ec0dd9bcef4e6d77fcbce40ca383f10920637cfb7a44dcf2d508a0,TLaGjwhvA8XQYSxFAcAXy7Dvuue9eGYitv,TW88GqxQL3rE9Xwgc8hbampKatMDkqTnGr,247.72,0,0.0,2025-04-07,1
2025-04,467ce8077c60dc6235f7187a83b00cc06388f6411b989badf900a3d301083f4f,TYxy3SCh2JHiin692gbhAyyVqCCs1Tt2zf,TLWKqzQ6sTVh3HqqJZFsX61keosQkae3Wv,788.8,0,0.0,2025-04-07,1
2025-04,d52d6fc6d4fc98da6b3250ecb61924c86ef3720fe920791a790ff56561ebceae,TAMtE77WkfBNeXvUBUd2QfuTtyd5GRopVK,TAmzHHd37mjbTBwTEUwL792GiAvnmtDuBA,1500.0,346000,0.346,2025-04-07,1
2025-04,a0c451cfeced77b6f59d3af3761aaead33a2e43ba4209c5f480f811b95f0d6fe,TXxwfJFwZtGRu8ubNfmLSKYW2wdDxMiMy5,TF6pAKwgbuc3WHb9kPpasbuiizoGDndWAa,535.0,0,0.0,2025-04-07,1
2025-04,8f0c298c66e4b6600002a73511c4a2f29a5fd961d91cd39448def82b6c7bb84f,TJpE2ANQsdL4AyX3rWgka2aNgAp8u2XiLM,TFnkSJat1yQobFpu2QC8xMXJoPovx9keGv,1236.85341,345000,0.345,2025-04-07,1
2025-04,5d68e1d3ae413449f0e7b7d5cf93ff1b1d30dc3ebf3d3960070041f550c31d70,TKA3SvJFZmVkconNECrFS4dDGvNAudDv86,TKunYwpCpX5g8BxrH3AWNZtWjqyPvLaiQo,3000.0,345000,0.345,2025-04-07,1
2025-04,391fa6fca133b6712776202be55679f89abe0be3572ea03b588bce361e38064d,TMGRoyCym9Yk8gm27K2VEKkUhYJ1PEZWKg,TT7VwHZBXy1xA6E3SCKxRBE6xr3CDEUbRu,1300.0,345000,0.345,2025-04-07,1
2025-04,df4fb45fd1963dcc2e8272de51e57366bdd869b819ea2bca5a4601f2d2bcc976,TLaGjwhvA8XQYSxFAcAXy7Dvuue9eGYitv,TPSieAdyuyZyp2Uss1B4R5VhvXNNcmWSaU,483.505,0,0.0,2025-04-07,1
2025-04,06e237b6bc634a0602ea720e5b35f30299d1d8cafb2bbefc2e3f62e6b1482016,TLaGjwhvA8XQYSxFAcAXy7Dvuue9eGYitv,TAp45bsSKJp9bHF9qchghfuTkzPHNVJpGL,198.3,0,0.0,2025-04-07,1
2025-04,663e363fc9af4ef4c2fb29f153067afeff9016ad0ce0896ddaee390bf8ec5ef3,TVTA4ZdGdrX1J2PqnWkjUJC988vnPU6AMn,TNXEcNrUXXXi6522BVEXWuAHPtrEqrZB4Y,60.0,0,0.0,2025-04-07,1
2025-04,7a07886a954c35aaa7b8c5dd86d6d33526b8eb9c43d7120c3629dcf0300c58ce,TLi63MtmbcvpztwFV5kA3Mb7MATTQoHPrs,TQvfRqd2gCi6x8dHMCcsDqnPwK7Ep35mb9,81.63,346000,0.346,2025-04-08,1
2025-04,b98e9e34aa651c21e6bca4283d727ce2e8c7c9839cbde9954984ec20414b04b8,TU4vEruvZwLLkSfV9bNw12EJTPvNr7Pvaa,TMaKQn34mXMyvc7M85QUCegUT7w9xEYnCP,82.0,0,0.0,2025-04-08,1
2025-04,8b301bf4c8a01467664e691abc9a089f4d2608ea01faa18f9ee4616907864cfc,TBNMj9YVGs7SUwYRtqvgaYrniDVRGup8Hu,TWSp4wR34EVcpnNhYTeQYFWprB6PKRWwDr,4700.0,345000,0.345,2025-04-08,1
2025-04,10a3be18a9c9b306d68f5d99dbdee35a1a6003b24c845378166783dc53e72831,TN3CBXhms8mZb1gWN98AHFE3n5CqmFnxfh,TJZnr8Q2TAJKLa5g26GvBrT3q4fhx9Eivm,40000.0,13499850,13.49985,2025-04-08,1
2025-04,5378ffdf6c612eecee877d343a843f4eed82facdf6e6d529cbe7dd0c91717038,TBbAW6DRNVvK4osHupYHNyuWjLiSaEjPsP,TVb6ucuKvdZxs6wQoeX6BGjKjne2LHVBzC,5019.0,13652070,13.65207,2025-04-08,1
2025-04,272ba5a0707c947d3b0025b7afbfaaedc071a811e6e57f7693578ca5dd90b956,TWEscWxFgvcbTEpQJVQcxnKMs3GqXhn88o,TRKZWuxZ5pPBoK3ei1nQDnjAo4YyUFUMKB,40.0,13844850,13.84485,2025-04-08,1
2025-04,880095e8aa39c20b9a5ebf123d3c736b479ab398575f3dcaffcd69f180a40c5a,TTd9qHyjqiUkfTxe3gotbuTMpjU8LEbpkN,TEMUGuviveKrDaXv46gwNcjSN26BcfycAK,1026.4542,0,0.0,2025-04-08,1
2025-04,093478b49e270a7c3760133ef829109728af70946f8ba2d21dd112adc8edde7e,TAZyWizza78UfTTotjjZxuZDanehmdyTg4,TKAicCE5KZ8AxqbJN5bd9MGmmf3dKEV27H,4000.0,0,0.0,2025-04-08,1
2025-04,cde19fdaffaf8dacfd9f3e12db3e172582e0d727a7b715fb61a960ba7198f9ff,TU4vEruvZwLLkSfV9bNw12EJTPvNr7Pvaa,TNQM5EWtC4pCsL3MtTbTfH5h7bMxcupqq2,25.0,0,0.0,2025-04-08,1
2025-04,4ffc06a980e7f186ce1d969b033ac3055d4d49e3678dd3690175ad4257c85f54,TU4vEruvZwLLkSfV9bNw12EJTPvNr7Pvaa,TWS3Sfz4FhXYaBM5qK7h9dKfQj4cpT92ET,1000.0,0,0.0,2025-04-08,1
2025-05,e22e47f0f84fe1a8e5d148060d1a6bb4511f6941a0a4718c2fcf99c25bd4579f,TZ8Ksz21Hk1tQuztCKCUJBRXStCav9uyjM,TEZdziTAFfFUvXbmKMAvvssNB6GyKRvp9b,35.0,13844850,13.84485,2025-05-07,1
2025-05,7d72a5aad9e2f4e6c506f8965de81dea9583289fd2b31cf29f0912aff0e17e02,TCUeDCa96azJ29SvCETDG5gafkTm4FiQV8,TNhs5VWDV4YN7rFXCTi4Sk6VBn41zP5Acj,85.345995,0,0.0,2025-05-07,1
2025-05,42a5d08865f307c89cb413ccca02edea48ddf769f5a3d401d184d1ea115aaaf3,TG22BfJ8yDN7PhVATuvynJj9S1FK1r1vnN,TFsgTyA3knPD3dK7sCNqeK3Vgz9e822PSG,0.013001,0,0.0,2025-05-07,1
2025-05,abd4ec9b43551c7fb73279a8f5755177cca753e6d28fb6c3ecf862d4ce23a7a6,TGvxPcei9wu1NkMKipYS7uzKxodCnfk6Py,TGKeGKQLiG2NkPuG1S89gVhuTHGjm9o5pp,10000.0,345000,0.345,2025-05-07,1
2025-05,b7e35db5b83ca474b4b282bbe3797b7cf6bf24051d089f6d3e646d5ec4239149,TDqSquXBgUCLYvYC4XZgrprLK589dkhSCf,TRwT3JGX3Wqeu2Vup6y7uAbNrwrmAPi8PU,515.25,0,0.0,2025-05-07,1
2025-05,3ef32ba56b9f2bffadaaaa1b157d50b8080c3100e783369901d6af8fdf2b2075,TJ5usJLLwjwn7Pw3TPbdzreG7dvgKzfQ5y,TJJcsCf63X5mzBLsbWtJFEL9hXAkqdz5pf,99.0,0,0.0,2025-05-07,1
2025-05,33a5d368a11f3632726d654076b24ef4cf455a9b485afbe0bfbe26d3cc6c16f4,TYsK9pUSwCgs3gmnMudx5kYd57WKdDsWq7,TRU6BL16wr3ALqb9B93s8M7NfrGXwXArXe,43.01,0,0.0,2025-05-07,1
2025-05,88bb0a1a66261cad22a75e0b32e449a57f992c0dec16cf3286853f375fa7c6dc,TWTUmDSvKJPacsLRMvmY2rw8ukaA4ADD32,TPCNQBR7iqD8BRqRorRuyPqcFiLBqQP3Aq,301.0,345000,0.345,2025-05-07,1
2025-05,e8d841a67d83f7df42e7c707bc7b97bd5fcd8104bbcf71225cef218b82ceecdf,TJDL3i8ABc9MXJMny4VXuY4zCDT1no4KLH,TPSMLMpm914BiWnCsWNbsKvtHojyPMxaxp,1500.0,345000,0.345,2025-05-07,1
2025-05,c7bc7ef8e0a785e85d105df34a778a12940afd4bf163bcdf4d3f417e5367fccc,TWCByNq3HmfzYAMzaz2dkeH8GBurboHHbt,THh1wQqwmkDTRxDuh5NzGdaWekgcT5KR3t,181.02,27704850,27.70485,2025-05-08,1
2025-05,33132f5862d26a71cbc9ca1fbb4a3ad46254acd0b396768f739c6ec46a038cd5,TXhJpfx47L7SoD7NQfWe8Yc4fn8q5VXJA8,TB8THSRNn4y2sygNNy9ooXakZfvJ7XLFzT,272.0,345000,0.345,2025-05-08,1
2025-05,bfac65c14e38a235edf988c92df20cd951306e143f328e2eb3d20b7a7f9b5dba,TNvuzikJz1WZy9b4qqK1r9D1aWbvWFF5Ru,TWUX1RNpCmxwVGqsED3cYxhfvtnqxKVUuf,0.2,0,0.0,2025-05-08,1
2025-05,aac8e98506a9d55fbf4942f61a0b21c596999033a45cd102372da9680c8ea535,TP3xr2UQhcR9ESLHuiHwtmHY68NuC9h4nJ,TU4vEruvZwLLkSfV9bNw12EJTPvNr7Pvaa,306.0,0,0.0,2025-05-08,1
2025-05,9b59d6722cdf0e0ce8a72a687219fadd5ca98caeaeb14f4a67d9f788981a730b,TXESoibvKnF1Qgv1pKdKj4dbRBfLMCvMvx,TYCscDC4649WAGyCESUte9qMwYWtWeomA9,5427.0,0,0.0,2025-05-08,1
2025-05,83e34e50e243289566eb1ba603a86eb6a3ef1d4a7ae279529bb41d070e014a4e,TUPaGci79gqHoJSmTx2o6VX2vWtQ19GkCG,TBUh6n5LamZm4bCRjn1f5MKVx8NMTCwVZz,6684.85,345000,0.345,2025-05-08,1
2025-05,bf2501d573d6176f69e663dffefc772255fbca7b438b4b51928fac492e48320a,TGJme1f4XgpSSM58iz9f5sNXZVqFBW4Fyq,THibFQyJMEnE6cHnyGH7rp3tQtqKo8YFcQ,5500.0,345000,0.345,2025-05-08,1
2025-05,d105e4c2a101e4f9cc31fe815b69e2aad05e02bc68c46f8e21c5ac9d8b81f014,TLaGjwhvA8XQYSxFAcAXy7Dvuue9eGYitv,TCS5nkpkYEB5rSswinjUv6gkBeQ7BkxBMe,39.62,0,0.0,2025-05-08,1
2025-05,2b8b282b0da94223da85549bd2c43fe5746ffc0b9b02353414d2d4f62361c3c4,TQ1EhGaa7N4Fqo7JnXpmffD3XxiADvt3cU,TU4vEruvZwLLkSfV9bNw12EJTPvNr7Pvaa,306.0,0,0.0,2025-05-08,1
2025-05,2dfbaa7ffb6d28cb2d2b8d8414dba796a742a0cdf4d3cf21c3d3ce3259a6affb,TEGshN666rLwj4UF3BTwY8UwqYcQjGRuRN,TAxN9uJZdgiPgPrLu7jNe5WJjVNHZDPU3C,2539.5088,13844850,13.84485,2025-05-08,1
2025-05,a273f1819638fc106c1f31852b6bb6d927c3275a1415235ea4d676711fc76917,TWH7fakdKxZ5bgSYgoXLfQf1TRhzWVsueW,TU4vEruvZwLLkSfV9bNw12EJTPvNr7Pvaa,306.0,0,0.0,2025-05-08,1
2025-06,818c7c80332a52a2cdf6e686c66f55671598241b96071d486a1bbc0e0afbb7f9,TLDJaz9KfbCYDVQCdtu5QbTTmWgqSoNZze,TJrJD9VUTwz3B3BJaHKuq5anBWV8hiuy2A,410.0,345000,0.345,2025-06-07,1
2025-06,798f8fe464afccf37fc00481d118421f4e8a37a58631c86ec065ede81c4dd575,TU4vEruvZwLLkSfV9bNw12EJTPvNr7Pvaa,TLK6qLBAsfCXvJNpoYs7hizzMSztv9uTbZ,2.6,0,0.0,2025-06-07,1
2025-06,3118921af74a810a5dab52b87bf977b95cac6b6e42bc44b0003874cbad351c33,TBYpM16pS2bVmwfiJTRVNacTKQ12nWTWUh,TUPCVncgZzvLKAyWAdyVRXvreKSBQYotMc,784.0,27704850,27.70485,2025-06-07,1
2025-06,6df860a1669905709f7bc8c3a24187f42824dd05644ba8e588992b9caf7b6f56,TBYpM16pS2bVmwfiJTRVNacTKQ12nWTWUh,TFbotQcWrjgwaVC7xqgAzCpv8eR5dGEY6a,784.0,27704850,27.70485,2025-06-07,1
2025-06,0deeb468b5431c31a1dbc29c6eaf74dea5e52f02fbc7a55a94bb55ef9a17edd2,TBYpM16pS2bVmwfiJTRVNacTKQ12nWTWUh,TDL8TJoSMQpBoiAyvyL3CKPUm4Q5mJvxdj,784.0,27704850,27.70485,2025-06-07,1
2025-06,c0275720c15387e1041f7ef150b4741bf9f6fff8d7d5133cc5004d279ef64e07,TJMmxwQV86EufdDYgpt9EJzQGk3xSHfsnD,TJHHfw8BYMj1xGSBzw6UoXezM7faTDa2Tj,1193.0,27359850,27.35985,2025-06-07,1
2025-06,773df9012c2b9f96425edf79e3017eb083cbcc3ecafe3c8697897e25fdbde597,TQtVUBZvgTZp2fqh4nb6mg8YXgveXdzxVU,TD4MxCWHcveC3awuakcBhChvdvS4yD1h7y,20.3649,13499640,13.49964,2025-06-07,1
2025-06,b787ed00e1626dcdb7617f65afde02163e25e5138b5cce4c107a6b2048e80358,TNXoiAJ3dct8Fjg4M9fkLFh9S2v9TXc32G,TSoWi52QKnSgnxxpU9BDjcBP1kwYJfXotw,100.0,0,0.0,2025-06-07,1
2025-06,53a11ec9eb99167f4e96ced7f994f1fc15dc195509e8ea386abd0c8c18593d93,TRCt8h81QFt7J1Q4M9odm4WmAKF4zDiU87,TBnAHLd586NJrKrdecxVLgHBxQQVztmpGn,676.949547,345000,0.345,2025-06-07,1
2025-06,b078c50d97099ab439df4312d346ae6e804230d1fcbef71dab12fbfca8b445c2,TJqwA7SoZnERE4zW5uDEiPkbz4B66h9TFj,TWDEdDnsr9iVeKDsuriLuFi9uEwfYm4jyo,10500.0,0,0.0,2025-06-07,1
2025-06,c85d5dcba8300d5a0a9533a544678a4a4b68e76d0ae6ca6168fa1af134f19883,TS7EmaESNR6XgL1bjqKFD68rxpBvMx9tHY,TBPXVMXEgseBfiUNfSPTT579t9tfgYYr5o,415.52,0,0.0,2025-06-07,1
2025-06,5bdef21e68d89c3031ed313bb7e9a3d970dba341975fd23ac1a928fe2317809e,TLaGjwhvA8XQYSxFAcAXy7Dvuue9eGYitv,TC5d6kbCpvtF7ynPfmm4jB9pBrNHoni2Su,140.7,0,0.0,2025-06-07,1
2025-06,f19c2ad493621f5ecbf234bcb401b6143605a3ac1fdc41f8f3612ed8dbd71c7c,TQpshziNAu2Y82xr4e2EAEN6EwP9YcxQBG,TMpLu3EHo62Agta1Wd1nsmPLiDQGsuNkMf,245.91,0,0.0,2025-06-07,1
2025-06,0222af18493d3535c11bcfe2a32df7a07969c27b6b3bbd0423edfb1ca03b6d16,TQpAkdcMwvQ1TQ89FPCvSvi7v5NsbQZmdo,TKLvHsNgYaL5GR5r5rD24oJ1iT3Bn7hA19,86.0,345000,0.345,2025-06-07,1
2025-06,bd85cc4e3c7fb6beab3a7236e32df2c50e928fc5afaf450d872a18738a56ab30,TBYpM16pS2bVmwfiJTRVNacTKQ12nWTWUh,TL3wzpGuGe57cdbd8r5XXqooZCKWnx1buo,783.0,27704850,27.70485,2025-06-08,1
2025-06,a269631f328ba3783477a577c41558ef52dd92134c4a2ad4b51b4d64802b8874,TN6PspC6144hRo5DLaxUE9PLEkhHkBDHP8,TCLW7aaQifwKoa7dcydppKpPkviDpQLNPS,560.0,345000,0.345,2025-06-08,1
2025-06,66c458492bbdc62ce6595baa9a6a8ad7c676e1a0550ae6fcc21a2bcacda09605,TKcwVoxNWb2ghdUJu2vS2o6GBuMHmXTxoH,TXgNYp98kVewhFSJu9CYTExtabGP7mgpd7,50000.0,345000,0.345,2025-06-08,1
2025-06,3ec522f182a01c8488182e730bb623889645d8dbc94f402ef37b224fdfb691ae,TEbJo2DEqJDsWVfJrpDFLNJu9uf9EJGkQN,TMZFmvX1iRyMcPTC7S7vQqxLmQUWLeNnRk,1900.0,27359850,27.35985,2025-06-08,1
2025-06,5c9da77f358a174b20f151c4cb98ed6b66aa6a14132e0d7cd0172309396a9d30,TNvuzikJz1WZy9b4qqK1r9D1aWbvWFF5Ru,TFUpKQxcWPJSkkVSiqVdYP6WYutEHer91h,1.692,0,0.0,2025-06-08,1
2025-06,75964ffe2f7190b735d130eefbb93b6824a9921ce9015a538fc6ca2ea54f9dc9,TSwVbd4VVQCqV58xNvUCFAYCiVPDeqFwX7,TKGeoHNEPJNQPntCxrrysU7BvvwvBCXycP,1000.0,27704850,27.70485,2025-06-08,1
2025-07,b735db47ee8454ee74895793096858738621fcab6cd6e7e78f8521dc4007687b,TSsCU4miYSqPStvMQ6vxjshhLCEv8168QK,TXVzUjMQBAWgB8DJi5owescGcEYP4zuEyT,1980.0,0,0.0,2025-07-07,1
2025-07,013620382bedffdc5061d3aa24e358defca01ccd9c2ba7ec7a15cbb822d34f48,TJ5usJLLwjwn7Pw3TPbdzreG7dvgKzfQ5y,TFU1a4z3NyjwhguKm68jty4EC3A1guAf7B,88.28,0,0.0,2025-07-07,1
2025-07,c6f37c2f7c724a2ae27d984a34f6429f9c37de551f2273df256a9f9a3486f0c0,TDEHKWmzA7TT26LhDpQyvq5h9Xh1o6rFyg,TD2Yi8BXjdfCtQZC4dGJ5T7NvMJEVkomrZ,114.0,345000,0.345,2025-07-07,1
2025-07,f6cb6501a6729045766f719eabbc38b59487813ed2ab3f94cc8766a1b87af72a,TW9rFZ6f8xPXEq2w8gRpnVCBuhXyBB6G8F,TFd1WcNRMJJeYUGtohCis668PEUUWMHhQV,3000.0,345000,0.345,2025-07-07,1
2025-07,b06576bcb7eaaa222aa1d7fc82dff32d03d143d75c39ea5cedef32249103e847,TJqwA7SoZnERE4zW5uDEiPkbz4B66h9TFj,TUzxhtayKmyWeVGNKL4NJBschBoXtRNwyA,289.15,0,0.0,2025-07-07,1
2025-07,5a96aa2d26f4998414bca4c4df0ad5085e6b9222c39caf0e352dce548060928d,TWPkUhShj2rAnGP1CcXLefiYNrpwaT5qmC,TGJ3UM43EgwYRrxbfpe7itVaJHwsvgv2QB,1772.195277,345000,0.345,2025-07-07,1
2025-07,802ab5577ee3c9cab75f706a4377a9cb8257e20e897b9f33f54bae86cb93b804,TYj8DrJVurgaZa8L7G6eJoFMHXNYNkAcEb,TK6DDb92bJf2b43YtGCfrSgWi91KQVYB7e,84.388,345000,0.345,2025-07-07,1
2025-07,5568868418e179134eaf8a9e2ea475f8317acad854b2711813c5539cec279332,TLaGjwhvA8XQYSxFAcAXy7Dvuue9eGYitv,TQHiR41TsYWoDozmrpViF3KLyYNpiqfHpu,23.27,0,0.0,2025-07-07,1
2025-07,2ff94e1f764cd7f3e0f73ae7aa9ec46fae2a9a69cd77f70f561223d16211ef02,TCKF3RBcVcoA9EQiWYh2wVeUH1bkvavWGS,TA9mE7gEfTJg94RE2uHrLztUWqXusgUvDL,105.0,0,0.0,2025-07-07,1
2025-07,4ac28e851f7124c040f81fe46da49b8c527fc0e6bdbb98d1ebd8428363ba4ba7,TXbdHLf9DJfyejB1hdJVHcetzZL6WAv1US,TUpHuDkiCCmwaTZBHZvQdwWzGNm5t8J2b9,314.64,0,0.0,2025-07-07,1
2025-07,27dcd10a0e95893a4f999ded952b721ac22de7d14f08d41a17fe8cbd228c0d00,TRYf6qvb2fvRSPLWdV9EmNtp2PAyS5aXR2,TR2rCqewgzwFdWCtaFqxrpvGKj2iAVSjk7,32.259999,0,0.0,2025-07-08,1
2025-07,53124ebe4ae4e1418f2319fd928b7bf478da8fde0714ed0f7bcaba3228e80502,TLYQJHeRSYamVKrDqvvZ89XntCKZKnsPZx,TQTRfkNpSCJ9foTXDoMGYX4JgCX15sxM1v,8000.0,404220,0.40422,2025-07-08,1
2025-07,c60dbfc04e0a36da7c9734d4684c430ba2ee7a6c5e0063c9f107c8e7191beff1,TQuFSvpct2FeBrKjRh8NDqtGAci2Z15RSa,TBr4te1io1c5dQKKa8XmdGBivAdLo7nYQX,250.0,0,0.0,2025-07-08,1
2025-07,9842e9b063f04ff08e5bc8eb897f14f2993ed32375e2530b3acb6eb879c9d3a0,THdnhgnj3Z2hJ7mv7ZqNCdB3qoBcunoP4J,TUhEyaq6V6MDK2qnFWP6cLWY8iXAdgsGcA,278.668,345000,0.345,2025-07-08,1
2025-07,ed239735c6c27c33794ca7bb210ac37dd57b08ff7e0044c98e9dce6799629730,TJy4Yv5CcAUrLTfBZxnm1Sm2H8ha7c2YqZ,TVsX7jDXU6gpGF39ESB4AaLi7Z9mSiKU7z,7000.0,345000,0.345,2025-07-08,1
2025-07,791ab24c70eab9e3a7d441b09caaa9074a2afcbabae3063744fee96b993fe226,TA3J1jLibXMfGCWTgc4F9B8eQJp9tg5fME,TQJbxVYTJmtgGq22hpBTLvu69AG36LfEgw,167.1,345000,0.345,2025-07-08,1
2025-07,06ec724ddfeaeacf9618d1d806c33b0e8124ad7c602a2c10ba719721b82a50c4,TRNLocoQg4DdMCh1GJf748auxD8jqUQEuy,TRe4MDasWLao5ASGYJNAurUZUCSjUCU5hs,101.22553,0,0.0,2025-07-08,1
2025-07,b5257be83588697a89442d5ef7e93449b50f4d47b20d86a015558a5d0e56cd1f,TFTWNgDBkQ5wQoP8RXpRznnHvAVV8x5jLu,TTbAc82c79NF3pC7MQ4VmPJPaKobTGTs3V,2409.5,0,0.0,2025-07-08,1
2025-07,3e6515cc4ebc36f37b17811f8086cf4b476a7da765103a06fb301be8ed1e70d4,TC9mLKW7QhwpZjt8zPzCjo869G8Tv4wYNP,TJLdtK24h6scSNKmuUoPkoJpaxp3V8bc7f,556.0,345000,0.345,2025-07-08,1
2025-07,702645002309b4a37da7d91a4fc5ef5561f38e841c9e7fdc842f457af1f22b27,TWjHRt6A6Ajdmk3zBmHqqwCGxsoV3YTzau,TBV2b9sBJuJox8yugrhtbCCv6yRh4eH5nB,120.0,345000,0.345,2025-07-08,1
2025-08,7fc754eb75e76a52372f641b3a5ac135e4b5d2693a2dc611dbca6085e6cd8b52,TCNBcphKLmNCXahGMchfYKuV5PE73Cfk3n,TZDyHnCywfmMTuvnoBsv7oEuibMuTs2U7y,83.916,345000,0.345,2025-08-07,1
2025-08,17196e02d2866a3cfd04ead58a763595acf499af419f16a9b0a4faeee4550a7f,TPZyRr8ubuVi728bxrM5bMVt4Qx5r2JYko,TLGrLGiYkZ4hu3vhDeA38kkbsahsBxmkZ8,20000.0,13844850,13.84485,2025-08-07,1
2025-08,8ae2ba727f6c720079779d6943764c3d1f18fec18a86e889c76ec11aade226f7,TLaGjwhvA8XQYSxFAcAXy7Dvuue9eGYitv,TJcwPkgEofwnXynQmkhngY429Qxut3F6RR,41.95,0,0.0,2025-08-07,1
2025-08,b254fec5fec9ee3475dea40d23c485af3ad9ad074ade5cac7278c6e37e03f81a,TCLgK89AnXbC9rewvhNb9UgXCc2qJJpBXh,TXN68TL4XrkpaoFKyihSM6UfFATbXNwvYN,56.64,0,0.0,2025-08-07,1
2025-08,39f3009b5ecfab94f3002adc8d4f1baa970b798c0c846a76143e92a6c37769fe,TK4ykR48cQQoyFcZ5N4xZCbsBaHcg6n3gJ,TZAhn2aaLN1rRgTax4DXtx7b4XKq47ZsME,110.0,0,0.0,2025-08-07,1
2025-08,83203877358b5a98dda6130c9234063dd89732be78f903d2689346f86efab615,TQjBoSqRPtinUTHH5yYy1SW8tiwtxdtBUH,TVNAB9tubm5ZdySQi6jftZQufxLQRD1cXe,4.4,13499850,13.49985,2025-08-07,1
2025-08,b532549ead1cad6cc39c8f1e97ecff0cf8b4a3f4fe210258bed42f1c7ae1b926,TJ5usJLLwjwn7Pw3TPbdzreG7dvgKzfQ5y,TMJzdmEwhg8QDG1G4VrJ9FGAKLr1gPtuTr,20.0,0,0.0,2025-08-07,1
2025-08,bb2c35e67b58586947da55e15d857b75c4c9bf27379fc5001546b68f7f9d6831,TJDENsfBJs4RFETt1X1W8wMDc8M5XnJhCe,TY7acGaScKmqJ981CUBjKNP2Rythd8MDeG,219.0,0,0.0,2025-08-07,1
2025-08,b3b876ebcb3fb2628c64bff984b173dc92126fd57368150964ccd77beb5543c0,TLaGjwhvA8XQYSxFAcAXy7Dvuue9eGYitv,TTsjhogLp58R4F4DwZrbFd47xr9VeXfpwW,425.7,0,0.0,2025-08-07,1
2025-08,eca5655af4647763556e8a64341098e3b2a415b2d0467d005bbb90a1d8b3f7bd,TDsFxuiNsGr25morkuHtXCMF9YJgsWuEGd,TFag1PGQ8B9mZ4o25WpZLDFEoRfYZToEt5,620.0,0,0.0,2025-08-07,1
2025-08,0f13c6dc31790ecfd657a8c904b048a770daaad99939a379c254a8d6a5915bb5,TLaGjwhvA8XQYSxFAcAXy7Dvuue9eGYitv,TJN2vSbBe86Ttjmu5TEjAkAfMsRNmWaiho,1182.264954,0,0.0,2025-08-07,1
2025-08,586d4bfdbe7760a5ce6744e17dcb2318e61c293c0780a02a51ca3fa725942496,TD2qpbAqSe2dDhhevukQGEyy7jDXZM1dGj,TDZkL5cecy5VXKok9xPDENYkzFdz6fopA4,176.88,0,0.0,2025-08-07,1
2025-08,e73d29fbeb107e1310657b8a40dc26b4121249ef49178964875fd0446a1dc36a,TMkRLRakyGtT9uTaUw3t5dhVSkj9b7hTek,TAmXj4WzD5R49zH4itpZqSQTyrbCqE5SaR,200.0,345000,0.345,2025-08-07,1
2025-08,99b2da7428a60a1668d37ad0b46cab9ae7bb00fd3a87775ead6455b985693706,TDqSquXBgUCLYvYC4XZgrprLK589dkhSCf,TCcK5jZ8k2Vm56DEP69nV1CFZ3wYC8UfbD,10000.0,0,0.0,2025-08-07,1
2025-08,e4e775912745b56bdfdbd0c86a28e4f32dd87c33c5a56c97e52db3d4973304c5,TLVvLMqMV8L78iyoUXgLhwxxjnUMTPBUBz,TDNwgkKGUsN7ofXous3FuyeyWYa4bh2Ptf,175.0,345000,0.345,2025-08-08,1
2025-08,631cdecc19da62074f4d8573336bb56bc642ed24c80cf43dce6366608bf426cd,TCCrp2UeLr2xscTg55ypqGHU4H2iMNFUTo,TLuixxXke98uiKQ41izXDYdwBkVXyeZV9s,144.27,27704850,27.70485,2025-08-08,1
2025-08,9e00807d4dd811a0e040e0b9ccbb76847bd6ee46538ce0343e0eaf2de36a919a,TFsJ2MWt9PaD3LeEL34TzUhq5HgNMKeCRW,TC4eeddhsBiSMDadztqAM9JrdUvyCTVHe3,49.0,13499850,13.49985,2025-08-08,1
2025-08,b9d8d10d34cdf8aa6981f982d52d5bfafa73e93b5f24998becfa0b2765fc929f,TEGzBKSDcTBciYyT4so1EgQxq2CKcdELha,TB73gtW1hsTxxA9XUYKLSJKTSHw6Jk53eH,3788.0,0,0.0,2025-08-08,1
2025-08,5eda933b7e8809f3ba469894525a65304c81c339c91b4b9d74d1c24df7de4b78,TSsJNdqCJyR4qkpBQY6pp1eWmMAHsJFEJo,TQNG1Z2ovZhd9uGfTkrYRNqiaZu8GLHYCj,175.0,13844850,13.84485,2025-08-08,1
2025-08,62b6c2a60b56fab10f10a22c7480b920d7617f9a290e292d97790087e57e1766,THAmYsbi6Je3AD47Yfq1cQozGHPqaaSroa,TGjWZ72Pn6vbG9Y6RpnNiYhmXsTE5TrcWn,13.9,345000,0.345,2025-08-08,1
2025-09,42438c9101b7bfc2cfdf96a317171bc660c752f0995bcb354c84ea2c2c896645,TKrR6njo8ey9nL1iUSnqDkdJGv9UH5DE8s,TDwj3StKyEbMCViZtWaRGvGCV9bvq5bUwd,20000.0,0,0.0,2025-09-07,1
2025-09,bd34d34663cbe02fa78f67c032f7b791ea7f0420491d3ccf5e7d92000e43c184,TCaVTy7rXDf3kjS4xrTnLaujTrFzEC3i7W,TRJRv6gVZAq6ztM3GcEB7vY1ckVbszpzqN,72.2,0,0.0,2025-09-07,1
2025-09,5e17ec75b3953f305c62bd5c5324fcc435fbd8216c6fe2e3b4fdbb4b20597d58,TPkaGXFwpthbbvNyUKNWWxTmheYVtNH33R,TMgwQ8eCLmNMiXF6KLpWAWQE1w88888888,100.0,0,0.0,2025-09-07,1
2025-09,c1c2cbdffb903aa3bb33ce47bed38bfb4a2e154506909a9ade2d5dac0bcd24e0,TLaGjwhvA8XQYSxFAcAXy7Dvuue9eGYitv,TDZCDQKLDnCkEhL8ZoH2HxFCJ4rfV6TrKo,60.0,0,0.0,2025-09-07,1
2025-09,2f8b6db09ee4d6c7a4678643fe8666d3ac510a0a50c937fa9273b9bc57c28c83,TCLgK89AnXbC9rewvhNb9UgXCc2qJJpBXh,TU4jjkoz26ZAa4LUBoNFfUU3HaVDxFDP9S,2999.0,0,0.0,2025-09-07,1
2025-09,c04d1badecb04a18369abe30f365c41d7c3db512d908a9e8c9ba9b8cdc897606,TM1H6B8A8dF6niKrWVgrFYxbLwZBRt6Yz4,TWHR1EGpGPSKrbLHp5dV5xzNtg5kyyBs81,100.5,0,0.0,2025-09-07,1
2025-09,75035b8d5af1418e7c0db327195ee2cf412c2160a4125661ce78f8668e7b1a4f,TDqSquXBgUCLYvYC4XZgrprLK589dkhSCf,TWuFWQWvWrDP6D7apYkxWbijHnvUUyipgN,5000.0,0,0.0,2025-09-07,1
2025-09,f27e45ee03628e677803d35002822b69e83da1dda4e7dc634ae4488d63e396d1,TCQpBGze15PYwqUoKvTrDdJpuKe8y4ky67,TEUWMJjF4i5dujBQR1o9GL5yZtECWdKQdR,3000.0,0,0.0,2025-09-07,1
2025-09,490d882df4ee2fc721ae1394ce225de668bbe61f0f7768224a8c40b9b4c5fd74,TZ8Ksz21Hk1tQuztCKCUJBRXStCav9uyjM,TH6Q1UD7sAXyCVKiNCx28jKZLZS6rW46jH,110.977806,345000,0.345,2025-09-07,1
2025-09,8d1003f2fa861bca3c2128b4379ef9eb6f232425dfba3bbe6803560e75da987c,TUFWCBVWavY1H3VJSvKcPmrw85aP8Lywrp,THvgBvKNWqVxbGQj9yCbSuKdWoYoaoYZeD,3000.0,345000,0.345,2025-09-07,1
2025-09,13a6de5737b1da62c7196b33b4a715f3eef5609e90fb7db6abfa1203af499a12,TXc9KrWbQvkbMa44aJY914n2Vom11SWaMb,TBaeAPvpBboxRTd2E5yp1xfrMZkknjJK4v,136.79,0,0.0,2025-09-07,1
2025-09,fcb68ef152bf0bb719ad31777c5665f56b2fd47c7194eed741cef81d0e1185cc,TLaGjwhvA8XQYSxFAcAXy7Dvuue9eGYitv,TCcmekGAK8kFjYbavEh17rAMAn4KuqiR6A,997.7,0,0.0,2025-09-07,1
2025-09,5bcdb94d4fdcc4d203d1855f9c29981621b83af36cadaf33a3100c878cfd121b,TJDPn6hBw1JKteRKvMebXermKAD4WtyM5V,THEVE5889EqXJzUMRxMqRPVEg1z4jAem7C,4000.0,0,0.0,2025-09-07,1
2025-09,c4fb89a4178671c5fa5405944d4804e18da4cb67ef79efe2c05077e26442f728,TUdwyTw9tL6xftK4BuLgGBGG8FBvpCk1R7,TTaKYkfpieeqW3RffiJyraGoh2aaw1fzit,300.0,0,0.0,2025-09-07,1
2025-09,e97572d5bf84f65828ae3d09b1b46ed072ce0a0ab1a95845003229eea4df0ef4,TU4vEruvZwLLkSfV9bNw12EJTPvNr7Pvaa,TLxKMMb9obxZKALQCswYs7EhyjWqJQRhkj,30.0,0,0.0,2025-09-08,1
2025-09,93df0e3152e28f7427406cd1ac92ec8d65d1532fa5b4cc737b97c513888e53a4,TF5o1CL8HutqDAyxCMZdFD8JUveKZTPqHe,TEoF9njhDx212baDhjDYJD1KKRsHk4uALG,225.0,0,0.0,2025-09-08,1
2025-09,e80b97719561d6b646c969bd71081e4cbf9f5ce76bb12605b515b6f2e0308cbf,TU4vEruvZwLLkSfV9bNw12EJTPvNr7Pvaa,TPygGmwWnX4Ljt5bcqiWtnoQH8GKKfeevZ,144.7257,0,0.0,2025-09-08,1
2025-09,0de2fbac0ba1a6682921d7c271644de0c0f735d493e93e9b1544a1d07c238514,TWKsuYKYRdYw4EcpjYiePvVFGKQ2LdSpTt,TLWKqzQ6sTVh3HqqJZFsX61keosQkae3Wv,215.756207,0,0.0,2025-09-08,1
2025-09,2247cd5c53d47fb338f31a7f8b38cfcf1cd3be24ea43e78bba9b942d09cf3e2c,TU4vEruvZwLLkSfV9bNw12EJTPvNr7Pvaa,TWC7nWXQ2yjAjRUXYsUXk2Kin3VdM3uXJv,100.0,0,0.0,2025-09-08,1
2025-09,b0f2af94061fc89819ab0ab62936a9a18d592bf41cc61fca61838e031cbce7fb,THVpgfHZ5N6sgbkmbaFsPAY2JqCSQ9iYTJ,TGQW8zjqDHnnBvvmgSkTTQtJ9Unkexs9Kz,184.75,0,0.0,2025-09-08,1
2025-10,0b8108cb58d0f868999baf22145d82f617ad9b7837a2563583e10c420e361cd6,TLaGjwhvA8XQYSxFAcAXy7Dvuue9eGYitv,TDBXK3QkA5iXDKcjrcxwhquY4VH6b3FpkN,208.7,0,0.0,2025-10-07,1
2025-10,541a60610d0309d6e08821405511531224d1993a6b492ab2187ab395c5687b0b,TLaGjwhvA8XQYSxFAcAXy7Dvuue9eGYitv,TXA7rduZnhyA8nbvYfWaDSZjStbfBAJCvK,137.0,0,0.0,2025-10-07,1
2025-10,99d29c37c3f39f28582acab8b57797bc2ba9bba3801938c034c2a4289dca19aa,TDfVC2aFXu4zrUrwhGDYG4bXvP3V5istCU,TRTje4S3YXXyRfBCHJeuGWfNnYQJ4VKagu,50.0,6428500,6.4285,2025-10-07,1
2025-10,48b8a1b837f403aa4d6dbfb5a717701ab27007cac100e0c957341b1c383c48ea,TBpyyEkoksvHQFH7zCuLiLgWtD4CWdzbAQ,TPRf82Fg7kWSZHBYmp7m9xzJt79eNcW6zU,34.48,345000,0.345,2025-10-07,1
2025-10,d12051cf598c267b63f22f59fd53910a29d06249632b55322ba039d4be6457b4,TSgchf4Bt4fP6j2bRr384mdj2WdNLdKKTx,TXikA6bBSsTAE37qafJxNAvduJoKFKjVvE,229.0,0,0.0,2025-10-07,1
2025-10,f57e566a21b1916687712d98484152bb8c0f318c793cad067d50ce611693fc27,TWheJ93h3rRJw92qQRNMS8wTGFMxTpzc6D,TCQ2GAvYTZ7LwRaGiazQTFKmdPk98cF545,72.679401,6428500,6.4285,2025-10-07,1
2025-10,d82fbda0537f79462936986788dc1bdd801fd9db12f5cdf7c1c9c475dcfcd3c0,TVkA7kzKkPibUsPJNadGXkdCgvhwg6nZrw,TJGHXxehwgaYqfMcThCtNgN7Ux2npKGdL1,671.13,345000,0.345,2025-10-07,1
2025-10,8edff019852ae45019dea0ebb3e086581331bd5b42fb219e5a44d21c49db761c,TLaGjwhvA8XQYSxFAcAXy7Dvuue9eGYitv,TXUk4ttLdQUBZAu1pTHbRJDiBorrbZV6q4,1055.923321,0,0.0,2025-10-07,1
2025-10,ca55eec8dab6dc68f3bb19193a47166060cbd710216ee498223dd659ab58ed20,TU4vEruvZwLLkSfV9bNw12EJTPvNr7Pvaa,TCi3DXBUCTJf9od5ejBDHXbJ3n2BFTZ9UE,20.0,0,0.0,2025-10-08,1
2025-10,e7ab17000ea245e43f62e1a0fde71a249630012bb4fba04afc249fc74aa0b497,TJtEySoVuAkk3xwXghLgrUFVKSMq9JkE18,THKTduvPpZ6M9X9VtqLA6PdUPcJReAhaw2,50.598333,0,0.0,2025-10-08,1
2025-10,ceb346ff49f39b7ecac02205a66612549003967881c21c8e38721af9d935cb04,TX9S98ABkSnfBKVLaFXTsC7gy9G5iXF2cf,TRckQGEC49c3ekuphR9jNSq5xEjZ8Tqr3E,167.25,0,0.0,2025-10-08,1
2025-10,1c5d6685547482a0d5c95f111cd09fff8c966a76306af71fdd7efd5afe25d8ea,TU4vEruvZwLLkSfV9bNw12EJTPvNr7Pvaa,TW7rjwb7VYsHNQEzCbspS6W385m7MV2R4k,10000.0,0,0.0,2025-10-08,1
2025-10,4590d32bd433239fc2a8cfcac616a4b354575a9c73081e6b4299b6a5821328b3,TJXGQDBndSE7mX26FR8qPMwfRqmiFkx2n9,TTViWrcwQcpwBkQffvz23weXjV5LxT5tXx,200.174,345000,0.345,2025-10-08,1
2025-10,d9e8401ddc34f45fa83e042107871d19ad85a1f7caca568d8b53eebda982a37c,TB73gtW1hsTxxA9XUYKLSJKTSHw6Jk53eH,TFRx935SwcxhTdihzvVnUEXjdKwnwoxN4Z,25.78,0,0.0,2025-10-08,1
2025-10,d0bc8e5e72614f0450ab9ff1f102b5917c43c2ce8e8fdeb8ea0ee47755b68d36,TTi1tQ6HJniDgdde4FnG1XAhfuVhs3nEpz,TLQt3M26HHAXZzNvnoQ8TTmtCY1nWgn2Wf,150.66,0,0.0,2025-10-08,1
2025-10,4e6054e0296dd74c44feb2290b2117fec5e50e1ba92b8dd0b95d871c2077c69d,TJab3Dj8vyJjDjzJAirxv6tHMPqgaVfhDC,TLTnzDsxgNLuQ4U3sAowD6Xqi4EfSP3fGv,1.3986,0,0.0,2025-10-08,1
2025-10,8bba1083750e8fc398e1b3603b05bf73f7e0f96530f4f11cfd3130bb990d5447,TQQvFFc2egPnSYHRfejoprsPq8tG5BPa1p,TU4vEruvZwLLkSfV9bNw12EJTPvNr7Pvaa,12105.0,0,0.0,2025-10-08,1
2025-10,0319490e2ee2cb361721bcd47a1dcfcce930fff1aa1d2ac94fe413ddbe7aa3d4,TU4vEruvZwLLkSfV9bNw12EJTPvNr7Pvaa,TSpjhG7TfuXvdBmkNKeHvqAUKsA7BxZrTh,45.0,0,0.0,2025-10-08,1
2025-10,1163cc269496215d9fe8d0ac7d9ca353899c597b38d7c309a11764739189dd83,TU4vEruvZwLLkSfV9bNw12EJTPvNr7Pvaa,TZHYCg3gjAVsDuxY2vnkqKMZrNrug6rpzx,21.7869,0,0.0,2025-10-08,1
2025-10,742bdf021fc519e24eff0bf90b4a934d8530dcb191458dd3f6c6535e792285fa,TSYJnNNEuweqaqF6hMQHJb76dZpJUgRy1p,TU4vEruvZwLLkSfV9bNw12EJTPvNr7Pvaa,60561.77,0,0.0,2025-10-08,1
2025-11,e5e619c19dacdf2b09e1eb21bfda32f4eb07fc3fbf8deec6e9784d6bc4292455,TGyfdzLwnwHPKd7kPj3iHSeJbX41t1cq9M,TQShWYKe1UCvEtZviE6YdXscCPvfNYzFrD,9000.0,345000,0.345,2025-11-07,1
2025-11,3d7edd92133d7374cc925b545b216857c32dc720808aeabbb3c9ed1af448798b,TFGDbUyP8xez44C76fin3bn3Ss6jugoUwJ,TBZJAueQPzPg5Lb67wDysfdcd5UFSjqHXc,2.0001,0,0.0,2025-11-07,1
2025-11,cf9116c790fb967af455d002e54c44ed191dde6e8854ab39310ed36bd2bc3619,TPthnSSSSDFozPotZc2DJEzAHBR56BiXLK,TAVHf6ZUvvBpLopG2jHntKaYKUxeWFbVa6,10000.0,412000,0.412,2025-11-07,1
2025-11,b2a467e4a40b7070f84d0252ebe987a192c338a6fbd783e84cc4c0f3dc9c8215,TXVdJLh7o1Q51PsC3FUTFekAbJJzU744BX,THQBdxCAQ8nqHXkLNgM4yHBoqJw32SwAMQ,1500.0,0,0.0,2025-11-07,1
2025-11,3d66e415473085b1983fbad574e56c74df35c40887d075ca90aefe167d7e3df8,TLwN7TjG6FwYk1Vx6qVUd2h2mjNaB3ryjB,THDZmqzA38jnjRTFpW8AcCwCePMqv2tusz,1000.0,345000,0.345,2025-11-07,1
2025-11,68440be29623bc947e91680e4f7b43c0380bca54d8b5976d232755bb3045bb14,TLaGjwhvA8XQYSxFAcAXy7Dvuue9eGYitv,TTJp2kUETNyvRbDY62BPEYwPAgtYeYte5B,843.2,0,0.0,2025-11-07,1
2025-11,7867329bfa092540c76d7fa3f29fa9a0a1bcb03347ac3a517440d9907523e067,TMjpVzP5gLL2FvCUDfaGQ8NhiCeNBCaAAG,TVEoDnhVSTt9XfvoQYHWYtSg7xd7djHdMh,600.0,13028500,13.0285,2025-11-07,1
2025-11,b1f67c44dd1a19a7c192d97302f44e167ff81953da7a414e50819a87c8c1211d,THDcCyBSwKk8UveWbNdd5LEeMz72RT9LGJ,TKmoepKsBfHtShDr2Tnd3qb2Nxc2kDoVLA,292.0,345000,0.345,2025-11-07,1
2025-11,ee8c5acf4836bb5eca33436564acc9a0cf370c7ce080cb92fc7991f700cf2124,TLaGjwhvA8XQYSxFAcAXy7Dvuue9eGYitv,TQAbVRp8bYT4aDCdhRc9gv8bnUTdeZpZxB,136.0,0,0.0,2025-11-07,1
2025-11,dd46f3d50e7f89d85e0d6852d310532659bbcf5bbc21dcb168ee4ab04b0020d9,TTrpazAm3xx7oMo6Np6gVCpHyNaJFFrY2Y,TDuPZ3tLzqMyeBi343b65N55BXgDgxLbhk,342.1782,0,0.0,2025-11-07,1
2025-11,54c2fa8e88a302dd0a702b1b9e6185e7cc56e97d72860632ec75c0e9cc84e9ee,TSTE4mHCoa7dyTMCVQsrtfKQWgaGCHTjih,TQombX6xbiUmvPjDEgkw19Th48EfLebG1h,2000.0,346000,0.346,2025-11-08,1
2025-11,4f6f499fca4cc5e9f25b159a44d9631c3fbcc6870c24b47959200c4903990172,TA6vwocXZ9sZLu9zZEeYv2JNQs9VPUjMBm,TCzzsc9MqoPs2UFFJSzq9YyD5vhiDnxQDD,15000.0,345000,0.345,2025-11-08,1
2025-11,c84a432f7e9dea8d07bfd47a8acceadaea567290d1ac3ca6c81c837f2c184de7,TU4vEruvZwLLkSfV9bNw12EJTPvNr7Pvaa,TCVEGEL1brephAWFmm9UfP6maWnx1kPETL,35.0,0,0.0,2025-11-08,1
2025-11,1d50d074f03a00a5e5781838731e11d98a07616359ec6a97006b2f9e5f4b9507,TDBi4jPq5fGr5BMCPaGqV4D4eA2MdsoP22,TRobZoMXSCT1pKYnjF9oro3UaaFxgdYvKe,7225.3,0,0.0,2025-11-08,1
2025-11,9295cd1dbb35191d375dab026baddeaeec82a1ca5e232c9f273e04483dda91cb,TBZJAueQPzPg5Lb67wDysfdcd5UFSjqHXc,TXkARH8K4LHZ35G8fa85qa2Mt8P2Yv4q7k,2.0001,0,0.0,2025-11-08,1
2025-11,1400035095b559c9a3004e35634333d7e841ed4cc1051a4702d96d7137650ae8,TDo9d2YqfEwd6Woy815GbqbR4xYwxukfXy,TQ3Z1vXKa2F17RKsfk9H5r41pM4spKSY66,315.0,13373500,13.3735,2025-11-08,1
2025-11,c58f3f4eb2786d46acf0d3529cdcc149d44a29875742aef0d9d43580375c2db9,TU4vEruvZwLLkSfV9bNw12EJTPvNr7Pvaa,TPECFcagL6KSBcBkFMaDtRuFC1f6WDxm6H,3.74,0,0.0,2025-11-08,1
2025-11,1d50d074f03a00a5e5781838731e11d98a07616359ec6a97006b2f9e5f4b9507,TDBi4jPq5fGr5BMCPaGqV4D4eA2MdsoP22,TLntW9Z59LYY5KEi9cmwk3PKjQga828ird,2.0,0,0.0,2025-11-08,1
2025-11,8f4cd7dbb61996473a02a5d1c1b147c4c93d7389cb69b3bf4f42efecfdfb657d,TMsWMhSEUyBQLRsNMmEceYzMmCb6PWgP7R,TY3S1PnefXwLeN65Q8dysq2ySpfmK5trgM,49.0,345000,0.345,2025-11-08,1
2025-11,854fdbefa4a329649d67161df8e70515910cba4c26268b33cefb14ae5c015f60,TAArDFYJpeSBtyrGJdWyqFAvurpyXDZLmC,TGnLue9uRpA7egfT9vZian88Y4r9ecXLoZ,2151.5,0,0.0,2025-11-08,1
2025-12,92d065a89ef4c29c09af940a4677b62854aa24fa98c1e24175bf48b155af3114,TV8n3UjxHce9rtpEwHx4rZvM6L77BPz3yi,TJ7hhYhVhaxNx6BPyq7yFpqZrQULL3JSdb,61.0,0,0.0,2025-12-07,1
2025-12,c597e1e43107b6e950db799c6a39e52fb5dcaed3b6e04bd974be7123c1596263,THroH4nQWGMo5cooR2sVMroSGCHsajQJr2,TQF8jztGACw77CsHgA5xcSnSWzCoF6V4kT,84.5,0,0.0,2025-12-07,1
2025-12,517941c595f399584a403e2a9039a178dd7273106b1e0b79ed3eef4bc6737cc6,TGNAdt4mDbmnrHKWaZS6mYQjMeo1T5NYfd,TAwjSXZuBRKfR5zoY1ro5i248pjgRiTtmE,56.2112,0,0.0,2025-12-07,1
2025-12,6c995e2e46a7d510e3ff46ce24bcdf315ff2360f60284929dcd28030ff0879a9,TQrY8tryqsYVCYS3MFbtffiPp2ccyn4STm,TAunGSVbKN1Q7Re44pdsM6zsvYwo6tMix8,1106.0,0,0.0,2025-12-07,1
2025-12,76d700069142b8a39a8fb99a448202eabce8972c7396a67a52d47af49de9c6da,TKeJAXL75suLtPsYcNTzVPpYJA9osNTei2,TAwjSXZuBRKfR5zoY1ro5i248pjgRiTtmE,101.0,0,0.0,2025-12-07,1
2025-12,7816b5efc12df922249d41fb520c875096b468c35a77d194c4706165b87cb1b9,TGTZZ9AGvNbZDXiQsnpRTXWBJb5HqZXphR,TFdMzgRtFKXeDYYoW7pptpKn1fxavqd1Ur,394.4223,348000,0.348,2025-12-07,1
2025-12,b1bc9727d8b11fc2824ec3530f2e7524a5ca8d08445cf1686288d6b5eb0ac736,TXoHQRJwA1PqHziztqErhvghPLkMeGjAmN,TYFcFF1S3eJhoYJtB4g2P2WhC6XmKm978E,10893.24,345000,0.345,2025-12-07,1
2025-12,69be0cf90a74d0ed5d7c0632717314e5a089ff606c8c6a8f048b5794efa90890,TAv9TVfG32bQmwWvKuW5hic8WXHdWDj92d,TJ7hhYhVhaxNx6BPyq7yFpqZrQULL3JSdb,61.0,0,0.0,2025-12-07,1
2025-12,ff20c575a0bdba7790db89b9dcb30390cd4bc681c3ff6368d4dc3fbd06b7d864,TLaGjwhvA8XQYSxFAcAXy7Dvuue9eGYitv,TAeUXTbrNqE4U2ivVL2rQE864AYqHWBAC2,214.814,0,0.0,2025-12-07,1
2025-12,49ea7a37f4690661994c6710c9271b4372725bc46620c3d51241290e2b3eeda6,TWbkSS3PfuqBjMUXzCSVoshVF6tmfesjSn,TS4fxwyLpFMasLkQwNZes4H6N2B787v64y,5775.44,0,0.0,2025-12-07,1
2025-12,80162083c2747e62bc350a1844a1e3c8bed0b7bbedd6b961af1686e6fd8f4909,TCRfy8Fr5oZHx3FbbFCWdH3yHEDEoVmvaN,TUZ8xiYzQMbmL3m1fo5vB6uST7fp9Xpt69,5228.0,0,0.0,2025-12-08,1
2025-12,2d2378f40f243a26942f0acc13182ea8e6c8b9230ec3bb99b8be55224cfa1314,TDWUBCRkTdo6QAizuhPrYafPwRKVjFrTEj,TThfkpCLa5453p6AsmPD9caT6wK8gDu1WV,70.0,13028500,13.0285,2025-12-08,1
2025-12,2e46dcc6c55fbc6f9aa592e94eeb9ddf404cd07a60d0656b71c382855365a000,TCqknqaYm1XzMomD14Lzg8AAkEr1oA2DCR,TJ7hhYhVhaxNx6BPyq7yFpqZrQULL3JSdb,61.0,0,0.0,2025-12-08,1
2025-12,a51eed344862a61e935d3f2bf3a0e0fa396c92b340e7a586138133f6b22122c8,TKfz7Pu3jtxWrfHzVeozQjXsb3RfuUHGE2,TBZhxiEfkfShYwBWCcW1fpjqAcmxZYVVvn,301.0,0,0.0,2025-12-08,1
2025-12,0f2777c33dac0f6f2ad2fd289c8b163d98f9fd72d9f8b48f21f13a2dc7694178,TDSKzJWMLwTTusu7Qvy6sy1actE7SFgnNY,TAwjSXZuBRKfR5zoY1ro5i248pjgRiTtmE,50.0,0,0.0,2025-12-08,1
2025-12,61ac5d984dad3b71e8d07dfae6e7545595d9578518cec8abe53258666cb4cb2b,TTbbUKnVVqxRuLuVqrSAMGgAsLDu3CBTLi,TKcdDJ318jUDUJq3ngtphT8i3q5i4KXje9,20.0,0,0.0,2025-12-08,1
2025-12,bf08fcd7b2b5ce3b78ae54338d2516a44096590d00ac2ac0a271244e14534d21,TJrHEJBx1WVow1mgYqsng3YaSckjjEqHWs,TJ7hhYhVhaxNx6BPyq7yFpqZrQULL3JSdb,61.0,0,0.0,2025-12-08,1
2025-12,8e4c5517d602318dd915d60fda0858f016aa99965e8e192d44654aba31440010,TU1bzxAJSnUfwEi2ZnMT2vWPT5d1X9ovXH,TEsAHJHfuZ3525LdDxCoYxLx9WETJwxg4s,3000.0,0,0.0,2025-12-08,1
2025-12,5027ea62e4896555fa89114b250fc582e0172855a6243b2ac18c5ab9020f0b0a,TShwfQgFm9puUXcNvR2gnH4TiriKjGK96C,TDiBUK2Gz3xt8U6hERB8j3eVDmsAoEQHpJ,600.0,13028500,13.0285,2025-12-08,1
2025-12,8dc37bdba766b6d7838f704ca8ff8148c600b7b3e70e5b2ac424891a490d22a1,TB5Ln27tw8mp2f112MrxDn22aYJeZ1dXMD,TYFBoFRnn2mqWyRb1sDawHFHwAQMzkriaC,3674.0,0,0.0,2025-12-08,1
