asset,date,active_addresses,transfer_count
USDC,2020-01-01,1481,2280
USDC,2020-01-02,2302,3221
USDC,2020-01-03,2561,4142
USDC,2020-01-04,1824,2646
USDC,2020-01-05,1924,3119
USDC,2020-01-06,2761,4537
USDC,2020-01-07,2930,5316
USDC,2020-01-08,3327,6108
USDC,2020-01-09,2878,4980
USDC,2020-01-10,2896,4556
USDC,2020-01-11,2337,3832
USDC,2020-01-12,1819,2799
USDC,2020-01-13,2295,3921
USDC,2020-01-14,3939,7817
USDC,2020-01-15,3941,7436
USDC,2020-01-16,3397,6180
USDC,2020-01-17,3770,7460
USDC,2020-01-18,2503,4918
USDC,2020-01-19,2516,5264
USDC,2020-01-20,2371,3839
USDC,2020-01-21,2884,4554
USDC,2020-01-22,2799,4478
USDC,2020-01-23,2970,5489
USDC,2020-01-24,2741,4847
USDC,2020-01-25,1995,3350
USDC,2020-01-26,2053,3453
USDC,2020-01-27,3139,5748
USDC,2020-01-28,3273,5704
USDC,2020-01-29,3403,5710
USDC,2020-01-30,3922,6852
USDC,2020-01-31,3220,5545
USDC,2020-02-01,3829,5724
USDC,2020-02-02,2595,4552
USDC,2020-02-03,3127,5489
USDC,2020-02-04,3870,6609
USDC,2020-02-05,3995,7509
USDC,2020-02-06,4142,7453
USDC,2020-02-07,3824,7168
USDC,2020-02-08,3267,6396
USDC,2020-02-09,3156,6036
USDC,2020-02-10,3573,7125
USDC,2020-02-11,4219,7998
USDC,2020-02-12,6428,12008
USDC,2020-02-13,4375,8941
USDC,2020-02-14,4286,8600
USDC,2020-02-15,3570,7550
USDC,2020-02-16,3418,7532
USDC,2020-02-17,3629,7772
USDC,2020-02-18,4162,8022
USDC,2020-02-19,3981,7569
USDC,2020-02-20,4034,8480
USDC,2020-02-21,3608,6944
USDC,2020-02-22,2634,4896
USDC,2020-02-23,2525,4832
USDC,2020-02-24,3508,6481
USDC,2020-02-25,3930,9025
USDC,2020-02-26,5318,12484
USDC,2020-02-27,5199,10941
USDC,2020-02-28,4605,9785
USDC,2020-02-29,2803,5895
USDC,2020-03-01,3110,7079
USDC,2020-03-02,4488,9219
USDC,2020-03-03,4711,8855
USDC,2020-03-04,4027,7722
USDC,2020-03-05,4645,8433
USDC,2020-03-06,4589,8498
USDC,2020-03-07,3333,6867
USDC,2020-03-08,3879,9049
USDC,2020-03-09,5471,14046
USDC,2020-03-10,4283,8685
USDC,2020-03-11,3902,9402
USDC,2020-03-12,8334,24588
USDC,2020-03-13,10125,30110
USDC,2020-03-14,4695,13351
USDC,2020-03-15,4295,15724
USDC,2020-03-16,6932,22401
USDC,2020-03-17,7144,17892
USDC,2020-03-18,6119,14262
USDC,2020-03-19,7260,17912
USDC,2020-03-20,6615,17737
USDC,2020-03-21,4831,10309
USDC,2020-03-22,3798,9674
USDC,2020-03-23,5135,11980
USDC,2020-03-24,5428,12765
USDC,2020-03-25,4420,9375
USDC,2020-03-26,5182,9688
USDC,2020-03-27,5240,10692
USDC,2020-03-28,4415,10668
USDC,2020-03-29,3441,7820
USDC,2020-03-30,4703,10666
USDC,2020-03-31,4599,10282
USDC,2020-04-01,5112,10335
USDC,2020-04-02,6053,12955
USDC,2020-04-03,5386,10915
USDC,2020-04-04,3962,7646
USDC,2020-04-05,3662,7425
USDC,2020-04-06,6026,14094
USDC,2020-04-07,6886,14890
USDC,2020-04-08,5327,11074
USDC,2020-04-09,5317,9655
USDC,2020-04-10,6524,13227
USDC,2020-04-11,4080,7755
USDC,2020-04-12,4016,7800
USDC,2020-04-13,5147,10085
USDC,2020-04-14,4956,8581
USDC,2020-04-15,5314,9740
USDC,2020-04-16,6083,12863
USDC,2020-04-17,5896,10290
USDC,2020-04-18,4900,9901
USDC,2020-04-19,4415,9587
USDC,2020-04-20,5721,12025
USDC,2020-04-21,5756,10442
USDC,2020-04-22,5738,11366
USDC,2020-04-23,7026,14045
USDC,2020-04-24,6327,11190
USDC,2020-04-25,5458,9939
USDC,2020-04-26,4783,8871
USDC,2020-04-27,5709,10569
USDC,2020-04-28,5925,10288
USDC,2020-04-29,7885,15015
USDC,2020-04-30,7476,14008
USDC,2020-05-01,7233,13184
USDC,2020-05-02,5450,9398
USDC,2020-05-03,5171,9955
USDC,2020-05-04,6541,12799
USDC,2020-05-05,6080,10300
USDC,2020-05-06,6764,11559
USDC,2020-05-07,7320,12757
USDC,2020-05-08,7726,13275
USDC,2020-05-09,5688,10191
USDC,2020-05-10,7714,14970
USDC,2020-05-11,7493,13520
USDC,2020-05-12,6962,11684
USDC,2020-05-13,6934,11992
USDC,2020-05-14,8508,13898
USDC,2020-05-15,7214,12152
USDC,2020-05-16,4537,7171
USDC,2020-05-17,4369,7475
USDC,2020-05-18,6677,11720
USDC,2020-05-19,5454,9402
USDC,2020-05-20,5756,9474
USDC,2020-05-21,7176,12741
USDC,2020-05-22,6746,10783
USDC,2020-05-23,4545,7574
USDC,2020-05-24,5095,9722
USDC,2020-05-25,5164,7904
USDC,2020-05-26,5277,8766
USDC,2020-05-27,6234,10304
USDC,2020-05-28,5778,8890
USDC,2020-05-29,7335,11236
USDC,2020-05-30,6278,10906
USDC,2020-05-31,4776,7565
USDC,2020-06-01,6774,10489
USDC,2020-06-02,9778,16724
USDC,2020-06-03,7189,10499
USDC,2020-06-04,6424,9785
USDC,2020-06-05,7157,12690
USDC,2020-06-06,4455,7009
USDC,2020-06-07,4403,7018
USDC,2020-06-08,6280,10990
USDC,2020-06-09,6003,9912
USDC,2020-06-10,6214,10239
USDC,2020-06-11,8491,15836
USDC,2020-06-12,6876,11457
USDC,2020-06-13,4608,7543
USDC,2020-06-14,5373,10960
USDC,2020-06-15,6767,12754
USDC,2020-06-16,6719,13433
USDC,2020-06-17,7300,15928
USDC,2020-06-18,6914,13865
USDC,2020-06-19,7961,18469
USDC,2020-06-20,8304,20222
USDC,2020-06-21,5768,15034
USDC,2020-06-22,8801,18464
USDC,2020-06-23,9767,19404
USDC,2020-06-24,8275,17243
USDC,2020-06-25,7651,15169
USDC,2020-06-26,9159,20255
USDC,2020-06-27,10565,19084
USDC,2020-06-28,6182,12941
USDC,2020-06-29,7543,15412
USDC,2020-06-30,8495,14143
USDC,2020-07-01,8266,15694
USDC,2020-07-02,9537,21339
USDC,2020-07-03,8489,18371
USDC,2020-07-04,7417,16496
USDC,2020-07-05,5587,11983
USDC,2020-07-06,7741,15486
USDC,2020-07-07,8580,16538
USDC,2020-07-08,11571,22350
USDC,2020-07-09,12532,20538
USDC,2020-07-10,9322,18958
USDC,2020-07-11,6588,12520
USDC,2020-07-12,5955,12692
USDC,2020-07-13,8156,16440
USDC,2020-07-14,8752,18044
USDC,2020-07-15,8737,16597
USDC,2020-07-16,8719,16509
USDC,2020-07-17,9041,19426
USDC,2020-07-18,7121,20078
USDC,2020-07-19,7132,22404
USDC,2020-07-20,9418,24036
USDC,2020-07-21,9326,19536
USDC,2020-07-22,8321,18767
USDC,2020-07-23,10305,24669
USDC,2020-07-24,9562,22646
USDC,2020-07-25,9125,21933
USDC,2020-07-26,9488,23268
USDC,2020-07-27,13637,28200
USDC,2020-07-28,10699,22513
USDC,2020-07-29,9941,23632
USDC,2020-07-30,9627,21833
USDC,2020-07-31,10256,21088
USDC,2020-08-01,10069,22343
USDC,2020-08-02,9325,21829
USDC,2020-08-03,12242,27313
USDC,2020-08-04,10612,21753
USDC,2020-08-05,10904,23331
USDC,2020-08-06,10115,19313
USDC,2020-08-07,10724,23026
USDC,2020-08-08,9374,20341
USDC,2020-08-09,8190,18072
USDC,2020-08-10,10695,24412
USDC,2020-08-11,12777,26624
USDC,2020-08-12,12267,27879
USDC,2020-08-13,12200,25977
USDC,2020-08-14,13535,29260
USDC,2020-08-15,10807,21451
USDC,2020-08-16,9847,20031
USDC,2020-08-17,12289,24568
USDC,2020-08-18,12483,26900
USDC,2020-08-19,12578,27899
USDC,2020-08-20,10926,23270
USDC,2020-08-21,40866,51950
USDC,2020-08-22,10083,20558
USDC,2020-08-23,7887,17371
USDC,2020-08-24,9053,20196
USDC,2020-08-25,11178,22414
USDC,2020-08-26,10711,23611
USDC,2020-08-27,10372,22930
USDC,2020-08-28,10194,23529
USDC,2020-08-29,8582,19760
USDC,2020-08-30,8203,19771
USDC,2020-08-31,9911,20794
USDC,2020-09-01,12621,27124
USDC,2020-09-02,12265,30174
USDC,2020-09-03,14475,31846
USDC,2020-09-04,17141,34786
USDC,2020-09-05,14449,37934
USDC,2020-09-06,12602,30341
USDC,2020-09-07,9791,25330
USDC,2020-09-08,11443,30612
USDC,2020-09-09,12669,35724
USDC,2020-09-10,13592,37077
USDC,2020-09-11,13955,38166
USDC,2020-09-12,11543,33465
USDC,2020-09-13,10157,31846
USDC,2020-09-14,11454,33861
USDC,2020-09-15,12649,37075
USDC,2020-09-16,13829,35161
USDC,2020-09-17,14083,28770
USDC,2020-09-18,15117,31844
USDC,2020-09-19,12642,35100
USDC,2020-09-20,11229,34943
USDC,2020-09-21,13932,34253
USDC,2020-09-22,12796,29558
USDC,2020-09-23,15353,35794
USDC,2020-09-24,12972,33277
USDC,2020-09-25,12154,30236
USDC,2020-09-26,10591,26878
USDC,2020-09-27,8779,22226
USDC,2020-09-28,11674,25471
USDC,2020-09-29,11904,31608
USDC,2020-09-30,12613,31594
USDC,2020-10-01,14788,36689
USDC,2020-10-02,15492,38792
USDC,2020-10-03,10309,25561
USDC,2020-10-04,9445,25940
USDC,2020-10-05,12562,31158
USDC,2020-10-06,12453,33698
USDC,2020-10-07,11934,29735
USDC,2020-10-08,11581,28424
USDC,2020-10-09,12489,28664
USDC,2020-10-10,9678,22925
USDC,2020-10-11,8798,22477
USDC,2020-10-12,10518,25690
USDC,2020-10-13,14821,28545
USDC,2020-10-14,11842,26074
USDC,2020-10-15,40112,60088
USDC,2020-10-16,31208,50820
USDC,2020-10-17,23587,40859
USDC,2020-10-18,10839,23808
USDC,2020-10-19,13728,30032
USDC,2020-10-20,19935,39980
USDC,2020-10-21,30218,52953
USDC,2020-10-22,29933,52704
USDC,2020-10-23,25148,45488
USDC,2020-10-24,21506,37938
USDC,2020-10-25,19409,34931
USDC,2020-10-26,23945,51939
USDC,2020-10-27,23449,43392
USDC,2020-10-28,24174,45550
USDC,2020-10-29,27487,50761
USDC,2020-10-30,26510,50268
USDC,2020-10-31,29232,49849
USDC,2020-11-01,26831,45093
USDC,2020-11-02,29401,51364
USDC,2020-11-03,33311,57298
USDC,2020-11-04,29939,52444
USDC,2020-11-05,28681,50792
USDC,2020-11-06,30096,52613
USDC,2020-11-07,28469,54156
USDC,2020-11-08,30854,51768
USDC,2020-11-09,37208,59845
USDC,2020-11-10,26680,46718
USDC,2020-11-11,26538,44380
USDC,2020-11-12,28404,45846
USDC,2020-11-13,26863,45744
USDC,2020-11-14,26901,46196
USDC,2020-11-15,22794,41556
USDC,2020-11-16,26462,46541
USDC,2020-11-17,32584,57480
USDC,2020-11-18,31338,54873
USDC,2020-11-19,29659,51281
USDC,2020-11-20,35899,60084
USDC,2020-11-21,38818,64553
USDC,2020-11-22,35395,62360
USDC,2020-11-23,38426,58832
USDC,2020-11-24,43212,64245
USDC,2020-11-25,38425,63894
USDC,2020-11-26,33700,60936
USDC,2020-11-27,25064,40886
USDC,2020-11-28,35276,51397
USDC,2020-11-29,27743,44340
USDC,2020-11-30,36088,63100
USDC,2020-12-01,34008,53913
USDC,2020-12-02,16448,33806
USDC,2020-12-03,16274,35655
USDC,2020-12-04,16963,35653
USDC,2020-12-05,14924,30578
USDC,2020-12-06,13755,28958
USDC,2020-12-07,14090,32440
USDC,2020-12-08,16629,37101
USDC,2020-12-09,16408,36100
USDC,2020-12-10,16730,33005
USDC,2020-12-11,25487,44774
USDC,2020-12-12,45965,71095
USDC,2020-12-13,46946,70717
USDC,2020-12-14,39301,59975
USDC,2020-12-15,41734,62178
USDC,2020-12-16,34055,56107
USDC,2020-12-17,37704,66768
USDC,2020-12-18,19322,43606
USDC,2020-12-19,19052,43270
USDC,2020-12-20,18149,42845
USDC,2020-12-21,17494,45032
USDC,2020-12-22,17741,53484
USDC,2020-12-23,19431,48640
USDC,2020-12-24,18733,44332
USDC,2020-12-25,17396,46186
USDC,2020-12-26,19079,48632
USDC,2020-12-27,19372,50054
USDC,2020-12-28,19812,46144
USDC,2020-12-29,21136,51375
USDC,2020-12-30,21400,48332
USDC,2020-12-31,22432,48611
USDC,2021-01-01,22634,49531
USDC,2021-01-02,23527,54162
USDC,2021-01-03,23570,50282
USDC,2021-01-04,24427,51546
USDC,2021-01-05,25168,50742
USDC,2021-01-06,27594,52809
USDC,2021-01-07,27131,51165
USDC,2021-01-08,27241,52911
USDC,2021-01-09,29926,51819
USDC,2021-01-10,26965,52689
USDC,2021-01-11,24928,58444
USDC,2021-01-12,23037,50326
USDC,2021-01-13,22189,47993
USDC,2021-01-14,24237,53815
USDC,2021-01-15,24357,52212
USDC,2021-01-16,22154,48739
USDC,2021-01-17,22435,49615
USDC,2021-01-18,22401,47886
USDC,2021-01-19,23505,50173
USDC,2021-01-20,23861,50941
USDC,2021-01-21,23002,50365
USDC,2021-01-22,24534,54456
USDC,2021-01-23,19860,43149
USDC,2021-01-24,18610,41093
USDC,2021-01-25,22312,48669
USDC,2021-01-26,26980,54721
USDC,2021-01-27,24078,51974
USDC,2021-01-28,26515,53382
USDC,2021-01-29,33182,60703
USDC,2021-01-30,25328,45907
USDC,2021-01-31,23636,44208
USDC,2021-02-01,26227,47369
USDC,2021-02-02,26523,48819
USDC,2021-02-03,27719,52272
USDC,2021-02-04,30432,55290
USDC,2021-02-05,29462,52226
USDC,2021-02-06,32028,55647
USDC,2021-02-07,26463,49013
USDC,2021-02-08,26666,47802
USDC,2021-02-09,28916,50297
USDC,2021-02-10,32161,54462
USDC,2021-02-11,31224,53948
USDC,2021-02-12,33650,58405
USDC,2021-02-13,33435,59084
USDC,2021-02-14,26933,49095
USDC,2021-02-15,26086,46865
USDC,2021-02-16,35367,55204
USDC,2021-02-17,28922,52103
USDC,2021-02-18,29661,52893
USDC,2021-02-19,32858,56144
USDC,2021-02-20,34378,59493
USDC,2021-02-21,28935,51502
USDC,2021-02-22,31252,57807
USDC,2021-02-23,35139,66369
USDC,2021-02-24,35307,64595
USDC,2021-02-25,28926,56277
USDC,2021-02-26,33931,64602
USDC,2021-02-27,29578,56084
USDC,2021-02-28,28446,57255
USDC,2021-03-01,29518,53530
USDC,2021-03-02,28021,50692
USDC,2021-03-03,29001,54962
USDC,2021-03-04,27755,53405
USDC,2021-03-05,29233,58019
USDC,2021-03-06,23916,43923
USDC,2021-03-07,23026,44009
USDC,2021-03-08,25729,45955
USDC,2021-03-09,30091,53473
USDC,2021-03-10,28186,49709
USDC,2021-03-11,28400,51083
USDC,2021-03-12,31374,55186
USDC,2021-03-13,27203,48137
USDC,2021-03-14,23132,40595
USDC,2021-03-15,26547,48503
USDC,2021-03-16,31864,55102
USDC,2021-03-17,29203,49891
USDC,2021-03-18,28994,314364
USDC,2021-03-19,30065,317028
USDC,2021-03-20,27448,278804
USDC,2021-03-21,30371,271565
USDC,2021-03-22,40871,325208
USDC,2021-03-23,34760,338128
USDC,2021-03-24,36179,332430
USDC,2021-03-25,40993,362423
USDC,2021-03-26,30937,283789
USDC,2021-03-27,27815,265548
USDC,2021-03-28,23405,275329
USDC,2021-03-29,31993,294454
USDC,2021-03-30,31261,297322
USDC,2021-03-31,31510,313202
USDC,2021-04-01,33142,278134
USDC,2021-04-02,41043,270227
USDC,2021-04-03,29320,271543
USDC,2021-04-04,24293,279371
USDC,2021-04-05,28513,275411
USDC,2021-04-06,35927,332270
USDC,2021-04-07,32695,396690
USDC,2021-04-08,34660,321770
USDC,2021-04-09,32691,315258
USDC,2021-04-10,34456,333386
USDC,2021-04-11,34597,329191
USDC,2021-04-12,45030,352152
USDC,2021-04-13,51535,363661
USDC,2021-04-14,44902,386016
USDC,2021-04-15,34094,328851
USDC,2021-04-16,54509,381858
USDC,2021-04-17,40098,361880
USDC,2021-04-18,42563,461413
USDC,2021-04-19,39644,406495
USDC,2021-04-20,48258,413501
USDC,2021-04-21,48537,408870
USDC,2021-04-22,47510,477289
USDC,2021-04-23,53096,500188
USDC,2021-04-24,36257,503726
USDC,2021-04-25,36524,520577
USDC,2021-04-26,42985,575511
USDC,2021-04-27,41373,539566
USDC,2021-04-28,40906,566934
USDC,2021-04-29,46436,822589
USDC,2021-04-30,37911,785086
USDC,2021-05-01,32758,524535
USDC,2021-05-02,33264,454319
USDC,2021-05-03,38502,456857
USDC,2021-05-04,40746,477677
USDC,2021-05-05,38051,453465
USDC,2021-05-06,37434,448655
USDC,2021-05-07,40868,447566
USDC,2021-05-08,29127,430407
USDC,2021-05-09,39628,427949
USDC,2021-05-10,34599,498012
USDC,2021-05-11,29320,501095
USDC,2021-05-12,30547,546381
USDC,2021-05-13,46658,610467
USDC,2021-05-14,34658,546054
USDC,2021-05-15,31154,563968
USDC,2021-05-16,29643,588663
USDC,2021-05-17,35558,626623
USDC,2021-05-18,31414,609189
USDC,2021-05-19,49484,888882
USDC,2021-05-20,39214,666999
USDC,2021-05-21,37276,800911
USDC,2021-05-22,35614,489003
USDC,2021-05-23,36136,570472
USDC,2021-05-24,37495,512101
USDC,2021-05-25,32954,541179
USDC,2021-05-26,37461,505345
USDC,2021-05-27,34150,458509
USDC,2021-05-28,33783,487753
USDC,2021-05-29,30931,442109
USDC,2021-05-30,26657,408239
USDC,2021-05-31,28331,456124
USDC,2021-06-01,30466,443044
USDC,2021-06-02,34494,402022
USDC,2021-06-03,33740,413572
USDC,2021-06-04,34575,432813
USDC,2021-06-05,23609,400641
USDC,2021-06-06,22262,348140
USDC,2021-06-07,31312,413702
USDC,2021-06-08,34691,484798
USDC,2021-06-09,28793,434130
USDC,2021-06-10,30687,402872
USDC,2021-06-11,31501,393451
USDC,2021-06-12,25068,388094
USDC,2021-06-13,24285,348935
USDC,2021-06-14,37720,385989
USDC,2021-06-15,33859,378434
USDC,2021-06-16,33509,409440
USDC,2021-06-17,35318,384197
USDC,2021-06-18,34313,376212
USDC,2021-06-19,26432,344451
USDC,2021-06-20,26663,366689
USDC,2021-06-21,34309,478703
USDC,2021-06-22,38749,557932
USDC,2021-06-23,32365,440927
USDC,2021-06-24,30818,362307
USDC,2021-06-25,29077,423133
USDC,2021-06-26,27121,437054
USDC,2021-06-27,23612,431439
USDC,2021-06-28,28956,397550
USDC,2021-06-29,37184,417307
USDC,2021-06-30,28956,411418
USDC,2021-07-01,26497,364104
USDC,2021-07-02,27982,350424
USDC,2021-07-03,24877,302930
USDC,2021-07-04,51762,313551
USDC,2021-07-05,52942,364552
USDC,2021-07-06,70615,383728
USDC,2021-07-07,58106,352039
USDC,2021-07-08,63208,381703
USDC,2021-07-09,60669,345346
USDC,2021-07-10,49037,314510
USDC,2021-07-11,30087,287015
USDC,2021-07-12,60941,320605
USDC,2021-07-13,58766,353488
USDC,2021-07-14,35012,347756
USDC,2021-07-15,27765,340721
USDC,2021-07-16,28190,323351
USDC,2021-07-17,23325,298199
USDC,2021-07-18,19961,284322
USDC,2021-07-19,28727,326456
USDC,2021-07-20,33147,344915
USDC,2021-07-21,30971,346003
USDC,2021-07-22,27488,312503
USDC,2021-07-23,26574,298683
USDC,2021-07-24,24995,292631
USDC,2021-07-25,21412,288571
USDC,2021-07-26,34408,395444
USDC,2021-07-27,33062,345973
USDC,2021-07-28,30589,349456
USDC,2021-07-29,28930,327889
USDC,2021-07-30,30074,361090
USDC,2021-07-31,29494,332919
USDC,2021-08-01,24897,337757
USDC,2021-08-02,30979,359347
USDC,2021-08-03,29993,361594
USDC,2021-08-04,33793,329315
USDC,2021-08-05,26639,324964
USDC,2021-08-06,30438,340574
USDC,2021-08-07,27983,369932
USDC,2021-08-08,27093,335293
USDC,2021-08-09,29784,343423
USDC,2021-08-10,29333,391113
USDC,2021-08-11,31825,404325
USDC,2021-08-12,34480,412761
USDC,2021-08-13,29912,383123
USDC,2021-08-14,26215,330713
USDC,2021-08-15,24394,341496
USDC,2021-08-16,31489,522320
USDC,2021-08-17,30794,584035
USDC,2021-08-18,31306,588920
USDC,2021-08-19,36591,501089
USDC,2021-08-20,32866,445136
USDC,2021-08-21,27218,398765
USDC,2021-08-22,27425,385563
USDC,2021-08-23,30419,395156
USDC,2021-08-24,30329,442475
USDC,2021-08-25,27403,409758
USDC,2021-08-26,26748,428368
USDC,2021-08-27,25359,374403
USDC,2021-08-28,24119,410952
USDC,2021-08-29,22679,386569
USDC,2021-08-30,30822,491642
USDC,2021-08-31,31632,533975
USDC,2021-09-01,32729,532546
USDC,2021-09-02,36425,524842
USDC,2021-09-03,30854,532235
USDC,2021-09-04,25979,497632
USDC,2021-09-05,24114,509165
USDC,2021-09-06,30530,631210
USDC,2021-09-07,38160,1016247
USDC,2021-09-08,37766,811576
USDC,2021-09-09,37553,892777
USDC,2021-09-10,41138,855452
USDC,2021-09-11,34110,744890
USDC,2021-09-12,29550,672134
USDC,2021-09-13,34321,768076
USDC,2021-09-14,33885,369727
USDC,2021-09-15,33014,540400
USDC,2021-09-16,32356,683667
USDC,2021-09-17,30952,651605
USDC,2021-09-18,26993,570102
USDC,2021-09-19,24222,551393
USDC,2021-09-20,36805,777124
USDC,2021-09-21,33678,750043
USDC,2021-09-22,32728,691476
USDC,2021-09-23,27166,618220
USDC,2021-09-24,27866,656351
USDC,2021-09-25,23267,583526
USDC,2021-09-26,20764,645059
USDC,2021-09-27,26245,614043
USDC,2021-09-28,29189,609356
USDC,2021-09-29,30891,559623
USDC,2021-09-30,28387,580646
USDC,2021-10-01,36355,661800
USDC,2021-10-02,29540,601188
USDC,2021-10-03,24752,594321
USDC,2021-10-04,30467,620369
USDC,2021-10-05,32998,586327
USDC,2021-10-06,31532,653467
USDC,2021-10-07,31114,627703
USDC,2021-10-08,29873,604377
USDC,2021-10-09,29346,582973
USDC,2021-10-10,31499,560288
USDC,2021-10-11,29938,654012
USDC,2021-10-12,31799,705583
USDC,2021-10-13,31739,624300
USDC,2021-10-14,32021,659654
USDC,2021-10-15,34489,788047
USDC,2021-10-16,29286,678969
USDC,2021-10-17,29684,688316
USDC,2021-10-18,36173,702092
USDC,2021-10-19,33991,691301
USDC,2021-10-20,36133,730401
USDC,2021-10-21,33273,878247
USDC,2021-10-22,30961,845833
USDC,2021-10-23,26388,551625
USDC,2021-10-24,25823,470567
USDC,2021-10-25,32040,706656
USDC,2021-10-26,31601,813870
USDC,2021-10-27,63082,890928
USDC,2021-10-28,35344,1051804
USDC,2021-10-29,37857,1018715
USDC,2021-10-30,31272,806105
USDC,2021-10-31,28281,801517
USDC,2021-11-01,35857,901592
USDC,2021-11-02,39141,867799
USDC,2021-11-03,37122,1014457
USDC,2021-11-04,36568,950536
USDC,2021-11-05,34219,897585
USDC,2021-11-06,36569,1000175
USDC,2021-11-07,31861,1010674
USDC,2021-11-08,34901,1100521
USDC,2021-11-09,35034,983799
USDC,2021-11-10,35055,1027450
USDC,2021-11-11,32278,910958
USDC,2021-11-12,31661,912642
USDC,2021-11-13,27243,788401
USDC,2021-11-14,27826,761902
USDC,2021-11-15,38452,858228
USDC,2021-11-16,44540,1003147
USDC,2021-11-17,33783,1090510
USDC,2021-11-18,34203,994156
USDC,2021-11-19,32087,926358
USDC,2021-11-20,28502,813584
USDC,2021-11-21,28512,838737
USDC,2021-11-22,29984,961345
USDC,2021-11-23,31801,815698
USDC,2021-11-24,32697,931561
USDC,2021-11-25,30006,895085
USDC,2021-11-26,39951,926538
USDC,2021-11-27,28234,763961
USDC,2021-11-28,25712,805305
USDC,2021-11-29,32679,782469
USDC,2021-11-30,40732,908220
USDC,2021-12-01,38856,942383
USDC,2021-12-02,36607,904905
USDC,2021-12-03,35812,880898
USDC,2021-12-04,42674,916094
USDC,2021-12-05,30385,895990
USDC,2021-12-06,43648,1074835
USDC,2021-12-07,37219,883423
USDC,2021-12-08,36952,851773
USDC,2021-12-09,36588,802072
USDC,2021-12-10,34644,852740
USDC,2021-12-11,27475,731893
USDC,2021-12-12,24285,596513
USDC,2021-12-13,32495,590250
USDC,2021-12-14,41039,836101
USDC,2021-12-15,32393,897547
USDC,2021-12-16,32487,812248
USDC,2021-12-17,41369,844895
USDC,2021-12-18,30588,744650
USDC,2021-12-19,28865,716900
USDC,2021-12-20,34355,741727
USDC,2021-12-21,40927,762982
USDC,2021-12-22,35833,783711
USDC,2021-12-23,32083,826438
USDC,2021-12-24,33865,848629
USDC,2021-12-25,24379,686921
USDC,2021-12-26,26292,749025
USDC,2021-12-27,31652,755524
USDC,2021-12-28,30591,820280
USDC,2021-12-29,32445,718600
USDC,2021-12-30,35500,712160
USDC,2021-12-31,32357,704600
USDC,2022-01-01,24291,577572
USDC,2022-01-02,22299,581085
USDC,2022-01-03,30720,595517
USDC,2022-01-04,31697,766185
USDC,2022-01-05,34370,725144
USDC,2022-01-06,33535,848831
USDC,2022-01-07,32988,617780
USDC,2022-01-08,28681,698065
USDC,2022-01-09,23142,695614
USDC,2022-01-10,27710,721081
USDC,2022-01-11,28558,711172
USDC,2022-01-12,28705,746315
USDC,2022-01-13,27376,778591
USDC,2022-01-14,28842,770943
USDC,2022-01-15,24797,640191
USDC,2022-01-16,21617,713598
USDC,2022-01-17,27112,704443
USDC,2022-01-18,30001,717405
USDC,2022-01-19,38599,717347
USDC,2022-01-20,114338,645111
USDC,2022-01-21,37016,657106
USDC,2022-01-22,60746,720025
USDC,2022-01-23,263953,972937
USDC,2022-01-24,500167,1238630
USDC,2022-01-25,419015,1081232
USDC,2022-01-26,258431,1045989
USDC,2022-01-27,233561,1018936
USDC,2022-01-28,238553,924996
USDC,2022-01-29,213073,769891
USDC,2022-01-30,203638,673981
USDC,2022-01-31,236020,752838
USDC,2022-02-01,222736,792114
USDC,2022-02-02,229865,797962
USDC,2022-02-03,206030,738559
USDC,2022-02-04,205490,821367
USDC,2022-02-05,189373,721843
USDC,2022-02-06,175131,681366
USDC,2022-02-07,230933,861234
USDC,2022-02-08,212864,854443
USDC,2022-02-09,221158,785089
USDC,2022-02-10,237094,838157
USDC,2022-02-11,252646,845130
USDC,2022-02-12,243178,788889
USDC,2022-02-13,244326,723134
USDC,2022-02-14,254040,780408
USDC,2022-02-15,272779,752456
USDC,2022-02-16,256535,796512
USDC,2022-02-17,215610,780161
USDC,2022-02-18,212807,771850
USDC,2022-02-19,194975,662442
USDC,2022-02-20,209731,719342
USDC,2022-02-21,242880,903458
USDC,2022-02-22,275549,930165
USDC,2022-02-23,290053,889645
USDC,2022-02-24,296091,1047576
USDC,2022-02-25,242358,897080
USDC,2022-02-26,199047,771180
USDC,2022-02-27,193950,811093
USDC,2022-02-28,227409,862860
USDC,2022-03-01,236954,847609
USDC,2022-03-02,233063,872894
USDC,2022-03-03,220305,686574
USDC,2022-03-04,218628,688062
USDC,2022-03-05,200926,554935
USDC,2022-03-06,194818,603743
USDC,2022-03-07,216134,793906
USDC,2022-03-08,206703,781919
USDC,2022-03-09,367019,868842
USDC,2022-03-10,322876,732527
USDC,2022-03-11,228897,734013
USDC,2022-03-12,195291,649008
USDC,2022-03-13,207832,668304
USDC,2022-03-14,232678,729634
USDC,2022-03-15,372132,785585
USDC,2022-03-16,308186,841174
USDC,2022-03-17,262776,770273
USDC,2022-03-18,257574,831113
USDC,2022-03-19,239744,708741
USDC,2022-03-20,236089,686476
USDC,2022-03-21,260883,727256
USDC,2022-03-22,288168,710530
USDC,2022-03-23,301605,770474
USDC,2022-03-24,315169,790839
USDC,2022-03-25,323471,711107
USDC,2022-03-26,273850,570980
USDC,2022-03-27,290662,635020
USDC,2022-03-28,374652,808413
USDC,2022-03-29,376027,859974
USDC,2022-03-30,416855,912475
USDC,2022-03-31,421993,856436
USDC,2022-04-01,410356,796681
USDC,2022-04-02,390130,729107
USDC,2022-04-03,371485,625440
USDC,2022-04-04,414363,618857
USDC,2022-04-05,498079,707923
USDC,2022-04-06,369476,593394
USDC,2022-04-07,287900,534598
USDC,2022-04-08,424617,574190
USDC,2022-04-09,349177,398067
USDC,2022-04-10,403944,477556
USDC,2022-04-11,455945,665805
USDC,2022-04-12,470644,643574
USDC,2022-04-13,492541,688284
USDC,2022-04-14,509082,762055
USDC,2022-04-15,478801,712028
USDC,2022-04-16,455399,573088
USDC,2022-04-17,463544,521058
USDC,2022-04-18,502195,551989
USDC,2022-04-19,691775,721338
USDC,2022-04-20,810245,814106
USDC,2022-04-21,799359,877437
USDC,2022-04-22,643750,760557
USDC,2022-04-23,725254,695410
USDC,2022-04-24,793678,685640
USDC,2022-04-25,840785,804440
USDC,2022-04-26,846778,791378
USDC,2022-04-27,927282,824809
USDC,2022-04-28,959465,895292
USDC,2022-04-29,1065351,870667
USDC,2022-04-30,791311,600974
USDC,2022-05-01,865456,672248
USDC,2022-05-02,1174970,980139
USDC,2022-05-03,1162605,1006556
USDC,2022-05-04,1122365,1022151
USDC,2022-05-05,1040301,1087876
USDC,2022-05-06,1012822,1065451
USDC,2022-05-07,1004262,955328
USDC,2022-05-08,1026715,1038777
USDC,2022-05-09,1032737,1251613
USDC,2022-05-10,1119401,1528062
USDC,2022-05-11,1030506,1793136
USDC,2022-05-12,1034419,1674966
USDC,2022-05-13,982529,1223637
USDC,2022-05-14,996532,1129715
USDC,2022-05-15,1030144,1029615
USDC,2022-05-16,1083875,1079215
USDC,2022-05-17,1071051,932189
USDC,2022-05-18,1092732,968595
USDC,2022-05-19,1072787,991124
USDC,2022-05-20,1014381,891444
USDC,2022-05-21,1096557,839335
USDC,2022-05-22,1120021,926661
USDC,2022-05-23,1213715,1128363
USDC,2022-05-24,1150169,932698
USDC,2022-05-25,1168694,912504
USDC,2022-05-26,1299472,1112723
USDC,2022-05-27,1187567,1125631
USDC,2022-05-28,986990,846181
USDC,2022-05-29,1003984,814278
USDC,2022-05-30,1004450,899703
USDC,2022-05-31,1013074,959374
USDC,2022-06-01,859683,781262
USDC,2022-06-02,1052616,892550
USDC,2022-06-03,578905,746782
USDC,2022-06-04,892338,765771
USDC,2022-06-05,975603,770528
USDC,2022-06-06,952132,742411
USDC,2022-06-07,983205,873561
USDC,2022-06-08,913333,822022
USDC,2022-06-09,820730,778934
USDC,2022-06-10,822971,846529
USDC,2022-06-11,807327,822159
USDC,2022-06-12,789284,908629
USDC,2022-06-13,731220,1157038
USDC,2022-06-14,775750,1001124
USDC,2022-06-15,872707,1094872
USDC,2022-06-16,644112,868458
USDC,2022-06-17,688680,816530
USDC,2022-06-18,693662,960225
USDC,2022-06-19,687485,950207
USDC,2022-06-20,755545,964096
USDC,2022-06-21,698862,919694
USDC,2022-06-22,821015,948644
USDC,2022-06-23,679976,823222
USDC,2022-06-24,711701,888283
USDC,2022-06-25,687820,799207
USDC,2022-06-26,696262,783379
USDC,2022-06-27,578339,765989
USDC,2022-06-28,701083,852599
USDC,2022-06-29,647718,957987
USDC,2022-06-30,623012,885867
USDC,2022-07-01,594023,818378
USDC,2022-07-02,569957,712383
USDC,2022-07-03,566248,600968
USDC,2022-07-04,562752,747815
USDC,2022-07-05,556997,776728
USDC,2022-07-06,538777,737414
USDC,2022-07-07,559397,698808
USDC,2022-07-08,388402,684255
USDC,2022-07-09,517608,653270
USDC,2022-07-10,484662,570966
USDC,2022-07-11,529759,663526
USDC,2022-07-12,514079,629525
USDC,2022-07-13,533987,625998
USDC,2022-07-14,501965,683423
USDC,2022-07-15,445196,763935
USDC,2022-07-16,466669,705434
USDC,2022-07-17,444740,586373
USDC,2022-07-18,471138,730243
USDC,2022-07-19,617462,935291
USDC,2022-07-20,504900,918343
USDC,2022-07-21,397630,878658
USDC,2022-07-22,497908,945438
USDC,2022-07-23,605324,960880
USDC,2022-07-24,569032,990633
USDC,2022-07-25,431506,921253
USDC,2022-07-26,411504,1010542
USDC,2022-07-27,406650,1047757
USDC,2022-07-28,409305,1091533
USDC,2022-07-29,395911,1240585
USDC,2022-07-30,325998,1015114
USDC,2022-07-31,404684,1018779
USDC,2022-08-01,402398,1036702
USDC,2022-08-02,374680,1045126
USDC,2022-08-03,511098,1115654
USDC,2022-08-04,346171,919887
USDC,2022-08-05,316556,1004779
USDC,2022-08-06,279750,781599
USDC,2022-08-07,287510,730678
USDC,2022-08-08,372284,1020335
USDC,2022-08-09,356750,901071
USDC,2022-08-10,351768,724290
USDC,2022-08-11,359028,845257
USDC,2022-08-12,319209,825561
USDC,2022-08-13,326398,642732
USDC,2022-08-14,300898,762433
USDC,2022-08-15,336852,884883
USDC,2022-08-16,349060,961062
USDC,2022-08-17,320804,1000045
USDC,2022-08-18,293216,857185
USDC,2022-08-19,344297,1099888
USDC,2022-08-20,272252,939380
USDC,2022-08-21,268042,944416
USDC,2022-08-22,289971,1008556
USDC,2022-08-23,267634,821100
USDC,2022-08-24,261114,859329
USDC,2022-08-25,257383,781931
USDC,2022-08-26,282118,876348
USDC,2022-08-27,262173,804296
USDC,2022-08-28,248621,737670
USDC,2022-08-29,281398,796589
USDC,2022-08-30,278774,859665
USDC,2022-08-31,263962,899711
USDC,2022-09-01,276191,759459
USDC,2022-09-02,258554,669636
USDC,2022-09-03,238481,534589
USDC,2022-09-04,239420,605608
USDC,2022-09-05,243838,679428
USDC,2022-09-06,280107,948671
USDC,2022-09-07,249810,757086
USDC,2022-09-08,248239,801137
USDC,2022-09-09,264266,825348
USDC,2022-09-10,271237,730520
USDC,2022-09-11,248916,772717
USDC,2022-09-12,263161,982682
USDC,2022-09-13,267213,901021
USDC,2022-09-14,249141,859107
USDC,2022-09-15,236640,891709
USDC,2022-09-16,226324,705636
USDC,2022-09-17,209907,612574
USDC,2022-09-18,222909,685981
USDC,2022-09-19,255174,811278
USDC,2022-09-20,239528,779316
USDC,2022-09-21,236584,679693
USDC,2022-09-22,226960,728217
USDC,2022-09-23,224375,884573
USDC,2022-09-24,208036,705150
USDC,2022-09-25,205837,598968
USDC,2022-09-26,232158,750463
USDC,2022-09-27,309053,848312
USDC,2022-09-28,343149,761965
USDC,2022-09-29,306274,701209
USDC,2022-09-30,269367,638971
USDC,2022-10-01,232748,394402
USDC,2022-10-02,254776,483487
USDC,2022-10-03,264291,547120
USDC,2022-10-04,269603,599864
USDC,2022-10-05,272675,544296
USDC,2022-10-06,251879,600064
USDC,2022-10-07,282955,537980
USDC,2022-10-08,250099,390545
USDC,2022-10-09,240673,384155
USDC,2022-10-10,267536,485111
USDC,2022-10-11,395886,667278
USDC,2022-10-12,375871,445954
USDC,2022-10-13,304154,575862
USDC,2022-10-14,260879,474876
USDC,2022-10-15,237298,360613
USDC,2022-10-16,229749,362960
USDC,2022-10-17,236874,423857
USDC,2022-10-18,228500,460468
USDC,2022-10-19,222461,406059
USDC,2022-10-20,244156,448930
USDC,2022-10-21,225180,482514
USDC,2022-10-22,185701,313648
USDC,2022-10-23,189310,406427
USDC,2022-10-24,207447,489950
USDC,2022-10-25,234846,653366
USDC,2022-10-26,228073,636452
USDC,2022-10-27,216578,603116
USDC,2022-10-28,219664,542447
USDC,2022-10-29,216407,495928
USDC,2022-10-30,209674,473988
USDC,2022-10-31,232838,692937
USDC,2022-11-01,203657,591122
USDC,2022-11-02,206441,571704
USDC,2022-11-03,196534,486295
USDC,2022-11-04,221602,609459
USDC,2022-11-05,324768,677659
USDC,2022-11-06,297591,606052
USDC,2022-11-07,280679,786383
USDC,2022-11-08,358594,1358450
USDC,2022-11-09,487211,1478690
USDC,2022-11-10,394825,1571221
USDC,2022-11-11,264943,1214622
USDC,2022-11-12,228932,834515
USDC,2022-11-13,247613,917936
USDC,2022-11-14,266195,1142639
USDC,2022-11-15,241514,749242
USDC,2022-11-16,214815,536135
USDC,2022-11-17,242506,998677
USDC,2022-11-18,242402,841015
USDC,2022-11-19,197820,530122
USDC,2022-11-20,206911,848033
USDC,2022-11-21,237084,1074967
USDC,2022-11-22,200949,825450
USDC,2022-11-23,200162,1366120
USDC,2022-11-24,191646,848212
USDC,2022-11-25,168880,646889
USDC,2022-11-26,174883,629936
USDC,2022-11-27,167317,363077
USDC,2022-11-28,184513,582442
USDC,2022-11-29,179239,483484
USDC,2022-11-30,195937,505191
USDC,2022-12-01,214055,429524
USDC,2022-12-02,171065,404248
USDC,2022-12-03,173255,404538
USDC,2022-12-04,175560,339214
USDC,2022-12-05,184589,656558
USDC,2022-12-06,187593,485363
USDC,2022-12-07,195474,395281
USDC,2022-12-08,211268,373415
USDC,2022-12-09,185549,397036
USDC,2022-12-10,162282,250777
USDC,2022-12-11,169934,275768
USDC,2022-12-12,196003,421413
USDC,2022-12-13,203049,656004
USDC,2022-12-14,198908,592442
USDC,2022-12-15,189834,480890
USDC,2022-12-16,241365,569898
USDC,2022-12-17,218367,444404
USDC,2022-12-18,193353,326406
USDC,2022-12-19,209893,497671
USDC,2022-12-20,222289,546844
USDC,2022-12-21,211678,489693
USDC,2022-12-22,210456,550247
USDC,2022-12-23,205157,401467
USDC,2022-12-24,188739,415077
USDC,2022-12-25,199136,343575
USDC,2022-12-26,193989,422527
USDC,2022-12-27,197150,443587
USDC,2022-12-28,236939,729732
USDC,2022-12-29,267854,1220864
USDC,2022-12-30,238091,1066360
USDC,2022-12-31,233287,570542
USDC,2023-01-01,232422,458210
USDC,2023-01-02,282383,956257
USDC,2023-01-03,318377,1867911
USDC,2023-01-04,361848,1624383
USDC,2023-01-05,413722,1373457
USDC,2023-01-06,424640,897681
USDC,2023-01-07,355283,549172
USDC,2023-01-08,395443,745435
USDC,2023-01-09,434978,1216349
USDC,2023-01-10,343624,908088
USDC,2023-01-11,338938,815056
USDC,2023-01-12,338740,865041
USDC,2023-01-13,315370,874871
USDC,2023-01-14,393982,1693948
USDC,2023-01-15,328849,1395743
USDC,2023-01-16,317734,1360736
USDC,2023-01-17,334834,918846
USDC,2023-01-18,338372,990896
USDC,2023-01-19,315315,815959
USDC,2023-01-20,320878,807383
USDC,2023-01-21,303693,875233
USDC,2023-01-22,279879,980476
USDC,2023-01-23,323516,1031372
USDC,2023-01-24,282036,806912
USDC,2023-01-25,282911,975869
USDC,2023-01-26,303827,915563
USDC,2023-01-27,304941,862270
USDC,2023-01-28,251356,785423
USDC,2023-01-29,258627,924157
USDC,2023-01-30,272430,979769
USDC,2023-01-31,260677,754929
USDC,2023-02-01,268867,985197
USDC,2023-02-02,285930,926029
USDC,2023-02-03,251989,779642
USDC,2023-02-04,243208,770108
USDC,2023-02-05,236253,817427
USDC,2023-02-06,242651,898793
USDC,2023-02-07,252362,1011194
USDC,2023-02-08,255031,958438
USDC,2023-02-09,272216,945324
USDC,2023-02-10,254146,882274
USDC,2023-02-11,227892,525736
USDC,2023-02-12,221628,584940
USDC,2023-02-13,263362,806835
USDC,2023-02-14,246230,706518
USDC,2023-02-15,251198,695881
USDC,2023-02-16,283642,929725
USDC,2023-02-17,238114,761301
USDC,2023-02-18,245304,780081
USDC,2023-02-19,251108,799261
USDC,2023-02-20,265838,937149
USDC,2023-02-21,231963,824751
USDC,2023-02-22,231333,798301
USDC,2023-02-23,222012,681823
USDC,2023-02-24,230730,735195
USDC,2023-02-25,78544,186448
USDC,2023-02-26,221480,623514
USDC,2023-02-27,217781,666295
USDC,2023-02-28,225586,632687
USDC,2023-03-01,224045,596424
USDC,2023-03-02,231147,588878
USDC,2023-03-03,231569,710834
USDC,2023-03-04,204344,547397
USDC,2023-03-05,195791,531868
USDC,2023-03-06,203368,553481
USDC,2023-03-07,203836,615800
USDC,2023-03-08,208439,716552
USDC,2023-03-09,218956,783771
USDC,2023-03-10,255327,1063036
USDC,2023-03-11,344430,1549347
USDC,2023-03-12,219286,909136
USDC,2023-03-13,232092,1124061
USDC,2023-03-14,224226,1111997
USDC,2023-03-15,205502,1003278
USDC,2023-03-16,208679,867522
USDC,2023-03-17,205048,923562
USDC,2023-03-18,226865,1033411
USDC,2023-03-19,195746,860587
USDC,2023-03-20,211154,1271949
USDC,2023-03-21,197066,1090616
USDC,2023-03-22,146477,718631
USDC,2023-03-23,189663,934457
USDC,2023-03-24,218388,819452
USDC,2023-03-25,225350,656386
USDC,2023-03-26,170224,607665
USDC,2023-03-27,203550,673149
USDC,2023-03-28,189750,673478
USDC,2023-03-29,178946,657670
USDC,2023-03-30,178433,679728
USDC,2023-03-31,190638,671528
USDC,2023-04-01,180551,519284
USDC,2023-04-02,170403,557271
USDC,2023-04-03,194387,677292
USDC,2023-04-04,197182,603801
USDC,2023-04-05,188942,583630
USDC,2023-04-06,186841,593166
USDC,2023-04-07,182281,543579
USDC,2023-04-08,177337,504310
USDC,2023-04-09,191552,507783
USDC,2023-04-10,194074,599907
USDC,2023-04-11,225831,939625
USDC,2023-04-12,219056,1074500
USDC,2023-04-13,221595,910500
USDC,2023-04-14,232148,889001
USDC,2023-04-15,208069,641751
USDC,2023-04-16,207890,687097
USDC,2023-04-17,210994,878401
USDC,2023-04-18,219619,801221
USDC,2023-04-19,222171,768932
USDC,2023-04-20,221965,877339
USDC,2023-04-21,227693,906203
USDC,2023-04-22,203301,626454
USDC,2023-04-23,201679,663756
USDC,2023-04-24,198915,758675
USDC,2023-04-25,210639,799338
USDC,2023-04-26,223413,857191
USDC,2023-04-27,218653,876354
USDC,2023-04-28,215486,779766
USDC,2023-04-29,201635,651619
USDC,2023-04-30,218829,675961
USDC,2023-05-01,239152,781374
USDC,2023-05-02,219569,658218
USDC,2023-05-03,220062,714512
USDC,2023-05-04,292594,829216
USDC,2023-05-05,328824,902109
USDC,2023-05-06,375019,1007602
USDC,2023-05-07,310828,852906
USDC,2023-05-08,357403,1054767
USDC,2023-05-09,290242,809092
USDC,2023-05-10,292188,889530
USDC,2023-05-11,290410,912363
USDC,2023-05-12,262596,911684
USDC,2023-05-13,233086,997808
USDC,2023-05-14,227174,959177
USDC,2023-05-15,243064,843275
USDC,2023-05-16,234566,718463
USDC,2023-05-17,249804,825984
USDC,2023-05-18,239517,854607
USDC,2023-05-19,222362,712728
USDC,2023-05-20,220118,718660
USDC,2023-05-21,217475,578023
USDC,2023-05-22,282667,730418
USDC,2023-05-23,284407,750454
USDC,2023-05-24,256013,967856
USDC,2023-05-25,231218,810453
USDC,2023-05-26,221090,801066
USDC,2023-05-27,221702,875180
USDC,2023-05-28,228239,969368
USDC,2023-05-29,218219,834800
USDC,2023-05-30,245091,1020274
USDC,2023-05-31,247131,1130846
USDC,2023-06-01,227669,1006563
USDC,2023-06-02,217941,795018
USDC,2023-06-03,217863,808288
USDC,2023-06-04,231017,881649
USDC,2023-06-05,240614,1040385
USDC,2023-06-06,227737,784154
USDC,2023-06-07,222282,804672
USDC,2023-06-08,226810,718752
USDC,2023-06-09,217452,757963
USDC,2023-06-10,289483,1254551
USDC,2023-06-11,205431,837834
USDC,2023-06-12,209249,739911
USDC,2023-06-13,183563,765556
USDC,2023-06-14,220797,753544
USDC,2023-06-15,221160,826687
USDC,2023-06-16,212085,682204
USDC,2023-06-17,191799,594366
USDC,2023-06-18,192471,586362
USDC,2023-06-19,206178,637757
USDC,2023-06-20,205331,714010
USDC,2023-06-21,220497,851995
USDC,2023-06-22,212794,807434
USDC,2023-06-23,202003,851791
USDC,2023-06-24,202680,771329
USDC,2023-06-25,195807,739820
USDC,2023-06-26,207671,685244
USDC,2023-06-27,219415,779681
USDC,2023-06-28,223838,772203
USDC,2023-06-29,222130,985508
USDC,2023-06-30,259361,1281325
USDC,2023-07-01,218451,694015
USDC,2023-07-02,215216,834932
USDC,2023-07-03,227500,759600
USDC,2023-07-04,238891,731318
USDC,2023-07-05,211989,648670
USDC,2023-07-06,233921,1055063
USDC,2023-07-07,244642,1022807
USDC,2023-07-08,217352,827473
USDC,2023-07-09,208409,668627
USDC,2023-07-10,235425,840037
USDC,2023-07-11,237192,851449
USDC,2023-07-12,219925,699424
USDC,2023-07-13,257854,1109740
USDC,2023-07-14,280998,1428425
USDC,2023-07-15,230044,1113794
USDC,2023-07-16,216035,885718
USDC,2023-07-17,245416,1021301
USDC,2023-07-18,228089,837362
USDC,2023-07-19,229625,858451
USDC,2023-07-20,227446,824415
USDC,2023-07-21,226697,690885
USDC,2023-07-22,217775,647144
USDC,2023-07-23,204294,702703
USDC,2023-07-24,231306,778747
USDC,2023-07-25,217305,683313
USDC,2023-07-26,236022,861284
USDC,2023-07-27,212405,735465
USDC,2023-07-28,204153,608258
USDC,2023-07-29,190374,514888
USDC,2023-07-30,220170,564958
USDC,2023-07-31,250672,676593
USDC,2023-08-01,230273,723369
USDC,2023-08-02,219270,669276
USDC,2023-08-03,207964,605195
USDC,2023-08-04,199951,622443
USDC,2023-08-05,192182,851299
USDC,2023-08-06,190179,788749
USDC,2023-08-07,199797,901276
USDC,2023-08-08,207848,674970
USDC,2023-08-09,193770,595491
USDC,2023-08-10,194675,521905
USDC,2023-08-11,189537,516835
USDC,2023-08-12,169898,476908
USDC,2023-08-13,180971,482137
USDC,2023-08-14,195078,577130
USDC,2023-08-15,202096,615535
USDC,2023-08-16,216960,741607
USDC,2023-08-17,224637,929880
USDC,2023-08-18,218026,885925
USDC,2023-08-19,186115,666219
USDC,2023-08-20,183628,498437
USDC,2023-08-21,188454,646786
USDC,2023-08-22,199645,755522
USDC,2023-08-23,198486,742151
USDC,2023-08-24,197081,682548
USDC,2023-08-25,210697,688515
USDC,2023-08-26,190776,518425
USDC,2023-08-27,190805,560692
USDC,2023-08-28,194049,587724
USDC,2023-08-29,208277,734771
USDC,2023-08-30,200142,609641
USDC,2023-08-31,219498,653550
USDC,2023-09-01,210265,621256
USDC,2023-09-02,180410,486807
USDC,2023-09-03,179786,464874
USDC,2023-09-04,192696,564025
USDC,2023-09-05,200087,627288
USDC,2023-09-06,188888,593339
USDC,2023-09-07,185224,479677
USDC,2023-09-08,184461,490239
USDC,2023-09-09,154108,377627
USDC,2023-09-10,191557,547010
USDC,2023-09-11,219139,665721
USDC,2023-09-12,202384,669487
USDC,2023-09-13,194436,613521
USDC,2023-09-14,190189,629009
USDC,2023-09-15,178645,526956
USDC,2023-09-16,161682,475341
USDC,2023-09-17,159678,468447
USDC,2023-09-18,209104,661594
USDC,2023-09-19,238552,618686
USDC,2023-09-20,186754,583172
USDC,2023-09-21,181134,590008
USDC,2023-09-22,173420,507205
USDC,2023-09-23,154910,423976
USDC,2023-09-24,157995,508857
USDC,2023-09-25,166440,514766
USDC,2023-09-26,169078,456227
USDC,2023-09-27,182628,597897
USDC,2023-09-28,196681,752903
USDC,2023-09-29,222760,838744
USDC,2023-09-30,213449,737632
USDC,2023-10-01,225691,845260
USDC,2023-10-02,231440,962395
USDC,2023-10-03,221180,904771
USDC,2023-10-04,205477,811380
USDC,2023-10-05,198182,685321
USDC,2023-10-06,195897,745702
USDC,2023-10-07,170130,563996
USDC,2023-10-08,163731,470946
USDC,2023-10-09,201130,584394
USDC,2023-10-10,192211,548134
USDC,2023-10-11,198602,582700
USDC,2023-10-12,190208,582371
USDC,2023-10-13,181338,542221
USDC,2023-10-14,161771,424969
USDC,2023-10-15,156352,464185
USDC,2023-10-16,200056,769535
USDC,2023-10-17,191153,679641
USDC,2023-10-18,180263,577698
USDC,2023-10-19,192781,771603
USDC,2023-10-20,212704,855165
USDC,2023-10-21,204969,822300
USDC,2023-10-22,190687,732127
USDC,2023-10-23,232939,1128360
USDC,2023-10-24,318705,1238698
USDC,2023-10-25,401654,1294574
USDC,2023-10-26,343432,1157575
USDC,2023-10-27,316966,1003601
USDC,2023-10-28,325545,788746
USDC,2023-10-29,270294,739088
USDC,2023-10-30,430267,1049753
USDC,2023-10-31,420213,1239033
USDC,2023-11-01,446219,1998476
USDC,2023-11-02,407311,2129339
USDC,2023-11-03,339627,1775685
USDC,2023-11-04,372818,1759012
USDC,2023-11-05,270970,1273102
USDC,2023-11-06,331553,1136839
USDC,2023-11-07,439408,1497369
USDC,2023-11-08,316392,1195504
USDC,2023-11-09,436058,1975483
USDC,2023-11-10,435785,2301311
USDC,2023-11-11,474066,2414490
USDC,2023-11-12,386437,2010490
USDC,2023-11-13,396512,2140752
USDC,2023-11-14,362938,2099911
USDC,2023-11-15,444237,1972515
USDC,2023-11-16,511427,2193123
USDC,2023-11-17,431292,2014383
USDC,2023-11-18,372021,1397527
USDC,2023-11-19,404507,1478181
USDC,2023-11-20,516197,1935894
USDC,2023-11-21,521141,2101162
USDC,2023-11-22,472100,2006642
USDC,2023-11-23,509859,1567503
USDC,2023-11-24,441441,1439172
USDC,2023-11-25,436544,1288924
USDC,2023-11-26,444904,1243922
USDC,2023-11-27,437578,1493972
USDC,2023-11-28,535618,1480312
USDC,2023-11-29,477076,1447882
USDC,2023-11-30,453071,1353160
USDC,2023-12-01,493565,1430200
USDC,2023-12-02,449565,1271946
USDC,2023-12-03,454170,1244680
USDC,2023-12-04,525408,1969254
USDC,2023-12-05,575729,1948525
USDC,2023-12-06,584833,2368824
USDC,2023-12-07,632144,2450492
USDC,2023-12-08,804691,2880147
USDC,2023-12-09,800918,2657638
USDC,2023-12-10,730797,2132000
USDC,2023-12-11,767402,2864322
USDC,2023-12-12,696706,2510606
USDC,2023-12-13,689968,2413177
USDC,2023-12-14,733900,2919334
USDC,2023-12-15,840365,3067617
USDC,2023-12-16,736406,2341639
USDC,2023-12-17,719139,2261951
USDC,2023-12-18,788255,2640755
USDC,2023-12-19,795095,2536986
USDC,2023-12-20,808251,2565985
USDC,2023-12-21,870276,2725954
USDC,2023-12-22,935477,2917299
USDC,2023-12-23,792595,2146363
USDC,2023-12-24,816501,2460435
USDC,2023-12-25,788515,2306775
USDC,2023-12-26,845380,2481628
USDC,2023-12-27,795769,2375470
USDC,2023-12-28,769996,2379065
USDC,2023-12-29,697746,2407355
USDC,2023-12-30,643861,2112945
USDC,2023-12-31,628819,2084652
USDC,2024-01-01,617788,2043219
USDC,2024-01-02,762054,2380441
USDC,2024-01-03,761777,2560558
USDC,2024-01-04,707724,2302056
USDC,2024-01-05,686779,2175403
USDC,2024-01-06,637046,1941167
USDC,2024-01-07,654054,1839575
USDC,2024-01-08,711808,2305896
USDC,2024-01-09,701071,2391279
USDC,2024-01-10,687488,2393923
USDC,2024-01-11,696909,2402032
USDC,2024-01-12,666267,2296545
USDC,2024-01-13,690153,1995474
USDC,2024-01-14,712284,2133030
USDC,2024-01-15,699714,1892316
USDC,2024-01-16,710569,1976430
USDC,2024-01-17,763030,2272942
USDC,2024-01-18,778988,2515283
USDC,2024-01-19,750920,2638169
USDC,2024-01-20,749024,2156543
USDC,2024-01-21,719552,1990312
USDC,2024-01-22,753851,2564346
USDC,2024-01-23,745298,2597756
USDC,2024-01-24,707561,2439252
USDC,2024-01-25,721820,2496695
USDC,2024-01-26,1287707,2998362
USDC,2024-01-27,1208973,2543844
USDC,2024-01-28,1108881,2708156
USDC,2024-01-29,1150367,3065722
USDC,2024-01-30,1139396,3047857
USDC,2024-01-31,1685142,3969063
USDC,2024-02-01,1240758,3256353
USDC,2024-02-02,1079037,2952718
USDC,2024-02-03,902174,2327768
USDC,2024-02-04,903009,2527754
USDC,2024-02-05,895986,2806833
USDC,2024-02-06,756453,2084551
USDC,2024-02-07,915163,2957103
USDC,2024-02-08,884363,2966703
USDC,2024-02-09,869922,2878578
USDC,2024-02-10,808966,2735700
USDC,2024-02-11,756761,2556602
USDC,2024-02-12,802926,2769761
USDC,2024-02-13,853977,2990401
USDC,2024-02-14,902897,3415266
USDC,2024-02-15,882001,3230785
USDC,2024-02-16,811385,3083633
USDC,2024-02-17,755287,2660985
USDC,2024-02-18,747034,2722072
USDC,2024-02-19,787918,3019955
USDC,2024-02-20,792810,3016886
USDC,2024-02-21,790537,2974208
USDC,2024-02-22,794959,2860639
USDC,2024-02-23,770502,3029151
USDC,2024-02-24,758605,2646584
USDC,2024-02-25,722707,2492382
USDC,2024-02-26,902075,3009973
USDC,2024-02-27,971844,3779447
USDC,2024-02-28,1007598,3951485
USDC,2024-02-29,1157796,4124404
USDC,2024-03-01,1076665,3688151
USDC,2024-03-02,1066981,3430240
USDC,2024-03-03,1204397,3685363
USDC,2024-03-04,1199687,3795396
USDC,2024-03-05,1250199,4252175
USDC,2024-03-06,1299037,4023073
USDC,2024-03-07,1390976,4034759
USDC,2024-03-08,1295821,3989797
USDC,2024-03-09,1334736,3666945
USDC,2024-03-10,1256164,3384565
USDC,2024-03-11,1260506,3672848
USDC,2024-03-12,1203243,3586474
USDC,2024-03-13,1245633,3388735
USDC,2024-03-14,1378081,3786747
USDC,2024-03-15,1384111,4076726
USDC,2024-03-16,1466944,3987973
USDC,2024-03-17,1442785,3895235
USDC,2024-03-18,1488502,4158519
USDC,2024-03-19,1460511,4559358
USDC,2024-03-20,1299002,4155250
USDC,2024-03-21,1279069,3702990
USDC,2024-03-22,1205755,3691845
USDC,2024-03-23,1106532,3198621
USDC,2024-03-24,1131517,3362457
USDC,2024-03-25,1272189,3698781
USDC,2024-03-26,1288908,3718571
USDC,2024-03-27,1325224,3782131
USDC,2024-03-28,1387174,3859931
USDC,2024-03-29,1337111,3761673
USDC,2024-03-30,1397270,3761529
USDC,2024-03-31,1305360,3286387
USDC,2024-04-01,1380275,3594781
USDC,2024-04-02,1462090,3846411
USDC,2024-04-03,1381316,3441731
USDC,2024-04-04,1288709,2990362
USDC,2024-04-05,1053028,2727160
USDC,2024-04-06,912948,2356128
USDC,2024-04-07,859520,2294595
USDC,2024-04-08,991712,2725535
USDC,2024-04-09,957713,2797822
USDC,2024-04-10,996501,2873535
USDC,2024-04-11,1123659,2950628
USDC,2024-04-12,1214080,3265755
USDC,2024-04-13,1226451,3810195
USDC,2024-04-14,1110731,3657417
USDC,2024-04-15,1126020,3397548
USDC,2024-04-16,1194719,3914687
USDC,2024-04-17,1238480,3926897
USDC,2024-04-18,1119241,3831254
USDC,2024-04-19,1069597,4168636
USDC,2024-04-20,1003634,3816323
USDC,2024-04-21,906119,3604365
USDC,2024-04-22,1051935,3869283
USDC,2024-04-23,1045583,3721295
USDC,2024-04-24,1157034,4030267
USDC,2024-04-25,1042133,3921045
USDC,2024-04-26,736767,2638029
USDC,2024-04-27,891575,3453069
USDC,2024-04-28,858887,3147352
USDC,2024-04-29,876303,3354415
USDC,2024-04-30,1038349,3822595
USDC,2024-05-01,979955,3964109
USDC,2024-05-02,929848,3595074
USDC,2024-05-03,900354,3339769
USDC,2024-05-04,838597,3092320
USDC,2024-05-05,766843,2699023
USDC,2024-05-06,890468,3150623
USDC,2024-05-07,899777,3115231
USDC,2024-05-08,886956,2996172
USDC,2024-05-09,882063,2838439
USDC,2024-05-10,898607,2895819
USDC,2024-05-11,774051,2491574
USDC,2024-05-12,751866,2422107
USDC,2024-05-13,972353,3212063
USDC,2024-05-14,951670,3081057
USDC,2024-05-15,1044688,3397146
USDC,2024-05-16,1083747,3381801
USDC,2024-05-17,1034112,3311347
USDC,2024-05-18,914462,3069019
USDC,2024-05-19,842134,2957867
USDC,2024-05-20,999914,3707960
USDC,2024-05-21,1092474,3656507
USDC,2024-05-22,1070972,3755610
USDC,2024-05-23,1008164,3707240
USDC,2024-05-24,898926,3387063
USDC,2024-05-25,815234,3002119
USDC,2024-05-26,817035,3048586
USDC,2024-05-27,950285,3249194
USDC,2024-05-28,962199,3520612
USDC,2024-05-29,951490,3123002
USDC,2024-05-30,928948,3040933
USDC,2024-05-31,876713,3080731
USDC,2024-06-01,794019,2556302
USDC,2024-06-02,814635,2813381
USDC,2024-06-03,921390,2971991
USDC,2024-06-04,907325,3032138
USDC,2024-06-05,956410,3106861
USDC,2024-06-06,981247,3187280
USDC,2024-06-07,1053616,3483883
USDC,2024-06-08,864962,2840984
USDC,2024-06-09,801834,2771586
USDC,2024-06-10,838552,2994902
USDC,2024-06-11,1008037,3358988
USDC,2024-06-12,927986,2995210
USDC,2024-06-13,845093,2886237
USDC,2024-06-14,854545,2831630
USDC,2024-06-15,736309,2498546
USDC,2024-06-16,714492,2482232
USDC,2024-06-17,786632,2914634
USDC,2024-06-18,923979,3298814
USDC,2024-06-19,815780,2861992
USDC,2024-06-20,880275,3039749
USDC,2024-06-21,861599,3208404
USDC,2024-06-22,652956,2626366
USDC,2024-06-23,681038,2713622
USDC,2024-06-24,876184,3500029
USDC,2024-06-25,890538,3294903
USDC,2024-06-26,775488,3026248
USDC,2024-06-27,884156,2885013
USDC,2024-06-28,832007,3099818
USDC,2024-06-29,706193,2633613
USDC,2024-06-30,762329,2771601
USDC,2024-07-01,838857,2870034
USDC,2024-07-02,830226,2794814
USDC,2024-07-03,892259,2977714
USDC,2024-07-04,913591,3315056
USDC,2024-07-05,999283,3813922
USDC,2024-07-06,844275,2919555
USDC,2024-07-07,799399,2556006
USDC,2024-07-08,848167,3439712
USDC,2024-07-09,783966,2929313
USDC,2024-07-10,753269,2828098
USDC,2024-07-11,732838,2951394
USDC,2024-07-12,672894,2797145
USDC,2024-07-13,630460,2251868
USDC,2024-07-14,662961,2498399
USDC,2024-07-15,816712,3021820
USDC,2024-07-16,899497,3427918
USDC,2024-07-17,873304,3615733
USDC,2024-07-18,804100,3007003
USDC,2024-07-19,872763,3178463
USDC,2024-07-20,822768,2639521
USDC,2024-07-21,895937,2938394
USDC,2024-07-22,932362,2956224
USDC,2024-07-23,833483,3054100
USDC,2024-07-24,811660,3085767
USDC,2024-07-25,845891,3686805
USDC,2024-07-26,831873,3370876
USDC,2024-07-27,848256,3368340
USDC,2024-07-28,736715,3065221
USDC,2024-07-29,912154,3478783
USDC,2024-07-30,819099,3259775
USDC,2024-07-31,829370,3369004
USDC,2024-08-01,869721,3577037
USDC,2024-08-02,847777,4034002
USDC,2024-08-03,851105,3687823
USDC,2024-08-04,854219,3824328
USDC,2024-08-05,1220715,5706299
USDC,2024-08-06,929500,4425492
USDC,2024-08-07,898419,4234072
USDC,2024-08-08,890333,4110462
USDC,2024-08-09,809442,4102742
USDC,2024-08-10,671429,3329188
USDC,2024-08-11,728564,3869125
USDC,2024-08-12,781057,4513520
USDC,2024-08-13,793230,3982007
USDC,2024-08-14,742992,3933246
USDC,2024-08-15,842340,4231806
USDC,2024-08-16,748348,3905679
USDC,2024-08-17,685115,3173176
USDC,2024-08-18,663526,3218854
USDC,2024-08-19,658631,3636031
USDC,2024-08-20,731734,3629726
USDC,2024-08-21,712757,3457921
USDC,2024-08-22,692202,3350633
USDC,2024-08-23,853698,4111253
USDC,2024-08-24,837214,4139991
USDC,2024-08-25,717880,3877668
USDC,2024-08-26,711134,3961103
USDC,2024-08-27,768208,4210839
USDC,2024-08-28,805931,4372683
USDC,2024-08-29,765218,4270346
USDC,2024-08-30,747398,4298207
USDC,2024-08-31,668261,3171684
USDC,2024-09-01,622192,3864890
USDC,2024-09-02,624600,4203723
USDC,2024-09-03,632169,4002597
USDC,2024-09-04,703263,4614982
USDC,2024-09-05,688810,4404337
USDC,2024-09-06,812810,4557908
USDC,2024-09-07,676880,3482040
USDC,2024-09-08,662203,3477557
USDC,2024-09-09,750505,4024897
USDC,2024-09-10,729174,3737872
USDC,2024-09-11,692547,4000380
USDC,2024-09-12,688018,3690846
USDC,2024-09-13,788846,3701433
USDC,2024-09-14,752285,2925228
USDC,2024-09-15,678764,3026034
USDC,2024-09-16,637779,3479839
USDC,2024-09-17,692446,3429570
USDC,2024-09-18,784006,3632378
USDC,2024-09-19,927178,4120622
USDC,2024-09-20,907551,4343826
USDC,2024-09-21,824059,3198588
USDC,2024-09-22,773834,3358839
USDC,2024-09-23,813025,3942013
USDC,2024-09-24,896120,3797767
USDC,2024-09-25,911844,3570928
USDC,2024-09-26,988379,3707658
USDC,2024-09-27,1008779,3765387
USDC,2024-09-28,944971,3124541
USDC,2024-09-29,935010,3414556
USDC,2024-09-30,966081,4105569
USDC,2024-10-01,1053216,4442643
USDC,2024-10-02,999044,4549641
USDC,2024-10-03,930658,4504049
USDC,2024-10-04,883556,4222688
USDC,2024-10-05,838768,3491434
USDC,2024-10-06,819666,3516084
USDC,2024-10-07,891127,4254809
USDC,2024-10-08,879050,4157564
USDC,2024-10-09,953247,4066408
USDC,2024-10-10,976009,4248481
USDC,2024-10-11,955407,3939987
USDC,2024-10-12,928711,3578023
USDC,2024-10-13,894912,3743698
USDC,2024-10-14,1108969,4329416
USDC,2024-10-15,1094870,4554203
USDC,2024-10-16,1026427,4136288
USDC,2024-10-17,1102097,4080698
USDC,2024-10-18,1147260,3931943
USDC,2024-10-19,962924,3118255
USDC,2024-10-20,1024789,3846725
USDC,2024-10-21,1083123,3628757
USDC,2024-10-22,1083631,3667342
USDC,2024-10-23,1188172,4059082
USDC,2024-10-24,1182352,3911025
USDC,2024-10-25,1291969,4667568
USDC,2024-10-26,1164828,4128421
USDC,2024-10-27,1044029,3851304
USDC,2024-10-28,1184214,4338308
USDC,2024-10-29,1361503,4455084
USDC,2024-10-30,1230621,4467446
USDC,2024-10-31,1195171,4599098
USDC,2024-11-01,1198450,4910234
USDC,2024-11-02,1158859,4070896
USDC,2024-11-03,1086530,4410827
USDC,2024-11-04,1012360,4365967
USDC,2024-11-05,1065130,4293312
USDC,2024-11-06,1468380,5297946
USDC,2024-11-07,1365713,4829776
USDC,2024-11-08,1438804,4706452
USDC,2024-11-09,1382029,4582238
USDC,2024-11-10,1576054,5643893
USDC,2024-11-11,1705912,5917039
USDC,2024-11-12,1727121,6236173
USDC,2024-11-13,1784074,5781822
USDC,2024-11-14,1828060,5683067
USDC,2024-11-15,1748586,5447604
USDC,2024-11-16,1717386,5072971
USDC,2024-11-17,1877731,5150025
USDC,2024-11-18,1879646,5109010
USDC,2024-11-19,1876463,5360117
USDC,2024-11-20,1881340,5605291
USDC,2024-11-21,2094806,6478225
USDC,2024-11-22,2097006,6076975
USDC,2024-11-23,1844328,5804526
USDC,2024-11-24,1706621,5460889
USDC,2024-11-25,1821241,6043376
USDC,2024-11-26,1846007,6597447
USDC,2024-11-27,1792767,6318980
USDC,2024-11-28,1697505,5836220
USDC,2024-11-29,1759118,5942576
USDC,2024-11-30,1608621,5470209
USDC,2024-12-01,1595106,5758745
USDC,2024-12-02,1687719,6634144
USDC,2024-12-03,1657887,6297859
USDC,2024-12-04,1806686,7066675
USDC,2024-12-05,1839258,7337233
USDC,2024-12-06,1638073,7045458
USDC,2024-12-07,1553006,5919948
USDC,2024-12-08,1377999,5519309
USDC,2024-12-09,1691816,7192319
USDC,2024-12-10,1863637,7236803
USDC,2024-12-11,1679846,6229024
USDC,2024-12-12,1580401,6042730
USDC,2024-12-13,1489363,5246636
USDC,2024-12-14,1443582,5218206
USDC,2024-12-15,1400215,5339037
USDC,2024-12-16,1582206,6181723
USDC,2024-12-17,2522212,7244220
USDC,2024-12-18,2103557,7227828
USDC,2024-12-19,2014970,7316040
USDC,2024-12-20,1972666,8380147
USDC,2024-12-21,1758573,7043941
USDC,2024-12-22,1509304,6783403
USDC,2024-12-23,1567422,6739949
USDC,2024-12-24,1466620,5508298
USDC,2024-12-25,1299174,5289784
USDC,2024-12-26,1434704,5640309
USDC,2024-12-27,1424962,5896215
USDC,2024-12-28,1385741,5187512
USDC,2024-12-29,1376742,4542483
USDC,2024-12-30,1547330,5893198
USDC,2024-12-31,1547557,5702221
USDC,2025-01-01,1409431,5044983
USDC,2025-01-02,1863778,6251970
USDC,2025-01-03,1738106,5609093
USDC,2025-01-04,1492479,4736892
USDC,2025-01-05,1490683,4667038
USDC,2025-01-06,1657470,5459935
USDC,2025-01-07,1751078,5717718
USDC,2025-01-08,1770749,5862014
USDC,2025-01-09,1711219,6074973
USDC,2025-01-10,1661910,6601415
USDC,2025-01-11,1462244,5154730
USDC,2025-01-12,1305866,4725645
USDC,2025-01-13,1695429,7166758
USDC,2025-01-14,1588715,6150423
USDC,2025-01-15,1661022,6282599
USDC,2025-01-16,1778068,6795659
USDC,2025-01-17,1809533,6521851
USDC,2025-01-18,4582577,9452285
USDC,2025-01-19,5459594,11411755
USDC,2025-01-20,5435936,12487428
USDC,2025-01-21,3537345,9717913
USDC,2025-01-22,3394196,8488299
USDC,2025-01-23,3148110,8066208
USDC,2025-01-24,2898229,7377337
USDC,2025-01-25,2651111,6853432
USDC,2025-01-26,2509339,6657362
USDC,2025-01-27,2725431,7921498
USDC,2025-01-28,2240932,6432596
USDC,2025-01-29,2128723,6411636
USDC,2025-01-30,2169828,5736729
USDC,2025-01-31,1992343,5581382
USDC,2025-02-01,1964595,5384387
USDC,2025-02-02,2237256,7065407
USDC,2025-02-03,2483172,9110188
USDC,2025-02-04,2078596,7284572
USDC,2025-02-05,1877487,6181840
USDC,2025-02-06,1753122,5915567
USDC,2025-02-07,1730404,6010217
USDC,2025-02-08,1678223,5074058
USDC,2025-02-09,1930943,5367254
USDC,2025-02-10,1839753,5702961
USDC,2025-02-11,1918324,5683443
USDC,2025-02-12,1883393,5956021
USDC,2025-02-13,1843595,5521443
USDC,2025-02-14,2005555,5875491
USDC,2025-02-15,1553221,4380039
USDC,2025-02-16,1376848,4328607
USDC,2025-02-17,1659435,5718911
USDC,2025-02-18,1873898,6371091
USDC,2025-02-19,1543401,5380108
USDC,2025-02-20,1570035,5350616
USDC,2025-02-21,1641522,5996381
USDC,2025-02-22,1306053,4515816
USDC,2025-02-23,1205245,4551464
USDC,2025-02-24,1751092,6802513
USDC,2025-02-25,2211983,8299553
USDC,2025-02-26,1757542,7723251
USDC,2025-02-27,1607503,8217985
USDC,2025-02-28,1867127,9216325
USDC,2025-03-01,1407341,7038193
USDC,2025-03-02,1805737,8071409
USDC,2025-03-03,1820139,8408627
USDC,2025-03-04,1743537,8573442
USDC,2025-03-05,1494339,7399791
USDC,2025-03-06,1405742,6690247
USDC,2025-03-07,1567552,6847925
USDC,2025-03-08,1263994,5306862
USDC,2025-03-09,1361522,6217449
USDC,2025-03-10,1594383,7264205
USDC,2025-03-11,1575671,7010205
USDC,2025-03-12,1423811,6292194
USDC,2025-03-13,1350245,6038463
USDC,2025-03-14,1402245,5928532
USDC,2025-03-15,1203059,5197463
USDC,2025-03-16,1132332,5844657
USDC,2025-03-17,1142582,6036201
USDC,2025-03-18,1131431,6798278
USDC,2025-03-19,1227658,7543713
USDC,2025-03-20,1287706,5977866
USDC,2025-03-21,1127178,6215576
USDC,2025-03-22,973469,6949281
USDC,2025-03-23,1045618,6078492
USDC,2025-03-24,1388574,6742622
USDC,2025-03-25,1276468,6022620
USDC,2025-03-26,1303827,6490583
USDC,2025-03-27,1240601,5928414
USDC,2025-03-28,1326196,6192169
USDC,2025-03-29,1286267,6132172
USDC,2025-03-30,1096326,5451086
USDC,2025-03-31,1364481,6586311
USDC,2025-04-01,1700039,6660287
USDC,2025-04-02,1503150,7108592
USDC,2025-04-03,1443769,6390901
USDC,2025-04-04,1372178,6896358
USDC,2025-04-05,1148463,5055043
USDC,2025-04-06,1400301,5958620
USDC,2025-04-07,1771344,8498230
USDC,2025-04-08,1425883,6869947
USDC,2025-04-09,1585576,7873478
USDC,2025-04-10,1421887,6361562
USDC,2025-04-11,1512529,6705554
USDC,2025-04-12,1443805,6226037
USDC,2025-04-13,1334736,6276880
USDC,2025-04-14,1427384,6922122
USDC,2025-04-15,1420644,6371426
USDC,2025-04-16,1473389,6510692
USDC,2025-04-17,1394896,5989607
USDC,2025-04-18,1271122,5388127
USDC,2025-04-19,1287684,5067931
USDC,2025-04-20,1184129,4753411
USDC,2025-04-21,1406453,5984776
USDC,2025-04-22,1685484,6849889
USDC,2025-04-23,1784133,7827312
USDC,2025-04-24,1597064,6626011
USDC,2025-04-25,1701965,7433031
USDC,2025-04-26,1444196,6254665
USDC,2025-04-27,1394801,6191157
USDC,2025-04-28,1622026,7583077
USDC,2025-04-29,1537272,7608826
USDC,2025-04-30,1547994,7427389
USDC,2025-05-01,1649836,7159764
USDC,2025-05-02,1553472,6607911
USDC,2025-05-03,1434311,5747666
USDC,2025-05-04,1318462,5845159
USDC,2025-05-05,1510822,6854282
USDC,2025-05-06,1574552,7213699
USDC,2025-05-07,1659328,7007716
USDC,2025-05-08,1882274,8225461
USDC,2025-05-09,2048571,8861334
USDC,2025-05-10,1763816,7500748
USDC,2025-05-11,1650660,7237134
USDC,2025-05-12,2001713,8934339
USDC,2025-05-13,2018154,8245843
USDC,2025-05-14,1931015,7708280
USDC,2025-05-15,1838516,7734833
USDC,2025-05-16,1693594,6798880
USDC,2025-05-17,1575724,6179144
USDC,2025-05-18,1582721,6817300
USDC,2025-05-19,1636069,7531664
USDC,2025-05-20,1649351,7472638
USDC,2025-05-21,1847287,8034919
USDC,2025-05-22,1996086,7986011
USDC,2025-05-23,2110219,8587062
USDC,2025-05-24,2387447,6744525
USDC,2025-05-25,1577801,5882801
USDC,2025-05-26,1672837,6111140
USDC,2025-05-27,1703598,6686534
USDC,2025-05-28,1636651,6108340
USDC,2025-05-29,1679161,6658153
USDC,2025-05-30,1898074,7696400
USDC,2025-05-31,1687876,6471765
USDC,2025-06-01,1621478,6638688
USDC,2025-06-02,1659312,7046571
USDC,2025-06-03,2060225,7484449
USDC,2025-06-04,1704102,7251082
USDC,2025-06-05,1812948,7901311
USDC,2025-06-06,1695777,7322476
USDC,2025-06-07,1356721,5673550
USDC,2025-06-08,1360569,5560828
USDC,2025-06-09,1679351,6993007
USDC,2025-06-10,1830635,7797164
USDC,2025-06-11,1968294,8179756
USDC,2025-06-12,1857924,8235843
USDC,2025-06-13,1865561,9217218
USDC,2025-06-14,1338710,6585877
USDC,2025-06-15,1313169,6374606
USDC,2025-06-16,1619887,7638524
USDC,2025-06-17,1720207,8477275
USDC,2025-06-18,1761111,8313018
USDC,2025-06-19,1598990,7378390
USDC,2025-06-20,1607646,7378956
USDC,2025-06-21,1451221,6885493
USDC,2025-06-22,1619847,7937504
USDC,2025-06-23,1675508,7762411
USDC,2025-06-24,1583324,7052467
USDC,2025-06-25,1656323,6920905
USDC,2025-06-26,1533441,6785072
USDC,2025-06-27,2472163,7900164
USDC,2025-06-28,2528407,7813919
USDC,2025-06-29,1990316,6931808
USDC,2025-06-30,2229133,8185664
USDC,2025-07-01,2284400,7696396
USDC,2025-07-02,2217761,8151957
USDC,2025-07-03,2712601,9475829
USDC,2025-07-04,2282471,8238178
USDC,2025-07-05,1891106,6764258
USDC,2025-07-06,1742509,6820964
USDC,2025-07-07,2024558,7606856
USDC,2025-07-08,1966667,8223081
USDC,2025-07-09,2059944,8502508
USDC,2025-07-10,2367834,9389569
USDC,2025-07-11,2457346,9322636
USDC,2025-07-12,2303898,8184955
USDC,2025-07-13,1922451,8033760
USDC,2025-07-14,2454692,9734700
USDC,2025-07-15,2431170,10211056
USDC,2025-07-16,2604044,9988020
USDC,2025-07-17,2881993,10938758
USDC,2025-07-18,2842861,10647835
USDC,2025-07-19,2712285,9202656
USDC,2025-07-20,2524300,9056553
USDC,2025-07-21,3038352,10175004
USDC,2025-07-22,3099157,11717173
USDC,2025-07-23,3014828,10885884
USDC,2025-07-24,3170328,11074991
USDC,2025-07-25,2704462,10489730
USDC,2025-07-26,2052725,8101016
USDC,2025-07-27,2314985,8563370
USDC,2025-07-28,2586888,9260940
USDC,2025-07-29,2435327,8821687
USDC,2025-07-30,2344459,8868509
USDC,2025-07-31,2511990,9437547
USDC,2025-08-01,2776019,10608941
USDC,2025-08-02,2307834,7918002
USDC,2025-08-03,1892496,6767809
USDC,2025-08-04,2170785,7835291
USDC,2025-08-05,2254290,8486979
USDC,2025-08-06,2238802,8622632
USDC,2025-08-07,2172721,8360138
USDC,2025-08-08,2274375,8938966
USDC,2025-08-09,2323551,8892582
USDC,2025-08-10,1998974,8142791
USDC,2025-08-11,2396343,9488817
USDC,2025-08-12,2443209,10253354
USDC,2025-08-13,2687851,10610940
USDC,2025-08-14,2825172,11476597
USDC,2025-08-15,2339419,9715585
USDC,2025-08-16,1816702,8625760
USDC,2025-08-17,1673851,8118138
USDC,2025-08-18,2004183,9881986
USDC,2025-08-19,2087534,10348041
USDC,2025-08-20,2083712,10339504
USDC,2025-08-21,2448454,9548691
USDC,2025-08-22,2638380,10527547
USDC,2025-08-23,2098343,9142684
USDC,2025-08-24,2199192,10242455
USDC,2025-08-25,2369158,10847732
USDC,2025-08-26,2189693,10635996
USDC,2025-08-27,2271975,9967733
USDC,2025-08-28,2573780,10024354
USDC,2025-08-29,2402651,10029499
USDC,2025-08-30,1816235,8040686
USDC,2025-08-31,1640980,7555205
USDC,2025-09-01,2038413,9526712
USDC,2025-09-02,2035818,9768142
USDC,2025-09-03,2115838,9261950
USDC,2025-09-04,2187675,9184944
USDC,2025-09-05,2083816,9182751
USDC,2025-09-06,1654753,6395634
USDC,2025-09-07,1593975,5479170
USDC,2025-09-08,2021380,7922483
USDC,2025-09-09,2184722,9128342
USDC,2025-09-10,2378962,8971888
USDC,2025-09-11,2494254,8907967
USDC,2025-09-12,2715251,9127574
USDC,2025-09-13,2081833,7562086
USDC,2025-09-14,2163091,7868434
USDC,2025-09-15,2296481,9131503
USDC,2025-09-16,2152612,8513684
USDC,2025-09-17,2206121,8849356
USDC,2025-09-18,2394798,8239302
USDC,2025-09-19,2142472,7487646
USDC,2025-09-20,1825280,7207576
USDC,2025-09-21,1947592,8029683
USDC,2025-09-22,2197993,8847520
USDC,2025-09-23,2216197,8772070
USDC,2025-09-24,2320114,8661939
USDC,2025-09-25,2613843,10448636
USDC,2025-09-26,2364820,9878607
USDC,2025-09-27,1784457,7785352
USDC,2025-09-28,1760858,8034471
USDC,2025-09-29,2011163,8899346
USDC,2025-09-30,2020145,9260888
USDC,2025-10-01,2248525,9511359
USDC,2025-10-02,2357501,9735568
USDC,2025-10-03,2251076,9650333
USDC,2025-10-04,1947759,7935875
USDC,2025-10-05,2028169,9260639
USDC,2025-10-06,2171731,9636582
USDC,2025-10-07,2368693,10171962
USDC,2025-10-08,2283825,10313871
USDC,2025-10-09,2370047,10832654
USDC,2025-10-10,2894719,12593117
USDC,2025-10-11,2576525,12846298
USDC,2025-10-12,2285340,12378142
USDC,2025-10-13,2403374,12533163
USDC,2025-10-14,2448754,12952909
USDC,2025-10-15,2379485,11869904
USDC,2025-10-16,2643713,10624782
USDC,2025-10-17,2759416,10825160
USDC,2025-10-18,2276319,8292690
USDC,2025-10-19,2206894,8519485
USDC,2025-10-20,2352976,9146807
USDC,2025-10-21,2521994,10221654
USDC,2025-10-22,2517008,10390850
USDC,2025-10-23,2981406,10318571
USDC,2025-10-24,2770043,9409278
USDC,2025-10-25,2194403,8249247
USDC,2025-10-26,2211792,9516489
USDC,2025-10-27,2644650,10382283
USDC,2025-10-28,2746578,10524513
USDC,2025-10-29,2771211,10995247
USDC,2025-10-30,2667336,11255773
USDC,2025-10-31,2358890,10365941
USDC,2025-11-01,1893054,8894886
USDC,2025-11-02,1782856,9216481
USDC,2025-11-03,2558313,11162840
USDC,2025-11-04,3195129,12965748
USDC,2025-11-05,2570459,12059076
USDC,2025-11-06,2636261,11946907
USDC,2025-11-07,2663918,12934482
USDC,2025-11-08,2070065,9919097
USDC,2025-11-09,2155489,10891626
USDC,2025-11-10,2379719,12354523
USDC,2025-11-11,2488424,13131706
USDC,2025-11-12,2571395,12598109
USDC,2025-11-13,2627903,13223633
USDC,2025-11-14,2730942,13824868
USDC,2025-11-15,2071952,10882355
USDC,2025-11-16,2117575,10478008
USDC,2025-11-17,2468924,11506581
USDC,2025-11-18,2429840,11681401
USDC,2025-11-19,2318314,12337703
USDC,2025-11-20,2417675,12931799
USDC,2025-11-21,2627994,15348401
USDC,2025-11-22,1881934,11054958
USDC,2025-11-23,1906292,11352866
USDC,2025-11-24,2438540,13276396
USDC,2025-11-25,2354464,13280246
USDC,2025-11-26,2433207,12954820
USDC,2025-11-27,2354619,11524883
USDC,2025-11-28,2339875,11148183
USDC,2025-11-29,2172942,9919067
USDC,2025-11-30,1927472,11645342
USDC,2025-12-01,2538052,13603390
USDC,2025-12-02,2426066,13092731
USDC,2025-12-03,2365997,13699200
USDC,2025-12-04,2451967,13358806
USDC,2025-12-05,2170570,12125076
USDC,2025-12-06,1865788,10666669
USDC,2025-12-07,1982061,11415667
USDC,2025-12-08,2336682,12066976
USDC,2025-12-09,2294643,12863987
USDC,2025-12-10,2216335,13729982
USDC,2025-12-11,2301500,13906857
USDC,2025-12-12,2163360,13119441
USDC,2025-12-13,1781133,11042826
USDC,2025-12-14,1768071,11895190
USDC,2025-12-15,2265207,13887265
USDC,2025-12-16,2184482,13441517
USDC,2025-12-17,2139143,13196984
USDC,2025-12-18,2215915,13513763
USDC,2025-12-19,2201672,13509114
USDC,2025-12-20,1679319,10747727
USDC,2025-12-21,1622333,11784124
USDC,2025-12-22,2038005,13329760
USDC,2025-12-23,2062202,13673576
USDC,2025-12-24,1903367,14311052
USDC,2025-12-25,1725578,13409532
USDC,2025-12-26,1882857,13007818
USDC,2025-12-27,1685428,11587749
USDC,2025-12-28,1665300,10980170
USDC,2025-12-29,2124667,12947715
USDC,2025-12-30,2036521,12143994
USDC,2025-12-31,2001557,11867621
USDT,2020-01-01,28037,52201
USDT,2020-01-02,32087,60681
USDT,2020-01-03,49281,99063
USDT,2020-01-04,51012,95892
USDT,2020-01-05,49118,96025
USDT,2020-01-06,55367,97259
USDT,2020-01-07,46363,82090
USDT,2020-01-08,56263,108676
USDT,2020-01-09,56233,105493
USDT,2020-01-10,53858,104572
USDT,2020-01-11,50732,99361
USDT,2020-01-12,46598,90218
USDT,2020-01-13,50955,99352
USDT,2020-01-14,58419,117494
USDT,2020-01-15,60221,103296
USDT,2020-01-16,78011,130976
USDT,2020-01-17,57407,112953
USDT,2020-01-18,58895,111532
USDT,2020-01-19,61590,112191
USDT,2020-01-20,55781,95904
USDT,2020-01-21,46600,78644
USDT,2020-01-22,46933,77978
USDT,2020-01-23,29871,57135
USDT,2020-01-24,32424,55027
USDT,2020-01-25,33439,61872
USDT,2020-01-26,33020,60568
USDT,2020-01-27,40432,77225
USDT,2020-01-28,43291,82542
USDT,2020-01-29,49549,91358
USDT,2020-01-30,48949,95295
USDT,2020-01-31,50278,87411
USDT,2020-02-01,28872,57630
USDT,2020-02-02,47922,90405
USDT,2020-02-03,60186,106090
USDT,2020-02-04,55758,106267
USDT,2020-02-05,59789,106448
USDT,2020-02-06,44898,90864
USDT,2020-02-07,47740,96935
USDT,2020-02-08,45246,93022
USDT,2020-02-09,73012,134050
USDT,2020-02-10,71090,140707
USDT,2020-02-11,68796,132095
USDT,2020-02-12,71260,128816
USDT,2020-02-13,73006,131823
USDT,2020-02-14,55147,106760
USDT,2020-02-15,55236,105805
USDT,2020-02-16,43787,86290
USDT,2020-02-17,50007,105123
USDT,2020-02-18,49656,101695
USDT,2020-02-19,48412,96693
USDT,2020-02-20,51752,101889
USDT,2020-02-21,57443,102886
USDT,2020-02-22,42150,79413
USDT,2020-02-23,46716,86892
USDT,2020-02-24,60911,122606
USDT,2020-02-25,54004,104927
USDT,2020-02-26,57147,115262
USDT,2020-02-27,54186,106738
USDT,2020-02-28,56659,111966
USDT,2020-02-29,51365,97817
USDT,2020-03-01,47376,88573
USDT,2020-03-02,57202,116939
USDT,2020-03-03,54461,108822
USDT,2020-03-04,54863,109559
USDT,2020-03-05,63531,122885
USDT,2020-03-06,52414,109642
USDT,2020-03-07,51594,100799
USDT,2020-03-08,68340,136215
USDT,2020-03-09,83205,170766
USDT,2020-03-10,80256,157132
USDT,2020-03-11,81906,157615
USDT,2020-03-12,91463,153374
USDT,2020-03-13,101272,191192
USDT,2020-03-14,71345,123904
USDT,2020-03-15,72193,130040
USDT,2020-03-16,94028,184948
USDT,2020-03-17,97765,178567
USDT,2020-03-18,86435,158065
USDT,2020-03-19,89109,168198
USDT,2020-03-20,87990,158215
USDT,2020-03-21,82032,144683
USDT,2020-03-22,69189,126581
USDT,2020-03-23,69396,131700
USDT,2020-03-24,62769,122645
USDT,2020-03-25,61587,121133
USDT,2020-03-26,69362,130551
USDT,2020-03-27,67159,128473
USDT,2020-03-28,75931,137498
USDT,2020-03-29,79254,139144
USDT,2020-03-30,86784,160293
USDT,2020-03-31,97096,176196
USDT,2020-04-01,82884,151734
USDT,2020-04-02,95653,175208
USDT,2020-04-03,94034,158618
USDT,2020-04-04,71447,124916
USDT,2020-04-05,56654,108334
USDT,2020-04-06,79819,152504
USDT,2020-04-07,85221,162137
USDT,2020-04-08,81928,159765
USDT,2020-04-09,78216,149534
USDT,2020-04-10,79861,153944
USDT,2020-04-11,87912,166249
USDT,2020-04-12,85997,150514
USDT,2020-04-13,79422,154056
USDT,2020-04-14,89339,167497
USDT,2020-04-15,85542,156978
USDT,2020-04-16,99394,178012
USDT,2020-04-17,104061,195745
USDT,2020-04-18,95536,174120
USDT,2020-04-19,95032,174295
USDT,2020-04-20,109325,207409
USDT,2020-04-21,107327,204541
USDT,2020-04-22,110224,206086
USDT,2020-04-23,109209,204160
USDT,2020-04-24,111063,196451
USDT,2020-04-25,80260,144486
USDT,2020-04-26,88044,153290
USDT,2020-04-27,98101,180222
USDT,2020-04-28,100096,181987
USDT,2020-04-29,104944,194191
USDT,2020-04-30,110153,203545
USDT,2020-05-01,90673,162428
USDT,2020-05-02,78205,138145
USDT,2020-05-03,73745,136330
USDT,2020-05-04,85405,157699
USDT,2020-05-05,89446,163266
USDT,2020-05-06,99373,182197
USDT,2020-05-07,100248,180346
USDT,2020-05-08,95232,173689
USDT,2020-05-09,107781,185453
USDT,2020-05-10,101379,178945
USDT,2020-05-11,112833,200725
USDT,2020-05-12,96418,178902
USDT,2020-05-13,102280,187637
USDT,2020-05-14,103103,190978
USDT,2020-05-15,102841,192318
USDT,2020-05-16,93421,167058
USDT,2020-05-17,89381,162762
USDT,2020-05-18,104921,197305
USDT,2020-05-19,103226,188488
USDT,2020-05-20,109351,201809
USDT,2020-05-21,117882,216016
USDT,2020-05-22,127098,223762
USDT,2020-05-23,114653,190867
USDT,2020-05-24,104854,184190
USDT,2020-05-25,131023,225125
USDT,2020-05-26,122326,214072
USDT,2020-05-27,121177,213738
USDT,2020-05-28,120490,216773
USDT,2020-05-29,127466,223502
USDT,2020-05-30,130721,218909
USDT,2020-05-31,119614,204772
USDT,2020-06-01,136635,240904
USDT,2020-06-02,145404,257577
USDT,2020-06-03,119248,220211
USDT,2020-06-04,124128,227128
USDT,2020-06-05,121429,218449
USDT,2020-06-06,202278,300956
USDT,2020-06-07,216278,305258
USDT,2020-06-08,167665,269126
USDT,2020-06-09,141776,244937
USDT,2020-06-10,131880,245085
USDT,2020-06-11,127010,237666
USDT,2020-06-12,145366,245181
USDT,2020-06-13,123966,215290
USDT,2020-06-14,111205,191613
USDT,2020-06-15,137416,252321
USDT,2020-06-16,141976,247854
USDT,2020-06-17,133080,236143
USDT,2020-06-18,142458,254440
USDT,2020-06-19,146372,258764
USDT,2020-06-20,147501,251635
USDT,2020-06-21,149109,274388
USDT,2020-06-22,171435,315955
USDT,2020-06-23,197323,355368
USDT,2020-06-24,148751,266838
USDT,2020-06-25,147815,255064
USDT,2020-06-26,147681,250875
USDT,2020-06-27,143142,243484
USDT,2020-06-28,130039,234370
USDT,2020-06-29,119419,236705
USDT,2020-06-30,159241,290152
USDT,2020-07-01,138116,254795
USDT,2020-07-02,138383,257913
USDT,2020-07-03,133205,248470
USDT,2020-07-04,120091,220051
USDT,2020-07-05,103921,206221
USDT,2020-07-06,126654,259223
USDT,2020-07-07,136571,261822
USDT,2020-07-08,146337,277116
USDT,2020-07-09,134983,265023
USDT,2020-07-10,125500,247863
USDT,2020-07-11,119397,228893
USDT,2020-07-12,123861,237046
USDT,2020-07-13,143530,284147
USDT,2020-07-14,133474,266012
USDT,2020-07-15,138417,272583
USDT,2020-07-16,130538,261198
USDT,2020-07-17,125392,255202
USDT,2020-07-18,113551,231852
USDT,2020-07-19,107676,220118
USDT,2020-07-20,133519,269536
USDT,2020-07-21,131392,267389
USDT,2020-07-22,128863,266230
USDT,2020-07-23,127534,271282
USDT,2020-07-24,130045,276010
USDT,2020-07-25,118290,245792
USDT,2020-07-26,127262,254001
USDT,2020-07-27,148401,298824
USDT,2020-07-28,157270,301775
USDT,2020-07-29,149313,291182
USDT,2020-07-30,150981,295736
USDT,2020-07-31,153590,306472
USDT,2020-08-01,155203,314031
USDT,2020-08-02,152179,312044
USDT,2020-08-03,155984,303879
USDT,2020-08-04,143942,296735
USDT,2020-08-05,152110,313856
USDT,2020-08-06,171950,357767
USDT,2020-08-07,181088,383636
USDT,2020-08-08,162213,332061
USDT,2020-08-09,156757,319323
USDT,2020-08-10,177307,368037
USDT,2020-08-11,178060,352829
USDT,2020-08-12,168105,323755
USDT,2020-08-13,182572,339750
USDT,2020-08-14,178619,332874
USDT,2020-08-15,175288,309330
USDT,2020-08-16,161381,301900
USDT,2020-08-17,187242,352795
USDT,2020-08-18,183099,341403
USDT,2020-08-19,171846,327650
USDT,2020-08-20,163979,314582
USDT,2020-08-21,157608,294885
USDT,2020-08-22,173593,310961
USDT,2020-08-23,197232,318584
USDT,2020-08-24,193040,347513
USDT,2020-08-25,180669,323103
USDT,2020-08-26,200767,365107
USDT,2020-08-27,199703,368141
USDT,2020-08-28,166858,329000
USDT,2020-08-29,152087,310567
USDT,2020-08-30,171186,337237
USDT,2020-08-31,189094,378673
USDT,2020-09-01,183656,366950
USDT,2020-09-02,186725,378917
USDT,2020-09-03,193634,439531
USDT,2020-09-04,198250,434670
USDT,2020-09-05,177050,381761
USDT,2020-09-06,166291,329725
USDT,2020-09-07,185421,377582
USDT,2020-09-08,179817,370479
USDT,2020-09-09,163327,374800
USDT,2020-09-10,168218,373914
USDT,2020-09-11,172664,385753
USDT,2020-09-12,157770,344775
USDT,2020-09-13,144371,328509
USDT,2020-09-14,166372,365920
USDT,2020-09-15,180955,410559
USDT,2020-09-16,169426,377730
USDT,2020-09-17,161256,329020
USDT,2020-09-18,198361,389611
USDT,2020-09-19,186396,358138
USDT,2020-09-20,188075,370437
USDT,2020-09-21,187132,389210
USDT,2020-09-22,177129,366745
USDT,2020-09-23,185070,388654
USDT,2020-09-24,184849,384622
USDT,2020-09-25,189096,397320
USDT,2020-09-26,191456,397299
USDT,2020-09-27,164625,342638
USDT,2020-09-28,186111,394775
USDT,2020-09-29,187926,394259
USDT,2020-09-30,194490,398412
USDT,2020-10-01,145945,319471
USDT,2020-10-02,152005,390756
USDT,2020-10-03,146931,314161
USDT,2020-10-04,139998,307484
USDT,2020-10-05,160619,346452
USDT,2020-10-06,147667,327882
USDT,2020-10-07,175394,393417
USDT,2020-10-08,183654,460600
USDT,2020-10-09,198150,439846
USDT,2020-10-10,212412,441077
USDT,2020-10-11,190489,386581
USDT,2020-10-12,195895,421980
USDT,2020-10-13,200378,422362
USDT,2020-10-14,204162,446647
USDT,2020-10-15,213326,456955
USDT,2020-10-16,203399,435058
USDT,2020-10-17,198318,405536
USDT,2020-10-18,203847,397027
USDT,2020-10-19,213137,439087
USDT,2020-10-20,221648,451911
USDT,2020-10-21,287303,540895
USDT,2020-10-22,242048,477751
USDT,2020-10-23,204870,432442
USDT,2020-10-24,179496,386393
USDT,2020-10-25,177914,401136
USDT,2020-10-26,174450,408966
USDT,2020-10-27,175207,397034
USDT,2020-10-28,171353,402713
USDT,2020-10-29,169324,400589
USDT,2020-10-30,174889,403357
USDT,2020-10-31,160330,370654
USDT,2020-11-01,150723,345019
USDT,2020-11-02,196269,433723
USDT,2020-11-03,166581,394730
USDT,2020-11-04,169730,395283
USDT,2020-11-05,177729,420251
USDT,2020-11-06,200344,451630
USDT,2020-11-07,189773,412640
USDT,2020-11-08,150308,354926
USDT,2020-11-09,184541,432844
USDT,2020-11-10,187150,429348
USDT,2020-11-11,197696,419793
USDT,2020-11-12,238705,470646
USDT,2020-11-13,214592,442630
USDT,2020-11-14,179519,372582
USDT,2020-11-15,166864,369088
USDT,2020-11-16,181248,406036
USDT,2020-11-17,202792,426997
USDT,2020-11-18,166836,372394
USDT,2020-11-19,172711,357484
USDT,2020-11-20,171157,372909
USDT,2020-11-21,156154,343073
USDT,2020-11-22,166780,348186
USDT,2020-11-23,202320,425655
USDT,2020-11-24,209124,444721
USDT,2020-11-25,174998,363687
USDT,2020-11-26,200967,412481
USDT,2020-11-27,186486,366789
USDT,2020-11-28,164802,317044
USDT,2020-11-29,147237,293611
USDT,2020-11-30,190935,381462
USDT,2020-12-01,196334,407888
USDT,2020-12-02,166323,334359
USDT,2020-12-03,171900,349491
USDT,2020-12-04,221380,411600
USDT,2020-12-05,180864,336828
USDT,2020-12-06,131821,282801
USDT,2020-12-07,152535,330799
USDT,2020-12-08,162943,353507
USDT,2020-12-09,170281,373183
USDT,2020-12-10,167540,363429
USDT,2020-12-11,155143,344686
USDT,2020-12-12,153081,324067
USDT,2020-12-13,162220,333183
USDT,2020-12-14,195349,398028
USDT,2020-12-15,198985,413998
USDT,2020-12-16,229171,461133
USDT,2020-12-17,255349,522187
USDT,2020-12-18,228992,461640
USDT,2020-12-19,180497,404104
USDT,2020-12-20,168004,389377
USDT,2020-12-21,186077,419869
USDT,2020-12-22,182221,426247
USDT,2020-12-23,196366,443420
USDT,2020-12-24,206200,454299
USDT,2020-12-25,192753,436419
USDT,2020-12-26,198640,454926
USDT,2020-12-27,189710,422760
USDT,2020-12-28,221086,488476
USDT,2020-12-29,226730,517419
USDT,2020-12-30,203228,477231
USDT,2020-12-31,202219,465225
USDT,2021-01-01,177292,409434
USDT,2021-01-02,187711,439438
USDT,2021-01-03,197640,448197
USDT,2021-01-04,220910,492200
USDT,2021-01-05,219417,492414
USDT,2021-01-06,239557,518719
USDT,2021-01-07,225898,525352
USDT,2021-01-08,216807,525777
USDT,2021-01-09,209448,479686
USDT,2021-01-10,221398,510098
USDT,2021-01-11,230030,521712
USDT,2021-01-12,206519,462360
USDT,2021-01-13,227134,487575
USDT,2021-01-14,228495,496998
USDT,2021-01-15,211222,472906
USDT,2021-01-16,200777,443709
USDT,2021-01-17,198955,437394
USDT,2021-01-18,235469,507060
USDT,2021-01-19,236871,519620
USDT,2021-01-20,237799,536188
USDT,2021-01-21,257573,533653
USDT,2021-01-22,234199,499949
USDT,2021-01-23,204893,434890
USDT,2021-01-24,204685,455620
USDT,2021-01-25,236181,525777
USDT,2021-01-26,222033,478926
USDT,2021-01-27,207809,471931
USDT,2021-01-28,225592,522038
USDT,2021-01-29,276434,638169
USDT,2021-01-30,235881,515498
USDT,2021-01-31,236250,534466
USDT,2021-02-01,257932,552213
USDT,2021-02-02,257101,540207
USDT,2021-02-03,263307,551645
USDT,2021-02-04,272323,566426
USDT,2021-02-05,276718,582363
USDT,2021-02-06,273703,555425
USDT,2021-02-07,259858,551237
USDT,2021-02-08,301354,641776
USDT,2021-02-09,324512,689537
USDT,2021-02-10,317725,688074
USDT,2021-02-11,274119,563520
USDT,2021-02-12,237842,490437
USDT,2021-02-13,235632,495825
USDT,2021-02-14,234659,494147
USDT,2021-02-15,273308,582174
USDT,2021-02-16,267636,554431
USDT,2021-02-17,276117,586601
USDT,2021-02-18,372958,749709
USDT,2021-02-19,348011,711998
USDT,2021-02-20,348949,734664
USDT,2021-02-21,316199,679377
USDT,2021-02-22,349220,760729
USDT,2021-02-23,334460,739365
USDT,2021-02-24,328257,712249
USDT,2021-02-25,318203,692592
USDT,2021-02-26,287873,644198
USDT,2021-02-27,268098,601170
USDT,2021-02-28,294316,652341
USDT,2021-03-01,387875,775024
USDT,2021-03-02,297478,565157
USDT,2021-03-03,295456,581834
USDT,2021-03-04,268253,544607
USDT,2021-03-05,260285,522883
USDT,2021-03-06,227517,461467
USDT,2021-03-07,239156,484310
USDT,2021-03-08,268251,549190
USDT,2021-03-09,302366,620222
USDT,2021-03-10,309467,614823
USDT,2021-03-11,345548,669698
USDT,2021-03-12,305161,614620
USDT,2021-03-13,294528,593522
USDT,2021-03-14,304215,586882
USDT,2021-03-15,348933,680461
USDT,2021-03-16,344495,666212
USDT,2021-03-17,318438,630026
USDT,2021-03-18,614295,994797
USDT,2021-03-19,494127,871435
USDT,2021-03-20,333341,676841
USDT,2021-03-21,315303,636930
USDT,2021-03-22,359381,719667
USDT,2021-03-23,334637,651921
USDT,2021-03-24,380330,704042
USDT,2021-03-25,332855,650260
USDT,2021-03-26,319237,651468
USDT,2021-03-27,291918,597605
USDT,2021-03-28,274799,562863
USDT,2021-03-29,343825,698162
USDT,2021-03-30,389726,1658475
USDT,2021-03-31,404910,1339790
USDT,2021-04-01,410517,980087
USDT,2021-04-02,412942,929838
USDT,2021-04-03,365214,945127
USDT,2021-04-04,374407,771790
USDT,2021-04-05,391288,891532
USDT,2021-04-06,409131,879068
USDT,2021-04-07,387141,829778
USDT,2021-04-08,367329,760346
USDT,2021-04-09,364110,733993
USDT,2021-04-10,342212,680260
USDT,2021-04-11,352194,673843
USDT,2021-04-12,430646,829619
USDT,2021-04-13,401103,797234
USDT,2021-04-14,423736,843830
USDT,2021-04-15,418503,829883
USDT,2021-04-16,438804,897793
USDT,2021-04-17,449344,927747
USDT,2021-04-18,420944,843084
USDT,2021-04-19,484097,932361
USDT,2021-04-20,503821,957989
USDT,2021-04-21,499019,899814
USDT,2021-04-22,398140,770183
USDT,2021-04-23,414279,834681
USDT,2021-04-24,312072,599839
USDT,2021-04-25,321311,591806
USDT,2021-04-26,407008,752393
USDT,2021-04-27,388277,739918
USDT,2021-04-28,362295,699868
USDT,2021-04-29,382586,726849
USDT,2021-04-30,402848,775600
USDT,2021-05-01,359586,654978
USDT,2021-05-02,332064,603877
USDT,2021-05-03,385544,729040
USDT,2021-05-04,452808,824473
USDT,2021-05-05,440265,839683
USDT,2021-05-06,487083,921795
USDT,2021-05-07,501513,1000710
USDT,2021-05-08,591566,1141901
USDT,2021-05-09,571506,1050308
USDT,2021-05-10,836512,1529946
USDT,2021-05-11,847330,1476012
USDT,2021-05-12,725957,1302189
USDT,2021-05-13,617963,1129372
USDT,2021-05-14,611704,1143329
USDT,2021-05-15,499373,915960
USDT,2021-05-16,455031,844018
USDT,2021-05-17,511585,939295
USDT,2021-05-18,509775,909947
USDT,2021-05-19,539655,1083063
USDT,2021-05-20,477988,920917
USDT,2021-05-21,433856,882912
USDT,2021-05-22,355846,671384
USDT,2021-05-23,359511,723014
USDT,2021-05-24,618058,991774
USDT,2021-05-25,373155,714309
USDT,2021-05-26,390465,739688
USDT,2021-05-27,330636,646097
USDT,2021-05-28,345561,726507
USDT,2021-05-29,607851,910953
USDT,2021-05-30,929997,1218198
USDT,2021-05-31,349560,674123
USDT,2021-06-01,374653,729374
USDT,2021-06-02,432559,785272
USDT,2021-06-03,412655,801669
USDT,2021-06-04,409501,833607
USDT,2021-06-05,341196,663582
USDT,2021-06-06,295205,576229
USDT,2021-06-07,357754,735884
USDT,2021-06-08,374792,816587
USDT,2021-06-09,377315,812022
USDT,2021-06-10,352483,790485
USDT,2021-06-11,358038,913258
USDT,2021-06-12,303690,729828
USDT,2021-06-13,268465,559929
USDT,2021-06-14,322081,637254
USDT,2021-06-15,334325,700634
USDT,2021-06-16,331739,682427
USDT,2021-06-17,376369,746267
USDT,2021-06-18,357704,776637
USDT,2021-06-19,291482,624048
USDT,2021-06-20,293346,620097
USDT,2021-06-21,378082,785135
USDT,2021-06-22,424558,896842
USDT,2021-06-23,318395,703698
USDT,2021-06-24,337437,720280
USDT,2021-06-25,334002,768510
USDT,2021-06-26,302150,651417
USDT,2021-06-27,269810,595981
USDT,2021-06-28,312946,732288
USDT,2021-06-29,341591,819174
USDT,2021-06-30,339437,889721
USDT,2021-07-01,394777,2561684
USDT,2021-07-02,358915,1342706
USDT,2021-07-03,292000,615272
USDT,2021-07-04,300791,812775
USDT,2021-07-05,341424,751278
USDT,2021-07-06,446292,899326
USDT,2021-07-07,392300,850465
USDT,2021-07-08,346595,706823
USDT,2021-07-09,350252,758198
USDT,2021-07-10,304499,622344
USDT,2021-07-11,284111,580091
USDT,2021-07-12,320596,655173
USDT,2021-07-13,296382,615541
USDT,2021-07-14,303177,642876
USDT,2021-07-15,304850,704366
USDT,2021-07-16,349560,745894
USDT,2021-07-17,267711,555668
USDT,2021-07-18,270304,547496
USDT,2021-07-19,307249,625646
USDT,2021-07-20,309399,629604
USDT,2021-07-21,325236,635736
USDT,2021-07-22,281706,594468
USDT,2021-07-23,294398,629003
USDT,2021-07-24,297319,603325
USDT,2021-07-25,351749,650752
USDT,2021-07-26,377977,787154
USDT,2021-07-27,349105,698063
USDT,2021-07-28,336806,703592
USDT,2021-07-29,351736,750079
USDT,2021-07-30,444196,973219
USDT,2021-07-31,336735,685828
USDT,2021-08-01,326142,660025
USDT,2021-08-02,396466,784223
USDT,2021-08-03,493020,893851
USDT,2021-08-04,415977,790318
USDT,2021-08-05,379824,782685
USDT,2021-08-06,438236,919784
USDT,2021-08-07,406096,836258
USDT,2021-08-08,357088,751695
USDT,2021-08-09,424388,902893
USDT,2021-08-10,415615,860961
USDT,2021-08-11,454188,943483
USDT,2021-08-12,435581,898355
USDT,2021-08-13,455531,877327
USDT,2021-08-14,441090,904117
USDT,2021-08-15,445483,919232
USDT,2021-08-16,468390,956303
USDT,2021-08-17,403260,810094
USDT,2021-08-18,383871,785830
USDT,2021-08-19,396265,863395
USDT,2021-08-20,460886,946926
USDT,2021-08-21,385184,768904
USDT,2021-08-22,408070,791842
USDT,2021-08-23,454478,946614
USDT,2021-08-24,425100,867441
USDT,2021-08-25,422147,849094
USDT,2021-08-26,393018,803236
USDT,2021-08-27,424302,825348
USDT,2021-08-28,366131,722314
USDT,2021-08-29,374029,738264
USDT,2021-08-30,415665,867781
USDT,2021-08-31,431490,844993
USDT,2021-09-01,437776,853560
USDT,2021-09-02,450904,898105
USDT,2021-09-03,473087,919851
USDT,2021-09-04,434040,844201
USDT,2021-09-05,428450,845095
USDT,2021-09-06,518484,1044322
USDT,2021-09-07,547961,1083440
USDT,2021-09-08,499184,987538
USDT,2021-09-09,450902,891310
USDT,2021-09-10,480142,924367
USDT,2021-09-11,398171,787551
USDT,2021-09-12,400063,801810
USDT,2021-09-13,460913,985474
USDT,2021-09-14,422708,876100
USDT,2021-09-15,429616,872598
USDT,2021-09-16,469746,918511
USDT,2021-09-17,441334,862029
USDT,2021-09-18,370697,746042
USDT,2021-09-19,354969,714737
USDT,2021-09-20,482845,1019962
USDT,2021-09-21,401721,800813
USDT,2021-09-22,418254,850149
USDT,2021-09-23,399693,842059
USDT,2021-09-24,472355,976110
USDT,2021-09-25,363807,749499
USDT,2021-09-26,408899,829203
USDT,2021-09-27,396615,785616
USDT,2021-09-28,398606,791849
USDT,2021-09-29,386186,762832
USDT,2021-09-30,418499,835208
USDT,2021-10-01,402245,805518
USDT,2021-10-02,374724,751563
USDT,2021-10-03,356836,716865
USDT,2021-10-04,440717,869881
USDT,2021-10-05,457363,901278
USDT,2021-10-06,476915,950635
USDT,2021-10-07,551440,1058926
USDT,2021-10-08,498246,978580
USDT,2021-10-09,452463,899825
USDT,2021-10-10,425762,851627
USDT,2021-10-11,517845,1013292
USDT,2021-10-12,472922,989361
USDT,2021-10-13,478853,991641
USDT,2021-10-14,492440,1014232
USDT,2021-10-15,500228,1031022
USDT,2021-10-16,443678,919594
USDT,2021-10-17,409544,838265
USDT,2021-10-18,496738,1022565
USDT,2021-10-19,513775,1015056
USDT,2021-10-20,518053,1053529
USDT,2021-10-21,527778,1094687
USDT,2021-10-22,514923,1118606
USDT,2021-10-23,468300,915550
USDT,2021-10-24,468314,932972
USDT,2021-10-25,562930,1118350
USDT,2021-10-26,585996,1141164
USDT,2021-10-27,639363,1224177
USDT,2021-10-28,674349,1263650
USDT,2021-10-29,729093,1322315
USDT,2021-10-30,654514,1229504
USDT,2021-10-31,615467,1162420
USDT,2021-11-01,633870,1570299
USDT,2021-11-02,710410,1420853
USDT,2021-11-03,695530,1346703
USDT,2021-11-04,692395,1327150
USDT,2021-11-05,697779,1316293
USDT,2021-11-06,546730,1033631
USDT,2021-11-07,549735,1033231
USDT,2021-11-08,681922,1261429
USDT,2021-11-09,677488,1286654
USDT,2021-11-10,669363,1275851
USDT,2021-11-11,639574,1204627
USDT,2021-11-12,666148,1201540
USDT,2021-11-13,556502,1032783
USDT,2021-11-14,540947,1002031
USDT,2021-11-15,911207,1472484
USDT,2021-11-16,739139,1360913
USDT,2021-11-17,609876,1148313
USDT,2021-11-18,643588,1209038
USDT,2021-11-19,669444,1199384
USDT,2021-11-20,520704,988175
USDT,2021-11-21,543945,1016310
USDT,2021-11-22,618262,1151861
USDT,2021-11-23,607080,1147697
USDT,2021-11-24,663102,1233150
USDT,2021-11-25,713373,1337160
USDT,2021-11-26,696061,1300023
USDT,2021-11-27,549951,1034069
USDT,2021-11-28,509411,957511
USDT,2021-11-29,622785,1162169
USDT,2021-11-30,718078,1300468
USDT,2021-12-01,720306,1318718
USDT,2021-12-02,627823,1156727
USDT,2021-12-03,817355,1369296
USDT,2021-12-04,709354,1308724
USDT,2021-12-05,550608,990530
USDT,2021-12-06,669196,1198333
USDT,2021-12-07,651836,1185901
USDT,2021-12-08,602574,1095067
USDT,2021-12-09,591428,1063217
USDT,2021-12-10,622244,1094597
USDT,2021-12-11,488683,902169
USDT,2021-12-12,524901,922535
USDT,2021-12-13,619318,1101794
USDT,2021-12-14,621616,1119931
USDT,2021-12-15,621081,1122151
USDT,2021-12-16,551505,1011529
USDT,2021-12-17,547533,1009441
USDT,2021-12-18,480727,875987
USDT,2021-12-19,453693,818179
USDT,2021-12-20,604423,1059847
USDT,2021-12-21,579157,1062984
USDT,2021-12-22,587121,1050967
USDT,2021-12-23,551088,1036136
USDT,2021-12-24,854171,1316161
USDT,2021-12-25,423490,819462
USDT,2021-12-26,437336,814524
USDT,2021-12-27,519607,976176
USDT,2021-12-28,534426,1006373
USDT,2021-12-29,540675,1029011
USDT,2021-12-30,579296,1046407
USDT,2021-12-31,487793,929588
USDT,2022-01-01,389668,744374
USDT,2022-01-02,440869,814435
USDT,2022-01-03,509241,960500
USDT,2022-01-04,545456,1032084
USDT,2022-01-05,605077,1111655
USDT,2022-01-06,543030,1032747
USDT,2022-01-07,560810,1036306
USDT,2022-01-08,472941,905480
USDT,2022-01-09,443531,858310
USDT,2022-01-10,539988,1035562
USDT,2022-01-11,528959,1031139
USDT,2022-01-12,550967,1090401
USDT,2022-01-13,499445,986772
USDT,2022-01-14,500215,977812
USDT,2022-01-15,489408,951874
USDT,2022-01-16,466663,913504
USDT,2022-01-17,586946,1120509
USDT,2022-01-18,582171,1131060
USDT,2022-01-19,531280,1075110
USDT,2022-01-20,535893,1066985
USDT,2022-01-21,581403,1136667
USDT,2022-01-22,596681,1163330
USDT,2022-01-23,472846,898544
USDT,2022-01-24,579477,1094430
USDT,2022-01-25,655426,1183327
USDT,2022-01-26,672866,1183321
USDT,2022-01-27,520887,1004483
USDT,2022-01-28,518149,1001788
USDT,2022-01-29,469693,896925
USDT,2022-01-30,440422,824015
USDT,2022-01-31,503324,920148
USDT,2022-02-01,460046,851022
USDT,2022-02-02,458509,865743
USDT,2022-02-03,454127,849402
USDT,2022-02-04,488304,932015
USDT,2022-02-05,501732,954273
USDT,2022-02-06,482496,926029
USDT,2022-02-07,580925,1123875
USDT,2022-02-08,579241,1111588
USDT,2022-02-09,618399,1141227
USDT,2022-02-10,577905,1118010
USDT,2022-02-11,581203,1108705
USDT,2022-02-12,506075,981202
USDT,2022-02-13,487337,947808
USDT,2022-02-14,560801,1083250
USDT,2022-02-15,608078,1188241
USDT,2022-02-16,572450,1121215
USDT,2022-02-17,582635,1154351
USDT,2022-02-18,555414,1099398
USDT,2022-02-19,529676,1036585
USDT,2022-02-20,519763,1018446
USDT,2022-02-21,564800,1109985
USDT,2022-02-22,613979,1174130
USDT,2022-02-23,549907,1073256
USDT,2022-02-24,647803,1247733
USDT,2022-02-25,583163,1142602
USDT,2022-02-26,502863,1032463
USDT,2022-02-27,494668,999596
USDT,2022-02-28,609677,1189808
USDT,2022-03-01,593633,1151920
USDT,2022-03-02,579479,1136042
USDT,2022-03-03,572776,1114440
USDT,2022-03-04,556808,1089683
USDT,2022-03-05,539133,1032262
USDT,2022-03-06,543743,1010159
USDT,2022-03-07,600712,1135681
USDT,2022-03-08,618012,1120244
USDT,2022-03-09,579496,1110659
USDT,2022-03-10,535090,1050046
USDT,2022-03-11,506077,1001179
USDT,2022-03-12,465897,909636
USDT,2022-03-13,458459,896919
USDT,2022-03-14,572121,1087047
USDT,2022-03-15,537763,1037429
USDT,2022-03-16,567535,1090297
USDT,2022-03-17,547818,1068163
USDT,2022-03-18,538774,1057753
USDT,2022-03-19,519315,1006987
USDT,2022-03-20,487496,953054
USDT,2022-03-21,549545,1083796
USDT,2022-03-22,553983,1101889
USDT,2022-03-23,544796,1078351
USDT,2022-03-24,585150,1139980
USDT,2022-03-25,580878,1139958
USDT,2022-03-26,497542,994959
USDT,2022-03-27,501031,1020935
USDT,2022-03-28,621279,1254268
USDT,2022-03-29,633269,1244216
USDT,2022-03-30,650062,1261830
USDT,2022-03-31,669000,1319656
USDT,2022-04-01,633821,1237433
USDT,2022-04-02,557597,1127097
USDT,2022-04-03,533249,1076582
USDT,2022-04-04,633927,1259589
USDT,2022-04-05,635456,1239028
USDT,2022-04-06,643441,1288243
USDT,2022-04-07,606594,1241222
USDT,2022-04-08,600308,1205375
USDT,2022-04-09,564166,1146602
USDT,2022-04-10,536147,1109210
USDT,2022-04-11,658200,1349898
USDT,2022-04-12,616395,1272807
USDT,2022-04-13,600943,1256471
USDT,2022-04-14,581700,1194615
USDT,2022-04-15,652570,1308735
USDT,2022-04-16,540984,1129354
USDT,2022-04-17,509338,1073845
USDT,2022-04-18,623349,1339963
USDT,2022-04-19,691791,1392041
USDT,2022-04-20,818293,1567401
USDT,2022-04-21,692232,1454415
USDT,2022-04-22,669590,1382923
USDT,2022-04-23,553097,1185591
USDT,2022-04-24,539231,1171310
USDT,2022-04-25,681459,1453099
USDT,2022-04-26,668874,1430553
USDT,2022-04-27,664890,1409510
USDT,2022-04-28,671350,1450879
USDT,2022-04-29,702612,1513383
USDT,2022-04-30,641514,1414543
USDT,2022-05-01,608938,1318805
USDT,2022-05-02,640295,1368173
USDT,2022-05-03,626350,1323607
USDT,2022-05-04,660418,1410206
USDT,2022-05-05,751372,1588691
USDT,2022-05-06,719186,1476615
USDT,2022-05-07,710928,1408597
USDT,2022-05-08,617331,1285654
USDT,2022-05-09,843708,1737127
USDT,2022-05-10,815935,1722438
USDT,2022-05-11,925108,1947477
USDT,2022-05-12,1000842,2069533
USDT,2022-05-13,883119,1757829
USDT,2022-05-14,797855,1589616
USDT,2022-05-15,704678,1402625
USDT,2022-05-16,678440,1433446
USDT,2022-05-17,658687,1365732
USDT,2022-05-18,640785,1356084
USDT,2022-05-19,614696,1326320
USDT,2022-05-20,611338,1315989
USDT,2022-05-21,533464,1178928
USDT,2022-05-22,510999,1109548
USDT,2022-05-23,641350,1384073
USDT,2022-05-24,634911,1354666
USDT,2022-05-25,621103,1334812
USDT,2022-05-26,645437,1394053
USDT,2022-05-27,643159,1376772
USDT,2022-05-28,563461,1185551
USDT,2022-05-29,551163,1135210
USDT,2022-05-30,694698,1465117
USDT,2022-05-31,697078,1454902
USDT,2022-06-01,664520,1384040
USDT,2022-06-02,634094,1335729
USDT,2022-06-03,598728,1253279
USDT,2022-06-04,506554,1106652
USDT,2022-06-05,493883,1069214
USDT,2022-06-06,648853,1384946
USDT,2022-06-07,638624,1360752
USDT,2022-06-08,622032,1349220
USDT,2022-06-09,617339,1412150
USDT,2022-06-10,644877,1451800
USDT,2022-06-11,576041,1312328
USDT,2022-06-12,565417,1309014
USDT,2022-06-13,745551,1711500
USDT,2022-06-14,694511,1558256
USDT,2022-06-15,717666,1610360
USDT,2022-06-16,638702,1417919
USDT,2022-06-17,622244,1352261
USDT,2022-06-18,590622,1254504
USDT,2022-06-19,565434,1205984
USDT,2022-06-20,647189,1437263
USDT,2022-06-21,645354,1435273
USDT,2022-06-22,632298,1404373
USDT,2022-06-23,615197,1367970
USDT,2022-06-24,641032,1433345
USDT,2022-06-25,594258,1292983
USDT,2022-06-26,529954,1162651
USDT,2022-06-27,621179,1405641
USDT,2022-06-28,740019,1465941
USDT,2022-06-29,584990,1309584
USDT,2022-06-30,605484,1353497
USDT,2022-07-01,620256,1325174
USDT,2022-07-02,563229,1209819
USDT,2022-07-03,492275,1072653
USDT,2022-07-04,626730,1349095
USDT,2022-07-05,628712,1324047
USDT,2022-07-06,638299,1337663
USDT,2022-07-07,600180,1289537
USDT,2022-07-08,570548,1229620
USDT,2022-07-09,515018,1084014
USDT,2022-07-10,471568,1027994
USDT,2022-07-11,594750,1291300
USDT,2022-07-12,601914,1273738
USDT,2022-07-13,634770,1310957
USDT,2022-07-14,601768,1251493
USDT,2022-07-15,613729,1284915
USDT,2022-07-16,546446,1161370
USDT,2022-07-17,509387,1095742
USDT,2022-07-18,648871,1401361
USDT,2022-07-19,659753,1400248
USDT,2022-07-20,642997,1359756
USDT,2022-07-21,644606,1333104
USDT,2022-07-22,646406,1326412
USDT,2022-07-23,598601,1236118
USDT,2022-07-24,550981,1158594
USDT,2022-07-25,672009,1434678
USDT,2022-07-26,718243,1463484
USDT,2022-07-27,683205,1395350
USDT,2022-07-28,640926,1344253
USDT,2022-07-29,656661,1322310
USDT,2022-07-30,581526,1174990
USDT,2022-07-31,580513,1164160
USDT,2022-08-01,687511,1383320
USDT,2022-08-02,714722,1391254
USDT,2022-08-03,718698,1400220
USDT,2022-08-04,664280,1296287
USDT,2022-08-05,690900,1365133
USDT,2022-08-06,596616,1194877
USDT,2022-08-07,565585,1112649
USDT,2022-08-08,677135,1367487
USDT,2022-08-09,660067,1353430
USDT,2022-08-10,672955,1405572
USDT,2022-08-11,661332,1364765
USDT,2022-08-12,645979,1354333
USDT,2022-08-13,576355,1212329
USDT,2022-08-14,572343,1191136
USDT,2022-08-15,666372,1387715
USDT,2022-08-16,626951,1300658
USDT,2022-08-17,738084,1457097
USDT,2022-08-18,631288,1361591
USDT,2022-08-19,663583,1396052
USDT,2022-08-20,561587,1162737
USDT,2022-08-21,520171,1081334
USDT,2022-08-22,645903,1356507
USDT,2022-08-23,624628,1311719
USDT,2022-08-24,628752,1305705
USDT,2022-08-25,629342,1326538
USDT,2022-08-26,637060,1340176
USDT,2022-08-27,575388,1215669
USDT,2022-08-28,524527,1098170
USDT,2022-08-29,633670,1352924
USDT,2022-08-30,650454,1367387
USDT,2022-08-31,655999,1385769
USDT,2022-09-01,666695,1365164
USDT,2022-09-02,664889,1344820
USDT,2022-09-03,579401,1178604
USDT,2022-09-04,533908,1104065
USDT,2022-09-05,676225,1387577
USDT,2022-09-06,685418,1433446
USDT,2022-09-07,654085,1376413
USDT,2022-09-08,646958,1352260
USDT,2022-09-09,659528,1353153
USDT,2022-09-10,530832,1096058
USDT,2022-09-11,510508,1066031
USDT,2022-09-12,633699,1290007
USDT,2022-09-13,677301,1359843
USDT,2022-09-14,665840,1336541
USDT,2022-09-15,661096,1345282
USDT,2022-09-16,783397,1501350
USDT,2022-09-17,554787,1164198
USDT,2022-09-18,552307,1146337
USDT,2022-09-19,686884,1407698
USDT,2022-09-20,694777,1384246
USDT,2022-09-21,684360,1383608
USDT,2022-09-22,654414,1335993
USDT,2022-09-23,668266,1366720
USDT,2022-09-24,567057,1175818
USDT,2022-09-25,518888,1084585
USDT,2022-09-26,739860,1439889
USDT,2022-09-27,1282465,2006129
USDT,2022-09-28,848648,1511988
USDT,2022-09-29,704987,1374915
USDT,2022-09-30,763156,1435440
USDT,2022-10-01,614427,1203994
USDT,2022-10-02,552397,1120500
USDT,2022-10-03,652308,1333726
USDT,2022-10-04,678369,1401596
USDT,2022-10-05,674625,1340771
USDT,2022-10-06,666265,1381376
USDT,2022-10-07,668226,1404103
USDT,2022-10-08,648518,1391084
USDT,2022-10-09,567397,1275308
USDT,2022-10-10,704876,1597444
USDT,2022-10-11,721219,1630118
USDT,2022-10-12,696262,1608223
USDT,2022-10-13,751217,1729424
USDT,2022-10-14,753624,1741970
USDT,2022-10-15,658468,1559117
USDT,2022-10-16,618291,1460336
USDT,2022-10-17,748068,1800612
USDT,2022-10-18,770698,1804662
USDT,2022-10-19,749859,1750966
USDT,2022-10-20,829540,1815994
USDT,2022-10-21,832380,2067257
USDT,2022-10-22,703945,1573890
USDT,2022-10-23,681499,1571173
USDT,2022-10-24,808819,1915695
USDT,2022-10-25,800542,1875396
USDT,2022-10-26,848017,1983607
USDT,2022-10-27,830268,1969123
USDT,2022-10-28,818756,1952806
USDT,2022-10-29,733893,1770264
USDT,2022-10-30,703137,1664052
USDT,2022-10-31,846224,2064074
USDT,2022-11-01,842711,2006158
USDT,2022-11-02,821665,1928929
USDT,2022-11-03,887501,2013404
USDT,2022-11-04,824568,1880658
USDT,2022-11-05,798858,1791370
USDT,2022-11-06,741477,1757322
USDT,2022-11-07,900345,2127416
USDT,2022-11-08,1010622,2224568
USDT,2022-11-09,1071797,2361880
USDT,2022-11-10,1050388,2328015
USDT,2022-11-11,955402,2069094
USDT,2022-11-12,850315,1795656
USDT,2022-11-13,904682,1793150
USDT,2022-11-14,997741,2087275
USDT,2022-11-15,1146574,2270456
USDT,2022-11-16,1215010,2413145
USDT,2022-11-17,1218029,2561984
USDT,2022-11-18,1006081,2075916
USDT,2022-11-19,1044862,2082398
USDT,2022-11-20,927558,1953036
USDT,2022-11-21,1036454,2118855
USDT,2022-11-22,977189,2035518
USDT,2022-11-23,979253,1901135
USDT,2022-11-24,1070760,1892672
USDT,2022-11-25,1037254,1714284
USDT,2022-11-26,995017,1298063
USDT,2022-11-27,931746,1201668
USDT,2022-11-28,1133528,1488466
USDT,2022-11-29,1339780,1675629
USDT,2022-11-30,1152047,1461036
USDT,2022-12-01,1232564,1497029
USDT,2022-12-02,1189559,1442486
USDT,2022-12-03,1106250,1216547
USDT,2022-12-04,1107506,1102005
USDT,2022-12-05,1398344,1553915
USDT,2022-12-06,1222247,1406466
USDT,2022-12-07,1133954,1315568
USDT,2022-12-08,1399600,1754391
USDT,2022-12-09,1324768,1741247
USDT,2022-12-10,3048220,3477466
USDT,2022-12-11,1066027,1356740
USDT,2022-12-12,1435141,1941459
USDT,2022-12-13,1228401,1741563
USDT,2022-12-14,1424622,1953444
USDT,2022-12-15,1098621,1586983
USDT,2022-12-16,1147470,1600866
USDT,2022-12-17,1063090,1455920
USDT,2022-12-18,944450,1130209
USDT,2022-12-19,1172099,1616517
USDT,2022-12-20,1124288,1600151
USDT,2022-12-21,1100873,1531646
USDT,2022-12-22,1063052,1499233
USDT,2022-12-23,1018003,1476806
USDT,2022-12-24,841765,1191535
USDT,2022-12-25,784697,1077160
USDT,2022-12-26,986323,1393916
USDT,2022-12-27,1072377,1413579
USDT,2022-12-28,1039305,1424940
USDT,2022-12-29,1046020,1400579
USDT,2022-12-30,1014047,1421214
USDT,2022-12-31,908726,1243677
USDT,2023-01-01,788848,1081925
USDT,2023-01-02,908658,1384234
USDT,2023-01-03,975953,1486956
USDT,2023-01-04,1058749,1613345
USDT,2023-01-05,1064873,1619439
USDT,2023-01-06,1065237,1691568
USDT,2023-01-07,927908,1469071
USDT,2023-01-08,926562,1517827
USDT,2023-01-09,1203817,2070171
USDT,2023-01-10,1117878,1875352
USDT,2023-01-11,1044612,1774051
USDT,2023-01-12,1101129,1934795
USDT,2023-01-13,1090852,1994534
USDT,2023-01-14,955097,1839335
USDT,2023-01-15,913370,1899939
USDT,2023-01-16,1159901,2384986
USDT,2023-01-17,1086956,2181068
USDT,2023-01-18,947737,2043519
USDT,2023-01-19,967779,1927398
USDT,2023-01-20,941193,1714735
USDT,2023-01-21,803954,1346470
USDT,2023-01-22,765756,1218659
USDT,2023-01-23,920065,1521731
USDT,2023-01-24,879053,1501865
USDT,2023-01-25,937700,1553845
USDT,2023-01-26,858434,1591224
USDT,2023-01-27,886140,1637957
USDT,2023-01-28,810599,1474539
USDT,2023-01-29,834150,1619455
USDT,2023-01-30,965653,1985976
USDT,2023-01-31,970422,2050518
USDT,2023-02-01,994824,2004978
USDT,2023-02-02,1076131,2190141
USDT,2023-02-03,1010126,2025063
USDT,2023-02-04,946543,1852181
USDT,2023-02-05,865463,1652539
USDT,2023-02-06,880878,1762278
USDT,2023-02-07,899095,1749692
USDT,2023-02-08,973673,1863573
USDT,2023-02-09,972592,1795426
USDT,2023-02-10,938914,1677092
USDT,2023-02-11,809795,1563446
USDT,2023-02-12,705171,1352165
USDT,2023-02-13,888155,1760480
USDT,2023-02-14,896337,1731907
USDT,2023-02-15,877056,1748501
USDT,2023-02-16,889803,1805726
USDT,2023-02-17,871548,1794034
USDT,2023-02-18,753196,1572791
USDT,2023-02-19,710354,1506860
USDT,2023-02-20,889487,1892896
USDT,2023-02-21,869667,1848963
USDT,2023-02-22,876292,1789515
USDT,2023-02-23,874052,1801145
USDT,2023-02-24,844095,1747732
USDT,2023-02-25,745102,1509843
USDT,2023-02-26,704457,1452570
USDT,2023-02-27,870214,1807774
USDT,2023-02-28,885681,1802686
USDT,2023-03-01,931758,1834877
USDT,2023-03-02,897815,1730519
USDT,2023-03-03,868591,1733305
USDT,2023-03-04,751833,1482681
USDT,2023-03-05,711696,1397848
USDT,2023-03-06,845933,1751638
USDT,2023-03-07,889942,1786435
USDT,2023-03-08,869836,1742764
USDT,2023-03-09,918416,1825665
USDT,2023-03-10,953663,1926564
USDT,2023-03-11,825668,1708640
USDT,2023-03-12,732051,1451216
USDT,2023-03-13,963097,1955310
USDT,2023-03-14,958364,1885038
USDT,2023-03-15,948542,1831740
USDT,2023-03-16,950568,1787217
USDT,2023-03-17,952560,1863019
USDT,2023-03-18,803842,1605097
USDT,2023-03-19,743718,1490072
USDT,2023-03-20,984330,1957233
USDT,2023-03-21,920369,1842349
USDT,2023-03-22,936741,1866299
USDT,2023-03-23,979067,1925651
USDT,2023-03-24,917977,1834139
USDT,2023-03-25,787185,1593389
USDT,2023-03-26,745569,1511728
USDT,2023-03-27,977270,2003632
USDT,2023-03-28,1037267,2034314
USDT,2023-03-29,1079544,2010806
USDT,2023-03-30,966934,1950786
USDT,2023-03-31,988148,1972739
USDT,2023-04-01,828029,1671363
USDT,2023-04-02,815715,1652491
USDT,2023-04-03,1032955,2121164
USDT,2023-04-04,1051606,2068885
USDT,2023-04-05,1012882,2005075
USDT,2023-04-06,1007757,2010978
USDT,2023-04-07,981477,1930241
USDT,2023-04-08,961810,1765326
USDT,2023-04-09,842986,1643809
USDT,2023-04-10,1092739,2170909
USDT,2023-04-11,1099760,2130577
USDT,2023-04-12,1089312,2076346
USDT,2023-04-13,1096539,2052868
USDT,2023-04-14,1115323,2046290
USDT,2023-04-15,896147,1656183
USDT,2023-04-16,792880,1508289
USDT,2023-04-17,1123448,2219567
USDT,2023-04-18,1107811,2062922
USDT,2023-04-19,1117678,2184508
USDT,2023-04-20,1058745,2079084
USDT,2023-04-21,1009597,1953676
USDT,2023-04-22,766702,1515697
USDT,2023-04-23,735548,1464462
USDT,2023-04-24,973227,1980848
USDT,2023-04-25,1074997,2133445
USDT,2023-04-26,1107244,2132722
USDT,2023-04-27,1084680,2058794
USDT,2023-04-28,1115462,2098689
USDT,2023-04-29,911834,1739057
USDT,2023-04-30,903262,1652047
USDT,2023-05-01,1119335,2070082
USDT,2023-05-02,1142538,2119398
USDT,2023-05-03,1154174,2149221
USDT,2023-05-04,1144830,2121538
USDT,2023-05-05,1177006,2234292
USDT,2023-05-06,934512,1856169
USDT,2023-05-07,849969,1719541
USDT,2023-05-08,1061104,2158923
USDT,2023-05-09,1031612,2031968
USDT,2023-05-10,1060996,2080018
USDT,2023-05-11,1060899,2076839
USDT,2023-05-12,1077556,2088405
USDT,2023-05-13,909883,1760666
USDT,2023-05-14,875737,1714468
USDT,2023-05-15,1134065,2193784
USDT,2023-05-16,1135780,2185307
USDT,2023-05-17,1105165,2132253
USDT,2023-05-18,1061223,2075418
USDT,2023-05-19,1060723,2031854
USDT,2023-05-20,909057,1743133
USDT,2023-05-21,819221,1558050
USDT,2023-05-22,939324,1814783
USDT,2023-05-23,917900,1815514
USDT,2023-05-24,927649,1909219
USDT,2023-05-25,905508,1819963
USDT,2023-05-26,871514,1799563
USDT,2023-05-27,846513,1663406
USDT,2023-05-28,794460,1569948
USDT,2023-05-29,1000409,2031814
USDT,2023-05-30,1010754,2076466
USDT,2023-05-31,1047537,2132066
USDT,2023-06-01,999072,2109625
USDT,2023-06-02,991586,2121454
USDT,2023-06-03,849449,1873868
USDT,2023-06-04,769443,1467830
USDT,2023-06-05,1070804,1911794
USDT,2023-06-06,1074104,1884607
USDT,2023-06-07,1056819,2082474
USDT,2023-06-08,1160957,2000220
USDT,2023-06-09,1083602,1856869
USDT,2023-06-10,1174956,1929393
USDT,2023-06-11,1056325,1630098
USDT,2023-06-12,1176483,1945516
USDT,2023-06-13,1177654,1949437
USDT,2023-06-14,1079572,1853550
USDT,2023-06-15,1239891,2077650
USDT,2023-06-16,996389,1818840
USDT,2023-06-17,763842,1443382
USDT,2023-06-18,687291,1327103
USDT,2023-06-19,849323,1668742
USDT,2023-06-20,873691,1816251
USDT,2023-06-21,873541,1801528
USDT,2023-06-22,796730,1570315
USDT,2023-06-23,818419,1588292
USDT,2023-06-24,737121,1335554
USDT,2023-06-25,690870,1324867
USDT,2023-06-26,875414,1694064
USDT,2023-06-27,863885,1653758
USDT,2023-06-28,862653,1657543
USDT,2023-06-29,845605,1608150
USDT,2023-06-30,934636,1803566
USDT,2023-07-01,753844,1404659
USDT,2023-07-02,704834,1326566
USDT,2023-07-03,919437,1784183
USDT,2023-07-04,904093,1732502
USDT,2023-07-05,905652,1724123
USDT,2023-07-06,901952,1703246
USDT,2023-07-07,912552,1713426
USDT,2023-07-08,759726,1402432
USDT,2023-07-09,718625,1368717
USDT,2023-07-10,957212,1836245
USDT,2023-07-11,901324,1738273
USDT,2023-07-12,891624,1711404
USDT,2023-07-13,899497,1734842
USDT,2023-07-14,952633,1863547
USDT,2023-07-15,868709,1613062
USDT,2023-07-16,904590,1598071
USDT,2023-07-17,931092,1867321
USDT,2023-07-18,952387,1918515
USDT,2023-07-19,899023,1821349
USDT,2023-07-20,894338,1824043
USDT,2023-07-21,943299,1875194
USDT,2023-07-22,724840,1480755
USDT,2023-07-23,668319,1356014
USDT,2023-07-24,958639,1866419
USDT,2023-07-25,940872,1861757
USDT,2023-07-26,951521,1873095
USDT,2023-07-27,889842,1803089
USDT,2023-07-28,862254,1751142
USDT,2023-07-29,729259,1467072
USDT,2023-07-30,720664,1445754
USDT,2023-07-31,999169,2027368
USDT,2023-08-01,1039177,2055387
USDT,2023-08-02,1010087,2004684
USDT,2023-08-03,982402,1949860
USDT,2023-08-04,992290,1945968
USDT,2023-08-05,751001,1504187
USDT,2023-08-06,707979,1468512
USDT,2023-08-07,1092024,2110604
USDT,2023-08-08,1035937,2013624
USDT,2023-08-09,941091,1937486
USDT,2023-08-10,952496,1931270
USDT,2023-08-11,878560,1782095
USDT,2023-08-12,742271,1513875
USDT,2023-08-13,694976,1441280
USDT,2023-08-14,914516,1932612
USDT,2023-08-15,923932,1940639
USDT,2023-08-16,898199,1918378
USDT,2023-08-17,913322,1935610
USDT,2023-08-18,907096,1923477
USDT,2023-08-19,745596,1578342
USDT,2023-08-20,710761,1442851
USDT,2023-08-21,884584,1838169
USDT,2023-08-22,859188,1832600
USDT,2023-08-23,857561,1855068
USDT,2023-08-24,838441,1832528
USDT,2023-08-25,847983,1873804
USDT,2023-08-26,722527,1533417
USDT,2023-08-27,712830,1491421
USDT,2023-08-28,880222,1928238
USDT,2023-08-29,913791,2071789
USDT,2023-08-30,914114,2008542
USDT,2023-08-31,910588,2067848
USDT,2023-09-01,932654,2071818
USDT,2023-09-02,786938,1756650
USDT,2023-09-03,740837,1656270
USDT,2023-09-04,904949,1992312
USDT,2023-09-05,944053,2098573
USDT,2023-09-06,890045,2037459
USDT,2023-09-07,890162,2044308
USDT,2023-09-08,886785,2025826
USDT,2023-09-09,749211,1769094
USDT,2023-09-10,722420,1640165
USDT,2023-09-11,915255,2097133
USDT,2023-09-12,882465,2006815
USDT,2023-09-13,867950,2036619
USDT,2023-09-14,881166,2127178
USDT,2023-09-15,915413,2087742
USDT,2023-09-16,786781,1728368
USDT,2023-09-17,771778,1680881
USDT,2023-09-18,986810,2107259
USDT,2023-09-19,1034802,2094592
USDT,2023-09-20,1002883,2077278
USDT,2023-09-21,1037138,2141162
USDT,2023-09-22,976384,1988111
USDT,2023-09-23,828066,1725923
USDT,2023-09-24,797769,1720654
USDT,2023-09-25,1001775,2172465
USDT,2023-09-26,1022370,2201355
USDT,2023-09-27,999174,2101688
USDT,2023-09-28,1131744,2272854
USDT,2023-09-29,922107,1986197
USDT,2023-09-30,879325,1929229
USDT,2023-10-01,833442,1838301
USDT,2023-10-02,990110,2090093
USDT,2023-10-03,954740,2000904
USDT,2023-10-04,971145,1990110
USDT,2023-10-05,970026,2001450
USDT,2023-10-06,1025970,2043903
USDT,2023-10-07,905452,1839076
USDT,2023-10-08,845132,1730116
USDT,2023-10-09,1010463,2111579
USDT,2023-10-10,987206,2057906
USDT,2023-10-11,975773,2043918
USDT,2023-10-12,963046,2034619
USDT,2023-10-13,975011,2066236
USDT,2023-10-14,830985,1762727
USDT,2023-10-15,811886,1766503
USDT,2023-10-16,1006938,2187793
USDT,2023-10-17,980678,2116375
USDT,2023-10-18,956877,2022341
USDT,2023-10-19,971484,2005658
USDT,2023-10-20,1009798,2086454
USDT,2023-10-21,858262,1820504
USDT,2023-10-22,848456,1741915
USDT,2023-10-23,1004378,2142136
USDT,2023-10-24,1068102,2209944
USDT,2023-10-25,1100503,2157025
USDT,2023-10-26,1020935,2099485
USDT,2023-10-27,1057173,2079938
USDT,2023-10-28,939481,1851156
USDT,2023-10-29,953511,1809007
USDT,2023-10-30,1102954,2227074
USDT,2023-10-31,1153452,2329212
USDT,2023-11-01,1192391,2360832
USDT,2023-11-02,1099238,2223128
USDT,2023-11-03,1164394,2267238
USDT,2023-11-04,924501,1883987
USDT,2023-11-05,923249,1768123
USDT,2023-11-06,964249,1942391
USDT,2023-11-07,981964,1986988
USDT,2023-11-08,965847,1928249
USDT,2023-11-09,1008917,2038519
USDT,2023-11-10,997839,2020934
USDT,2023-11-11,909227,1756826
USDT,2023-11-12,824387,1596716
USDT,2023-11-13,1029586,1958388
USDT,2023-11-14,1017795,1935944
USDT,2023-11-15,1042896,2050075
USDT,2023-11-16,1002899,1999414
USDT,2023-11-17,986154,1936548
USDT,2023-11-18,858184,1645638
USDT,2023-11-19,888007,1640653
USDT,2023-11-20,1133343,2150362
USDT,2023-11-21,1127640,2177082
USDT,2023-11-22,1078302,2038242
USDT,2023-11-23,971119,1847038
USDT,2023-11-24,948579,1824263
USDT,2023-11-25,824214,1603001
USDT,2023-11-26,776764,1518643
USDT,2023-11-27,973406,1908905
USDT,2023-11-28,955757,1893604
USDT,2023-11-29,992703,1887934
USDT,2023-11-30,989742,1928029
USDT,2023-12-01,1014461,1983949
USDT,2023-12-02,847620,1652068
USDT,2023-12-03,816328,1592500
USDT,2023-12-04,1041870,2086019
USDT,2023-12-05,1030803,2061385
USDT,2023-12-06,1002251,2006810
USDT,2023-12-07,1038122,1997784
USDT,2023-12-08,1017160,1986479
USDT,2023-12-09,882043,1714148
USDT,2023-12-10,829726,1604436
USDT,2023-12-11,1030345,2026446
USDT,2023-12-12,996454,1947036
USDT,2023-12-13,981461,1911121
USDT,2023-12-14,1002469,1963631
USDT,2023-12-15,1025498,2020743
USDT,2023-12-16,845728,1668121
USDT,2023-12-17,806789,1575095
USDT,2023-12-18,1108028,2033832
USDT,2023-12-19,1018395,1948849
USDT,2023-12-20,1030369,1970219
USDT,2023-12-21,959499,1870258
USDT,2023-12-22,964726,1877666
USDT,2023-12-23,862801,1651034
USDT,2023-12-24,818524,1570852
USDT,2023-12-25,900203,1753652
USDT,2023-12-26,947450,1847459
USDT,2023-12-27,958383,1882122
USDT,2023-12-28,997220,1923189
USDT,2023-12-29,1006254,1917677
USDT,2023-12-30,816473,1587020
USDT,2023-12-31,755605,1444931
USDT,2024-01-01,763762,1458114
USDT,2024-01-02,922049,1786824
USDT,2024-01-03,987546,1914090
USDT,2024-01-04,937578,1815805
USDT,2024-01-05,932499,1799982
USDT,2024-01-06,811904,1574316
USDT,2024-01-07,762545,1481557
USDT,2024-01-08,975474,1916609
USDT,2024-01-09,979553,1908814
USDT,2024-01-10,1005331,1967418
USDT,2024-01-11,1032889,2012187
USDT,2024-01-12,980174,1928979
USDT,2024-01-13,820212,1615290
USDT,2024-01-14,775221,1523492
USDT,2024-01-15,986907,1981837
USDT,2024-01-16,950294,1893587
USDT,2024-01-17,941340,1855830
USDT,2024-01-18,959252,1863304
USDT,2024-01-19,992926,1895051
USDT,2024-01-20,845065,1605279
USDT,2024-01-21,811373,1529514
USDT,2024-01-22,992309,1909531
USDT,2024-01-23,970440,1890717
USDT,2024-01-24,932127,1822718
USDT,2024-01-25,917221,1801489
USDT,2024-01-26,912402,1796073
USDT,2024-01-27,820823,1575916
USDT,2024-01-28,781024,1485001
USDT,2024-01-29,931973,1865670
USDT,2024-01-30,948014,1874617
USDT,2024-01-31,986818,1969324
USDT,2024-02-01,995024,1900070
USDT,2024-02-02,960694,1837085
USDT,2024-02-03,833623,1579096
USDT,2024-02-04,779782,1492902
USDT,2024-02-05,975112,1886326
USDT,2024-02-06,937083,1798613
USDT,2024-02-07,911442,1754484
USDT,2024-02-08,884993,1705133
USDT,2024-02-09,868346,1602272
USDT,2024-02-10,710596,1313598
USDT,2024-02-11,686408,1264480
USDT,2024-02-12,841914,1607253
USDT,2024-02-13,874896,1671811
USDT,2024-02-14,894819,1731059
USDT,2024-02-15,928896,1822408
USDT,2024-02-16,916243,1813051
USDT,2024-02-17,816267,1610154
USDT,2024-02-18,809743,1595122
USDT,2024-02-19,982703,1985374
USDT,2024-02-20,993664,2038343
USDT,2024-02-21,972059,1886729
USDT,2024-02-22,968169,1887694
USDT,2024-02-23,931274,1811244
USDT,2024-02-24,823911,1575525
USDT,2024-02-25,819819,1575989
USDT,2024-02-26,1020278,1989734
USDT,2024-02-27,1077945,2050064
USDT,2024-02-28,1148624,2210918
USDT,2024-02-29,1156468,2232861
USDT,2024-03-01,1140853,2216350
USDT,2024-03-02,1031834,1968737
USDT,2024-03-03,969195,1822223
USDT,2024-03-04,1162767,2252180
USDT,2024-03-05,1270273,2438726
USDT,2024-03-06,1143142,2237370
USDT,2024-03-07,1116783,2197250
USDT,2024-03-08,1092720,2131525
USDT,2024-03-09,996612,1913438
USDT,2024-03-10,952466,1837307
USDT,2024-03-11,1143812,2247824
USDT,2024-03-12,1114515,2192532
USDT,2024-03-13,1113213,2178317
USDT,2024-03-14,1111960,2189531
USDT,2024-03-15,1157164,2272330
USDT,2024-03-16,1007194,1967507
USDT,2024-03-17,966238,1858399
USDT,2024-03-18,1106987,2186796
USDT,2024-03-19,1135450,2278479
USDT,2024-03-20,1114249,2213275
USDT,2024-03-21,1082185,2146522
USDT,2024-03-22,1059065,2157811
USDT,2024-03-23,924385,1860049
USDT,2024-03-24,882600,1776423
USDT,2024-03-25,1086691,2259336
USDT,2024-03-26,1129990,2238857
USDT,2024-03-27,1095899,2165475
USDT,2024-03-28,1064688,2102769
USDT,2024-03-29,1013991,1979595
USDT,2024-03-30,906883,1767190
USDT,2024-03-31,906920,1744428
USDT,2024-04-01,1109009,2178865
USDT,2024-04-02,1117963,2263594
USDT,2024-04-03,1101142,2167751
USDT,2024-04-04,1060013,2079790
USDT,2024-04-05,1068711,2110558
USDT,2024-04-06,902127,1790852
USDT,2024-04-07,888218,1758295
USDT,2024-04-08,1084694,2187897
USDT,2024-04-09,1077282,2190516
USDT,2024-04-10,1049360,2125619
USDT,2024-04-11,1035817,2094266
USDT,2024-04-12,1099460,2254191
USDT,2024-04-13,997666,2020774
USDT,2024-04-14,924526,1828776
USDT,2024-04-15,1095603,2249936
USDT,2024-04-16,1091142,2208885
USDT,2024-04-17,1063932,2150651
USDT,2024-04-18,1037377,2102258
USDT,2024-04-19,1049859,2131873
USDT,2024-04-20,919285,1818106
USDT,2024-04-21,860588,1692390
USDT,2024-04-22,1032698,2098731
USDT,2024-04-23,1050404,2124823
USDT,2024-04-24,1026446,2151766
USDT,2024-04-25,1001362,2093925
USDT,2024-04-26,972757,2024246
USDT,2024-04-27,859890,1787640
USDT,2024-04-28,838350,1708622
USDT,2024-04-29,1014282,2106136
USDT,2024-04-30,1061032,2206282
USDT,2024-05-01,1031949,2084471
USDT,2024-05-02,1013080,2066456
USDT,2024-05-03,999049,2063622
USDT,2024-05-04,880434,1780224
USDT,2024-05-05,848262,1696167
USDT,2024-05-06,1034716,2152106
USDT,2024-05-07,1037295,2167157
USDT,2024-05-08,1034600,2143813
USDT,2024-05-09,1002199,2059175
USDT,2024-05-10,1304875,2390362
USDT,2024-05-11,982844,1868525
USDT,2024-05-12,907988,1724421
USDT,2024-05-13,1108022,2159584
USDT,2024-05-14,1132597,2206073
USDT,2024-05-15,1188674,2383245
USDT,2024-05-16,1214469,2401042
USDT,2024-05-17,1225692,2386357
USDT,2024-05-18,1064112,2036298
USDT,2024-05-19,997752,1902765
USDT,2024-05-20,1190628,2371878
USDT,2024-05-21,1227955,2485627
USDT,2024-05-22,1147148,2311649
USDT,2024-05-23,1107113,2294026
USDT,2024-05-24,1086302,2252222
USDT,2024-05-25,932573,1940947
USDT,2024-05-26,883848,1839291
USDT,2024-05-27,1059451,2259672
USDT,2024-05-28,1071369,2242731
USDT,2024-05-29,1051719,2328192
USDT,2024-05-30,1078083,2314278
USDT,2024-05-31,1140910,2423419
USDT,2024-06-01,1042256,2177859
USDT,2024-06-02,932517,2007114
USDT,2024-06-03,1143723,2494649
USDT,2024-06-04,1106381,2313824
USDT,2024-06-05,1123840,2371349
USDT,2024-06-06,1097082,2352987
USDT,2024-06-07,1149688,2543208
USDT,2024-06-08,947572,2179837
USDT,2024-06-09,890258,1987930
USDT,2024-06-10,1104126,2310987
USDT,2024-06-11,1224072,2558858
USDT,2024-06-12,1160155,2434601
USDT,2024-06-13,1111989,2332282
USDT,2024-06-14,1146830,2422919
USDT,2024-06-15,1011551,2146631
USDT,2024-06-16,944210,1980965
USDT,2024-06-17,1154211,2447448
USDT,2024-06-18,1198655,2464099
USDT,2024-06-19,1086285,2249021
USDT,2024-06-20,1114823,2348516
USDT,2024-06-21,1085050,2287745
USDT,2024-06-22,921406,1920697
USDT,2024-06-23,872515,1805531
USDT,2024-06-24,1156972,2395722
USDT,2024-06-25,1137606,2382388
USDT,2024-06-26,1112916,2335978
USDT,2024-06-27,1070516,2265295
USDT,2024-06-28,1073331,2279818
USDT,2024-06-29,926836,1952998
USDT,2024-06-30,968847,1961924
USDT,2024-07-01,1224693,2507311
USDT,2024-07-02,1101625,2343604
USDT,2024-07-03,1122526,2358795
USDT,2024-07-04,1126420,2372122
USDT,2024-07-05,1191353,2540741
USDT,2024-07-06,927612,1973563
USDT,2024-07-07,889067,1846534
USDT,2024-07-08,1111278,2381884
USDT,2024-07-09,1067689,2259305
USDT,2024-07-10,1105388,2363378
USDT,2024-07-11,1094760,2314238
USDT,2024-07-12,1091620,2281964
USDT,2024-07-13,946751,2023103
USDT,2024-07-14,952519,1996280
USDT,2024-07-15,1153168,2440369
USDT,2024-07-16,1113538,2366841
USDT,2024-07-17,1085662,2353384
USDT,2024-07-18,1058324,2276421
USDT,2024-07-19,1065050,2313273
USDT,2024-07-20,926685,1978737
USDT,2024-07-21,895052,1900660
USDT,2024-07-22,1099825,2355115
USDT,2024-07-23,1060562,2229909
USDT,2024-07-24,1024947,2153392
USDT,2024-07-25,1070586,2281351
USDT,2024-07-26,1031750,2179119
USDT,2024-07-27,883216,1844930
USDT,2024-07-28,844197,1753772
USDT,2024-07-29,1099762,2341651
USDT,2024-07-30,1066074,2247943
USDT,2024-07-31,1116048,2365792
USDT,2024-08-01,1150432,2409536
USDT,2024-08-02,1126740,2348905
USDT,2024-08-03,958198,2014484
USDT,2024-08-04,951963,1934385
USDT,2024-08-05,1312587,2755468
USDT,2024-08-06,1140316,2368928
USDT,2024-08-07,1081259,2239128
USDT,2024-08-08,1092107,2271334
USDT,2024-08-09,1078808,2230660
USDT,2024-08-10,921219,1905253
USDT,2024-08-11,890943,1842706
USDT,2024-08-12,1104695,2360462
USDT,2024-08-13,1122052,2422405
USDT,2024-08-14,1096561,2281136
USDT,2024-08-15,1107852,2350469
USDT,2024-08-16,1061477,2226240
USDT,2024-08-17,921499,1908779
USDT,2024-08-18,909367,1851225
USDT,2024-08-19,1074412,2233596
USDT,2024-08-20,1094799,2271994
USDT,2024-08-21,1057801,2171298
USDT,2024-08-22,1032630,2098020
USDT,2024-08-23,1046654,2125926
USDT,2024-08-24,913348,1843301
USDT,2024-08-25,879892,1771285
USDT,2024-08-26,1184417,2358855
USDT,2024-08-27,1187872,2387772
USDT,2024-08-28,1140678,2294822
USDT,2024-08-29,1083784,2191634
USDT,2024-08-30,1090417,2212442
USDT,2024-08-31,950586,1914991
USDT,2024-09-01,926778,1877867
USDT,2024-09-02,1131322,2288484
USDT,2024-09-03,1151608,2323393
USDT,2024-09-04,1128335,2300870
USDT,2024-09-05,1133987,2321363
USDT,2024-09-06,1178137,2399478
USDT,2024-09-07,1004246,2009942
USDT,2024-09-08,980050,1947267
USDT,2024-09-09,1167247,2379797
USDT,2024-09-10,1146865,2350928
USDT,2024-09-11,1138927,2305920
USDT,2024-09-12,1159244,2351976
USDT,2024-09-13,1193020,2427109
USDT,2024-09-14,1062012,2120402
USDT,2024-09-15,1096435,2197688
USDT,2024-09-16,1184874,2452472
USDT,2024-09-17,1124394,2407987
USDT,2024-09-18,1183935,2539100
USDT,2024-09-19,1226508,2659636
USDT,2024-09-20,1209894,2523152
USDT,2024-09-21,992189,2073216
USDT,2024-09-22,950072,1948778
USDT,2024-09-23,1221253,2567426
USDT,2024-09-24,1217484,2570318
USDT,2024-09-25,1178507,2446889
USDT,2024-09-26,1221077,2535933
USDT,2024-09-27,1191988,2456620
USDT,2024-09-28,1005332,2060818
USDT,2024-09-29,982060,2012814
USDT,2024-09-30,1242776,2609304
USDT,2024-10-01,1215809,2549076
USDT,2024-10-02,1157034,2406118
USDT,2024-10-03,1141471,2375522
USDT,2024-10-04,1143897,2388863
USDT,2024-10-05,975134,2061115
USDT,2024-10-06,934988,1957307
USDT,2024-10-07,1170873,2493177
USDT,2024-10-08,1180639,2492952
USDT,2024-10-09,1147989,2427758
USDT,2024-10-10,1180357,2496757
USDT,2024-10-11,1127957,2372406
USDT,2024-10-12,952787,1994282
USDT,2024-10-13,912425,1890892
USDT,2024-10-14,1192203,2525284
USDT,2024-10-15,1240502,2651362
USDT,2024-10-16,1212697,2559971
USDT,2024-10-17,1135200,2412189
USDT,2024-10-18,1134158,2413994
USDT,2024-10-19,979156,2040641
USDT,2024-10-20,952048,1957918
USDT,2024-10-21,1161994,2440346
USDT,2024-10-22,1127974,2337879
USDT,2024-10-23,1147834,2412889
USDT,2024-10-24,1198957,3389633
USDT,2024-10-25,1230001,3170026
USDT,2024-10-26,1044182,2925823
USDT,2024-10-27,942917,1978309
USDT,2024-10-28,1189542,2480219
USDT,2024-10-29,1220104,2540931
USDT,2024-10-30,1161536,2465702
USDT,2024-10-31,1185942,2538729
USDT,2024-11-01,1231671,2577979
USDT,2024-11-02,1011535,2126167
USDT,2024-11-03,958711,2009988
USDT,2024-11-04,1197456,2523412
USDT,2024-11-05,1251391,2585138
USDT,2024-11-06,1280163,2690069
USDT,2024-11-07,1232508,2616215
USDT,2024-11-08,1241920,2567811
USDT,2024-11-09,1032818,2149144
USDT,2024-11-10,1053979,2202572
USDT,2024-11-11,1344596,2794679
USDT,2024-11-12,1352578,2814095
USDT,2024-11-13,1271946,2659343
USDT,2024-11-14,1263521,2641885
USDT,2024-11-15,1324641,2712725
USDT,2024-11-16,1084925,2243577
USDT,2024-11-17,992723,2035326
USDT,2024-11-18,1284367,2646788
USDT,2024-11-19,1267075,2637817
USDT,2024-11-20,1235099,2564763
USDT,2024-11-21,1255200,2584576
USDT,2024-11-22,1283320,2595298
USDT,2024-11-23,1086499,2245376
USDT,2024-11-24,1005560,2057412
USDT,2024-11-25,1314017,2690805
USDT,2024-11-26,1327187,2691073
USDT,2024-11-27,1251712,2537041
USDT,2024-11-28,1230297,2485895
USDT,2024-11-29,1358234,2667709
USDT,2024-11-30,1145702,2351276
USDT,2024-12-01,1090494,2224596
USDT,2024-12-02,1394409,2875388
USDT,2024-12-03,1373489,2861595
USDT,2024-12-04,1265491,2628617
USDT,2024-12-05,1283790,2663034
USDT,2024-12-06,1234347,2536832
USDT,2024-12-07,1011799,2072132
USDT,2024-12-08,979584,1955945
USDT,2024-12-09,1260679,2582638
USDT,2024-12-10,1303056,2668209
USDT,2024-12-11,1181387,2440574
USDT,2024-12-12,1149240,2397161
USDT,2024-12-13,1128599,2328118
USDT,2024-12-14,961193,1987641
USDT,2024-12-15,949847,1952517
USDT,2024-12-16,1220079,2545377
USDT,2024-12-17,1186338,2455952
USDT,2024-12-18,1164017,2437226
USDT,2024-12-19,1190124,2505247
USDT,2024-12-20,1231368,2561535
USDT,2024-12-21,990046,2066840
USDT,2024-12-22,910354,1908200
USDT,2024-12-23,1130472,2341650
USDT,2024-12-24,1085188,2223263
USDT,2024-12-25,974975,2009142
USDT,2024-12-26,1021364,2124348
USDT,2024-12-27,1060112,2197055
USDT,2024-12-28,930994,1887993
USDT,2024-12-29,890728,1796230
USDT,2024-12-30,1097327,2255293
USDT,2024-12-31,1020156,2062051
USDT,2025-01-01,834641,1709560
USDT,2025-01-02,1006163,2098167
USDT,2025-01-03,1053383,2159723
USDT,2025-01-04,902358,1880487
USDT,2025-01-05,876751,1813303
USDT,2025-01-06,1120175,2311650
USDT,2025-01-07,1092008,2283768
USDT,2025-01-08,1087134,2290915
USDT,2025-01-09,1076601,2251666
USDT,2025-01-10,1113180,2313442
USDT,2025-01-11,916126,1891118
USDT,2025-01-12,875677,1800747
USDT,2025-01-13,1128725,2388126
USDT,2025-01-14,1082201,2251274
USDT,2025-01-15,1174327,2430411
USDT,2025-01-16,1142658,2387909
USDT,2025-01-17,1109720,2305178
USDT,2025-01-18,1014151,2153955
USDT,2025-01-19,1124320,2286577
USDT,2025-01-20,1324748,2746172
USDT,2025-01-21,1161858,2416491
USDT,2025-01-22,1119354,2331677
USDT,2025-01-23,1095745,2282415
USDT,2025-01-24,1064868,2240214
USDT,2025-01-25,909034,1891653
USDT,2025-01-26,856345,1757525
USDT,2025-01-27,1091794,2299549
USDT,2025-01-28,949561,1883050
USDT,2025-01-29,876771,1756383
USDT,2025-01-30,910624,1818116
USDT,2025-01-31,973276,1972069
USDT,2025-02-01,857963,1800034
USDT,2025-02-02,886438,1872018
USDT,2025-02-03,1193913,2478903
USDT,2025-02-04,1064195,2254340
USDT,2025-02-05,1061090,2242358
USDT,2025-02-06,1044423,2218729
USDT,2025-02-07,1048456,2241809
USDT,2025-02-08,890194,1883463
USDT,2025-02-09,869555,1818557
USDT,2025-02-10,1141996,2387837
USDT,2025-02-11,1101951,2332939
USDT,2025-02-12,1075344,2256548
USDT,2025-02-13,1058410,2232733
USDT,2025-02-14,1075228,2275657
USDT,2025-02-15,934604,1974772
USDT,2025-02-16,887447,1850084
USDT,2025-02-17,1103243,2311148
USDT,2025-02-18,1108385,2334246
USDT,2025-02-19,1076454,2254974
USDT,2025-02-20,1162800,2429267
USDT,2025-02-21,1126530,2387251
USDT,2025-02-22,961244,2021507
USDT,2025-02-23,884706,1851012
USDT,2025-02-24,1172382,2458175
USDT,2025-02-25,1259207,2636547
USDT,2025-02-26,1175451,2443911
USDT,2025-02-27,1175594,2435834
USDT,2025-02-28,1280603,2684064
USDT,2025-03-01,1061525,2166877
USDT,2025-03-02,1005798,2096799
USDT,2025-03-03,1252414,2640183
USDT,2025-03-04,1245179,2638672
USDT,2025-03-05,1210857,2540133
USDT,2025-03-06,1194566,2508504
USDT,2025-03-07,1210349,2551736
USDT,2025-03-08,1005629,2096712
USDT,2025-03-09,970519,2033075
USDT,2025-03-10,1268784,2687590
USDT,2025-03-11,1263861,2631186
USDT,2025-03-12,1163064,2453932
USDT,2025-03-13,1149034,2414157
USDT,2025-03-14,1153333,2395305
USDT,2025-03-15,1009140,2089872
USDT,2025-03-16,976773,2015192
USDT,2025-03-17,1213650,2508796
USDT,2025-03-18,1214218,2518074
USDT,2025-03-19,1175450,2451257
USDT,2025-03-20,1181026,2457656
USDT,2025-03-21,1160315,2416300
USDT,2025-03-22,990064,2036121
USDT,2025-03-23,947003,1941380
USDT,2025-03-24,1205675,2495517
USDT,2025-03-25,1210852,2538528
USDT,2025-03-26,1191335,2477734
USDT,2025-03-27,1246305,2531745
USDT,2025-03-28,1228156,2543491
USDT,2025-03-29,1046239,2161124
USDT,2025-03-30,977104,1988430
USDT,2025-03-31,1252001,2572481
USDT,2025-04-01,1267899,2624759
USDT,2025-04-02,1235366,2601372
USDT,2025-04-03,1309413,2581060
USDT,2025-04-04,1189198,2480722
USDT,2025-04-05,1017732,2107770
USDT,2025-04-06,1053498,2136792
USDT,2025-04-07,1365535,2862108
USDT,2025-04-08,1288625,2670933
USDT,2025-04-09,1295301,2707698
USDT,2025-04-10,1281959,2701549
USDT,2025-04-11,1212233,2593956
USDT,2025-04-12,1009660,2136277
USDT,2025-04-13,971808,2021641
USDT,2025-04-14,1197335,2528467
USDT,2025-04-15,1285639,2687840
USDT,2025-04-16,1232819,2642220
USDT,2025-04-17,1199287,2486468
USDT,2025-04-18,1113062,2292867
USDT,2025-04-19,1028381,2039109
USDT,2025-04-20,959356,1976957
USDT,2025-04-21,1176527,2479639
USDT,2025-04-22,1185670,2526117
USDT,2025-04-23,1174308,2463577
USDT,2025-04-24,1215071,2400763
USDT,2025-04-25,1189567,2470282
USDT,2025-04-26,1023272,2086637
USDT,2025-04-27,980087,2009453
USDT,2025-04-28,1209550,2518146
USDT,2025-04-29,1222785,2520521
USDT,2025-04-30,1274006,2647634
USDT,2025-05-01,1175015,2416414
USDT,2025-05-02,1150889,2418029
USDT,2025-05-03,1008736,2141208
USDT,2025-05-04,972119,2044347
USDT,2025-05-05,1215217,2571320
USDT,2025-05-06,1267403,2641706
USDT,2025-05-07,1245897,2647401
USDT,2025-05-08,1270001,2659196
USDT,2025-05-09,1223473,2575407
USDT,2025-05-10,1062294,2238107
USDT,2025-05-11,1010703,2119997
USDT,2025-05-12,1265788,2688562
USDT,2025-05-13,864243,1678545
USDT,2025-05-14,1236233,2688621
USDT,2025-05-15,1319083,2814514
USDT,2025-05-16,1240216,2643958
USDT,2025-05-17,1084522,2292879
USDT,2025-05-18,1038113,2170713
USDT,2025-05-19,1250585,2662053
USDT,2025-05-20,1279284,2722014
USDT,2025-05-21,1252338,2652034
USDT,2025-05-22,1259986,2634896
USDT,2025-05-23,1245410,2635909
USDT,2025-05-24,1074494,2205326
USDT,2025-05-25,1042090,2158196
USDT,2025-05-26,1255118,2614559
USDT,2025-05-27,1253171,2634232
USDT,2025-05-28,1241311,2594540
USDT,2025-05-29,1223449,2598541
USDT,2025-05-30,1234608,2647120
USDT,2025-05-31,1114397,2296827
USDT,2025-06-01,1062707,2202947
USDT,2025-06-02,1258115,2636091
USDT,2025-06-03,1245594,2620495
USDT,2025-06-04,1238225,2608333
USDT,2025-06-05,1258128,2666073
USDT,2025-06-06,1198843,2538474
USDT,2025-06-07,1064616,2184615
USDT,2025-06-08,1033984,2104532
USDT,2025-06-09,1237638,2609314
USDT,2025-06-10,1304551,2766782
USDT,2025-06-11,1273258,2702248
USDT,2025-06-12,1236779,2635384
USDT,2025-06-13,1233096,2635923
USDT,2025-06-14,1055022,2212691
USDT,2025-06-15,1075211,2255577
USDT,2025-06-16,1266533,2736123
USDT,2025-06-17,1270956,2732322
USDT,2025-06-18,1340199,2754485
USDT,2025-06-19,1168459,2490604
USDT,2025-06-20,1185474,2555265
USDT,2025-06-21,1066736,2254228
USDT,2025-06-22,1030615,2188184
USDT,2025-06-23,1225790,2619779
USDT,2025-06-24,1207512,2574459
USDT,2025-06-25,1181541,2478399
USDT,2025-06-26,1173540,2491464
USDT,2025-06-27,1188424,2488559
USDT,2025-06-28,1011211,2107149
USDT,2025-06-29,985621,2026479
USDT,2025-06-30,1272975,2686006
USDT,2025-07-01,1350605,2788516
USDT,2025-07-02,1288484,2689484
USDT,2025-07-03,1246153,2623703
USDT,2025-07-04,1181089,2521050
USDT,2025-07-05,1024550,2158975
USDT,2025-07-06,978511,2035556
USDT,2025-07-07,1289238,2659803
USDT,2025-07-08,1214318,2569021
USDT,2025-07-09,1246276,2620472
USDT,2025-07-10,1293293,2687958
USDT,2025-07-11,1238667,2627547
USDT,2025-07-12,1077009,2217877
USDT,2025-07-13,1020262,2086675
USDT,2025-07-14,1248635,2633325
USDT,2025-07-15,1290276,2762484
USDT,2025-07-16,1273959,2706035
USDT,2025-07-17,1235846,2626807
USDT,2025-07-18,1216882,2614821
USDT,2025-07-19,1044509,2157034
USDT,2025-07-20,1026052,2133856
USDT,2025-07-21,1222720,2620659
USDT,2025-07-22,1224646,2634075
USDT,2025-07-23,1216661,2610088
USDT,2025-07-24,1212300,2589747
USDT,2025-07-25,1188755,2581403
USDT,2025-07-26,1024938,2154176
USDT,2025-07-27,997756,2089011
USDT,2025-07-28,1199370,2590831
USDT,2025-07-29,1187087,2576376
USDT,2025-07-30,1198339,2567060
USDT,2025-07-31,1239626,2660024
USDT,2025-08-01,1313364,2829948
USDT,2025-08-02,1074261,2325333
USDT,2025-08-03,1006642,2144805
USDT,2025-08-04,1244014,2666523
USDT,2025-08-05,1260107,2701565
USDT,2025-08-06,1230041,2634334
USDT,2025-08-07,1206098,2632026
USDT,2025-08-08,1225652,2677307
USDT,2025-08-09,1049042,2291094
USDT,2025-08-10,1035702,2205341
USDT,2025-08-11,1295919,2783047
USDT,2025-08-12,1269547,2726694
USDT,2025-08-13,1229643,2660774
USDT,2025-08-14,1285584,2773728
USDT,2025-08-15,1334963,2840463
USDT,2025-08-16,1086156,2364550
USDT,2025-08-17,1018813,2175552
USDT,2025-08-18,1272801,2773374
USDT,2025-08-19,1271864,2757633
USDT,2025-08-20,1294791,2780483
USDT,2025-08-21,1198719,2637548
USDT,2025-08-22,1221082,2668855
USDT,2025-08-23,1094021,2339065
USDT,2025-08-24,1021533,2216089
USDT,2025-08-25,1264945,2788005
USDT,2025-08-26,1263043,2744749
USDT,2025-08-27,1201711,2632772
USDT,2025-08-28,1236560,2691270
USDT,2025-08-29,1258885,2807415
USDT,2025-08-30,1069739,2325653
USDT,2025-08-31,1099215,2417107
USDT,2025-09-01,1346304,2951056
USDT,2025-09-02,1390525,2954083
USDT,2025-09-03,1332467,2869689
USDT,2025-09-04,1280802,2772064
USDT,2025-09-05,1319797,2866681
USDT,2025-09-06,1048312,2300569
USDT,2025-09-07,1010272,2194159
USDT,2025-09-08,1311735,2858988
USDT,2025-09-09,1346856,2913927
USDT,2025-09-10,1315510,2879233
USDT,2025-09-11,1269212,2806359
USDT,2025-09-12,1297495,2844470
USDT,2025-09-13,1192887,2516254
USDT,2025-09-14,1121864,2380086
USDT,2025-09-15,1358838,3005479
USDT,2025-09-16,1377882,2977484
USDT,2025-09-17,1354346,2979306
USDT,2025-09-18,1310074,2876437
USDT,2025-09-19,1320543,2844486
USDT,2025-09-20,1137498,2555763
USDT,2025-09-21,1073427,2301366
USDT,2025-09-22,1315142,2958608
USDT,2025-09-23,1314386,2866819
USDT,2025-09-24,1271010,2775914
USDT,2025-09-25,1344597,2981106
USDT,2025-09-26,1327847,2882469
USDT,2025-09-27,1077379,2403009
USDT,2025-09-28,1058774,2363934
USDT,2025-09-29,1299914,2888076
USDT,2025-09-30,1432230,3127017
USDT,2025-10-01,1462820,3099687
USDT,2025-10-02,1367484,2943835
USDT,2025-10-03,1361333,2896805
USDT,2025-10-04,1092930,2390508
USDT,2025-10-05,1074784,2374679
USDT,2025-10-06,1314791,2820194
USDT,2025-10-07,1356953,2937236
USDT,2025-10-08,1331448,2928262
USDT,2025-10-09,1369162,2995813
USDT,2025-10-10,1460485,3196910
USDT,2025-10-11,1264443,2756548
USDT,2025-10-12,1152864,2478557
USDT,2025-10-13,1335636,2971981
USDT,2025-10-14,1400459,3110525
USDT,2025-10-15,1452037,3191022
USDT,2025-10-16,1359010,3085631
USDT,2025-10-17,1420705,3095317
USDT,2025-10-18,1154542,2527165
USDT,2025-10-19,1080275,2371813
USDT,2025-10-20,1318330,2925848
USDT,2025-10-21,1347927,3056997
USDT,2025-10-22,1313281,2976406
USDT,2025-10-23,1321946,2959196
USDT,2025-10-24,1296033,2922872
USDT,2025-10-25,1092078,2439369
USDT,2025-10-26,1070744,2347022
USDT,2025-10-27,1345382,3042000
USDT,2025-10-28,1353291,3066213
USDT,2025-10-29,1339114,3022038
USDT,2025-10-30,1372595,3054685
USDT,2025-10-31,1386817,3065603
USDT,2025-11-01,1200262,2661362
USDT,2025-11-02,1115218,2445130
USDT,2025-11-03,1389123,3124010
USDT,2025-11-04,1435135,3198226
USDT,2025-11-05,1427920,3133673
USDT,2025-11-06,1367687,3015628
USDT,2025-11-07,1363666,3030662
USDT,2025-11-08,1252336,2564199
USDT,2025-11-09,1120989,2452129
USDT,2025-11-10,1408661,3105091
USDT,2025-11-11,1418281,3113574
USDT,2025-11-12,1345638,3008839
USDT,2025-11-13,1380673,3063626
USDT,2025-11-14,1440204,3167828
USDT,2025-11-15,1224830,2748393
USDT,2025-11-16,1164034,2624527
USDT,2025-11-17,1417558,3158203
USDT,2025-11-18,1392561,3024629
USDT,2025-11-19,1353865,3055520
USDT,2025-11-20,1383943,3123687
USDT,2025-11-21,1408054,3101057
USDT,2025-11-22,1164849,2533605
USDT,2025-11-23,1124014,2409576
USDT,2025-11-24,1354658,2920986
USDT,2025-11-25,1397319,3079817
USDT,2025-11-26,1374623,2999913
USDT,2025-11-27,1453331,3010744
USDT,2025-11-28,1447633,3076179
USDT,2025-11-29,1218452,2592016
USDT,2025-11-30,1194127,2546503
USDT,2025-12-01,1559580,3458668
USDT,2025-12-02,1513317,3315408
USDT,2025-12-03,1490138,3263323
USDT,2025-12-04,1413564,3168723
USDT,2025-12-05,1444686,3248386
USDT,2025-12-06,1219089,2704617
USDT,2025-12-07,1101071,2437682
USDT,2025-12-08,1395074,3054557
USDT,2025-12-09,1415078,3157626
USDT,2025-12-10,1397867,3177868
USDT,2025-12-11,1412012,3139914
USDT,2025-12-12,1350674,3053149
USDT,2025-12-13,1201072,2651345
USDT,2025-12-14,1173569,2600572
USDT,2025-12-15,1495500,3505087
USDT,2025-12-16,1482646,3413048
USDT,2025-12-17,1450654,3330105
USDT,2025-12-18,1358376,3221067
USDT,2025-12-19,1349105,3190112
USDT,2025-12-20,1225716,2960518
USDT,2025-12-21,1142828,2957933
USDT,2025-12-22,1455737,3347339
USDT,2025-12-23,1532905,3540622
USDT,2025-12-24,1428819,3453066
USDT,2025-12-25,1221111,3385608
USDT,2025-12-26,1393301,3748390
USDT,2025-12-27,1233160,3511814
USDT,2025-12-28,1199095,3000240
USDT,2025-12-29,1522908,3946813
USDT,2025-12-30,1566542,3722821
USDT,2025-12-31,1465896,3709694
