country_iso3,country_name,year,adoption_percentile,rank,rank_note,overall_score,centralized_service_value_received_rank,defi_value_received_rank,institutional_centralized_service_value_received_rank,number_of_onchain_deposits_rank,onchain_retail_value_received_rank,onchain_value_received_rank,p2p_exchange_trade_volume_rank,retail_centralized_service_value_received_rank,retail_defi_value_received_rank,gdp_per_capita_usd,inflation_cpi_annual_pct,financial_account_baseline,baseline_year,remittances_received_pct_gdp,post_2022,is_forward_filled
AFG,Afghanistan,2020,0.0,,Among lowest,0.0,,,,105.0,46.0,60.0,,,,510.787063366811,5.60188791482224,9.65382184434304,2021.0,3.95329685319887,0,False
AFG,Afghanistan,2021,0.8766233766233766,20.0,,0.13,,,,,38.0,53.0,7.0,,,356.496214115892,5.13320340824963,9.65382184434304,2021.0,2.24403998810715,0,False
AFG,Afghanistan,2022,0.0,146.0,,,114.0,145.0,,,,,146.0,114.0,146.0,357.261152798144,13.7121023720065,9.65382184434304,2021.0,2.20731611347931,0,False
AFG,Afghanistan,2023,0.0519480519480519,147.0,,,128.0,149.0,,,,,125.0,127.0,149.0,413.757894705303,-4.64470870797775,9.65382184434304,2021.0,1.8656461200228,1,False
AFG,Afghanistan,2024,0.8,31.0,,,40.0,8.0,,,,,,56.0,46.0,,-6.60118564073726,9.65382184434304,2021.0,,1,False
AFG,Afghanistan,2025,0.0620155038759689,122.0,,,122.0,122.0,122.0,,,,,123.0,,,-6.60118564073726,9.65382184434304,2021.0,,1,True
AGO,Angola,2020,0.2285714285714285,109.0,,0.016,,,,124.0,102.0,119.0,109.0,,,1759.35619918264,22.271539247051,,,0.0136834575473168,0,False
AGO,Angola,2021,0.2467532467532467,117.0,,0.02,,,,,122.0,130.0,41.0,,,2303.90812662776,25.7542948841891,,,0.0158763470925451,0,False
AGO,Angola,2022,0.1999999999999999,117.0,,,109.0,121.0,,,,,116.0,109.0,106.0,3682.1131513698,21.3552901320822,,,0.0106739240124738,0,False
AGO,Angola,2023,0.3051948051948052,108.0,,,100.0,116.0,,,,,67.0,106.0,116.0,2916.13663284275,13.6441017767715,,,0.0112595136943061,1,False
AGO,Angola,2024,0.0799999999999999,139.0,,,114.0,149.0,,,,,,110.0,145.0,2665.87444776753,28.2404948915772,,,0.0505345581578213,1,False
AGO,Angola,2025,0.2170542635658915,102.0,,,89.0,115.0,93.0,,,,,80.0,,2665.87444776753,28.2404948915772,,,0.0505345581578213,1,True
ALB,Albania,2020,0.1642857142857142,118.0,,0.01,,,,88.0,121.0,120.0,128.0,,,6027.91350716348,1.62088661717004,46.069250627042,2024.0,9.61841800746962,0,False
ALB,Albania,2021,0.396103896103896,94.0,,0.03,,,,,103.0,83.0,71.0,,,7242.45513146613,2.04147163139545,46.069250627042,2024.0,9.52948598024897,0,False
ALB,Albania,2022,0.3448275862068966,96.0,,,105.0,86.0,,,,,49.0,105.0,76.0,7756.96188744253,6.7252027153006,46.069250627042,2024.0,9.17717025231113,0,False
ALB,Albania,2023,0.4545454545454546,85.0,,,106.0,58.0,,,,,98.0,110.0,58.0,9730.86921906893,4.75834555150039,46.069250627042,2024.0,8.66778018906039,1,False
ALB,Albania,2024,0.28,109.0,,,110.0,111.0,,,,,,117.0,100.0,11377.7757431099,2.21587375089999,46.069250627042,2024.0,8.40939322766939,1,False
ALB,Albania,2025,0.1472868217054264,111.0,,,111.0,113.0,113.0,,,,,103.0,,11377.7757431099,2.21587375089999,46.069250627042,2024.0,8.40939322766939,1,True
AND,Andorra,2024,0.2666666666666667,111.0,,,125.0,103.0,,,,,,133.0,79.0,49303.6491674336,,,,1.29549313910818,1,False
AND,Andorra,2025,0.0232558139534884,127.0,,,127.0,126.0,127.0,,,,,128.0,,49303.6491674336,,,,1.29549313910818,1,True
ARE,United Arab Emirates,2020,0.4642857142857143,76.0,,0.056,,,,65.0,101.0,95.0,61.0,,,37991.7492971665,-2.07940317940944,85.7421930087712,2021.0,,0,False
ARE,United Arab Emirates,2021,0.3571428571428571,100.0,,0.02,,,,,88.0,82.0,104.0,,,44118.5047192771,0.179935336174431,85.7421930087712,2021.0,,0,False
ARE,United Arab Emirates,2023,0.5,78.0,,,77.0,60.0,,,,,102.0,89.0,60.0,49850.6872175164,1.62670837213248,85.7421930087712,2021.0,0.359500450678101,1,False
ARE,United Arab Emirates,2024,0.6333333333333333,56.0,,,71.0,58.0,,,,,,75.0,49.0,50273.5060469837,1.66336510224894,85.7421930087712,2021.0,0.325377524202418,1,False
ARE,United Arab Emirates,2025,0.5968992248062015,53.0,,,59.0,49.0,60.0,,,,,64.0,,50273.5060469837,1.66336510224894,85.7421930087712,2021.0,0.325377524202418,1,True
ARG,Argentina,2020,0.8071428571428572,28.0,,0.174,,,,73.0,29.0,27.0,42.0,,,8535.59938004389,42.0150947376509,81.7442446865007,2024.0,0.168011924038753,0,False
ARG,Argentina,2021,0.9415584415584416,10.0,,0.19,,,,,17.0,14.0,33.0,,,10738.0179223384,48.4093786255199,81.7442446865007,2024.0,0.185543785281081,0,False
ARG,Argentina,2022,0.9172413793103448,13.0,,,13.0,21.0,,,,,26.0,13.0,25.0,13962.1894087223,72.430757531824,81.7442446865007,2024.0,0.166635693990481,0,False
ARG,Argentina,2023,0.9090909090909092,15.0,,,14.0,19.0,,,,,29.0,12.0,19.0,14261.8465667948,133.488935594175,81.7442446865007,2024.0,0.15535734613336,1,False
ARG,Argentina,2024,0.9066666666666666,15.0,,,13.0,17.0,,,,,,13.0,20.0,13969.7836603737,219.883929014578,81.7442446865007,2024.0,0.163599877828893,1,False
ARG,Argentina,2025,0.8527131782945736,20.0,,,18.0,29.0,19.0,,,,,18.0,,13969.7836603737,219.883929014578,81.7442446865007,2024.0,0.163599877828893,1,True
ARM,Armenia,2020,0.2571428571428571,105.0,,0.021,,,,54.0,110.0,110.0,117.0,,,4268.68093304583,1.21143577838465,71.3734734683257,2024.0,10.4970552541265,0,False
ARM,Armenia,2021,0.3116883116883117,107.0,,0.02,,,,,105.0,107.0,81.0,,,4685.17997128509,7.18483629443371,71.3734734683257,2024.0,11.2171827452107,0,False
ARM,Armenia,2022,0.4896551724137931,75.0,,,72.0,49.0,,,,,70.0,72.0,45.0,6571.97445545099,8.64091108973855,71.3734734683257,2024.0,10.8688335174113,0,False
ARM,Armenia,2023,0.4285714285714286,89.0,,,81.0,88.0,,,,,113.0,63.0,88.0,8159.08720967996,1.98041877615554,71.3734734683257,2024.0,6.39621098617553,1,False
ARM,Armenia,2024,0.4933333333333333,77.0,,,79.0,81.0,,,,,,70.0,81.0,8556.21406956719,0.269511978259125,71.3734734683257,2024.0,4.92468775781423,1,False
ARM,Armenia,2025,0.3953488372093023,79.0,,,79.0,86.0,81.0,,,,,73.0,,8556.21406956719,0.269511978259125,71.3734734683257,2024.0,4.92468775781423,1,True
ATG,Antigua and Barbuda,2023,0.0649350649350649,145.0,,,148.0,135.0,,,,,135.0,151.0,135.0,21494.5474000727,5.06713865364213,,,1.7389598236213,1,False
AUS,Australia,2020,0.8642857142857143,20.0,,0.21,,,,34.0,34.0,36.0,27.0,,,51983.4523666382,0.846905537459305,98.0103778290099,2024.0,0.0833273223696793,0,False
AUS,Australia,2021,0.7597402597402597,38.0,,0.07,,,,,32.0,30.0,98.0,,,60758.9044397144,2.86391042204994,98.0103778290099,2024.0,0.0538873539403801,0,False
AUS,Australia,2022,0.7310344827586207,40.0,,,40.0,25.0,,,,,90.0,40.0,21.0,65169.5191118657,6.59409671341846,98.0103778290099,2024.0,0.0713213074162778,0,False
AUS,Australia,2023,0.7402597402597403,41.0,,,37.0,33.0,,,,,70.0,42.0,33.0,65058.3773146674,5.5970149253731,98.0103778290099,2024.0,0.0928559687058244,1,False
AUS,Australia,2024,0.7466666666666666,39.0,,,41.0,36.0,,,,,,48.0,34.0,64603.9856308464,3.1616142830575,98.0103778290099,2024.0,0.100476992804764,1,False
AUS,Australia,2025,0.7131782945736433,38.0,,,38.0,30.0,36.0,,,,,45.0,,64603.9856308464,3.1616142830575,98.0103778290099,2024.0,0.100476992804764,1,True
AUT,Austria,2020,0.6214285714285714,54.0,,0.087,,,,29.0,72.0,58.0,67.0,,,48716.4098900349,1.38191063351862,99.5084974640411,2024.0,0.69677434560967,0,False
AUT,Austria,2021,0.3701298701298701,98.0,,0.02,,,,,65.0,67.0,130.0,,,53648.6437976214,2.7666666666667,99.5084974640411,2024.0,0.664274745885735,0,False
AUT,Austria,2022,0.2689655172413793,107.0,,,83.0,56.0,,,,,127.0,83.0,66.0,52336.7725223758,8.5468699318845,99.5084974640411,2024.0,0.636214157041973,0,False
AUT,Austria,2023,0.461038961038961,84.0,,,73.0,65.0,,,,,127.0,78.0,65.0,56579.504175468,7.81413417002832,99.5084974640411,2024.0,0.631386866730441,1,False
AUT,Austria,2024,0.5133333333333333,74.0,,,84.0,71.0,,,,,,84.0,67.0,58268.8787651601,2.93791574279383,99.5084974640411,2024.0,0.651189560177177,1,False
AUT,Austria,2025,0.4341085271317829,74.0,,,80.0,58.0,78.0,,,,,88.0,,58268.8787651601,2.93791574279383,99.5084974640411,2024.0,0.651189560177177,1,True
AZE,Azerbaijan,2020,0.1142857142857143,125.0,,0.008,,,,119.0,116.0,102.0,136.0,,,4229.91064904503,2.75980947008127,56.3046655573957,2024.0,3.2864567961961,0,False
AZE,Azerbaijan,2021,0.3506493506493506,101.0,,0.02,,,,,69.0,96.0,110.0,,,5408.04535175023,6.65029912708779,56.3046655573957,2024.0,2.78454087413308,0,False
AZE,Azerbaijan,2022,0.2551724137931034,109.0,,,100.0,102.0,,,,,88.0,100.0,94.0,7770.594223351,13.8522590144267,56.3046655573957,2024.0,5.012251973723,0,False
AZE,Azerbaijan,2023,0.525974025974026,74.0,,,67.0,72.0,,,,,99.0,56.0,72.0,7133.02838048328,8.78543049849081,56.3046655573957,2024.0,2.64096975190127,1,False
AZE,Azerbaijan,2024,0.3933333333333333,92.0,,,75.0,107.0,,,,,,69.0,106.0,7283.8499076179,2.21217188919901,56.3046655573957,2024.0,1.81882789681566,1,False
AZE,Azerbaijan,2025,0.3100775193798449,90.0,,,81.0,97.0,82.0,,,,,83.0,,7283.8499076179,2.21217188919901,56.3046655573957,2024.0,1.81882789681566,1,True
BEL,Belgium,2020,0.6928571428571428,44.0,,0.125,,,,30.0,55.0,51.0,47.0,,,45906.2875805246,0.740791812220344,98.2369093220798,2024.0,2.47543593372868,0,False
BEL,Belgium,2021,0.5454545454545454,71.0,,0.04,,,,,52.0,56.0,100.0,,,51658.238294958,2.44024851144084,98.2369093220798,2024.0,2.38689121016773,0,False
BEL,Belgium,2022,0.3586206896551724,94.0,,,74.0,58.0,,,,,128.0,74.0,55.0,50605.7496677086,9.597511728725,98.2369093220798,2024.0,2.37479009326131,0,False
BEL,Belgium,2023,0.4805194805194805,81.0,,,74.0,75.0,,,,,105.0,82.0,75.0,55291.4754541329,4.04901077613941,98.2369093220798,2024.0,2.24799476941634,1,False
BEL,Belgium,2024,0.5533333333333333,68.0,,,77.0,63.0,,,,,,83.0,69.0,56614.5679499036,3.14349136500041,98.2369093220798,2024.0,2.3058808956455,1,False
BEL,Belgium,2025,0.5116279069767442,64.0,,,72.0,50.0,68.0,,,,,77.0,,56614.5679499036,3.14349136500041,98.2369093220798,2024.0,2.3058808956455,1,True
BEN,Benin,2020,0.3642857142857143,90.0,,0.039,,,,109.0,66.0,81.0,88.0,,,1200.19426557789,3.02272119663759,51.8432060403598,2024.0,1.30443860209878,0,False
BEN,Benin,2021,0.7727272727272727,36.0,,0.07,,,,,75.0,76.0,11.0,,,1318.65158075198,1.73353962694036,51.8432060403598,2024.0,1.30551361346959,0,False
BEN,Benin,2022,0.2758620689655172,106.0,,,94.0,52.0,,,,,85.0,94.0,103.0,1266.42711031904,1.35077863583527,51.8432060403598,2024.0,1.43702897358244,0,False
BEN,Benin,2023,0.487012987012987,80.0,,,123.0,79.0,,,,,34.0,119.0,79.0,1394.17784721831,2.73870078406075,51.8432060403598,2024.0,1.72082497476655,1,False
BEN,Benin,2024,0.38,94.0,,,119.0,72.0,,,,,,115.0,68.0,1485.38018885134,1.16093089640415,51.8432060403598,2024.0,1.09690827945195,1,False
BFA,Burkina Faso,2020,0.1071428571428571,126.0,,0.006,,,,149.0,126.0,124.0,114.0,,,825.237038782475,1.88470066518847,51.4274911911242,2024.0,2.95970546183422,0,False
BFA,Burkina Faso,2021,0.1558441558441559,131.0,,0.01,,,,,120.0,125.0,139.0,,,895.535288442991,3.65326761825509,51.4274911911242,2024.0,2.89859371271546,0,False
BFA,Burkina Faso,2022,0.089655172413793,133.0,,,128.0,108.0,,,,,136.0,128.0,116.0,827.330843486661,14.2902354303358,51.4274911911242,2024.0,2.81334408479241,0,False
BFA,Burkina Faso,2023,0.2922077922077922,110.0,,,94.0,131.0,,,,,39.0,83.0,131.0,873.482589651003,0.742910428668918,51.4274911911242,2024.0,2.90560060201336,1,False
BFA,Burkina Faso,2024,0.2733333333333333,110.0,,,131.0,96.0,,,,,,128.0,87.0,981.992649769081,4.19081721344523,51.4274911911242,2024.0,2.55138115666637,1,False
BGD,Bangladesh,2020,0.6857142857142857,45.0,,0.118,,,,104.0,21.0,24.0,80.0,,,2248.85078828233,5.69107474746211,43.2839733431322,2024.0,5.81626795895569,0,False
BGD,Bangladesh,2021,0.8181818181818181,29.0,,0.09,,,,,30.0,40.0,54.0,,,2482.84917843357,5.54565430773473,43.2839733431322,2024.0,5.33437804101103,0,False
BGD,Bangladesh,2022,0.7586206896551724,36.0,,,30.0,48.0,,,,,92.0,30.0,39.0,2716.48592780431,7.69695437176898,43.2839733431322,2024.0,4.6737649876073,0,False
BGD,Bangladesh,2023,0.8961038961038961,17.0,,,18.0,22.0,,,,,33.0,19.0,22.0,2551.01773827307,9.8835030377921,43.2839733431322,2024.0,5.04555725354251,1,False
BGD,Bangladesh,2024,0.7733333333333333,35.0,,,27.0,50.0,,,,,,23.0,41.0,2593.41611680774,10.4657482763412,43.2839733431322,2024.0,6.11494686698428,1,False
BGD,Bangladesh,2025,0.9069767441860466,13.0,,,15.0,14.0,14.0,,,,,14.0,,2593.41611680774,10.4657482763412,43.2839733431322,2024.0,6.11494686698428,1,True
BGR,Bulgaria,2020,0.5428571428571429,65.0,,0.073,,,,11.0,45.0,33.0,118.0,,,10760.211975413,1.67244096855756,84.7243949771558,2024.0,2.81676543082857,0,False
BGR,Bulgaria,2021,0.8246753246753247,28.0,,0.09,,,,,41.0,46.0,30.0,,,12966.1457543396,3.29774435299515,84.7243949771558,2024.0,2.38261240314066,0,False
BGR,Bulgaria,2022,0.6758620689655173,48.0,,,48.0,42.0,,,,,54.0,48.0,44.0,13999.1949530956,15.3252589264366,84.7243949771558,2024.0,2.31150029458411,0,False
BGR,Bulgaria,2023,0.6298701298701299,58.0,,,53.0,38.0,,,,,100.0,57.0,38.0,15853.208636704,9.44284140088564,84.7243949771558,2024.0,2.2372183910043,1,False
BGR,Bulgaria,2024,0.6533333333333333,53.0,,,63.0,54.0,,,,,,74.0,48.0,17596.0173663521,2.44651943006079,84.7243949771558,2024.0,2.3318173189881,1,False
BGR,Bulgaria,2025,0.4728682170542635,69.0,,,77.0,55.0,77.0,,,,,72.0,,17596.0173663521,2.44651943006079,84.7243949771558,2024.0,2.3318173189881,1,True
BHR,Bahrain,2020,0.1428571428571429,121.0,,0.009,,,,77.0,138.0,138.0,107.0,,,24342.8444554718,-2.31770629331379,82.3220521049445,2024.0,,0,False
BHR,Bahrain,2021,0.0779220779220779,143.0,,0.0,,,,,140.0,138.0,127.0,,,27147.8083882286,-0.60631938514085,82.3220521049445,2024.0,,0,False
BHR,Bahrain,2022,0.0758620689655172,135.0,,,132.0,132.0,,,,,134.0,132.0,131.0,30470.5219276023,3.62574104304482,82.3220521049445,2024.0,,0,False
BHR,Bahrain,2023,0.1428571428571429,133.0,,,136.0,122.0,,,,,141.0,142.0,122.0,29290.1284215098,0.0746206782192256,82.3220521049445,2024.0,,1,False
BHR,Bahrain,2024,0.1133333333333332,134.0,,,144.0,125.0,,,,,,140.0,129.0,29653.5682731534,0.919635459817651,82.3220521049445,2024.0,,1,False
BHR,Bahrain,2025,0.1162790697674418,115.0,,,115.0,109.0,114.0,,,,,116.0,,29653.5682731534,0.919635459817651,82.3220521049445,2024.0,,1,True
BHS,"Bahamas, The",2020,0.0571428571428571,133.0,,0.003,,,,69.0,143.0,143.0,133.0,,,26178.7537607708,0.0385210980054558,,,0.49025118689208,0,False
BHS,"Bahamas, The",2021,0.1753246753246753,128.0,,0.01,,,,,132.0,131.0,60.0,,,30367.8605757708,2.90491262928478,,,0.440646340450278,0,False
BHS,"Bahamas, The",2022,0.1931034482758621,118.0,,,137.0,120.0,,,,,3.0,137.0,126.0,34957.1613279737,5.60540633583044,,,0.416556329514708,0,False
BHS,"Bahamas, The",2023,0.1818181818181817,127.0,,,130.0,117.0,,,,,128.0,130.0,117.0,38231.774484278,3.05291578969743,,,0.410399245643789,1,False
BHS,"Bahamas, The",2024,0.1533333333333333,128.0,,,146.0,106.0,,,,,,149.0,103.0,39455.4466548546,0.409162489083286,,,0.416407710575514,1,False
BHS,"Bahamas, The",2025,0.0077519379844961,129.0,,,128.0,130.0,128.0,,,,,130.0,,39455.4466548546,0.409162489083286,,,0.416407710575514,1,True
BIH,Bosnia and Herzegovina,2020,0.3928571428571429,86.0,,0.042,,,,55.0,95.0,99.0,87.0,,,6130.31187968266,-1.0512960076349,77.4588922946912,2024.0,9.54729598420506,0,False
BIH,Bosnia and Herzegovina,2021,0.2662337662337662,114.0,,0.02,,,,,113.0,116.0,69.0,,,7295.34378682258,1.98163900587622,77.4588922946912,2024.0,10.4675310843986,0,False
BIH,Bosnia and Herzegovina,2022,0.2137931034482758,115.0,,,113.0,112.0,,,,,65.0,113.0,109.0,7655.59421024383,14.0208440826771,77.4588922946912,2024.0,10.5208784489857,0,False
BIH,Bosnia and Herzegovina,2023,0.1883116883116883,126.0,,,109.0,119.0,,,,,144.0,123.0,119.0,8663.02326458629,6.1059011284828,77.4588922946912,2024.0,10.2332695977764,1,False
BIH,Bosnia and Herzegovina,2024,0.4666666666666667,81.0,,,105.0,66.0,,,,,,98.0,64.0,9358.78768951134,1.69212733599724,77.4588922946912,2024.0,10.5502824361912,1,False
BIH,Bosnia and Herzegovina,2025,0.2558139534883721,97.0,,,93.0,98.0,97.0,,,,,82.0,,9358.78768951134,1.69212733599724,77.4588922946912,2024.0,10.5502824361912,1,True
BLR,Belarus,2020,0.8714285714285714,19.0,,0.241,,,,25.0,44.0,42.0,12.0,,,6542.85579976768,5.54814357456511,,,1.65173922227239,0,False
BLR,Belarus,2021,0.7922077922077921,33.0,,0.08,,,,,40.0,36.0,52.0,,,7489.71894713888,9.46028389623106,,,1.65049350927473,0,False
BLR,Belarus,2022,0.8344827586206897,25.0,,,31.0,43.0,,,,,29.0,31.0,57.0,7994.64806074889,15.209675274081,,,2.01552933186967,0,False
BLR,Belarus,2023,0.7207792207792207,44.0,,,40.0,41.0,,,,,61.0,36.0,41.0,7896.75388295584,5.00059903091313,,,1.73928584531142,1,False
BLR,Belarus,2024,0.7533333333333333,38.0,,,43.0,39.0,,,,,,34.0,40.0,8317.63399913792,5.78531910427999,,,1.81319105202764,1,False
BLR,Belarus,2025,0.627906976744186,49.0,,,48.0,64.0,52.0,,,,,41.0,,8317.63399913792,5.78531910427999,,,1.81319105202764,1,True
BLZ,Belize,2020,0.0214285714285714,138.0,,0.002,,,,117.0,147.0,145.0,130.0,,,5238.54078175696,0.121434644614894,67.9682001512007,2024.0,5.89481400963481,0,False
BLZ,Belize,2021,0.1103896103896103,138.0,,0.01,,,,,148.0,140.0,58.0,,,6142.98930557031,3.23563659237071,67.9682001512007,2024.0,5.57356290247454,0,False
BLZ,Belize,2022,0.5241379310344827,70.0,,,106.0,109.0,,,,,8.0,106.0,71.0,7068.21728043145,6.27689319447544,67.9682001512007,2024.0,5.00304345845639,0,False
BLZ,Belize,2024,0.02,148.0,,,152.0,123.0,,,,,,158.0,149.0,7681.24400583113,3.28955985952768,67.9682001512007,2024.0,4.81171408822687,1,False
BOL,Bolivia,2020,0.5857142857142856,59.0,,0.082,,,,89.0,65.0,69.0,38.0,,,3580.96761778303,0.940742153381849,56.849052664469,2024.0,2.66229538411819,0,False
BOL,Bolivia,2021,0.6688311688311688,52.0,,0.05,,,,,83.0,63.0,27.0,,,4010.76053686204,0.737383721452275,56.849052664469,2024.0,2.96057833302062,0,False
BOL,Bolivia,2022,0.7172413793103448,42.0,,,54.0,93.0,,,,,20.0,54.0,91.0,4219.46113742445,1.74632872945969,56.849052664469,2024.0,2.86351523412907,0,False
BOL,Bolivia,2023,0.4935064935064935,79.0,,,62.0,111.0,,,,,64.0,55.0,111.0,4274.70820547613,2.57688800489192,56.849052664469,2024.0,2.76917067099173,1,False
BOL,Bolivia,2024,0.3333333333333333,101.0,,,48.0,124.0,,,,,,52.0,115.0,4421.16609889999,5.09976568317427,56.849052664469,2024.0,2.34124280496525,1,False
BOL,Bolivia,2025,0.6511627906976745,46.0,,,32.0,89.0,34.0,,,,,32.0,,4421.16609889999,5.09976568317427,56.849052664469,2024.0,2.34124280496525,1,True
BRA,Brazil,2020,0.9142857142857144,13.0,,0.338,,,,66.0,5.0,6.0,68.0,,,7074.19407495707,3.21176803803376,86.3811782311541,2024.0,0.241596221185315,0,False
BRA,Brazil,2021,0.9155844155844156,14.0,,0.16,,,,,7.0,5.0,113.0,,,7972.53696080695,8.30165975585673,86.3811782311541,2024.0,0.245534634681336,0,False
BRA,Brazil,2022,0.9586206896551724,7.0,,,7.0,8.0,,,,,113.0,7.0,7.0,9281.33282136864,9.28010608956873,86.3811782311541,2024.0,0.254813156784915,0,False
BRA,Brazil,2023,0.948051948051948,9.0,,,9.0,11.0,,,,,15.0,11.0,11.0,10377.5897719195,4.59356282283204,86.3811782311541,2024.0,0.202347517951754,1,False
BRA,Brazil,2024,0.94,10.0,,,8.0,10.0,,,,,,10.0,14.0,10310.5488778166,4.36746407652337,86.3811782311541,2024.0,0.224281814146123,1,False
BRA,Brazil,2025,0.9689922480620154,5.0,,,5.0,5.0,5.0,,,,,5.0,,10310.5488778166,4.36746407652337,86.3811782311541,2024.0,0.224281814146123,1,True
BRB,Barbados,2020,0.2142857142857143,111.0,,0.015,,,,33.0,136.0,133.0,102.0,,,19194.4919736739,,,,1.57527473391221,0,False
BRB,Barbados,2021,0.2012987012987013,124.0,,0.01,,,,,134.0,135.0,24.0,,,21079.6145271791,,,,1.43211730040101,0,False
BRB,Barbados,2022,0.3103448275862068,101.0,,,121.0,136.0,,,,,11.0,121.0,137.0,24387.0387293761,,,,1.23714059027727,0,False
BRB,Barbados,2023,0.0454545454545454,148.0,,,89.0,151.0,,,,,119.0,61.0,151.0,25583.878782727,9.79207077126447,,,1.17919070363064,1,False
BRN,Brunei Darussalam,2020,0.0428571428571428,135.0,,0.003,,,,81.0,146.0,146.0,126.0,,,26834.3592233943,1.94031996607184,,,,0,False
BRN,Brunei Darussalam,2021,0.0,155.0,,0.0,,,,,154.0,157.0,137.0,,,31006.9636289785,1.73341388450593,,,,0,False
BRN,Brunei Darussalam,2022,0.0068965517241379,145.0,,,146.0,141.0,,,,,139.0,146.0,141.0,36632.9280952155,3.68225030604216,,,,0,False
BRN,Brunei Darussalam,2023,0.0129870129870129,153.0,,,152.0,150.0,,,,,152.0,152.0,150.0,32890.5491812019,0.35706431153689,,,,1,False
BRN,Brunei Darussalam,2025,0.0465116279069767,124.0,,,123.0,127.0,124.0,,,,,122.0,,33153.4738913513,-0.388674165036461,,,,1,True
BWA,Botswana,2020,0.2214285714285714,110.0,,0.016,,,,100.0,134.0,135.0,75.0,,,6323.2974967659,1.8903591682421,61.4384690565565,2024.0,0.295602661286554,0,False
BWA,Botswana,2021,0.1688311688311687,129.0,,0.01,,,,,138.0,143.0,22.0,,,7807.88794570471,7.24097765588442,61.4384690565565,2024.0,0.323109444541782,0,False
BWA,Botswana,2022,0.1172413793103448,129.0,,,135.0,138.0,,,,,51.0,135.0,138.0,8328.7090572666,11.665567478802,61.4384690565565,2024.0,0.306272176448881,0,False
BWA,Botswana,2023,0.0714285714285714,144.0,,,144.0,141.0,,,,,132.0,147.0,141.0,7826.35376483298,5.0676154934383,61.4384690565565,2024.0,0.360745147280346,1,False
BWA,Botswana,2024,0.0,151.0,,,150.0,148.0,,,,,,145.0,154.0,7695.75319445165,2.81835131676251,61.4384690565565,2024.0,0.661264409337821,1,False
BWA,Botswana,2025,0.0,130.0,,,131.0,128.0,131.0,,,,,131.0,,7695.75319445165,2.81835131676251,61.4384690565565,2024.0,0.661264409337821,1,True
CAN,Canada,2020,0.8357142857142857,24.0,,0.196,,,,45.0,31.0,28.0,37.0,,,43537.839298904,0.716999632307827,98.4047126063262,2024.0,0.049637012939377,0,False
CAN,Canada,2021,0.8051948051948052,31.0,,0.09,,,,,20.0,19.0,103.0,,,52886.6616372703,3.39519318527528,98.4047126063262,2024.0,0.0411150827860872,0,False
CAN,Canada,2022,0.8551724137931034,22.0,,,28.0,14.0,,,,,96.0,28.0,8.0,56256.8007264015,6.80280115341613,98.4047126063262,2024.0,0.039437208123801,0,False
CAN,Canada,2023,0.8831168831168831,19.0,,,25.0,14.0,,,,,62.0,23.0,14.0,54220.3285039875,3.87900159788426,98.4047126063262,2024.0,0.0389811694078447,1,False
CAN,Canada,2024,0.8866666666666667,18.0,,,22.0,16.0,,,,,,26.0,15.0,54340.3477224733,2.38158383281173,98.4047126063262,2024.0,0.0379490070926434,1,False
CAN,Canada,2025,0.7984496124031008,27.0,,,29.0,27.0,23.0,,,,,37.0,,54340.3477224733,2.38158383281173,98.4047126063262,2024.0,0.0379490070926434,1,True
CHE,Switzerland,2020,0.5714285714285714,61.0,,0.08,,,,20.0,69.0,55.0,85.0,,,85897.7843338323,-0.725874933313384,98.412309687795,2024.0,0.418815724820597,0,False
CHE,Switzerland,2021,0.538961038961039,72.0,,0.04,,,,,56.0,43.0,112.0,,,93664.7736696111,0.581814168489856,98.412309687795,2024.0,0.394169722896814,0,False
CHE,Switzerland,2022,0.5517241379310345,66.0,,,57.0,36.0,,,,,76.0,57.0,38.0,94394.5106803525,2.83502798644463,98.412309687795,2024.0,0.400685830735044,0,False
CHE,Switzerland,2023,0.5974025974025974,63.0,,,71.0,36.0,,,,,90.0,85.0,36.0,100623.549627296,2.13540088016377,98.412309687795,2024.0,0.390234902671994,1,False
CHE,Switzerland,2024,0.64,55.0,,,67.0,47.0,,,,,,81.0,47.0,103998.186685604,1.06234041976595,98.412309687795,2024.0,0.388206889473597,1,False
CHE,Switzerland,2025,0.5581395348837209,58.0,,,64.0,43.0,51.0,,,,,84.0,,103998.186685604,1.06234041976595,98.412309687795,2024.0,0.388206889473597,1,True
CHL,Chile,2020,0.7642857142857142,34.0,,0.147,,,,64.0,47.0,45.0,29.0,,,13114.815470545,3.04549084804326,85.0691778196127,2024.0,0.0260576739589634,0,False
CHL,Chile,2021,0.7012987012987013,47.0,,0.06,,,,,55.0,54.0,43.0,,,16206.8325493421,4.52456838259144,85.0691778196127,2024.0,0.0210845500963785,0,False
CHL,Chile,2022,0.6206896551724138,56.0,,,58.0,37.0,,,,,53.0,58.0,40.0,15405.6165774073,11.643866711056,85.0691778196127,2024.0,0.0282751450622328,0,False
CHL,Chile,2023,0.564935064935065,68.0,,,66.0,69.0,,,,,76.0,65.0,69.0,17067.0364799154,7.58168251407962,85.0691778196127,2024.0,0.0289306042743538,1,False
CHL,Chile,2024,0.6599999999999999,52.0,,,55.0,60.0,,,,,,55.0,58.0,16709.8893972307,4.29763891572524,85.0691778196127,2024.0,0.0303210305442313,1,False
CHL,Chile,2025,0.5891472868217054,54.0,,,58.0,59.0,59.0,,,,,58.0,,16709.8893972307,4.29763891572524,85.0691778196127,2024.0,0.0303210305442313,1,True
CHN,China,2020,0.9785714285714284,4.0,,0.672,,,,95.0,1.0,1.0,53.0,,,10627.4637989619,2.41942189457782,89.3830319754266,2024.0,0.125871762145022,0,False
CHN,China,2021,0.922077922077922,13.0,,0.16,,,,,1.0,1.0,155.0,,,12887.4357242941,0.981015135544882,89.3830319754266,2024.0,0.123504401314794,0,False
CHN,China,2022,0.9379310344827586,10.0,,,2.0,6.0,,,,,144.0,2.0,4.0,12970.6056414327,1.97357555739051,89.3830319754266,2024.0,0.142457651070649,0,False
CHN,China,2023,0.935064935064935,11.0,,,10.0,23.0,,,,,13.0,5.0,23.0,12951.1782397043,0.234836828893051,89.3830319754266,2024.0,0.161377801607252,1,False
CHN,China,2024,0.8733333333333333,20.0,,,20.0,24.0,,,,,,18.0,22.0,13303.1481543868,0.218128938439177,89.3830319754266,2024.0,0.16757857471,1,False
CHN,China,2025,0.7364341085271318,35.0,,,31.0,62.0,35.0,,,,,25.0,,13303.1481543868,0.218128938439177,89.3830319754266,2024.0,0.16757857471,1,True
CIV,Cote d'Ivoire,2020,0.3357142857142857,94.0,,0.036,,,,123.0,52.0,79.0,95.0,,,2179.72934832935,2.41252617189053,57.5676269730853,2024.0,0.522225685301873,0,False
CIV,Cote d'Ivoire,2021,0.6558441558441559,54.0,,0.05,,,,,50.0,50.0,73.0,,,2455.98127641148,4.15919657911798,57.5676269730853,2024.0,0.604706878049211,0,False
CIV,Cote d'Ivoire,2022,0.6137931034482759,57.0,,,76.0,78.0,,,,,23.0,76.0,64.0,2333.37128301259,5.23352856100843,57.5676269730853,2024.0,1.46910313622564,0,False
CIV,Cote d'Ivoire,2023,0.5844155844155844,65.0,,,85.0,78.0,,,,,46.0,73.0,78.0,2591.9659048119,4.36972254867474,57.5676269730853,2024.0,1.62303459294911,1,False
CIV,Cote d'Ivoire,2024,0.2866666666666666,108.0,,,98.0,114.0,,,,,,92.0,110.0,2727.8935220697,3.45053028131019,57.5676269730853,2024.0,2.03272330773983,1,False
CIV,Cote d'Ivoire,2025,0.2713178294573644,95.0,,,98.0,90.0,96.0,,,,,98.0,,2727.8935220697,3.45053028131019,57.5676269730853,2024.0,2.03272330773983,1,True
CMR,Cameroon,2020,0.6142857142857143,55.0,,0.085,,,,106.0,39.0,76.0,45.0,,,1555.60370660749,2.43760882182236,60.8737908565624,2024.0,0.819403311730562,0,False
CMR,Cameroon,2021,0.8311688311688312,27.0,,0.09,,,,,60.0,86.0,5.0,,,1672.32657340872,2.27185762503637,60.8737908565624,2024.0,0.955517885808094,0,False
CMR,Cameroon,2022,0.496551724137931,74.0,,,102.0,79.0,,,,,12.0,102.0,102.0,1604.87726954895,6.24767713343861,60.8737908565624,2024.0,1.26876259890659,0,False
CMR,Cameroon,2023,0.7337662337662338,42.0,,,70.0,51.0,,,,,7.0,71.0,51.0,1720.47510154506,7.38281384280984,60.8737908565624,2024.0,1.61132543192255,1,False
CMR,Cameroon,2024,0.2133333333333333,119.0,,,95.0,139.0,,,,,,86.0,125.0,1830.00833684727,4.53331349711606,60.8737908565624,2024.0,1.29492646677846,1,False
CMR,Cameroon,2025,0.4108527131782945,77.0,,,33.0,107.0,25.0,,,,,107.0,,1830.00833684727,4.53331349711606,60.8737908565624,2024.0,1.29492646677846,1,True
COD,"Congo, Dem. Rep.",2020,0.25,106.0,,0.02,,,,140.0,50.0,46.0,123.0,,,486.425572682256,,39.2140115142227,2024.0,2.56157002626062,0,False
COD,"Congo, Dem. Rep.",2021,0.7987012987012987,32.0,,0.08,,,,,31.0,69.0,31.0,,,595.743074403567,,39.2140115142227,2024.0,2.28193902407841,0,False
COD,"Congo, Dem. Rep.",2022,0.4620689655172414,79.0,,,80.0,46.0,,,,,98.0,80.0,28.0,687.738587554685,,39.2140115142227,2024.0,4.63187810938395,0,False
COD,"Congo, Dem. Rep.",2023,0.1623376623376623,130.0,,,96.0,145.0,,,,,10.0,75.0,145.0,660.21205238997,,39.2140115142227,2024.0,4.722354634934,1,False
COD,"Congo, Dem. Rep.",2024,0.6866666666666666,48.0,,,90.0,28.0,,,,,,87.0,27.0,649.383338556725,,39.2140115142227,2024.0,2.81943987261584,1,False
COG,"Congo, Rep.",2022,0.1448275862068965,125.0,,,120.0,146.0,,,,,108.0,120.0,142.0,2620.83804267402,3.04344334698478,55.5760387811851,2024.0,0.277926360104092,0,False
COG,"Congo, Rep.",2024,0.0133333333333333,149.0,,,147.0,151.0,,,,,,142.0,144.0,2482.2489948456,3.09143630919166,55.5760387811851,2024.0,0.279898466738253,1,False
COL,Colombia,2020,0.9428571428571428,9.0,,0.444,,,,61.0,18.0,25.0,4.0,,,5339.68711357943,2.52663500084706,57.0594856281374,2024.0,2.56133478402854,0,False
COL,Colombia,2021,0.935064935064935,11.0,,0.19,,,,,23.0,27.0,12.0,,,6222.62164397614,3.49505757399448,57.0594856281374,2024.0,2.70254419060708,0,False
COL,Colombia,2022,0.903448275862069,15.0,,,23.0,27.0,,,,,10.0,23.0,29.0,6680.44506854481,10.1772313546166,57.0594856281374,2024.0,2.7354220776326,0,False
COL,Colombia,2023,0.7987012987012987,32.0,,,24.0,46.0,,,,,16.0,24.0,46.0,7000.83660501046,11.7359044948689,57.0594856281374,2024.0,2.76052929017364,1,False
COL,Colombia,2024,0.7666666666666666,36.0,,,23.0,45.0,,,,,,22.0,54.0,7919.20886825345,6.60908593728228,57.0594856281374,2024.0,2.83493751117081,1,False
COL,Colombia,2025,0.7829457364341086,29.0,,,28.0,36.0,30.0,,,,,26.0,,7919.20886825345,6.60908593728228,57.0594856281374,2024.0,2.83493751117081,1,True
CPV,Cabo Verde,2020,0.0,,Among lowest,0.0,,,,147.0,149.0,151.0,,,,3539.22661248299,0.605795808395385,,,12.8536888281673,0,False
CPV,Cabo Verde,2021,0.0389610389610389,149.0,,0.0,,,,,147.0,145.0,136.0,,,3971.44409203423,1.86215297494647,,,15.3280846738368,0,False
CPV,Cabo Verde,2023,0.0064935064935064,154.0,,,153.0,154.0,,,,,140.0,153.0,154.0,4794.90121917259,3.72437517668748,,,12.6322620942964,1,False
CRI,Costa Rica,2020,0.4428571428571428,79.0,,0.052,,,,74.0,100.0,113.0,49.0,,,12394.0493969492,0.724911478131376,71.3527070793642,2024.0,0.841063564336656,0,False
CRI,Costa Rica,2021,0.5194805194805194,75.0,,0.04,,,,,106.0,85.0,36.0,,,12838.1185358931,1.72647755109241,71.3527070793642,2024.0,0.914599844344358,0,False
CRI,Costa Rica,2022,0.5586206896551724,65.0,,,86.0,84.0,,,,,16.0,86.0,80.0,13625.9008491328,8.27477490232654,71.3527070793642,2024.0,0.895844948118842,0,False
CRI,Costa Rica,2023,0.409090909090909,92.0,,,84.0,86.0,,,,,103.0,100.0,86.0,16942.0268119375,0.525193508693455,71.3527070793642,2024.0,0.765456761111265,1,False
CRI,Costa Rica,2024,0.4066666666666666,90.0,,,94.0,83.0,,,,,,91.0,82.0,18587.1532203482,-0.412853001047069,71.3527070793642,2024.0,0.760139316219948,1,False
CRI,Costa Rica,2025,0.3410852713178295,86.0,,,97.0,83.0,98.0,,,,,92.0,,18587.1532203482,-0.412853001047069,71.3527070793642,2024.0,0.760139316219948,1,True
CYP,Cyprus,2020,0.5071428571428571,70.0,,0.067,,,,16.0,122.0,108.0,40.0,,,28130.341796875,-0.638422797978959,96.1259312935907,2024.0,2.22125223156192,0,False
CYP,Cyprus,2021,0.2857142857142857,111.0,,0.02,,,,,119.0,114.0,63.0,,,32937.83984375,2.44608867175474,96.1259312935907,2024.0,2.06471293636738,0,False
CYP,Cyprus,2022,0.2482758620689655,110.0,,,118.0,103.0,,,,,40.0,118.0,104.0,33231.04296875,8.39548297993334,96.1259312935907,2024.0,1.67385436424024,0,False
CYP,Cyprus,2023,0.2077922077922077,123.0,,,118.0,110.0,,,,,145.0,121.0,110.0,36623.69140625,3.54134188751663,96.1259312935907,2024.0,1.8055958166083,1,False
CYP,Cyprus,2024,0.2933333333333333,107.0,,,117.0,101.0,,,,,,112.0,99.0,38674.29296875,1.80023018624815,96.1259312935907,2024.0,1.79895977387556,1,False
CYP,Cyprus,2025,0.1937984496124031,105.0,,,110.0,91.0,110.0,,,,,111.0,,38674.29296875,1.80023018624815,96.1259312935907,2024.0,1.79895977387556,1,True
CZE,Czechia,2020,0.6714285714285715,47.0,,0.114,,,,12.0,40.0,30.0,96.0,,,23472.8915454417,3.16129528497801,92.2832885462025,2024.0,1.66692379663162,0,False
CZE,Czechia,2021,0.6168831168831168,60.0,,0.05,,,,,44.0,44.0,106.0,,,27696.4619527544,3.83984491500146,92.2832885462025,2024.0,1.5076553829427,0,False
CZE,Czechia,2022,0.5793103448275863,62.0,,,52.0,44.0,,,,,89.0,52.0,48.0,28282.2236715857,15.1001651468371,92.2832885462025,2024.0,1.37578324481376,0,False
CZE,Czechia,2023,0.6038961038961039,62.0,,,59.0,44.0,,,,,93.0,60.0,44.0,31761.5944102491,10.6612601372426,92.2832885462025,2024.0,1.23917377978351,1,False
CZE,Czechia,2024,0.6666666666666667,51.0,,,52.0,55.0,,,,,,65.0,59.0,31823.3078290564,2.43531202435314,92.2832885462025,2024.0,1.22408277522885,1,False
CZE,Czechia,2025,0.5271317829457365,62.0,,,67.0,56.0,62.0,,,,,71.0,,31823.3078290564,2.43531202435314,92.2832885462025,2024.0,1.22408277522885,1,True
DEU,Germany,2020,0.7714285714285715,33.0,,0.147,,,,63.0,24.0,21.0,79.0,,,47394.8734504469,0.144877925813982,98.2983235670699,2024.0,0.477487831020722,0,False
DEU,Germany,2021,0.6883116883116883,49.0,,0.06,,,,,24.0,20.0,143.0,,,52349.2459994422,3.06666666666673,98.2983235670699,2024.0,0.465094604231552,0,False
DEU,Germany,2022,0.8620689655172413,21.0,,,22.0,15.0,,,,,114.0,22.0,10.0,50506.5179638543,6.87257438551097,98.2983235670699,2024.0,0.466478241668682,0,False
DEU,Germany,2023,0.8376623376623377,26.0,,,23.0,25.0,,,,,60.0,26.0,25.0,54776.7668235491,5.94643667725823,98.2983235670699,2024.0,0.460768626602933,1,False
DEU,Germany,2024,0.8666666666666667,21.0,,,21.0,23.0,,,,,,30.0,21.0,56103.7323182554,2.2564981433876,98.2983235670699,2024.0,0.452984461006563,1,False
DEU,Germany,2025,0.8449612403100775,21.0,,,22.0,18.0,18.0,,,,,31.0,,56103.7323182554,2.2564981433876,98.2983235670699,2024.0,0.452984461006563,1,True
DNK,Denmark,2020,0.4,85.0,,0.042,,,,37.0,98.0,96.0,91.0,,,60985.4885601514,0.420711974110115,98.6505141065248,2024.0,0.374595136346265,0,False
DNK,Denmark,2021,0.2987012987012987,109.0,,0.02,,,,,99.0,89.0,119.0,,,69340.7334922138,1.8530454398968,98.6505141065248,2024.0,0.347904946462732,0,False
DNK,Denmark,2022,0.2068965517241379,116.0,,,116.0,69.0,,,,,72.0,116.0,100.0,67781.0940939514,7.6965669988926,98.6505141065248,2024.0,0.349819211771776,0,False
DNK,Denmark,2023,0.2792207792207792,112.0,,,104.0,106.0,,,,,138.0,105.0,106.0,68043.5466971243,3.30517811237606,98.6505141065248,2024.0,0.375706236320771,1,False
DNK,Denmark,2024,0.3199999999999999,103.0,,,106.0,87.0,,,,,,114.0,95.0,71026.4832271897,1.37220049768918,98.6505141065248,2024.0,0.357925352388462,1,False
DNK,Denmark,2025,0.3565891472868217,84.0,,,96.0,70.0,91.0,,,,,106.0,,71026.4832271897,1.37220049768918,98.6505141065248,2024.0,0.357925352388462,1,True
DOM,Dominican Republic,2020,0.5928571428571429,58.0,,0.083,,,,82.0,73.0,88.0,30.0,,,7135.22273255899,3.78103179915517,64.777963876998,2024.0,10.6071966446228,0,False
DOM,Dominican Republic,2021,0.6753246753246753,51.0,,0.05,,,,,76.0,81.0,25.0,,,8527.0754858205,8.24300347981809,64.777963876998,2024.0,11.3260079151082,0,False
DOM,Dominican Republic,2022,0.7103448275862069,43.0,,,64.0,87.0,,,,,13.0,64.0,74.0,10104.2449349081,8.81109209279587,64.777963876998,2024.0,9.05734336867233,0,False
DOM,Dominican Republic,2023,0.5454545454545454,71.0,,,63.0,96.0,,,,,45.0,58.0,96.0,10630.431743829,4.78561281021135,64.777963876998,2024.0,8.81581566434817,1,False
DOM,Dominican Republic,2024,0.3866666666666667,93.0,,,68.0,113.0,,,,,,71.0,102.0,10875.6618443092,3.30223338951227,64.777963876998,2024.0,9.04956290595841,1,False
DOM,Dominican Republic,2025,0.3255813953488372,88.0,,,84.0,93.0,86.0,,,,,81.0,,10875.6618443092,3.30223338951227,64.777963876998,2024.0,9.04956290595841,1,True
DZA,Algeria,2020,0.0,,Among lowest,0.0,,,,98.0,41.0,34.0,,,,3743.5419522929,2.41513094083414,35.2901069097173,2024.0,1.03085687360381,0,False
DZA,Algeria,2021,0.7142857142857143,45.0,,0.06,,,,,36.0,48.0,77.0,,,4160.55926736925,7.22606307415477,35.2901069097173,2024.0,0.962189288322084,0,False
DZA,Algeria,2022,0.6965517241379311,45.0,,,34.0,50.0,,,,,100.0,34.0,43.0,4960.30334332888,9.26551551551553,35.2901069097173,2024.0,0.755694605229352,0,False
DZA,Algeria,2023,0.7012987012987013,47.0,,,36.0,84.0,,,,,43.0,31.0,84.0,5370.477235078,9.32217375928322,35.2901069097173,2024.0,0.753275484255268,1,False
DZA,Algeria,2024,0.72,43.0,,,34.0,46.0,,,,,,29.0,53.0,5752.99076651465,4.04611455313434,35.2901069097173,2024.0,0.667941907847866,1,False
DZA,Algeria,2025,0.6434108527131783,47.0,,,49.0,53.0,56.0,,,,,42.0,,5752.99076651465,4.04611455313434,35.2901069097173,2024.0,0.667941907847866,1,True
ECU,Ecuador,2020,0.7857142857142857,31.0,,0.157,,,,92.0,53.0,67.0,5.0,,,5463.64515348598,-0.338872392562139,64.5052103870577,2024.0,3.48790451754192,0,False
ECU,Ecuador,2021,0.7792207792207793,35.0,,0.07,,,,,59.0,59.0,21.0,,,6061.32350181711,0.133251386096389,64.5052103870577,2024.0,4.07490158068369,0,False
ECU,Ecuador,2022,0.8827586206896552,18.0,,,37.0,45.0,,,,,6.0,37.0,56.0,6515.58528418336,3.46616972213077,64.5052103870577,2024.0,4.08839477102189,0,False
ECU,Ecuador,2023,0.7272727272727273,43.0,,,47.0,57.0,,,,,22.0,45.0,57.0,6737.84748379638,2.21568764237058,64.5052103870577,2024.0,4.50067266318947,1,False
ECU,Ecuador,2024,0.56,67.0,,,49.0,75.0,,,,,,45.0,109.0,6874.705739766,1.54732515615369,64.5052103870577,2024.0,5.24908721771676,1,False
ECU,Ecuador,2025,0.6744186046511628,43.0,,,43.0,61.0,48.0,,,,,38.0,,6874.705739766,1.54732515615369,64.5052103870577,2024.0,5.24908721771676,1,True
EGY,"Egypt, Arab Rep.",2020,0.55,64.0,,0.074,,,,116.0,37.0,40.0,83.0,,,3511.11381026379,5.04493288977539,43.1134368034247,2024.0,7.71274724506713,0,False
EGY,"Egypt, Arab Rep.",2021,0.6233766233766234,59.0,,0.05,,,,,43.0,49.0,97.0,,,3827.35415374308,5.21404940513043,43.1134368034247,2024.0,7.4144321712116,0,False
EGY,"Egypt, Arab Rep.",2022,0.8413793103448276,24.0,,,15.0,57.0,,,,,110.0,15.0,47.0,4233.30783744856,13.8956609775178,43.1134368034247,2024.0,5.94293350334715,0,False
EGY,"Egypt, Arab Rep.",2023,0.7792207792207793,35.0,,,29.0,50.0,,,,,24.0,29.0,50.0,3456.78968456253,33.8847763115546,43.1134368034247,2024.0,4.93326942206534,1,False
EGY,"Egypt, Arab Rep.",2024,0.7133333333333334,44.0,,,32.0,52.0,,,,,,32.0,60.0,3338.47371395895,28.2705899322083,43.1134368034247,2024.0,7.59757023635599,1,False
EGY,"Egypt, Arab Rep.",2025,0.8062015503875969,26.0,,,26.0,34.0,29.0,,,,,19.0,,3338.47371395895,28.2705899322083,43.1134368034247,2024.0,7.59757023635599,1,True
ESP,Spain,2020,0.7428571428571429,37.0,,0.138,,,,56.0,33.0,29.0,66.0,,,27233.9426461608,-0.322753017299739,98.3807416463989,2024.0,0.237512743208444,0,False
ESP,Spain,2021,0.6948051948051948,48.0,,0.06,,,,,27.0,25.0,125.0,,,30799.4775937775,3.0931351197642,98.3807416463989,2024.0,0.270293557786333,0,False
ESP,Spain,2022,0.7724137931034483,34.0,,,27.0,24.0,,,,,99.0,27.0,26.0,30319.4987196616,8.39057634118627,98.3807416463989,2024.0,0.292566709394882,0,False
ESP,Spain,2023,0.8636363636363636,22.0,,,28.0,13.0,,,,,63.0,32.0,13.0,33493.2225409111,3.53236133492433,98.3807416463989,2024.0,0.339088077031013,1,False
ESP,Spain,2024,0.84,25.0,,,29.0,20.0,,,,,,36.0,18.0,35326.7683069278,2.77417826534772,98.3807416463989,2024.0,0.366748486679136,1,False
ESP,Spain,2025,0.7674418604651163,31.0,,,35.0,23.0,31.0,,,,,39.0,,35326.7683069278,2.77417826534772,98.3807416463989,2024.0,0.366748486679136,1,True
EST,Estonia,2020,0.7142857142857143,41.0,,0.13,,,,2.0,92.0,94.0,20.0,,,23933.9939421065,-0.44453109767983,98.9011091256392,2024.0,1.59281791364911,0,False
EST,Estonia,2021,0.5064935064935066,77.0,,0.03,,,,,92.0,100.0,46.0,,,27951.1659277744,4.65316673847473,98.9011091256392,2024.0,1.58570663884137,0,False
EST,Estonia,2022,0.4413793103448276,82.0,,,95.0,60.0,,,,,38.0,95.0,75.0,28340.3826549406,19.3982634080616,98.9011091256392,2024.0,1.22967848244244,0,False
EST,Estonia,2023,0.3116883116883117,107.0,,,102.0,83.0,,,,,139.0,92.0,83.0,30264.0064885057,9.15922507983982,98.9011091256392,2024.0,1.17495352017049,1,False
EST,Estonia,2024,0.4133333333333333,89.0,,,96.0,78.0,,,,,,82.0,91.0,31428.3547816104,3.52056053296586,98.9011091256392,2024.0,1.15061249841648,1,False
EST,Estonia,2025,0.2635658914728682,96.0,,,102.0,82.0,101.0,,,,,108.0,,31428.3547816104,3.52056053296586,98.9011091256392,2024.0,1.15061249841648,1,True
ETH,Ethiopia,2020,0.1357142857142856,122.0,,0.009,,,,150.0,64.0,63.0,131.0,,,829.790982547947,20.3563468559061,48.8302767819942,2024.0,0.409506869491143,0,False
ETH,Ethiopia,2021,0.2792207792207792,112.0,,0.02,,,,,104.0,115.0,84.0,,,893.00983544905,26.8395221557722,48.8302767819942,2024.0,0.410418210792818,0,False
ETH,Ethiopia,2022,0.5655172413793104,64.0,,,62.0,66.0,,,,,67.0,62.0,46.0,982.103161506992,33.8898797100898,48.8302767819942,2024.0,0.414325120259501,0,False
ETH,Ethiopia,2023,0.7727272727272727,36.0,,,39.0,71.0,,,,,8.0,38.0,71.0,1055.81091592527,30.2188278135278,48.8302767819942,2024.0,0.396956017595771,1,False
ETH,Ethiopia,2024,0.8333333333333334,26.0,,,30.0,26.0,,,,,,24.0,32.0,1133.88279681719,21.0377460577711,48.8302767819942,2024.0,4.76671083897354,1,False
ETH,Ethiopia,2025,0.9147286821705426,12.0,,,19.0,7.0,20.0,,,,,16.0,,1133.88279681719,21.0377460577711,48.8302767819942,2024.0,4.76671083897354,1,True
FIN,Finland,2020,0.6071428571428572,56.0,,0.085,,,,26.0,88.0,78.0,57.0,,,48828.6846862799,0.290554555653239,99.842681813058,2024.0,0.22152961877425,0,False
FIN,Finland,2021,0.4415584415584416,87.0,,0.03,,,,,72.0,68.0,101.0,,,53099.1351400148,2.19457432340007,99.842681813058,2024.0,0.226819392667527,0,False
FIN,Finland,2022,0.4,88.0,,,78.0,65.0,,,,,97.0,78.0,79.0,50440.560224974,7.12350773301402,99.842681813058,2024.0,0.23606130716,0,False
FIN,Finland,2023,0.3636363636363636,99.0,,,97.0,80.0,,,,,123.0,97.0,80.0,52834.2916752703,6.25064322154763,99.842681813058,2024.0,0.253629995298074,1,False
FIN,Finland,2024,0.4533333333333333,83.0,,,91.0,59.0,,,,,,102.0,80.0,53149.7671934051,1.56568906231616,99.842681813058,2024.0,0.250727316304901,1,False
FIN,Finland,2025,0.5038759689922481,65.0,,,76.0,42.0,72.0,,,,,85.0,,53149.7671934051,1.56568906231616,99.842681813058,2024.0,0.250727316304901,1,True
FJI,Fiji,2020,0.0,,Among lowest,0.0,,,,146.0,151.0,150.0,,,,4620.6457238014,-2.59524325887372,,,7.50181245102766,0,False
FJI,Fiji,2021,0.0584415584415584,146.0,,0.0,,,,,150.0,153.0,65.0,,,4536.73312110335,0.155855722131516,,,9.46494841417655,0,False
FJI,Fiji,2022,0.0413793103448275,140.0,,,143.0,143.0,,,,,58.0,143.0,145.0,5414.12092119088,4.32011856243056,,,9.2173590355123,0,False
FJI,Fiji,2023,0.0194805194805194,152.0,,,142.0,152.0,,,,,137.0,139.0,152.0,5926.20586394763,2.34408296633042,,,8.75258114713507,1,False
FJI,Fiji,2024,0.0533333333333333,143.0,,,142.0,136.0,,,,,,151.0,137.0,6425.74151715712,4.51138256524155,,,7.10765055577566,1,False
FRA,France,2020,0.8571428571428572,21.0,,0.208,,,,49.0,25.0,18.0,55.0,,,39169.8606000707,0.476498852725066,99.1902372350206,2024.0,1.13234775294505,0,False
FRA,France,2021,0.7857142857142857,34.0,,0.08,,,,,18.0,17.0,123.0,,,43725.0999521245,1.64233141038385,99.1902372350206,2024.0,1.10053030062383,0,False
FRA,France,2022,0.7862068965517242,32.0,,,26.0,16.0,,,,,101.0,26.0,20.0,40988.6396406579,5.22236748369735,99.1902372350206,2024.0,1.17052155739918,0,False
FRA,France,2023,0.8571428571428572,23.0,,,26.0,21.0,,,,,55.0,28.0,21.0,44700.1384177544,4.87835726508441,99.1902372350206,2024.0,1.20083883326395,1,False
FRA,France,2024,0.86,22.0,,,26.0,21.0,,,,,,33.0,19.0,46103.0840855884,1.99904942291463,99.1902372350206,2024.0,1.22689654507268,1,False
FRA,France,2025,0.8372093023255813,22.0,,,24.0,19.0,22.0,,,,,30.0,,46103.0840855884,1.99904942291463,99.1902372350206,2024.0,1.22689654507268,1,True
GAB,Gabon,2020,0.0285714285714285,137.0,,0.003,,,,138.0,144.0,144.0,119.0,,,6605.80346077565,1.35276110675333,68.1812562934141,2024.0,,0,False
GAB,Gabon,2021,0.0324675324675324,150.0,,0.0,,,,,149.0,149.0,116.0,,,8181.40914134656,1.0869074651941,68.1812562934141,2024.0,,0,False
GAB,Gabon,2022,0.0551724137931034,138.0,,,136.0,133.0,,,,,106.0,136.0,136.0,8409.2074145028,4.23124798274579,68.1812562934141,2024.0,,0,False
GAB,Gabon,2023,0.0324675324675324,150.0,,,151.0,148.0,,,,,120.0,150.0,148.0,7802.82433276138,3.62901534185376,68.1812562934141,2024.0,,1,False
GBR,United Kingdom,2020,0.9071428571428573,14.0,,0.333,,,,42.0,19.0,15.0,17.0,,,40812.6794663879,0.989486703772491,99.2843092777584,2024.0,0.119239810240544,0,False
GBR,United Kingdom,2021,0.8701298701298701,21.0,,0.13,,,,,15.0,12.0,94.0,,,47691.3768799404,2.51837109614213,99.2843092777584,2024.0,0.108356162342484,0,False
GBR,United Kingdom,2022,0.8896551724137931,17.0,,,14.0,12.0,,,,,71.0,14.0,11.0,47057.043229179,7.92204883147902,99.2843092777584,2024.0,0.124639359449125,0,False
GBR,United Kingdom,2023,0.9155844155844156,14.0,,,15.0,8.0,,,,,38.0,20.0,8.0,49944.4702124201,6.79396706793963,99.2843092777584,2024.0,0.13115224032166,1,False
GBR,United Kingdom,2024,0.9266666666666666,12.0,,,12.0,9.0,,,,,,21.0,8.0,53246.3676145108,3.2715729463592,99.2843092777584,2024.0,0.131152727493427,1,False
GBR,United Kingdom,2025,0.9224806201550388,11.0,,,12.0,12.0,9.0,,,,,27.0,,53246.3676145108,3.2715729463592,99.2843092777584,2024.0,0.131152727493427,1,True
GEO,Georgia,2020,0.7928571428571428,30.0,,0.17,,,,18.0,58.0,50.0,21.0,,,4300.85701291207,5.2024648897534,78.8236410959339,2024.0,13.1764161481873,0,False
GEO,Georgia,2021,0.6428571428571428,56.0,,0.05,,,,,66.0,79.0,38.0,,,5083.60695484577,9.56691433824769,78.8236410959339,2024.0,14.0238156359641,0,False
GEO,Georgia,2022,0.7517241379310344,37.0,,,47.0,53.0,,,,,33.0,47.0,52.0,6729.84659930283,11.8981654203198,78.8236410959339,2024.0,15.4242760609985,0,False
GEO,Georgia,2023,0.6688311688311688,52.0,,,51.0,39.0,,,,,91.0,50.0,39.0,8283.66960652261,2.48776056578715,78.8236410959339,2024.0,13.6504078223071,1,False
GEO,Georgia,2024,0.6466666666666667,54.0,,,74.0,53.0,,,,,,64.0,55.0,9241.49122313713,1.10971758022096,78.8236410959339,2024.0,11.8704808635887,1,False
GEO,Georgia,2025,0.5658914728682171,57.0,,,70.0,46.0,73.0,,,,,60.0,,9241.49122313713,1.10971758022096,78.8236410959339,2024.0,11.8704808635887,1,True
GHA,Ghana,2020,0.8142857142857143,27.0,,0.18,,,,87.0,23.0,44.0,19.0,,,2195.45481659987,9.88728956269944,81.2430252454858,2024.0,6.13064485540951,0,False
GHA,Ghana,2021,0.8961038961038961,17.0,,0.14,,,,,37.0,32.0,10.0,,,2445.18662529344,9.9710886750444,81.2430252454858,2024.0,2.45987576586277,0,False
GHA,Ghana,2022,0.6689655172413793,49.0,,,66.0,68.0,,,,,14.0,66.0,58.0,2229.89122647803,31.2558951049016,81.2430252454858,2024.0,2.87894180193646,0,False
GHA,Ghana,2023,0.8181818181818181,29.0,,,31.0,74.0,,,,,4.0,30.0,74.0,2383.90410483418,38.1069656296501,81.2430252454858,2024.0,3.04707983222618,1,False
GHA,Ghana,2024,0.7,46.0,,,33.0,67.0,,,,,,35.0,57.0,2390.77237652715,22.8483281157842,81.2430252454858,2024.0,3.67815124775026,1,False
GHA,Ghana,2025,0.6976744186046512,40.0,,,40.0,44.0,40.0,,,,,34.0,,2390.77237652715,22.8483281157842,81.2430252454858,2024.0,3.67815124775026,1,True
GIN,Guinea,2023,0.3181818181818182,106.0,,,131.0,73.0,,,,,78.0,129.0,73.0,1555.49375806861,7.80497591927973,36.0480250155865,2024.0,2.21728188238975,1,False
GIN,Guinea,2024,0.0733333333333333,140.0,,,135.0,144.0,,,,,,131.0,140.0,1694.95375862193,8.12313914948596,36.0480250155865,2024.0,2.46482438123278,1,False
GRC,Greece,2020,0.6,57.0,,0.084,,,,48.0,68.0,65.0,62.0,,,17886.733165236,-1.24798355581405,88.5519759112244,2024.0,0.31948810676227,0,False
GRC,Greece,2021,0.4155844155844156,91.0,,0.03,,,,,63.0,61.0,121.0,,,20654.7001960815,1.22382501019854,88.5519759112244,2024.0,0.315553946217487,0,False
GRC,Greece,2022,0.4206896551724137,85.0,,,68.0,59.0,,,,,117.0,68.0,53.0,20886.5243087629,9.64525981280632,88.5519759112244,2024.0,0.275508376333916,0,False
GRC,Greece,2023,0.512987012987013,76.0,,,69.0,61.0,,,,,104.0,72.0,61.0,23343.7103964562,3.46480128513405,88.5519759112244,2024.0,0.223070437548297,1,False
GRC,Greece,2024,0.6,61.0,,,69.0,65.0,,,,,,76.0,65.0,24626.1481858973,2.74149045788606,88.5519759112244,2024.0,0.219111411118225,1,False
GRC,Greece,2025,0.4651162790697675,70.0,,,74.0,65.0,76.0,,,,,70.0,,24626.1481858973,2.74149045788606,88.5519759112244,2024.0,0.219111411118225,1,True
GTM,Guatemala,2020,0.3571428571428571,91.0,,0.039,,,,131.0,81.0,74.0,72.0,,,4477.61785000665,3.21444062197345,38.2819483827324,2024.0,14.6751379764358,0,False
GTM,Guatemala,2021,0.4675324675324676,83.0,,0.03,,,,,85.0,94.0,64.0,,,4912.62240414681,4.26105127422813,38.2819483827324,2024.0,17.8213863093606,0,False
GTM,Guatemala,2022,0.5310344827586206,69.0,,,65.0,111.0,,,,,57.0,65.0,107.0,5358.70156997677,6.88512823344287,38.2819483827324,2024.0,19.0341676606447,0,False
GTM,Guatemala,2023,0.3311688311688312,104.0,,,87.0,100.0,,,,,126.0,76.0,100.0,5758.32760847852,6.20657592272126,38.2819483827324,2024.0,19.1445837880762,1,False
GTM,Guatemala,2024,0.2066666666666666,120.0,,,99.0,134.0,,,,,,95.0,132.0,6150.02571438505,2.86992752918294,38.2819483827324,2024.0,19.1206727962629,1,False
GTM,Guatemala,2025,0.4573643410852713,71.0,,,82.0,51.0,84.0,,,,,76.0,,6150.02571438505,2.86992752918294,38.2819483827324,2024.0,19.1206727962629,1,True
GUY,Guyana,2020,0.0,141.0,,0.0,,,,152.0,152.0,153.0,134.0,,,6775.70939096303,0.99333702283873,,,8.06151198098608,0,False
GUY,Guyana,2021,0.0129870129870129,153.0,,0.0,,,,,155.0,156.0,108.0,,,9860.87014834386,5.03285574626702,,,6.88301292281138,0,False
GUY,Guyana,2022,0.0275862068965517,142.0,,,142.0,142.0,,,,,126.0,142.0,143.0,17913.4928066879,6.11505550109935,,,3.66298141565721,0,False
GUY,Guyana,2023,0.0,155.0,,,154.0,153.0,,,,,154.0,154.0,153.0,20473.7002190617,2.82110335099641,,,3.22475315141245,1,False
HND,Honduras,2020,0.1785714285714286,116.0,,0.013,,,,130.0,123.0,125.0,100.0,,,2307.61494319511,3.46841177951184,42.4429707366343,2024.0,23.9319582167015,0,False
HND,Honduras,2021,0.6298701298701299,58.0,,0.05,,,,,96.0,24.0,78.0,,,2735.14751503977,4.48087963413445,42.4429707366343,2024.0,25.5945914762165,0,False
HND,Honduras,2022,0.3862068965517241,90.0,,,84.0,4.0,,,,,73.0,84.0,54.0,3003.28996826399,9.08963911525025,42.4429707366343,2024.0,27.0011044721289,0,False
HND,Honduras,2023,0.3246753246753247,105.0,,,99.0,109.0,,,,,97.0,90.0,109.0,3227.45762509776,6.66325180347457,42.4429707366343,2024.0,26.1039039273527,1,False
HND,Honduras,2024,0.24,115.0,,,87.0,131.0,,,,,,107.0,123.0,3426.43483328923,4.60621098127107,42.4429707366343,2024.0,25.6991309025944,1,False
HND,Honduras,2025,0.2093023255813954,103.0,,,106.0,101.0,108.0,,,,,94.0,,3426.43483328923,4.60621098127107,42.4429707366343,2024.0,25.6991309025944,1,True
HRV,Croatia,2020,0.4571428571428572,77.0,,0.054,,,,28.0,80.0,72.0,94.0,,,14807.5608543265,0.154811374562106,92.6404988027313,2024.0,7.23744781675256,0,False
HRV,Croatia,2021,0.4545454545454546,85.0,,0.03,,,,,67.0,77.0,96.0,,,17788.7865816658,2.55450699642041,92.6404988027313,2024.0,7.22270488573907,0,False
HRV,Croatia,2022,0.296551724137931,103.0,,,91.0,80.0,,,,,93.0,91.0,84.0,18465.5414420364,10.7805806758686,92.6404988027313,2024.0,7.52367920790561,0,False
HRV,Croatia,2023,0.3441558441558441,102.0,,,91.0,95.0,,,,,109.0,93.0,95.0,22184.2279304842,7.9412817758683,92.6404988027313,2024.0,7.09611874772375,1,False
HRV,Croatia,2024,0.4,91.0,,,85.0,90.0,,,,,,96.0,84.0,24050.4397933135,2.97200477643618,92.6404988027313,2024.0,7.21050944903008,1,False
HRV,Croatia,2025,0.3488372093023255,85.0,,,90.0,85.0,90.0,,,,,91.0,,24050.4397933135,2.97200477643618,92.6404988027313,2024.0,7.21050944903008,1,True
HTI,Haiti,2020,0.0928571428571428,128.0,,0.006,,,,148.0,125.0,130.0,121.0,,,1290.32538667383,22.7963113642528,,,22.4512536627714,0,False
HTI,Haiti,2021,0.2272727272727273,120.0,,0.01,,,,,121.0,122.0,74.0,,,1841.33189337222,16.8415240198785,,,19.0714280484253,0,False
HTI,Haiti,2022,0.096551724137931,132.0,,,110.0,128.0,,,,,145.0,110.0,133.0,1760.62635668777,33.98393194707,,,18.7510455649753,0,False
HTI,Haiti,2023,0.4415584415584416,87.0,,,103.0,101.0,,,,,42.0,113.0,101.0,1705.75808460999,36.8135162780854,,,18.9075125418803,1,False
HTI,Haiti,2024,0.1466666666666666,129.0,,,83.0,147.0,,,,,,68.0,141.0,2142.62330526788,26.9490564091987,,,16.2978802161959,1,False
HUN,Hungary,2020,0.3857142857142857,87.0,,0.041,,,,51.0,75.0,62.0,113.0,,,16386.9308821258,3.32674385766738,86.9605630769545,2024.0,2.47049834371569,0,False
HUN,Hungary,2021,0.3441558441558441,102.0,,0.02,,,,,78.0,72.0,128.0,,,19030.628130329,5.11096534382855,86.9605630769545,2024.0,2.05117225294059,0,False
HUN,Hungary,2022,0.3793103448275862,91.0,,,79.0,81.0,,,,,112.0,79.0,73.0,18428.028825614,14.6081439492433,86.9605630769545,2024.0,2.2424521145243,0,False
HUN,Hungary,2023,0.5324675324675325,73.0,,,79.0,47.0,,,,,96.0,77.0,47.0,22230.6277875187,17.1249659678737,86.9605630769545,2024.0,2.40983965445182,1,False
HUN,Hungary,2024,0.6066666666666667,60.0,,,65.0,64.0,,,,,,73.0,66.0,23292.3263882478,3.70370370370369,86.9605630769545,2024.0,2.46145540911402,1,False
HUN,Hungary,2025,0.4961240310077519,66.0,,,73.0,60.0,75.0,,,,,68.0,,23292.3263882478,3.70370370370369,86.9605630769545,2024.0,2.46145540911402,1,True
IDN,Indonesia,2020,0.7785714285714286,32.0,,0.151,,,,75.0,12.0,11.0,103.0,,,3853.70288774146,1.91983527270793,56.3278493718021,2024.0,0.91127727787002,0,False
IDN,Indonesia,2021,0.8441558441558441,25.0,,0.1,,,,,14.0,16.0,111.0,,,4287.17313995098,1.56007882983334,56.3278493718021,2024.0,0.792444188150129,0,False
IDN,Indonesia,2022,0.8689655172413793,20.0,,,16.0,18.0,,,,,129.0,16.0,13.0,4730.83484836107,4.20946463714784,56.3278493718021,2024.0,0.99228904198387,0,False
IDN,Indonesia,2023,0.961038961038961,7.0,,,13.0,5.0,,,,,14.0,13.0,5.0,4876.30774512252,3.66938654859761,56.3278493718021,2024.0,1.05507286323115,1,False
IDN,Indonesia,2024,0.9866666666666668,3.0,,,6.0,1.0,,,,,,6.0,1.0,4925.43048751861,2.18151273615189,56.3278493718021,2024.0,1.14863323387459,1,False
IDN,Indonesia,2025,0.9534883720930232,7.0,,,7.0,4.0,7.0,,,,,9.0,,4925.43048751861,2.18151273615189,56.3278493718021,2024.0,1.14863323387459,1,True
IND,India,2020,0.9285714285714286,11.0,,0.395,,,,129.0,3.0,3.0,32.0,,,1907.04251637669,6.62343677628535,89.0248224502547,2024.0,3.10855277353444,0,False
IND,India,2021,0.9935064935064936,2.0,,0.37,,,,,3.0,2.0,72.0,,,2239.61384367482,5.13140747176369,89.0248224502547,2024.0,2.82183503869842,0,False
IND,India,2022,0.9793103448275862,4.0,,,1.0,1.0,,,,,82.0,1.0,1.0,2347.44829434623,6.69903414079852,89.0248224502547,2024.0,3.32391537862222,0,False
IND,India,2023,1.0,1.0,,,1.0,1.0,,,,,5.0,1.0,1.0,2530.12031278204,5.64914318907925,89.0248224502547,2024.0,3.28504639847322,1,False
IND,India,2024,1.0,1.0,,,1.0,3.0,,,,,,1.0,2.0,2694.73780859961,4.95303550973656,89.0248224502547,2024.0,3.52118550357421,1,False
IND,India,2025,1.0,1.0,,,1.0,1.0,1.0,,,,,1.0,,2694.73780859961,4.95303550973656,89.0248224502547,2024.0,3.52118550357421,1,True
IRL,Ireland,2020,0.5142857142857142,69.0,,0.071,,,,23.0,108.0,101.0,48.0,,,86514.0706108754,-0.326183651280033,98.2929182250875,2024.0,0.06331314263944,0,False
IRL,Ireland,2021,0.2402597402597402,118.0,,0.01,,,,,108.0,98.0,132.0,,,103783.446284479,2.34034113447044,98.2929182250875,2024.0,0.0339096176869685,0,False
IRL,Ireland,2022,0.1517241379310344,124.0,,,117.0,67.0,,,,,120.0,117.0,95.0,105190.685952731,7.82945736434105,98.2929182250875,2024.0,0.0969814080083862,0,False
IRL,Ireland,2023,0.2597402597402597,115.0,,,115.0,94.0,,,,,131.0,125.0,94.0,106818.917130804,6.29942487419125,98.2929182250875,2024.0,0.100626960522158,1,False
IRL,Ireland,2024,0.3266666666666666,102.0,,,102.0,86.0,,,,,,118.0,98.0,112894.953240805,2.11344999577317,98.2929182250875,2024.0,0.107757774289943,1,False
IRL,Ireland,2025,0.3023255813953488,91.0,,,99.0,79.0,95.0,,,,,105.0,,112894.953240805,2.11344999577317,98.2929182250875,2024.0,0.107757774289943,1,True
IRN,"Iran, Islamic Rep.",2020,0.6357142857142857,52.0,,0.092,,,,102.0,28.0,20.0,92.0,,,3202.50003502169,30.5941390387295,91.0610044635676,2024.0,,0,False
IRN,"Iran, Islamic Rep.",2021,0.6493506493506493,55.0,,0.05,,,,,19.0,33.0,141.0,,,4605.14881318992,43.3890162681514,91.0610044635676,2024.0,,0,False
IRN,"Iran, Islamic Rep.",2023,0.8246753246753247,28.0,,,33.0,31.0,,,,,57.0,14.0,31.0,5049.29931642754,44.5791857572797,91.0610044635676,2024.0,,1,False
IRN,"Iran, Islamic Rep.",2024,0.14,130.0,,,148.0,109.0,,,,,,144.0,111.0,5190.16959024821,32.455871402917,91.0610044635676,2024.0,,1,False
IRQ,Iraq,2020,0.0714285714285714,131.0,,0.005,,,,144.0,117.0,92.0,138.0,,,4295.18945121228,0.574162679425795,30.1610517779513,2024.0,0.356221273355833,0,False
IRQ,Iraq,2021,0.2207792207792207,121.0,,0.01,,,,,98.0,84.0,150.0,,,4868.49431080783,6.04186489058044,30.1610517779513,2024.0,0.400349187063478,0,False
IRQ,Iraq,2022,0.6482758620689655,52.0,,,24.0,98.0,,,,,130.0,24.0,101.0,6520.73154560584,4.99476596381044,30.1610517779513,2024.0,0.3822220371914,0,False
IRQ,Iraq,2023,0.5909090909090908,64.0,,,60.0,98.0,,,,,27.0,64.0,98.0,5965.31835077761,4.35835351089586,30.1610517779513,2024.0,0.432049782942699,1,False
IRQ,Iraq,2024,0.5466666666666666,69.0,,,56.0,91.0,,,,,,46.0,85.0,6073.61032342708,-12.2969837587007,30.1610517779513,2024.0,0.248997592822188,1,False
IRQ,Iraq,2025,0.6666666666666667,44.0,,,50.0,45.0,55.0,,,,,40.0,,6073.61032342708,-12.2969837587007,30.1610517779513,2024.0,0.248997592822188,1,True
ISL,Iceland,2020,0.15,120.0,,0.01,,,,32.0,141.0,140.0,110.0,,,60127.9393575616,2.84792401518665,99.8548358099717,2024.0,0.759557117718073,0,False
ISL,Iceland,2021,0.0519480519480519,147.0,,0.0,,,,,144.0,144.0,145.0,,,70425.4064277273,4.44423970189739,99.8548358099717,2024.0,0.73686487544575,0,False
ISL,Iceland,2022,0.0482758620689655,139.0,,,141.0,129.0,,,,,77.0,141.0,129.0,76350.4550416502,8.3087551155892,99.8548358099717,2024.0,0.667749932634084,0,False
ISL,Iceland,2023,0.0259740259740259,151.0,,,146.0,133.0,,,,,153.0,149.0,133.0,82138.7892973557,8.73630299937298,99.8548358099717,2024.0,0.697213311817886,1,False
ISL,Iceland,2024,0.06,142.0,,,143.0,135.0,,,,,,148.0,143.0,86040.5309851288,5.85683849970066,99.8548358099717,2024.0,0.739962768086762,1,False
ISL,Iceland,2025,0.0930232558139535,118.0,,,119.0,108.0,118.0,,,,,120.0,,86040.5309851288,5.85683849970066,99.8548358099717,2024.0,0.739962768086762,1,True
ISR,Israel,2020,0.3214285714285714,96.0,,0.033,,,,52.0,85.0,80.0,116.0,,,44575.5719045492,-0.575254620897756,89.2691974119826,2024.0,0.251406904480002,0,False
ISR,Israel,2021,0.3636363636363636,99.0,,0.02,,,,,86.0,64.0,114.0,,,52270.9040241956,1.47965474722561,89.2691974119826,2024.0,0.25111689451007,0,False
ISR,Israel,2022,0.2413793103448276,111.0,,,101.0,77.0,,,,,105.0,101.0,65.0,54949.621556429,4.41162725488371,89.2691974119826,2024.0,0.240907416807883,0,False
ISR,Israel,2023,0.5194805194805194,75.0,,,76.0,56.0,,,,,94.0,79.0,56.0,52003.7200729997,4.22522603168918,89.2691974119826,2024.0,0.193309194499678,1,False
ISR,Israel,2024,0.54,70.0,,,89.0,61.0,,,,,,89.0,63.0,54176.6844383302,3.07480889805025,89.2691974119826,2024.0,0.176227865346397,1,False
ISR,Israel,2025,0.4496124031007752,72.0,,,75.0,69.0,74.0,,,,,78.0,,54176.6844383302,3.07480889805025,89.2691974119826,2024.0,0.176227865346397,1,True
ITA,Italy,2020,0.6571428571428571,49.0,,0.109,,,,71.0,36.0,31.0,78.0,,,32091.4866621366,-0.13770757391651,86.0191093278992,2024.0,0.518407597996087,0,False
ITA,Italy,2021,0.4935064935064935,79.0,,0.03,,,,,34.0,31.0,151.0,,,36852.5425414951,1.87378325762481,86.0191093278992,2024.0,0.463652112501098,0,False
ITA,Italy,2022,0.6551724137931034,51.0,,,32.0,30.0,,,,,132.0,32.0,27.0,35653.9042103495,8.20128991161718,86.0191093278992,2024.0,0.466821575656975,0,False
ITA,Italy,2023,0.7662337662337663,37.0,,,34.0,28.0,,,,,72.0,37.0,28.0,39277.0838783918,5.62219442195901,86.0191093278992,2024.0,0.522413573707348,1,False
ITA,Italy,2024,0.76,37.0,,,38.0,37.0,,,,,,37.0,37.0,40385.3413957669,0.982373023061417,86.0191093278992,2024.0,0.468400220480969,1,False
ITA,Italy,2025,0.7286821705426356,36.0,,,37.0,35.0,38.0,,,,,36.0,,40385.3413957669,0.982373023061417,86.0191093278992,2024.0,0.468400220480969,1,True
JAM,Jamaica,2020,0.35,92.0,,0.038,,,,68.0,96.0,114.0,84.0,,,5299.04530804283,5.2267777929352,73.3003615105011,2021.0,20.4455313500087,0,False
JAM,Jamaica,2021,0.4805194805194805,81.0,,0.03,,,,,111.0,110.0,15.0,,,5625.67806271236,5.86278242801063,73.3003615105011,2021.0,23.2192733527292,0,False
JAM,Jamaica,2022,0.6344827586206896,54.0,,,97.0,100.0,,,,,4.0,97.0,98.0,6626.47502388538,10.3495688391272,73.3003615105011,2021.0,19.6005613796812,0,False
JAM,Jamaica,2023,0.4025974025974026,93.0,,,98.0,113.0,,,,,50.0,103.0,113.0,7542.40084275345,6.47413734662063,73.3003615105011,2021.0,16.8113957088423,1,False
JAM,Jamaica,2024,0.3133333333333333,104.0,,,109.0,97.0,,,,,,109.0,89.0,7753.8006955432,5.41194447981659,73.3003615105011,2021.0,16.1911212088802,1,False
JAM,Jamaica,2025,0.2945736434108527,92.0,,,101.0,87.0,102.0,,,,,87.0,,7753.8006955432,5.41194447981659,73.3003615105011,2021.0,16.1911212088802,1,True
JOR,Jordan,2020,0.3285714285714286,95.0,,0.033,,,,114.0,90.0,87.0,89.0,,,4022.0401356135,0.333294350628378,46.4573138115455,2024.0,11.0277178090294,0,False
JOR,Jordan,2021,0.3766233766233766,97.0,,0.02,,,,,84.0,91.0,91.0,,,4183.49998326866,1.34609377243118,46.4573138115455,2024.0,10.9558097995849,0,False
JOR,Jordan,2022,0.5379310344827586,68.0,,,60.0,88.0,,,,,68.0,60.0,78.0,4332.25159897931,4.22915568897117,46.4573138115455,2024.0,9.78565654560806,0,False
JOR,Jordan,2023,0.577922077922078,66.0,,,54.0,87.0,,,,,68.0,47.0,87.0,4466.08314208575,2.08486986327134,46.4573138115455,2024.0,8.5342141956866,1,False
JOR,Jordan,2024,0.4466666666666666,84.0,,,54.0,110.0,,,,,,42.0,107.0,4618.09592498567,1.55659611283953,46.4573138115455,2024.0,8.30541068744501,1,False
JOR,Jordan,2025,0.7751937984496124,30.0,,,42.0,11.0,45.0,,,,,35.0,,4618.09592498567,1.55659611283953,46.4573138115455,2024.0,8.30541068744501,1,True
JPN,Japan,2020,0.5,71.0,,0.065,,,,122.0,32.0,16.0,106.0,,,40028.7341726762,-0.024995834027731,98.5235592091779,2024.0,0.0967099102397569,0,False
JPN,Japan,2021,0.474025974025974,82.0,,0.03,,,,,26.0,28.0,158.0,,,40094.5599795288,-0.233352779398264,98.5235592091779,2024.0,0.105055336492197,0,False
JPN,Japan,2022,0.8275862068965517,26.0,,,20.0,17.0,,,,,143.0,20.0,9.0,34065.6438962526,2.49770278172255,98.5235592091779,2024.0,0.126874933673179,0,False
JPN,Japan,2023,0.8896103896103896,18.0,,,22.0,18.0,,,,,49.0,21.0,18.0,33836.1756271617,3.26813365933163,98.5235592091779,2024.0,0.111846653062437,1,False
JPN,Japan,2024,0.8533333333333333,23.0,,,24.0,29.0,,,,,,20.0,25.0,32487.0778047567,2.73853681635241,98.5235592091779,2024.0,0.115309420280122,1,False
JPN,Japan,2025,0.8604651162790697,19.0,,,20.0,16.0,27.0,,,,,17.0,,32487.0778047567,2.73853681635241,98.5235592091779,2024.0,0.115309420280122,1,True
KAZ,Kazakhstan,2020,0.5285714285714286,67.0,,0.072,,,,84.0,74.0,61.0,60.0,,,8781.50797787648,6.71815454861464,87.0486447464415,2024.0,0.218836862121885,0,False
KAZ,Kazakhstan,2021,0.3376623376623376,103.0,,0.02,,,,,70.0,75.0,138.0,,,9983.60103576902,8.04147134028391,87.0486447464415,2024.0,0.157213071084416,0,False
KAZ,Kazakhstan,2022,0.5862068965517242,61.0,,,44.0,73.0,,,,,115.0,44.0,59.0,11255.3396437881,15.0278644440851,87.0486447464415,2024.0,0.213219830288597,0,False
KAZ,Kazakhstan,2023,0.7077922077922079,46.0,,,41.0,40.0,,,,,81.0,35.0,40.0,12879.4275257974,14.7249900200331,87.0486447464415,2024.0,0.115996073438374,1,False
KAZ,Kazakhstan,2024,0.6266666666666667,57.0,,,47.0,79.0,,,,,,41.0,76.0,14154.6324958076,8.83943897452672,87.0486447464415,2024.0,0.08260553410117,1,False
KAZ,Kazakhstan,2025,0.5813953488372092,55.0,,,60.0,57.0,65.0,,,,,56.0,,14154.6324958076,8.83943897452672,87.0486447464415,2024.0,0.08260553410117,1,True
KEN,Kenya,2020,0.9714285714285714,5.0,,0.645,,,,57.0,11.0,37.0,1.0,,,1927.66459027849,5.40516207933392,90.1199173733613,2024.0,3.08763090265523,0,False
KEN,Kenya,2021,0.974025974025974,5.0,,0.28,,,,,28.0,41.0,1.0,,,2061.35622089594,6.10793603659176,90.1199173733613,2024.0,3.43661248510652,0,False
KEN,Kenya,2022,0.8758620689655172,19.0,,,43.0,9.0,,,,,5.0,43.0,34.0,2109.56288513137,7.65986268272224,90.1199173733613,2024.0,3.54717907214312,0,False
KEN,Kenya,2023,0.8701298701298701,21.0,,,20.0,55.0,,,,,3.0,34.0,55.0,1942.58802756191,7.67139634029402,90.1199173733613,2024.0,3.93262959527649,1,False
KEN,Kenya,2024,0.8200000000000001,28.0,,,31.0,32.0,,,,,,27.0,29.0,2132.43452097647,4.48978854243448,90.1199173733613,2024.0,4.15476886041749,1,False
KEN,Kenya,2025,0.813953488372093,25.0,,,21.0,32.0,21.0,,,,,22.0,,2132.43452097647,4.48978854243448,90.1199173733613,2024.0,4.15476886041749,1,True
KGZ,Kyrgyz Republic,2020,0.1285714285714285,123.0,,0.008,,,,85.0,84.0,71.0,141.0,,,1229.51766602907,6.32542296338078,72.2642375946654,2024.0,31.8069826721848,0,False
KGZ,Kyrgyz Republic,2021,0.551948051948052,70.0,,0.04,,,,,57.0,55.0,92.0,,,1349.99730650542,11.9050398185147,72.2642375946654,2024.0,32.5635356064056,0,False
KGZ,Kyrgyz Republic,2022,0.4758620689655172,77.0,,,73.0,51.0,,,,,84.0,73.0,37.0,1739.72018344174,13.9229093174176,72.2642375946654,2024.0,26.5775606386275,0,False
KGZ,Kyrgyz Republic,2023,0.538961038961039,72.0,,,64.0,42.0,,,,,122.0,54.0,42.0,2138.22210211478,10.7532770416742,72.2642375946654,2024.0,18.773661768124,1,False
KGZ,Kyrgyz Republic,2024,0.5,76.0,,,59.0,74.0,,,,,,58.0,105.0,2420.18542283831,,72.2642375946654,2024.0,17.7363196361325,1,False
KGZ,Kyrgyz Republic,2025,0.5426356589147288,60.0,,,57.0,73.0,54.0,,,,,59.0,,2420.18542283831,,72.2642375946654,2024.0,17.7363196361325,1,True
KHM,Cambodia,2020,0.3714285714285714,89.0,,0.04,,,,111.0,51.0,49.0,111.0,,,2081.73914242939,2.9402951426397,39.0314428535,2024.0,7.43222431717955,0,False
KHM,Cambodia,2021,0.7337662337662338,42.0,,0.07,,,,,53.0,62.0,29.0,,,2167.40324198499,2.92073477592949,39.0314428535,2024.0,6.90078241933383,0,False
KHM,Cambodia,2022,0.8206896551724138,27.0,,,38.0,29.0,,,,,28.0,38.0,23.0,2325.03050040841,5.34370264895437,39.0314428535,2024.0,6.54093545373445,0,False
KHM,Cambodia,2023,0.8116883116883117,30.0,,,45.0,17.0,,,,,56.0,43.0,17.0,2429.74853452838,2.12746796594194,39.0314428535,2024.0,6.57102335601563,1,False
KHM,Cambodia,2024,0.8933333333333333,17.0,,,10.0,35.0,,,,,,9.0,23.0,2627.87969756224,0.808042016536654,39.0314428535,2024.0,6.10087598628419,1,False
KHM,Cambodia,2025,0.751937984496124,33.0,,,30.0,47.0,32.0,,,,,28.0,,2627.87969756224,0.808042016536654,39.0314428535,2024.0,6.10087598628419,1,True
KOR,"Korea, Rep.",2020,0.8857142857142857,17.0,,0.246,,,,24.0,10.0,8.0,97.0,,,33645.7719545073,0.537288023411737,96.8949448884961,2024.0,0.426290161624685,0,False
KOR,"Korea, Rep.",2021,0.7467532467532467,40.0,,0.07,,,,,13.0,13.0,153.0,,,37518.4635305697,2.49833333333339,96.8949448884961,2024.0,0.398612260944612,0,False
KOR,"Korea, Rep.",2022,0.8482758620689655,23.0,,,11.0,28.0,,,,,141.0,11.0,22.0,34822.4048404971,5.08951365062842,96.8949448884961,2024.0,0.434292552000758,0,False
KOR,"Korea, Rep.",2023,0.8311688311688312,27.0,,,16.0,29.0,,,,,75.0,16.0,29.0,35674.095995632,3.5974562502901,96.8949448884961,2024.0,0.381341957760895,1,False
KOR,"Korea, Rep.",2024,0.88,19.0,,,15.0,33.0,,,,,,14.0,33.0,36238.639908315,2.32174328643542,96.8949448884961,2024.0,0.397219091099879,1,False
KOR,"Korea, Rep.",2025,0.8914728682170543,15.0,,,11.0,24.0,13.0,,,,,12.0,,36238.639908315,2.32174328643542,96.8949448884961,2024.0,0.397219091099879,1,True
KWT,Kuwait,2020,0.2714285714285714,103.0,,0.021,,,,94.0,129.0,122.0,76.0,,,25236.0755848941,2.101729548274,74.4578561430281,2024.0,0.0202777033196997,0,False
KWT,Kuwait,2021,0.1493506493506493,132.0,,0.01,,,,,126.0,123.0,142.0,,,34018.6342592913,3.42362947609188,74.4578561430281,2024.0,0.543748747830022,0,False
KWT,Kuwait,2023,0.2532467532467533,116.0,,,119.0,93.0,,,,,130.0,122.0,93.0,34075.849012909,3.64216403030709,74.4578561430281,2024.0,0.0128691395027413,1,False
KWT,Kuwait,2024,0.1866666666666666,123.0,,,130.0,122.0,,,,,,125.0,119.0,32717.7186631255,2.89855072463762,74.4578561430281,2024.0,0.0127258921481448,1,False
KWT,Kuwait,2025,0.2403100775193798,99.0,,,105.0,88.0,105.0,,,,,104.0,,32717.7186631255,2.89855072463762,74.4578561430281,2024.0,0.0127258921481448,1,True
LAO,Lao PDR,2020,0.0,,Among lowest,0.0,,,,67.0,82.0,97.0,,,,2583.77730696131,5.10407262959919,37.6501969468659,2024.0,1.22309812418047,0,False
LAO,Lao PDR,2021,0.5,78.0,,0.03,,,,,91.0,93.0,53.0,,,2526.05105018529,3.75562036658877,37.6501969468659,2024.0,1.16599964631609,0,False
LAO,Lao PDR,2022,0.4137931034482759,86.0,,,88.0,83.0,,,,,59.0,88.0,86.0,2046.40440255621,22.9562225132056,37.6501969468659,2024.0,1.54993514268783,0,False
LAO,Lao PDR,2023,0.6753246753246753,51.0,,,49.0,35.0,,,,,106.0,40.0,35.0,2066.94979776957,31.2301341732646,37.6501969468659,2024.0,1.81268457051843,1,False
LAO,Lao PDR,2024,0.4333333333333333,86.0,,,70.0,88.0,,,,,,72.0,108.0,2123.97909415109,23.1305695942588,37.6501969468659,2024.0,1.49419709212958,1,False
LAO,Lao PDR,2025,0.0387596899224805,125.0,,,126.0,120.0,126.0,,,,,126.0,,2123.97909415109,23.1305695942588,37.6501969468659,2024.0,1.49419709212958,1,True
LBN,Lebanon,2020,0.1928571428571428,114.0,,0.013,,,,120.0,119.0,118.0,115.0,,,5561.19166950397,84.8643330472041,23.0438575680739,2024.0,20.7914353641318,0,False
LBN,Lebanon,2021,0.564935064935065,68.0,,0.04,,,,,109.0,21.0,95.0,,,4045.37391066234,154.756096023393,23.0438575680739,2024.0,27.4664867984856,0,False
LBN,Lebanon,2022,0.3931034482758621,89.0,,,90.0,2.0,,,,,56.0,90.0,72.0,3654.35845534878,171.205491336641,23.0438575680739,2024.0,30.6555163782975,0,False
LBN,Lebanon,2023,0.2987012987012987,109.0,,,101.0,118.0,,,,,83.0,96.0,118.0,3477.72489842684,221.341644023365,23.0438575680739,2024.0,33.349773045666,1,False
LBR,Liberia,2024,0.1733333333333333,125.0,,,118.0,137.0,,,,,,116.0,124.0,851.497723870206,8.21497439118964,52.2139331485699,2024.0,21.2758383451019,1,False
LBY,Libya,2020,0.0,,Among lowest,0.0,,,,107.0,132.0,127.0,,,,6650.33810585348,1.44703656998741,33.1190908215163,2024.0,,0,False
LBY,Libya,2021,0.3051948051948052,108.0,,0.02,,,,,118.0,112.0,59.0,,,4935.82787349801,2.86833027751019,33.1190908215163,2024.0,,0,False
LBY,Libya,2022,0.1034482758620689,131.0,,,125.0,125.0,,,,,137.0,125.0,122.0,5986.63694851258,4.51030149235703,33.1190908215163,2024.0,,0,False
LBY,Libya,2023,0.2337662337662337,119.0,,,125.0,114.0,,,,,108.0,124.0,114.0,6026.51518708812,2.37317531435169,33.1190908215163,2024.0,,1,False
LBY,Libya,2024,0.3399999999999999,100.0,,,111.0,92.0,,,,,,105.0,86.0,6569.16408678648,2.12615766885025,33.1190908215163,2024.0,,1,False
LBY,Libya,2025,0.0155038759689922,128.0,,,130.0,125.0,129.0,,,,,129.0,,6569.16408678648,2.12615766885025,33.1190908215163,2024.0,,1,True
LCA,St. Lucia,2022,0.1586206896551724,123.0,,,129.0,135.0,,,,,35.0,129.0,134.0,13103.8243147472,6.37814695133351,,,2.64606338325431,0,False
LKA,Sri Lanka,2020,0.4499999999999999,78.0,,0.053,,,,97.0,77.0,75.0,70.0,,,3847.60137695639,6.15394508391738,81.6921293527248,2024.0,8.46666948979071,0,False
LKA,Sri Lanka,2021,0.6623376623376623,53.0,,0.05,,,,,80.0,74.0,32.0,,,3996.96240014909,7.01478071238195,81.6921293527248,2024.0,6.23540007343764,0,False
LKA,Sri Lanka,2022,0.6068965517241379,58.0,,,59.0,54.0,,,,,48.0,59.0,63.0,3342.63650253855,49.7211021114327,81.6921293527248,2024.0,5.1513598897261,0,False
LKA,Sri Lanka,2023,0.6818181818181819,50.0,,,48.0,54.0,,,,,66.0,41.0,54.0,3798.89016573011,16.5411742279832,81.6921293527248,2024.0,7.19406597922512,1,False
LKA,Sri Lanka,2024,0.5266666666666666,72.0,,,53.0,102.0,,,,,,44.0,90.0,4515.56787322732,-0.42936004906973,81.6921293527248,2024.0,6.79203842044984,1,False
LKA,Sri Lanka,2025,0.6356589147286822,48.0,,,41.0,78.0,41.0,,,,,44.0,,4515.56787322732,-0.42936004906973,81.6921293527248,2024.0,6.79203842044984,1,True
LTU,Lithuania,2020,0.7571428571428571,35.0,,0.144,,,,9.0,78.0,64.0,25.0,,,20428.6478157394,1.19989444983569,98.9947155941499,2024.0,1.37702741376978,0,False
LTU,Lithuania,2021,0.409090909090909,92.0,,0.03,,,,,89.0,101.0,67.0,,,23870.4594851722,4.68354420903453,98.9947155941499,2024.0,1.16066302778464,0,False
LTU,Lithuania,2022,0.303448275862069,102.0,,,93.0,92.0,,,,,86.0,93.0,90.0,25085.784063499,19.7050461518394,98.9947155941499,2024.0,1.03605141610571,0,False
LTU,Lithuania,2023,0.435064935064935,88.0,,,88.0,66.0,,,,,121.0,94.0,66.0,27786.0057829276,9.11731962390475,98.9947155941499,2024.0,1.22409792475394,1,False
LTU,Lithuania,2024,0.4599999999999999,82.0,,,92.0,70.0,,,,,,100.0,72.0,29384.0189598663,0.715735835228723,98.9947155941499,2024.0,1.23863135593181,1,False
LTU,Lithuania,2025,0.3333333333333333,87.0,,,94.0,84.0,92.0,,,,,95.0,,29384.0189598663,0.715735835228723,98.9947155941499,2024.0,1.23863135593181,1,True
LUX,Luxembourg,2020,0.3,99.0,,0.025,,,,13.0,139.0,139.0,58.0,,,116860.02817236,0.819957302127036,,,3.16202010200796,0,False
LUX,Luxembourg,2021,0.0844155844155843,142.0,,0.0,,,,,137.0,137.0,140.0,,,134965.815442152,2.52692009066166,,,2.83766550948833,0,False
LUX,Luxembourg,2022,0.0689655172413793,136.0,,,138.0,119.0,,,,,78.0,138.0,123.0,123719.658915996,6.33600807777919,,,2.77413838196924,0,False
LUX,Luxembourg,2023,0.1753246753246753,128.0,,,143.0,115.0,,,,,107.0,145.0,115.0,133230.619178899,3.74140361983136,,,2.83927238374381,1,False
LUX,Luxembourg,2024,0.1933333333333333,122.0,,,129.0,108.0,,,,,,139.0,114.0,137781.681659123,2.05113269954859,,,2.6796497771042,1,False
LUX,Luxembourg,2025,0.1085271317829457,116.0,,,117.0,100.0,111.0,,,,,118.0,,137781.681659123,2.05113269954859,,,2.6796497771042,1,True
LVA,Latvia,2020,0.85,22.0,,0.204,,,,1.0,61.0,56.0,22.0,,,17564.2321549354,0.219064904842156,94.9733099977296,2024.0,3.26049152549512,0,False
LVA,Latvia,2021,0.525974025974026,74.0,,0.04,,,,,82.0,92.0,56.0,,,20261.8887788916,3.27582937431156,94.9733099977296,2024.0,3.45020908059925,0,False
LVA,Latvia,2022,0.3724137931034482,92.0,,,98.0,96.0,,,,,55.0,98.0,92.0,20221.103686109,17.3102830198815,94.9733099977296,2024.0,3.40541390123867,0,False
LVA,Latvia,2023,0.3571428571428571,100.0,,,78.0,64.0,,,,,148.0,91.0,64.0,22710.2637544197,8.93804623316637,94.9733099977296,2024.0,2.88631577171599,1,False
LVA,Latvia,2024,0.48,79.0,,,103.0,44.0,,,,,,106.0,75.0,23409.0845154775,1.26579885828729,94.9733099977296,2024.0,3.06291232632615,1,False
LVA,Latvia,2025,0.3798449612403101,81.0,,,95.0,71.0,94.0,,,,,93.0,,23409.0845154775,1.26579885828729,94.9733099977296,2024.0,3.06291232632615,1,True
MAR,Morocco,2020,0.7071428571428571,42.0,,0.127,,,,108.0,35.0,35.0,39.0,,,3268.0302734375,0.705968661338261,44.3863291468524,2024.0,6.10953091862088,0,False
MAR,Morocco,2021,0.8506493506493507,24.0,,0.1,,,,,35.0,34.0,35.0,,,3785.93627929688,1.40195883962006,44.3863291468524,2024.0,7.67928536986343,0,False
MAR,Morocco,2022,0.9103448275862068,14.0,,,19.0,33.0,,,,,21.0,19.0,18.0,3463.1376953125,6.65704202759067,44.3863291468524,2024.0,8.51110257085938,0,False
MAR,Morocco,2023,0.8766233766233766,20.0,,,27.0,26.0,,,,,21.0,25.0,26.0,3813.72607421875,6.09114152504141,44.3863291468524,2024.0,8.0456838833246,1,False
MAR,Morocco,2024,0.8266666666666667,27.0,,,25.0,41.0,,,,,,19.0,36.0,4153.1943359375,0.985256592004507,44.3863291468524,2024.0,7.78959024287823,1,False
MAR,Morocco,2025,0.8217054263565892,24.0,,,23.0,25.0,28.0,,,,,20.0,,4153.1943359375,0.985256592004507,44.3863291468524,2024.0,7.78959024287823,1,True
MCO,Monaco,2021,0.1233766233766233,136.0,,0.01,,,,,152.0,147.0,19.0,,,223823.363960226,,,,,0,False
MDA,Moldova,2020,0.3785714285714285,88.0,,0.04,,,,22.0,70.0,68.0,120.0,,,4375.7788930524,3.76597122245351,55.544249263449,2024.0,16.274922384411,0,False
MDA,Moldova,2021,0.6818181818181819,50.0,,0.06,,,,,61.0,57.0,48.0,,,5274.60582195352,5.10641129002841,55.544249263449,2024.0,15.4787484391198,0,False
MDA,Moldova,2022,0.7241379310344828,41.0,,,49.0,72.0,,,,,27.0,49.0,88.0,5744.29618434435,28.7372976766235,55.544249263449,2024.0,14.0294158168182,0,False
MDA,Moldova,2023,0.6168831168831168,60.0,,,52.0,63.0,,,,,77.0,48.0,63.0,6799.58594644576,13.4170104381299,55.544249263449,2024.0,12.0387300286119,1,False
MDA,Moldova,2024,0.6133333333333333,59.0,,,37.0,94.0,,,,,,38.0,88.0,7576.19589413326,4.67773516007052,55.544249263449,2024.0,10.5371328507027,1,False
MDA,Moldova,2025,0.4806201550387596,68.0,,,69.0,75.0,69.0,,,,,66.0,,7576.19589413326,4.67773516007052,55.544249263449,2024.0,10.5371328507027,1,True
MDG,Madagascar,2020,0.2357142857142857,108.0,,0.018,,,,126.0,76.0,84.0,122.0,,,450.771615201509,4.20179312190557,24.4501397197571,2024.0,3.79541630464955,0,False
MDG,Madagascar,2021,0.577922077922078,66.0,,0.04,,,,,64.0,97.0,50.0,,,483.469463351195,5.81225118787715,24.4501397197571,2024.0,3.06318819411447,0,False
MDG,Madagascar,2022,0.3310344827586207,98.0,,,71.0,124.0,,,,,123.0,71.0,115.0,503.51453347296,8.16059031991844,24.4501397197571,2024.0,2.5140303045849,0,False
MDG,Madagascar,2023,0.1948051948051947,125.0,,,93.0,138.0,,,,,53.0,95.0,138.0,508.718427705591,9.87432675044888,24.4501397197571,2024.0,1.96254272292413,1,False
MDG,Madagascar,2024,0.3666666666666667,96.0,,,115.0,82.0,,,,,,101.0,83.0,544.987501003384,,24.4501397197571,2024.0,2.33207727287572,1,False
MDG,Madagascar,2025,0.0310077519379845,126.0,,,124.0,129.0,123.0,,,,,125.0,,544.987501003384,,24.4501397197571,2024.0,2.33207727287572,1,True
MDV,Maldives,2020,0.0999999999999999,127.0,,0.006,,,,110.0,145.0,147.0,82.0,,,7393.8886543933,-1.36977425569811,,,0.125253487973412,0,False
MDV,Maldives,2021,0.0714285714285714,144.0,,0.0,,,,,146.0,146.0,88.0,,,10176.143882547,0.543149688737013,,,0.0929598229658775,0,False
MDV,Maldives,2022,0.0827586206896552,134.0,,,140.0,139.0,,,,,46.0,140.0,135.0,11786.0191492983,2.33314337624567,,,0.0829967046687048,0,False
MDV,Maldives,2023,0.0909090909090909,141.0,,,150.0,136.0,,,,,114.0,148.0,136.0,12587.6126038651,2.92746542425035,,,0.0813040657047612,1,False
MDV,Maldives,2024,0.1666666666666666,126.0,,,127.0,120.0,,,,,,124.0,126.0,13379.3513577224,1.39979779674928,,,0.0800427681119482,1,False
MDV,Maldives,2025,0.0,130.0,,,129.0,131.0,130.0,,,,,127.0,,13379.3513577224,1.39979779674928,,,0.0800427681119482,1,True
MEX,Mexico,2020,0.7285714285714286,39.0,,0.135,,,,101.0,22.0,26.0,65.0,,,8841.27075039868,3.39683415570006,53.0320833316729,2024.0,3.92284685483306,0,False
MEX,Mexico,2021,0.7207792207792207,44.0,,0.06,,,,,21.0,23.0,133.0,,,10314.0506722115,5.68920847683753,53.0320833316729,2024.0,4.1826148147438,0,False
MEX,Mexico,2022,0.8137931034482758,28.0,,,21.0,23.0,,,,,122.0,21.0,19.0,11405.7940473759,7.8962761916855,53.0320833316729,2024.0,4.18953324624702,0,False
MEX,Mexico,2023,0.9025974025974026,16.0,,,17.0,16.0,,,,,30.0,18.0,16.0,13860.9597809326,5.52796087314389,53.0320833316729,2024.0,3.68332313946646,1,False
MEX,Mexico,2024,0.9133333333333332,14.0,,,18.0,13.0,,,,,,17.0,10.0,14185.7812248529,4.72225588452932,53.0320833316729,2024.0,3.64356639704934,1,False
MEX,Mexico,2025,0.8294573643410853,23.0,,,27.0,20.0,24.0,,,,,24.0,,14185.7812248529,4.72225588452932,53.0320833316729,2024.0,3.64356639704934,1,True
MKD,North Macedonia,2020,0.2785714285714286,102.0,,0.022,,,,43.0,103.0,91.0,124.0,,,6659.59651070776,1.20007348888487,84.2548648905347,2024.0,3.80294753811177,0,False
MKD,North Macedonia,2021,0.2077922077922077,123.0,,0.01,,,,,112.0,118.0,102.0,,,7620.80296977508,3.23074912132919,84.2548648905347,2024.0,3.49738517482887,0,False
MKD,North Macedonia,2022,0.2344827586206896,112.0,,,111.0,97.0,,,,,63.0,111.0,87.0,7606.2375253797,14.2047173195833,84.2548648905347,2024.0,3.27695424528674,0,False
MKD,North Macedonia,2023,0.2727272727272727,113.0,,,112.0,89.0,,,,,147.0,109.0,89.0,8674.35846327485,9.36187249769016,84.2548648905347,2024.0,2.9167769810413,1,False
MKD,North Macedonia,2024,0.3533333333333334,98.0,,,108.0,98.0,,,,,,108.0,77.0,9291.85661671864,3.48974086026947,84.2548648905347,2024.0,2.70304622678412,1,False
MKD,North Macedonia,2025,0.1550387596899225,110.0,,,107.0,111.0,106.0,,,,,100.0,,9291.85661671864,3.48974086026947,84.2548648905347,2024.0,2.70304622678412,1,True
MLI,Mali,2020,0.2857142857142857,101.0,,0.023,,,,137.0,114.0,112.0,69.0,,,953.242943290974,0.438088940320669,54.7454806007539,2024.0,4.81742226778366,0,False
MLI,Mali,2021,0.2597402597402597,115.0,,0.02,,,,,123.0,129.0,37.0,,,1027.27345365357,3.92560283104277,54.7454806007539,2024.0,4.91954656262131,0,False
MLI,Mali,2022,0.3379310344827586,97.0,,,112.0,134.0,,,,,25.0,112.0,130.0,976.914116406452,9.62147608489064,54.7454806007539,2024.0,4.91124884987894,0,False
MLI,Mali,2023,0.2012987012987013,124.0,,,127.0,137.0,,,,,31.0,108.0,137.0,1043.9533853528,2.05880228274223,54.7454806007539,2024.0,4.21188284183315,1,False
MLI,Mali,2024,0.0066666666666667,150.0,,,88.0,156.0,,,,,,122.0,152.0,1094.61949265799,3.2063986409966,54.7454806007539,2024.0,3.98934711923809,1,False
MLT,Malta,2020,0.4142857142857142,83.0,,0.048,,,,3.0,131.0,129.0,50.0,,,31823.4363934505,0.638544956776712,96.5581295334766,2024.0,0.0836102022672292,0,False
MLT,Malta,2021,0.1883116883116883,126.0,,0.01,,,,,128.0,109.0,105.0,,,38096.8360735119,1.49789217934724,96.5581295334766,2024.0,0.0707898754533939,0,False
MLT,Malta,2022,0.1310344827586207,127.0,,,133.0,113.0,,,,,79.0,133.0,112.0,35638.8869457406,6.15375621933037,96.5581295334766,2024.0,0.0652156235713647,0,False
MLT,Malta,2023,0.1038961038961039,139.0,,,141.0,126.0,,,,,151.0,143.0,126.0,40905.8059585057,5.09396758978883,96.5581295334766,2024.0,0.0688948837122508,1,False
MLT,Malta,2024,0.1066666666666666,135.0,,,137.0,133.0,,,,,,138.0,133.0,43898.5781808597,1.65079469283109,96.5581295334766,2024.0,0.0627275385087571,1,False
MLT,Malta,2025,0.1317829457364341,113.0,,,118.0,80.0,119.0,,,,,117.0,,43898.5781808597,1.65079469283109,96.5581295334766,2024.0,0.0627275385087571,1,True
MMR,Myanmar,2020,0.0357142857142857,136.0,,0.003,,,,143.0,93.0,66.0,142.0,,,1490.21683599469,,47.7910290706127,2021.0,3.38146514688484,0,False
MMR,Myanmar,2021,0.2532467532467533,116.0,,0.02,,,,,97.0,104.0,129.0,,,1242.7213439951,,47.7910290706127,2021.0,1.93245858367708,0,False
MMR,Myanmar,2022,0.503448275862069,73.0,,,53.0,95.0,,,,,103.0,53.0,89.0,1158.05005055976,,47.7910290706127,2021.0,2.02532247815274,0,False
MMR,Myanmar,2023,0.6623376623376623,53.0,,,50.0,91.0,,,,,17.0,52.0,91.0,1233.19666209269,,47.7910290706127,2021.0,1.64775199666723,1,False
MMR,Myanmar,2024,0.4866666666666667,78.0,,,78.0,85.0,,,,,,78.0,71.0,1359.05001560107,,47.7910290706127,2021.0,1.55261998869075,1,False
MMR,Myanmar,2025,0.1627906976744185,109.0,,,47.0,124.0,50.0,,,,,48.0,,1359.05001560107,,47.7910290706127,2021.0,1.55261998869075,1,True
MNE,Montenegro,2020,0.4785714285714285,74.0,,0.06,,,,17.0,127.0,131.0,15.0,,,7538.53635992191,-0.255655699848551,75.4116297013886,2024.0,12.7171404950588,0,False
MNE,Montenegro,2021,0.1623376623376623,130.0,,0.01,,,,,129.0,128.0,90.0,,,9317.15520065156,2.41080198403165,75.4116297013886,2024.0,13.6031501601644,0,False
MNE,Montenegro,2022,0.1862068965517241,119.0,,,126.0,115.0,,,,,41.0,126.0,110.0,10024.5435616209,13.0403036347004,75.4116297013886,2024.0,13.2797410517214,0,False
MNE,Montenegro,2023,0.1493506493506493,132.0,,,129.0,124.0,,,,,149.0,132.0,124.0,12259.8775034436,8.58476910455403,75.4116297013886,2024.0,10.5300863110362,1,False
MNE,Montenegro,2024,0.16,127.0,,,136.0,117.0,,,,,,134.0,118.0,13263.3281277699,3.33675009282281,75.4116297013886,2024.0,10.3409065632717,1,False
MNE,Montenegro,2025,0.2015503875968992,104.0,,,116.0,81.0,117.0,,,,,112.0,,13263.3281277699,3.33675009282281,75.4116297013886,2024.0,10.3409065632717,1,True
MNG,Mongolia,2020,0.0,,Among lowest,0.0,,,,62.0,109.0,98.0,,,,4001.25193077703,3.7237230614026,98.2787007982729,2024.0,4.12254263505693,0,False
MNG,Mongolia,2021,0.422077922077922,90.0,,0.03,,,,,90.0,95.0,68.0,,,4517.61578018785,7.35894657888155,98.2787007982729,2024.0,3.08222219088585,0,False
MNG,Mongolia,2022,0.4275862068965517,84.0,,,77.0,71.0,,,,,87.0,77.0,70.0,4993.51487463495,15.1509728200805,98.2787007982729,2024.0,2.32831928767738,0,False
MNG,Mongolia,2023,0.448051948051948,86.0,,,86.0,103.0,,,,,74.0,70.0,103.0,5838.63108083902,10.347583131434,98.2787007982729,2024.0,2.23995468059518,1,False
MNG,Mongolia,2024,0.18,124.0,,,123.0,126.0,,,,,,121.0,127.0,6750.6301157724,6.20713301510303,98.2787007982729,2024.0,2.217677569671,1,False
MNG,Mongolia,2025,0.1705426356589147,108.0,,,109.0,99.0,107.0,,,,,113.0,,6750.6301157724,6.20713301510303,98.2787007982729,2024.0,2.217677569671,1,True
MOZ,Mozambique,2020,0.4928571428571429,72.0,,0.061,,,,128.0,60.0,83.0,35.0,,,462.433876479921,3.48393567493204,54.38528750107,2024.0,1.13844765742436,0,False
MOZ,Mozambique,2021,0.7662337662337663,37.0,,0.07,,,,,62.0,35.0,45.0,,,509.907829475551,6.40847652975692,54.38528750107,2024.0,1.2485624975782,0,False
MOZ,Mozambique,2022,0.5931034482758621,60.0,,,36.0,63.0,,,,,125.0,36.0,62.0,578.251663751351,10.2794018093421,54.38528750107,2024.0,0.880109212306658,0,False
MOZ,Mozambique,2023,0.474025974025974,82.0,,,92.0,112.0,,,,,37.0,88.0,112.0,622.000297682823,7.12697482131851,54.38528750107,2024.0,1.21711183933379,1,False
MOZ,Mozambique,2024,0.2333333333333332,116.0,,,132.0,115.0,,,,,,126.0,97.0,656.776824637306,4.07856834812022,54.38528750107,2024.0,1.17349235648113,1,False
MOZ,Mozambique,2025,0.0697674418604651,121.0,,,121.0,119.0,121.0,,,,,121.0,,656.776824637306,4.07856834812022,54.38528750107,2024.0,1.17349235648113,1,True
MRT,Mauritania,2024,0.0466666666666666,144.0,,,134.0,143.0,,,,,,129.0,148.0,2110.12036938187,2.49164347481972,27.3142609920985,2024.0,0.866706864831731,1,False
MUS,Mauritius,2020,0.4714285714285714,75.0,,0.059,,,,6.0,115.0,106.0,71.0,,,9135.84773751062,2.5808007718283,89.5984480347546,2024.0,2.46174617403058,0,False
MUS,Mauritius,2021,0.512987012987013,76.0,,0.04,,,,,115.0,103.0,16.0,,,9177.71195973013,4.02852888157376,89.5984480347546,2024.0,2.3444626925632,0,False
MUS,Mauritius,2022,0.1655172413793103,122.0,,,130.0,82.0,,,,,30.0,130.0,120.0,10246.5017455553,10.7737512242899,89.5984480347546,2024.0,2.11679538005685,0,False
MUS,Mauritius,2023,0.2467532467532467,117.0,,,138.0,62.0,,,,,110.0,141.0,62.0,11269.9684462139,7.05298238454736,89.5984480347546,2024.0,2.24116402633618,1,False
MUS,Mauritius,2024,0.0266666666666666,147.0,,,126.0,150.0,,,,,,130.0,150.0,11990.7798944837,3.6045220384796,89.5984480347546,2024.0,1.92045282657077,1,False
MUS,Mauritius,2025,0.0852713178294574,119.0,,,108.0,121.0,109.0,,,,,109.0,,11990.7798944837,3.6045220384796,89.5984480347546,2024.0,1.92045282657077,1,True
MWI,Malawi,2020,0.0642857142857142,132.0,,0.004,,,,153.0,142.0,142.0,41.0,,,602.507478176106,8.62551469650552,50.3696725002439,2024.0,1.9682614672589,0,False
MWI,Malawi,2021,0.1363636363636363,134.0,,0.01,,,,,145.0,151.0,20.0,,,617.446994451007,9.33014410835212,50.3696725002439,2024.0,2.57418486200992,0,False
MWI,Malawi,2022,0.0620689655172413,137.0,,,127.0,140.0,,,,,142.0,127.0,139.0,604.269740360317,20.953969729969,50.3696725002439,2024.0,2.12676683960859,0,False
MWI,Malawi,2023,0.4155844155844156,91.0,,,108.0,104.0,,,,,47.0,118.0,104.0,633.214767978695,28.7897428247298,50.3696725002439,2024.0,1.35282219243253,1,False
MWI,Malawi,2024,0.0999999999999999,136.0,,,97.0,145.0,,,,,,77.0,146.0,522.570393642547,32.1796504225025,50.3696725002439,2024.0,1.65044236586352,1,False
MYS,Malaysia,2020,0.8285714285714285,25.0,,0.192,,,,47.0,27.0,38.0,36.0,,,9957.52626697613,-1.1387021539305,88.6918012421116,2024.0,0.422776119475248,0,False
MYS,Malaysia,2021,0.8571428571428572,23.0,,0.1,,,,,33.0,38.0,28.0,,,10903.1037480772,2.47710241465447,88.6918012421116,2024.0,0.415301972862394,0,False
MYS,Malaysia,2022,0.806896551724138,29.0,,,42.0,38.0,,,,,31.0,42.0,32.0,11754.5678336248,3.37869862549928,88.6918012421116,2024.0,0.396663370541767,0,False
MYS,Malaysia,2023,0.7597402597402597,38.0,,,42.0,37.0,,,,,40.0,51.0,37.0,11386.0395636528,2.48886560125754,88.6918012421116,2024.0,0.426163280659906,1,False
MYS,Malaysia,2024,0.6933333333333334,47.0,,,51.0,57.0,,,,,,47.0,45.0,11874.4273684245,1.834100204499,88.6918012421116,2024.0,0.380193528996402,1,False
MYS,Malaysia,2025,0.6821705426356589,42.0,,,45.0,40.0,43.0,,,,,46.0,,11874.4273684245,1.834100204499,88.6918012421116,2024.0,0.380193528996402,1,True
NAM,Namibia,2020,0.2642857142857142,104.0,,0.021,,,,79.0,111.0,128.0,99.0,,,3878.58982993966,2.20938236933469,72.9187672893525,2024.0,0.571164175639804,0,False
NAM,Namibia,2021,0.3311688311688312,104.0,,0.02,,,,,127.0,124.0,14.0,,,4412.8355693052,3.61690530108814,72.9187672893525,2024.0,0.50776120762883,0,False
NAM,Namibia,2022,0.1379310344827586,126.0,,,131.0,122.0,,,,,64.0,131.0,127.0,4349.79908493314,6.08128114112413,72.9187672893525,2024.0,0.56572462364198,0,False
NAM,Namibia,2023,0.0974025974025973,140.0,,,134.0,142.0,,,,,118.0,140.0,142.0,4187.60500396525,5.87993463284275,72.9187672893525,2024.0,0.67588741519345,1,False
NAM,Namibia,2024,0.1266666666666667,132.0,,,138.0,130.0,,,,,,141.0,128.0,4413.12752211572,4.23903922877036,72.9187672893525,2024.0,0.722779284069506,1,False
NAM,Namibia,2025,0.0775193798449612,120.0,,,120.0,106.0,120.0,,,,,119.0,,4413.12752211572,4.23903922877036,72.9187672893525,2024.0,0.722779284069506,1,True
NER,Niger,2023,0.0584415584415584,146.0,,,149.0,146.0,,,,,59.0,144.0,146.0,638.336080897887,3.70097316425834,14.8268991865027,2024.0,3.73586664871377,1,False
NGA,Nigeria,2020,0.95,8.0,,0.459,,,,112.0,7.0,14.0,3.0,,,2797.18458068686,13.2460234276597,63.2613514491542,2024.0,2.87469533136236,0,False
NGA,Nigeria,2021,0.9675324675324676,6.0,,0.26,,,,,10.0,15.0,18.0,,,2787.48779224428,16.9528457221608,63.2613514491542,2024.0,3.19846919163264,0,False
NGA,Nigeria,2022,0.9310344827586208,11.0,,,18.0,20.0,,,,,17.0,18.0,17.0,2899.16047470324,18.8471877843274,63.2613514491542,2024.0,3.11115327874995,0,False
NGA,Nigeria,2023,0.9935064935064936,2.0,,,3.0,4.0,,,,,1.0,2.0,4.0,2138.76383719983,24.659550203114,63.2613514491542,2024.0,4.01108712396646,1,False
NGA,Nigeria,2024,0.9933333333333332,2.0,,,5.0,2.0,,,,,,2.0,3.0,1084.16041805436,33.2420966545406,63.2613514491542,2024.0,8.44081449065528,1,False
NGA,Nigeria,2025,0.9612403100775194,6.0,,,8.0,3.0,8.0,,,,,7.0,,1084.16041805436,33.2420966545406,63.2613514491542,2024.0,8.44081449065528,1,True
NIC,Nicaragua,2020,0.2428571428571428,107.0,,0.02,,,,103.0,107.0,111.0,112.0,,,1938.44704754382,3.68181341625572,23.470592686629,2024.0,14.575973804427,0,False
NIC,Nicaragua,2021,0.2922077922077922,110.0,,0.02,,,,,114.0,120.0,55.0,,,2138.38588469449,4.92841396948968,23.470592686629,2024.0,15.1305293767625,0,False
NIC,Nicaragua,2022,0.3241379310344827,99.0,,,104.0,116.0,,,,,42.0,104.0,117.0,2322.89053964583,10.4674244465991,23.470592686629,2024.0,20.641434228789,0,False
NIC,Nicaragua,2023,0.396103896103896,94.0,,,117.0,77.0,,,,,86.0,111.0,77.0,2609.44492072931,8.38765854872536,23.470592686629,2024.0,26.1841025303411,1,False
NIC,Nicaragua,2024,0.2466666666666667,114.0,,,121.0,116.0,,,,,,119.0,112.0,2847.53966339498,4.62473841057141,23.470592686629,2024.0,26.6355465455205,1,False
NIC,Nicaragua,2025,0.1782945736434108,107.0,,,100.0,116.0,99.0,,,,,99.0,,2847.53966339498,4.62473841057141,23.470592686629,2024.0,26.6355465455205,1,True
NLD,Netherlands,2020,0.8214285714285714,26.0,,0.183,,,,19.0,38.0,32.0,59.0,,,53467.9277413737,1.27246037789161,99.171512250031,2024.0,0.388424031122952,0,False
NLD,Netherlands,2021,0.7077922077922079,46.0,,0.06,,,,,29.0,26.0,115.0,,,60141.9880911492,2.67572008805385,99.171512250031,2024.0,0.375241954774634,0,False
NLD,Netherlands,2022,0.7379310344827585,39.0,,,41.0,26.0,,,,,69.0,41.0,24.0,59123.318556487,10.0012078753473,99.171512250031,2024.0,0.363880236566379,0,False
NLD,Netherlands,2023,0.7532467532467533,39.0,,,38.0,32.0,,,,,69.0,46.0,32.0,63515.6030780019,3.83839354342808,99.171512250031,2024.0,0.376317382521895,1,False
NLD,Netherlands,2024,0.7933333333333333,32.0,,,44.0,27.0,,,,,,50.0,28.0,67520.4218956281,3.34754304219953,99.171512250031,2024.0,0.388451107837284,1,False
NLD,Netherlands,2025,0.7054263565891472,39.0,,,39.0,26.0,37.0,,,,,49.0,,67520.4218956281,3.34754304219953,99.171512250031,2024.0,0.388451107837284,1,True
NOR,Norway,2020,0.5214285714285714,68.0,,0.072,,,,27.0,99.0,90.0,63.0,,,68340.0181033702,1.28658490708005,98.5561571037813,2024.0,0.160215794441589,0,False
NOR,Norway,2021,0.435064935064935,88.0,,0.03,,,,,79.0,71.0,93.0,,,93072.8925119571,3.48388055266678,98.5561571037813,2024.0,0.133458167667193,0,False
NOR,Norway,2022,0.2206896551724138,114.0,,,108.0,85.0,,,,,83.0,108.0,99.0,109269.520580298,5.76412317852272,98.5561571037813,2024.0,0.166877429076805,0,False
NOR,Norway,2023,0.2857142857142857,111.0,,,116.0,102.0,,,,,124.0,116.0,102.0,87497.2179649556,5.51784987104659,98.5561571037813,2024.0,0.199055742031322,1,False
NOR,Norway,2024,0.3466666666666667,99.0,,,101.0,99.0,,,,,,103.0,94.0,86785.4334489176,3.14530134431073,98.5561571037813,2024.0,0.195829932747648,1,False
NOR,Norway,2025,0.4031007751937985,78.0,,,86.0,72.0,83.0,,,,,90.0,,86785.4334489176,3.14530134431073,98.5561571037813,2024.0,0.195829932747648,1,True
NPL,Nepal,2020,0.4214285714285714,82.0,,0.049,,,,115.0,43.0,41.0,108.0,,,1154.21517578318,5.05635826238499,59.9911157064883,2024.0,24.2502461023191,0,False
NPL,Nepal,2021,0.8116883116883117,30.0,,0.09,,,,,46.0,42.0,26.0,,,1252.75076731986,4.12676744440695,59.9911157064883,2024.0,22.2775786274327,0,False
NPL,Nepal,2022,0.896551724137931,16.0,,,17.0,34.0,,,,,19.0,17.0,41.0,1385.91066274851,7.6702057938028,59.9911157064883,2024.0,22.8532966744987,0,False
NPL,Nepal,2023,0.6428571428571428,56.0,,,90.0,52.0,,,,,20.0,87.0,52.0,1382.33055769304,7.11587261530826,59.9911157064883,2024.0,26.2241089254704,1,False
NPL,Nepal,2024,0.5333333333333333,71.0,,,104.0,56.0,,,,,,79.0,51.0,1447.31004458428,4.6850965426577,59.9911157064883,2024.0,26.2254579224946,1,False
NPL,Nepal,2025,0.6201550387596899,50.0,,,52.0,54.0,46.0,,,,,57.0,,1447.31004458428,4.6850965426577,59.9911157064883,2024.0,26.2254579224946,1,True
NZL,New Zealand,2020,0.5571428571428572,63.0,,0.075,,,,60.0,104.0,103.0,18.0,,,41997.7830324279,1.71456170007245,97.8647563722742,2024.0,0.201139555395712,0,False
NZL,New Zealand,2021,0.3831168831168831,96.0,,0.02,,,,,95.0,88.0,85.0,,,49950.4251691316,3.94112060778728,97.8647563722742,2024.0,0.181869893800898,0,False
NZL,New Zealand,2022,0.2620689655172413,108.0,,,99.0,76.0,,,,,94.0,99.0,61.0,49099.7090423358,7.17222476016441,97.8647563722742,2024.0,0.163202042580004,0,False
NZL,New Zealand,2023,0.422077922077922,90.0,,,107.0,68.0,,,,,101.0,112.0,68.0,49075.9562832927,5.73316283034957,97.8647563722742,2024.0,0.217780673020847,1,False
NZL,New Zealand,2024,0.3733333333333333,95.0,,,100.0,95.0,,,,,,99.0,92.0,49205.1792146792,2.92279782301957,97.8647563722742,2024.0,0.229921226554764,1,False
NZL,New Zealand,2025,0.3643410852713178,83.0,,,92.0,74.0,89.0,,,,,97.0,,49205.1792146792,2.92279782301957,97.8647563722742,2024.0,0.229921226554764,1,True
OMN,Oman,2020,0.1214285714285714,124.0,,0.008,,,,127.0,135.0,136.0,104.0,,,16784.8630630058,-0.40640291946585,69.5361597212358,2024.0,0.051392391185177,0,False
OMN,Oman,2021,0.1168831168831169,137.0,,0.01,,,,,135.0,134.0,117.0,,,19403.4600160211,1.68221185876085,69.5361597212358,2024.0,0.044674767691208,0,False
OMN,Oman,2023,0.1168831168831169,137.0,,,140.0,121.0,,,,,150.0,138.0,121.0,21027.7384778886,0.950782997762827,69.5361597212358,2024.0,0.0367429345768847,1,False
OMN,Oman,2024,0.0666666666666666,141.0,,,139.0,142.0,,,,,,136.0,139.0,20285.2272897377,0.593589236248469,69.5361597212358,2024.0,0.0364128462934954,1,False
OMN,Oman,2025,0.1007751937984495,117.0,,,114.0,117.0,115.0,,,,,114.0,,20285.2272897377,0.593589236248469,69.5361597212358,2024.0,0.0364128462934954,1,True
PAK,Pakistan,2020,0.9,15.0,,0.272,,,,96.0,16.0,13.0,26.0,,,1278.39735206896,9.73999313898155,27.2960071761925,2024.0,8.68401332889248,0,False
PAK,Pakistan,2021,0.987012987012987,3.0,,0.36,,,,,12.0,11.0,8.0,,,1455.31922370186,9.49621056124947,27.2960071761925,2024.0,8.98436279286431,0,False
PAK,Pakistan,2022,0.9655172413793104,6.0,,,10.0,22.0,,,,,50.0,10.0,16.0,1538.3228133171,19.8738599646655,27.2960071761925,2024.0,8.04928811142895,0,False
PAK,Pakistan,2023,0.9545454545454546,8.0,,,7.0,20.0,,,,,9.0,7.0,20.0,1360.32417758419,30.7681280657005,27.2960071761925,2024.0,7.88805370627643,1,False
PAK,Pakistan,2024,0.9466666666666668,9.0,,,4.0,18.0,,,,,,4.0,13.0,1478.77277977996,12.6325318530452,27.2960071761925,2024.0,9.39634523470825,1,False
PAK,Pakistan,2025,0.9844961240310076,3.0,,,3.0,10.0,3.0,,,,,2.0,,1478.77277977996,12.6325318530452,27.2960071761925,2024.0,9.39634523470825,1,True
PAN,Panama,2020,0.6428571428571428,51.0,,0.094,,,,36.0,118.0,117.0,8.0,,,13290.5608397749,-1.5502754080376,64.0952131164981,2024.0,0.677425906962669,0,False
PAN,Panama,2021,0.461038961038961,84.0,,0.03,,,,,102.0,102.0,47.0,,,15509.8069124139,1.63070337301898,64.0952131164981,2024.0,0.840846144291105,0,False
PAN,Panama,2022,0.2896551724137931,104.0,,,107.0,74.0,,,,,43.0,107.0,96.0,17378.6070017557,2.85965128834711,64.0952131164981,2024.0,0.688288624434384,0,False
PAN,Panama,2023,0.3766233766233766,97.0,,,113.0,81.0,,,,,95.0,114.0,81.0,18797.1933994045,1.48641355277038,64.0952131164981,2024.0,0.61528196708061,1,False
PAN,Panama,2024,0.26,112.0,,,107.0,119.0,,,,,,111.0,120.0,19161.2188501596,0.693225551004538,64.0952131164981,2024.0,0.614386086922541,1,False
PAN,Panama,2025,0.2248062015503875,101.0,,,103.0,94.0,103.0,,,,,101.0,,19161.2188501596,0.693225551004538,64.0952131164981,2024.0,0.614386086922541,1,True
PER,Peru,2020,0.8785714285714286,18.0,,0.242,,,,76.0,30.0,43.0,7.0,,,6133.32552410183,2.00241205759292,59.3098978248017,2024.0,1.44323462669192,0,False
PER,Peru,2021,0.8636363636363636,22.0,,0.11,,,,,39.0,39.0,23.0,,,6826.20255614477,4.27166381536798,59.3098978248017,2024.0,1.59410803597792,0,False
PER,Peru,2022,0.7655172413793103,35.0,,,39.0,39.0,,,,,45.0,39.0,50.0,7350.63034300417,8.33370630096231,59.3098978248017,2024.0,1.50805544629239,0,False
PER,Peru,2023,0.6883116883116883,49.0,,,35.0,70.0,,,,,65.0,33.0,70.0,7887.54185920108,6.45561348369586,59.3098978248017,2024.0,1.66573125648714,1,False
PER,Peru,2024,0.7266666666666667,42.0,,,36.0,48.0,,,,,,31.0,43.0,8452.37167056621,2.00770739412712,59.3098978248017,2024.0,1.70587702107004,1,False
PER,Peru,2025,0.7441860465116279,34.0,,,36.0,38.0,39.0,,,,,29.0,,8452.37167056621,2.00770739412712,59.3098978248017,2024.0,1.70587702107004,1,True
PHL,Philippines,2020,0.8928571428571429,16.0,,0.262,,,,91.0,13.0,9.0,44.0,,,3227.57910235199,2.3931623931624,50.1824221429254,2024.0,9.64277376552076,0,False
PHL,Philippines,2021,0.9090909090909092,15.0,,0.16,,,,,9.0,10.0,80.0,,,3484.38593882819,3.92718022100332,50.1824221429254,2024.0,9.30892916286057,0,False
PHL,Philippines,2022,0.993103448275862,2.0,,,4.0,13.0,,,,,66.0,4.0,5.0,3548.06930572116,5.82115811213955,50.1824221429254,2024.0,9.40977059288243,0,False
PHL,Philippines,2023,0.9675324675324676,6.0,,,6.0,7.0,,,,,19.0,6.0,7.0,3804.08274131097,5.97802515541409,50.1824221429254,2024.0,8.9455180769963,1,False
PHL,Philippines,2024,0.9533333333333334,8.0,,,9.0,14.0,,,,,,8.0,9.0,3984.8315387656,3.21260487006347,50.1824221429254,2024.0,8.72571015588724,1,False
PHL,Philippines,2025,0.937984496124031,9.0,,,9.0,13.0,10.0,,,,,6.0,,3984.8315387656,3.21260487006347,50.1824221429254,2024.0,8.72571015588724,1,True
PNG,Papua New Guinea,2020,0.0071428571428571,140.0,,0.001,,,,151.0,148.0,149.0,105.0,,,2429.61134585269,4.87167398565555,,,0.0096322872327258,0,False
PNG,Papua New Guinea,2021,0.0259740259740259,151.0,,0.0,,,,,151.0,150.0,82.0,,,2607.57861874444,4.48359014042398,,,0.0118878811753718,0,False
PNG,Papua New Guinea,2024,0.04,145.0,,,140.0,146.0,,,,,,146.0,136.0,3006.70564478923,0.602403921107917,,,0.0121574533707842,1,False
POL,Poland,2020,0.7357142857142858,38.0,,0.137,,,,46.0,26.0,23.0,86.0,,,16150.9304813473,3.37446972618589,86.1367117566539,2024.0,1.22756646645785,0,False
POL,Poland,2021,0.7402597402597403,41.0,,0.07,,,,,25.0,22.0,126.0,,,18635.5104895754,5.05502704719272,86.1367117566539,2024.0,1.15051400179387,0,False
POL,Poland,2022,0.7793103448275862,33.0,,,25.0,32.0,,,,,102.0,25.0,30.0,18891.2121169279,14.4294507575758,86.1367117566539,2024.0,1.08739487666547,0,False
POL,Poland,2023,0.7857142857142857,34.0,,,30.0,24.0,,,,,71.0,27.0,24.0,22145.2660647429,11.5289127961105,86.1367117566539,2024.0,1.05114006470983,1,False
POL,Poland,2024,0.8466666666666667,24.0,,,28.0,25.0,,,,,,25.0,24.0,25103.565661423,3.7842600751287,86.1367117566539,2024.0,0.946863310070558,1,False
POL,Poland,2025,0.7596899224806202,32.0,,,34.0,28.0,33.0,,,,,33.0,,25103.565661423,3.7842600751287,86.1367117566539,2024.0,0.946863310070558,1,True
PRT,Portugal,2020,0.7,43.0,,0.126,,,,35.0,59.0,54.0,34.0,,,22299.4044062173,-0.0124383299575305,91.3973440748621,2024.0,0.441863851659828,0,False
PRT,Portugal,2021,0.6363636363636364,57.0,,0.05,,,,,47.0,45.0,89.0,,,24711.4510062111,1.26565719069044,91.3973440748621,2024.0,0.533906496255148,0,False
PRT,Portugal,2022,0.7448275862068965,38.0,,,51.0,40.0,,,,,24.0,51.0,36.0,24620.5197587181,7.83269124233323,91.3973440748621,2024.0,0.631570715588484,0,False
PRT,Portugal,2023,0.6233766233766234,59.0,,,55.0,43.0,,,,,82.0,66.0,43.0,27634.6183139773,4.31128191898672,91.3973440748621,2024.0,0.593684256641103,1,False
PRT,Portugal,2024,0.6733333333333333,50.0,,,50.0,51.0,,,,,,60.0,52.0,29292.242104753,2.41613187791884,91.3973440748621,2024.0,0.587878277306539,1,False
PRT,Portugal,2025,0.6589147286821706,45.0,,,56.0,31.0,47.0,,,,,65.0,,29292.242104753,2.41613187791884,91.3973440748621,2024.0,0.587878277306539,1,True
PRY,Paraguay,2020,0.2071428571428571,112.0,,0.015,,,,121.0,124.0,121.0,98.0,,,5365.47220721104,1.76751592356698,60.9167610080401,2024.0,2.13482355166227,0,False
PRY,Paraguay,2021,0.2142857142857143,122.0,,0.01,,,,,124.0,119.0,75.0,,,5976.93179789949,4.787983101236,60.9167610080401,2024.0,2.06503711459361,0,False
PRY,Paraguay,2022,0.3517241379310345,95.0,,,92.0,106.0,,,,,62.0,92.0,113.0,6205.62595379319,9.76556667164402,60.9167610080401,2024.0,2.0705208418379,0,False
PRY,Paraguay,2023,0.3831168831168831,96.0,,,111.0,85.0,,,,,92.0,99.0,85.0,6299.99026533713,4.63202285403356,60.9167610080401,2024.0,2.15882477388687,1,False
PRY,Paraguay,2024,0.42,88.0,,,93.0,34.0,,,,,,88.0,121.0,6416.09708970845,3.83540271728533,60.9167610080401,2024.0,2.55624323347034,1,False
PRY,Paraguay,2025,0.4263565891472868,75.0,,,65.0,92.0,71.0,,,,,52.0,,6416.09708970845,3.83540271728533,60.9167610080401,2024.0,2.55624323347034,1,True
PSE,West Bank and Gaza,2020,0.0,,Among lowest,0.0,,,,53.0,20.0,22.0,,,,3233.56863835858,-0.735332001092191,39.6209836077699,2024.0,16.4802362028661,0,False
PSE,West Bank and Gaza,2022,0.7931034482758621,31.0,,,45.0,94.0,,,,,15.0,45.0,93.0,3799.95527015163,3.74122391852077,39.6209836077699,2024.0,23.9769674621994,0,False
PSE,West Bank and Gaza,2023,0.5584415584415585,69.0,,,46.0,107.0,,,,,28.0,84.0,107.0,3455.02852911712,5.87110177678988,39.6209836077699,2024.0,18.1771962667696,1,False
PSE,West Bank and Gaza,2024,0.5666666666666667,66.0,,,80.0,84.0,,,,,,63.0,50.0,2592.30591217647,53.6691458303782,39.6209836077699,2024.0,5.3650527788254,1,False
PSE,West Bank and Gaza,2025,0.2480620155038759,98.0,,,91.0,103.0,100.0,,,,,74.0,,2592.30591217647,53.6691458303782,39.6209836077699,2024.0,5.3650527788254,1,True
QAT,Qatar,2020,0.1571428571428571,119.0,,0.01,,,,93.0,137.0,137.0,101.0,,,51683.5681078949,-2.5403150300476,,,0.45124396470709,0,False
QAT,Qatar,2021,0.0909090909090909,141.0,,0.0,,,,,136.0,139.0,120.0,,,71751.9363398856,2.30446565742003,,,0.47781726470251,0,False
QAT,Qatar,2022,0.0344827586206896,141.0,,,139.0,123.0,,,,,138.0,139.0,125.0,88701.4689763536,4.99527553740761,,,0.437654869216368,0,False
QAT,Qatar,2023,0.1103896103896103,138.0,,,139.0,130.0,,,,,142.0,137.0,130.0,81816.9797967481,3.02764899198902,,,0.661312283265676,1,False
QAT,Qatar,2024,0.1333333333333333,131.0,,,124.0,132.0,,,,,,132.0,135.0,76688.6941743178,1.26734310292375,,,0.658475315636936,1,False
QAT,Qatar,2025,0.1240310077519379,114.0,,,112.0,110.0,112.0,,,,,115.0,,76688.6941743178,1.26734310292375,,,0.658475315636936,1,True
ROU,Romania,2020,0.6642857142857144,48.0,,0.112,,,,59.0,49.0,48.0,56.0,,,13009.1770573223,2.63107311184743,71.3366719002898,2024.0,3.0426851754726,0,False
ROU,Romania,2021,0.5909090909090908,64.0,,0.04,,,,,49.0,58.0,83.0,,,14907.9803652143,5.05232876096582,71.3366719002898,2024.0,3.19771739842693,0,False
ROU,Romania,2022,0.4827586206896551,76.0,,,56.0,55.0,,,,,118.0,56.0,49.0,15503.551804598,13.7954887432521,71.3366719002898,2024.0,2.97350172599786,0,False
ROU,Romania,2023,0.6103896103896104,61.0,,,58.0,48.0,,,,,80.0,59.0,48.0,18244.4186876321,10.3971874764996,71.3366719002898,2024.0,2.86550550052392,1,False
ROU,Romania,2024,0.5733333333333333,65.0,,,62.0,76.0,,,,,,67.0,73.0,20080.2096215595,5.72140574354439,71.3366719002898,2024.0,2.490134665764,1,False
ROU,Romania,2025,0.5503875968992248,59.0,,,61.0,63.0,63.0,,,,,62.0,,20080.2096215595,5.72140574354439,71.3366719002898,2024.0,2.490134665764,1,True
RUS,Russian Federation,2020,0.9928571428571428,2.0,,0.931,,,,5.0,8.0,7.0,9.0,,,10108.3271484375,3.38219796948068,79.3421267068262,2024.0,0.66406336325159,0,False
RUS,Russian Federation,2021,0.8896103896103896,18.0,,0.14,,,,,6.0,8.0,122.0,,,12425.029296875,6.69445891957612,79.3421267068262,2024.0,0.527388477992061,0,False
RUS,Russian Federation,2022,0.9448275862068966,9.0,,,8.0,11.0,,,,,109.0,8.0,12.0,15619.6142578125,13.7436797398232,79.3421267068262,2024.0,0.141610832659861,0,False
RUS,Russian Federation,2023,0.922077922077922,13.0,,,12.0,9.0,,,,,36.0,10.0,9.0,14159.3876953125,5.86571931748967,79.3421267068262,2024.0,0.126306674820383,1,False
RUS,Russian Federation,2024,0.96,7.0,,,11.0,7.0,,,,,,7.0,7.0,14889.0185546875,8.43486410496723,79.3421267068262,2024.0,0.0877632981361672,1,False
RUS,Russian Federation,2025,0.9302325581395348,10.0,,,10.0,9.0,11.0,,,,,8.0,,14889.0185546875,8.43486410496723,79.3421267068262,2024.0,0.0877632981361672,1,True
RWA,Rwanda,2020,0.4285714285714286,81.0,,0.049,,,,132.0,86.0,93.0,31.0,,,778.701498925026,9.85039902274207,,,2.75268804314647,0,False
RWA,Rwanda,2021,0.5584415584415585,69.0,,0.04,,,,,110.0,106.0,13.0,,,829.544845263697,-0.391346748300791,,,3.53118438933187,0,False
RWA,Rwanda,2022,0.4482758620689655,81.0,,,103.0,107.0,,,,,18.0,103.0,108.0,975.469323735369,17.6892095588153,,,3.56076089404595,0,False
RWA,Rwanda,2023,0.0844155844155843,142.0,,,137.0,147.0,,,,,48.0,133.0,147.0,1027.03446826565,19.789546746467,,,3.61478178775368,1,False
RWA,Rwanda,2024,0.2199999999999999,118.0,,,120.0,112.0,,,,,,120.0,134.0,999.65456165547,1.77029240198635,,,3.62796016715467,1,False
RWA,Rwanda,2025,0.2868217054263565,93.0,,,87.0,96.0,88.0,,,,,75.0,,999.65456165547,1.77029240198635,,,3.62796016715467,1,True
SAU,Saudi Arabia,2020,0.3428571428571428,93.0,,0.036,,,,118.0,97.0,89.0,73.0,,,24338.8307301067,3.37234961012303,78.8409517231945,2024.0,0.0393583696631861,0,False
SAU,Saudi Arabia,2021,0.2727272727272727,113.0,,0.02,,,,,94.0,87.0,135.0,,,31920.7653655643,3.06328988941548,78.8409517231945,2024.0,0.0300118046534322,0,False
SAU,Saudi Arabia,2022,0.5448275862068965,67.0,,,35.0,91.0,,,,,133.0,35.0,81.0,38510.2276211037,2.47407371925372,78.8409517231945,2024.0,0.0231657002868662,0,False
SAU,Saudi Arabia,2023,0.6363636363636364,57.0,,,61.0,49.0,,,,,73.0,53.0,49.0,36156.848337701,2.32708518362699,78.8409517231945,2024.0,0.0256318852551406,1,False
SAU,Saudi Arabia,2024,0.7333333333333334,41.0,,,45.0,31.0,,,,,,53.0,30.0,35121.6628687742,1.68792112375809,78.8409517231945,2024.0,0.0273000004265027,1,False
SAU,Saudi Arabia,2025,0.5348837209302326,61.0,,,62.0,66.0,64.0,,,,,63.0,,35121.6628687742,1.68792112375809,78.8409517231945,2024.0,0.0273000004265027,1,True
SDN,Sudan,2020,0.05,134.0,,0.003,,,,145.0,120.0,123.0,140.0,,,577.795227050781,163.257782355458,,,1.8323008553696,0,False
SEN,Senegal,2020,0.3071428571428571,98.0,,0.029,,,,135.0,87.0,100.0,77.0,,,1461.08720350553,2.54314685681662,76.4609257473503,2024.0,10.6291398745498,0,False
SEN,Senegal,2021,0.4025974025974026,93.0,,0.03,,,,,100.0,111.0,39.0,,,1598.10676952274,2.18032278088147,76.4609257473503,2024.0,11.2519045633329,0,False
SEN,Senegal,2022,0.2827586206896552,105.0,,,115.0,104.0,,,,,37.0,115.0,82.0,1574.0281059306,9.69681899081073,76.4609257473503,2024.0,10.4760303181811,0,False
SEN,Senegal,2023,0.4675324675324676,83.0,,,121.0,76.0,,,,,58.0,115.0,76.0,1698.03387300843,5.93947798773215,76.4609257473503,2024.0,10.6434131462934,1,False
SEN,Senegal,2024,0.5800000000000001,64.0,,,72.0,73.0,,,,,,62.0,74.0,1773.21829923448,0.804503298792438,76.4609257473503,2024.0,11.4301192710456,1,False
SEN,Senegal,2025,0.3875968992248062,80.0,,,54.0,105.0,53.0,,,,,61.0,,1773.21829923448,0.804503298792438,76.4609257473503,2024.0,11.4301192710456,1,True
SGP,Singapore,2020,0.65,50.0,,0.102,,,,8.0,94.0,73.0,54.0,,,61410.0792630788,-0.172111865925382,97.9718288419762,2024.0,,0,False
SGP,Singapore,2021,0.487012987012987,80.0,,0.03,,,,,74.0,73.0,79.0,,,80056.1288247844,2.31610315765146,97.9718288419762,2024.0,,0,False
SGP,Singapore,2022,0.5724137931034483,63.0,,,55.0,47.0,,,,,80.0,55.0,51.0,90299.0694637269,6.13095418919732,97.9718288419762,2024.0,,0,False
SGP,Singapore,2023,0.5064935064935066,77.0,,,82.0,59.0,,,,,84.0,101.0,59.0,85412.230345235,4.83372362825798,97.9718288419762,2024.0,,1,False
SGP,Singapore,2024,0.5066666666666666,75.0,,,82.0,62.0,,,,,,104.0,61.0,90674.066632628,2.38951123595017,97.9718288419762,2024.0,,1,False
SGP,Singapore,2025,0.5193798449612403,63.0,,,71.0,52.0,66.0,,,,,79.0,,90674.066632628,2.38951123595017,97.9718288419762,2024.0,,1,True
SLV,El Salvador,2020,0.6285714285714286,53.0,,0.09,,,,86.0,105.0,107.0,6.0,,,3997.19279583709,-0.371590212324095,43.4036648969414,2024.0,23.8002795557104,0,False
SLV,El Salvador,2021,0.4285714285714286,89.0,,0.03,,,,,101.0,105.0,49.0,,,4642.60743101342,3.46692585313082,43.4036648969414,2024.0,26.2452495089243,0,False
SLV,El Salvador,2022,0.6275862068965516,55.0,,,61.0,89.0,,,,,36.0,61.0,83.0,5074.60210221806,7.19861615609867,43.4036648969414,2024.0,24.6343666305956,0,False
SLV,El Salvador,2023,0.3896103896103896,95.0,,,80.0,108.0,,,,,88.0,80.0,108.0,5365.44491399171,4.04554694222477,43.4036648969414,2024.0,24.4783735978559,1,False
SLV,El Salvador,2024,0.3,106.0,,,73.0,121.0,,,,,,61.0,117.0,5579.65969165029,0.853782292567288,43.4036648969414,2024.0,24.0022976620619,1,False
SLV,El Salvador,2025,0.3178294573643411,89.0,,,78.0,102.0,79.0,,,,,67.0,,5579.65969165029,0.853782292567288,43.4036648969414,2024.0,24.0022976620619,1,True
SOM,"Somalia, Fed. Rep.",2022,0.703448275862069,44.0,,,75.0,131.0,,,,,7.0,75.0,128.0,573.141165798229,,,,20.9908850338136,0,False
SOM,"Somalia, Fed. Rep.",2023,0.2662337662337662,114.0,,,95.0,125.0,,,,,111.0,74.0,125.0,596.885985135589,,,,19.9041795948166,1,False
SOM,"Somalia, Fed. Rep.",2024,0.5866666666666667,63.0,,,113.0,42.0,,,,,,93.0,38.0,629.538899449007,,,,17.6994234143896,1,False
SRB,Serbia,2020,0.5357142857142857,66.0,,0.073,,,,38.0,57.0,52.0,90.0,,,8098.70955668849,1.57553290083415,83.2544458500274,2024.0,6.92365039942266,0,False
SRB,Serbia,2021,0.6038961038961039,62.0,,0.04,,,,,51.0,65.0,70.0,,,9680.52798074468,4.08510285335102,83.2544458500274,2024.0,6.94943672867267,0,False
SRB,Serbia,2022,0.6,59.0,,,67.0,75.0,,,,,34.0,67.0,60.0,10024.8191112596,11.9815117344703,83.2544458500274,2024.0,8.53793327986465,0,False
SRB,Serbia,2023,0.5714285714285714,67.0,,,65.0,53.0,,,,,89.0,67.0,53.0,12281.707946167,12.3719043552519,83.2544458500274,2024.0,7.0960644346216,1,False
SRB,Serbia,2024,0.6799999999999999,49.0,,,58.0,49.0,,,,,,59.0,44.0,13679.2065983557,4.6705297488997,83.2544458500274,2024.0,6.39659640162288,1,False
SRB,Serbia,2025,0.4883720930232558,67.0,,,66.0,77.0,70.0,,,,,53.0,,13679.2065983557,4.6705297488997,83.2544458500274,2024.0,6.39659640162288,1,True
SUR,Suriname,2020,0.0785714285714286,130.0,,0.005,,,,72.0,140.0,141.0,125.0,,,4755.39221710693,34.889784309078,,,4.25950717003706,0,False
SUR,Suriname,2021,0.0649350649350649,145.0,,0.0,,,,,142.0,142.0,107.0,,,5029.84838543953,59.1196626251977,,,4.74967050714786,0,False
SUR,Suriname,2022,0.1103448275862069,130.0,,,134.0,130.0,,,,,74.0,134.0,132.0,6084.43876736445,52.446027276241,,,3.90785134019277,0,False
SUR,Suriname,2023,0.0389610389610389,149.0,,,147.0,144.0,,,,,146.0,146.0,144.0,5521.97602122638,51.5873159600861,,,4.22998557374277,1,False
SUR,Suriname,2024,0.0866666666666666,138.0,,,151.0,127.0,,,,,,147.0,122.0,6961.78955961526,16.2296159130279,,,3.62948526055995,1,False
SVK,Slovak Republic,2020,0.75,36.0,,0.143,,,,14.0,56.0,47.0,51.0,,,19735.4858280801,1.93694126694223,92.2151184719611,2024.0,2.28680381155773,0,False
SVK,Slovak Republic,2021,0.5714285714285714,67.0,,0.04,,,,,54.0,51.0,86.0,,,22123.3342114545,3.14960629921268,92.2151184719611,2024.0,2.01545323866653,0,False
SVK,Slovak Republic,2022,0.4551724137931034,80.0,,,70.0,70.0,,,,,95.0,70.0,69.0,21317.7943982363,12.7741463637611,92.2151184719611,2024.0,2.00029336003364,0,False
SVK,Slovak Republic,2023,0.3701298701298701,98.0,,,75.0,97.0,,,,,115.0,81.0,97.0,24614.8734642794,10.5319476645211,92.2151184719611,2024.0,2.04292332913555,1,False
SVK,Slovak Republic,2024,0.4266666666666666,87.0,,,66.0,89.0,,,,,,94.0,93.0,25992.6748502048,2.75760909424272,92.2151184719611,2024.0,2.09641430973558,1,False
SVK,Slovak Republic,2025,0.4186046511627906,76.0,,,85.0,68.0,85.0,,,,,89.0,,25992.6748502048,2.75760909424272,92.2151184719611,2024.0,2.09641430973558,1,True
SVN,Slovenia,2020,0.7214285714285714,40.0,,0.133,,,,4.0,79.0,53.0,46.0,,,25392.0651093612,-0.05485681576061,98.7472573239817,2024.0,1.38253126686938,0,False
SVN,Slovenia,2021,0.448051948051948,86.0,,0.03,,,,,71.0,70.0,99.0,,,29192.8401933019,1.91706506089259,98.7472573239817,2024.0,1.34304781454004,0,False
SVN,Slovenia,2022,0.2275862068965517,113.0,,,87.0,90.0,,,,,131.0,87.0,97.0,28360.3041467268,8.83369886749452,98.7472573239817,2024.0,1.30050005654386,0,False
SVN,Slovenia,2023,0.3506493506493506,101.0,,,72.0,82.0,,,,,129.0,98.0,82.0,32660.4753581346,7.44687717385838,98.7472573239817,2024.0,1.33494617852124,1,False
SVN,Slovenia,2024,0.36,97.0,,,86.0,104.0,,,,,,97.0,104.0,34301.0318686594,1.96562656432512,98.7472573239817,2024.0,1.24322954820764,1,False
SVN,Slovenia,2025,0.3720930232558139,82.0,,,88.0,76.0,87.0,,,,,96.0,,34301.0318686594,1.96562656432512,98.7472573239817,2024.0,1.24322954820764,1,True
SWE,Sweden,2020,0.6785714285714286,46.0,,0.117,,,,40.0,67.0,70.0,28.0,,,52568.5726980146,0.497367318853572,98.5654945145745,2024.0,0.600055566280723,0,False
SWE,Sweden,2021,0.5324675324675325,73.0,,0.04,,,,,73.0,78.0,66.0,,,60647.5416365347,2.16319736447153,98.5654945145745,2024.0,0.516425772955722,0,False
SWE,Sweden,2022,0.4689655172413793,78.0,,,85.0,62.0,,,,,44.0,85.0,67.0,54836.8907235124,8.36929098869189,98.5654945145745,2024.0,0.643140850059057,0,False
SWE,Sweden,2023,0.551948051948052,70.0,,,68.0,67.0,,,,,79.0,68.0,67.0,54950.2834725622,8.54862489748902,98.5654945145745,2024.0,0.670256262604243,1,False
SWE,Sweden,2024,0.52,73.0,,,76.0,68.0,,,,,,90.0,70.0,57117.4877440616,2.83581658224034,98.5654945145745,2024.0,0.73316494168273,1,False
SWE,Sweden,2025,0.5736434108527132,56.0,,,63.0,48.0,58.0,,,,,69.0,,57117.4877440616,2.83581658224034,98.5654945145745,2024.0,0.73316494168273,1,True
SYC,Seychelles,2021,0.1818181818181817,127.0,,0.01,,,,,143.0,121.0,51.0,,,14982.9111487767,9.76909936973542,,,0.639618917399878,0,False
SYC,Seychelles,2022,0.5172413793103448,71.0,,,123.0,110.0,,,,,1.0,123.0,114.0,16836.6721895387,2.6260363285129,,,0.540942315591985,0,False
SYC,Seychelles,2023,0.0779220779220779,143.0,,,145.0,143.0,,,,,134.0,134.0,143.0,18262.7115849287,-1.03530088431952,,,0.521943685321322,1,False
SYR,Syrian Arab Republic,2020,0.1714285714285713,117.0,,0.012,,,,125.0,71.0,77.0,132.0,,,572.355289831901,,,,,0,False
SYR,Syrian Arab Republic,2021,0.3181818181818182,106.0,,0.02,,,,,93.0,108.0,87.0,,,663.614245706815,,,,,0,False
TCD,Chad,2020,0.0,,Among lowest,0.0,,,,154.0,153.0,154.0,,,,866.947814890409,4.46414437232861,20.8983599359361,2024.0,,0,False
TGO,Togo,2020,0.4857142857142857,73.0,,0.06,,,,90.0,63.0,105.0,52.0,,,863.468665870276,1.69928463299399,57.4329534151865,2024.0,8.68798915490316,0,False
TGO,Togo,2021,0.948051948051948,9.0,,0.19,,,,,42.0,47.0,2.0,,,962.075187515872,4.1862150652352,57.4329534151865,2024.0,,0,False
TGO,Togo,2022,0.3655172413793103,93.0,,,82.0,101.0,,,,,104.0,82.0,85.0,951.232378690387,7.96757361617945,57.4329534151865,2024.0,,0,False
TGO,Togo,2023,0.2402597402597402,118.0,,,126.0,129.0,,,,,51.0,120.0,129.0,1055.01727877926,5.48928568141131,57.4329534151865,2024.0,,1,False
TGO,Togo,2024,0.4399999999999999,85.0,,,116.0,77.0,,,,,,85.0,56.0,1119.38160509429,2.86262074089801,57.4329534151865,2024.0,,1,False
TGO,Togo,2025,0.0542635658914728,123.0,,,125.0,123.0,125.0,,,,,124.0,,1119.38160509429,2.86262074089801,57.4329534151865,2024.0,,1,True
THA,Thailand,2020,0.9214285714285716,12.0,,0.365,,,,21.0,15.0,17.0,33.0,,,6985.64393892574,-0.845937147357041,91.8249814693343,2024.0,1.57323400130361,0,False
THA,Thailand,2021,0.9285714285714286,12.0,,0.17,,,,,11.0,7.0,76.0,,,7057.20754802279,1.23039541318384,91.8249814693343,2024.0,1.71464731576995,0,False
THA,Thailand,2022,0.9517241379310344,8.0,,,12.0,5.0,,,,,61.0,12.0,3.0,6909.35281815827,-1.61068030486688,91.8249814693343,2024.0,1.80546752206825,0,False
THA,Thailand,2023,0.9415584415584416,10.0,,,8.0,6.0,,,,,44.0,15.0,6.0,7195.10130919449,8.47805174421543,91.8249814693343,2024.0,1.8786395323162,1,False
THA,Thailand,2024,0.9,16.0,,,16.0,19.0,,,,,,15.0,16.0,7346.62022142185,1.36580540798037,91.8249814693343,2024.0,1.79598323750296,1,False
THA,Thailand,2025,0.875968992248062,17.0,,,17.0,15.0,17.0,,,,,21.0,,7346.62022142185,1.36580540798037,91.8249814693343,2024.0,1.79598323750296,1,True
TJK,Tajikistan,2020,0.0,,Among lowest,0.0,,,,141.0,133.0,134.0,,,,834.311715460625,,54.5193771390539,2024.0,26.8848943162433,0,False
TJK,Tajikistan,2021,0.1428571428571429,133.0,,0.01,,,,,130.0,133.0,124.0,,,896.748053372182,,54.5193771390539,2024.0,32.6893794785095,0,False
TJK,Tajikistan,2022,0.1241379310344827,128.0,,,124.0,126.0,,,,,135.0,124.0,124.0,1052.17949484894,,54.5193771390539,2024.0,49.8953124537059,0,False
TJK,Tajikistan,2023,0.1298701298701299,135.0,,,122.0,139.0,,,,,116.0,128.0,139.0,1178.47990060249,,54.5193771390539,2024.0,37.8445781946342,1,False
TJK,Tajikistan,2024,0.2266666666666666,117.0,,,133.0,93.0,,,,,,127.0,113.0,1341.20229027672,,54.5193771390539,2024.0,47.8852110026872,1,False
TKM,Turkmenistan,2020,0.0,,Among lowest,0.0,,,,31.0,112.0,82.0,,,,5972.72356566861,,,,,0,False
TKM,Turkmenistan,2021,0.0974025974025973,140.0,,0.0,,,,,107.0,132.0,156.0,,,5723.30227157906,,,,,0,False
TTO,Trinidad and Tobago,2020,0.2928571428571428,100.0,,0.025,,,,58.0,128.0,132.0,74.0,,,15283.6270531554,0.598986330824643,74.5920641469519,2024.0,0.930835122563685,0,False
TTO,Trinidad and Tobago,2021,0.1948051948051947,125.0,,0.01,,,,,131.0,126.0,57.0,,,17712.5674104655,2.05922746915458,74.5920641469519,2024.0,0.965999163414196,0,False
TTO,Trinidad and Tobago,2022,0.1724137931034483,121.0,,,122.0,127.0,,,,,60.0,122.0,121.0,20750.5202434652,5.82838638517959,74.5920641469519,2024.0,0.721089455082734,0,False
TTO,Trinidad and Tobago,2023,0.1688311688311687,129.0,,,133.0,127.0,,,,,112.0,136.0,127.0,18308.4536298575,4.62930242419968,74.5920641469519,2024.0,0.808146849836887,1,False
TTO,Trinidad and Tobago,2024,0.0933333333333333,137.0,,,128.0,140.0,,,,,,123.0,142.0,18733.4110406494,0.526884625776839,74.5920641469519,2024.0,0.776983327920758,1,False
TTO,Trinidad and Tobago,2025,0.1395348837209302,112.0,,,113.0,104.0,116.0,,,,,110.0,,18733.4110406494,0.526884625776839,74.5920641469519,2024.0,0.776983327920758,1,True
TUN,Tunisia,2020,0.1999999999999999,113.0,,0.014,,,,80.0,54.0,59.0,139.0,,,3548.65363663803,5.63415115897625,37.8444860328559,2024.0,5.36706286105133,0,False
TUN,Tunisia,2021,0.5974025974025974,63.0,,0.04,,,,,68.0,90.0,44.0,,,3906.93926319391,5.706350208307,37.8444860328559,2024.0,6.30339440555567,0,False
TUN,Tunisia,2022,0.6620689655172414,50.0,,,63.0,64.0,,,,,22.0,63.0,68.0,3707.29283414381,8.30646124447623,37.8444860328559,2024.0,6.24650668661797,0,False
TUN,Tunisia,2023,0.6493506493506493,55.0,,,43.0,92.0,,,,,23.0,44.0,92.0,3951.11683376921,9.32899597507865,37.8444860328559,2024.0,5.95811983250858,1,False
TUN,Tunisia,2024,0.4733333333333334,80.0,,,60.0,105.0,,,,,,49.0,101.0,4181.13789301228,7.20661657168794,37.8444860328559,2024.0,6.34487013750789,1,False
TUN,Tunisia,2025,0.6046511627906976,52.0,,,53.0,67.0,61.0,,,,,43.0,,4181.13789301228,7.20661657168794,37.8444860328559,2024.0,6.34487013750789,1,True
TUR,Turkiye,2020,0.8,29.0,,0.174,,,,50.0,17.0,10.0,93.0,,,8798.11791709313,12.2789574462574,81.5545478352063,2024.0,0.11122799635979,0,False
TUR,Turkiye,2021,0.8376623376623377,26.0,,0.1,,,,,8.0,9.0,147.0,,,9981.76398411336,19.5964926913324,81.5545478352063,2024.0,0.0864348823920577,0,False
TUR,Turkiye,2022,0.9241379310344828,12.0,,,9.0,19.0,,,,,121.0,9.0,15.0,10897.8397861365,72.3088359891207,81.5545478352063,2024.0,0.0751540758235723,0,False
TUR,Turkiye,2023,0.9285714285714286,12.0,,,11.0,12.0,,,,,35.0,9.0,12.0,13375.0947282864,53.8594087593315,81.5545478352063,2024.0,0.0901648572680327,1,False
TUR,Turkiye,2024,0.9333333333333332,11.0,,,14.0,15.0,,,,,,11.0,11.0,15892.7157287241,58.5064507300343,81.5545478352063,2024.0,0.0722524337048219,1,False
TUR,Turkiye,2025,0.8992248062015504,14.0,,,13.0,22.0,12.0,,,,,11.0,,15892.7157287241,58.5064507300343,81.5545478352063,2024.0,0.0722524337048219,1,True
TZA,Tanzania,2020,0.5785714285714285,60.0,,0.081,,,,134.0,42.0,86.0,13.0,,,1117.41528320313,3.29029062798325,59.8275253090773,2024.0,0.493668773904517,0,False
TZA,Tanzania,2021,0.8831168831168831,19.0,,0.13,,,,,45.0,60.0,4.0,,,1159.85656738281,3.69091958802199,59.8275253090773,2024.0,0.790350505202583,0,False
TZA,Tanzania,2022,0.6827586206896552,47.0,,,81.0,61.0,,,,,9.0,81.0,42.0,1207.52062988281,4.35027204269101,59.8275253090773,2024.0,0.929057337699634,0,False
TZA,Tanzania,2023,0.8506493506493507,24.0,,,57.0,27.0,,,,,6.0,62.0,27.0,1224.00219726563,3.79923291384916,59.8275253090773,2024.0,1.56634796086625,1,False
TZA,Tanzania,2024,0.5933333333333333,62.0,,,81.0,69.0,,,,,,66.0,62.0,1186.71691894531,3.05694676312373,59.8275253090773,2024.0,1.42465392903549,1,False
TZA,Tanzania,2025,0.4418604651162791,73.0,,,51.0,95.0,49.0,,,,,50.0,,1186.71691894531,3.05694676312373,59.8275253090773,2024.0,1.42465392903549,1,True
UGA,Uganda,2020,0.5642857142857143,62.0,,0.079,,,,139.0,48.0,57.0,14.0,,,845.766463890124,3.31332289544502,72.8273757556063,2024.0,2.82418111836855,0,False
UGA,Uganda,2021,0.5844155844155844,65.0,,0.04,,,,,81.0,99.0,34.0,,,882.791717542504,2.20457204757414,72.8273757556063,2024.0,2.85028028798949,0,False
UGA,Uganda,2022,0.3172413793103448,100.0,,,89.0,105.0,,,,,91.0,89.0,105.0,963.067314117178,7.1957888597581,72.8273757556063,2024.0,2.74413888269122,0,False
UGA,Uganda,2023,0.7142857142857143,45.0,,,105.0,34.0,,,,,18.0,86.0,34.0,1002.30913917142,5.35094804280395,72.8273757556063,2024.0,3.10402269113861,1,False
UGA,Uganda,2024,0.78,34.0,,,64.0,12.0,,,,,,57.0,31.0,1077.91278452817,3.3233806708656,72.8273757556063,2024.0,2.6514080949333,1,False
UGA,Uganda,2025,0.7209302325581395,37.0,,,44.0,17.0,42.0,,,,,47.0,,1077.91278452817,3.3233806708656,72.8273757556063,2024.0,2.6514080949333,1,True
UKR,Ukraine,2020,1.0,1.0,,1.0,,,,7.0,4.0,4.0,11.0,,,3709.76928710938,2.73249209419427,87.581225854266,2024.0,9.71346014003703,0,False
UKR,Ukraine,2021,0.9805194805194806,4.0,,0.29,,,,,5.0,6.0,40.0,,,4775.94580078125,9.36313917695223,87.581225854266,2024.0,9.04058383088579,0,False
UKR,Ukraine,2022,0.986206896551724,3.0,,,6.0,10.0,,,,,39.0,6.0,14.0,4199.6708984375,20.1836366617478,87.581225854266,2024.0,10.360546734925,0,False
UKR,Ukraine,2023,0.974025974025974,5.0,,,5.0,10.0,,,,,11.0,3.0,10.0,5139.59814453125,12.8490222828559,87.581225854266,2024.0,8.25895300735777,1,False
UKR,Ukraine,2024,0.9666666666666668,6.0,,,7.0,5.0,,,,,,5.0,6.0,5389.47314453125,6.50198464669254,87.581225854266,2024.0,6.29124492943216,1,False
UKR,Ukraine,2025,0.9457364341085271,8.0,,,6.0,8.0,6.0,,,,,4.0,,5389.47314453125,6.50198464669254,87.581225854266,2024.0,6.29124492943216,1,True
URY,Uruguay,2020,0.4071428571428571,84.0,,0.048,,,,70.0,113.0,104.0,64.0,,,15757.5355995779,9.75640636078194,73.7451275567861,2024.0,0.207465871227739,0,False
URY,Uruguay,2021,0.3246753246753247,105.0,,0.02,,,,,116.0,117.0,42.0,,,17881.818721099,7.74791402314762,73.7451275567861,2024.0,0.207005780162034,0,False
URY,Uruguay,2022,0.4344827586206896,83.0,,,96.0,114.0,,,,,32.0,96.0,118.0,20818.6146091144,9.10437983075437,73.7451275567861,2024.0,0.177304603447649,0,False
URY,Uruguay,2023,0.2207792207792207,121.0,,,110.0,123.0,,,,,117.0,107.0,123.0,23019.4221560046,5.86910359896119,73.7451275567861,2024.0,0.172593352704533,1,False
URY,Uruguay,2024,0.1999999999999999,121.0,,,112.0,129.0,,,,,,113.0,131.0,23906.5133029408,4.84914366613156,73.7451275567861,2024.0,0.16813172308694,1,False
URY,Uruguay,2025,0.1860465116279069,106.0,,,104.0,112.0,104.0,,,,,102.0,,23906.5133029408,4.84914366613156,73.7451275567861,2024.0,0.16813172308694,1,True
USA,United States,2020,0.9642857142857144,6.0,,0.627,,,,39.0,6.0,5.0,16.0,,,63515.9491807833,1.23358439630629,97.0230983290589,2024.0,0.0324161750844288,0,False
USA,United States,2021,0.9545454545454546,8.0,,0.22,,,,,4.0,3.0,109.0,,,70205.050916026,4.69785886363742,97.0230983290589,2024.0,0.0304223696836328,0,False
USA,United States,2022,0.9724137931034482,5.0,,,3.0,3.0,,,,,111.0,3.0,2.0,76657.2488844403,8.00279982052121,97.0230983290589,2024.0,0.0299279250881351,0,False
USA,United States,2023,0.9805194805194806,4.0,,,2.0,2.0,,,,,12.0,8.0,2.0,81032.262117545,4.11633838374488,97.0230983290589,2024.0,0.0307780574276945,1,False
USA,United States,2024,0.98,4.0,,,2.0,4.0,,,,,,12.0,4.0,84534.0407841548,2.94952520485207,97.0230983290589,2024.0,0.0303016009637605,1,False
USA,United States,2025,0.992248062015504,2.0,,,2.0,2.0,2.0,,,,,10.0,,84534.0407841548,2.94952520485207,97.0230983290589,2024.0,0.0303016009637605,1,True
UZB,Uzbekistan,2020,0.1857142857142857,115.0,,0.013,,,,136.0,83.0,85.0,127.0,,,1978.28051860763,12.8677297362606,59.6583830145186,2024.0,10.6613149757896,0,False
UZB,Uzbekistan,2021,0.3896103896103896,95.0,,0.03,,,,,58.0,52.0,146.0,,,2258.51964119278,10.8492397508122,59.6583830145186,2024.0,11.9948771448385,0,False
UZB,Uzbekistan,2022,0.4068965517241379,87.0,,,46.0,99.0,,,,,140.0,46.0,77.0,2578.66689394219,11.4466436998836,59.6583830145186,2024.0,17.2173418207715,0,False
UZB,Uzbekistan,2023,0.8441558441558441,25.0,,,44.0,15.0,,,,,54.0,39.0,15.0,2878.96879292451,9.95659071258018,59.6583830145186,2024.0,13.8041936750861,1,False
UZB,Uzbekistan,2024,0.7866666666666666,33.0,,,46.0,30.0,,,,,,40.0,26.0,3161.70010632875,9.62825465956682,59.6583830145186,2024.0,14.4210991468962,1,False
UZB,Uzbekistan,2025,0.6124031007751938,51.0,,,68.0,41.0,67.0,,,,,55.0,,3161.70010632875,9.62825465956682,59.6583830145186,2024.0,14.4210991468962,1,True
VEN,"Venezuela, RB",2020,0.9857142857142858,3.0,,0.799,,,,15.0,14.0,19.0,2.0,,,1506.0436210041,,87.3184627954851,2024.0,,0,False
VEN,"Venezuela, RB",2021,0.961038961038961,7.0,,0.25,,,,,22.0,29.0,6.0,,,2004.93397949792,,87.3184627954851,2024.0,,0,False
VEN,"Venezuela, RB",2023,0.7467532467532467,40.0,,,19.0,90.0,,,,,32.0,17.0,90.0,3617.43594578269,,87.3184627954851,2024.0,,1,False
VEN,"Venezuela, RB",2024,0.92,13.0,,,17.0,11.0,,,,,,16.0,12.0,4217.59102643391,,87.3184627954851,2024.0,,1,False
VEN,"Venezuela, RB",2025,0.8682170542635659,18.0,,,14.0,37.0,15.0,,,,,13.0,,4217.59102643391,,87.3184627954851,2024.0,,1,True
VNM,Viet Nam,2020,0.9357142857142856,10.0,,0.443,,,,44.0,2.0,2.0,81.0,,,3534.03953482647,3.22093436652514,70.5507533567583,2024.0,3.0911959715008,0,False
VNM,Viet Nam,2021,1.0,1.0,,1.0,,,,,2.0,4.0,3.0,,,3704.1935590038,1.83471554810444,70.5507533567583,2024.0,3.47147757606586,0,False
VNM,Viet Nam,2022,1.0,1.0,,,5.0,7.0,,,,,2.0,5.0,6.0,4147.69777213621,3.15650749963129,70.5507533567583,2024.0,3.19268406571154,0,False
VNM,Viet Nam,2023,0.987012987012987,3.0,,,4.0,3.0,,,,,2.0,4.0,3.0,4323.35031982451,3.25289282667662,70.5507533567583,2024.0,3.2268646150333,1,False
VNM,Viet Nam,2024,0.9733333333333334,5.0,,,3.0,6.0,,,,,,3.0,5.0,4717.29028732449,3.62109273885843,70.5507533567583,2024.0,3.35860522617933,1,False
VNM,Viet Nam,2025,0.9767441860465116,4.0,,,4.0,6.0,4.0,,,,,3.0,,4717.29028732449,3.62109273885843,70.5507533567583,2024.0,3.35860522617933,1,True
ZAF,South Africa,2020,0.9571428571428572,7.0,,0.526,,,,41.0,9.0,12.0,10.0,,,5580.60383075189,3.23238831615113,81.1259662052011,2024.0,0.239923790431449,0,False
ZAF,South Africa,2021,0.9025974025974026,16.0,,0.14,,,,,16.0,18.0,62.0,,,6828.75624590017,4.61874544887136,81.1259662052011,2024.0,0.220638358471984,0,False
ZAF,South Africa,2022,0.8,30.0,,,29.0,41.0,,,,,81.0,29.0,31.0,6534.24867783397,7.03987272546482,81.1259662052011,2024.0,0.214147215380552,0,False
ZAF,South Africa,2023,0.8051948051948052,31.0,,,21.0,45.0,,,,,25.0,22.0,45.0,6034.27208964673,6.0752438457966,81.1259662052011,2024.0,0.210618728835036,1,False
ZAF,South Africa,2024,0.8066666666666666,30.0,,,19.0,40.0,,,,,,28.0,35.0,6267.186814093,4.36115246518962,81.1259662052011,2024.0,0.213233288359423,1,False
ZAF,South Africa,2025,0.7906976744186046,28.0,,,25.0,39.0,26.0,,,,,23.0,,6267.186814093,4.36115246518962,81.1259662052011,2024.0,0.213233288359423,1,True
ZMB,Zambia,2020,0.4357142857142857,80.0,,0.051,,,,113.0,89.0,115.0,24.0,,,951.644316655957,15.7330604721369,72.7024245599811,2024.0,0.743558162947741,0,False
ZMB,Zambia,2021,0.7272727272727273,43.0,,0.06,,,,,77.0,66.0,17.0,,,1127.16077872857,22.0207676245777,72.7024245599811,2024.0,1.08483362686231,0,False
ZMB,Zambia,2022,0.1793103448275862,120.0,,,119.0,118.0,,,,,75.0,119.0,111.0,1447.12310138035,10.9932039209136,72.7024245599811,2024.0,0.834891790615501,0,False
ZMB,Zambia,2023,0.2272727272727273,120.0,,,114.0,132.0,,,,,41.0,117.0,132.0,1330.72780576709,10.884531691282,72.7024245599811,2024.0,0.890885868311165,1,False
ZMB,Zambia,2024,0.62,58.0,,,35.0,80.0,,,,,,54.0,78.0,1187.10943350064,14.9856262747939,72.7024245599811,2024.0,1.32123122514255,1,False
ZMB,Zambia,2025,0.2790697674418605,94.0,,,55.0,118.0,57.0,,,,,54.0,,1187.10943350064,14.9856262747939,72.7024245599811,2024.0,1.32123122514255,1,True
ZWE,Zimbabwe,2020,0.0,,Among lowest,0.0,,,,133.0,91.0,116.0,,,,2059.67445384499,557.201817362051,49.5216018025126,2024.0,5.72864357431639,0,False
ZWE,Zimbabwe,2021,0.6103896103896104,61.0,,0.04,,,,,87.0,113.0,9.0,,,2613.60542083552,98.5461050920624,49.5216018025126,2024.0,6.23340250411359,0,False
ZWE,Zimbabwe,2022,0.5103448275862069,72.0,,,69.0,117.0,,,,,47.0,69.0,119.0,2536.40050223076,104.705170628667,49.5216018025126,2024.0,7.56925412522426,0,False
ZWE,Zimbabwe,2023,0.3376623376623376,103.0,,,83.0,120.0,,,,,52.0,102.0,120.0,2195.22492079245,,49.5216018025126,2024.0,9.20296621227039,1,False
ZWE,Zimbabwe,2024,0.3066666666666666,105.0,,,61.0,118.0,,,,,,80.0,116.0,2497.20332208763,,49.5216018025126,2024.0,8.44955415885716,1,False
ZWE,Zimbabwe,2025,0.2325581395348837,100.0,,,83.0,114.0,80.0,,,,,86.0,,2497.20332208763,,49.5216018025126,2024.0,8.44955415885716,1,True
